time_s,displacement_m,velocity_m_s,acceleration_m_s2,control_force_n,disturbance_force_n,requested_force_n,estimated_displacement_m,estimated_velocity_m_s,actuator_saturated
0.0,0.0,0.0,0.0,0.0,0.0,-2.4700595101842605e-05,7.057312886240745e-07,6.782861829553604e-06,False
0.001,0.0,0.0,0.0,0.0,0.0,0.0004692431717400779,3.057768215455963e-07,2.704700335697218e-06,False
0.002,0.0,0.0,0.0,0.0,0.0,0.005310057608891195,-4.00253070691213e-06,-3.880177403194644e-05,False
0.003,0.0,0.0,0.0,0.0,0.0,-0.002516138871301989,-1.8517392526255606e-06,-1.679857815633755e-05,False
0.004,0.0,0.0,0.0,0.0,0.0,0.001285047813723316,-2.8397853577927034e-06,-2.5691506855755035e-05,False
0.005,0.0,0.0,0.0,0.0,0.0,0.0019206840440530238,-4.314515363080379e-06,-3.8940887902674836e-05,False
0.006,0.0,0.0,0.0,0.0,0.0,-0.00495292532001112,-1.8177580217435982e-07,2.182773699422489e-06,False
0.007,0.0,0.0,0.0,0.0,0.0,0.0015442930446978459,-1.4270639735279981e-06,-9.769182766425164e-06,False
0.008,0.0,0.0,0.0,0.0,0.0,0.00393800744563053,-4.5752908614284435e-06,-3.959750531979759e-05,False
0.009000000000000001,0.0,0.0,0.0,0.0,0.0,-0.0014340638425352683,-3.284441450347258e-06,-2.572159547703149e-05,False
0.01,0.0,0.0,0.0,0.0,0.0,0.000360762217418876,-3.4834752695024986e-06,-2.660973679617282e-05,False
0.011,0.0,0.0,0.0,0.0,0.0,-0.005378170599534535,9.70040709418249e-07,1.7272945790161016e-05,False
0.012,0.0,0.0,0.0,0.0,0.0,-0.004605027665415667,4.671317017585074e-06,5.243614286136572e-05,False
0.013000000000000001,0.0,0.0,0.0,0.0,0.0,-0.004731076161405874,8.369762414986205e-06,8.63486423756381e-05,False
0.014,0.0,0.0,0.0,0.0,0.0,0.004845664933175408,4.208947339925536e-06,4.351596047334269e-05,False
0.015,0.0,0.0,0.0,0.0,0.0,-0.00032757711279900637,4.354910057254777e-06,4.348830054426445e-05,False
0.016,0.0,0.0,0.0,0.0,0.0,0.00100080521490441,3.421122958543581e-06,3.305051088216602e-05,False
0.017,0.0,0.0,0.0,0.0,0.0,-0.002328363903266856,5.209482958315104e-06,4.9101656982273735e-05,False
0.018000000000000002,0.0,0.0,0.0,0.0,0.0,-0.0020610898927122838,6.730744488008428e-06,6.200496294112453e-05,False
0.019,0.0,0.0,0.0,0.0,0.0,-0.0009179361022626416,7.283262743216806e-06,6.511191574036844e-05,False
0.02,0.0,0.0,0.0,0.0,0.0,0.0021856000512891637,5.307137846616197e-06,4.375695994203472e-05,False
0.021,0.0,0.0,0.0,0.0,0.0,0.0012564267620291183,4.1393835254334555e-06,3.0853248951378234e-05,False
0.022,0.0,0.0,0.0,0.0,0.0,-0.0025193821112128156,6.062058576301994e-06,4.80581173253769e-05,False
0.023,0.0,0.0,0.0,0.0,0.0,0.005468453243569231,1.4623619821806977e-06,1.9519800208167524e-06,False
0.024,0.0,0.0,0.0,0.0,0.0,0.0009443623863245462,6.562526253378874e-07,-6.1463466883944335e-06,False
0.025,0.0,0.0,0.0,0.0,0.0,0.009082292026705845,-6.716428239919336e-06,-7.708536577086328e-05,False
0.026000000000000002,0.0,0.0,0.0,0.0,0.0,-0.006979649271791395,-8.745462478638122e-07,-1.857068842911596e-05,False
0.027,0.0,0.0,0.0,0.0,0.0,-0.0037475260822603658,2.1846725383188593e-06,1.1234917126399254e-05,False
0.028,0.0,0.0,0.0,0.0,0.0,-0.0019065058582123744,3.6664881815344174e-06,2.4860428185889268e-05,False
0.029,0.0,0.0,0.0,0.0,0.0,-0.0014271689624077457,4.718182008298823e-06,3.386718758910315e-05,False
0.03,0.0,0.0,0.0,0.0,0.0,-0.004485912661007306,8.216786292280076e-06,6.60547690600657e-05,False
0.031,0.0,0.0,0.0,0.0,0.0,0.0019987218089373582,6.365523677569824e-06,4.56793595800312e-05,False
0.032,0.0,0.0,0.0,0.0,0.0,0.0026163862460929243,4.066592847765882e-06,2.164428867079531e-05,False
0.033,0.0,0.0,0.0,0.0,0.0,-0.0018492646053435758,5.448725524423186e-06,3.377264390935657e-05,False
0.034,0.0,0.0,0.0,0.0,0.0,-0.0033561587954644067,8.01184568807468e-06,5.6805861751352306e-05,False
0.035,0.0,0.0,0.0,0.0,0.0,0.001120569736722621,6.8774454161676075e-06,4.346917317208028e-05,False
0.036000000000000004,0.0,0.0,0.0,0.0,0.0,0.0002128460254053073,6.510193096352892e-06,3.790905428886691e-05,False
0.037,0.0,0.0,0.0,0.0,0.0,0.006379620174540774,1.160009345006231e-06,-1.5398161371187243e-05,False
0.038,0.0,0.0,0.0,0.0,0.0,-0.004557602991317338,4.817501380829811e-06,1.966448955239284e-05,False
0.039,0.0,0.0,0.0,0.0,0.0,-0.0031417615092253354,7.224909446332881e-06,4.149992382068128e-05,False
0.04,0.0,0.0,0.0,0.0,0.0,0.003976469242055006,3.800341776149353e-06,6.499308544929345e-06,False
0.041,0.0,0.0,0.0,0.0,0.0,-0.0002970810834041685,3.933191267031087e-06,6.848848323826525e-06,False
0.042,0.0,0.0,0.0,0.0,0.0,-0.0013949906381010599,4.951271383431874e-06,1.5672663092776246e-05,False
0.043000000000000003,0.0,0.0,0.0,0.0,0.0,0.002380281917032065,2.8835981725394197e-06,-5.488150640882027e-06,False
0.044,0.0,0.0,0.0,0.0,0.0,-0.002300790110752582,4.664864710769138e-06,1.1043969839292028e-05,False
0.045,0.0,0.0,0.0,0.0,0.0,0.005903094211001541,-2.471713020879155e-07,-3.7338459397971515e-05,False
0.046,0.0,0.0,0.0,0.0,0.0,-0.006567287816473325,5.07747550928569e-06,1.4307798047622049e-05,False
0.047,0.0,0.0,0.0,0.0,0.0,-3.8669292319286526e-05,4.964890610090781e-06,1.1924324548574782e-05,False
0.048,0.0,0.0,0.0,0.0,0.0,0.0010625069759008462,3.9638556730429885e-06,1.0536736602497455e-06,False
0.049,0.0,0.0,0.0,0.0,0.0,-0.0011662061880329021,4.795816190837642e-06,8.146163625283136e-06,False
0.05,0.0,0.0,0.0,0.0,0.0,0.006352521090722121,-4.838394021999598e-07,-4.376676447990877e-05,False
0.051000000000000004,0.0,0.0,0.0,0.0,0.0,0.0022512453210965094,-2.2929980597056366e-06,-6.055962810621935e-05,False
0.052000000000000005,0.0,0.0,0.0,0.0,0.0,-0.001102680682865152,-1.3351554565033296e-06,-5.016488709971653e-05,False
0.053,0.0,0.0,0.0,0.0,0.0,-0.003946149025297689,1.8979453259058251e-06,-1.8233398634407337e-05,False
0.054,0.0,0.0,0.0,0.0,0.0,0.0031903680885222913,-7.391365971136044e-07,-4.3803130385818354e-05,False
0.055,0.0,0.0,0.0,0.0,0.0,-0.0015064679765143783,5.016227206300026e-07,-3.1225047537756256e-05,False
0.056,0.0,0.0,0.0,0.0,0.0,-0.0023577276737299386,2.396497925899548e-06,-1.2779111537721199e-05,False
0.057,0.0,0.0,0.0,0.0,0.0,0.000997349512963008,1.5210105247906472e-06,-2.159074013128724e-05,False
0.058,0.0,0.0,0.0,0.0,0.0,-0.005638934949586167,6.043844193793476e-06,2.1776386543065246e-05,False
0.059000000000000004,0.0,0.0,0.0,0.0,0.0,0.004618291793288045,2.133053635031681e-06,-1.7412480843560703e-05,False
0.06,0.0,0.0,0.0,0.0,0.0,0.0009932590828316194,1.268344355632711e-06,-2.600976286518226e-05,False
0.061,0.0,0.0,0.0,0.0,0.0,0.004058461783792908,-2.0538044996223927e-06,-5.7935684755538316e-05,False
0.062,0.0,0.0,0.0,0.0,0.0,0.0008873552412923838,-2.714105782056077e-06,-6.317607790478548e-05,False
0.063,0.0,0.0,0.0,0.0,0.0,0.005058452055844826,-6.733100400252728e-06,-0.00010049045151310418,False
0.064,0.0,0.0,0.0,0.0,0.0,0.000545133067283537,-6.9836870830662435e-06,-0.00010026735980216494,False
0.065,0.0,0.0,0.0,0.0,0.0,-0.0016693285474107112,-5.4340857913107535e-06,-8.268855823991212e-05,False
0.066,0.0,0.0,0.0,0.0,0.0,-0.010011758595285572,2.8266037617106612e-06,-1.1527220301623623e-06,False
0.067,0.0,0.0,0.0,0.0,0.0,-0.002308267264404164,4.615539901584581e-06,1.5417764157020557e-05,False
0.068,0.0,0.0,0.0,0.0,0.0,0.002588576795744332,2.3887215272527656e-06,-7.194239631436428e-06,False
0.069,0.0,0.0,0.0,0.0,0.0,0.0007696773078544379,1.6978044735618468e-06,-1.4292246550748392e-05,False
0.07,0.0,0.0,0.0,0.0,0.0,0.004941927914472004,-2.3518725070427436e-06,-5.343734524254672e-05,False
0.07100000000000001,0.0,0.0,0.0,0.0,0.0,0.002855064635954878,-4.59701347725196e-06,-7.389272497277795e-05,False
0.07200000000000001,0.0,0.0,0.0,0.0,0.0,-0.0009515478856032936,-3.6962496251814236e-06,-6.338002519579858e-05,False
0.073,0.0,0.0,0.0,0.0,0.0,-0.0015924355789370083,-2.30207609010583e-06,-4.844458977417512e-05,False
0.074,0.0,0.0,0.0,0.0,0.0,0.00020493053223572818,-2.402770720941477e-06,-4.835613671944197e-05,False
0.075,0.0,0.0,0.0,0.0,0.0,0.0015239820908283656,-3.5686695999661035e-06,-5.8483806569861914e-05,False
0.076,0.0,0.0,0.0,0.0,0.0,-0.0040190679778106895,-2.1322715963452157e-07,-2.4781505715906426e-05,False
0.077,0.0,0.0,0.0,0.0,0.0,-0.007904442741202928,6.1931742102360356e-06,3.711445584672176e-05,False
0.078,0.0,0.0,0.0,0.0,0.0,0.0008566624202483318,5.324005370068754e-06,2.6954930509513978e-05,False
0.079,0.0,0.0,0.0,0.0,0.0,-0.001368017301297489,6.280828943627525e-06,3.465366775256876e-05,False
0.08,0.0,0.0,0.0,0.0,0.0,0.00042199593943418294,5.76113262584522e-06,2.7860581433205213e-05,False
0.081,0.0,0.0,0.0,0.0,0.0,0.006143644171745566,6.232509953592697e-07,-2.312598664987166e-05,False
0.082,0.0,0.0,0.0,0.0,0.0,0.0011645641255779303,-3.3737889161684764e-07,-3.224198329698827e-05,False
0.083,0.0,0.0,0.0,0.0,0.0,0.0033448936886851183,-3.036233488765454e-06,-5.7746820193447325e-05,False
0.084,0.0,0.0,0.0,0.0,0.0,0.005480718944608092,-7.3880154907908004e-06,-9.824749667579151e-05,False
0.085,0.0,0.0,0.0,0.0,0.0,-0.004112220906598359,-3.848905005951904e-06,-6.14787702341254e-05,False
0.08600000000000001,0.0,0.0,0.0,0.0,0.0,0.00038389747195650254,-4.050674881861366e-06,-6.186890185698133e-05,False
0.08700000000000001,0.0,0.0,0.0,0.0,0.0,-0.0035918704030760626,-1.027481340208564e-06,-3.121381872648858e-05,False
0.088,0.0,0.0,0.0,0.0,0.0,-0.0024146968448179383,9.568576814313052e-07,-1.156411239777526e-05,False
0.089,0.0,0.0,0.0,0.0,0.0,0.00028077027833120396,7.023959023371354e-07,-1.409657567074932e-05,False
0.09,0.0,0.0,0.0,0.0,0.0,0.002920242648112086,-1.6820790002490067e-06,-3.701543936062255e-05,False
0.091,0.0,0.0,0.0,0.0,0.0,-0.003975310627951137,1.584466257208364e-06,-4.830559507108206e-06,False
0.092,0.0,0.0,0.0,0.0,0.0,0.003603109744382198,-1.3779354135483088e-06,-3.360536314495135e-05,False
0.093,0.0,0.0,0.0,0.0,0.0,0.005292186465813137,-5.624055839733691e-06,-7.373186996029636e-05,False
0.094,0.0,0.0,0.0,0.0,0.0,0.007167952463223177,-1.1268679733525188e-05,-0.00012589832182046014,False
0.095,0.0,0.0,0.0,0.0,0.0,0.0028329104017559086,-1.3243179013753955e-05,-0.00014094113060905502,False
0.096,0.0,0.0,0.0,0.0,0.0,0.002116487397981362,-1.458162122630454e-05,-0.00014925931958926264,False
0.097,0.0,0.0,0.0,0.0,0.0,0.0009744805505783717,-1.4957429977444389e-05,-0.00014793195759275196,False
0.098,0.0,0.0,0.0,0.0,0.0,0.0013998137958470276,-1.566698766702858e-05,-0.00014974248522446666,False
0.099,0.0,0.0,0.0,0.0,0.0,-0.0021521432429120213,-1.3480357860341922e-05,-0.0001235376655770694,False
0.1,0.0,0.0,0.0,0.0,0.0,0.0007632483782002901,-1.3716338308186717e-05,-0.00012139997863414446,False
0.101,0.0,0.0,0.0,0.0,0.0,0.0009723038899913934,-1.411490676908134e-05,-0.00012079559962635471,False
0.10200000000000001,0.0,0.0,0.0,0.0,0.0,-0.0032325076978609703,-1.1097474028369746e-05,-8.727669093284605e-05,False
0.10300000000000001,0.0,0.0,0.0,0.0,0.0,-7.471840753879805e-05,-1.0722469980975625e-05,-8.020581269947663e-05,False
0.10400000000000001,0.0,0.0,0.0,0.0,0.0,-0.0016128796371766973,-9.11261889878061e-06,-6.142962363377748e-05,False
0.105,0.0,0.0,0.0,0.0,0.0,0.0019516584878526504,-1.0434656814890188e-05,-7.140298631267414e-05,False
0.106,0.0,0.0,0.0,0.0,0.0,-0.001172060333067202,-9.189901088907711e-06,-5.629833642612923e-05,False
0.107,0.0,0.0,0.0,0.0,0.0,0.007234088465285585,-1.4787020058279222e-05,-0.00010739960392646085,False
0.108,0.0,0.0,0.0,0.0,0.0,-0.003274086292289738,-1.1716872694449658e-05,-7.337166803958098e-05,False
0.109,0.0,0.0,0.0,0.0,0.0,-0.0020993292946942218,-9.684953796473982e-06,-5.03911326301238e-05,False
0.11,0.0,0.0,0.0,0.0,0.0,0.004783015987013587,-1.3283368860552523e-05,-8.223688355700399e-05,False
0.111,0.0,0.0,0.0,0.0,0.0,5.812354948602183e-05,-1.2953980714290728e-05,-7.516859634034125e-05,False
0.112,0.0,0.0,0.0,0.0,0.0,0.0007231188104404729,-1.317238515594279e-05,-7.35178534095002e-05,False
0.113,0.0,0.0,0.0,0.0,0.0,0.002035856544858735,-1.4447545531975776e-05,-8.199290977006898e-05,False
0.114,0.0,0.0,0.0,0.0,0.0,-0.006159127061806677,-9.050953503290894e-06,-2.596393408556896e-05,False
0.115,0.0,0.0,0.0,0.0,0.0,-0.0029405199686395964,-6.413460919278928e-06,1.7102528888483701e-06,False
0.116,0.0,0.0,0.0,0.0,0.0,0.004620040469944265,-9.972626374962735e-06,-3.1073255871595456e-05,False
0.117,0.0,0.0,0.0,0.0,0.0,-0.0020865990189365947,-8.000447474509059e-06,-9.529325995406339e-06,False
0.11800000000000001,0.0,0.0,0.0,0.0,0.0,0.0012675315147056734,-8.800055452725947e-06,-1.530846503766626e-05,False
0.11900000000000001,0.0,0.0,0.0,0.0,0.0,0.0005834296425650864,-9.0230738346852e-06,-1.5301812953659463e-05,False
0.12,0.0,0.0,0.0,0.0,0.0,0.006307730709363882,-1.3874833450191193e-05,-5.973240194595555e-05,False
0.121,0.0,0.0,0.0,0.0,0.0,0.0006697556480829542,-1.4023931812398693e-05,-5.737987199036843e-05,False
0.122,0.0,0.0,0.0,0.0,0.0,-0.0015435556366216615,-1.2376649828547991e-05,-3.775472302123177e-05,False
0.123,0.0,0.0,0.0,0.0,0.0,-0.001506435559905067,-1.0806108691783419e-05,-1.9455834517335283e-05,False
0.124,0.0,0.0,0.0,0.0,0.0,0.0011752868865398279,-1.1451511997311685e-05,-2.301132700351307e-05,False
0.125,0.0,0.0,0.0,0.0,0.0,-0.004576977899165973,-7.420920240978177e-06,1.855940982068203e-05,False
0.126,0.0,0.0,0.0,0.0,0.0,0.004561706420048458,-1.0904300169410745e-05,-1.3456250324151806e-05,False
0.127,0.0,0.0,0.0,0.0,0.0,-0.00059966188217239,-1.0109715239773687e-05,-3.2164248475876412e-06,False
0.128,0.0,0.0,0.0,0.0,0.0,-0.00014174129067585998,-9.708434815427178e-06,2.9507498803316474e-06,False
0.129,0.0,0.0,0.0,0.0,0.0,-0.004103145322992849,-6.110912109732602e-06,3.9678552053196954e-05,False
0.13,0.0,0.0,0.0,0.0,0.0,0.0037024778596750165,-8.935686146845457e-06,1.3463417342822166e-05,False
0.131,0.0,0.0,0.0,0.0,0.0,-0.004307830748172744,-5.194326014608748e-06,5.12829811374394e-05,False
0.132,0.0,0.0,0.0,0.0,0.0,-0.003112755413452038,-2.526668667270008e-06,7.752104476084383e-05,False
0.133,0.0,0.0,0.0,0.0,0.0,-0.0010614287229145135,-1.5956062168497944e-06,8.617674493156448e-05,False
0.134,0.0,0.0,0.0,0.0,0.0,-0.0030218058960707556,8.96419786114172e-07,0.00010952937574849197,False
0.135,0.0,0.0,0.0,0.0,0.0,-9.151657693197635e-05,9.451176682339941e-07,0.00010857872898867355,False
0.136,0.0,0.0,0.0,0.0,0.0,-0.000970469601404198,1.7041383022550534e-06,0.00011445467884042693,False
0.137,0.0,0.0,0.0,0.0,0.0,-0.000949454778405414,2.424632179037634e-06,0.0001197242757732696,False
0.138,0.0,0.0,0.0,0.0,0.0,-0.001149611371838731,3.286777317152949e-06,0.00012613463651850256,False
0.139,0.0,0.0,0.0,0.0,0.0,-0.0009049301794304286,3.926366769242079e-06,0.00013014078095034974,False
0.14,0.0,0.0,0.0,0.0,0.0,-0.0024294513179620707,5.7822602761559235e-06,0.00014564853845538278,False
0.14100000000000001,0.0,0.0,0.0,0.0,0.0,0.007321874418356413,-3.102527019994367e-07,8.417339362036137e-05,False
0.14200000000000002,0.0,0.0,0.0,0.0,0.0,0.001438249185769252,-1.4660343547923692e-06,7.21995946640196e-05,False
0.14300000000000002,0.0,0.0,0.0,0.0,0.0,0.004937750640709356,-5.422665478915141e-06,3.3699613315734344e-05,False
0.14400000000000002,0.0,0.0,0.0,0.0,0.0,-0.004201971212870556,-1.8665808597794446e-06,6.872319729556407e-05,False
0.145,0.0,0.0,0.0,0.0,0.0,0.0018403313189658936,-3.3038286240495765e-06,5.456603895135635e-05,False
0.146,0.0,0.0,0.0,0.0,0.0,0.002686222471007196,-5.38527677721999e-06,3.469808159794789e-05,False
0.147,0.0,0.0,0.0,0.0,0.0,-0.003981326448635983,-2.008911485042919e-06,6.797485660765815e-05,False
0.148,0.0,0.0,0.0,0.0,0.0,-0.00014841307231547014,-1.8318062427012412e-06,6.93737636697694e-05,False
0.149,0.0,0.0,0.0,0.0,0.0,-0.0010254849426079113,-9.495405252093748e-07,7.74946543183849e-05,False
0.15,0.0,0.0,0.0,0.0,0.0,-0.0023255634716249597,9.60416875606243e-07,9.520406201863618e-05,False
0.151,0.0,0.0,0.0,0.0,0.0,0.00522020460262639,-3.2936877343310917e-06,5.304347322590888e-05,False
0.152,0.0,0.0,0.0,0.0,0.0,0.0035704215100527694,-6.09137392004055e-06,2.6306308256526816e-05,False
0.153,0.0,0.0,0.0,0.0,0.0,-0.0011309548822342529,-5.002990948837577e-06,3.784514474224755e-05,False
0.154,0.0,0.0,0.0,0.0,0.0,-0.004632429590915662,-1.110250645902372e-06,7.59638756756994e-05,False
0.155,0.0,0.0,0.0,0.0,0.0,-0.0018886885364293273,4.505164059485677e-07,9.03703445618648e-05,False
0.156,0.0,0.0,0.0,0.0,0.0,-0.004273683460598777,3.8982211722567284e-06,0.0001224011370182452,False
0.157,0.0,0.0,0.0,0.0,0.0,0.0013273078164085098,2.713002097408554e-06,0.00010877275240157726,False
0.158,0.0,0.0,0.0,0.0,0.0,0.004607270977364399,-1.0944683890478818e-06,7.035971889425595e-05,False
0.159,0.0,0.0,0.0,0.0,0.0,-0.00033778289491805856,-7.899426493436434e-07,7.275103034790184e-05,False
0.16,0.0,0.0,0.0,0.0,0.0,-0.0012113342896585332,2.1328187080660822e-07,8.1762524994916e-05,False
0.161,0.0,0.0,0.0,0.0,0.0,0.0005787860149374146,-2.614151983558581e-07,7.624369779820174e-05,False
0.162,0.0,0.0,0.0,0.0,0.0,0.0025522876195081543,-2.320636321890837e-06,5.566396099943227e-05,False
0.163,0.0,0.0,0.0,0.0,0.0,0.0005166356235893386,-2.6731977407759863e-06,5.21791087459123e-05,False
0.164,0.0,0.0,0.0,0.0,0.0,-0.005665779248424486,1.990236404448018e-06,9.70215940917297e-05,False
0.165,0.0,0.0,0.0,0.0,0.0,0.0026104953106610837,-1.799284415574594e-07,7.463807772421259e-05,False
0.166,0.0,0.0,0.0,0.0,0.0,-0.004057251368616045,3.110394525301291e-06,0.00010547290927476976,False
0.167,0.0,0.0,0.0,0.0,0.0,0.001318869604639229,1.9543350815565347e-06,9.24901335275327e-05,False
0.168,0.0,0.0,0.0,0.0,0.0,-0.0033383469662668147,4.602064019542232e-06,0.00011647035699896132,False
0.169,0.0,0.0,0.0,0.0,0.0,-0.003930796969325551,7.6544727067014e-06,0.00014347781656560564,False
0.17,0.0,0.0,0.0,0.0,0.0,0.0014411890961967468,6.270589596635573e-06,0.0001268607079091251,False
0.171,0.0,0.0,0.0,0.0,0.0,0.004055987882000893,2.808679865556109e-06,9.076746274662808e-05,False
0.17200000000000001,0.0,0.0,0.0,0.0,0.0,0.00110530747741591,1.8340958390699761e-06,7.976014704735426e-05,False
0.17300000000000001,0.0,0.0,0.0,0.0,0.0,0.0002006597461931155,1.6196398871990736e-06,7.640009164561146e-05,False
0.17400000000000002,0.0,0.0,0.0,0.0,0.0,-2.3663770349759006e-05,1.5929001093025484e-06,7.492978378736826e-05,False
0.17500000000000002,0.0,0.0,0.0,0.0,0.0,-0.004873519141740741,5.49392653676421e-06,0.00011123202655129706,False
0.176,0.0,0.0,0.0,0.0,0.0,0.006471698152014106,9.798679522505688e-08,5.689900526960662e-05,False
0.177,0.0,0.0,0.0,0.0,0.0,0.0003847127715737326,-2.1629847554952578e-07,5.322411641301853e-05,False
0.178,0.0,0.0,0.0,0.0,0.0,-0.0009453665026888408,5.553103903072144e-07,6.0097423042828975e-05,False
0.179,0.0,0.0,0.0,0.0,0.0,-9.36561811186463e-05,6.154078133500434e-07,5.988233207044561e-05,False
0.18,0.0,0.0,0.0,0.0,0.0,-0.003127462787993118,3.130325638877061e-06,8.324966072366879e-05,False
0.181,0.0,0.0,0.0,0.0,0.0,0.002890454359026751,7.011630830977508e-07,5.8273389994112866e-05,False
0.182,0.0,0.0,0.0,0.0,0.0,-0.0006969439692600654,1.2456191651638593e-06,6.270097408922777e-05,False
0.183,0.0,0.0,0.0,0.0,0.0,-0.0013435881183899176,2.2982438190984203e-06,7.184092479444553e-05,False
0.184,0.0,0.0,0.0,0.0,0.0,0.0061808297337618496,-2.771609029023276e-06,2.1798668397151588e-05,False
0.185,0.0,0.0,0.0,0.0,0.0,-0.0032065873731928997,-9.663438189071332e-08,4.788955155504311e-05,False
0.186,0.0,0.0,0.0,0.0,0.0,-0.0007138358898649719,4.841090134381505e-07,5.296077746212879e-05,False
0.187,0.0,0.0,0.0,0.0,0.0,-0.0020213790356199946,2.1071334831949596e-06,6.786246836607755e-05,False
0.188,0.0,0.0,0.0,0.0,0.0,0.00463522808694032,-1.7058039733654813e-06,2.9987770351349147e-05,False
0.189,0.0,0.0,0.0,0.0,0.0,0.00013027621314899197,-1.7629481629049146e-06,2.948915964199017e-05,False
0.19,0.0,0.0,0.0,0.0,0.0,-0.002517059323581392,3.2511864623116943e-07,4.9626807759318474e-05,False
0.191,0.0,0.0,0.0,0.0,0.0,0.0015045802136008594,-9.023788162942966e-07,3.720463258787372e-05,False
0.192,0.0,0.0,0.0,0.0,0.0,0.00037177420372060555,-1.17783707147673e-06,3.434682311797684e-05,False
0.193,0.0,0.0,0.0,0.0,0.0,-0.0009578679543212627,-3.6885549105329e-07,4.2005416947373534e-05,False
0.194,0.0,0.0,0.0,0.0,0.0,0.001267658592679396,-1.3848463011686997e-06,3.1856882014002716e-05,False
0.195,0.0,0.0,0.0,0.0,0.0,0.006974965074925901,-6.993344644800277e-06,-2.2089393671071183e-05,False
0.196,0.0,0.0,0.0,0.0,0.0,0.00043861431334984166,-7.150305981465728e-06,-2.177902626537494e-05,False
0.197,0.0,0.0,0.0,0.0,0.0,0.0006528698291120723,-7.476305268721414e-06,-2.3061433610776186e-05,False
0.198,0.0,0.0,0.0,0.0,0.0,0.006374927103036156,-1.2426310465993403e-05,-6.869807672564159e-05,False
0.199,0.0,0.0,0.0,0.0,0.0,0.005805942564905199,-1.6775315889957314e-05,-0.00010693761925971687,False
0.2,0.0,0.0,0.0,0.0,0.0,-0.011065699183714592,-7.339821768610676e-06,-1.1289395026425802e-05,False
0.201,0.0,0.0,0.0,0.0,0.0,0.0023967380404210023,-9.072489200610375e-06,-2.6165356613525227e-05,False
0.202,0.0,0.0,0.0,0.0,0.0,0.002791542796600088,-1.1075732661807723e-05,-4.3086715846967695e-05,False
0.203,0.0,0.0,0.0,0.0,0.0,0.0022968543906400143,-1.2621646627375937e-05,-5.4973885602166935e-05,False
0.20400000000000001,0.0,0.0,0.0,0.0,0.0,0.0031358945624410414,-1.4803134020479487e-05,-7.24897118824785e-05,False
0.20500000000000002,0.0,0.0,0.0,0.0,0.0,-0.0022153740292895395,-1.2589786878773963e-05,-4.708084017834e-05,False
0.20600000000000002,0.0,0.0,0.0,0.0,0.0,4.054003077966911e-05,-1.226581723506755e-05,-4.061130944190044e-05,False
0.20700000000000002,0.0,0.0,0.0,0.0,0.0,0.009304997169269115,-1.9452613644817956e-05,-0.00010647336261947912,False
0.20800000000000002,0.0,0.0,0.0,0.0,0.0,-0.0010236742915586048,-1.8072438932974042e-05,-8.764847467867881e-05,False
0.209,0.0,0.0,0.0,0.0,0.0,0.0005478816876879117,-1.8003893447171468e-05,-8.19495056976718e-05,False
0.21,0.0,0.0,0.0,0.0,0.0,0.000984367082771226,-1.8290720015689868e-05,-7.974480162839985e-05,False
0.211,0.0,0.0,0.0,0.0,0.0,-0.0007929211945359241,-1.713031807634973e-05,-6.359058430089608e-05,False
0.212,0.0,0.0,0.0,0.0,0.0,0.002537628971744892,-1.86996037760037e-05,-7.411227991038168e-05,False
0.213,0.0,0.0,0.0,0.0,0.0,-0.0023585039149939674,-1.6259935721627913e-05,-4.5633478539164886e-05,False
0.214,0.0,0.0,0.0,0.0,0.0,-0.003405229883313628,-1.3041856666105155e-05,-1.0538638984394713e-05,False
0.215,0.0,0.0,0.0,0.0,0.0,-0.007738411348469467,-6.40632927194876e-06,5.6287665820253144e-05,False
0.216,0.0,0.0,0.0,0.0,0.0,-0.0020616541058815145,-4.555417830329553e-06,7.489298691955674e-05,False
0.217,0.0,0.0,0.0,0.0,0.0,-0.0064253945914437265,7.764317368811843e-07,0.00012633081025046678,False
0.218,0.0,0.0,0.0,0.0,0.0,-0.0007781913140948641,1.384542022957316e-06,0.00013059705296750615,False
0.219,0.0,0.0,0.0,0.0,0.0,-0.001642750483554642,2.675466324780098e-06,0.00014124166954688743,False
0.22,0.0,0.0,0.0,0.0,0.0,0.0003765542499683924,2.294741165803826e-06,0.00013541114593424122,False
0.221,0.0,0.0,0.0,0.0,0.0,0.004779278624197324,-1.6401532188119297e-06,9.557155374274791e-05,False
0.222,0.0,0.0,0.0,0.0,0.0,-0.0014916710911341531,-3.85840300761265e-07,0.00010693402288777035,False
0.223,0.0,0.0,0.0,0.0,0.0,-0.004545777036661161,3.305885567406999e-06,0.00014131426865630583,False
0.224,0.0,0.0,0.0,0.0,0.0,0.004148195158045146,-1.4666597340627293e-07,0.00010581742938741941,False
0.225,0.0,0.0,0.0,0.0,0.0,-0.003433063213448502,2.6372988221546355e-06,0.00013143167499557766,False
0.226,0.0,0.0,0.0,0.0,0.0,-0.001376633945985496,3.677240917061586e-06,0.00013937292983946993,False
0.227,0.0,0.0,0.0,0.0,0.0,0.002841513348492915,1.2722070866242819e-06,0.00011388191515348953,False
0.228,0.0,0.0,0.0,0.0,0.0,0.0014605018326526004,5.3560057729989994e-08,0.00010061776194625405,False
0.229,0.0,0.0,0.0,0.0,0.0,-0.004962580363337913,4.070325856367532e-06,0.000138093318198545,False
0.23,0.0,0.0,0.0,0.0,0.0,-0.0035363367698474572,6.818403074889471e-06,0.00016205520016778378,False
0.231,0.0,0.0,0.0,0.0,0.0,0.0018280749976295704,5.144946309504287e-06,0.00014263666722897844,False
0.232,0.0,0.0,0.0,0.0,0.0,0.002451180515629453,3.0143765633811264e-06,0.00011941705989127873,False
0.233,0.0,0.0,0.0,0.0,0.0,-0.00024532450868378254,3.127592214365291e-06,0.00011850009714462934,False
0.234,0.0,0.0,0.0,0.0,0.0,-0.003106283139382919,5.5541650175071e-06,0.000139801781980542,False
0.23500000000000001,0.0,0.0,0.0,0.0,0.0,-0.0010578398176038205,6.253309990779223e-06,0.00014371830173937896,False
0.23600000000000002,0.0,0.0,0.0,0.0,0.0,-0.001036635317114031,6.915471502873764e-06,0.00014707854483836917,False
0.23700000000000002,0.0,0.0,0.0,0.0,0.0,0.00912619954081131,-6.70148775192546e-07,7.098211835727005e-05,False
0.23800000000000002,0.0,0.0,0.0,0.0,0.0,0.0018821056555253372,-2.175128895349306e-06,5.587968047287874e-05,False
0.23900000000000002,0.0,0.0,0.0,0.0,0.0,0.0022856708930804517,-3.96423122874463e-06,3.855293782033417e-05,False
0.24,0.0,0.0,0.0,0.0,0.0,0.0009175184097149159,-4.594814481140463e-06,3.295591816743805e-05,False
0.241,0.0,0.0,0.0,0.0,0.0,0.0004599726055002014,-4.837044520541504e-06,3.129547473403534e-05,False
0.242,0.0,0.0,0.0,0.0,0.0,0.0011144565004370065,-5.6023562146451915e-06,2.468058652744912e-05,False
0.243,0.0,0.0,0.0,0.0,0.0,0.0037399427828015822,-8.471878737146407e-06,-1.9124118630446065e-06,False
0.244,0.0,0.0,0.0,0.0,0.0,0.003004446884967836,-1.066453552189759e-05,-2.105885811326143e-05,False
0.245,0.0,0.0,0.0,0.0,0.0,-0.001904253449221877,-8.820396094781564e-06,-7.011213700719709e-07,False
0.246,0.0,0.0,0.0,0.0,0.0,0.0005646319350706423,-9.027617205512971e-06,-7.003671311082827e-07,False
0.247,0.0,0.0,0.0,0.0,0.0,0.005187102510086553,-1.297185680704625e-05,-3.6569896462036496e-05,False
0.248,0.0,0.0,0.0,0.0,0.0,-0.0010890983188448587,-1.1722372347862867e-05,-2.12359625287215e-05,False
0.249,0.0,0.0,0.0,0.0,0.0,0.0013638420510007866,-1.2494484913713544e-05,-2.5783333271920288e-05,False
0.25,0.0,0.0,0.0,0.0,0.0,-0.001966579762372598,-1.0548017922334943e-05,-3.977882157285733e-06,False
0.251,0.0,0.0,0.0,0.0,0.0,-0.002802949412823656,-7.979491574071478e-06,2.3126012690852772e-05,False
0.252,0.0,0.0,0.0,0.0,0.0,0.007842539833219116,-1.410358681951813e-05,-3.419491726056122e-05,False
0.253,0.0,0.0,0.0,0.0,0.0,-0.004882434559035367,-9.750501720150922e-06,1.1196317865088098e-05,False
0.254,0.0,0.0,0.0,0.0,0.0,-0.0005871316961472968,-8.998761431606324e-06,2.0490836660188608e-05,False
0.255,0.0,0.0,0.0,0.0,0.0,-0.004759829481491249,-4.889622863511206e-06,6.178126936832323e-05,False
0.256,0.0,0.0,0.0,0.0,0.0,0.0028387300274036087,-7.049617379447009e-06,4.1435028672026666e-05,False
0.257,0.0,0.0,0.0,0.0,0.0,-0.0040516391048539225,-3.5691512149655772e-06,7.601195040022904e-05,False
0.258,0.0,0.0,0.0,0.0,0.0,0.0015474279826811238,-4.720979304161795e-06,6.490008445076345e-05,False
0.259,0.0,0.0,0.0,0.0,0.0,0.002179704131065521,-6.352128984663704e-06,4.956403192658968e-05,False
0.26,0.0,0.0,0.0,0.0,0.0,0.0005944912499333799,-6.653478568040344e-06,4.754624515316809e-05,False
0.261,0.0,0.0,0.0,0.0,0.0,-0.006249283645793404,-1.4047697456315862e-06,9.896090990020392e-05,False
0.262,0.0,0.0,0.0,0.0,0.0,0.003804556185440815,-4.445570753197343e-06,6.89519410769201e-05,False
0.263,0.0,0.0,0.0,0.0,0.0,0.0021849583681342664,-6.0887799773045165e-06,5.339299538606033e-05,False
0.264,0.0,0.0,0.0,0.0,0.0,0.010741892469443397,-1.4614112098954508e-05,-2.7768198903638395e-05,False
0.265,0.0,0.0,0.0,0.0,0.0,-0.005570843057241116,-9.689142883809144e-06,2.3162938207563905e-05,False
0.266,0.0,0.0,0.0,0.0,0.0,-0.0017020511934951858,-8.036372685891326e-06,4.097058738965817e-05,False
0.267,0.0,0.0,0.0,0.0,0.0,0.0003218850497793009,-8.06925690109222e-06,4.200748864911225e-05,False
0.268,0.0,0.0,0.0,0.0,0.0,-0.004531295589800531,-4.171508252234926e-06,8.081801692532963e-05,False
0.269,0.0,0.0,0.0,0.0,0.0,-0.002008707593564493,-2.4268034891639014e-06,9.762717965020589e-05,False
0.27,0.0,0.0,0.0,0.0,0.0,-0.004610303861622795,1.3750118822883517e-06,0.00013362813395366769,False
0.271,0.0,0.0,0.0,0.0,0.0,0.004526737790609877,-2.3293307950314616e-06,9.623115017087162e-05,False
0.272,0.0,0.0,0.0,0.0,0.0,-0.004384463914144405,1.2868558381430376e-06,0.00013044158612781004,False
0.273,0.0,0.0,0.0,0.0,0.0,0.006070786243194508,-3.6652301517594034e-06,8.110764392652318e-05,False
0.274,0.0,0.0,0.0,0.0,0.0,-5.840557296075754e-06,-3.556628036287618e-06,8.207491166574206e-05,False
0.275,0.0,0.0,0.0,0.0,0.0,-0.005956091371859259,1.3669131403353177e-06,0.00012928391081960786,False
0.276,0.0,0.0,0.0,0.0,0.0,-0.0003188739634301674,1.5863722524959908e-06,0.0001296491133763588,False
0.277,0.0,0.0,0.0,0.0,0.0,-0.0018545473435815489,3.043072102491286e-06,0.0001418521380292091,False
0.278,0.0,0.0,0.0,0.0,0.0,-0.0009334187037792609,3.712635811148829e-06,0.00014602656313903264,False
0.279,0.0,0.0,0.0,0.0,0.0,0.001070732587514755,2.740429462237927e-06,0.00013422471947100234,False
0.28,0.0,0.0,0.0,0.0,0.0,-0.004683520550840855,6.455089802045642e-06,0.0001678187503360285,False
0.281,0.0,0.0,0.0,0.0,0.0,0.0031303359234188203,3.7374670761424695e-06,0.00013838232837232075,False
0.28200000000000003,0.0,0.0,0.0,0.0,0.0,0.004167891436542492,2.5673607678418693e-07,0.0001025501244711083,False
0.28300000000000003,0.0,0.0,0.0,0.0,0.0,0.0062873480494250325,-4.841509924926323e-06,5.2353104232157415e-05,False
0.28400000000000003,0.0,0.0,0.0,0.0,0.0,-0.0015575388398995703,-3.4431360890785564e-06,6.630066911833429e-05,False
0.28500000000000003,0.0,0.0,0.0,0.0,0.0,0.0009026594527765983,-4.076455675846855e-06,6.0251795719789053e-05,False
0.28600000000000003,0.0,0.0,0.0,0.0,0.0,-0.001318312128847492,-2.8934693782742786e-06,7.186934659886004e-05,False
0.28700000000000003,0.0,0.0,0.0,0.0,0.0,-0.001729566995856738,-1.411009115848094e-06,8.596991921341386e-05,False
0.28800000000000003,0.0,0.0,0.0,0.0,0.0,0.0033793971842044327,-4.107374998560442e-06,5.941710284492862e-05,False
0.289,0.0,0.0,0.0,0.0,0.0,0.003311757024203184,-6.672556293502603e-06,3.502682974216141e-05,False
0.29,0.0,0.0,0.0,0.0,0.0,-0.006234532765339966,-1.4352508395653095e-06,8.64752925516839e-05,False
0.291,0.0,0.0,0.0,0.0,0.0,-0.0030162017654661987,1.0476929214476338e-06,0.000109701235776414,False
0.292,0.0,0.0,0.0,0.0,0.0,-0.0022909466469212686,2.8730187470918453e-06,0.0001257900115735975,False
0.293,0.0,0.0,0.0,0.0,0.0,0.006576582014512459,-2.5335704599208462e-06,7.178258595950655e-05,False
0.294,0.0,0.0,0.0,0.0,0.0,0.0020321945157313727,-4.107270500110436e-06,5.6430049082727615e-05,False
0.295,0.0,0.0,0.0,0.0,0.0,-0.003519592415880621,-1.140997720042026e-06,8.523636167499076e-05,False
0.296,0.0,0.0,0.0,0.0,0.0,-0.00300371149276404,1.3234933026021127e-06,0.0001082325125276912,False
0.297,0.0,0.0,0.0,0.0,0.0,-0.0024993451359087595,3.3097466388917366e-06,0.00012582224457197055,False
0.298,0.0,0.0,0.0,0.0,0.0,-0.002447085483839997,5.197393887052697e-06,0.00014182191407918947,False
0.299,0.0,0.0,0.0,0.0,0.0,2.880267105431994e-05,5.026777322598313e-06,0.00013743688665091114,False
0.3,0.0,0.0,0.0,0.0,0.0,-0.002176989229519412,6.647062361649707e-06,0.000150351524776977,False
0.301,0.0,0.0,0.0,0.0,0.0,-0.007203747689228463,1.2291678156443815e-05,0.00020143639283138278,False
0.302,0.0,0.0,0.0,0.0,0.0,0.001762819801393506,1.0515946547642973e-05,0.00017936582930791503,False
0.303,0.0,0.0,0.0,0.0,0.0,-3.994651092453425e-05,1.0250269123964455e-05,0.00017245333243703055,False
0.304,0.0,0.0,0.0,0.0,0.0,0.002604517445629114,7.850854658403427e-06,0.000145169834715835,False
0.305,0.0,0.0,0.0,0.0,0.0,0.0005644732429413773,7.1712974470791375e-06,0.0001352590943897904,False
0.306,0.0,0.0,0.0,0.0,0.0,-0.004078788774806755,1.0270725272309085e-05,0.00016193161884679887,False
0.307,0.0,0.0,0.0,0.0,0.0,0.0017363327547126573,8.573714633245542e-06,0.00014151130764234306,False
0.308,0.0,0.0,0.0,0.0,0.0,-0.0016089361181730716,9.633517148232973e-06,0.0001481957537145493,False
0.309,0.0,0.0,0.0,0.0,0.0,-0.0015777164148952517,1.0638005662165846e-05,0.00015403584358772337,False
0.31,0.0,0.0,0.0,0.0,0.0,0.002862190497960378,8.018960564079868e-06,0.0001247588494978239,False
0.311,0.0,0.0,0.0,0.0,0.0,0.0012573980450964473,6.773566503481291e-06,0.00010959875323851047,False
0.312,0.0,0.0,0.0,0.0,0.0,0.001009247711807838,5.76439845536009e-06,9.715771061007886e-05,False
0.313,0.0,0.0,0.0,0.0,0.0,0.0012075086494782725,4.623295139233875e-06,8.381392007918667e-05,False
0.314,0.0,0.0,0.0,0.0,0.0,0.005150219249150368,3.2205256512573404e-07,4.050269259860651e-05,False
0.315,0.0,0.0,0.0,0.0,0.0,0.004823012845413075,-3.592347989685988e-06,2.3584621880004777e-06,False
0.316,0.0,0.0,0.0,0.0,0.0,-0.003654119666755313,-5.317392071804633e-07,3.25563864265607e-05,False
0.317,0.0,0.0,0.0,0.0,0.0,-0.0033569288406668455,2.2014913295953763e-06,5.858367250244897e-05,False
0.318,0.0,0.0,0.0,0.0,0.0,-0.0015233846393812955,3.372610716514775e-06,6.869316581087702e-05,False
0.319,0.0,0.0,0.0,0.0,0.0,-0.004579041910801924,6.98475689928717e-06,0.0001018878093139639,False
0.32,0.0,0.0,0.0,0.0,0.0,-0.0036035529329995633,9.704664949104588e-06,0.0001253254907202699,False
0.321,0.0,0.0,0.0,0.0,0.0,0.00528822078140179,5.147673811760093e-06,7.795168750090739e-05,False
0.322,0.0,0.0,0.0,0.0,0.0,0.0025311680582338937,2.9522595270268975e-06,5.4826960406648896e-05,False
0.323,0.0,0.0,0.0,0.0,0.0,-0.0001678694401318686,3.0045189251531543e-06,5.405578444609633e-05,False
0.324,0.0,0.0,0.0,0.0,0.0,-0.0032517638224368755,5.552377759207013e-06,7.726690221027566e-05,False
0.325,0.0,0.0,0.0,0.0,0.0,-0.00031922010130193174,5.6535007387452205e-06,7.613100027101268e-05,False
0.326,0.0,0.0,0.0,0.0,0.0,-0.006267152080426873,1.05678971392074e-05,0.00012124587245067026,False
0.327,0.0,0.0,0.0,0.0,0.0,0.001356678086831744,9.169877311916709e-06,0.0001040843953381584,False
0.328,0.0,0.0,0.0,0.0,0.0,0.0019872554782378303,7.300888498835806e-06,8.290162051349781e-05,False
0.329,0.0,0.0,0.0,0.0,0.0,0.0030462272288126254,4.627399975538738e-06,5.464259623275463e-05,False
0.33,0.0,0.0,0.0,0.0,0.0,0.00276106112313112,2.260582062765478e-06,3.0246541340684808e-05,False
0.331,0.0,0.0,0.0,0.0,0.0,0.004466914095887518,-1.4204175065335585e-06,-5.976658165485777e-06,False
0.332,0.0,0.0,0.0,0.0,0.0,-0.0006966187327952532,-8.16099008133617e-07,2.1751532105577545e-07,False
0.333,0.0,0.0,0.0,0.0,0.0,0.00020018176380387815,-9.550611931694078e-07,-9.368602396365467e-07,False
0.334,0.0,0.0,0.0,0.0,0.0,0.0006374018974266403,-1.4441095783238297e-06,-5.411860281383856e-06,False
0.335,0.0,0.0,0.0,0.0,0.0,0.0008451979296478715,-2.0875541891793256e-06,-1.1211021494134551e-05,False
0.336,0.0,0.0,0.0,0.0,0.0,0.0030332455595659205,-4.484462013426001e-06,-3.3653702318005196e-05,False
0.337,0.0,0.0,0.0,0.0,0.0,-0.002319962239311367,-2.4788600621861006e-06,-1.2994705141200802e-05,False
0.338,0.0,0.0,0.0,0.0,0.0,0.005225725612328368,-6.63996573842242e-06,-5.228542501391133e-05,False
0.339,0.0,0.0,0.0,0.0,0.0,0.0026939212618366996,-8.63310133436729e-06,-6.936673122808186e-05,False
0.34,0.0,0.0,0.0,0.0,0.0,-0.0004460159596477557,-8.027292017484205e-06,-6.083104131304976e-05,False
0.341,0.0,0.0,0.0,0.0,0.0,-0.0017569040755395016,-6.377203518576149e-06,-4.248981624391006e-05,False
0.342,0.0,0.0,0.0,0.0,0.0,-0.00061566763265524,-5.697956752741813e-06,-3.405452024455697e-05,False
0.343,0.0,0.0,0.0,0.0,0.0,-0.002364666874474741,-3.6217661771784895e-06,-1.2439598107336377e-05,False
0.34400000000000003,0.0,0.0,0.0,0.0,0.0,0.0009932501585937993,-4.323376171018613e-06,-1.822973456818644e-05,False
0.34500000000000003,0.0,0.0,0.0,0.0,0.0,0.0007537825219806739,-4.8112015604882666e-06,-2.1742966344407966e-05,False
0.34600000000000003,0.0,0.0,0.0,0.0,0.0,-0.00036247509745153416,-4.38134961549343e-06,-1.628750267368764e-05,False
0.34700000000000003,0.0,0.0,0.0,0.0,0.0,-0.0016761131061409627,-2.900005208462472e-06,-8.833610684742204e-07,False
0.34800000000000003,0.0,0.0,0.0,0.0,0.0,0.004533625787874482,-6.488770880995505e-06,-3.4713070404043494e-05,False
0.34900000000000003,0.0,0.0,0.0,0.0,0.0,-0.0012908832297883334,-5.259629010045565e-06,-2.1053977080533483e-05,False
0.35000000000000003,0.0,0.0,0.0,0.0,0.0,0.009541806859714333,-1.283673009859839e-05,-9.246098793680278e-05,False
0.35100000000000003,0.0,0.0,0.0,0.0,0.0,0.001410297917059246,-1.361487776143912e-05,-9.602424300262291e-05,False
0.352,0.0,0.0,0.0,0.0,0.0,-0.005669813098687979,-8.63808924294653e-06,-4.406149204520229e-05,False
0.353,0.0,0.0,0.0,0.0,0.0,-0.0009184241909558446,-7.649621781846147e-06,-3.212807923335005e-05,False
0.354,0.0,0.0,0.0,0.0,0.0,-0.00045537354022871844,-7.064107366790816e-06,-2.442249157403232e-05,False
0.355,0.0,0.0,0.0,0.0,0.0,-0.0017659924141904852,-5.433956620209307e-06,-6.89414644575952e-06,False
0.356,0.0,0.0,0.0,0.0,0.0,-0.0030498323018688933,-2.810458010026133e-06,1.9619832063278737e-05,False
0.357,0.0,0.0,0.0,0.0,0.0,-0.005630681143600328,1.8284465842663713e-06,6.461921447108725e-05,False
0.358,0.0,0.0,0.0,0.0,0.0,0.002864971220062077,-5.431864930707948e-07,4.069579369665248e-05,False
0.359,0.0,0.0,0.0,0.0,0.0,-0.0009420697855667521,2.3501699909457357e-07,4.7845235402331085e-05,False
0.36,0.0,0.0,0.0,0.0,0.0,0.0023853653419458774,-1.7031133141962665e-06,2.8633157061991388e-05,False
0.361,0.0,0.0,0.0,0.0,0.0,0.004100783645021607,-4.975319532030062e-06,-2.751326169961399e-06,False
0.362,0.0,0.0,0.0,0.0,0.0,0.002253780085544593,-6.659241719822403e-06,-1.7785672233814783e-05,False
0.363,0.0,0.0,0.0,0.0,0.0,-0.0008771677053053429,-5.760261019013393e-06,-7.449520864259095e-06,False
0.364,0.0,0.0,0.0,0.0,0.0,0.0024508304848513515,-7.581492880702367e-06,-2.3574751462722233e-05,False
0.365,0.0,0.0,0.0,0.0,0.0,0.0006390269157014793,-7.884063459550057e-06,-2.4515013333903417e-05,False
0.366,0.0,0.0,0.0,0.0,0.0,-0.004883212780931094,-3.7066100166226507e-06,1.7681259183007673e-05,False
0.367,0.0,0.0,0.0,0.0,0.0,-0.0021339026376174697,-1.8737080018864059e-06,3.593501292079048e-05,False
0.368,0.0,0.0,0.0,0.0,0.0,0.0012191035477549692,-2.807735344144661e-06,2.6980278732612907e-05,False
0.369,0.0,0.0,0.0,0.0,0.0,0.004502651014491316,-6.374035163939198e-06,-6.963865513342177e-06,False
0.37,0.0,0.0,0.0,0.0,0.0,-0.0006594241685181515,-5.659447796120555e-06,1.4156472727271219e-06,False
0.371,0.0,0.0,0.0,0.0,0.0,0.001120725621344591,-6.406528726064176e-06,-4.506984213967522e-06,False
0.372,0.0,0.0,0.0,0.0,0.0,0.002423124595669867,-8.187011390240388e-06,-2.0127854365030365e-05,False
0.373,0.0,0.0,0.0,0.0,0.0,-0.00445894450151261,-4.344509446782068e-06,1.886857914729013e-05,False
0.374,0.0,0.0,0.0,0.0,0.0,-0.001277188189213365,-3.187225220182281e-06,3.075923018238861e-05,False
0.375,0.0,0.0,0.0,0.0,0.0,-0.004997016226248577,9.492679854492626e-07,7.08908824423618e-05,False
0.376,0.0,0.0,0.0,0.0,0.0,0.002383508031465685,-1.0076003635032952e-06,5.108194154245433e-05,False
0.377,0.0,0.0,0.0,0.0,0.0,-0.005602384908618249,3.557299167946798e-06,9.461483110381898e-05,False
0.378,0.0,0.0,0.0,0.0,0.0,2.601399047900568e-05,3.4354210615847384e-06,9.159177886761984e-05,False
0.379,0.0,0.0,0.0,0.0,0.0,0.005537338727631844,-1.1456141325750266e-06,4.577228444192086e-05,False
0.38,0.0,0.0,0.0,0.0,0.0,0.00343892656278669,-3.897703256580342e-06,1.9070832325011137e-05,False
0.381,0.0,0.0,0.0,0.0,0.0,0.00799958439132668,-1.0264638298966066e-05,-4.145740270879899e-05,False
0.382,0.0,0.0,0.0,0.0,0.0,-0.0020846513117319617,-8.285760847795399e-06,-1.9668010225182445e-05,False
0.383,0.0,0.0,0.0,0.0,0.0,-0.002037852973586749,-6.400858335034599e-06,5.308268962745702e-07,False
0.384,0.0,0.0,0.0,0.0,0.0,0.0010942026854613089,-7.1054515688282005e-06,-4.806801913095316e-06,False
0.385,0.0,0.0,0.0,0.0,0.0,0.006145710769179578,-1.188036651965459e-05,-4.9046904538461545e-05,False
0.386,0.0,0.0,0.0,0.0,0.0,0.0016127889133647167,-1.2849577924656053e-05,-5.5144054969181516e-05,False
0.387,0.0,0.0,0.0,0.0,0.0,0.0022456739030280062,-1.4303779281469854e-05,-6.561667903252009e-05,False
0.388,0.0,0.0,0.0,0.0,0.0,-0.002205262509217976,-1.2112771359146436e-05,-4.061123389594185e-05,False
0.389,0.0,0.0,0.0,0.0,0.0,0.0007117734132773749,-1.2345829185630039e-05,-3.967456907360474e-05,False
0.39,0.0,0.0,0.0,0.0,0.0,-0.0006209756105484436,-1.1493133127293606e-05,-2.8260572400897755e-05,False
0.391,0.0,0.0,0.0,0.0,0.0,-0.002146707758280349,-9.429191898357877e-06,-5.523842609142207e-06,False
0.392,0.0,0.0,0.0,0.0,0.0,-0.006948586180367095,-3.5355822653136495e-06,5.3303238625681634e-05,False
0.393,0.0,0.0,0.0,0.0,0.0,-0.0056992892164037185,1.179425504475578e-06,9.882294999362165e-05,False
0.394,0.0,0.0,0.0,0.0,0.0,-0.0038160019128671853,4.235880581569133e-06,0.00012683547582947356,False
0.395,0.0,0.0,0.0,0.0,0.0,1.1496955446720032e-05,4.106526107235821e-06,0.00012322987940831175,False
0.396,0.0,0.0,0.0,0.0,0.0,-0.0024142058696157314,5.944969391334993e-06,0.00013860617282682226,False
0.397,0.0,0.0,0.0,0.0,0.0,-0.0014827772281772495,6.977117811966997e-06,0.00014564857928065923,False
0.398,0.0,0.0,0.0,0.0,0.0,0.003618130796765178,3.8497251640447115e-06,0.0001124026919981507,False
0.399,0.0,0.0,0.0,0.0,0.0,-0.002410399486295694,5.692364115910403e-06,0.00012799739274030366,False
0.4,0.0,0.0,0.0,0.0,0.0,0.0022691647274703623,3.6936617098154825e-06,0.00010608466665853038,False
0.401,0.0,0.0,0.0,0.0,0.0,0.0035446916976886182,7.187873312469314e-07,7.548302606137381e-05,False
0.402,0.0,0.0,0.0,0.0,0.0,-0.004906760911649764,4.671502598498852e-06,0.00011247258424641588,False
0.403,0.0,0.0,0.0,0.0,0.0,-0.002159391411335756,6.287606906505569e-06,0.0001257043588526358,False
0.404,0.0,0.0,0.0,0.0,0.0,0.004499020299127467,2.466484201359689e-06,8.616769731196292e-05,False
0.405,0.0,0.0,0.0,0.0,0.0,0.007051343650925847,-3.3130061613718382e-06,2.9107995465826616e-05,False
0.406,0.0,0.0,0.0,0.0,0.0,-0.0038972357924990098,-6.345878635400482e-08,6.076176056240861e-05,False
0.40700000000000003,0.0,0.0,0.0,0.0,0.0,-0.008004510177572881,6.419724399957958e-06,0.00012241150207375424,False
0.40800000000000003,0.0,0.0,0.0,0.0,0.0,-0.001886063846405955,7.764966094214983e-06,0.00013253620367774784,False
0.40900000000000003,0.0,0.0,0.0,0.0,0.0,-0.002730401910465906,9.755758075727843e-06,0.0001484501847546703,False
0.41000000000000003,0.0,0.0,0.0,0.0,0.0,0.009009813902740344,2.183883229257544e-06,7.1831562221504e-05,False
0.41100000000000003,0.0,0.0,0.0,0.0,0.0,0.0013259064387506226,1.0483833492780814e-06,5.962864451265728e-05,False
0.41200000000000003,0.0,0.0,0.0,0.0,0.0,0.011000032933778934,-7.888237177850395e-06,-2.716063507958349e-05,False
0.41300000000000003,0.0,0.0,0.0,0.0,0.0,-0.004659615661750856,-3.891715750339771e-06,1.3327014617391434e-05,False
0.41400000000000003,0.0,0.0,0.0,0.0,0.0,0.006683989604457007,-9.193561542400593e-06,-3.69020562804488e-05,False
0.41500000000000004,0.0,0.0,0.0,0.0,0.0,0.003020778215534623,-1.137898952746181e-05,-5.542787327560315e-05,False
0.41600000000000004,0.0,0.0,0.0,0.0,0.0,-0.0029908455255502095,-8.63477077522588e-06,-2.587674403237222e-05,False
0.417,0.0,0.0,0.0,0.0,0.0,0.003468945987801016,-1.1198923820301274e-05,-4.829076105192244e-05,False
0.418,0.0,0.0,0.0,0.0,0.0,0.00031432569172571887,-1.1136060142580767e-05,-4.463024938924176e-05,False
0.419,0.0,0.0,0.0,0.0,0.0,0.004942336449480198,-1.482235515836204e-05,-7.705813518228952e-05,False
0.42,0.0,0.0,0.0,0.0,0.0,0.006829446746901729,-1.993220480723577e-05,-0.00012197823650603014,False
0.421,0.0,0.0,0.0,0.0,0.0,-0.0012428745810275873,-1.8360948330085294e-05,-0.00010103665609949995,False
0.422,0.0,0.0,0.0,0.0,0.0,0.0062862859972782955,-2.2930707686947894e-05,-0.00013970327814286017,False
0.423,0.0,0.0,0.0,0.0,0.0,0.0004312110045525332,-2.263000828250203e-05,-0.000130101554880091,False
0.424,0.0,0.0,0.0,0.0,0.0,-0.002435754902262173,-2.00164008394658e-05,-9.844455864867882e-05,False
0.425,0.0,0.0,0.0,0.0,0.0,-0.0008341042910994734,-1.877374632895505e-05,-8.090374945712704e-05,False
0.426,0.0,0.0,0.0,0.0,0.0,-0.0034553042593263605,-1.5443879623821618e-05,-4.3777007095361636e-05,False
0.427,0.0,0.0,0.0,0.0,0.0,-6.984802259897191e-05,-1.4949641721446939e-05,-3.506554759500778e-05,False
0.428,0.0,0.0,0.0,0.0,0.0,0.005449933373594645,-1.8938869181644512e-05,-6.965316937963657e-05,False
0.429,0.0,0.0,0.0,0.0,0.0,-0.00016807058573290075,-1.826605055242147e-05,-5.815146510646023e-05,False
0.43,0.0,0.0,0.0,0.0,0.0,-0.0001572143786182878,-1.7621090108734798e-05,-4.719668985554949e-05,False
0.431,0.0,0.0,0.0,0.0,0.0,-0.002351572730890085,-1.521759951383941e-05,-1.9607321753972384e-05,False
0.432,0.0,0.0,0.0,0.0,0.0,-0.004721459190421023,-1.096328763253949e-05,2.492316145973486e-05,False
0.433,0.0,0.0,0.0,0.0,0.0,-0.007704785171940231,-4.4138947264025566e-06,9.005992009204194e-05,False
0.434,0.0,0.0,0.0,0.0,0.0,0.0026010403406510566,-6.3949101314446355e-06,7.101262145599985e-05,False
0.435,0.0,0.0,0.0,0.0,0.0,-0.005827663118892875,-1.4949222986564277e-06,0.000118756774612306,False
0.436,0.0,0.0,0.0,0.0,0.0,-0.005483629614342418,2.987629842878304e-06,0.00016085591910522856,False
0.437,0.0,0.0,0.0,0.0,0.0,0.0021278398575749176,1.1800129181206863e-06,0.0001410232072903524,False
0.438,0.0,0.0,0.0,0.0,0.0,-0.00034033356059847645,1.42214498975166e-06,0.0001415179381023357,False
0.439,0.0,0.0,0.0,0.0,0.0,0.0005500152087726571,9.364848412383278e-07,0.0001349578002955708,False
0.44,0.0,0.0,0.0,0.0,0.0,0.005390702564300972,-3.454996562603222e-06,9.104054437719761e-05,False
0.441,0.0,0.0,0.0,0.0,0.0,-0.0037585260409787064,-3.137407563928421e-07,0.00012099731558150313,False
0.442,0.0,0.0,0.0,0.0,0.0,-0.006103856333633057,4.6375444744628716e-06,0.00016731084513067697,False
0.443,0.0,0.0,0.0,0.0,0.0,0.003283749403655006,1.847209688826267e-06,0.00013759017057163016,False
0.444,0.0,0.0,0.0,0.0,0.0,0.0018936100204291432,2.6157215073876683e-07,0.0001204060301581185,False
0.445,0.0,0.0,0.0,0.0,0.0,-0.0007900514431156534,8.938769425118814e-07,0.00012508648325448702,False
0.446,0.0,0.0,0.0,0.0,0.0,-0.007607322373743236,7.028319598993922e-06,0.0001824543211046716,False
0.447,0.0,0.0,0.0,0.0,0.0,0.0031336123703813775,4.291798500737918e-06,0.00015254467062716335,False
0.448,0.0,0.0,0.0,0.0,0.0,0.002627651745321382,2.042515348634915e-06,0.00012826596488453885,False
0.449,0.0,0.0,0.0,0.0,0.0,-0.008450406072110143,8.827064364754688e-06,0.00019158827597619673,False
0.45,0.0,0.0,0.0,0.0,0.0,-0.002102315003733421,1.027918400116522e-05,0.00020142991104433707,False
0.451,0.0,0.0,0.0,0.0,0.0,-0.007572512519293225,1.6119460178697563e-05,0.0002530105277831987,False
0.452,0.0,0.0,0.0,0.0,0.0,0.004708009135254195,1.1850480226059012e-05,0.0002055427805005968,False
0.453,0.0,0.0,0.0,0.0,0.0,-0.0046527569772826915,1.528205121340365e-05,0.00023357382382253923,False
0.454,0.0,0.0,0.0,0.0,0.0,-0.0010317940850937454,1.5684417442249493e-05,0.00023140728412318027,False
0.455,0.0,0.0,0.0,0.0,0.0,0.006261881545122467,1.0169570352693867e-05,0.00017230329001435417,False
0.456,0.0,0.0,0.0,0.0,0.0,0.002160726446744787,8.131787835212836e-06,0.00014851530148904865,False
0.457,0.0,0.0,0.0,0.0,0.0,0.002996143255839523,5.475305381713263e-06,0.00011950373118427933,False
0.458,0.0,0.0,0.0,0.0,0.0,-0.0008152238122579518,5.980235036691391e-06,0.00012179690325530274,False
0.459,0.0,0.0,0.0,0.0,0.0,0.004271911936172556,2.3517166865239784e-06,8.422395841482368e-05,False
0.46,0.0,0.0,0.0,0.0,0.0,-0.0017699401103975954,3.718218732167101e-06,9.589260339442776e-05,False
0.461,0.0,0.0,0.0,0.0,0.0,0.0004714002669608272,3.23114349120623e-06,8.930919654829482e-05,False
0.462,0.0,0.0,0.0,0.0,0.0,0.004209637466615251,-2.6904071025730866e-07,5.394920558705947e-05,False
0.463,0.0,0.0,0.0,0.0,0.0,0.0003746849171712239,-5.648046716437201e-07,5.0567683833686195e-05,False
0.464,0.0,0.0,0.0,0.0,0.0,-0.0007345815560966712,4.600481791433773e-08,5.600345960296196e-05,False
0.465,0.0,0.0,0.0,0.0,0.0,0.0019272792300461562,-1.5158489461934825e-06,4.035969779052872e-05,False
0.466,0.0,0.0,0.0,0.0,0.0,0.0012269684171177654,-2.466386358340036e-06,3.1116602033452284e-05,False
0.467,0.0,0.0,0.0,0.0,0.0,-0.003427211476704173,3.785812523855307e-07,5.86690987556806e-05,False
0.468,0.0,0.0,0.0,0.0,0.0,0.0008339486219539437,-3.074098130293983e-07,5.133890274789836e-05,False
0.46900000000000003,0.0,0.0,0.0,0.0,0.0,0.003463272804571084,-3.1029672714221563e-06,2.3969224352967384e-05,False
0.47000000000000003,0.0,0.0,0.0,0.0,0.0,-0.002339669328347229,-1.1205598359185086e-06,4.345420540412279e-05,False
0.47100000000000003,0.0,0.0,0.0,0.0,0.0,0.003883693074105513,-4.2334938276985616e-06,1.3304752386161474e-05,False
0.47200000000000003,0.0,0.0,0.0,0.0,0.0,-0.0012661818088915585,-3.0882678415762876e-06,2.5116352115278156e-05,False
0.47300000000000003,0.0,0.0,0.0,0.0,0.0,0.0022896514607024993,-4.854714874974935e-06,8.554623090687177e-06,False
0.47400000000000003,0.0,0.0,0.0,0.0,0.0,-0.0010629690932733597,-3.856428143074139e-06,1.9146527270928764e-05,False
0.47500000000000003,0.0,0.0,0.0,0.0,0.0,0.0018274416697617992,-5.226846511296167e-06,6.630241205531749e-06,False
0.47600000000000003,0.0,0.0,0.0,0.0,0.0,0.001130398914194074,-5.99402002246921e-06,3.5922246645989724e-07,False
0.47700000000000004,0.0,0.0,0.0,0.0,0.0,0.002873450222149122,-8.150829351507834e-06,-1.902544849609418e-05,False
0.47800000000000004,0.0,0.0,0.0,0.0,0.0,0.002817054535304508,-1.020085000576025e-05,-3.6683094307918775e-05,False
0.47900000000000004,0.0,0.0,0.0,0.0,0.0,0.004526385478733559,-1.3576846547081668e-05,-6.642739098923503e-05,False
0.48,0.0,0.0,0.0,0.0,0.0,0.0013505789374141173,-1.4285663800738558e-05,-6.944703977640804e-05,False
0.481,0.0,0.0,0.0,0.0,0.0,0.0005857653271497134,-1.4355110840514966e-05,-6.612859486157725e-05,False
0.482,0.0,0.0,0.0,0.0,0.0,0.0028646181832008046,-1.6267814730217622e-05,-8.054714236391937e-05,False
0.483,0.0,0.0,0.0,0.0,0.0,0.003031666888131213,-1.8261574546066688e-05,-9.515416292012619e-05,False
0.484,0.0,0.0,0.0,0.0,0.0,-0.0018752312219424236,-1.6225634197034496e-05,-7.042039126022815e-05,False
0.485,0.0,0.0,0.0,0.0,0.0,0.005887039549579175,-2.053263205345795e-05,-0.00010738220972751828,False
0.486,0.0,0.0,0.0,0.0,0.0,-0.0008422946141602826,-1.9268715668007497e-05,-8.94215910361329e-05,False
0.487,0.0,0.0,0.0,0.0,0.0,-0.002581280147846788,-1.663253332288438e-05,-5.8755915348968655e-05,False
0.488,0.0,0.0,0.0,0.0,0.0,0.002550199393193963,-1.8226104761664145e-05,-6.967674400904775e-05,False
0.489,0.0,0.0,0.0,0.0,0.0,0.001181418643045926,-1.8666189762787773e-05,-6.903139023726099e-05,False
0.49,0.0,0.0,0.0,0.0,0.0,-0.002804504699075437,-1.5866334426129466e-05,-3.715476135789266e-05,False
0.491,0.0,0.0,0.0,0.0,0.0,-0.0005347323551261362,-1.4983699559699775e-05,-2.46889036584627e-05,False
0.492,0.0,0.0,0.0,0.0,0.0,0.002128571095557976,-1.62825996495528e-05,-3.352712319157918e-05,False
0.493,0.0,0.0,0.0,0.0,0.0,0.002091105515584574,-1.7514352303682536e-05,-4.1329526299659185e-05,False
0.494,0.0,0.0,0.0,0.0,0.0,0.0031572879609199278,-1.9574502611610503e-05,-5.6729913587530976e-05,False
0.495,0.0,0.0,0.0,0.0,0.0,0.005304424359589045,-2.331484007572603e-05,-8.764411708738973e-05,False
0.496,0.0,0.0,0.0,0.0,0.0,0.00696716707638744,-2.82955264512216e-05,-0.00012929438471164336,False
0.497,0.0,0.0,0.0,0.0,0.0,-0.0008838962502388741,-2.677792347467777e-05,-0.00010690543615542899,False
0.498,0.0,0.0,0.0,0.0,0.0,-0.0006345344479402643,-2.5505241879897216e-05,-8.74606809776197e-05,False
0.499,0.0,0.0,0.0,0.0,0.0,-0.0017135706973648434,-2.3394914622276773e-05,-6.046762645665059e-05,False
0.5,0.0,0.0,18.75,0.0,1.5,0.000757034900688831,-2.3344884572810493e-05,-5.405106378613851e-05,False
0.501,9.3701384765625e-06,0.01873524193095703,18.71978885594634,0.0,1.5,-0.00013096700752661112,-2.2577242493802413e-05,-4.082000406694362e-05,False
0.502,3.7459718837130325e-05,0.037438189875226305,18.685414278448807,0.0,1.5,-0.010702005988965244,-1.3271809719512268e-05,5.414897942558322e-05,False
0.503,8.423436766836438e-05,0.05610468730757952,18.646890236313247,0.0,1.5,-0.006503954312184287,-7.629325790469987e-06,0.00011076402127020669,False
0.504,0.00014965556216828957,0.074730592127966,18.604231610320184,0.0,1.5,-0.0034973973890631096,-4.581209359919736e-06,0.00014054569391923756,False
0.505,0.00023368064502668262,0.09331177757114761,18.557454188512274,0.0,1.5,-0.013783449172165308,6.709310073086337e-06,0.00024852928397667523,False
0.506,0.0003362628402127055,0.11184413311152248,18.49637440834225,-0.0008160202354087101,1.5,-0.028489261392254918,2.9587395530330788e-05,0.0004641420740606727,False
0.507,0.0004573461721831385,0.13031337313858748,18.428927325372847,-0.0018159780942455927,1.5,-0.031210670253384646,5.402068412128064e-05,0.0006769585744249722,False
0.508,0.0005968643457901384,0.1487131424580415,18.345627769553474,-0.0037606431165344047,1.5,-0.042028652033151294,8.652103075197415e-05,0.0009469468749987798,False
0.509,0.0007547399708040929,0.16702760888587037,18.246327320846156,-0.006665181791529294,1.5,-0.053939674663219604,0.0001277448676644442,0.001266156849170548,False
0.51,0.0009308797512333232,0.18524079371504013,18.133324886368438,-0.010349278322520547,1.5,-0.06492510214522179,0.00017669550068223063,0.001610501045009873,False
0.511,0.0011251755618355886,0.20333901713284372,17.999953430120318,-0.015349883421392539,1.5,-0.08226832365994005,0.00023830196314058043,0.002015590678118894,False
0.512,0.0013375022662793796,0.22130193907635914,17.866063790897165,-0.02008362324603489,1.5,-0.08444265691054618,0.0002999230871896702,0.0023399512116931208,False
0.513,0.0015677243092051783,0.2391290569839942,17.705792645198535,-0.026622063980344786,1.5,-0.10790381159456797,0.0003787947499774674,0.002753468083163914,False
0.514,0.001815692707754838,0.2567940253841099,17.53286138923298,-0.033873337075681215,1.5,-0.12179264020147283,0.00046667719852180867,0.00314951735252791,False
0.515,0.0020812389917265616,0.2742842123635344,17.346484620376394,-0.041904823035186146,1.5,-0.13708814897247953,0.0005644540787033603,0.0035258480916868684,False
0.516,0.0023641816669812267,0.2915862026450131,17.14467946245611,-0.050880028680447414,1.5,-0.15485707059592835,0.0006738477449716281,0.0038872542274872835,False
0.517,0.002664324833681378,0.3086846011442708,16.9278531048669,-0.06077175246707051,1.5,-0.17327729027894698,0.0007950563435181382,0.004221395720976896,False
0.518,0.0029814574009715037,0.3255644213769783,16.696940211538045,-0.07151081929423196,1.5,-0.19188521714936513,0.0009278970278308753,0.004512703317952942,False
0.519,0.00331535375916317,0.34221161247216964,16.457313644057354,-0.08267314731381455,1.5,-0.20692018472646445,0.0010691470592093238,0.004717469843562038,False
0.52,0.0036657769332613978,0.3586174937714067,16.200245831299796,-0.09496224944474245,1.5,-0.22969300069075885,0.001224833580357852,0.004887401535482981,False
0.521,0.004032476906415507,0.37476466489063925,15.932890800933603,-0.10781239182295618,1.5,-0.247695852981707,0.0013906851412235867,0.004964499179769598,False
0.522,0.004415189837201965,0.3906428757990994,15.651549810834442,-0.12152545296771716,1.5,-0.2693946524079904,0.0015694063335030724,0.0049664882601182896,False
0.523,0.004813639786138655,0.4062381817876944,15.351131752420882,-0.1365153618413104,1.5,-0.2962539473210304,0.0017648109696556415,0.004917176139782012,False
0.524,0.005227534325322837,0.4215315526139127,15.03513230121086,-0.15251001173365064,1.5,-0.32154652772797715,0.001975157644789269,0.004780681624713173,False
0.525,0.005656563744254023,0.4365074530991169,14.713850343146975,-0.1686929307797755,1.5,-0.3393398419366957,0.0021939506199868974,0.004479620918200905,False
0.526,0.006100407944608099,0.4511606405911914,14.376820217174435,-0.18590776275215642,1.5,-0.3660961785238898,0.002428208034419568,0.004079020866912872,False
0.527,0.006558736355488384,0.4654754156039485,14.02700192846645,-0.20392554145141906,1.5,-0.39149211660919025,0.002676390087378682,0.003548809857463407,False
0.528,0.007031204186335635,0.4794390380918392,13.677919455317005,-0.22167208364957738,1.5,-0.4065079767642082,0.0029296972320798594,0.002792684711983301,False
0.529,0.007517460665505262,0.49305228277543706,13.311877722186793,-0.24056921631290926,1.5,-0.4360469322155164,0.0031997438143411723,0.0019270196663017515,False
0.53,0.008017146953094441,0.5062982431404068,12.935237060612131,-0.26011660081848065,1.5,-0.46151982513610973,0.0034827630788222806,0.0008986803720509226,False
0.531,0.008529890481836421,0.5191663698987482,12.548897829125591,-0.2802501806090474,1.5,-0.48697007108942647,0.0037783690410333306,-0.0003052824204650144,False
0.532,0.009055308585517723,0.5316470145985032,12.149183350673061,-0.30127213565501554,1.5,-0.5161443037366173,0.004089220366782683,-0.0016675240546033243,False
0.533,0.009593007112449356,0.5437268560894494,11.745329150445405,-0.3224523172095453,1.5,-0.5386021089398099,0.004409446598444559,-0.0032572423945712806,False
0.534,0.01014258320565946,0.5554018029751531,11.334403496708912,-0.3440330062043985,1.5,-0.5637370671567721,0.0047409497856601155,-0.005057716296162531,False
0.535,0.010703628451827388,0.5666648348950477,10.918862362484822,-0.3658259186809156,1.5,-0.5873097629055589,0.005082145348743075,-0.007089377260347458,False
0.536,0.011275728644884811,0.5775113863178798,10.494006761242957,-0.38821497713449116,1.5,-0.6150866010736393,0.005436162768878809,-0.009324412328684348,False
0.537,0.011858462665128388,0.58793219693778,10.050933155515155,-0.41192115595394296,1.5,-0.650954099578371,0.005809189815573232,-0.01171142719120366,False
0.538,0.012451395683435826,0.5979091109606025,9.607245384753902,-0.43554615360257065,1.5,-0.6735786687058498,0.006189964734731764,-0.014377712323983775,False
0.539,0.013054083512926648,0.6074415646171925,9.158145440360245,-0.4594818737844376,1.5,-0.7001999401447715,0.006581504147225011,-0.017291900152323417,False
0.54,0.013666079005212097,0.6165241999696853,8.707345520761814,-0.48344003224887505,1.5,-0.7241297341571257,0.0069813236524916104,-0.02048142009433305,False
0.541,0.014286931509303106,0.6251553689592393,8.25681502087949,-0.5072713868870761,1.5,-0.7465291393059379,0.007387949410765887,-0.023959521641459244,False
0.542,0.014916189710400377,0.6333353915571391,7.801673616011864,-0.5313744489449873,1.5,-0.7729488202383494,0.007804443816321793,-0.027693511678888717,False
0.543,0.01555340017476693,0.6410597112152789,7.345029216823002,-0.5555092941625217,1.5,-0.7971414997873394,0.008228723950909709,-0.031706182948290834,False
0.544,0.016198106465437997,0.6483268773623357,6.884077560865173,-0.5799086534694219,1.5,-0.823786802389272,0.00866255509593597,-0.03597962175432141,False
0.545,0.016849849293527727,0.6551326375348698,6.418202958161845,-0.604630559559369,1.5,-0.8512977024804397,0.009106367463646643,-0.040512251265674176,False
0.546,0.017508164810160886,0.661472124542227,5.945288071462858,-0.6298533327550081,1.5,-0.8809830345382506,0.009561638859039856,-0.04529326584747786,False
0.547,0.018172583241334403,0.6673383560703277,5.470900150316911,-0.6551408869021885,1.5,-0.9066275123470025,0.010024772585582858,-0.050363313035675254,False
0.548,0.018842630613174153,0.6727299134577782,5.0010393478237,-0.6800219115220358,1.5,-0.927432963206328,0.010491627583729358,-0.05576156032668211,False
0.549,0.01951783453171862,0.6776513736330991,4.528557212203295,-0.7050762366168294,1.5,-0.9538680655077297,0.0109666568145611,-0.06143731881597844,False
0.55,0.020197723607390805,0.6821001701849183,-14.688564548731335,-0.7296741185432822,0.0,-0.9739233555879951,0.011444462779806734,-0.06744338645970449,False
0.551,0.020872457734606387,0.6673464704849128,-15.12338970087062,-0.754085360388545,0.0,-0.9963335955271115,0.011926873628579103,-0.07375344183753199,False
0.552,0.021532221415344166,0.6521599468128584,-15.551694022683925,-0.778296342720976,0.0,-1.0184173754523456,0.012413494518013983,-0.08036660528438906,False
0.553,0.02217658510058134,0.6365471635340015,-15.977229499557586,-0.8026141685300625,0.0,-1.0434977672130934,0.01290663254156265,-0.08725577921657679,False
0.554,0.02280512393039441,0.620510935243271,-16.39536748938513,-0.8266758561745186,0.0,-1.0649077457550038,0.013403131008607436,-0.09445103805382841,False
0.555,0.023417418172470228,0.6040587012180334,-16.7943330852984,-0.8495460755732441,0.0,-1.0763336761334992,0.013894810434382529,-0.10202514916239898,False
0.556,0.02401306141789457,0.5872096655380452,-17.191559692143276,-0.8726245099847947,0.0,-1.1011413058841808,0.01439264277501475,-0.10985247274580871,False
0.557,0.024591657748930806,0.5699656104406592,-17.563013758814336,-0.8939953879715133,0.0,-1.1062248219223152,0.014880482714121469,-0.11808935685529562,False
0.558,0.025152825040556968,0.5523523325971993,-17.91555219780899,-0.9142110451830299,0.0,-1.115363942187595,0.015361897327233488,-0.12667337451342586,False
0.559,0.025696203536777013,0.534388774262927,-18.253713103596784,-0.9336387317142051,0.0,-1.1271799879299373,0.01583923625960334,-0.13556220002113742,False
0.56,0.0262214501552695,0.5160893410406562,-18.57678368771089,-0.9522258712971414,0.0,-1.137668978712012,0.0163115404779239,-0.1447508973385488,False
0.561,0.02672823657498521,0.49746914914084384,-18.878604941539944,-0.9694838390765605,0.0,-1.1422425421613545,0.016774162846696385,-0.1542691590447765,False
0.562,0.02721625266842614,0.4785494672351293,-19.16834712825397,-0.9861492861604317,0.0,-1.1531637901515421,0.017232517575860085,-0.16404249367628046,False
0.5630000000000001,0.027685204993214727,0.45934239855838394,-19.432173820536203,-1.0011191279380252,0.0,-1.1520227791929434,0.017676958599372506,-0.17415240977435967,False
0.5640000000000001,0.02813481912438072,0.4398738705212772,-19.681209787431857,-1.0152851742931426,0.0,-1.1584808389288428,0.018114033326458178,-0.18450791401729416,False
0.5650000000000001,0.028564841003892536,0.42015869160638486,-19.913692228748918,-1.0285091972370815,0.0,-1.1627051210630395,0.018542141791751298,-0.19510995023334662,False
0.5660000000000001,0.028975032262589104,0.4002134300438895,-20.125979757572566,-1.0405021882739347,0.0,-1.162990172782417,0.018958348439582166,-0.20597020042854253,False
0.5670000000000001,0.029365172918667772,0.38005829072180436,-20.320196879582525,-1.0514356429439657,0.0,-1.1638406136572743,0.019363448373405565,-0.2170600879232529,False
0.5680000000000001,0.0297350621327545,0.35971135342278393,-20.487940022963304,-1.0606387210367494,0.0,-1.1566631960320577,0.019751256068112337,-0.22842076774579528,False
0.5690000000000001,0.03008452134418719,0.33919909285395106,-20.63269883284069,-1.0683906312894116,0.0,-1.1506773835060498,0.020123226449587736,-0.24000972717716862,False
0.5700000000000001,0.03041339672210067,0.318544493847132,-20.767431297348608,-1.0757280235284208,0.0,-1.154039440700476,0.020487377473850817,-0.25172566531761315,False
0.5710000000000001,0.030721550943965687,0.2977575908607602,-20.871317373790998,-1.0809865620086063,0.0,-1.1396766265083578,0.020829578619537926,-0.26369604047292416,False
0.5720000000000001,0.031008867125958368,0.27686922088028054,-20.967323945107868,-1.0860020008357452,0.0,-1.1423535534723648,0.021164249309245244,-0.2757485144977639,False
0.5730000000000001,0.031275247742597746,0.25588726861800093,-21.03289691743822,-1.0889708217941378,0.0,-1.1260273633816285,0.02147621581738941,-0.28802327844676345,False
0.5740000000000001,0.03152061442401868,0.2348421542412603,-21.087610324476962,-1.0914567078168695,0.0,-1.1239424039249002,0.021777652943151572,-0.3003701579199802,False
0.5750000000000001,0.03174490943744135,0.2137447358698719,-21.117835361247465,-1.0923690907214685,0.0,-1.110033886936741,0.022059285359286338,-0.31286909203682733,False
0.5760000000000001,0.03194809271866754,0.19261948848052887,-21.133285111329076,-1.0924828013526469,0.0,-1.1026283597817461,0.022326939911680447,-0.325438263989377,False
0.577,0.03213014382353488,0.1714811788594771,-21.12273218912198,-1.0908982448429936,0.0,-1.0850734380083171,0.02257279460082984,-0.3381389430408176,False
0.578,0.03229106268489545,0.1503557906811186,-21.100672834752025,-1.0887720035703097,0.0,-1.0778694457973996,0.02280584855610786,-0.35085704306036053,False
0.579,0.03243086797394025,0.12925481986802925,-21.05904756189114,-1.0854576030362033,0.0,-1.063403750734381,0.023020584630011186,-0.3636357451747055,False
0.58,0.03254959388500541,0.10819781419289486,-20.996327692366084,-1.080829787756042,0.0,-1.0464587140542347,0.02321551438871875,-0.3764697080160022,False
0.581,0.03264729492340971,0.08720584670537233,-20.916513412598444,-1.0752050627818561,0.0,-1.0315060775229372,0.023392812424279708,-0.389316543225123,False
0.582,0.03272404466767561,0.06629599104774309,-20.816834120883577,-1.0683584067267962,0.0,-1.0132255469611464,0.023550283770118863,-0.40218077533451474,False
0.583,0.032779935153910304,0.04548808736347211,-20.69753594478988,-1.0603054723291883,0.0,-0.9938981439577628,0.02368764264623514,-0.4150452225649309,False
0.584,0.03281507813462077,0.024801727631323607,-20.56286259572584,-1.0513813939191345,0.0,-0.9768630111541909,0.023807315130879643,-0.4278669614335328,False
0.585,0.03282960283280294,0.004252261255911209,-20.414757350577407,-1.0417374657050305,0.0,-0.9605393970438085,0.023910378586315287,-0.4406212430910214,False
0.586,0.032823652849147365,-0.016146905831402526,-20.245700020862127,-1.030767879084086,0.0,-0.9372007541132301,0.023991623528495203,-0.453346150837848,False
0.587,0.032797388947917845,-0.0363748549372757,-20.06259391489652,-1.0190194947216733,0.0,-0.918238836825158,0.024055212203254576,-0.465980527348036,False
0.588,0.03275098936142309,-0.05641756759524218,-19.86311233145408,-1.00630128612214,0.0,-0.8965186136447378,0.024099411544575084,-0.4785283275823417,False
0.589,0.032684647502660126,-0.07625870204520861,-19.651062713933445,-0.9929124063122183,0.0,-0.8769504277836775,0.024126513588075934,-0.49095199908739146,False
0.59,0.032598571223039,-0.09588572281114759,-19.409448225396115,-0.9774878627543251,0.0,-0.842517920684142,0.02412496698491924,-0.5033517120863129,False
0.591,0.03249298940298736,-0.11526911236776258,-19.156939558690315,-0.9615136489255846,0.0,-0.8215292660722527,0.02410646935058732,-0.5155834139602465,False
0.592,0.03236815110884623,-0.13439801250595826,-18.895535766226413,-0.945143902839596,0.0,-0.8015999739703125,0.0240723588620851,-0.5276254252711893,False
0.593,0.032224315265750786,-0.15326356371651656,-18.62278527252306,-0.9281767746643128,0.0,-0.7791792109459328,0.024021060603601662,-0.5394865333375087,False
0.594,0.03206175088316542,-0.17185445784054376,-18.336539996140512,-0.9104342187351288,0.0,-0.7543147863375933,0.023951083004582662,-0.5511717493212221,False
0.595,0.03188073935177328,-0.19015724159996306,-18.04234682789476,-0.8923533068916576,0.0,-0.7332296552675219,0.023866015595762523,-0.5626346325015334,False
0.596,0.031681572743024085,-0.20816400575428137,-17.731359076266127,-0.8732200974173706,0.0,-0.7043822386612655,0.023760000772126554,-0.5739263266794322,False
0.597,0.031464555458363526,-0.22585800222401856,-17.409557625264416,-0.8535055720374919,0.0,-0.6793927873859932,0.02363675604367438,-0.5849951376645633,False
0.598,0.031230005657797693,-0.24322846098935022,-17.074319867044096,-0.8329929028418912,0.0,-0.6515721187061905,0.02349447722357526,-0.5958497389995384,False
0.599,0.030978253581572704,-0.2602619926978522,-16.721766098345697,-0.8113641625230894,0.0,-0.6196538108243368,0.023330385813048297,-0.6065049557837696,False
0.6,0.030709644797630886,-0.27694133285306477,-16.370759991179344,-0.7901201528793595,0.0,-0.6022438067752859,0.023156847597111938,-0.6168252957454794,False
0.601,0.03042453271081884,-0.29326806772424696,-16.011243807074305,-0.7684500838981149,0.0,-0.5767798360106842,0.022967608868457497,-0.6268772684162728,False
0.602,0.03012327416603482,-0.3092337335802403,-15.651806259374021,-0.7470336137909238,0.0,-0.5579647198571348,0.022768498268830876,-0.6365989775744105,False
0.603,0.029806230179461195,-0.32483844959475516,-15.266666273782702,-0.7238017726236855,0.0,-0.5178766579661209,0.022542570510577467,-0.6461579046718928,False
0.604,0.029473774531963683,-0.34005657414601265,-14.881006409408453,-0.7007593600748516,0.0,-0.49684780822456803,0.022306018154589092,-0.655371503897436,False
0.605,0.029126294060318393,-0.3548876312334114,-14.479251763687817,-0.6766533637573034,0.0,-0.46297109342142484,0.022048739173221324,-0.664340681260773,False
0.606,0.0287641838606972,-0.3693155822662682,-14.07784679575259,-0.6527903040396099,0.0,-0.4416334869155326,0.021781474084843013,-0.6729469659571192,False
0.607,0.028387846849295604,-0.3833408219730528,-13.659033366190211,-0.6277423246446625,0.0,-0.40568204379150075,0.021492672830447868,-0.6813061888610894,False
0.608,0.027997694422060796,-0.3969460008758169,-13.240770666726375,-0.6029366738461137,0.0,-0.3834055488278644,0.021194018579243162,-0.6892891497330094,False
0.609,0.027594146348828164,-0.4101317165035158,-12.819624521911166,-0.5780911334544081,0.0,-0.35843297318212797,0.02088360750467524,-0.6969191393338404,False
0.61,0.027177623518123854,-0.4228951348454971,-12.378246635416978,-0.5518099236885885,0.0,-0.3189002627516635,0.020549983213248545,-0.7043070443322419,False
0.611,0.026748558322028503,-0.4352160875682339,-11.931262166783563,-0.5252528540543602,0.0,-0.2900120262866954,0.020202422576667975,-0.7113432246714407,False
0.612,0.026307396011412503,-0.4470890222540804,-11.48767127394676,-0.49913125638080535,0.0,-0.2682508504250549,0.01984709145135759,-0.7179657437460043,False
0.613,0.025854582891610363,-0.4585173801836525,-11.036621095680918,-0.4725692812275253,0.0,-0.23780911231765878,0.019477181258256492,-0.7242483308416137,False
0.614,0.02539056725042164,-0.46949375793165166,-10.589441602609945,-0.4464643686530043,0.0,-0.2162676925600755,0.01910031190483228,-0.7301127421941802,False
0.615,0.024915799116746008,-0.4800220739580706,-10.137873996579346,-0.42014818449988794,0.0,-0.1882259183517062,0.018711417169352585,-0.735616463691994,False
0.616,0.02443072872842775,-0.49009799398462495,-9.678582196727008,-0.3933452179046162,0.0,-0.15710877726793482,0.01830834767651096,-0.7407788142793026,False
0.617,0.023935812324602426,-0.49971385076534075,-9.221877904971276,-0.3668712726466993,0.0,-0.1339967311141559,0.017897986998321708,-0.7455281540898185,False
0.618,0.023431508658186807,-0.5088722815019706,-8.759665712449038,-0.34007077492879695,0.0,-0.1043903188783778,0.017475283171550143,-0.7499200993621645,False
0.619,0.022918277890600226,-0.5175678340627449,-8.296972539546903,-0.3133369412204777,0.0,-0.07855134840370881,0.01704363656215699,-0.7539190807375168,False
0.62,0.0223965831230326,-0.525800079892653,-7.840370676970948,-0.2871871675302074,0.0,-0.05816097461234815,0.01660771242850262,-0.7574834473389638,False
0.621,0.0218668846007715,-0.5335751576025477,-6.966323648341905,-0.22773098796577113,0.0,0.35422212246602913,0.015850228981163655,-0.763673797058496,False
0.622,0.021329848089146897,-0.5404760020009635,-6.564245806528188,-0.20605951915772652,0.0,-0.011190663546313373,0.01541009347444753,-0.7658316627760628,False
0.623,0.020786111926478158,-0.5469743090894235,-6.187043260778558,-0.1864503632764086,0.0,0.017854489286358577,0.014958913101255609,-0.7677017817976735,False
0.624,0.02023606620378742,-0.5530949798466844,-5.807006578992025,-0.1666827322327906,0.0,0.041061720836851556,0.014501727935765084,-0.7692622044125403,False
0.625,0.01968008995958301,-0.5588352248295062,-5.420179799304637,-0.14643299165141752,0.0,0.06564718095594108,0.014037592179726445,-0.7705221298461182,False
0.626,0.019118566998667156,-0.5641883020601599,-5.0240160049688605,-0.12548967066871922,0.0,0.09290991348814104,0.013564534981525177,-0.7714962487777325,False
0.627,0.01855188914036509,-0.5691449254069189,-4.623444790860027,-0.10423896979106081,0.0,0.11684155073070923,0.01308550641870405,-0.7721487062326295,False
0.628,0.017980455026266388,-0.5737007354970105,-4.222056904056315,-0.08296045011135153,0.0,0.13816915051378514,0.01260278425257577,-0.7724559986044299,False
0.629,0.017404665862727455,-0.5778549613686493,-3.395363154332671,-0.02768766218175741,0.0,0.5128857094363191,0.01183032825397134,-0.7751699466897447,False
0.63,0.016825135761570607,-0.5811826770706876,-3.0363418470754717,-0.009796825306249354,0.0,0.17871203857114415,0.011350349689226286,-0.7741779942332128,False
0.631,0.016242457487020398,-0.5841512798761849,-2.65727434342248,0.009684133707426615,0.0,0.21296640302589498,0.010856237428377043,-0.7730012733562989,False
0.632,0.015657000156412283,-0.5867407797462976,-2.2867694934896297,0.028475549766694995,0.0,0.22507906565688934,0.01036632052501665,-0.7714426178624569,False
0.633,0.015069138579363891,-0.5889597752220707,-1.9075023868265788,0.04796913045577522,0.0,0.2509873607754086,0.00986930952975269,-0.7696243388645116,False
0.634,0.014479247625237335,-0.5907995526036498,-1.5306456864421478,0.06727885602646222,0.0,0.2683733151499142,0.009372306170488513,-0.7674706923435533,False
0.635,0.013887705293333295,-0.5922625630400027,-1.1427833537078154,0.08748451941857377,0.0,0.29681060737400816,0.008866361779119196,-0.7650737111559258,False
0.636,0.013294893836436157,-0.5933378519255813,-0.7617402266738359,0.1071683286908742,0.0,0.31138523597765205,0.008362954574061039,-0.7623125696325996,False
0.637,0.01270119755372783,-0.5940322766947649,-0.3831597783496992,0.1266849004957532,0.0,0.3291323942041745,0.007859443801351475,-0.759223788622696,False
0.638,0.012106996064346833,-0.5943483409128903,0.010069397234063748,0.14740968002742125,0.0,0.36102308566383234,0.007344380142476063,-0.7559231164029647,False
0.639,0.011512675035226514,-0.5942714499261568,0.39199176265084756,0.16727491765500627,0.0,0.37259858926812095,0.00683454055198636,-0.7522339601499083,False
0.64,0.010918621756368,-0.5938129458297108,0.7743437577783643,0.18722513873732782,0.0,0.39314927852809356,0.006322509622555092,-0.7482438263457303,False
0.641,0.010325218041279335,-0.592972442241214,1.1545386430076805,0.20706032311469677,0.0,0.4117032419569314,0.005809966238954801,-0.7439383678929055,False
0.642,0.00973284479713731,-0.5917521375253677,1.5271064557989509,0.22634946630934355,0.0,0.42565947230700035,0.0053006477849706565,-0.7392864906444407,False
0.643,0.009141877999273414,-0.5901596954568337,1.9004665365084674,0.2457719634527788,0.0,0.4461430383541163,0.004789177573773823,-0.7343512707565348,False
0.644,0.008552690167018954,-0.5881943662350277,2.2735936346846284,0.2652525898329081,0.0,0.465976043427846,0.004276143356356876,-0.729128056470909,False
0.645,0.00796565405711832,-0.5858564245871547,2.6431885553980514,0.28453408650951534,0.0,0.48319026772974577,0.003763709927043324,-0.7235981631296814,False
0.646,0.0073811405028569475,-0.5831494418076711,3.008981892802204,0.30360114745868083,0.0,0.500048121252858,0.0032521488187847213,-0.717765012843164,False
0.647,0.00679951663172662,-0.5800772579832696,3.3723304567674113,0.3225684649544797,0.0,0.5178868556484101,0.0027406410744074943,-0.7116427229401919,False
0.648,0.006221146409329516,-0.5766423570269275,3.731788365484011,0.3413266217634209,0.0,0.5344885493412259,0.0022301868339658034,-0.7052261524260234,False
0.649,0.005646390594881934,-0.5728486673160873,4.078662053602165,0.35918615491811756,0.0,0.543710519286372,0.0017267317258887385,-0.6984642785367411,False
0.65,0.005075601674841392,-0.5687088035091489,4.423563090582237,0.37700082097262616,0.0,0.5609246935111676,0.0012236059737290028,-0.6914378495394944,False
0.651,0.004509124824513231,-0.564224775628973,4.759204349667463,0.39419362173915845,0.0,0.5720917937028531,0.0007256966597343727,-0.6841034695888241,False
0.652,0.003947299567581314,-0.5594058748634912,5.092927603611666,0.411356895521778,0.0,0.5888054899069198,0.00022836477876463752,-0.6765180933705248,False
0.653,0.0033904598058726557,-0.5542540553618523,5.414546994591241,0.4276815494295848,0.0,0.5970727598918952,-0.0002615668221654496,-0.6686194336009913,False
0.654,0.0028389323968504646,-0.5487814488940422,5.73334860792943,0.44391489791037764,0.0,0.6122842942025558,-0.0007499307536850975,-0.6604791768888398,False
0.655,0.0022930367072976875,-0.5429909070896576,6.0448463496650415,0.45970345985380284,0.0,0.6237280842651072,-0.001233720638613137,-0.652072607062869,False
0.656,0.001753087010590751,-0.5368897638206229,6.341636339124375,0.4744597016621087,0.0,0.6286192775625199,-0.0017077603594318092,-0.6433595239092894,False
0.657,0.001219386546488424,-0.5304927501873314,6.63574381383917,0.48914933292144547,0.0,0.6425349908507477,-0.002179633540217748,-0.6344313179739803,False
0.658,0.000692229833702139,-0.5238025798612838,6.912392757839325,0.5025952480504304,0.0,0.6441390376741116,-0.0026394326201906147,-0.6251964769459416,False
0.659,0.00017190129319671118,-0.5168367305946627,7.1913899106480565,0.5163850084580258,0.0,0.6610276015738354,-0.003099875907532448,-0.6157989080791544,False
0.66,-0.000341322232925812,-0.5095928870247262,7.4643074070276745,0.5298496459265822,0.0,0.671297129608736,-0.003555585602143865,-0.6061842898137867,False
0.661,-0.0008471657990348658,-0.5020771552807651,7.725540737930214,0.5425450160180978,0.0,0.6766242409198974,-0.004002693897564806,-0.5963229889872812,False
0.662,-0.0013453633662016623,-0.494301240903243,7.9749218746436314,0.5544610604714714,0.0,0.6810851389368147,-0.00444074317086201,-0.5862248994091562,False
0.663,-0.0018356606845698733,-0.48627701601289,8.218161135682083,0.5660577566107621,0.0,0.6895597630361708,-0.004873240136089541,-0.575938135334404,False
0.664,-0.002317812522280184,-0.4780106455715756,8.449467740362435,0.5768755163593624,0.0,0.6929370232784013,-0.0052962147259804455,-0.5654318775119407,False
0.665,-0.002791582706092952,-0.46951408007074785,8.67009843024395,0.5870176961013531,0.0,0.6966183786544561,-0.005710183036300397,-0.5547254042542676,False
0.666,-0.0032567463847670754,-0.46079801290574,8.887286413997982,0.5970657166453425,0.0,0.7056795750518573,-0.0061197564523176795,-0.5438757318765074,False
0.667,-0.0037130857853270353,-0.4518659087540677,9.098964703938728,0.6068577231287234,0.0,0.7129637374663185,-0.00652362063177938,-0.5328739850317565,False
0.668,-0.004160387632302862,-0.4427232972644383,9.303573529597807,0.6162721093146404,0.0,0.7187293460443768,-0.00692070777666367,-0.5217160754648655,False
0.669,-0.004598444959146825,-0.4333772660065743,9.489676159208502,0.6243968115512484,0.0,0.7146326855956795,-0.007303224305742578,-0.5103350784285542,False
0.67,-0.005027063602015784,-0.42384632948320905,9.664675253451382,0.6318253159018414,0.0,0.7154334211092813,-0.007675548654251315,-0.4987949537379438,False
0.671,-0.005446064211464331,-0.41414160328120614,9.847610098829012,0.6400826597062184,0.0,0.731410263324562,-0.008050258014919952,-0.4872293459890801,False
0.672,-0.005855269038510522,-0.40425517743683714,10.013455231939234,0.6471709545695289,0.0,0.7274231269018054,-0.008411119631421658,-0.47547162638144974,False
0.673,-0.006254504930748263,-0.39420414864171766,10.166306945791394,0.6534189690728368,0.0,0.7256988933163964,-0.008760358259937154,-0.46356304072431026,False
0.674,-0.00664361378473778,-0.38400151859625353,10.310889027196083,0.6592058918188562,0.0,0.7270875754845108,-0.009100823876444612,-0.4515457754196877,False
0.675,-0.0070224481375837046,-0.3736555674701857,10.447165792266084,0.6645305288083577,0.0,0.7280073553420656,-0.009432385430830446,-0.43942751605668595,False
0.676,-0.0073908688240827145,-0.3631746101580196,10.578566172348308,0.6696687017354134,0.0,0.7313389139603602,-0.009757248122232304,-0.4272383611913771,False
0.677,-0.007748743280037682,-0.35256353438687493,10.690648361445204,0.6734668657485131,0.0,0.7224852592661066,-0.010065735227485726,-0.4148899325349914,False
0.678,-0.00809595104595389,-0.3418416577731822,10.798486005362417,0.6771307626690415,0.0,0.7248486276928555,-0.010367393441842693,-0.40249618876343723,False
0.679,-0.008432383446314322,-0.3310132339798832,10.894511422422234,0.6800564236825349,0.0,0.7207958339591505,-0.010657221023619743,-0.39001277592203415,False
0.68,-0.008757939840984134,-0.32009007791680866,10.98211364958033,0.6825153654786951,0.0,0.7188368423063729,-0.010937248640202481,-0.3774720971448217,False
0.681,-0.009072529710655652,-0.30908061679584653,11.059279595866201,0.6843471588619927,0.0,0.714746813820583,-0.011206028487500859,-0.36486891269638444,False
0.682,-0.009376071968940719,-0.2979952883877876,11.132196871144838,0.6860470196441197,0.0,0.7151877616182833,-0.011467548134914424,-0.3522526121599924,False
0.683,-0.009668492874630098,-0.2868383465501667,11.189925954855656,0.6867406030590907,0.0,0.7064020701560249,-0.011714542374132254,-0.33955679724812327,False
0.684,-0.009949728407136494,-0.2756249755723044,11.242152011692884,0.6872020525382972,0.0,0.7046737706887132,-0.011953137343844063,-0.32685707713740036,False
0.685,-0.01021972488952157,-0.2643606804946446,11.278390675399583,0.686592924361221,0.0,0.6939931201420974,-0.012176322212757064,-0.3140909048502217,False
0.686,-0.010478439389145802,-0.25306144185267876,11.301050655210174,0.6851047703898681,0.0,0.6842453593608563,-0.012385289080703913,-0.3012873256414339,False
0.687,-0.010725843749576022,-0.24174083157167386,11.321044740389343,0.6836094919501783,0.0,0.6826979693137849,-0.012587080863286219,-0.2885286322605384,False
0.6880000000000001,-0.010961917932230428,-0.23040151585100624,11.338768621368756,0.682138785027232,0.0,0.6814732672562761,-0.0127821621888257,-0.27582049502060074,False
0.6890000000000001,-0.01118664436688403,-0.21904576521127542,11.347944778490767,0.6801904918499959,0.0,0.6750488188591441,-0.012966512911295533,-0.2631249168254502,False
0.6900000000000001,-0.011400010890879502,-0.20768212249642046,11.344086880225051,0.6774048996826026,0.0,0.6644093790453398,-0.013137024188340065,-0.25042026291470676,False
0.6910000000000001,-0.011602016126085773,-0.19632361239016105,11.332524989236791,0.6742068753825802,0.0,0.6573610087828046,-0.013296995979587759,-0.23775193052090382,False
0.6920000000000001,-0.011792669054917897,-0.184977932244311,11.32356118676909,0.6714195000836877,0.0,0.6584670483822797,-0.013453329735941369,-0.2251933734690473,False
0.6930000000000001,-0.011971981208484715,-0.17364248457267542,11.302990459059073,0.66790647682328,0.0,0.6481584506782722,-0.013596885938306004,-0.21265121654492952,False
0.6940000000000001,-0.012139968619330033,-0.162328866014164,11.250834374549298,0.6620678508943036,0.0,0.6204867348856244,-0.013713967498666258,-0.20000557883926068,False
0.6950000000000001,-0.012296668900237596,-0.15106863461033465,11.206711097627716,0.6570686114527006,0.0,0.6234388415368214,-0.013830121327883669,-0.18753817116514643,False
0.6960000000000001,-0.012442131422039784,-0.13985375787325768,11.147673631129823,0.6510730739488788,0.0,0.6081248580434415,-0.013930583361541574,-0.17509483053375763,False
0.6970000000000001,-0.012576408990931003,-0.1286991331538412,11.092104584880104,0.6455491089751894,0.0,0.6070951621904996,-0.014027364531206793,-0.16280671231112376,False
0.6980000000000001,-0.012699560123359484,-0.11760128798698329,11.02871924901821,0.639593303142548,0.0,0.5971338890442951,-0.014113337106471616,-0.15059851993266735,False
0.6990000000000001,-0.01281164550286754,-0.10656802612573062,10.966871639108884,0.6339519489420073,0.0,0.5945089597793637,-0.014194747763194578,-0.13853723277368155,False
0.7000000000000001,-0.012912728941875536,-0.09559780379261595,10.889136954633264,0.6272300989617876,0.0,0.5776833528862104,-0.014260227262121217,-0.12650904331849724,False
0.7010000000000001,-0.013002881416966578,-0.08470648846926732,10.803165752955373,0.6200366161147194,0.0,0.5661222074320913,-0.014314489815366439,-0.11457598333903783,False
0.7020000000000001,-0.013082185948315556,-0.07390230131751355,10.704364924174879,0.6120015707062088,0.0,0.5502456748530415,-0.01435435907149212,-0.10271488679814281,False
0.7030000000000001,-0.013150736072315051,-0.06319805206945966,10.59982521956692,0.6036890020153476,0.0,0.5394038361930066,-0.014384319612942146,-0.09098181394607535,False
0.704,-0.013208634591072431,-0.052599463846697135,10.491071761147847,0.5952183825909202,0.0,0.5295301521123489,-0.014405436184326255,-0.07939127417798461,False
0.705,-0.01325598926743654,-0.04211073520570276,10.379460262186157,0.5866957259363506,0.0,0.5206028826392224,-0.014418725752089658,-0.06795542349787315,False
0.706,-0.013292911385150192,-0.031734709584670034,10.25479990119425,0.5773034220126761,0.0,0.5031182957943656,-0.014417481132228304,-0.05661049118858255,False
0.707,-0.013319520164056261,-0.021484412902393984,10.13114338517619,0.5681619783127951,0.0,0.49642967618825595,-0.014410855898673863,-0.04545758384519302,False
0.708,-0.013335940826718228,-0.01135882796685334,9.996293306204729,0.5582934702594278,0.0,0.4798158156894413,-0.014390965906152289,-0.034416867346010856,False
0.709,-0.013342303674087088,-0.001369125507785467,9.85854383404603,0.5483577455291805,0.0,0.46934672091525753,-0.01436316259781215,-0.023550601315992285,False
0.71,-0.013338746032490465,0.008481812642577573,9.721272408418042,0.5386221816057242,0.0,0.46159267607040594,-0.014329868658659907,-0.012882752815895555,False
0.711,-0.01332540642213604,0.01819447975738695,9.575539200100426,0.5283691579804718,0.0,0.4465712058548117,-0.014285355138661296,-0.0023547890130178103,False
0.712,-0.013302427337573506,0.027760436261621946,9.421919399043155,0.5176411121985239,0.0,0.4314789388671696,-0.014229882676324473,0.008023346689429875,False
0.713,-0.01326995942516538,0.037171818266441364,9.268359634481405,0.5070701192975086,0.0,0.422492033710706,-0.014168705461781436,0.018194416903976614,False
0.714,-0.013228157223614026,0.046428703141699744,9.095665981122739,0.4951178928417707,0.0,0.3976574346592783,-0.014089153027365993,0.02828317922260054,False
0.715,-0.013177184786240874,0.05551198943074092,8.924771263517059,0.4834538136607178,0.0,0.38882239820735603,-0.014004701239713804,0.0381396302820194,False
0.716,-0.013117214806123191,0.06442349417309443,8.756462696827755,0.4721379685367743,0.0,0.380897725294029,-0.013916226083360805,0.04776043162019537,False
0.717,-0.013048417765963353,0.07316582079952752,8.583207463967472,0.46056497582600076,0.0,0.36701986834212874,-0.013819021188967688,0.05719688267377069,False
0.718,-0.012970965309585988,0.0817340455600439,8.477312839952111,0.4545157370908264,0.0,0.41302759151176116,-0.013761824306293916,0.06597742931510277,False
0.719,-0.01288499786949156,0.09019549562045741,8.282381085653608,0.44148398467589545,0.0,0.3343980193236824,-0.013642580718118528,0.07516826732494988,False
0.72,-0.012790666711857109,0.09846121593726911,8.082994000131045,0.4282228651095279,0.0,0.3191104209300224,-0.01351433788070628,0.08415375098427129,False
0.721,-0.01268816978559955,0.10652677669421051,7.886011410067012,0.4152770698678744,0.0,0.3092623099069318,-0.013381755276724265,0.09288648728196786,False
0.722,-0.012577706041151295,0.11439460300044244,7.686105238271301,0.4022170626810339,0.0,0.2952577973559331,-0.013241590388198422,0.10140341382916686,False
0.723,-0.012459474666583628,0.12206179580896588,7.485179788643509,0.38919125459005127,0.0,0.28268417193793155,-0.013095216710749829,0.10969059402962295,False
0.724,-0.012333676797247962,0.1295273592037832,7.287568854568529,0.37654260911947296,0.0,0.2737123384401049,-0.012945726632663886,0.11771988984430305,False
0.725,-0.012200512398601348,0.1367946277631482,7.076960670788545,0.3629629858198372,0.0,0.2515049856038802,-0.012782491453279792,0.12560033362090073,False
0.726,-0.01206018625330088,0.14385063676405319,6.868345482601182,0.34964636246036507,0.0,0.24079721230320905,-0.012615212110314947,0.13322561261001098,False
0.727,-0.011912908617004708,0.15069740138778567,6.656450970565686,0.33616741070570444,0.0,0.22592501252323532,-0.012440631210446293,0.14063224670754612,False
0.728,-0.011758890365057936,0.15733166841942903,6.442173784608456,0.3225936764079651,0.0,0.21159480392513275,-0.012259394539644279,0.14781278662523115,False
0.729,-0.011598345177806163,0.16375108095403942,6.226576589045026,0.30900604363757583,0.0,0.1980122177038814,-0.012072296085244547,0.15475943108986775,False
0.73,-0.011431488561354949,0.16995434417958294,6.0151043936017485,0.29583607868530076,0.0,0.1889055634158357,-0.011883126207052059,0.161436856738369,False
0.731,-0.011258534595480275,0.17594560415359195,5.793488649328176,0.28193894172604017,0.0,0.1683023469310348,-0.01168263465214049,0.16794171487696793,False
0.732,-0.011079700344630919,0.18171474914919106,5.573488225021588,0.26825022169627344,0.0,0.1567123944766186,-0.011478440467243082,0.17419105839037827,False
0.733,-0.01089520710821794,0.18726341818991096,5.356242177465003,0.25485725643206664,0.0,0.14623737200539488,-0.011271551362507768,0.18017981323566323,False
0.734,-0.010705273977457254,0.1925943882752227,5.140626509848441,0.2416665157866714,0.0,0.13508212938148906,-0.011061492926632235,0.18591852503981357,False
0.735,-0.010510117828376376,0.19770931298023142,4.9131838461285176,0.22759770433713436,0.0,0.11288850725641958,-0.01083941701960737,0.19149682722382472,False
0.736,-0.010309960608688478,0.20259639891032866,4.691697592028686,0.21406808427514168,0.0,0.10456972598263697,-0.01061689890648703,0.19679157114217577,False
0.737,-0.010105027171967299,0.20726162340543272,4.481042101452803,0.20146427382946475,0.0,0.10080682973951605,-0.010397640095161094,0.2017769722346275,False
0.738,-0.009895533958757597,0.21171583365067434,4.258208113361383,0.18794293784935484,0.0,0.07878381114350314,-0.010166762692580418,0.20661176668999215,False
0.739,-0.009681698061490272,0.21594688446098995,4.027216978791655,0.1738204193318263,0.0,0.05914343711722314,-0.00992652523742002,0.21126183759698136,False
0.74,-0.009463746707693153,0.21994665020278453,3.8004020228591138,0.1600783191145865,0.0,0.049119729944398394,-0.009684979769108034,0.215642227600303,False
0.741,-0.009241909086758308,0.223719329773715,3.57860948786462,0.14678071504036588,0.0,0.040139254618158315,-0.009443008078986072,0.21975191908567568,False
0.742,-0.009016409766435815,0.22726996717553327,3.357005737352249,0.1335374792533992,0.0,0.027540233394315994,-0.00919769224953652,0.22362742454576529,False
0.743,-0.008787470686228035,0.23059877601092024,3.1416540896183807,0.12082970793867624,0.0,0.01866227129474879,-0.008952140057278197,0.22724140403433055,False
0.744,-0.00855531054195561,0.23371202840441557,2.941017341249275,0.10933124095327089,0.0,-0.0006876789141859185,-0.008697878858153563,0.23068483504321247,False
0.745,-0.008320137528345713,0.2366244519108552,2.7536817381968146,0.09892699777482498,0.0,-0.011565144489190049,-0.008442015777566871,0.2339044619611493,False
0.746,-0.008082145819633218,0.23934935978779776,2.575838269714175,0.08931035999827179,0.0,-0.022106545932120802,-0.008184868329674595,0.2369130372106835,False
0.747,-0.00784151818081227,0.24189625778315124,2.394428387114542,0.07943449464852066,0.0,-0.03432382622542679,-0.00792511592662679,0.23973515421179054,False
0.748,-0.007598434397373947,0.24426160230563948,2.211524106179092,0.06946150161827304,0.0,-0.04511137633028678,-0.007663990069329443,0.24235722217117045,False
0.749,-0.00735307676279711,0.2464439205473373,2.0236686590842226,0.05911138146207029,0.0,-0.05890798668489822,-0.007399093195555007,0.24480298396970596,False
0.75,-0.007105630770800973,0.2484382858189125,1.8386781821555471,0.04900549499629574,0.0,-0.06661378183533326,-0.0071354640103892105,0.2470204084425229,False
0.751,-0.006856282935567815,0.25024758196926616,1.655257271167318,0.03903719868947672,0.0,-0.07518722480443726,-0.006872364038593211,0.2490224683896588,False
0.752,-0.006605217534905357,0.2518733981384175,1.4688086103794924,0.028835580978673055,0.0,-0.08748313872345084,-0.006606764135699111,0.2508425091443356,False
0.753,-0.006352619555006743,0.25331272959049383,1.2813624737427083,0.018559373460154543,0.0,-0.0983587165717194,-0.006339885219649566,0.2524673397619738,False
0.754,-0.006098675972077791,0.25456460060340785,1.0949875790627206,0.00837059090002635,0.0,-0.10762265843685934,-0.006073068506188356,0.2538850185200021,False
0.755,-0.005843573704187308,0.25563010265430836,0.9083354208013653,-0.001841880692745308,0.0,-0.11795599606766968,-0.005805446324986524,0.2551072931892513,False
0.756,-0.005587499251870993,0.256508979653483,0.7223323824602454,-0.012007318378440268,0.0,-0.12757703751537422,-0.005537618261108061,0.25613009490444305,False
0.757,-0.005330638908793102,0.2572019011943627,0.5332947886741927,-0.022423689121016898,0.0,-0.14025133980326562,-0.005267117873300735,0.256979886872894,False
0.758,-0.0050731801399321345,0.25770585601913276,0.34856724750905715,-0.032507159995757914,0.0,-0.147100306745984,-0.004998737766165909,0.2576087912336932,False
0.759,-0.004815309751011811,0.2580251720357161,0.16590280016398617,-0.04244033086080777,0.0,-0.15551933454277136,-0.004731146546442364,0.2580366967736577,False
0.76,-0.00455721134290697,0.25816193147517225,-0.011926959739028999,-0.05200452917442712,0.0,-0.16151466051071775,-0.0044662843685992866,0.2582492460226316,False
0.761,-0.004299065049261259,0.25812098574654,-0.18751456351164472,-0.06140981767804944,0.0,-0.16933003857879836,-0.00420260016497194,0.25826896550327527,False
0.762,-0.004041047448084603,0.2579045952226199,-0.3692568308307026,-0.07133084910526469,0.0,-0.18400667605827484,-0.003934504876038909,0.2581539662574605,False
0.763,-0.0037833370533315635,0.257506629811487,-0.5502652629264427,-0.08122049241670513,0.0,-0.19350195879893214,-0.003666318941253246,0.257856781655555,False
0.764,-0.0035261150663555055,0.2569278431873472,-0.7262893003073926,-0.09074187403650885,0.0,-0.19946158773997769,-0.0034009078070962894,0.2573522678109083,False
0.765,-0.003269559810686186,0.25617323615355075,-0.9023195312742088,-0.10029685075586198,0.0,-0.20923725371678842,-0.0031351029269625578,0.25667840923654606,False
0.766,-0.0030138471032376563,0.25524282229092576,-1.078272463927258,-0.10988190629754735,0.0,-0.2190095981360275,-0.002868918149165216,0.2558364459113105,False
0.767,-0.0027591527056193455,0.25413669860495675,-1.2479781450304779,-0.11900659647099165,0.0,-0.22370950773799386,-0.0026064714747046683,0.2547882056383429,False
0.768,-0.002505649199061971,0.2528611271871049,-1.4176442750810136,-0.12816989232714399,0.0,-0.23314457552526585,-0.0023438228292472357,0.25358044451629,False
0.769,-0.0022535060051802366,0.25141616661027705,-1.5885306866543787,-0.1374756230323613,0.0,-0.24369802357059062,-0.002080072365608172,0.25222305551579804,False
0.77,-0.002002893116607773,0.24980061659982875,-1.745320835851042,-0.14570166897504383,0.0,-0.24167846794712888,-0.001825431879176257,0.2506175261240199,False
0.771,-0.001753974071907203,0.24802858150437004,-1.9009795341487556,-0.1538864662457057,0.0,-0.2493931332398891,-0.0015717612322037403,0.248860395029171,False
0.772,-0.001506904784865462,0.24610120947968128,-2.0534864663393018,-0.1618710582971607,0.0,-0.255413297866347,-0.001320405004678657,0.2469411576092347,False
0.773,-0.0012618390115229697,0.24402166727746638,-2.196289879088287,-0.16913369246118046,0.0,-0.2558073365972826,-0.001075853173293203,0.2448214846903416,False
0.774,-0.0010189240671092305,0.24179966788982332,-2.3516958947968782,-0.17746034464493762,0.0,-0.27406658842081894,-0.0008234471413206678,0.24265504419818892,False
0.775,-0.0007783087015033925,0.23942263465138633,-2.4922680015795,-0.18466028059525472,0.0,-0.27058846497606925,-0.0005810106110192162,0.2402559827692862,False
0.776,-0.0005401405296363517,0.2369054072276197,-2.632417757075788,-0.19188730123220304,0.0,-0.2779981702958469,-0.00033944499022446357,0.237730659751749,False
0.777,-0.00030455952937199213,0.23424842340104557,-2.7698143327351836,-0.1989574073393851,0.0,-0.28352049986034106,-0.0001002538367684334,0.2350658845867883,False
0.778,-7.170407599815082e-05,0.2314544498989233,-2.9069010447859585,-0.20606822296297259,0.0,-0.2909434161270336,0.0001381690785464887,0.2322811400767702,False
0.779,0.000158289000796273,0.22852381174431557,-3.0339182796731863,-0.2124414029502041,0.0,-0.2903093166744726,0.00036932162828361056,0.22931493052979163,False
0.78,0.00038528807360955163,0.22546658585553114,-3.1639715654957037,-0.21912654961202063,0.0,-0.29986423174035626,0.0006016600693770761,0.22626140252672866,False
0.781,0.0006091650422144916,0.2222797528050365,-3.278988855431758,-0.2246805673380754,0.0,-0.2947151113895232,0.0008232446920178255,0.22300260598605212,False
0.782,0.0008297978184072202,0.2189783513271753,-3.3979723888444764,-0.2306240282169671,0.0,-0.30426506288271116,0.0010462823427563577,0.21967470174865303,False
0.783,0.00104706985596171,0.2155584311825536,-3.512576400124638,-0.23629184286075383,0.0,-0.3072814728363817,0.001265441525622681,0.21622202110693983,False
0.784,0.0012608648292795222,0.212024381772631,-3.620448377133952,-0.24149737743096905,0.0,-0.30808339479383146,0.001479039049021092,0.21263409135716738,False
0.785,0.0014710719776452434,0.20838294266579852,-3.729854400232456,-0.24690310330108628,0.0,-0.3153195138838527,0.001692442407051954,0.20897103272368972,False
0.786,0.001677583148762272,0.20463259309848603,-3.8377776897786657,-0.25226980733275406,0.0,-0.32026522860806167,0.001903802523943649,0.20521344959514642,False
0.787,0.0018802901772350701,0.2007748268832638,-3.930152797912586,-0.25647402141678394,0.0,-0.31348459364969194,0.002103682285329612,0.20127263859119648,False
0.788,0.0020790934205016957,0.19682519204172336,-4.021321681702783,-0.26066302992218526,0.0,-0.3174885781779169,0.0023011395308287054,0.19725480568445997,False
0.789,0.0022739016161790328,0.19278490417865382,-4.106244295937478,-0.26443512608233727,0.0,-0.31729845381566707,0.0024928468751498896,0.19312956193992245,False
0.79,0.0024646272361590026,0.18866021484036696,-4.1934519076644134,-0.26847363658144696,0.0,-0.32380440361974644,0.0026843891933600113,0.1889582827982271,False
0.791,0.0026511847402239676,0.18444885031812738,-4.2798947891411245,-0.2725363957690833,0.0,-0.3280547941494457,0.0028739447985274974,0.18472067827991578,False
0.792,0.0028334878386059204,0.1801515844861701,-4.3639267937983,-0.27649317227061704,0.0,-0.3309743615117009,0.003060492404651577,0.1804078135422159,False
0.793,0.0030114518380285485,0.17577083598260673,-4.4432971940057815,-0.28016514211803584,0.0,-0.33192865581531367,0.003242525944451179,0.17600805141316925,False
0.794,0.003184995588543231,0.1713112721296823,-4.51681705489292,-0.2834580911420936,0.0,-0.33162085810465713,0.003419151410077791,0.1715183407586795,False
0.795,0.003354043201507799,0.166778747723904,-4.573645789776785,-0.285505435828134,0.0,-0.32192254602129344,0.0035829184114288606,0.16687402905669133,False
0.796,0.0035185300603396983,0.16218994895754543,-4.642378915191226,-0.28859397825427807,0.0,-0.3347812562189011,0.003752456153792335,0.16227434466724275,False
0.797,0.0036783939436791663,0.1575329871375689,-4.705923526557472,-0.2913588326818645,0.0,-0.3344715064947541,0.00391693837331624,0.15760042591802695,False
0.798,0.0038335692839394806,0.15281305435852566,-4.757091014886048,-0.2932254675569501,0.0,-0.32786431105326796,0.004071409197597373,0.15281064978756476,False
0.799,0.003983999297874463,0.1480425250820161,-4.802000384911628,-0.294682940421348,0.0,-0.3254556654543801,0.004219551985887634,0.14795518506346025,False
0.8,0.0041296365183198435,0.1432276581897512,-4.840792942158031,-0.29574265906011515,0.0,-0.3227606274891224,0.004361314178586464,0.14304079479604678,False
0.801,0.0042704396661423175,0.13837457066538025,-4.873609989734947,-0.2964159367083885,0.0,-0.3197895072383774,0.004496653053880271,0.13807413067131447,False
0.802,0.004406373508348013,0.1334892376128583,-4.900327379827791,-0.29669275872241613,0.0,-0.31633162557819805,0.0046253565103113545,0.13306001073802068,False
0.803,0.004537408848864747,0.128577757514388,-4.931977851534823,-0.2974555379414938,0.0,-0.32166121299749006,0.0047547279557660855,0.1280756048122851,False
0.804,0.004663517076364968,0.12363520411118625,-4.951558453954596,-0.2973451444484559,0.0,-0.31333253160738717,0.004873689132410275,0.12300788360891284,False
0.805,0.004784673150513908,0.11867364126631626,-4.971059532998511,-0.29731980897867266,0.0,-0.3141081218127767,0.004989906947939358,0.1179447173243342,False
0.806,0.004900858102323555,0.11369315057801446,-4.981497900654494,-0.2966612081411738,0.0,-0.3074950226315365,0.005097476404986855,0.11282885579350056,False
0.807,0.005012057533665908,0.10870278975271389,-4.996397459087734,-0.29645042635070673,0.0,-0.3115017806878412,0.005205241673418678,0.10775574851616969,False
0.808,0.005118259345335273,0.10369810222084182,-5.011561856399756,-0.2963525080294445,0.0,-0.31246725344613424,0.005310734624735666,0.10269555719218916,False
0.809,0.0052194490788113595,0.09867882496289206,-5.013462952464656,-0.29528549378302094,0.0,-0.3022885684568392,0.00540499604707663,0.09756113080828607,False
0.81,0.005315618773126695,0.09365821248109996,-5.014525978759217,-0.29424195488672483,0.0,-0.30147644425682285,0.0054959285026305905,0.09244388739480484,False
0.811,0.005406767511925079,0.08863710233572841,-5.010394845314203,-0.2928733201301974,0.0,-0.2970612876884387,0.005580708899469755,0.08731695855530748,False
0.812,0.005492897393294711,0.0836206846541675,-5.005964258979857,-0.2915705054805836,0.0,-0.29639108221624477,0.005662543936501984,0.08221671975660566,False
0.8130000000000001,0.005574013259172301,0.07860925812597963,-4.996030415474388,-0.28991708359773205,0.0,-0.2914538414959165,0.005738061996192954,0.07711030940656412,False
0.8140000000000001,0.0056501228507258175,0.07360832111552507,-4.990566242726736,-0.28871008957121114,0.0,-0.29446125381457283,0.005813875019632484,0.07206714808876716,False
0.8150000000000001,0.005721234423403308,0.0686134062906517,-4.972691252309501,-0.28659947180862233,0.0,-0.2838657073382558,0.005878960105989665,0.06697494399648965,False
0.8160000000000001,0.005787360201355549,0.063636914023367,-4.959539523649884,-0.2849542485847868,0.0,-0.2866178108488126,0.005944429099624624,0.06195474830278697,False
0.8170000000000001,0.005848516246043316,0.05867412269811562,-4.932363934469747,-0.2822749276050262,0.0,-0.27423106379943374,0.005998012941982982,0.05688193781847485,False
0.8180000000000001,0.005904723266189187,0.05373904359672261,-4.904795653237076,-0.279649948235954,0.0,-0.272143865316163,0.006048388174652422,0.05185608873858353,False
0.8190000000000001,0.0059560091692224095,0.04883206598614526,-4.86745294122697,-0.2763282223338168,0.0,-0.2622967083284714,0.0060893623626812774,0.04681720575640816,False
0.8200000000000001,0.00600240694026145,0.04396295344395738,-4.839602868021618,-0.2738493501037485,0.0,-0.26777661599065866,0.00613361251109975,0.04189809836369406,False
0.8210000000000001,0.006043949699097153,0.03912221654537069,-4.804901606338363,-0.27090636793787576,0.0,-0.26049428143123265,0.006170711979555411,0.03698595135962701,False
0.8220000000000001,0.006080669244127285,0.03431669789570856,-4.7663683915771475,-0.26773942118439564,0.0,-0.25525076979887035,0.006202514287664262,0.03210591206672059,False
0.8230000000000001,0.006112602707263567,0.029550222471931703,-4.713706581375555,-0.2635236510826684,0.0,-0.24120432245706158,0.006222041674213908,0.02719455111273255,False
0.8240000000000001,0.006139796190902753,0.024836903358819978,-4.6688323979652635,-0.2600098319979131,0.0,-0.24433328100871224,0.006243549222725022,0.02240509585693863,False
0.8250000000000001,0.006162298957568683,0.020168953082215994,-4.6172265025026125,-0.2560364645941068,0.0,-0.23607380469636546,0.0062577594104991025,0.01763780456593649,False
0.8260000000000001,0.006180159738507792,0.015553092954314274,-4.567233928371387,-0.25226946782205295,0.0,-0.23428709595768415,0.006270120152677415,0.01295217775135123,False
0.8270000000000001,0.006193429815673773,0.010987705066520921,-4.517232715520439,-0.2485783559515247,0.0,-0.23134721865083008,0.006279750122966581,0.0083366739975429,False
0.8280000000000001,0.006202159663731853,0.006472792375573597,-4.4588926754950995,-0.24429580500736575,0.0,-0.22154013016929386,0.00628116621678477,0.003737481294427922,False
0.8290000000000001,0.006206403923238255,0.0020166814696657024,-4.4041958066613995,-0.2403783921382635,0.0,-0.22109902691196484,0.006282185009760072,-0.0007612145043939663,False
0.8300000000000001,0.006206219573132788,-0.002384274566635653,-4.341755236240371,-0.23591457953083578,0.0,-0.2115364558449397,0.006275431957536054,-0.005235882429644748,False
0.8310000000000001,0.006201665636060525,-0.006722344328492738,-4.278192677362082,-0.23143211405929626,0.0,-0.2069232309806568,0.0062651348826104625,-0.009637576724014604,False
0.8320000000000001,0.006192805556641876,-0.010996413781599258,-4.212488544501051,-0.22684815319432222,0.0,-0.20142970835160812,0.006250681431161266,-0.013971963040338053,False
0.833,0.0061797044030182016,-0.015204350233900026,-4.143212840545122,-0.2220468700173501,0.0,-0.19463072905173678,0.006231132345299802,-0.018246612679832012,False
0.834,0.006162430090570756,-0.019342592361577603,-4.0691069328338685,-0.2169259240798252,0.0,-0.1865519275322453,0.006205595742422678,-0.022466898319506677,False
0.835,0.006141054724861102,-0.023406321599261294,-3.998605945410193,-0.21215824917722698,0.0,-0.18515735746256468,0.006179653642404679,-0.02657443161472807,False
0.836,0.006115651014460591,-0.02739914840816985,-3.9222137331668008,-0.20698327820203383,0.0,-0.17620015700166786,0.006147193949706302,-0.030633534049755218,False
0.837,0.006086292803225082,-0.03131519417283594,-3.8484865630877807,-0.20208347788971132,0.0,-0.17393960455646612,0.006113823760489092,-0.03458429566177713,False
0.838,0.006053055537490521,-0.0351571304711654,-3.7608863364636647,-0.19613476289880366,0.0,-0.15817668205919028,0.006068635785138543,-0.038535986181691316,False
0.839,0.006016020256876429,-0.03891110349904609,-3.680566726717603,-0.19082630593351807,0.0,-0.1589482176430993,0.006025353165837531,-0.042340930208623465,False
0.84,0.0059752712829351596,-0.04258439803354054,-3.5907463207233015,-0.18481495032905612,0.0,-0.14638041594571066,0.005973120821822468,-0.04611351957693262,False
0.841,0.005930894039070535,-0.04616752982807275,-3.507843880802107,-0.17941152134026764,0.0,-0.14675358562609825,0.005922670908350656,-0.04974016592513571,False
0.842,0.005882975227453345,-0.04966742154165368,-3.421215082542368,-0.17376374309422774,0.0,-0.13886216485259706,0.005867260935120149,-0.053295293795370756,False
0.843,0.005831599947257203,-0.053080359108603335,-3.338126507031383,-0.16845096460491338,0.0,-0.1367559501476574,0.005811715848009584,-0.05672915436728695,False
0.844,0.005776853380175722,-0.056409889742440454,-3.254140726564989,-0.16311708405112899,0.0,-0.1312767694200468,0.0057533083295802,-0.060073464702585296,False
0.845,0.005718819378385275,-0.05965512632281113,-3.1671797200184515,-0.1575942439492785,0.0,-0.12403043451313933,0.005690688607295044,-0.06334128479486967,False
0.846,0.005657583719621108,-0.06281310544359023,-3.0780589499712523,-0.15194578169775108,0.0,-0.11725594435636974,0.005624358115878885,-0.06652533545065602,False
0.847,0.0055932347373936495,-0.06588167885259424,-2.9806182375252837,-0.1456770351912483,0.0,-0.10521099540447337,0.005550154440857599,-0.06966414766953682,False
0.848,0.005525865991877211,-0.06885254320895305,-2.8853207522096684,-0.13962237750805803,0.0,-0.10123215561985927,0.005474831971375691,-0.0726837818967572,False
0.849,0.005455574117403856,-0.07172785103943756,-2.8043437461125067,-0.13475450770046363,0.0,-0.10758449384884869,0.005406787740485569,-0.07550728189609188,False
0.85,0.005382447510390855,-0.07452192229619432,-2.721933345628619,-0.12981324313879747,0.0,-0.10200175886492702,0.005336151455423166,-0.07824816386932233,False
0.851,0.005306568120692248,-0.0772333338474324,-2.6328726395595625,-0.12437958505399643,0.0,-0.09198741470620456,0.005259408227703647,-0.08093962713167265,False
0.852,0.005228021928343471,-0.07985544991639697,-2.5341494390272694,-0.1182102144019667,0.0,-0.0789542924485937,0.0051742867738404615,-0.0835965213567474,False
0.853,0.0051469030542213995,-0.08237862565447773,-2.4432611403005366,-0.11270207132659504,0.0,-0.07972553038098079,0.005092202153027963,-0.08609843773473123,False
0.854,0.005063306519528587,-0.08481070092166765,-2.3430996132952266,-0.10648573582270368,0.0,-0.06690496682789807,0.005002062793895914,-0.08856264919868376,False
0.855,0.004977328055530702,-0.08714242003210677,-2.2505896254779634,-0.10091235544253727,0.0,-0.06743961668608428,0.004914910906365329,-0.09087278206415271,False
0.856,0.004889064190836859,-0.08938143978669252,-2.1486462709412812,-0.09461431901464216,0.0,-0.0543831930773509,0.004819656907462142,-0.09314584064986223,False
0.857,0.004798612335565452,-0.09151834466694989,-2.0473276909482663,-0.08839339459571714,0.0,-0.048950352415049,0.004722703353335724,-0.0953098200380519,False
0.858,0.004706074288537659,-0.0935537704376305,-1.9568691307836672,-0.08306664572153118,0.0,-0.052093967746921155,0.004631042908299425,-0.09729930644631386,False
0.859,0.004611546097864903,-0.0954985799811533,-1.8606038082654732,-0.07730030449740799,0.0,-0.042247297851288196,0.004534007115636112,-0.09923114255228317,False
0.86,0.004515121278253099,-0.09734698129468916,-1.7588806341592904,-0.07111990547955016,0.0,-0.032231073865930326,0.0044316110223718745,-0.10109911993864426,False
0.861,0.004416898961828957,-0.09909353166281039,-1.6679228368033494,-0.06582086943088397,0.0,-0.03528151693590831,0.004334586837070573,-0.10279441790769432,False
0.862,0.004316975615822797,-0.10074899944116085,-1.5646608337574264,-0.059557185548723066,0.0,-0.017399031439266105,0.004225832579695509,-0.10449554986638498,False
0.863,0.004215448468322671,-0.10230110035013189,-1.4686438798148422,-0.05388956999739514,0.0,-0.016262164355312136,0.004119239886631517,-0.10605423956766405,False
0.864,0.004112417261677106,-0.10375708535901289,-1.3791744980327185,-0.04876129937551112,0.0,-0.010810995854659361,0.004011254137499983,-0.10751417076080261,False
0.865,0.004007974836094782,-0.10512350769382131,-1.2956221794182932,-0.04412104822701593,0.0,-0.005533681967434784,0.003902055584589,-0.10888113671179175,False
0.866,0.003902207793895029,-0.10640628983099801,-1.217417010864549,-0.039922375358773146,0.0,-0.008574307828204203,0.003798413772740894,-0.1100969348826822,False
0.867,0.0037951970999515333,-0.10761078411652061,-1.144043909332998,-0.03612325904149471,0.0,0.007146593951530472,0.0036849797031073216,-0.1113175358440931,False
0.868,0.0036870186244006087,-0.10874182761692192,-1.0750374045916316,-0.0326856764421502,0.0,-0.0013037155291069774,0.003581602720046877,-0.1123549031764575,False
0.869,0.0035777436331077867,-0.10980379175098513,-1.009976918306199,-0.029575223078673975,0.0,0.012883776953938275,0.003469667600892562,-0.11339676779835076,False
0.87,0.0034674392308638013,-0.11080062719866558,-0.9484824922506679,-0.026760768488344883,0.0,0.019482041597817773,0.003355562007670653,-0.11438385074524168,False
0.871,0.0033561687618081227,-0.11173590453653554,-0.8754007918821793,-0.023029334182412414,0.0,0.03232587801022964,0.003234290308659558,-0.11536798590195362,False
0.872,0.0032439995723757917,-0.11259805253228722,-0.8085129496339556,-0.019800809971826663,0.0,0.030788099215023804,0.003117700624434369,-0.11622225779815812,False
0.873,0.0031310016938444958,-0.11339326839165839,-0.7429715859428795,-0.016686888593228446,0.0,0.032792096429170775,0.0030027924314915562,-0.11698428755327452,False
0.874,0.003017241382951439,-0.1141229050593576,-0.6683828619186918,-0.012855032667492355,0.0,0.043343730184570065,0.0028825969130407266,-0.1177238890234054,False
0.875,0.0029027887377643525,-0.11477792967003533,-0.594642496075916,-0.009094553966719179,0.0,0.04639471253357369,0.0027633373142633994,-0.11837133528072748,False
0.876,0.0027877179435842267,-0.11535919830363649,-0.5238952422209981,-0.005575800189600145,0.0,0.04760286196762682,0.002646479283521014,-0.11891466656003669,False
0.877,0.002672101257843391,-0.11586971000952404,-0.45299817722944824,-0.0020463967383177084,0.0,0.05119721941507527,0.0025300226079434346,-0.11937782587691635,False
0.878,0.0025560095096838933,-0.11630932305050376,-0.3834057416839814,0.0013785930735311174,0.0,0.05360508778094175,0.0024149166329969067,-0.11975253695017515,False
0.879,0.002439512943136482,-0.11667934900111551,-0.3156082160469013,0.004661053812570712,0.0,0.05551306231390028,0.0023015278520505163,-0.12003786920771868,False
0.88,0.00232268024569342,-0.11698158918298751,-0.2381128756706545,0.008721423666870703,0.0,0.06685548037951178,0.002182168374154743,-0.12031087290368542,False
0.881,0.002205584046975342,-0.1172063610364461,-0.1627583866345499,0.012615078590418638,0.0,0.06914086966110089,0.002064341035890357,-0.12048850715531223,False
0.882,0.002088300742536101,-0.11735581243844131,-0.08386995841600303,0.01679711919975662,0.0,0.07599573602467276,0.0019443024348532434,-0.12061023854758278,False
0.883,0.0019709074160570096,-0.11742642070050041,-0.006498882335300923,0.02086525241814205,0.0,0.07895094931957558,0.0018252728522302158,-0.1206416353878871,False
0.884,0.001853482149439847,-0.11741971084571157,0.07044586118288279,0.024907982283062485,0.0,0.08271412380376375,0.0017065694727712512,-0.12059191487823565,False
0.885,0.001736102044847378,-0.11733611756484975,0.14899141076505648,0.029088815560675354,0.0,0.08815315050828053,0.0015868260864916768,-0.12047550005611085,False
0.886,0.001618844782811601,-0.11717404995674084,0.22059548011298746,0.03272595850483892,0.0,0.08663602973905707,0.001471704675344903,-0.12023675373757246,False
0.887,0.0015017853657777582,-0.11694045286178446,0.29678553907491473,0.03674212536657869,0.0,0.09417988130326985,0.0013537374324782297,-0.11995664515646014,False
0.888,0.0013849976123570928,-0.11663075194287971,0.37318958406596464,0.04078943351455928,0.0,0.09847985703966788,0.0012356316290965245,-0.11960423589800456,False
0.889,0.001268557730458262,-0.11624474193966566,0.4533485573896883,0.0451525547066639,0.0,0.10577217372331249,0.0011149682438805805,-0.11920315834355026,False
0.89,0.0011525439027956416,-0.11577867945962277,0.5276694995296892,0.049065908677541965,0.0,0.10541262347755362,0.0009980156025742048,-0.11868918455777304,False
0.891,0.0010370332613433184,-0.11523840694007136,0.6001213831348252,0.0528477005221572,0.0,0.10791817039953391,0.0008823486256595238,-0.1180933336595877,False
0.892,0.0009220990793143123,-0.11462580031271605,0.6721076918019995,0.05661130273429166,0.0,0.11147291305660222,0.000767081326101074,-0.11742696451559492,False
0.893,0.0008078134554381613,-0.11394133291940944,0.7366597830111262,0.05980046488844786,0.0,0.1092228365031201,0.0006569026354802985,-0.11664611211724875,False
0.894,0.0006942445326058725,-0.11319244120630315,0.8104100626119395,0.0637461136511045,0.0,0.12025002530569542,0.0005409175200572168,-0.11586508731827863,False
0.895,0.0005814613294315178,-0.11236994146884968,0.8818372221973947,0.06752888872929694,0.0,0.12246180214672128,0.0004264285197748493,-0.11500294398327458,False
0.896,0.0004695362902225123,-0.11147616327515215,0.950538937956273,0.0711176286674888,0.0,0.12418815367065565,0.0003137862915458814,-0.11405958577371642,False
0.897,0.0003585393287479036,-0.11051383793851649,1.0188159116004785,0.07469732029287855,0.0,0.1276468743617454,0.00020153576963021234,-0.11305274083856326,False
0.898,0.0002485387773201461,-0.10948339757429879,1.0876471959542495,0.07834746595918674,0.0,0.13192371997521482,8.900340370934413e-05,-0.11198978939065783,False
0.899,0.00013960302542509868,-0.10838429596705265,1.1515384349615958,0.08162981373853312,0.0,0.1317110713229262,-2.01676007058407e-05,-0.11083539549231901,False
0.9,3.179826299014658e-05,-0.10722147699421385,1.214378409247877,0.08485606423434715,0.0,0.1343770016366866,-0.00012840333804347808,-0.1096192464138145,False
0.901,-7.481232036740998e-05,-0.10599599825754256,1.2743169706260136,0.0878792160925626,0.0,0.13545810400513933,-0.0002344470523540996,-0.10833086115387952,False
0.902,-0.00018016751718677064,-0.10471076593182148,1.3363458339221657,0.09109935949259282,0.0,0.14050037633135803,-0.00034156829081479964,-0.10700549825610532,False
0.903,-0.00028420653150982195,-0.10336369807919582,1.3918981438215314,0.09383249016904223,0.0,0.13862180385027909,-0.00044413259338302725,-0.10558671032440804,False
0.904,-0.00038687076672507166,-0.10196127310827592,1.4559209318438542,0.09727464797346394,0.0,0.14870378871436163,-0.0005519537658089023,-0.10417696996182799,False
0.905,-0.0004881006347465136,-0.10049503343247325,1.4981812605759006,0.09900928540873802,0.0,0.1343477660076856,-0.0006450949675938205,-0.1025745158157652,False
0.906,-0.0005878431988484666,-0.09898673155734278,1.5576614739778745,0.10215333255207641,0.0,0.15072749667654994,-0.0007488594799912021,-0.10104932879609148,False
0.907,-0.0006860477929308019,-0.097419165881478,1.614802092777531,0.10514500724367068,0.0,0.1522549348493101,-0.0008509200897479778,-0.09946206429667605,False
0.908,-0.0007826563246050328,-0.09579468082171355,1.666314948813647,0.10772202036359554,0.0,0.15090286536854275,-0.0009489935004583937,-0.09779375508557947,False
0.909,-0.0008776146890431442,-0.0941189061113278,1.7138074431052113,0.11001326231228098,0.0,0.15048115981291355,-0.0010439460407797457,-0.0960597084300135,False
0.91,-0.0009708736076556234,-0.0923958647147441,1.766399058206071,0.11274869595291515,0.0,0.15737052595075957,-0.0011417860525396392,-0.09432267592240448,False
0.911,-0.0010623832672898104,-0.09062046683940068,1.810427659103829,0.11483685789636165,0.0,0.15334487686100665,-0.001233593635553501,-0.09249075850988925,False
0.912,-0.0011520955927164494,-0.0888012746466272,1.855801801511331,0.11707027049441512,0.0,0.15692323585788642,-0.001325696840908573,-0.09063527826398794,False
0.913,-0.0012399661188379004,-0.08693694857829141,1.8882475478095007,0.11830797985628289,0.0,0.14877576600687648,-0.0014085926923863676,-0.08866328068542893,False
0.914,-0.0013259561743164507,-0.08504041192952866,1.9158222620367247,0.11919372039369842,0.0,0.14633947908598494,-0.0014871665667608308,-0.08663753225531048,False
0.915,-0.0014100359840321852,-0.08311653552024625,1.9459469084236627,0.12032112069888413,0.0,0.14973040886487832,-0.0015662593433019233,-0.08461052848900956,False
0.916,-0.0014921769349445107,-0.08116277449945658,1.9785636071146733,0.12168637080023789,0.0,0.15332094573203164,-0.0016460179414529066,-0.08258055789371492,False
0.917,-0.001572347898182163,-0.07917664213661788,2.007781098528333,0.12281902865859357,0.0,0.15225282840014032,-0.0017226513021405896,-0.08050809421189761,False
0.918,-0.001650518202338851,-0.07716153860338908,2.039514465121343,0.12419244493520144,0.0,0.1558788293636307,-0.0018000489003500715,-0.07843460234667583,False
0.919,-0.001726657620044926,-0.07511495326239521,2.0691922443025907,0.12544174799191118,0.0,0.15594733079318213,-0.0018753085111038606,-0.07632901868191096,False
0.92,-0.001800735697933478,-0.07303894362296812,2.091707899684636,0.1261587161772121,0.0,0.15164612880012723,-0.001944952503744745,-0.07416030836092985,False
0.921,-0.001872726592013967,-0.07094066948013773,2.1189840249375083,0.12729676300113277,0.0,0.15673651307195074,-0.0020167445486361495,-0.07201170798948474,False
0.922,-0.0019426056596169605,-0.06881537661444262,2.139313974847237,0.12792037092094058,0.0,0.15251134360560525,-0.002083080811310919,-0.06980416603101845,False
0.923,-0.0020103493543190743,-0.06667000877194214,2.1611542989750916,0.12870565448763094,0.0,0.15481066739739469,-0.002149398899571253,-0.06759825688211919,False
0.924,-0.002075936847100535,-0.06450305902449295,2.1718575619182294,0.12864137462270958,0.0,0.14674987852637533,-0.0022073105732889706,-0.06531132523621702,False
0.925,-0.0021393521225083734,-0.062325658094037416,2.185684688827742,0.12886735792978415,0.0,0.14970592140515301,-0.0022659745824711885,-0.06304480809340315,False
0.926,-0.0022005831686293313,-0.06013468575054154,2.1969811712567866,0.12893183437515002,0.0,0.14824944884210467,-0.0023217967188724946,-0.06076013672593291,False
0.927,-0.002259617679225197,-0.05793267217261531,2.2060404009533356,0.12885819318949945,0.0,0.14687640846801192,-0.0023749250778259154,-0.0584615944652614,False
0.928,-0.0023164457315217202,-0.055721854093551015,2.216571777691751,0.128943096556723,0.0,0.14845288209595864,-0.002427824271649439,-0.05617535566557167,False
0.929,-0.0023710577856559866,-0.053500761515022074,2.2292056402171383,0.12923731969376065,0.0,0.15071454203708196,-0.0024810556016327196,-0.05390474810604669,False
0.93,-0.0024234425168159226,-0.0512672947613836,2.24025162302065,0.12944608916759937,0.0,0.15011682723854597,-0.0025322943718200886,-0.051624563967352065,False
0.931,-0.0024735883448184295,-0.04902304185391489,2.25147565924826,0.1297106975106593,0.0,0.1509044146571119,-0.0025827187537175856,-0.04934774968991958,False
0.932,-0.0025214843949334606,-0.04676782609215021,2.2615254454326927,0.12992317739475512,0.0,0.1506240715976821,-0.0026314871061204736,-0.04706566397521187,False
0.933,-0.002567120291538233,-0.044502822034565605,2.2620511567506423,0.1294155886482153,0.0,0.1433433736911357,-0.0026729780575187887,-0.044725361980948446,False
0.934,-0.0026104910062718692,-0.04223754736026889,2.27085197601225,0.1296108142848541,0.0,0.1501524135977244,-0.0027188065446317983,-0.042449761275146304,False
0.935,-0.0026515921331194104,-0.039963733505057775,2.2705551151910606,0.12912010279852854,0.0,0.14320971254645687,-0.0027577146284247893,-0.04012018052633004,False
0.936,-0.0026904196797012244,-0.037690471948417896,2.268841964708442,0.12855694630824321,0.0,0.14197024478713832,-0.0027945164363537534,-0.03779361993142201,False
0.937,-0.002726974906072793,-0.03541917780315196,2.2669595478593667,0.12802091418306083,0.0,0.14169490137572588,-0.002830052327935409,-0.03547950219646393,False
0.9380000000000001,-0.002761259864161035,-0.03315001998117836,2.260447733940239,0.12715513876257908,0.0,0.13773382808826135,-0.002861373782680771,-0.033149296286037695,False
0.9390000000000001,-0.0027932790037073804,-0.030887623995570785,2.2564945334404527,0.12653402572903488,0.0,0.13942199406256173,-0.0028931745208740783,-0.03085336286430421,False
0.9400000000000001,-0.0028230378076514115,-0.02862943248647477,2.2407947696921378,0.12501336913926867,0.0,0.12944891689466426,-0.0029159986574441767,-0.028497273445148286,False
0.9410000000000001,-0.0028505463505479924,-0.02638718229869564,2.2317059359264317,0.12406017868840724,0.0,0.1338469582002768,-0.0029417371231848493,-0.02620924551543286,False
0.9420000000000001,-0.002875817269369963,-0.024154265913225385,2.221098653198951,0.1230246694976697,0.0,0.132046917336469,-0.002965288635755699,-0.023931744794203975,False
0.9430000000000001,-0.0028988606564005217,-0.021932199534350896,2.206274726198306,0.121690622336533,0.0,0.12791599850747581,-0.002984827823007542,-0.021648631506645186,False
0.9440000000000001,-0.0029196894684683813,-0.01972519526744444,2.1893592918278744,0.12022730948170576,0.0,0.1252505086677625,-0.0030016549767423587,-0.019377099761417063,False
0.9450000000000001,-0.0029383198123322887,-0.017535341280047696,2.1703865106276745,0.11863692327462703,0.0,0.12247985326435742,-0.0030157618019070347,-0.01711916717875124,False
0.9460000000000001,-0.002954769865768843,-0.015364691371252955,2.1454178618038116,0.11660380839591541,0.0,0.11629955447479162,-0.0030244645479864237,-0.014851089323277323,False
0.9470000000000001,-0.0029690618285159584,-0.01321923453001586,2.1236983201095163,0.11486644455187214,0.0,0.11736354228971971,-0.0030337821861323305,-0.012637577946952904,False
0.9480000000000001,-0.002981219268985675,-0.011095721373818984,2.1020158025597513,0.11316783079817967,0.0,0.11604667890829015,-0.0030417694755199083,-0.010455495591211417,False
0.9490000000000001,-0.002991264111537981,-0.008994112440274983,2.0799054185544743,0.11147038598384129,0.0,0.11437721205886314,-0.003048178609459719,-0.008301926299428023,False
0.9500000000000001,-0.0029992184733967186,-0.006914832796119766,2.0606634147244636,0.11003736072128177,0.0,0.11544756403122121,-0.003055272789783712,-0.006198645617288523,False
0.9510000000000001,-0.0030051032495678723,-0.0048550138081291366,2.038721147923979,0.10842323168472115,0.0,0.1121448014333688,-0.003059491618764229,-0.004107416024469597,False
0.9520000000000001,-0.003008939249409463,-0.0028173514257161265,2.0075613289996315,0.10610591765951423,0.0,0.10323140542068834,-0.0030563735610832092,-0.0019881340595380554,False
0.9530000000000001,-0.003010753235082631,-0.0008110534545712816,1.9789239265725054,0.10402302947976451,0.0,0.10337605489022729,-0.0030534609944858934,7.595734207421854e-05,False
0.9540000000000001,-0.0030105753092686863,0.0011664040630826444,1.9465125304912927,0.10167061536003699,0.0,0.09851005022771109,-0.003046690885514804,0.0021274982334185803,False
0.9550000000000001,-0.00300843619735831,0.0031112533469592222,1.9270119182345578,0.10038245230795016,0.0,0.10725282870561698,-0.0030471918148367466,0.004055433018027665,False
0.9560000000000001,-0.003004362054318541,0.005036398685367504,1.8922433873745512,0.09790532185447447,0.0,0.09360842379999325,-0.003036630446642987,0.006052277946543913,False
0.9570000000000001,-0.002998380213356843,0.006926586392581756,1.8633825346833375,0.09593094930135362,0.0,0.0963863800867914,-0.003028617745796256,0.007969099745618166,False
0.9580000000000001,-0.0029905226784866573,0.008787723427549056,1.8247336945787094,0.0932038141648428,0.0,0.08660057494835219,-0.003012908396683287,0.009912114351768132,False
0.9590000000000001,-0.002980823390747103,0.010610032773457534,1.7873223687073085,0.09060417239595174,0.0,0.08522705636463504,-0.0029965320909996593,0.011802326307688737,False
0.96,-0.0029693205579354952,0.012394755336346536,1.752966303640539,0.0882769048887658,0.0,0.08548698817709122,-0.002980830362248326,0.013628872283804331,False
0.961,-0.0029560502385876466,0.014144948198554372,1.7248533192037367,0.08647675502554782,0.0,0.08866672924997247,-0.0029681483108890392,0.015373477116886204,False
0.962,-0.002941043841188259,0.015866853409377803,1.6904189852457812,0.08419875208739919,0.0,0.08191335654050605,-0.002950357351908788,0.017122444395778154,False
0.963,-0.0029243328113640814,0.017554157775521544,1.653119677773867,0.08171808255041849,0.0,0.07754974261603936,-0.002929537299519502,0.018848613655727393,False
0.964,-0.0029059531804066707,0.019204002469060212,1.6147028844914646,0.07917355380828431,0.0,0.07442953658620116,-0.002906780806485509,0.020538521722429252,False
0.965,-0.002885942965037583,0.020815275095780898,1.5798989636544916,0.07694277673317655,0.0,0.07517448973017507,-0.002885272435233025,0.022160730375502816,False
0.966,-0.0028643389303782546,0.022391590021555205,1.5428187544597274,0.07455439041255624,0.0,0.07132637225910102,-0.002861257728371442,0.023756279061036806,False
0.967,-0.002841177170373189,0.0239306766803871,1.497984678485742,0.07156926641378841,0.0,0.06275385937181782,-0.0028309822942652212,0.025359013834975602,False
0.968,-0.002816498786816749,0.025424791494550954,1.4604379185274976,0.06918903029884445,0.0,0.0660913856589054,-0.0028042673188479117,0.02686559445803538,False
0.969,-0.0027903451080992484,0.026881221100946772,1.4193735524740347,0.06654941878424993,0.0,0.06103660513525242,-0.002774216508301819,0.02835173255755988,False
0.97,-0.0027627555759067875,0.028296454899563978,1.3840363618873783,0.06438888317261578,0.0,0.06340733546470384,-0.002746936959859827,0.02975496652722828,False
0.971,-0.0027337685224000977,0.02967622019015174,1.3498816467184558,0.062343844757092926,0.0,0.062469951255860016,-0.002719671500475832,0.031109329003298075,False
0.972,-0.0027034188238265226,0.031021702505542904,1.3054582663479322,0.059497726779622326,0.0,0.05211153337288167,-0.002684791363517312,0.03249013081110015,False
0.973,-0.002671745893546258,0.0323226451178063,1.2690000490768534,0.057307295256452395,0.0,0.05611514577953496,-0.00265414152388689,0.03377150801340588,False
0.974,-0.002638790289076487,0.033587011928803506,1.2341190317755089,0.055261738770120375,0.0,0.05545378959942498,-0.0026238247921163507,0.03500116954663176,False
0.975,-0.002604587796656351,0.03481638300973874,1.1856097542346937,0.052144165960129836,0.0,0.042276236332527375,-0.0025836971553620633,0.036279071151104736,False
0.976,-0.0025691802213006314,0.03599714476211353,1.1439543120125957,0.04959075834904991,0.0,0.04505899008066104,-0.0025469599809839166,0.03746218935985163,False
0.977,-0.002532612745375134,0.037136151092326944,1.1050264027516068,0.04727142093445537,0.0,0.044966206995508545,-0.0025111888130981445,0.0385826939556177,False
0.978,-0.002494925759677497,0.0382361320815561,1.065688106034222,0.044934720658329555,0.0,0.04248943278970305,-0.002474425917819819,0.03966323987202474,False
0.979,-0.0024561584931731256,0.03929668205343353,1.0266030372129191,0.04263299194632929,0.0,0.040539917392753116,-0.0024371263309931465,0.040699457519908284,False
0.98,-0.002416350248852972,0.040318058470229505,0.9841189225610544,0.040073376341958414,0.0,0.03557834450932844,-0.00239686634955555,0.04171545030397322,False
0.981,-0.002375541897445266,0.04129686936623193,0.9429580907066696,0.03763251742646661,0.0,0.03427978042133081,-0.0023566958703546484,0.042678240372506664,False
0.982,-0.0023337753415768976,0.04223444176882422,0.8914050209709079,0.03437257854154739,0.0,0.02334223752901507,-0.002308807515752707,0.04366496103736921,False
0.983,-0.0022910970116198407,0.043120396256749155,0.8490496756157423,0.03185867539091215,0.0,0.027876093260079907,-0.0022659474592415614,0.04454086649179149,False
0.984,-0.002247553927076424,0.04396392911889002,0.8088475648161676,0.02952750599218458,0.0,0.027288353794285375,-0.0022238261578009385,0.04535887210422221,False
0.985,-0.002203187431923233,0.044767196664956016,0.7625362807229136,0.026717592283009618,0.0,0.019027620562490563,-0.0021762097246345075,0.0461819861766824,False
0.986,-0.0021580408429696116,0.045524099057664566,0.7194615063003645,0.0241750772174959,0.0,0.018241271119094724,-0.002129306024842513,0.046943266758744925,False
0.987,-0.0021121589062152077,0.046237875472614175,0.6793103713182371,0.021874514450298938,0.0,0.012213092814463616,-0.0020788504636643558,0.04768789123133498,False
0.988,-0.0020655832849594867,0.04691145209721398,0.6418000506700482,0.019792879175998777,0.0,0.013613795579590929,-0.002030958989454913,0.04835948883806412,False
0.989,-0.0020183528577634186,0.047547472187352065,0.6066749058295966,0.017909337689108445,0.0,0.010819961193659744,-0.0019821625494247414,0.04899552595359184,False
0.99,-0.0019705039877841502,0.04814832326439056,0.5737038982716853,0.016205038873346983,0.0,0.010088118860835917,-0.0019341564195712758,0.04958237676354466,False
0.991,-0.0019220707662063244,0.04871616172455924,0.5426782489762296,0.014662925533331638,0.0,0.004536909325371749,-0.0018830158808185447,0.0501607270467269,False
0.992,-0.0018730852322345654,0.04925293510692839,0.5134093205978014,0.013267563680433345,0.0,0.005507018705938289,-0.0018341101827434752,0.050680388875613366,False
0.993,-0.0018235775718771956,0.049760402242714205,0.48572670111118493,0.01200498806423098,0.0,-0.0021325581395379503,-0.001780404583929257,0.05121196325827702,False
0.994,-0.0017735762975390804,0.05024015148747257,0.4594764697599751,0.01086256240359127,0.0,0.0007547434479790588,-0.001730558902156346,0.05167266721241166,False
0.995,-0.00172310841024954,0.0506936172185562,0.4345196279598123,0.009828852918520013,0.0,-0.0006034217462961705,-0.0016810261221387199,0.052099749301028786,False
0.996,-0.001672199546177563,0.05112209476285502,0.4107306794587798,0.008893513897048854,0.0,-0.01163306916822597,-0.0016239662165167918,0.052570363829568596,False
0.997,-0.0016208741089293916,0.051526753904136094,0.38799634555131657,0.008047184151872609,0.0,-0.01185282117149046,-0.0015683454563956759,0.05299738730394461,False
0.998,-0.0015691553889813337,0.0519086511050898,0.3662144024936692,0.007281393330440304,0.0,-0.009206034715252095,-0.0015164441400482259,0.0533608242928276,False
0.999,-0.001517065671471976,0.05226874056633235,0.3452926294919444,0.006588477140819861,0.0,-0.012351875090692917,-0.001463466472038201,0.053709317846922774,False
1.0,-0.0014646263334615443,0.05260788423298088,0.32514785674048097,0.005961500644888384,0.0,-0.01610062462630925,-0.0014089547707040744,0.05404810158747047,False
1.0010000000000001,-0.0014118579316607963,0.05292686084889102,0.30570510398959905,0.0053941888511405125,0.0,-0.008976467028034701,-0.0013617564840622304,0.05429272868402582,False
1.002,-0.0013587802815365098,0.0532263741491222,0.28689680102783566,0.00488086391246434,0.0,-0.016780943260233668,-0.0013095763867323423,0.0545648074258716,False
1.0030000000000001,-0.0013054125286143697,0.05350706027257757,0.26492424642648205,0.004117361431769218,0.0,-0.023110850859385808,-0.0012537496463315182,0.05485075427869042,False
1.004,-0.0012517750806707857,0.053765759575149584,0.23716391107974918,0.0028930525833237423,0.0,-0.028660601527114915,-0.0011950113150370097,0.05513940277024612,False
1.0050000000000001,-0.0011978928160921547,0.05399669130387251,0.21490144766945274,0.002109648080362136,0.0,-0.025285829761020034,-0.0011406702415250134,0.055354061538061335,False
1.006,-0.0011437907539009588,0.05420535212555633,0.19089967847499895,0.0011883829628494137,0.0,-0.027495598467767703,-0.0010860799120342092,0.05554671153753659,False
1.0070000000000001,-0.0010894920333713142,0.05439000660759707,0.16034066978590283,-0.0002568022248997811,0.0,-0.033858121684574256,-0.0010278848362400622,0.05574806796060658,False
1.008,-0.001035023936862542,0.054544105370996444,0.13566864942457588,-0.0012316462650401104,0.0,-0.03039577912314917,-0.0009741425298501421,0.05587323232169017,False
1.0090000000000001,-0.000980414076980095,0.05467353420618707,0.1146457544611651,-0.0019149689240060548,0.0,-0.028328105314932163,-0.0009235975145791403,0.055941998878012635,False
1.01,-0.000925685299110858,0.054781942140278865,0.08123498427566576,-0.003589703585108719,0.0,-0.03931850029567026,-0.0008655858438860714,0.05606185005470389,False
1.0110000000000001,-0.0008708648140936088,0.05485695341213441,0.048555339810766845,-0.005208305059367483,0.0,-0.04039252011129285,-0.0008083485769651763,0.05613893986178518,False
1.012,-0.0008159856519653852,0.05489930232718363,0.020284104617139444,-0.006477097086743742,0.0,-0.038355780923402104,-0.0007543826003520725,0.056150621477344134,False
1.0130000000000001,-0.0007610782707969968,0.05491339749746169,-0.009077483545291415,-0.007835999858273853,0.0,-0.040549329505750374,-0.000700169871187641,0.05613654261828227,False
1.014,-0.000706171468167873,0.05489815260511137,-0.037775315273462375,-0.009145333336285338,0.0,-0.0413789615649091,-0.0006468217683079029,0.05608512602298986,False
1.0150000000000001,-0.0006512942513346848,0.05485423418317161,-0.07167443605677934,-0.010874743306586079,0.0,-0.047045361899080984,-0.0005903973765752247,0.05603547728555309,False
1.016,-0.0005964778920480984,0.05477644826060568,-0.1013827925183923,-0.012274051667064474,0.0,-0.04532334865107607,-0.0005369663993839624,0.05592329704822673,False
1.0170000000000001,-0.0005417541622436107,0.054668986111315244,-0.13687061487933977,-0.014140945777374346,0.0,-0.051573074737106615,-0.0004799891534604439,0.055816933516423334,False
1.018,-0.00048715562526994755,0.054526076155245566,-0.16575899434271293,-0.01548639166364662,0.0,-0.047996544386414916,-0.00042752262329240305,0.055632242754611774,False
1.0190000000000001,-0.00043271442959475696,0.05435431662670272,-0.2020026962137264,-0.017426557434599418,0.0,-0.055515554636581914,-0.0003704547314285844,0.05546520526803022,False
1.02,-0.00037846309946316546,0.054146361236525234,-0.23754327257181088,-0.01931823424769882,0.0,-0.05693187606569328,-0.00031385732927012794,0.055258409476880654,False
1.0210000000000001,-0.0003244374779995227,0.053902916626720886,-0.2686845270844334,-0.020866286775539575,0.0,-0.055229827237415596,-0.00026024207926051655,0.05498886924544168,False
1.022,-0.0002706708545728477,0.05362838264690887,-0.3091208566140038,-0.023166337993802497,0.0,-0.06458562858236029,-0.00020057074212976483,0.05474911554383281,False
1.0230000000000001,-0.00021719896251520384,0.05331347503393847,-0.34101874750021016,-0.024793464121217867,0.0,-0.059862072262132526,-0.00014641523748468442,0.054416835802269053,False
1.024,-0.0001640579069408414,0.05296673004555187,-0.3750950763003727,-0.026604640823498737,0.0,-0.06338765101823396,-9.093978458573875e-05,0.05406841016202476,False
1.025,-0.00011128061268585152,0.0525859745383245,-0.4070633550946284,-0.02825780249131666,0.0,-0.06353684626343432,-3.6915704647329684e-05,0.05367478492531503,False
1.026,-5.890003551573372e-05,0.05217331872722165,-0.42783285770393753,-0.02902603100833161,0.0,-0.055967296729976496,9.448138585571562e-06,0.053179089977398605,False
1.027,-6.9424780540908835e-06,0.051739956160828125,-0.4593225178799458,-0.03066197129606993,0.0,-0.0657548642477795,6.242318263195576e-05,0.05273240901553186,False
1.028,4.456599642075096e-05,0.051275177447683236,-0.48886337432745813,-0.03215386071690115,0.0,-0.06587584814951195,0.00011399487231405577,0.05224483474223307,False
1.029,9.559494683628014e-05,0.05078093339010162,-0.5235129938029103,-0.03406661845436759,0.0,-0.07173121641261404,0.00016884620501172548,0.05176394672634838,False
1.03,0.00014611235589568846,0.05025212255927976,-0.5475183845413061,-0.03514119365006852,0.0,-0.06490502519731045,0.00021661576616306157,0.05118408719586957,False
1.031,0.00019608897747602322,0.049699384692659464,-0.5813954666719546,-0.03701810957606882,0.0,-0.0743158047405853,0.0002706515984908981,0.050646716036387124,False
1.032,0.0002454959521522617,0.04911285855922298,-0.6064661953023889,-0.038204825458343646,0.0,-0.0689936288512378,0.00031884659679377777,0.05002355925142141,False
1.033,0.0002943038938176003,0.04850134738022484,-0.6438264739238909,-0.040388486139567484,0.0,-0.08053994218388337,0.00037502498650722,0.04945837786947691,False
1.034,0.0003424816767745195,0.047852574088102125,-0.6713296859379656,-0.04179939580252364,0.0,-0.07466264528978145,0.000424852331253802,0.04879849978561616,False
1.035,0.0003899969662842513,0.04717639218080848,-0.6892514952009255,-0.042459007161260505,0.0,-0.06824350280552793,0.0004680698787935954,0.048053578661733674,False
1.036,0.00043682714297615976,0.04648237860147173,-0.7180039126420754,-0.04399953900561855,0.0,-0.07806095288173864,0.0005180119898251442,0.04736359587593998,False
1.037,0.00048294896335072333,0.04575971327167591,-0.7345744328107806,-0.04458170769194832,0.0,-0.06961598920133119,0.0005597007101145784,0.04657146168704154,False
1.038,0.0005283398645216193,0.045020571722008906,-0.7519906760280326,-0.04524666791421239,0.0,-0.07105363713319485,0.0006013720560896266,0.04577130493202058,False
1.039,0.0005729829482443589,0.044264110747701806,-0.7706678120625683,-0.04602803860688279,0.0,-0.07292299481946461,0.0006433760826939405,0.04496554818248066,False
1.04,0.0006168602656240541,0.043489072395807175,-0.7854046952963671,-0.04651020215497954,0.0,-0.07058382548973438,0.000682295647548553,0.0441198811414747,False
1.041,0.0006599552090842745,0.04269939590663574,-0.8053807119517425,-0.04742733568382617,0.0,-0.07558626825664502,0.000724162789728671,0.04329715594766489,False
1.042,0.0007022505228281658,0.041889847916408686,-0.8257300678250908,-0.04839111426513125,0.0,-0.07697949052806985,0.0007659715289088867,0.042462126551075015,False
1.043,0.0007437261495267652,0.04106005761414683,-0.8487608753305302,-0.04958659242126302,0.0,-0.0803440596068666,0.0008093197524676361,0.041629717215725746,False
1.044,0.000784360507596274,0.04020734793485985,-0.8712094787981857,-0.05075338741493875,0.0,-0.08122918491104611,0.0008521561845119105,0.04077694116062776,False
1.045,0.0008241309694698857,0.039332303201427304,-0.8840910653124954,-0.05117305139037041,0.0,-0.07461172221629814,0.0008884203592150532,0.03984625056484352,False
1.046,0.0008630199819586338,0.038444485412022666,-0.9030540803998138,-0.05209662850728698,0.0,-0.0802695232484128,0.0009282380196813576,0.0389466486831795,False
1.047,0.00090101173334787,0.03753781936097084,-0.9204855184991174,-0.05291609195635124,0.0,-0.08010074422219784,0.0009667905812468235,0.03802437968430954,False
1.048,0.0009380881414738767,0.03661383753909001,-0.9301722745128373,-0.0531345349098064,0.0,-0.07465944739203259,0.0009998446517313529,0.03704059389057248,False
1.049,0.0009742357615479147,0.035680280479663665,-0.9449142243402632,-0.05377526058179895,0.0,-0.07926881802707669,0.0010356942510969232,0.03608443948601196,False
1.05,0.0010094424924051854,0.03473209804446168,-0.9577564757301948,-0.054282701429786855,0.0,-0.07851654128024607,0.001069918738944578,0.03510721466115611,False
1.051,0.0010436946585748216,0.03377119008117613,-0.9699585068947079,-0.05475763388748871,0.0,-0.07868071485319914,0.0011033062361025853,0.034118759959027016,False
1.052,0.0010769798549498837,0.03279819773699653,-0.9786637943181759,-0.05497168242791658,0.0,-0.07643685773257342,0.0011339306405309115,0.03310128285310449,False
1.053,0.0011092877450677027,0.03181661636217523,-0.9832064855681127,-0.05487134547076935,0.0,-0.07337813529212595,0.001161210448525684,0.032053399662662456,False
1.054,0.0011406118204384081,0.030830606242283624,-1.0018197718941662,-0.05591489623456791,0.0,-0.08517895006500828,0.001197272460158566,0.031096682608912678,False
1.055,0.0011709406208336487,0.02982610835514443,-1.0161713498085607,-0.05663764380706185,0.0,-0.08287466996222845,0.0012304466576133666,0.03010168230455034,False
1.056,0.001200257788928433,0.028807383133586613,-1.0232739634400663,-0.05680039089846312,0.0,-0.07776436582388754,0.0012585427975384028,0.029052433244894683,False
1.057,0.0012285527205242882,0.027781675436000026,-1.0281877757662303,-0.05680727203954124,0.0,-0.0763039732109401,0.001284660186442934,0.02798746854207914,False
1.058,0.0012558195272400678,0.02675117312601225,-1.0293109241757945,-0.05652998166862087,0.0,-0.073354478649052,0.0013076491517251601,0.0268983067266024,False
1.059,0.0012820553089922114,0.02571966442303381,-1.0355681280991793,-0.05668209495531048,0.0,-0.07754715419258235,0.001333381486852449,0.02584590715392317,False
1.06,0.0013072564937288613,0.02468201942571116,-1.0394838607603893,-0.056666249642626315,0.0,-0.07595043127835796,0.0013570916724706856,0.024778074614727228,False
1.061,0.0013314181155142295,0.023640578452316565,-1.044506989402342,-0.05675816365865323,0.0,-0.07705579150708033,0.0013810249380339296,0.023719114202304926,False
1.062,0.0013545358251036764,0.02259423540532321,-1.0528941865520154,-0.05713858182365627,0.0,-0.08014816677418407,0.0014067838804978944,0.022682932890281067,False
1.063,0.0013766030394453481,0.02153962941526896,-1.0504718152405323,-0.056674134979394046,0.0,-0.07173544001131116,0.0014250008879423356,0.021575227339364008,False
1.064,0.0013976168978874401,0.02048756247153494,-1.0618051016107244,-0.05732879647029984,0.0,-0.08291799988492056,0.0014517563282718407,0.020563600213952978,False
1.065,0.0014175730651188373,0.019424289457982004,-1.0619884027768756,-0.05711184231505314,0.0,-0.07449848048826757,0.0014709360926433007,0.0194761994838504,False
1.066,0.0014364659075914107,0.01836095284372322,-1.0560095148108448,-0.056421060506975415,0.0,-0.0693543489966169,0.0014854070122822492,0.01835402023411016,False
1.067,0.0014542984412036649,0.017303709974801466,-1.0597017618707458,-0.05652232381101753,0.0,-0.0769103172304779,0.0015055860177888073,0.017304549505887935,False
1.068,0.0014710719264125378,0.016242896643121476,-1.056595632284283,-0.056099208310142375,0.0,-0.07155532482007324,0.0015208571224021392,0.016213763115188226,False
1.069,0.001486786190314745,0.015185306275816409,-1.0493378501873578,-0.055362639836225254,0.0,-0.06787551126330327,0.0015327158365553606,0.015104152654630389,False
1.07,0.0015014465305036551,0.014135086895247955,-1.0418774851169603,-0.05462795083286129,0.0,-0.06716586107357372,0.0015436638582510174,0.014004657328031647,False
1.071,0.0015150604189286573,0.013092440096131136,-1.0469863826047028,-0.05491673025612465,0.0,-0.07708591546262009,0.001562334044829021,0.012998317508535974,False
1.072,0.001527629146515033,0.01204480565766322,-1.0409675983685642,-0.05433470655329497,0.0,-0.0683126256671926,0.0015733712384307836,0.011921987164214429,False
1.073,0.0015391532867660598,0.011003303063821466,-1.0439211126752679,-0.05448853348457377,0.0,-0.07539165929912649,0.0015898276481101756,0.010914492661523088,False
1.074,0.0015496344874735837,0.009958966388657642,-1.0402473457458072,-0.054131290918501156,0.0,-0.07022716491532471,0.0016016359049777615,0.009867893100240445,False
1.075,0.0015590732265848089,0.008918418015763442,-1.0280650349543772,-0.05311167455593201,0.0,-0.06298265548705748,0.0016072435153525273,0.00877513599484954,False
1.076,0.0015674775443258221,0.00789015936598835,-1.0213669240426007,-0.05254793900162467,0.0,-0.06671587667997667,0.0016157150567635704,0.007733529686676101,False
1.077,0.001574856989281061,0.0068687091741731834,-1.0161083776036461,-0.05211699930033181,0.0,-0.0675392867565346,0.0016246132428119993,0.006712737908553043,False
1.078,0.0015812176502442799,0.0058526282433676935,-1.0063141165595135,-0.051340896231159935,0.0,-0.06352183611985389,0.0016300062570803668,0.005672984320261583,False
1.079,0.0015865671629564932,0.004846448114400999,-1.0004796805401572,-0.05089859173626758,0.0,-0.06622608364038335,0.0016374361069933794,0.0046728476634678275,False
1.08,0.0015909134489625952,0.003846210965752171,-0.9836006863949562,-0.04959006751437952,0.0,-0.05677670300634048,0.0016370040740067981,0.0036121192960591885,False
1.081,0.0015942679704355415,0.002862951994169733,-0.9744735590021577,-0.048917507013032505,0.0,-0.062097352728147995,0.0016408925032682638,0.0026211550023124545,False
1.082,0.0015966438309924932,0.0018889235253180259,-0.9552881821186727,-0.04745679478859077,0.0,-0.053232179501979934,0.0016374924562136814,0.0015786831769194535,False
1.083,0.0015980552873069967,0.0009341748539765143,-0.9418209246803491,-0.046468577820424815,0.0,-0.056701560025107275,0.001636997981766417,0.0005947440663717327,False
1.084,0.0015985187608767194,-7.009806437682895e-06,-0.9316072141844403,-0.045756080615746784,0.0,-0.058591606477104305,0.001638047922750449,-0.0003509548702275094,False
1.085,0.0015980461892742418,-0.0009378829671698196,-0.9171515699210122,-0.044719840142805,0.0,-0.05451825253394922,0.0016357698460198284,-0.0013094620105627438,False
1.086,0.0015966500034797393,-0.0018542071927079447,-0.9034818863002028,-0.04376135570450587,0.0,-0.05430128982624393,0.001633380651862379,-0.0022449214603203907,False
1.087,0.001594344359106489,-0.0027567694609738507,-0.883128989168182,-0.04228293300485464,0.0,-0.0479433432296615,0.0016259110327647905,-0.003206296820619011,False
1.088,0.001591146357469807,-0.0036388933662110795,-0.8693655464103025,-0.041345276482313,0.0,-0.0521054297456456,0.0016220232138165135,-0.004102404205214445,False
1.089,0.0015870731431479057,-0.0045071654743774016,-0.8471729553724942,-0.03974737971006251,0.0,-0.04430850631815998,0.0016119322776501832,-0.0050355782241149755,False
1.09,0.001582142779807228,-0.005353164829269423,-0.8332063925401126,-0.03882032114619124,0.0,-0.0497054851827702,0.0016064973428040405,-0.0058913901264931404,False
1.091,0.0015763734284848856,-0.0061851134887957095,-0.8119952534414547,-0.03732711218124392,0.0,-0.04289789382281477,0.001595704214726853,-0.006776380105843375,False
1.092,0.001569782759759291,-0.00699577415875788,-0.7992600487336423,-0.03652420712207509,0.0,-0.04860102010636504,0.0015898348807923794,-0.007583120164727758,False
1.093,0.0015623878250524638,-0.007793618495821036,-0.7773763389305192,-0.03500236048299571,0.0,-0.0403268160948928,0.0015774321239236827,-0.008432332985561926,False
1.094,0.0015542060120973822,-0.008569506636740692,-0.7604275790140738,-0.03388683889978191,0.0,-0.04304728850107391,0.0015675836738538406,-0.009225746678647216,False
1.095,0.0015452568100717378,-0.00932837211591038,-0.735974341505079,-0.032182729393024294,0.0,-0.035819695627200734,0.0015521620277342586,-0.010047749349453728,False
1.096,0.0015355609912921962,-0.01006271827654584,-0.7213649519443402,-0.031276624505473194,0.0,-0.042434467673275716,0.0015425335230399887,-0.010780168892118849,False
1.097,0.001525138154786513,-0.010782383975524907,-0.7025322194962992,-0.030043976850609697,0.0,-0.038140318239446885,0.0015297008468724157,-0.011521753363263837,False
1.098,0.0015140050910424437,-0.011483150844836363,-0.6810641785264515,-0.028611020744732502,0.0,-0.03483613844348232,0.001514556400559013,-0.012259021238863079,False
1.099,0.0015021820151521904,-0.012162387775217687,-0.6689741011642927,-0.027938138353430116,0.0,-0.0413247477249617,0.0015050950837212772,-0.012912156608584439,False
1.1,0.0014896857696973396,-0.01282946776977151,-0.6472032832207792,-0.026501454935482813,0.0,-0.03271258217710502,0.0014889284879697471,-0.013611940273133926,False
1.101,0.001476533349018261,-0.013474719074544563,-0.629360898911872,-0.02538823791956641,0.0,-0.0346553669956047,0.0014747931599670455,-0.01426282979683402,False
1.102,0.0014627446177882181,-0.014102069485567215,-0.61027377453609,-0.02418474718096734,0.0,-0.03261414216844587,0.0014594056146792717,-0.014901426752677744,False
1.103,0.0014483380982772253,-0.014710277255310022,-0.5914542250646139,-0.023011485506816254,0.0,-0.03173716681039615,0.0014437440521664147,-0.015517055964864267,False
1.104,0.0014333327986909075,-0.015299611900500278,-0.5747709750494454,-0.02201764105557933,0.0,-0.032442159730628424,0.0014290971840731385,-0.016097902889168243,False
1.105,0.001417746523850515,-0.01587221016124485,-0.5639914575418802,-0.021504544393390536,0.0,-0.036459592499447926,0.0014181183914066511,-0.01662132307730548,False
1.106,0.0014015930591775873,-0.01643397300510798,-0.5515710985009118,-0.020869089575489334,0.0,-0.03467870448866836,0.0014060087240296759,-0.01714091251144245,False
1.107,0.0013848840596781577,-0.016983262100410023,-0.5273848050877022,-0.019300862784858548,0.0,-0.024345745475903305,0.0013858754771753153,-0.01772117638312696,False
1.108,0.0013676378785496969,-0.01750832217627958,-0.4997578250107343,-0.017464142848117748,0.0,-0.0184259313103804,0.001361519436373084,-0.018311445804866617,False
1.109,0.0013498804633546163,-0.018005717978558305,-0.48077760090247634,-0.01632504588924201,0.0,-0.02543919254809804,0.0013435324017779748,-0.018805504342762062,False
1.11,0.0013316351561934428,-0.018484092567995984,-0.45704974838295037,-0.01481263816731358,0.0,-0.020427841876263265,0.001321997347376383,-0.01930988795916224,False
1.111,0.0013129233501492242,-0.018938704191802283,-0.442949751727314,-0.014076004338515363,0.0,-0.027001126918825818,0.0013063950961704335,-0.019727895998679836,False
1.112,0.0012937639958652053,-0.019379175799731814,-0.42522080262685535,-0.013055413380542554,0.0,-0.023317782814578122,0.0012882525491652618,-0.02015295614022511,False
1.113,0.001274173046362514,-0.019801882885604277,-0.4046489427861873,-0.011813026534642243,0.0,-0.018838408084521918,0.0012669971393383288,-0.020586372001711543,False
1.114,0.0012541696862155445,-0.020203986773798404,-0.38549305459774946,-0.010688868428795965,0.0,-0.019535820846907165,0.0012469088162371674,-0.020983442828421173,False
1.115,0.0012337738102309538,-0.020586904638117146,-0.3676148517302617,-0.009671688110837824,0.0,-0.01891173724304663,0.0012268844669859494,-0.021356915048255404,False
1.116,0.0012130039652020303,-0.020951915315527557,-0.3508893354254103,-0.008751305298259585,0.0,-0.013684225077878004,0.0012031948060413095,-0.021744245062144472,False
1.117,0.0011918774816000036,-0.02130017259882997,-0.3357830671449391,-0.007964871414654661,0.0,-0.020482325026753262,0.0011856810463775908,-0.02205107917692059,False
1.118,0.0011704103029867934,-0.021633296345322954,-0.32097879472685087,-0.007206913685824544,0.0,-0.012156804419123327,0.0011619223158479614,-0.022400754113163276,False
1.119,0.0011486174114122849,-0.021951590014808873,-0.30702509718916954,-0.006521085171489501,0.0,-0.005333896370687374,0.001133312287763758,-0.022778349946187125,False
1.12,0.0011265132113306637,-0.02225590518020169,-0.2938381381461361,-0.005900521869363142,0.0,-0.00791758467003563,0.0011076051254951783,-0.023108840391312415,False
1.121,0.0011041112975515794,-0.022547009548264697,-0.281342189793449,-0.005339012973339259,0.0,-0.008907926970698442,0.0010834284028865687,-0.023407408341972923,False
1.122,0.0010814245350509633,-0.022825595071239796,-0.26946886170031686,-0.004830938713656786,0.0,-0.010321658974581552,0.0010610815728246672,-0.023672612946584383,False
1.123,0.001058465131055927,-0.023092285286963735,-0.25815640296157755,-0.004371214112355166,0.0,-0.005314363918209247,0.0010353135638119918,-0.023956373199383752,False
1.124,0.0010352447001385602,-0.023347641960860428,-0.24734907072870788,-0.003955238091105797,0.0,-0.010994874370317112,0.0010148754258661598,-0.0241742102179099,False
1.125,0.001011774322983559,-0.023592171096214455,-0.23699655880289966,-0.003578847422073647,0.0,-0.009723233300404123,0.0009939868375221019,-0.024384157872643055,False
1.1260000000000001,0.0009880645994313584,-0.023826328372811595,-0.22705348057451036,-0.0032382750609337685,0.0,-0.0036274385342645217,0.0009687543672556978,-0.024624117491725855,False
1.127,0.000964125696341226,-0.02405052406831426,-0.21747890113712384,-0.0029301124450255506,0.0,-0.00757821339438975,0.0009474359952236657,-0.024813857599464303,False
1.1280000000000001,0.0009399673907669866,-0.02426512751156589,-0.20823591389662255,-0.0026512753793119515,0.0,-0.004830661870151201,0.0009244970495048988,-0.025008416331144326,False
1.129,0.0009155991088911937,-0.02447047111233692,-0.1992912574409999,-0.0023989731687189355,0.0,-0.0021375216637414887,0.0009000275150361296,-0.025206877231572562,False
1.1300000000000001,0.0008910299611211733,-0.02466685400778904,-0.19061496883959528,-0.002170680687921186,0.0,-0.000598999067874955,0.0008750056818714417,-0.02539978179213004,False
1.131,0.0008662687737119995,-0.024854545362101518,-0.18218006990503668,-0.0019641131090391267,0.0,-0.0006313069556989973,0.0008507191297177563,-0.02557499253271466,False
1.1320000000000001,0.0008413241172467558,-0.025033787352235447,-0.17396228328108618,-0.0017772030343135444,0.0,0.0004443468527492722,0.000826249885674946,-0.025741965790367655,False
1.133,0.0008162043322730261,-0.025204797869673532,-0.16593977551809483,-0.0016080798048939402,0.0,0.0021644782643250836,0.0008010812830328826,-0.025905963446962516,False
1.1340000000000001,0.0007909175523661436,-0.025367772965133793,-0.15809292456788168,-0.0014550507786560024,0.0,0.004736826396754174,0.000774543087645915,-0.02607352523945903,False
1.135,0.0007654717248640089,-0.02552288906068625,-0.1504041093742515,-0.0013165843896703097,0.0,0.010349355647804977,0.0007442124287670389,-0.026267791065476657,False
1.1360000000000001,0.0007398746294950251,-0.02567030495137703,-0.14285751945651176,-0.0011912948197757326,0.0,0.01056195891082734,0.0007145691948256027,-0.02644473623675196,False
1.137,0.000714133895099643,-0.025810163616360758,-0.13543898258344714,-0.0010779281288454876,0.0,0.007251012235258904,0.0006884469810165703,-0.026577638587591153,False
1.1380000000000001,0.0006882570146269594,-0.02594259385763896,-0.1281358088162685,-0.0009753497049328841,0.0,0.012836231349687099,0.0006585426282349775,-0.026738120221802525,False
1.139,0.000662251358570577,-0.026067711782779866,-0.1209366493628801,-0.0008825329086936058,0.0,0.011259108077016591,0.0006307627901254708,-0.02686838907049951,False
1.1400000000000001,0.000636124186992336,-0.026185622146436893,-0.11383136883404633,-0.0007985487984340876,0.0,0.011487686769655118,0.0006035851509157165,-0.026984012013480163,False
1.141,0.0006098826602684168,-0.02629641956407296,-0.10681092962616957,-0.0007225568329508177,0.0,0.014807401488800435,0.0005744897000891169,-0.02710961778743361,False
1.1420000000000001,0.0005835338486795423,-0.02640018961002215,-0.09986728727675703,-0.0006537964591114579,0.0,0.01652461465772472,0.0005448283606876239,-0.027231770383641746,False
1.143,0.0005570847409554546,-0.02649700981086569,-0.09116242081487648,-0.00044510950529581936,0.0,0.02152376377088594,0.0005119597320277431,-0.027375858036170413,False
1.1440000000000001,0.0005305431668361415,-0.026585121110197493,-0.08452892756677477,-0.00040275173551513244,0.0,0.009012205457140886,0.0004901534194138873,-0.02740201953774635,False
1.145,0.0005039167997471151,-0.026666594230103022,-0.07793669910385903,-0.00036442484047301407,0.0,0.015287811863185383,0.0004638836367882424,-0.027465353369735487,False
1.1460000000000001,0.0004772122569972695,-0.026741471149295995,-0.07138236649696376,-0.0003297452317217685,0.0,0.016371912549409687,0.0004374805276084868,-0.02752287512152712,False
1.147,0.0004504361156019504,-0.02680979047549249,-0.06486301309821003,-0.0002983658240807942,0.0,0.012593194024047114,0.00041488537579444296,-0.027536784846720227,False
1.1480000000000001,0.0004235949154278021,-0.02687158789771527,-0.05837613114832553,-0.00026997256189143713,0.0,0.017721861013667267,0.00038877780561916137,-0.02757882211079608,False
1.149,0.00039669516190701337,-0.026926896595188744,-0.04966968940915378,-6.428982982871126e-05,0.0,0.021872495763312592,0.0003600492882426567,-0.027639353389860483,False
1.1500000000000001,0.00036974445272550203,-0.026973499484735507,-0.04345940068148697,-5.817184362818231e-05,0.0,0.016908452177841912,0.0003361544078650576,-0.027643720526329747,False
1.151,0.00034275024593554933,-0.027013891733547984,-0.03673501657771915,-1.0963907403402136e-05,0.0,0.020433525772443083,0.00031008239972925186,-0.027663510932935207,False
1.1520000000000001,0.00031571900885947067,-0.027047560349227777,-0.026437394124139736,0.00032224338763196006,0.0,0.02345558406569629,0.00028230226365134084,-0.02769304215254414,False
1.153,0.0002886592505710582,-0.027070935661926795,-0.012975999998775255,0.0009092742309458107,0.0,0.02642604876748518,0.00025290418430293427,-0.027727379858229487,False
1.154,0.00026158284505296776,-0.027080857547564587,-0.00228884977725738,0.0012756803230650794,0.0,0.02471199516278768,0.00022572714655929834,-0.027726036902811,False
1.155,0.00023450185882530387,-0.0270800995791716,0.005139626569793999,0.0013825916349383986,0.0,0.022375148478112474,0.0002012124918162312,-0.02768842550063677,False
1.156,0.00020742534284972868,-0.027071919066590348,0.015514608708415163,0.0017261945799774876,0.0,0.024943352584225326,0.00017531306687874665,-0.02765768899441744,False
1.157,0.00018036219188111152,-0.027053372657818382,0.025582195837408728,0.0020466904019145,0.0,0.025043130353167076,0.00015006684202536753,-0.027610893618923833,False
1.158,0.00015332261780926475,-0.027024768671474228,0.04623530839996426,0.0032156595519869987,0.0,0.03418730020143709,0.00011813191111660238,-0.027619217490768476,False
1.159,0.0001263219678528313,-0.026975531044850537,0.05953760108797269,0.003799739783006714,0.0,0.02925983481690383,9.109186924940812e-05,-0.027558606078862704,False
1.16,9.93772013746119e-05,-0.02691300713209427,0.07637589305787881,0.004669300213522009,0.0,0.03280799573857389,6.194513956333267e-05,-0.027505530725485044,False
1.161,7.250337124551284e-05,-0.0268336652110301,0.08386740427175678,0.00479441319883616,0.0,0.025924188703866827,3.919836337824484e-05,-0.02737410691449128,False
1.162,4.5712623876470205e-05,-0.02674684659663562,0.10400808324531104,0.005933852297805073,0.0,0.036600337306840314,8.451577932836832e-06,-0.027314350408996897,False
1.163,1.901875698473125e-05,-0.02663991291796517,0.11597818613464457,0.006423802966340908,0.0,0.030971592393750632,-1.686615293469347e-05,-0.027181917602436073,False
1.164,-7.562198289025024e-06,-0.026521030581838172,0.12625746758905984,0.006781954168101759,0.0,0.030085500934055393,-4.0748894296103286e-05,-0.02702534355511521,False
1.165,-3.401913870756786e-05,-0.026391890422375937,0.1371505326657161,0.007192671265835956,0.0,0.030986926708822443,-6.468469624627238e-05,-0.026861168683817105,False
1.166,-6.034150009941761e-05,-0.026251880292470182,0.15149206266591714,0.007882992376387432,0.0,0.034302326697556645,-9.062669003488543e-05,-0.02670758019126467,False
1.167,-8.651668956326231e-05,-0.02609755566371135,0.1715166176400244,0.009032322319417868,0.0,0.03976092760250244,-0.0001202534053800526,-0.026576646543327587,False
1.168,-0.00011252755309785616,-0.025923239593763577,0.18169880778192402,0.009399619915540882,0.0,0.03276308730817645,-0.00014337422976861504,-0.026363606237599674,False
1.169,-0.00013835901864188356,-0.025738768948433945,0.19798529803579656,0.010259709233497748,0.0,0.03825334673107893,-0.0001702853623104591,-0.026179568713747423,False
1.17,-0.00016399788143329103,-0.025538045374084214,0.21859148762534214,0.011470791699338028,0.0,0.04275630413907366,-0.0002000799505357284,-0.026008483142932297,False
1.171,-0.00018942573042266396,-0.02531675439890751,0.23821079244765925,0.012609189720335888,0.0,0.04319912142936595,-0.00022938871422853444,-0.02581278689616831,False
1.172,-0.00021462249216666656,-0.02507588444352974,0.25346785591452775,0.013405117480938655,0.0,0.04076333220448308,-0.0002558945662175906,-0.025571501509233416,False
1.173,-0.00023957076840866454,-0.024819796517292263,0.26721478931065834,0.014086533731421633,0.0,0.04036000897724199,-0.000281322662703118,-0.025306625729442145,False
1.174,-0.00026425609642174503,-0.024550001272780876,0.2825142071024046,0.014898526679867253,0.0,0.04239303291879977,-0.00030767629810732095,-0.025039349446415542,False
1.175,-0.00028866399356179814,-0.024264948988829443,0.29439159287836025,0.015443581667496922,0.0,0.04041988396385471,-0.0003316853778887772,-0.0247364296354491,False
1.176,-0.00031278091349004736,-0.023968060719509438,0.3119610763840831,0.016450662381564663,0.0,0.045766056905040806,-0.00035934292337779227,-0.024459726179164292,False
1.177,-0.00033659217609179645,-0.02365365017818209,0.32605929429040953,0.017187646352198577,0.0,0.04395318323713452,-0.0003847487378870326,-0.02414564411242727,False
1.178,-0.00036008199448464253,-0.023325187868457383,0.33440526257293607,0.017471922560896434,0.0,0.03997316596602585,-0.00040621186350644936,-0.02378222961753763,False
1.179,-0.0003832391920602933,-0.022988423092384795,0.3458594794098638,0.018011842124617646,0.0,0.04291412079435748,-0.0004294480623498759,-0.0234315116093711,False
1.18,-0.00040605391334526007,-0.0226402509814462,0.354487066830342,0.018333164788439132,0.0,0.04117452326405886,-0.0004506171644404129,-0.023052846232106253,False
1.181,-0.0004285161640141076,-0.022283497222886153,0.36457493659073437,0.018778684308258475,0.0,0.042784683472671795,-0.0004724901059118763,-0.022676373345148444,False
1.182,-0.0004506166329783595,-0.021916703648683335,0.3767375942742136,0.019397903710484617,0.0,0.045032790860161,-0.0004955634963193624,-0.022305130732546453,False
1.183,-0.0004723442439427169,-0.021537798232867594,0.387802694703119,0.019937483397336503,0.0,0.044817306308876176,-0.0005178085035563653,-0.02191711959979866,False
1.184,-0.0004936874340136419,-0.02114787903068506,0.3867494196085571,0.019515834272756806,0.0,0.03535158788770896,-0.0005317585361581759,-0.021441945906262524,False
1.185,-0.000514641245863324,-0.020759056117730434,0.40120755909624384,0.020341975568032022,0.0,0.04791522922442725,-0.000555486212643108,-0.021068157798919736,False
1.186,-0.0005351990240544236,-0.02035583016514101,0.40262365431251,0.020133610292204254,0.0,0.03797088004303051,-0.0005704893402548665,-0.02059900479075521,False
1.187,-0.0005553528837277954,-0.019951234571335796,0.4107747355883009,0.020471478791403458,0.0,0.04344720418911774,-0.000589501548578913,-0.020172825176206922,False
1.188,-0.0005750980895467918,-0.019538539805347428,0.4219700652314162,0.02106121483002936,0.0,0.04640193463663029,-0.0006103674436690898,-0.019760695777070746,False
1.189,-0.0005944250213079674,-0.019114704925611768,0.42603902988226783,0.021089707415964602,0.0,0.041147018137191904,-0.0006263870044859106,-0.019294500409419605,False
1.19,-0.0006133261006499361,-0.01868685194059336,0.42803366815787675,0.02096040140806009,0.0,0.03953360779282576,-0.0006406461645149138,-0.01881260502421814,False
1.191,-0.0006317983462433911,-0.018257053995773785,0.43641224394586264,0.021349762803795115,0.0,0.0448014207989154,-0.0006587666544265684,-0.01837158371681668,False
1.192,-0.0006498366228879191,-0.01781893239711334,0.4363939555545294,0.021076185344726214,0.0,0.038290170850778085,-0.0006711013410223969,-0.017870910519951873,False
1.193,-0.0006674368034966393,-0.01738087833557008,0.4419307253152888,0.021254890162015188,0.0,0.04272453413607983,-0.0006866770391602883,-0.017407594494405248,False
1.194,-0.0006845961795153837,-0.016937341117767617,0.458479239234156,0.02232312697332346,0.0,0.052155474399161836,-0.0007094477096287513,-0.017012839760911384,False
1.195,-0.000701303764976494,-0.016477318283394007,0.4638131654622297,0.02250430727339421,0.0,0.04398475941123768,-0.000724957093899384,-0.016534205801669328,False
1.196,-0.0007175486792674908,-0.016012017446841668,0.4674151863723164,0.022555896589349474,0.0,0.04281596068095345,-0.0007390805452309427,-0.016041815276848195,False
1.197,-0.0007333265100876548,-0.01554316974371841,0.47186698384304354,0.022684301156619485,0.0,0.04366616226139347,-0.0007534921591405058,-0.01555384267741463,False
1.198,-0.0007486332860354235,-0.01506992646513576,0.47759852330150826,0.022924091539666746,0.0,0.04495205711785642,-0.0007685365571550311,-0.015072526083874159,False
1.199,-0.000763463972160929,-0.014591009370632891,0.4855155085559726,0.023347968061105142,0.0,0.04710454346323259,-0.0007848974996350364,-0.014602828538283225,False
1.2,-0.0007778118027046866,-0.014104235372544955,0.48952416853141534,0.023468812789123477,0.0,0.04437166613112889,-0.0007985819155410304,-0.014103645791439324,False
1.201,-0.0007916708742069185,-0.013613510603363105,0.48503198655352575,0.022918861916153957,0.0,0.037512848998014534,-0.0008063248159087053,-0.013548315400874098,False
1.202,-0.0008050414842614969,-0.01312732965828461,0.49184186819953496,0.023281323180261704,0.0,0.04646044794455573,-0.0008210933012429166,-0.013071811259045146,False
1.203,-0.000817922528420797,-0.012634398858590986,0.49302333544065224,0.023203133460646917,0.0,0.04223508285536184,-0.0008320218982565683,-0.012555842339376257,False
1.204,-0.0008303100698310884,-0.012140342947543816,0.49504971668407616,0.02320155492406124,0.0,0.04295468021747548,-0.0008432234478747833,-0.01204674822268133,False
1.205,-0.0008422025611852626,-0.011644317802679471,0.4988859459909952,0.023353911441623354,0.0,0.04455454210670834,-0.0008554029793979339,-0.011550209583079226,False
1.206,-0.0008535971288685489,-0.011144515221884388,0.5061748805438847,0.023791900297250774,0.0,0.04767687928742175,-0.0008697655502550141,-0.01107552462200879,False
1.207,-0.0008644882701292159,-0.010637485642267765,0.505643201586641,0.02361416898753327,0.0,0.041704998290782024,-0.0008788855535196752,-0.010547020599507144,False
1.208,-0.0008748726665183697,-0.010131044334373939,0.5156740246272372,0.024290488652723447,0.0,0.05041394892482946,-0.000894798877043271,-0.010089849840381087,False
1.209,-0.0008847456277733411,-0.009614637043772618,0.5170215605828153,0.024282547101452376,0.0,0.04396496583385247,-0.0009050393670330184,-0.00957120202934009,False
1.21,-0.0008941015276771355,-0.009096941343551128,0.5170323348695792,0.02417712633015176,0.0,0.04294300313632378,-0.0009141621405473246,-0.009045369633662115,False
1.211,-0.0009029397459026673,-0.008579293088088078,0.5153336810142721,0.023944263884323195,0.0,0.041512829147393855,-0.0009218683383029825,-0.008511030088745203,False
1.212,-0.0009112611841637647,-0.008063400354704988,0.5110710403361964,0.02351537386938335,0.0,0.03924297178714042,-0.00092751820060787,-0.007964040867461686,False
1.213,-0.000919068879245318,-0.007551824914724426,0.5185963271225162,0.024038247353618643,0.0,0.04871980298678042,-0.0009406814928876311,-0.007499431620674643,False
1.214,-0.0009263612573715483,-0.007032787633480881,0.5172059303576955,0.023858037279910066,0.0,0.04192309467850357,-0.0009479683288612638,-0.006974007765038223,False
1.215,-0.0009331353125110128,-0.00651519801603941,0.5132201045900503,0.023479348980081065,0.0,0.0396798683724874,-0.0009532322777376551,-0.006435592847412676,False
1.216,-0.0009393937893148018,-0.006001649285770691,0.5072156330155267,0.022947964519283222,0.0,0.03771643082896482,-0.0009567572179061951,-0.005889995727097073,False
1.217,-0.0009451417373181181,-0.0054941580452474445,0.5036842613201045,0.02262289066845254,0.0,0.03933666078230624,-0.0009614941880726642,-0.005367958946209347,False
1.218,-0.0009503839778749252,-0.004990252460045889,0.4962654294700104,0.021995492460646672,0.0,0.03586968221887881,-0.0009632896420292112,-0.004826448939717383,False
1.219,-0.0009551260392282651,-0.004493816527335368,0.4952307528889508,0.02188693354172705,0.0,0.04064617211202261,-0.000968901815827592,-0.004335077130012526,False
1.22,-0.0009593722003282791,-0.003998470276896269,0.4879364736570673,0.02128640185342881,0.0,0.03542058374555563,-0.0009701236945252356,-0.003807063640440276,False
1.221,-0.0009631266789947188,-0.003510468261939165,0.47803441216032594,0.02048521655948844,0.0,0.032738608027076926,-0.000969139304823773,-0.0032709440000908445,False
1.222,-0.0009663981224027438,-0.003032415386353233,0.4732736764097316,0.02010283806316675,0.0,0.036302385827680236,-0.0009710684628471319,-0.002779019979402052,False
1.223,-0.0009691939099889489,-0.0025591732524167144,0.47493968734340014,0.020242583817380932,0.0,0.04135561950795908,-0.0009770346355664108,-0.0023357076486137983,False
1.224,-0.0009715156406076411,-0.002084319630990696,0.47302122405105185,0.02010429803742773,0.0,0.03860153662900667,-0.000980601699845101,-0.0018711737018102415,False
1.225,-0.0009733634941394651,-0.0016114363561705604,0.468725078121306,0.01978409099245364,0.0,0.03657206155660663,-0.0009824243735795366,-0.0013959616947492098,False
1.226,-0.0009747406290819967,-0.0011428990175777504,0.4591550666195801,0.01904992612398114,0.0,0.031948550423828964,-0.0009804516588820024,-0.0008931444076424066,False
1.227,-0.0009756540267739231,-0.0006839768410761024,0.4581881549038033,0.01901120268944452,0.0,0.03845657734563028,-0.00098380450850529,-0.00045671949136087437,False
1.228,-0.0009761090026976317,-0.0002260724172090309,0.4600769457131327,0.019209064918428165,0.0,0.04087950062422836,-0.0009890242192960132,-4.28160026915128e-05,False
1.229,-0.0009761051474567733,0.00023366782327143292,0.4599818091910716,0.019256692219856382,0.0,0.03951245292735503,-0.0009929890818482355,0.00038219675696398933,False
1.23,-0.0009756416167528222,0.0006932613081549097,0.45415006053139817,0.01885364709793964,0.0,0.03487114668713259,-0.0009930834371700528,0.0008411744630132026,False
1.231,-0.000974721424154547,0.0011469759570755234,0.44828343479720223,0.0184553262638434,0.0,0.0345212799572093,-0.0009928918255556864,0.0012927840426941966,False
1.232,-0.0009733504657070312,0.0015947775814364777,0.44001711031923524,0.017872433752584637,0.0,0.03220679728473866,-0.0009908315691915485,0.001752313367434326,False
1.233,-0.0009715358534403542,0.002034269036160028,0.42726340346300756,0.01693753919945343,0.0,0.027967768940370605,-0.0009853972890447196,0.002231415214182761,False
1.234,-0.000969288139740334,0.0024609674052824752,0.4185197962646706,0.016329713274481534,0.0,0.030444799589056708,-0.0009821227096702188,0.002671527688041663,False
1.235,-0.0009666181132029255,0.0028788810706000404,0.4051422152587891,0.015357716911522474,0.0,0.02605449631495975,-0.0009753860307038238,0.003131690042736149,False
1.236,-0.0009635368739880319,0.0032833806934588266,0.39750065829369424,0.014850394614926026,0.0,0.029926339757742376,-0.0009719753656699036,0.003541107085611927,False
1.237,-0.0009600549691104973,0.003680199291389441,0.3899290538093053,0.01435495877572221,0.0,0.02954774845564178,-0.000968354807497592,0.003940883428167982,False
1.238,-0.0009561800443492163,0.004069407625480408,0.3827034998200445,0.013893368102375313,0.0,0.02940936665000499,-0.0009647248061919962,0.004329300996786717,False
1.239,-0.0009519195367472276,0.004451352329562255,0.37659693845409514,0.013527365694424984,0.0,0.029946820373975818,-0.0009616328646189241,0.004701644829058726,False
1.24,-0.0009472801504560785,0.004827152332237168,0.3680512597228862,0.012972316349489943,0.0,0.027617775702796454,-0.0009567426827898829,0.005081863877590095,False
1.241,-0.0009422692488731012,0.005194371126882323,0.36239899334741243,0.012654397523303057,0.0,0.029535204594500642,-0.0009535436631112228,0.005433565914969231,False
1.242,-0.0009368939669286805,0.005555900813342516,0.3569376496151829,0.012357628662099482,0.0,0.029440493300713987,-0.000950358614602576,0.0057765321087106586,False
1.243,-0.000931159898105921,0.005911932803679125,0.34529721434145194,0.011572330917851075,0.0,0.02406440469715362,-0.0009429107224455423,0.006152231984240519,False
1.244,-0.0009250756278385081,0.00625629348806525,0.32964605138614234,0.010471078028366072,0.0,0.017924729317793174,-0.0009307025070869992,0.006558017414385008,False
1.245,-0.0009186548313188167,0.006584976607992135,0.31641227972122854,0.00956739260691864,0.0,0.020965103129681095,-0.0009213021146834657,0.006915795309552731,False
1.246,-0.000911911977454757,0.0069003994148401065,0.30488546976775865,0.008804469917015882,0.0,0.021534844255887583,-0.0009126294590089444,0.007249192380153084,False
1.247,-0.0009048594730240599,0.007204269017787776,0.2925177080907045,0.007978458414957815,0.0,0.0201232221945556,-0.0009030595732836348,0.007576020535417681,False
1.248,-0.0008975092910553619,0.007495746426083596,0.28093606724955233,0.007219207712097704,0.0,0.019855558504460684,-0.0008935441671617995,0.007886215289148691,False
1.249,-0.0008898734304221902,0.0077756185352090635,0.2710624077973542,0.006600345100413997,0.0,0.020708834020711747,-0.0008849893397691264,0.0081720996054448,False
1.25,-0.0008819626424408328,0.008045593287125202,0.26978424028820835,0.006672882853576702,0.0,0.027288969930284103,-0.0008820050021483691,0.008391608214387032,False
1.2510000000000001,-0.0008737825285801656,0.0083142605211643,0.2657846695096806,0.006532399308871186,0.0,0.02514466878170217,-0.0008773689646637612,0.008624787755649,False
1.252,-0.000865335756305078,0.008578901123084848,0.2557166850367514,0.00591075932421889,0.0,0.018414815747562128,-0.0008674150391450005,0.008903688073149004,False
1.2530000000000001,-0.0008566293847301678,0.008833451908383961,0.24634488627118922,0.005348276205558194,0.0,0.01579530985345415,-0.0008556221512772913,0.009187153836647359,False
1.254,-0.0008476731553814844,0.00907860964931906,0.23760005089661085,0.004839320432780434,0.0,0.01367963285742305,-0.0008424503760244312,0.00947103818166619,False
1.2550000000000001,-0.0008384761476321491,0.009315001871969632,0.23338533625063473,0.004696056467308452,0.0,0.023300516576597294,-0.0008374420791950727,0.009663982561411764,False
1.256,-0.0008290448627860738,0.009547156117029216,0.2253289550617034,0.0042491676088304495,0.0,0.018839072065836834,-0.0008289632122266592,0.009885221483586077,False
1.2570000000000001,-0.0008193854584991844,0.009771234218244369,0.21776494993465215,0.003844805847976176,0.0,0.014912924330223634,-0.000817545570042279,0.010124753234846375,False
1.258,-0.0008095057645522163,0.009987729072224278,0.21064375587006626,0.003478924196332321,0.0,0.015483351718472371,-0.0008069133892868075,0.010346450873634885,False
1.2590000000000001,-0.0007994131426174211,0.01019708399416906,0.2039205909395682,0.003147860787352163,0.0,0.010534416838642507,-0.0007925752906743413,0.010594337432302441,False
1.26,-0.0007891145334478213,0.010399697502751085,0.19755500161118783,0.0028483022271643737,0.0,0.018479318558126893,-0.0007850766537387339,0.010766370504957157,False
1.2610000000000001,-0.000778616499508983,0.010595927650141501,0.1915104513269775,0.002577250433013485,0.0,0.012593061796457118,-0.0007730243289740387,0.01097482642340464,False
1.262,-0.0007679252634865289,0.010786095940451344,0.18575394821679173,0.0023319926274399804,0.0,0.0015397906221359461,-0.0007523635509238724,0.011257603045503013,False
1.2630000000000001,-0.0007570467430614032,0.010970490875738852,0.1802557082238535,0.0021100741878916853,0.0,0.013425356142876186,-0.0007419122406894924,0.011431398977939836,False
1.264,-0.0007459865823076132,0.011149371165008776,0.17498885027215275,0.0019092740800362366,0.0,0.006544475763589963,-0.0007261855583732638,0.011648840506394705,False
1.2650000000000001,-0.0007347501800334268,0.011322968628258198,0.16992912042642086,0.0017275826289029704,0.0,0.01722452120964849,-0.0007195523815850729,0.011770418820977924,False
1.266,-0.0007233427153564844,0.011491490824572913,0.16505464228560385,0.001563181405380339,0.0,0.014455133163904108,-0.0007108647700939203,0.011906628057683288,False
1.2670000000000001,-0.0007117691707756495,0.011655123430518218,0.16034569111332092,0.0014144250267661685,0.0,0.006673038037321936,-0.000696122074615406,0.012095510215535359,False
1.268,-0.0007000343529774343,0.01181403239257053,0.15578448944637371,0.0012798246892245428,0.0,0.005665985700833365,-0.000680981761327385,0.012280938670476211,False
1.2690000000000001,-0.0006881429115922176,0.01196836587507636,0.15135502213734203,0.0011580332673366096,0.0,0.009087713694724931,-0.000669041155698451,0.012428464988707422,False
1.27,-0.0006760993560950071,0.012118256023180427,0.1470428689818135,0.0010478318316166039,0.0,0.006263483083325087,-0.0006551521213938998,0.012588869661078273,False
1.2710000000000001,-0.0006639080710269825,0.012263820558314516,0.14283505325679752,0.0009481174490558581,0.0,0.007905626539583096,-0.0006429863742609416,0.012726426804164115,False
1.272,-0.0006515733296973017,0.012405164222164571,0.1387199046561278,0.0008578921445985431,0.0,0.010614224740066812,-0.0006333586023102807,0.012834079050187774,False
1.2730000000000001,-0.0006390993065094901,0.012542380083518703,0.13468693525275569,0.0007762529130718777,0.0,0.004666298018862845,-0.000619187547199352,0.012980907094412464,False
1.274,-0.0006264900880430178,0.012675550721028179,0.13072672724822235,0.0007023826816068499,0.0,0.0023669789167341873,-0.000603556304093892,0.013135928767188056,False
1.2750000000000001,-0.0006137496830082569,0.01280474929367325,0.12683083138757686,0.0006355421320983156,0.0,0.005844545194974914,-0.0005911838948240043,0.013253466555254431,False
1.276,-0.000600882031181778,0.01293004050960348,0.12299167502475619,0.0005750623018609085,0.0,0.0043963454458233325,-0.0005779894892588085,0.013373979366670393,False
1.2770000000000001,-0.0005878910114187878,0.013051481503006886,0.11920247892003742,0.0005203378884256401,0.0,0.0058413969294958575,-0.0005663390963887174,0.013474588730148646,False
1.278,-0.0005747804488303085,0.013169122627743422,0.11545718193857103,0.00047082119146933936,0.0,0.0041667252419614435,-0.0005536628671323258,0.013580634245737317,False
1.2790000000000001,-0.0005615541212043861,0.013283008175647015,0.11175037289808797,0.0004260166312457312,0.0,0.008256165906674086,-0.0005446571712270972,0.01364675246364974,False
1.28,-0.0005482157647430807,0.013393177026648207,0.10807722888543042,0.00038547578865676487,0.0,0.0029978186433744086,-0.0005316489264096284,0.013748018638438195,False
1.281,-0.0005347690791801858,0.013499663237188755,0.10443345942630321,0.00034879291732356233,0.0,0.00556213188531246,-0.0005210857033011065,0.013821226642576718,False
1.282,-0.0005212177323384541,0.013602496572783779,0.10081525595123002,0.00031560088274028205,0.0,0.0018964393888022402,-0.0005078536707288502,0.01391643618764629,False
1.283,-0.0005075653641795366,0.013701702990029752,0.09721924605370845,0.00028556748786858643,0.0,-0.0014765332933607996,-0.0004922654830617486,0.014029841009532276,False
1.284,-0.0004938155903947896,0.013797305072852454,0.0936424520845243,0.0002583921483980269,0.0,-0.004343245781704287,-0.0004747978412084162,0.014156166661192862,False
1.285,-0.00047997200558054254,0.013889322427332774,0.09008225366958836,0.00023380288439723516,0.0,0.009600967479102458,-0.0004691160946795157,0.014163543233834243,False
1.286,-0.00046603818603728676,0.013977772039035462,0.08653635377792825,0.00021155359824735417,0.0,-0.003866596421845739,-0.0004526904592660511,0.014272512795623351,False
1.287,-0.00045201769222850534,0.014062668596392394,0.08300274800200452,0.00019142161161435264,0.0,-0.0025074190280073728,-0.00043783087618725014,0.014361246197464522,False
1.288,-0.0004379140709314843,0.014144024783353979,0.07947969674467065,0.00017320543680941308,0.0,-0.007575653380961438,-0.0004192885814119342,0.014480793567898319,False
1.289,-0.0004237308571093821,0.014221851544216508,0.07596570003619145,0.00015672276023241988,0.0,-0.005489243600529617,-0.0004029611774038797,0.014573325354443554,False
1.29,-0.00040947157553106726,0.014296158323256562,0.07245947473105742,0.00014180861771617156,0.0,0.0077927783638634274,-0.00039785116700284944,0.014553137694333973,False
1.291,-0.0003951397421627257,0.014366953281553244,0.06895993385815279,0.0001283137435095491,0.0,0.0005115471820368398,-0.00038699024095988354,0.014587110851662527,False
1.292,-0.00038073886535297405,0.014434243493152445,0.06546616791938685,0.00011610307637570877,0.0,-0.0015512049303384092,-0.00037476686981499744,0.014631188746435302,False
1.293,-0.0003662724468311612,0.014498035122522415,0.0619774279514005,0.00010505440785382813,0.0,-0.008646849168137885,-0.00035714444907680894,0.014723764860510571,False
1.294,-0.00035174398253668657,0.014558333585064406,0.05849311018260479,9.505715915575447e-05,0.0,-0.008986730500161064,-0.0003397462416129633,0.014809054259381203,False
1.295,-0.00033715696329548046,0.014615143692274391,0.0550127421337756,8.601127445632614e-05,0.0,-0.007562082227670823,-0.0003239946621116479,0.014873530511669751,False
1.296,-0.0003225148753582747,0.014668469782999995,0.05153597002487488,7.782621950104443e-05,0.0,-0.006173062494187051,-0.00030981419598363595,0.014918533037009582,False
1.297,-0.00030782120081391455,0.014718315842099395,0.048062547363841995,7.042007550882488e-05,0.0,-0.007905306069841756,-0.0002946329790368594,0.014969360943538021,False
1.298,-0.00029307941788971834,0.014764685607684656,0.044592324604925924,6.371871930130242e-05,0.0,-0.004536308076527034,-0.00028260993260542856,0.014985762217205727,False
1.299,-0.0002782930011497668,0.014807582668019483,0.04112523977483265,5.7655081453148537e-05,0.0,-0.011605233282027207,-0.0002652037942060624,0.015050929797124838,False
1.3,-0.0002634654216009819,0.014847010549039592,0.037661309974645535,5.216847503871986e-05,0.0,-0.011698835813885079,-0.00024821515565456664,0.01510736847878291,False
1.301,-0.000248600146715936,0.014882972793371863,0.03420062367423916,4.720398825690868e-05,0.0,-0.006064592822671546,-0.00023627011656907564,0.015110814442856136,False
1.302,-0.0002337006403804954,0.014915473031645074,0.03074333372383611,4.2711934855381006e-05,0.0,-0.011136056667373016,-0.00022055715240122895,0.015147686375185513,False
1.303,-0.00021877036277364825,0.014944515046809687,0.02728965101452961,3.864735685386305e-05,0.0,-0.003761282527171765,-0.00021126097194680403,0.01511888463052695,False
1.304,-0.00020381277018618313,0.014970102832115901,0.0238398387260869,3.496957458956379e-05,0.0,-0.011978377129998092,-0.0001955747281021593,0.015149676066676662,False
1.305,-0.0001888313147842665,0.01499224064333753,0.02039420710622163,3.1641779581436803e-05,0.0,-0.010991160712247174,-0.0001811323991986591,0.015164594593902583,False
1.306,-0.0001738294443234071,0.015010933045773377,0.016953108730838162,2.863066613853022e-05,0.0,-0.01157407063201962,-0.00016662737522783101,0.015176658807532202,False
1.307,-0.0001588106018177895,0.015026184956507312,0.013516934199559637,2.590609802543726e-05,0.0,-0.01611985450411422,-0.00014885262815326559,0.015216713377084827,False
1.308,-0.00014377822516950016,0.0150380016823625,0.010086108225202827,2.344080684872312e-05,0.0,-0.015507257005851833,-0.0001320776492130096,0.015242680638047259,False
1.309,-0.000128735746761755,0.015046388953943926,0.006661086079799963,2.1210119145678267e-05,0.0,-0.01954469051988624,-0.00011250889759977756,0.015291405447065778,False
1.31,-0.00011368659301986182,0.015051352956125905,0.0032423503633301877,1.9191709444010594e-05,0.0,-0.015789185266761256,-9.653562093358041e-05,0.015300601507394991,False
1.311,-9.863418394331111e-05,0.015052900355307437,-0.00016959193545347106,1.7365376821014886e-05,0.0,-0.01608751872622952,-8.077346266726071e-05,0.015304047089506114,False
1.312,-8.35819326120813e-05,0.015051038323727653,-0.0035742121137988295,1.571284272594861e-05,0.0,-0.012197394476667294,-6.86079034202798e-05,0.01526931775980687,False
1.313,-6.853324466996627e-05,0.01504577456110583,-0.006970962190389429,1.4217568042152447e-05,0.0,-0.010378455665058526,-5.825994205609493e-05,0.015214747268835095,False
1.314,-5.349151778748068e-05,0.01503711731384548,-0.01035927712410992,1.2864587558011792e-05,0.0,-0.01698115299847776,-4.2858929124563686e-05,0.015207001574475349,False
1.315,-3.8460141106670735e-05,0.01502507539201925,-0.013738576836651846,1.164036019008892e-05,0.0,-0.014413570704709836,-2.9973396149608572e-05,0.015171683245860193,False
1.316,-2.3442494669951516e-05,0.015009658184330896,-0.017108268057514645,1.0532633459408629e-05,0.0,-0.013449028205593048,-1.8234046294686023e-05,0.015122826702036763,False
1.317,-8.441948834904846e-06,0.014990875671232036,-0.025774575415428727,-0.0004150160317147412,0.0,-0.024416661258858025,2.053283971850038e-06,0.015154013397910386,False
1.318,6.535484284455126e-06,0.014963435783936904,-0.02934588884124288,-0.0004344200961068098,0.0,-0.020612731177610144,1.868556432698801e-05,0.015139840476501219,False
1.319,2.148369381439157e-05,0.014932430479572621,-0.032145971303899776,-0.0003930795581042192,0.0,-0.017991349625075398,3.272390835421944e-05,0.015096909607849133,False
1.32,3.639949988700418e-05,0.014898630782970176,-0.04115059510771172,-0.0008490209166944413,0.0,-0.025132420074506764,5.2146647853902915e-05,0.015103563901319542,False
1.321,5.127700755285587e-05,0.014855837350570493,-0.04342390640175233,-0.0007682258941203217,0.0,-0.0173616620567464,6.472683358820235e-05,0.015034310330303172,False
1.322,6.61105873242398e-05,0.014810777207957955,-0.04578004214119336,-0.0006951195345041983,0.0,-0.019453376271158444,7.864419156032491e-05,0.014976857350353577,False
1.323,8.089793118516497e-05,0.014763367850750697,-0.049758456169182515,-0.0007529095901115479,0.0,-0.021289372655713904,9.365376722923385e-05,0.014928322586440676,False
1.324,9.563587929058124e-05,0.014711988541700164,-0.05210181527206909,-0.0006812607695310456,0.0,-0.019567936868072216,0.00010684409517664197,0.014858742575471786,False
1.325,0.00011032127894098618,0.014658273495172588,-0.05515681716534472,-0.000667769532869116,0.0,-0.02053409547257855,0.0001204429228214971,0.014791789598185992,False
1.326,0.0001249514388495805,0.0146015118911437,-0.06333122337713053,-0.0010651905439407498,0.0,-0.02479556142464758,0.0001371069383080519,0.014752149308031223,False
1.327,0.00013952075419827224,0.01453658869732284,-0.07152695490244847,-0.0014663921729482369,0.0,-0.025228338933952554,0.0001536491213794452,0.01470306135454292,False
1.328,0.00015402105304608676,0.014463483522884282,-0.07293554356467873,-0.0013268465075986229,0.0,-0.018818944188138197,0.00016453270432669834,0.014591396376679925,False
1.329,0.00016844754553076825,0.014388979088546722,-0.07798292849187675,-0.0014799009691707043,0.0,-0.0229058416594726,0.0001784170743736928,0.014509108533683326,False
1.33,0.00018279701399020941,0.014309439619465979,-0.07933185972566276,-0.0013390697718933342,0.0,-0.019641235257290793,0.00018926455425564547,0.014393509947214675,False
1.331,0.00019706627184631708,0.014228561224441274,-0.08082825843920781,-0.0012116404349699658,0.0,-0.019755885206788112,0.00019989744964660946,0.014276453101091479,False
1.332,0.00021125390652783387,0.014146196702615119,-0.0831022962131312,-0.0011480697752356724,0.0,-0.02053818265212833,0.00021086244714822646,0.01416308922212617,False
1.333,0.0002253580433457642,0.014061569194107086,-0.09748714521056155,-0.0020551385333283188,0.0,-0.030573050888187975,0.0002296420951142184,0.01412441992453245,False
1.334,0.0002393703671327509,0.013962577674531023,-0.10270000871172558,-0.0022318247676048073,0.0,-0.02387269797184617,0.00024246413935943988,0.01401335731421608,False
1.335,0.00025328109803079865,0.013858388525254058,-0.1106423197778969,-0.0026293191946468904,0.0,-0.026344739871629573,0.0002569244591926781,0.013914180843726646,False
1.336,0.0002670836745889566,0.013746275031481337,-0.12628864188268862,-0.00364603220423611,0.0,-0.03318014422206184,0.0002765097127556887,0.013857140389233847,False
1.337,0.0002807663227517669,0.013618540137004798,-0.1251431661657227,-0.003323434667285439,0.0,-0.020253509499377712,0.0002850730079402463,0.013677684856259848,False
1.338,0.00029432181324922095,0.013491964179368501,-0.13085795075930873,-0.0035518077207345013,0.0,-0.02566602197496834,0.0002977762198406995,0.013542118200994805,False
1.339,0.0003077478766232969,0.013359692167639528,-0.13549371633491644,-0.003696872467457229,0.0,-0.025025434270453825,0.0003096007271897111,0.013393899628975914,False
1.34,0.00032103935626316346,0.013222802912016995,-0.1407601118246677,-0.0038953641837944325,0.0,-0.025724862417906523,0.0003216564656239351,0.013245076494144211,False
1.341,0.0003341913199465623,0.013080666798124257,-0.14287135459773528,-0.0038445845930057897,0.0,-0.02332813783388986,0.0003314298757753943,0.01307077755137993,False
1.342,0.0003472000977701931,0.012936437085232174,-0.1522593005880653,-0.00437876983695389,0.0,-0.029363400651848934,0.0003458131591759693,0.012941156995141421,False
1.343,0.00036005995974864094,0.012782843033002618,-0.16516174644677217,-0.005197919276305922,0.0,-0.032856797417461,0.00036261748050900745,0.0128263319775642,False
1.344,0.0003727597855549092,0.01261637396076145,-0.16392552238702968,-0.004890400775682636,0.0,-0.021946748664670952,0.0003701115184416841,0.012609280284986972,False
1.345,0.0003852937663206857,0.012451158857610863,-0.18329114850717595,-0.006233865023888431,0.0,-0.038817889361249115,0.0003910540174018381,0.012526052753814297,False
1.346,0.00039765286038463834,0.012266611948027393,-0.18376922084326186,-0.006071792746774171,0.0,-0.024485448179556956,0.0003997977887139779,0.01230500128078013,False
1.347,0.0004098271755447086,0.012081608093158325,-0.18526801871605283,-0.005994759366300473,0.0,-0.02520967740978912,0.0004088801812684717,0.012089719016527663,False
1.348,0.0004218157447746265,0.011895127422256666,-0.1995996036804234,-0.006947869597819794,0.0,-0.03585025447847623,0.00042632102996003425,0.011956082207015434,False
1.349,0.0004336106782474746,0.011694347414934905,-0.20407076925922818,-0.007117347642491525,0.0,-0.02864151313709594,0.0004374305660640786,0.011747241233334822,False
1.35,0.0004452026048159277,0.011489122337313085,-0.2170181336265242,-0.007969109122957667,0.0,-0.03590726061683275,0.00045410845335524456,0.011589620635700636,False
1.351,0.00045658284367463864,0.011270983162004576,-0.23028930318813642,-0.008852135089466869,0.0,-0.03707575670394324,0.00047125983864796495,0.011423902676797652,False
1.352,0.00046773831939137716,0.01103960779076377,-0.2379821378080009,-0.009294528340703634,0.0,-0.033365940721355146,0.0004849212527116705,0.011211586641020276,False
1.353,0.00047865858398749543,0.010800571656141494,-0.24892647145884342,-0.010002194606195577,0.0,-0.03656361116096615,0.0005007847080283164,0.01101419000165556,False
1.354,0.0004893343520803201,0.010550626679740917,-0.2486824318179758,-0.009820501006423394,0.0,-0.02801196896807289,0.0005092741851028766,0.010735699428303288,False
1.355,0.0004997603065227115,0.010300953655126819,-0.25151445307364606,-0.009889356289867656,0.0,-0.030438614629197207,0.0005194879649819021,0.010477236698153224,False
1.356,0.0005099351820233785,0.010048478911982303,-0.24965429388367982,-0.009587692764835697,0.0,-0.026652182074868858,0.0005263463482211752,0.010186237894673595,False
1.357,0.0005198585218424438,0.009797891252581669,-0.25133430039734506,-0.009573543688313814,0.0,-0.029344619476311416,0.0005351904755803414,0.00991978527644122,False
1.358,0.0005295304438279593,0.00954565308548831,-0.2603935147625781,-0.010154454821844388,0.0,-0.03552117120276993,0.0005487852161126961,0.009700138848710004,False
1.359,0.0005389456098434673,0.009284391196588967,-0.27146497677324316,-0.01090205022108637,0.0,-0.037830331083091105,0.0005638644456828554,0.009486880320139123,False
1.36,0.00054809399090334,0.009012095936714598,-0.2736912387794889,-0.010948155753693243,0.0,-0.031272677037587945,0.0005732064873336149,0.0092081128110721,False
1.361,0.0005569689743568063,0.008737606784449662,-0.2789399384693848,-0.01124124072499431,0.0,-0.03388771002094824,0.0005844012103816082,0.008947570767005782,False
1.362,0.0005655668559585354,0.008457903927747095,-0.28818066922930125,-0.011859301659760815,0.0,-0.037558669887722496,0.0005982511112110545,0.00870926046839044,False
1.363,0.0005738804272190539,0.008168999063890212,-0.28132907367210813,-0.011196198316158854,0.0,-0.024842279695386174,0.0006014118325090296,0.008360021180447142,False
1.364,0.0005819085284668736,0.007886972887663077,-0.27985112187564143,-0.010967299491128018,0.0,-0.02870294494615619,0.0006076090234469569,0.008051423805634624,False
1.365,0.0005896553527031748,0.007606455211432864,-0.28235284393840676,-0.011061656541043453,0.0,-0.03183924634603942,0.0006161701007954556,0.007770441732840144,False
1.366,0.0005971204195663321,0.007323469324111512,-0.28837882717104085,-0.01144332230259591,0.0,-0.03492160378483812,0.0006269843925015262,0.0075111318710971335,False
1.367,0.0006042994997209675,0.007034494015994357,-0.28188190409150116,-0.010829022050423354,0.0,-0.024938170825617594,0.0006294084549210114,0.007166859766465814,False
1.368,0.0006111928621770056,0.006752043010111816,-0.2860387951985763,-0.011071386935486583,0.0,-0.033242113987280775,0.0006384876598319793,0.006897509560495199,False
1.369,0.0006178017068473522,0.00646547014425924,-0.28850131058117007,-0.011183817705930155,0.0,-0.03213031832419329,0.0006464093199373024,0.006614954460679525,False
1.37,0.0006241227587750915,0.006176468923991819,-0.2899878721557573,-0.011223643843629914,0.0,-0.03148630074114798,0.0006535850078266484,0.0063251814819651146,False
1.371,0.0006301540774206954,0.005886014807995435,-0.2813362231484287,-0.010457802681342327,0.0,-0.023144171386406214,0.0006538025755290561,0.005969640580276718,False
1.372,0.000635899276419541,0.005604238190462721,-0.28042473699943676,-0.010315283401547679,0.0,-0.028870561152922594,0.0006586507301925425,0.005672079280639668,False
1.373,0.0006413631648702578,0.005323404025082081,-0.27763775114332206,-0.010027674640791276,0.0,-0.027220065122561067,0.0006620250537276211,0.00536434971912926,False
1.374,0.0006465476224532408,0.005045386229389528,-0.27558627186729184,-0.00980359819769827,0.0,-0.027596274945807815,0.0006656083719991523,0.005064883933316712,False
1.375,0.0006514550978700169,0.004769449559042725,-0.2749918533679279,-0.009700822560688802,0.0,-0.02863636171128542,0.0006699323142593265,0.004777858473498274,False
1.3760000000000001,0.0006560869440153191,0.004494137866108002,-0.27277947962770827,-0.009473496834007958,0.0,-0.027238888281487898,0.0006730021582126961,0.004482280715738721,False
1.377,0.0006604445944012466,0.004221067762064974,-0.2749718082298195,-0.009603213827715324,0.0,-0.03072824000213563,0.0006788103885484785,0.004218456947768132,False
1.3780000000000001,0.0006645280893235485,0.003945837759451399,-0.272849466992793,-0.0093929512204654,0.0,-0.02731976750960766,0.0006816941164111594,0.003926528522536625,False
1.379,0.0006683374251808267,0.0036727593749052456,-0.27168114308386115,-0.009263686668465384,0.0,-0.027954250435363044,0.0006850098705495986,0.0036439754428351117,False
1.3800000000000001,0.0006718742767491881,0.0034008791000710997,-0.26897969839548685,-0.00901653339814503,0.0,-0.026599852882075354,0.0006871349777664727,0.0033539881641585336,False
1.381,0.0006751406082563125,0.003131728714296167,-0.2609565071647659,-0.008348182178852113,0.0,-0.021973344160818725,0.0006854536983648469,0.0030332506283890994,False
1.3820000000000001,0.0006781418089823688,0.002870625468438711,-0.25275020944433674,-0.007668989137651655,0.0,-0.02119888628486307,0.0006831929751600642,0.002719240422348845,False
1.383,0.0006808860172713887,0.002617751420032083,-0.25156465731175426,-0.007555094103651494,0.0,-0.026407420890381353,0.0006852137579615048,0.00245886782428271,False
1.3840000000000001,0.0006833779534598975,0.002366090424191701,-0.24733360063415544,-0.007201954037551276,0.0,-0.023805739255409908,0.0006850706468090815,0.0021815598416554064,False
1.385,0.0006856203525176195,0.0021186854519573955,-0.2523400819624434,-0.0075917979574434335,0.0,-0.031185577720886055,0.0006909071691431448,0.0019692504315129648,False
1.3860000000000001,0.0006876128539347371,0.0018663057576075099,-0.2520041057781765,-0.007559340400515951,0.0,-0.027178215943381677,0.0006933334566114619,0.001720337602083062,False
1.387,0.0006893531530191741,0.001614290152988256,-0.2543516697545034,-0.007746062007656549,0.0,-0.029426258299315125,0.0006975112601077485,0.0014908842906968655,False
1.3880000000000001,0.0006908402727727242,0.0013599571692066374,-0.2526052247602026,-0.007610098210602377,0.0,-0.02625413620278189,0.0006990021443984455,0.0012348821556408698,False
1.389,0.0006920739418460797,0.001107397853421003,-0.24479612993397215,-0.006993471699077816,0.0,-0.021119078320138103,0.0006962928353022451,0.0009427200619203097,False
1.3900000000000001,0.0006930589635937335,0.0008626698841355159,-0.2431923630096551,-0.006876807309988943,0.0,-0.025709848336673575,0.0006973775309306621,0.0006985862405906144,False
1.391,0.0006938000680135947,0.0006195719370737216,-0.23543579972765444,-0.006272114121518805,0.0,-0.020517265655192313,0.0006942269658072768,0.00041767370395281,False
1.3920000000000001,0.0006943019598696582,0.0003842517824632453,-0.23761778294145455,-0.006465877143766926,0.0,-0.02822515787514565,0.0006974068962298605,0.00020899305581143347,False
1.393,0.0006945674499664482,0.00014677782186066487,-0.231378094718987,-0.005990420139499614,0.0,-0.021454920946283103,0.000695014733945033,-5.4060442717230206e-05,False
1.3940000000000001,0.0006945985932308468,-8.44346597926813e-05,-0.2269668956547956,-0.005664709133403528,0.0,-0.022542063361681543,0.0006935706429924867,-0.0002985976566123326,False
1.395,0.0006944007371365994,-0.0003112134165078076,-0.22604403031361991,-0.005621654766611738,0.0,-0.025160156759928463,0.0006942873913772571,-0.0005152534153483122,False
1.3960000000000001,0.0006939765719800403,-0.0005370445348860665,-0.22132529963066033,-0.00527889101899843,0.0,-0.021999581732775445,0.0006924246569922947,-0.000753916672186888,False
1.397,0.0006933289423124571,-0.0007581352438539857,-0.21934957487479215,-0.005159021257621621,0.0,-0.023979067178546844,0.0006922175348739276,-0.0009693121795276428,False
1.3980000000000001,0.000692461217573808,-0.0009772269233463888,-0.21424539908685775,-0.004792597241421642,0.0,-0.021295430902226072,0.0006898432977740398,-0.0012015978118376058,False
1.399,0.0006913769601330005,-0.0011911938094998765,-0.21141701898563497,-0.004611519493596772,0.0,-0.02286087443787098,0.0006888039123617156,-0.0014133585812414555,False
1.4000000000000001,0.0006900801572834934,-0.0014023104829694463,-0.2148509373847197,-0.004934909417631027,0.0,-0.027929710081314868,0.0006918983035752013,-0.0015805389331827275,False
1.401,0.0006885705296055743,-0.0016168346337015955,-0.21057259493207567,-0.0046455582177099075,0.0,-0.021875367850638525,0.0006900026980897814,-0.0017985597504487068,False
1.4020000000000001,0.0006868485238804944,-0.0018270596879996898,-0.20715319284430048,-0.004428229160255101,0.0,-0.02233817441732242,0.0006885355563765669,-0.002005996700034524,False
1.403,0.0006849180097960566,-0.0020338443935567475,-0.20582778849702255,-0.004381760230659592,0.0,-0.02390051904071764,0.0006883750499535206,-0.00219552385756578,False
1.4040000000000001,0.0006827813811161015,-0.0022392814867724224,-0.19982664619049764,-0.003964780613562676,0.0,-0.019262726726232658,0.0006844637948748642,-0.0024183770443049223,False
1.405,0.0006804423220591023,-0.0024386990614746326,-0.19428499703927457,-0.0035874818534550787,0.0,-0.017369305618981305,0.0006791302505820392,-0.0026463315865878417,False
1.4060000000000001,0.0006779066222904856,-0.0026325569259976526,-0.18915625234550218,-0.003246087817531152,0.0,-0.01794789866099806,0.0006744163557566357,-0.002859881498774613,False
1.407,0.0006751796349668491,-0.0028212682849461184,-0.19083406911677195,-0.0034520442941320074,0.0,-0.025356243371430942,0.0006758347127768371,-0.0030067928285251204,False
1.408,0.0006722631048849272,-0.0030116349210424953,-0.19114551187364828,-0.003552301252488273,0.0,-0.024460521915390002,0.000676487592913032,-0.003162322479839518,False
1.409,0.0006691560596623536,-0.0032022913496191855,-0.1859348650669432,-0.003214255093387394,0.0,-0.017629567536254324,0.0006715908332242046,-0.003370862338912122,False
1.41,0.0006658609691305186,-0.0033877197949480752,-0.18109186685706433,-0.0029083782796095812,0.0,-0.018656839051290813,0.0006676646468990578,-0.0035624294520809094,False
1.411,0.0006623828773477201,-0.003568288204094001,-0.1765788337620185,-0.002631609493193799,0.0,-0.015920671448917716,0.0006616342086864672,-0.0037673853883706493,False
1.412,0.0006587264792709544,-0.0037443268289277833,-0.17236170183132804,-0.0023811787391003975,0.0,-0.015230713904234154,0.0006552160035044492,-0.003968974449479748,False
1.413,0.00065489615664087,-0.003916131847047329,-0.17008512110971227,-0.002288614690887003,0.0,-0.02139440014437867,0.0006539705298378282,-0.004114033454197532,False
1.414,0.0006508951731330243,-0.0040856427582934216,-0.16984356511620835,-0.0023616492238974426,0.0,-0.023025524949120413,0.0006540811018255176,-0.004243010304563254,False
1.415,0.0006467248057835737,-0.004254893243585472,-0.16584209876165076,-0.0021369085860579898,0.0,-0.01823193003398431,0.0006503070868215428,-0.004408827086371324,False
1.416,0.0006423871939890163,-0.004420126381259378,-0.16358372104304889,-0.0020541433573927443,0.0,-0.021254512248860796,0.0006490874627001718,-0.0045445925135498355,False
1.417,0.0006378854838540083,-0.004583084339688474,-0.15988292950485625,-0.001858665771778968,0.0,-0.018486447053000593,0.0006456610544884265,-0.004698750102287115,False
1.418,0.0006332226713054263,-0.004742326096197715,-0.15638399112352805,-0.0016817903379282954,0.0,-0.011588645226990876,0.000636746486326399,-0.004900727732337212,False
1.419,0.0006284023715316431,-0.00489805376292187,-0.15306528828834767,-0.0015217468270488626,0.0,-0.012994159652872466,0.0006292226261089484,-0.00508287819715984,False
1.42,0.0006234280084196736,-0.00505044782867432,-0.1499072985250564,-0.0013769334698913067,0.0,-0.015695271655021548,0.000624099127923692,-0.005236241209295653,False
1.421,0.0006183028351306601,-0.005199669254865807,-0.14781502359879106,-0.0013197111661352985,0.0,-0.02076786628230464,0.0006232281941625385,-0.005344065364719926,False
1.422,0.0006130294916041357,-0.005346783274249253,-0.14483801125104528,-0.0011941240441190888,0.0,-0.01008385218460094,0.0006137309191738033,-0.005532688959100256,False
1.423,0.0006076105273072252,-0.005490906082737688,-0.14198211098121133,-0.0010804881168953746,0.0,-0.01329144511223212,0.0006071000389642074,-0.005687960771156964,False
1.424,0.0006020488728140583,-0.005632159033418789,-0.13923358380691178,-0.0009776660779101467,0.0,-0.012685212424259793,0.0006001662017662418,-0.005841506696997139,False
1.425,0.0005963473442161553,-0.005770649737566629,-0.1365800384627545,-0.0008846288496375604,0.0,-0.010548998937915242,0.0005916991425566036,-0.0060052371352499745,False
1.426,0.0005905086561902158,-0.005906473412843027,-0.13401030357636115,-0.0008004452842261712,0.0,-0.012646535766651505,0.000585170450878199,-0.006145450427018679,False
1.427,0.0005845354337816368,-0.006039714103623943,-0.1315143119986607,-0.0007242728442582685,0.0,-0.013157520268400915,0.0005792405354835949,-0.006275829637733699,False
1.428,0.0005784302230255541,-0.00617044578561,-0.12908299613173732,-0.0006553491703522123,0.0,-0.011894465045450154,0.0005724559575917118,-0.00641068806031235,False
1.429,0.0005721955005156239,-0.006298733365723034,-0.12670819320759963,-0.000592984451213504,0.0,-0.005586551588600639,0.0005607560329543764,-0.006588901923744141,False
1.43,0.000565833682020281,-0.006424633587243539,-0.12438255957084164,-0.0005365545197714974,0.0,-0.016606027018110557,0.000558310337298269,-0.0066727801681189195,False
1.431,0.0005593471302367307,-0.006548195849196463,-0.12209949310828928,-0.0004854946063055659,0.0,-0.008876550143887555,0.0005496752671269719,-0.0068139575425087626,False
1.432,0.0005527381617643496,-0.006669462948135574,-0.11985306305027421,-0.0004392936860399129,0.0,-0.011449168468581414,0.0005433680073044111,-0.006928612295791222,False
1.433,0.0005460090533714122,-0.006788471749700948,-0.1176379464419645,-0.00039748936463585423,0.0,-0.0174956009047186,0.0005421353924453538,-0.006991223485813472,False
1.434,0.0005391620476220318,-0.006905253796622277,-0.11544937064994697,-0.00035966325039386035,0.0,-0.011070116037011222,0.0005357348882359804,-0.007102008262341564,False
1.435,0.0005321993579238539,-0.007019835859205648,-0.11328306132966867,-0.0003254367668488014,0.0,-0.007202965354403755,0.0005263844787348828,-0.007238001024559115,False
1.436,0.0005251231730512854,-0.007132240433766821,-0.11113519533400698,-0.00029446736384943997,0.0,-0.012454454119572722,0.000521551278219783,-0.007326535685426765,False
1.437,0.000517935661193843,-0.0072424861939540995,-0.10900235809270081,-0.0002664450892013827,0.0,-0.012966108923379651,0.0005172693463863314,-0.007407313735635543,False
1.438,0.000510638973574495,-0.007350588399433426,-0.106881505037128,-0.00024108948656134004,0.0,-0.008395649312515411,0.0005094079878349094,-0.00752028280675798,False
1.439,0.0005032352476786106,-0.007456559265982671,-0.10476992668541059,-0.00021814678853577808,0.0,-0.011635741778872262,0.0005043929774743024,-0.007602554346549152,False
1.44,0.0004957266101302774,-0.007560408300656889,-0.10266521703947144,-0.00019738737689154988,0.0,-0.013705300157703236,0.0005011958486857216,-0.007665024735288382,False
1.441,0.0004881151792492596,-0.007662142605337823,-0.1005652449788197,-0.00017860348445944082,0.0,-0.009778500018029188,0.0004949097315310892,-0.007755510772381243,False
1.442,0.0004804030673187136,-0.0077617671516655735,-0.09846812836584351,-0.00016160711573050604,0.0,-0.004609246225425492,0.0004846161328443178,-0.007881858584327881,False
1.443,0.00047259238259092284,-0.00785928503006504,-0.09637221060453295,-0.0001462281653338296,0.0,-0.008805351758890774,0.00047801191188022034,-0.007968814998160222,False
1.444,0.0004646852310557302,-0.007954697675321514,-0.09427603941911698,-0.00013231271556479778,0.0,-0.008502980834375612,0.0004713500203163077,-0.008053681321562436,False
1.445,0.00045668371799400837,-0.008048005070926276,-0.0921783476413247,-0.00011972149592497794,0.0,-0.009969221152377984,0.00046606416642262934,-0.008122706566150047,False
1.446,0.00044858994933639373,-0.00813920593420157,-0.09007803581508823,-0.00010832848925615968,0.0,-0.004789214132705966,0.00045673377638855156,-0.008228490642442281,False
1.447,0.0004404060328455953,-0.008228297884023182,-0.08797415644570268,-9.80196705182797e-05,0.0,-0.002580766895419506,0.00044587959397706994,-0.008345502927617512,False
1.448,0.0004321340791388587,-0.008315277592785697,-0.08586589973692084,-8.869186558849566e-05,0.0,-0.006368311672941168,0.00043839985785054664,-0.008426211846830777,False
1.449,0.00042377620256559847,-0.008400140924099004,-0.08375258067435974,-8.025171865988678e-05,0.0,-0.005003840970811494,0.00043002726347487243,-0.008512805821923977,False
1.45,0.0004153345219537938,-0.008482883057562887,-0.08163362732707377,-7.261475790516019e-05,0.0,0.003390168618377532,0.00041509518020361894,-0.008659492282774742,False
1.451,0.00040681116123746043,-0.008563498601838358,-0.07950857025134869,-6.570455005421143e-05,0.0,-0.0038338583378998287,0.00040643568792084417,-0.008740807144370208,False
1.452,0.00039820824997635124,-0.008641981697118429,-0.07737703289180473,-5.945193542426713e-05,0.0,-0.006026386434702548,0.00039979693274470895,-0.008799762215283485,False
1.453,0.0003895279237779865,-0.008718326107996,-0.07523872288488465,-5.379433574653446e-05,0.0,-0.0011296935069323635,0.00038938138688306324,-0.008892789507177626,False
1.454,0.00038077232463116573,-0.008792525307631653,-0.07309342417883798,-4.8675127861853765e-05,0.0,-0.004710036399369476,0.0003821600815052999,-0.00895166874447412,False
1.455,0.0003719436011592532,-0.008864572554038164,-0.07094098989248834,-4.4043077017089956e-05,0.0,-0.005347266587159937,0.0003756594043672225,-0.009001278946132896,False
1.456,0.00036304390880075005,-0.008934460959220819,-0.06878133584246882,-3.9851824090502586e-05,0.0,0.0035117627529373963,0.0003621696538362183,-0.009115990131280298,False
1.457,0.00035407540992396383,-0.0090021835518423,-0.06661443467530434,-3.605942161407361e-05,0.0,-0.007652805024228163,0.0003581023397795062,-0.009135779079280976,False
1.458,0.00034504027388194774,-0.009067733334017208,-0.06444031054677679,-3.2627913949148436e-05,0.0,-0.0002833648993004409,0.00034818313573660556,-0.009210628764255185,False
1.459,0.00033594067701330643,-0.009131103332783767,-0.06225903429648888,-2.9522957413646938e-05,0.0,0.001864946514914638,0.00033680551932713525,-0.009296389034608471,False
1.46,0.0003267788025939435,-0.009192286646748102,-0.060070719070502,-2.6713476558949885e-05,0.0,-0.00440602871461206,0.0003308280582244327,-0.009326696144749517,False
1.461,0.000317556840744354,-0.009251276488349341,-0.0578755163494102,-2.4171353156364344e-05,0.0,0.0015823417170862195,0.00032017111591273927,-0.009400261475805504,False
1.462,0.0003082769882966384,-0.009308066222151185,-0.05567361234327236,-2.1871144780440052e-05,0.0,-0.0042358804802223385,0.00031452730330000766,-0.009422398079180407,False
1.463,0.000298941448625028,-0.009362649399526926,-0.053465224718498724,-1.978983017262403e-05,0.0,0.009030839765328511,0.0002983011531940734,-0.009544698131315473,False
1.464,0.00028955243144336237,-0.009415019790070036,-0.05125059962511106,-1.7906578836767256e-05,0.0,0.005490703487095575,0.0002854013606038806,-0.009629992402096868,False
1.465,0.00028011215257264273,-0.009465171410030823,-0.049030008995804855,-1.620254256051784e-05,0.0,0.0026902192811484923,0.000275134747727537,-0.00968610518197865,False
1.466,0.0002706228336814999,-0.009513098548051074,-0.04680374809096183,-1.4660666776076706e-05,0.0,0.004802450507049772,0.0002634487828064734,-0.009752904748385367,False
1.467,0.00026108670200215525,-0.009558795788442757,-0.04457213326622519,-1.3265519872350822e-05,0.0,0.0007014259659276073,0.00025541466672213803,-0.009781215156902244,False
1.468,0.0002515059900242193,-0.009602258032233427,-0.042335499941476736,-1.2003138750202629e-05,0.0,-0.0006652876028868868,0.00024871488880117614,-0.009794561417521238,False
1.469,0.00024188293516846094,-0.009643480516179848,-0.04009420075207219,-1.086088907506072e-05,0.0,0.007700569289823378,0.0002354310099365085,-0.009869516682296062,False
1.47,0.00023221977944248745,-0.009682458829932173,-0.037848603865014575,-9.827338828252903e-06,0.0,0.006857377290015165,0.0002232063438330324,-0.009930455748392,False
1.471,0.00022251876908010264,-0.009719188931513679,-0.03559909144439658,-8.892143891520888e-06,0.0,-0.004326477821964567,0.00022038387888388943,-0.00989758864451886,False
1.472,0.00021278215416595253,-0.009753667161265423,-0.03334605825193629,-8.04594451960799e-06,0.0,0.0010399324639667343,0.0002132961313333608,-0.009905434091140695,False
1.473,0.0002030121882469264,-0.009785890254390963,-0.031089910369781776,-7.280271664782672e-06,0.0,-0.0029626283135807457,0.000209650191023169,-0.009878507453632477,False
1.474,0.00019321112793165183,-0.009815855352223476,-0.028831064033983476,-6.587462215762309e-06,0.0,0.0087745179197933,0.00019660381482429918,-0.009941398727323943,False
1.475,0.00018338123247930592,-0.009843560012326006,-0.026569944568138826,-5.960582302719808e-06,0.0,0.0002082899801714175,0.0001908633909384515,-0.009930428794869712,False
1.476,0.00017352476337885968,-0.009869002217525055,-0.024306985407715642,-5.393357900783826e-06,0.0,0.010343731809028912,0.00017707881564138695,-0.009995594552188437,False
1.477,0.00016364398391977665,-0.009892180383968253,-0.02204262720646598,-4.88011203748908e-06,0.0,0.008587859129562843,0.00016510665557902955,-0.010039508301589851,False
1.478,0.00015374115875510072,-0.009913093368288235,-0.019777317017161906,-4.415707975727825e-06,0.0,0.015913142869521904,0.0001475423836642215,-0.010133980377214703,False
1.479,0.0001438185534577898,-0.009931740473947091,-0.017511507539626547,-3.995497803558358e-06,0.0,0.0028079321616810825,0.00014108739128371233,-0.010116672476910246,False
1.48,0.00013387843407108114,-0.009948121456828744,-0.015245656429704393,-3.615275916340092e-06,0.0,0.009822137393690648,0.00012913581550345275,-0.010150927534482896,False
1.481,0.00012392306665360957,-0.009962236530140186,-0.012980225663422232,-3.2712369256287565e-06,0.0,0.003025204200924928,0.00012302653797831447,-0.010125957145306369,False
1.482,0.00011395471681994273,-0.009974086368676843,-0.010715680951141476,-2.9599375735698144e-06,0.0,0.01070427898394205,0.00011087252355468446,-0.010157981954936767,False
1.483,0.00010397564927714371,-0.009983672112502067,-0.00845249119699944,-2.678262271616534e-06,0.0,0.00918869678710986,0.00010029014694616315,-0.010171807203194399,False
1.484,9.398812735792445e-05,-0.009990995370086086,-0.006191127999387281,-2.423391918672628e-06,0.0,0.009032089132877851,9.013448356479185e-05,-0.01017899309366559,False
1.485,8.399441255091008e-05,-0.009996058220945465,-0.0039320651886188334,-2.1927756865809508e-06,0.0,0.010647057767879565,7.895896559503696e-05,-0.010193612866535234,False
1.486,7.39967640284948e-05,-0.009998863217820309,-0.0016757783983130884,-1.984105490577936e-06,0.0,0.017965836373166136,6.217402618694593e-05,-0.010259465595950906,False
1.487,6.39974381727349e-05,-0.009999413388422935,0.0005772553326539778,-1.7952928892055104e-06,0.0,0.010366439882708764,5.2018130802936315e-05,-0.010257094929952906,False
1.488,5.399868809969213e-05,-0.009997712236788624,0.002826557930471119,-1.624448182487032e-06,0.0,0.00888280421240376,4.3351378745846005e-05,-0.010238150846093906,False
1.489,4.4002763182611315e-05,-0.009993763744256173,0.0050716506315570285,-1.4698614991747733e-06,0.0,0.008977563895384857,3.485351465557113e-05,-0.01021584189626949,False
1.49,3.4011908574290114e-05,-0.009987572370103464,0.007312054304892623,-1.3299856837837666e-06,0.0,0.00753106196516762,2.776773734535849e-05,-0.010178295148969783,False
1.491,2.4028364728974156e-05,-0.009979143051860862,0.009547289753620363,-1.2034208121396934e-06,0.0,0.014496777059467902,1.524251640077918e-05,-0.010191848636561217,False
1.492,1.4054366924089627e-05,-0.009968481205323234,0.011776877997808842,-1.0889001804672177e-06,0.0,0.009196307237791393,7.364139630075806e-06,-0.010157770437401513,False
1.493,4.092144782105083e-06,-0.009955592724279412,0.014000340540098062,-9.852776277928476e-07,0.0,0.009963197007543953,-9.119266813384509e-07,-0.010126119056981334,False
1.494,-5.856078207203439e-06,-0.009940483979976258,0.016217199615775404,-8.915160647806753e-07,0.0,0.009836330009687347,-8.85072228930647e-06,-0.010089714402158502,False
1.495,-1.5788085163826402e-05,-0.009923161820332906,0.018426978428682877,-8.066770941937255e-07,0.0,0.01765362373673678,-2.289432427846522e-05,-0.010110600814910482,False
1.496,-2.570166629369117e-05,-0.009903633568919368,0.020629201374220828,-7.299116190990011e-07,0.0,0.012085168942778864,-3.203105917160901e-05,-0.010080933840607714,False
1.497,-3.559461936369956e-05,-0.00988190702371244,0.022823394250590812,-6.604513448199869e-07,0.0,0.01854325204036871,-4.613807534113322e-05,-0.010097309700034127,False
1.498,-4.546475017541582e-05,-0.009857990455640654,0.02500908445930973,-5.976010895852942e-07,0.0,0.014069290877852123,-5.6222656912722256e-05,-0.010071668592717409,False
1.499,-5.530987303719941e-05,-0.009831892606929045,0.027185801195926985,-5.407318269158337e-07,0.0,0.007708897262027929,-6.0871324337890394e-05,-0.009991797395259589,False
1.5,-6.512781123458724e-05,-0.009803622689253543,0.029353075631785987,-4.892743901163904e-07,0.0,0.01669748504289356,-7.266645688126481e-05,-0.009980452464817614,False
1.5010000000000001,-7.491639749873962e-05,-0.009773190381713943,0.031510441087589026,-4.4271377586403344e-07,0.0,0.010732003931980531,-7.929696533562615e-05,-0.009916941265151483,False
1.502,-8.467347447277251e-05,-0.009740605828633682,0.03365743319945081,-4.005839898817625e-07,0.0,0.013934361527080476,-8.833256674480313e-05,-0.009875758914693016,False
1.5030000000000001,-9.439689517580651e-05,-0.009705879637193937,0.035793590078058476,-3.624633831111569e-07,0.0,0.013326462523879232,-9.66198725648931e-05,-0.00982580865691625,False
1.504,-0.00010408452346457074,-0.009669022874908959,0.037918452461495514,-3.27970431706878e-07,0.0,0.015601915374746696,-0.00010651478741102706,-0.0097899991906591,False
1.5050000000000001,-0.00011373423449240552,-0.009630047066948982,0.040031563862231986,-2.967599186177905e-07,0.0,0.015630100316980162,-0.00011615210138478756,-0.00974988498975139,False
1.506,-0.00012334391516551484,-0.009588964193316559,0.042132470708733945,-2.6851947853868303e-07,0.0,0.010370918214902786,-0.00012125784605396588,-0.00966449430031755,False
1.5070000000000001,-0.00013291146459632426,-0.009545786685881723,0.04422072248209987,-2.429664716533042e-07,0.0,0.01448498922681304,-0.00012955012509439036,-0.009609529386667218,False
1.508,-0.00014243479455380604,-0.009500527425280944,0.04629587184809177,-2.1984515488008293e-07,0.0,0.012344358999725955,-0.00013587409644776874,-0.009534391488201932,False
1.5090000000000001,-0.00015191182991063716,-0.009453199737684517,0.04835747478489127,-1.9892412230940987e-07,0.0,0.01929202438971496,-0.00014764448593282384,-0.009511011402525294,False
1.51,-0.0001613405090870612,-0.009403817391436647,0.05040509070687854,-1.7999398921551584e-07,0.0,0.014635512900530143,-0.0001553108469796913,-0.009445798223108771,False
1.5110000000000001,-0.00017071878449132836,-0.009352394593572243,0.05243828258470144,-1.6286529646375968e-07,0.0,0.01735621515740554,-0.00016496294051257903,-0.009398669562272529,False
1.512,-0.0001800446229565925,-0.009298945986214118,0.05445661706187524,-1.4736661433992938e-07,0.0,0.016497524433614127,-0.00017364619680057406,-0.009340581015660552,False
1.5130000000000001,-0.00018931600617414738,-0.009243486642854092,0.05645966456812899,-1.333428268240427e-07,0.0,0.011913135988931678,-0.00017837131348147413,-0.009243141851388857,False
1.514,-0.00019853093112288722,-0.00918603206452125,0.05870620220880658,2.0615568750006718e-05,0.0,0.020215724076440147,-0.00018968526336373207,-0.00920904802593824,False
1.5150000000000001,-0.0002076872809606977,-0.009126339177079064,0.06065231870676431,1.865373799909889e-05,0.0,0.013799100457568936,-0.00019548292833526106,-0.009119510393454629,False
1.516,-0.0002167829675950524,-0.009064708416888865,0.06258421283581789,1.6878600127823907e-05,0.0,0.015015969613698672,-0.0002021016061668113,-0.009037578517641276,False
1.5170000000000001,-0.0002258160603333431,-0.009001154213022805,0.06450124975653293,1.52723889597216e-05,0.0,0.019959900230049656,-0.0002125358928179945,-0.008991762223036949,False
1.518,-0.00023478464322874805,-0.00893569162727036,0.06640282002979328,1.3819028993555387e-05,0.0,0.0173098136452102,-0.00022052865184356567,-0.008920661568225149,False
1.5190000000000001,-0.00024368681570023184,-0.008868336328686865,0.06936135386404163,9.834526707673372e-05,0.0,0.020893028308846533,-0.00023119628382277355,-0.008874279218073369,False
1.52,-0.0002525201568981839,-0.008798032398463971,0.07562703070139133,0.00044903574412831964,0.0,0.02374568203770825,-0.0002438714353239162,-0.008844249925379397,False
1.5210000000000001,-0.00026128006558747563,-0.008721475628190006,0.07694903249100357,0.0004063043433229245,0.0,0.019929199602247653,-0.0002530971028266778,-0.008774165377457793,False
1.522,-0.00026996275971817113,-0.008643606504840558,0.07830252285571324,0.00036763937294911106,0.0,0.019939982609047814,-0.0002620700453449888,-0.008700888946151156,False
1.5230000000000001,-0.0002785669112502666,-0.008564393712188253,0.08333866511476393,0.0006251615612137242,0.0,0.023043030330274734,-0.00027330128319373386,-0.008648595824820152,False
1.524,-0.00028708933619372333,-0.008480157648027474,0.09064138703829078,0.0010660839938129451,0.0,0.0252059356364154,-0.00028596556718129233,-0.008604910847968812,False
1.5250000000000001,-0.0002955238787631842,-0.008388634081536832,0.0962274553940884,0.0013721305240053374,0.0,0.02423930129838501,-0.0002974882444663448,-0.008542378156581487,False
1.526,-0.000303864109611186,-0.008291539134530027,0.10346064335819552,0.0018123127995106911,0.0,0.025937734871309796,-0.0003100596180007478,-0.008484201225034016,False
1.5270000000000001,-0.0003121036344333241,-0.00818722761029696,0.10789823849522966,0.0020315263465829035,0.0,0.0240747227037477,-0.00032076620591469236,-0.008400417204551387,False
1.528,-0.0003202366339944611,-0.00807849371270587,0.11382528450308255,0.002372344102821599,0.0,0.025556822937194416,-0.00033236944942091113,-0.008321032822536382,False
1.5290000000000001,-0.00032825794174776705,-0.007963849660487281,0.11263613279260264,0.0021465857126899304,0.0,0.015545726226366293,-0.000335537704883773,-0.008154589930162952,False
1.53,-0.0003361652040139247,-0.007850406714769147,0.1207865843594412,0.0026699042707323535,0.0,0.02756933292512613,-0.0003483518856563998,-0.00808481358557947,False
1.5310000000000001,-0.00034395495447435523,-0.0077288324883936065,0.12256531116744472,0.002686575814249951,0.0,0.02281664344020656,-0.00035695457994160834,-0.007965910796490693,False
1.532,-0.00035162224636352057,-0.00760549460524866,0.12090967637871237,0.0024309143231237814,0.0,0.016175783007196656,-0.00035993625824868556,-0.007792160939871607,False
1.5330000000000001,-0.0003591670323810965,-0.007483824922063779,0.12408409242546437,0.0025636618205297592,0.0,0.023787610399796922,-0.0003689968585410685,-0.00768129172287149,False
1.534,-0.0003665885668914328,-0.0073589970021469,0.12835257278363735,0.0027865319783875694,0.0,0.0248565988656852,-0.00037866625839268615,-0.007573807647485103,False
1.5350000000000001,-0.00037388314502770175,-0.007229917997438743,0.12648556463487654,0.0025213584005988423,0.0,0.01774913795472052,-0.0003823065975918574,-0.007404610375836882,False
1.536,-0.0003810495820179042,-0.007102719045220588,0.12490797733612348,0.002281419425141133,0.0,0.01564070389474309,-0.00038413653522669796,-0.007222388696685676,False
1.537,-0.000388089613208671,-0.006977110741048487,0.12939126061784473,0.002528434522745683,0.0,0.024828364705479347,-0.00039335401374697725,-0.007115781680371581,False
1.538,-0.0003950018003246012,-0.006847036805980003,0.12774373734743263,0.0022878221652341876,0.0,0.018400275612947083,-0.0003971053377403399,-0.0069526617465651575,False
1.539,-0.00040178474171586963,-0.006718623723150688,0.13462069288800638,0.0027312952333767735,0.0,0.02687850453010588,-0.00040761531159393827,-0.006858475997805903,False
1.54,-0.0004084358381432889,-0.006583353536592401,0.13952526799291853,0.003020173928463197,0.0,0.025709259168587184,-0.0004168806745597677,-0.006745466506364908,False
1.541,-0.0004149492184389915,-0.006443197845310188,0.1455849223492479,0.003404524114600765,0.0,0.02698846273475851,-0.00042691924875018603,-0.006635448404575914,False
1.542,-0.000421319420041256,-0.006297003028546332,0.1433806402628235,0.0031310612968577117,0.0,0.02052557719069121,-0.00043144022323150967,-0.0064665594057498246,False
1.543,-0.00042754453387652055,-0.00615302719727318,0.1426089250459452,0.0029745491302254653,0.0,0.021471515701525223,-0.00043659901504399743,-0.006308078150557036,False
1.544,-0.00043362606293509816,-0.006009838662683877,0.14497021442834224,0.0030711673819135473,0.0,0.023949947332978776,-0.00044361843351074955,-0.006170036161635247,False
1.545,-0.0004395632287941898,-0.005864306797632772,0.15010558888914213,0.0033925921771200225,0.0,0.02638431776697228,-0.00045241007123876254,-0.006047773871522476,False
1.546,-0.0004453523018879046,-0.005713659964003519,0.14714656219571223,0.003069744345994276,0.0,0.01907081496862273,-0.00045503068862764193,-0.005861563760722622,False
1.547,-0.0004509922125412545,-0.005565986767006922,0.15548381441923945,0.0036529269157557437,0.0,0.02910604016972016,-0.000465702725929466,-0.005758251701515976,False
1.548,-0.0004564802890688575,-0.005409999484632803,0.15794608891168768,0.0037698419715396433,0.0,0.024832694039962105,-0.0004726121175346731,-0.005610233357701435,False
1.549,-0.00046181115366259124,-0.0052515694052843774,0.15442353963115363,0.0034110940759315223,0.0,0.01888040289912838,-0.0004745060274823774,-0.00541263925935703,False
1.55,-0.00046698535447718594,-0.005096676916769848,0.15434319051434464,0.0033301176305458417,0.0,0.022534565041029735,-0.000479305099611241,-0.005249220706470018,False
1.551,-0.0004720047087632816,-0.004941882130498374,0.15651642752621756,0.0034322035886985318,0.0,0.024358842058057578,-0.0004854453130295925,-0.005100440187569044,False
1.552,-0.0004768681880107072,-0.0047849332231463875,0.15935896441365938,0.0035908977821224528,0.0,0.02504881670239638,-0.0004919701962250262,-0.004954352267017333,False
1.553,-0.0004815733037027305,-0.004625161663855208,0.15590646929898136,0.003249178677606734,0.0,0.019333716848182,-0.0004936825524843834,-0.004760182038338245,False
1.554,-0.0004861203791770394,-0.0044688578472097265,0.1528301026529381,0.0029399784453831702,0.0,0.01903013562599294,-0.0004951005656738891,-0.0045692265013434425,False
1.555,-0.0004905126940795768,-0.004315645550872159,0.15009135581423655,0.002660202505601882,0.0,0.01874148809152827,-0.0004962446695548139,-0.004381306069673489,False
1.556,-0.0004947531710923968,-0.0041651870731590265,0.1521713202585493,0.0027683260922417184,0.0,0.023758437034622198,-0.0005014186562756266,-0.0042374450704128494,False
1.557,-0.0004988421558246544,-0.004012667185936641,0.1570844594076841,0.0031060778854585516,0.0,0.02625435870980415,-0.0005084670010044989,-0.00411068149793183,False
1.558,-0.0005027761710913509,-0.003855255176271847,0.15893068513817646,0.00320185311025718,0.0,0.02407139058233071,-0.0005135480095447201,-0.003960610347908247,False
1.559,-0.0005065518576149457,-0.003696016093703264,0.15779021564455653,0.0030617618832511104,0.0,0.0217124307143833,-0.0005165749329295931,-0.0037901241972158797,False
1.56,-0.0005101688809642427,-0.0035379344880752213,0.15472485891259058,0.002770396717081852,0.0,0.015436033593299911,-0.0005144339701285924,-0.0035729332913207322,False
1.561,-0.0005136293605173253,-0.0033829336014044326,0.154742744864829,0.002728139067705932,0.0,0.022303075917131435,-0.000517914040543678,-0.0034163037737197015,False
1.562,-0.0005169348360557521,-0.00322793227141665,0.1578318534450803,0.0029343693540328877,0.0,0.02484632261976063,-0.0005233547945523678,-0.0032800041367376824,False
1.563,-0.0005200837723212191,-0.0030698616928838737,0.15481273118493716,0.0026551271898669643,0.0,0.01521495813350316,-0.0005208426814545299,-0.003064981002522795,False
1.564,-0.0005230761527119054,-0.0029148256339876382,0.15329193594751103,0.002498205050908068,0.0,0.020996075891560738,-0.0005230828288558677,-0.0029020772704292375,False
1.565,-0.0005259142628586726,-0.002761326605827525,0.16006096097459463,0.0030070609538121597,0.0,0.027766977472775657,-0.0005307420017002566,-0.002794523929022174,False
1.566,-0.0005285954969739023,-0.002601081140205524,0.1571993321780465,0.0027490978918888144,0.0,0.020293336474934778,-0.0005321325817937188,-0.0026198334706261043,False
1.567,-0.0005311179217028932,-0.0024437130692670232,0.16038492408603167,0.002977425767918414,0.0,0.02509695857539876,-0.0005373733252857177,-0.002487000023295607,False
1.568,-0.0005334813922900454,-0.002283179608517819,0.15713416073099984,0.0026940862442370317,0.0,0.017682177094045487,-0.0005364616740379811,-0.0022924778879785885,False
1.569,-0.0005356859599730113,-0.002125912403106599,0.16095892822320582,0.002979257489969473,0.0,0.025633852751943555,-0.0005420144628320008,-0.0021659944268098393,False
1.57,-0.0005377313549538189,-0.001964841124052162,0.160787669479602,0.0029480682343131616,0.0,0.022624995334038275,-0.0005449735633461046,-0.0020111740931356877,False
1.571,-0.0005396157702784476,-0.0018039590800663547,0.15840093682984852,0.0027425159917678628,0.0,0.020780176467277707,-0.00054635502225312,-0.0018426351646920398,False
1.572,-0.0005413405023373946,-0.001645479979984522,0.1552889716073101,0.0024815310889135618,0.0,0.019418148815529158,-0.0005465944741046746,-0.001667251509086908,False
1.573,-0.0005429083164127345,-0.001490128215360049,0.1524568408067617,0.0022453821832685104,0.0,0.01875166054422354,-0.0005462874732549256,-0.001491772977756161,False
1.574,-0.0005443221998780382,-0.001337623820384989,0.1498752534182939,0.002031705817212625,0.0,0.017223468150802827,-0.0005447517700864077,-0.0013094559498882338,False
1.575,-0.0005455848747894743,-0.001187716128686258,0.1484834662129017,0.0019156236153792497,0.0,0.020803756752392474,-0.000546158607980633,-0.001160462243666041,False
1.576,-0.0005466983431613803,-0.0010392159845913226,0.15009332886459167,0.0020421902141115303,0.0,0.023213171173499407,-0.0005494765188261207,-0.0010326260465412782,False
1.577,-0.0005476625124419398,-0.0008891239425657532,0.14765587771922234,0.0018478501204749805,0.0,0.0165376377158393,-0.0005472951095604729,-0.0008510270625587125,False
1.578,-0.000548477813400402,-0.0007414843097736472,0.14638621221661371,0.0017493182189490242,0.0,0.020804319750169442,-0.0005486303248767101,-0.0007081645829126288,False
1.579,-0.0005491461147640328,-0.0005951299439798685,0.14652039546041332,0.0017655859778028906,0.0,0.021901062576693175,-0.0005508157509544496,-0.0005759921595710851,False
1.58,-0.0005496680001912699,-0.00044865795688561055,0.1443178901968099,0.0015975682574756625,0.0,0.01998990160047609,-0.0005513917431140208,-0.00042912480264444117,False
1.581,-0.0005500445198036159,-0.00030440321102326025,0.14228586598772955,0.0014455395372304854,0.0,0.018366799205718744,-0.0005506371586579301,-0.00027307160881242024,False
1.582,-0.0005502778055628628,-0.0001621951102131353,0.14040552719867044,0.0013079782625365281,0.0,0.019745576554139416,-0.0005510203780920288,-0.00013175803947326019,False
1.583,-0.0005503698282339614,-2.1881858298185172e-05,0.13865988006409752,0.0011835076739207125,0.0,0.018674839382548113,-0.0005505257433951276,1.478924112684955e-05,False
1.584,-0.0005503224152838726,0.00011667134342063551,0.13703356177244239,0.0010708820278961617,0.0,0.017630336449294973,-0.0005491993753226301,0.00016603492533235692,False
1.585,-0.0005501372670633336,0.0002535839277658372,0.13551268581188472,0.0009689741291426753,0.0,0.011760335764776983,-0.0005431575596371928,0.00035921453949054973,False
1.586,-0.0005498159714343916,0.00038896143854891686,0.1340847020293785,0.0008767640491571007,0.0,0.019684269999302687,-0.0005437031105780842,0.0004843025436525168,False
1.587,-0.0005493600169910614,0.0005228968674389921,0.13273827000265612,0.0007933289184660641,0.0,0.012233453087913213,-0.0005382001504304569,0.0006651037161919953,False
1.588,-0.0005487708050064449,0.0006554718641527874,0.1314631444581971,0.0007178336902380936,0.0,0.01860920701791837,-0.000538015698408475,0.0007904981091065884,False
1.589,-0.0005480496602269688,0.0007867578320167015,0.1302500715887212,0.0006495227828542614,0.0,0.01956364150383919,-0.0005386092952178212,0.0009060361251632372,False
1.59,-0.0005471978406229141,0.0009168169198047881,0.132342228369004,0.0008478351686844411,0.0,0.022706120610298912,-0.0005417305869406351,0.0009952761017574007,False
1.591,-0.000546214921270525,0.001048951893582847,0.13091434175740024,0.0007671529849525119,0.0,0.01851091466162568,-0.0005413664931096258,0.00112020414633944,False
1.592,-0.0005451005854706427,0.00117964524715857,0.1295550229369444,0.0006941487261430102,0.0,0.010653206820166424,-0.0005346502012564513,0.0013037053341194177,False
1.593,-0.000543856240523312,0.0013089656564517725,0.12825535239676994,0.0006280917410961917,0.0,0.014865967435088862,-0.0005315353918565428,0.0014481296528878116,False
1.594,-0.0005424832295126747,0.0014369728771698887,0.1270072786908868,0.0005683209093031885,0.0,0.01568556321211778,-0.0005291724967125257,0.0015821959811157587,False
1.595,-0.0005409828397930407,0.0015637186131926015,0.12580353633601707,0.0005142380241897458,0.0,0.01604897370742645,-0.0005271708257185889,0.0017100221312272507,False
1.596,-0.0005393563106476365,0.0016892473028212855,0.12463757151728332,0.0004653018060637629,0.0,0.014422268994110421,-0.0005239087124343458,0.0018474158296456714,False
1.597,-0.0005376048401982607,0.0018135968307042096,0.12350347485862989,0.000421022484806204,0.0,0.0128306966828445,-0.0005194503251854732,0.0019934347751928523,False
1.598,-0.0005357295916366399,0.0019367991725050267,0.1246263798437251,0.0005593936387390916,0.0,0.021856321776895407,-0.0005224264874489581,0.002064820377940691,False
1.599,-0.0005337305841902293,0.0020611096823797367,0.12332472061601227,0.00050616029574242,0.0,0.018350027400148017,-0.0005224792002744112,0.0021659096806347505,False
1.6,-0.000531607921385958,0.002184105579878528,0.12283980499072968,0.0005203344838965529,0.0,0.02064855629621461,-0.0005243915762149862,0.0022473487836240265,False
1.601,-0.0005293625096268876,0.0023066031135645787,0.12153188638225323,0.0004708181109240305,0.0,0.014523646384975079,-0.0005212903140428814,0.002376677102601624,False
1.602,-0.0005269952585462514,0.002427779984274742,0.12025743624465778,0.00042601384385306776,0.0,0.01712526301654878,-0.0005203835140631632,0.0024821604816462083,False
1.603,-0.0005245074720319615,0.0025476697826345056,0.11901109236473438,0.00038547326651958423,0.0,0.010855180442577257,-0.0005144254229298567,0.0026342562603437376,False
1.604,-0.0005219004230622796,0.0026663007374997435,0.11778802702275663,0.00034879063519946787,0.0,0.017062852788469605,-0.0005136626399225082,0.0027328820745679246,False
1.605,-0.0005191753588002782,0.0027836962506323877,0.11658389657647661,0.00031559881778900876,0.0,0.011016360271768683,-0.0005080255288896992,0.002876629595588392,False
1.606,-0.0005163335051788396,0.0028998753809396575,0.11539479583662203,0.00028556561942340796,0.0,0.0119307413240888,-0.000503288563556055,0.00300844527389998,False
1.607,-0.0005133760710242358,0.003014853283070248,0.11421721677783414,0.0002583904577589159,0.0,0.017677005236942447,-0.0005033386894770918,0.0030913458354362533,False
1.608,-0.0005103042517617611,0.0031286416047046363,0.11304801117238564,0.00023380135464370712,0.0,0.018675182162682952,-0.0005041956352511685,0.0031652424331793344,False
1.609,-0.0005071192327427636,0.0032412488464638504,0.11188435677329006,0.00021155221406912164,0.0,0.01634714840778717,-0.0005031432475378052,0.0032565542229203376,False
1.61,-0.0005038221922286807,0.003352680687987489,0.1107237267089481,0.0001914203591580946,0.0,0.014509695263639847,-0.0005006328682664017,0.0033603494545904715,False
1.611,-0.0005004143040643037,0.0034629402833938156,0.10956386178362917,0.00017320430354012635,0.0,0.012270161135475703,-0.0004963802453887917,0.003478919819268135,False
1.612,-0.0004968967400694361,0.003572028529028917,0.10840274540717931,0.00015672173480796452,0.0,0.014266493437799893,-0.0004938646055905667,0.003578293857232603,False
1.613,-0.0004932706721753411,0.00367994430613519,0.10723858090367089,0.00014180768987375497,0.0,0.010930189240853542,-0.0004887187983397033,0.0037010705197840716,False
1.614,-0.0004895372743298697,0.0037866847008190575,0.10606977097252973,0.00012831290396301252,0.0,0.01119071375507468,-0.0004839297747066548,0.0038177096780095147,False
1.615,-0.00048569772419289315,0.0038922452034712415,0.10489489909722646,0.00011610231672258828,0.0,0.017619115422431966,-0.00048448165592746375,0.0038804746004623917,False
1.616,-0.0004817532046416143,0.003996619889587939,0.10371271271612206,0.00010505372049125998,0.0,0.009363090782267115,-0.00047833285659532276,0.0040069146611366535,False
1.617,-0.00047770490510347347,0.0040998015837557565,0.10252210798770268,9.505653720438305e-05,0.0,0.006790141867701747,-0.00047027495528914094,0.004148776836140193,False
1.618,-0.0004735540227326901,0.004201782008395432,0.10202521782400005,0.0001422588577390342,0.0,0.020585163448046707,-0.00047361547351823145,0.004177573295525266,False
1.619,-0.0004693014120763464,0.004303254467123761,0.10074695023560896,0.00012872113752933258,0.0,0.00785751536487737,-0.0004665555332686276,0.004307351401903962,False
1.62,-0.000464947971567428,0.004403438254652424,0.09946403249230133,0.00011647170172869294,0.0,0.005755352158983682,-0.00045799351585533346,0.004448366451781803,False
1.621,-0.00046049499215269934,0.00450232886938696,0.09817522935360748,0.00010538795386644492,0.0,0.017806315108387774,-0.0004594320114451724,0.00448961905426539,False
1.622,-0.00045594376989765035,0.0045999205759708565,0.09687945441387263,9.535896406860684e-05,0.0,0.006677525935022275,-0.0004518185746309548,0.00461759753726425,False
1.623,-0.0004512956071458338,0.004696206554141948,0.09557575626202995,8.628435883442204e-05,0.0,0.011212758734182558,-0.000448093156511197,0.004704947471788475,False
1.624,-0.0004465518135362678,0.004791179033742736,0.09426330595085398,7.807331646462668e-05,0.0,0.008818306470600947,-0.00044253448929881567,0.0048079947605658285,False
1.625,-0.00044171370689209525,0.004884829417194646,0.09294138565102142,7.064365808735717e-05,0.0,0.011323427131813946,-0.00043916179294768644,0.004887534132482325,False
1.6260000000000001,-0.000436782613992444,0.0049771483906215115,0.09160937837717238,6.392102518437939e-05,0.0,0.009334558099553388,-0.00043427425881520414,0.004979897280422923,False
1.627,-0.00043175987123830154,0.005068126024694698,0.09026675868390135,5.783813538604539e-05,0.0,0.004142787637150168,-0.00042532137507319444,0.0051091229698757646,False
1.6280000000000001,-0.00042664682522219834,0.005157751866170212,0.08891308423932336,5.233410908672357e-05,0.0,0.012695105449916592,-0.00042354717047591087,0.005165827300479276,False
1.629,-0.0004214448332105682,0.005246015020995715,0.0875479881926498,4.73538601412432e-05,0.0,0.01202970457666942,-0.00042128446084839066,0.0052261286627257805,False
1.6300000000000001,-0.00041615526354681916,0.005332904229781772,0.08617117226016463,4.2847544544238435e-05,0.0,0.007629807933219792,-0.00041552320724800695,0.005318813541908502,False
1.631,-0.00041077949598239123,0.0054184079363560345,0.08478240046118635,3.877006157458947e-05,0.0,0.007950419637806114,-0.0004101848326602546,0.005405051640918299,False
1.6320000000000001,-0.0004053189219423926,0.005502514350050607,0.08338149344211551,3.50806024122467e-05,0.0,0.010909064772637634,-0.0004073934121173629,0.005464600377688572,False
1.633,-0.0003997749447317878,0.005585211502310924,0.0819683233325589,3.174224170984336e-05,0.0,0.005206879360094077,-0.00040006394647848547,0.005566428929611136,False
1.6340000000000001,-0.0003941489796875492,0.005666487298158442,0.08054280908285352,2.8721568031408007e-05,0.0,0.005574610606749518,-0.00039323995658375067,0.005660577010360551,False
1.635,-0.00038844245428167827,0.005746329562988723,0.07910491223713806,2.5988349459483377e-05,0.0,0.009019792844072883,-0.0003893989803599787,0.005723435769338979,False
1.6360000000000001,-0.0003826568081795424,0.005824726085140672,0.07765463310048522,2.3515231023935162e-05,0.0,0.013053963302763304,-0.00038893339249776335,0.00575225648019352,False
1.637,-0.0003767934932575598,0.0059016646546311245,0.07619200726255697,2.1277460924216583e-05,0.0,0.0013499941532509243,-0.00037900410133649145,0.005871577993607834,False
1.6380000000000001,-0.0003708539735838887,0.005977133098411477,0.0747171024438206,1.9252642805029153e-05,0.0,0.004659266673262753,-0.000372035779981419,0.0059588534399870954,False
1.639,-0.00036483972536543676,0.006051119312469048,0.07323001563359559,1.7420511606071173e-05,0.0,0.007897827363205429,-0.0003678872577659176,0.006016464573811551,False
1.6400000000000001,-0.00035875223686420126,0.006123611291065131,0.07173087049212887,1.5762730742502908e-05,0.0,0.007319743983464997,-0.0003633882212976244,0.0060758480962179815,False
1.641,-0.00035259300828566995,0.006194597153373881,0.07021981499154295,1.4262708586242374e-05,0.0,0.011162232221383947,-0.00036212801439557346,0.006102410045411518,False
1.6420000000000001,-0.00034636355164176344,0.006264065167761003,0.06869701927289745,1.290543241137486e-05,0.0,0.0030184140055496255,-0.00035430933706901845,0.006191408752975168,False
1.643,-0.0003400653905905704,0.006332003773918471,0.06716267369877246,1.1677318141746015e-05,0.0,0.005845549628185957,-0.0003490014203328001,0.006253511218652547,False
1.6440000000000001,-0.00033370006025492223,0.006398401603050865,0.06561698708274323,1.0566074396961934e-05,0.0,0.007289471133083947,-0.0003450130975971207,0.006301031259678756,False
1.645,-0.000327269107021667,0.00646324749629031,0.06406018507889115,9.560579476122895e-06,0.0,0.0009852670635210684,-0.00033603318557090355,0.006395086756379171,False
1.6460000000000001,-0.0003207740883233338,0.006526530521500123,0.0624925087161012,8.650770048102627e-06,0.0,0.006274748246908031,-0.0003315907456939209,0.006442453994122862,False
1.647,-0.0003142165724037266,0.006588239988612019,0.06091421306334981,7.827540434347994e-06,0.0,0.004176867118649369,-0.00032557551575008455,0.006503400267721769,False
1.6480000000000001,-0.0003075981380688487,0.006648365463627935,0.05932556601350139,7.082651476187512e-06,0.0,0.0005774017208496178,-0.0003168162110291102,0.006588679250975646,False
1.649,-0.0003009203744244332,0.006706896781405033,0.05772684717432194,6.408648074562086e-06,0.0,-0.004272816069488903,-0.00030437784385865856,0.006706390413283592,False
1.6500000000000001,-0.00029418488060124363,0.006763824057331146,0.056118346856494195,5.798784576887881e-06,0.0,-0.002191009378588094,-0.00029397765445490055,0.0068003974631523564,False
1.651,-0.00028739326546920526,0.006819137697987728,0.054500365149393305,5.246957264297974e-06,0.0,0.000505610575500361,-0.0002860557051994988,0.006867193682909367,False
1.6520000000000001,-0.0002805471473413352,0.006872828410888111,0.05287321107626291,4.7476432635724e-06,0.0,0.0031435276548508386,-0.00028049422987388615,0.006908771608808898,False
1.653,-0.0002736481536683574,0.006924887213370501,0.051237201821229254,4.295845272366667e-06,0.0,0.001314962836488293,-0.00027360974792319973,0.006961345548055038,False
1.6540000000000001,-0.0002666979207248113,0.0069753054407176015,0.049592662021312774,3.8870415445302385e-06,0.0,-0.0022417852642596693,-0.00026404041477212956,0.007037585079710558,False
1.655,-0.00025969809328739424,0.00702407475356789,0.04793992311724876,3.5171406349512493e-06,0.0,-0.0002156254541390481,-0.0002563828925282724,0.007092444668400548,False
1.6560000000000001,-0.0002526503243062181,0.007071187144677396,0.04627932275752046,3.1824404509986436e-06,0.0,-0.006612710593282542,-0.0002437625590612505,0.007192665269928162,False
1.657,-0.00024555627456960194,0.007116634945085218,0.04461120425054179,2.879591200734807e-06,0.0,-0.004061554796393101,-0.0002335656000624352,0.007265637229156437,False
1.6580000000000001,-0.000238417612362973,0.007160410829730959,0.04293591606041089,2.605561867071951e-06,0.0,-0.004212834409524052,-0.00022353513009343984,0.007333900142882989,False
1.659,-0.00023123601312240267,0.007202507822567692,0.041253811342093244,2.357609872334338e-06,0.0,-0.009435660100214072,-0.00020955991579912043,0.007437057674696277,False
1.6600000000000001,-0.00022401315908326177,0.007242919301209883,0.039565247512289306,2.1332536296190907e-06,0.0,-0.0015460198031015306,-0.00020236913291971092,0.0074707155649410715,False
1.661,-0.0002167507389244428,0.00728163900115201,0.03787058585259962,1.930247706240377e-06,0.0,-0.003524600981216176,-0.0001937800473865886,0.007515817990198485,False
1.6620000000000001,-0.00020945044740856183,0.00731866101959018,0.0361701911419247,1.7465603506843762e-06,0.0,-0.005906203355769684,-0.00018350595425760052,0.00757467899080542,False
1.663,-0.0002021139850185226,0.0073539798188760035,0.03446443131533054,1.580353158157231e-06,0.0,-0.0016274781435634232,-0.0001769875845874957,0.0075944753377825995,False
1.6640000000000001,-0.00019474305759079763,0.00738759022962922,0.032753677146875784,1.4299626712119633e-06,0.0,0.00013426300048101098,-0.00017208045708945414,0.0075970971870406336,False
1.665,-0.00018733937594575493,0.007419487453533046,0.03103830195413663,1.2938837313072366e-06,0.0,-0.009828517649100203,-0.00015924536911598766,0.007674780430085905,False
1.666,-0.0001799046555153375,0.007449667065833968,0.029318681322383425,1.1707544146747732e-06,0.0,-0.007021043909109592,-0.00014904728666402883,0.007723366377137627,False
1.667,-0.0001724406159683807,0.007478125017565646,0.027595192846558796,1.0593424017285228e-06,0.0,0.002559185472055885,-0.00014689548944849432,0.007691782631226103,False
1.668,-0.0001649489808338349,0.007504857637514755,0.025868215889385673,9.585326435960488e-07,0.0,-0.00018796761461007012,-0.0001425802588854924,0.007680857267085042,False
1.669,-0.00015743147712214315,0.007529861633944889,0.02413813135409406,8.673162023346314e-07,0.0,-0.0037619922667375596,-0.00013549337521931443,0.00769571977481631,False
1.67,-0.00014988983494500867,0.007553134096093199,0.022405321470401415,7.847801531412218e-07,0.0,-0.006823657317874435,-0.00012612825339700638,0.00773071785459852,False
1.671,-0.0001423257871337727,0.007574672495452988,0.02067016959251305,7.10098447494168e-07,0.0,-0.002328833070299484,-0.00012066807368915641,0.007725688050172447,False
1.672,-0.0001347410688566106,0.0075944746868543385,0.01893306000802815,6.425236457819663e-07,0.0,-0.003442154639542421,-0.00011446116096149415,0.0077266615925303825,False
1.673,-0.00012713741723474316,0.0076125389093536664,0.017194377756745163,5.813794366764058e-07,0.0,0.002740936413669412,-0.00011343670410320841,0.007676417758513255,False
1.674,-0.00011951657095784865,0.007628863786942127,0.015454508458457526,5.260538683814796e-07,0.0,-0.0068602044179278555,-0.00010466707733273056,0.007700940610823326,False
1.675,-0.00011188026989885268,0.007643448329081869,0.013713838148919225,4.7599322401412646e-07,0.0,-0.007445784414983277,-9.567182865124971e-05,0.007725385606659407,False
1.676,-0.00010423025472826379,0.0076562919310783255,0.011972753123239607,4.3069647981955424e-07,0.0,-0.015078391987844091,-8.075125699891138e-05,0.007804483372161386,False
1.677,-9.656826652821505e-05,0.007667394374295979,0.010231639786038884,3.897102907571022e-07,0.0,-0.010872074708381432,-6.965946047798561e-05,0.007842545795563687,False
1.678,-8.889604640636471e-05,0.007676755826224378,0.008490884507761377,3.526244532706994e-07,0.0,-0.00653720584623623,-6.239202164157611e-05,0.00784093280997132,False
1.679,-8.12153351098027e-05,0.0076843768404005735,0.006750873486602671,3.190677998338015e-07,0.0,-0.008028401776141201,-5.4123096513158004e-05,0.007847327505158676,False
1.68,-7.352787263910371e-05,0.007690258356193594,0.005011992615560193,2.887044841800313e-07,0.0,-0.0037595681718429804,-4.954505882100941e-05,0.007816316691316633,False
1.681,-6.583539786266215e-05,0.007694401698456107,0.0032746273541653347,2.6123062004086303e-07,0.0,-0.004873660779188041,-4.4194663810545144e-05,0.007792043216054467,False
1.682,-5.8139648131439604e-05,0.007696808577047949,0.001539162604498861,2.3637123974970729e-07,0.0,-0.012581862727354705,-3.275444036056637e-05,0.007825365281552114,False
1.683,-5.044235889425068e-05,0.0076974810862358205,-0.00019401740886891414,2.138775422730839e-07,0.0,-0.0024955453318527923,-2.9805492389333483e-05,0.007774132148757787,False
1.684,-4.2745263313709126e-05,0.00769642170397309,-0.0019245292553360033,1.9352440312625403e-07,0.0,-0.007173106685012012,-2.3152618771002564e-05,0.0077584033194713145,False
1.685,-3.505009188295232e-05,0.007693633291063305,-0.0036519904114150374,1.7510812125170987e-07,0.0,-0.006685393433848727,-1.7083197644821335e-05,0.007735744477246223,False
1.686,-2.7358572043258782e-05,0.007689119090210742,-0.005376019370829005,1.584443803105249e-07,0.0,-0.011722984685814444,-7.1067631481547834e-06,0.00774952228959416,False
1.687,-1.9672427802670076e-05,0.007682882724961059,-0.00709623575179104,1.4336640398248296e-07,0.0,-0.013132284935320272,3.7280721923356536e-06,0.007769152294967583,False
1.688,-1.1993379355725684e-05,0.007674928198534866,-0.008812260401678863,1.297232868126102e-07,0.0,-0.006138400355722106,8.592782985040397e-06,0.007728746632367936,False
1.689,-4.323142704416532e-06,0.007665259892556835,-0.0105237154992928,1.1737848389866045e-07,0.0,-0.007009727231641843,1.4025155314729004e-05,0.007693151049213084,False
1.69,3.3365707195395123e-06,0.007653882565682779,-0.01223022465486676,1.0620844430383936e-07,0.0,-0.00279469013396167,1.589058826853156e-05,0.007622446283785275,False
1.691,1.0984054430999306e-05,0.0076408013521269535,-0.013931413007983805,9.610137451750202e-08,0.0,-0.0072680770095345645,2.132533030912748e-05,0.0075864122910451895,False
1.692,1.8617607266174512e-05,0.0076260217600916756,-0.01562690732353193,8.695611958812328e-08,0.0,-0.008564541132617459,2.765581984094772e-05,0.007558164861370366,False
1.693,2.6235533755793414e-05,0.007609549670101253,-0.017316336085821265,7.868115073054359e-08,0.0,-0.007852890174340151,3.323066719309912e-05,0.007521544256615876,False
1.694,3.383614449654969e-05,0.007591391333242049,-0.018999329590970816,7.119364927512322e-08,0.0,-0.010686807917267088,4.094219315707371e-05,0.007504611958925392,False
1.695,4.1417756520745124e-05,0.007571553369310431,-0.020675520037660915,6.441867779066015e-08,0.0,-0.010378661466276206,4.818566255446531e-05,0.0074816340672725365,False
1.696,4.897869366403502e-05,0.007550042764870251,-0.02234454161633719,5.8288430085391334e-08,0.0,-0.005670777905779302,5.14117999766297e-05,0.00741867059624125,False
1.697,5.651728693118658e-05,0.007526866871221406,-0.02400603059694184,5.274155257983504e-08,0.0,-0.011646439098520592,5.938510046192407e-05,0.0074013062734467555,False
1.698,6.403187485976204e-05,0.007502033402280968,-0.025659625415239664,4.772253025954574e-08,0.0,-0.014855772440384812,6.973108744509611e-05,0.007405144979189975,False
1.699,7.15208038816399e-05,0.007475550432378293,-0.027304966757798144,4.318113106219032e-08,0.0,-0.011167872538377276,7.67977145526256e-05,0.0073750948307000465,False
1.7,7.898242868228892e-05,0.007447426393965463,-0.02894169764567397,3.907190313818466e-08,0.0,-0.011308516885596935,8.377795493825721e-05,0.007342958252499525,False
1.701,8.641511255771076e-05,0.0074176700752443675,-0.030569463516852056,3.535371995330611e-08,0.0,-0.009906405523273912,8.942506190217211e-05,0.0072967952484959495,False
1.702,9.381722776896858e-05,0.007386290617711677,-0.03218791230747693,3.198936868051588e-08,0.0,-0.011843905965654218,9.64809556666079e-05,0.007263414527686582,False
1.703,0.0001011871558942202,0.007353297513622924,-0.03379669453191191,2.8945177761478377e-08,0.0,-0.013744718741426973,0.0001048760044869283,0.007241687853660821,False
1.704,0.00010852328817817535,0.007318700603376872,-0.03539546336165589,2.6190679910287968e-08,0.0,-0.009877427927728834,0.0001099017273781723,0.007185930697213376,False
1.705,0.00011582402587889798,0.007282510072821329,-0.03698387470314421,2.369830718663124e-08,0.0,-0.019763693123355484,0.0001227900939086334,0.0072052309842882915,False
1.706,0.00012308778061187556,0.007244736450481518,-0.03856158727445569,2.1443115086574436e-08,0.0,-0.016000190992104958,0.00013226583294126724,0.007188617768042577,False
1.707,0.0001303129746912786,0.007205390604712118,-0.04012826268094474,1.9402532889583943e-08,0.0,-0.011878477053186308,0.00013813560856899352,0.007135399758669071,False
1.708,0.0001374980414683345,0.007164483740774045,-0.041683565489814285,1.755613776316892e-08,0.0,-0.014019455949775158,0.00014557262043122865,0.007096515217074534,False
1.709,0.00014464142566674088,0.007122027397837059,-0.043227163303642735,1.588545036430937e-08,0.0,-0.015237820099841311,0.00015378539645126776,0.007063845330709888,False
1.71,0.00015174158371504515,0.007078033445909227,-0.04475872683287535,1.4373749891980083e-08,0.0,-0.013127685520204848,0.0001600568107382398,0.00701103190427116,False
1.711,0.00015879698407591722,0.007032514082694306,-0.046277929967288585,1.300590673975391e-08,0.0,-0.012387895961105583,0.0001655514727506019,0.006949928754153841,False
1.712,0.00016580610757224403,0.006985481830378066,-0.04778444984643358,1.1768231073615412e-08,0.0,-0.01232825638430196,0.00017084212444131518,0.006886307446006714,False
1.713,0.00017276744770997548,0.0069369495323445855,-0.04927796692906362,1.0648335819500718e-08,0.0,-0.010068253387823986,0.0001741528766942528,0.006803173595696798,False
1.714,0.00017967951099765177,0.0068869303498235515,-0.05075816506154836,9.635012689296853e-09,0.0,-0.012488088680905524,0.00017932918276437966,0.006738148566599933,False
1.715,0.00018654081726254438,0.006835437758469566,-0.05222473154527677,8.718120004527071e-09,0.0,-0.01662468304755014,0.0001877082610241342,0.0067034635556721366,False
1.716,0.0001933498999633424,0.006782485544874493,-0.053677357203048844,7.888481195023923e-09,0.0,-0.018254114473640507,0.00019716925320048708,0.00667767702455013,False
1.717,0.00020010530649931842,0.006728087803013857,-0.055115736444455464,7.137792956730667e-09,0.0,-0.017208414090927986,0.00020551539913482792,0.006639333365726643,False
1.718,0.0002068055985159082,0.00667225893062831,-0.056539567330244934,6.458542149443434e-09,0.0,-0.01354290804814592,0.00021065699353031532,0.006568738554436718,False
1.719,0.00021344935220663983,0.006615013625541198,-0.05794855163567322,5.843930602778813e-09,0.0,-0.015485386888290383,0.00021722573208475204,0.006511487703792519,False
1.72,0.00022003515861134876,0.006556366881913229,-0.05934764040146182,-4.143512830802343e-07,0.0,-0.02000436560978782,0.00022726740413885852,0.006486773749600466,False
1.721,0.00022656162128923248,0.006496328745075372,-0.06072554441450464,-3.7492054514220613e-07,0.0,-0.01651302337997631,0.00023419749663692837,0.006430164029402962,False
1.722,0.00023302735948612234,0.0064349205395564804,-0.062087777220437686,-3.392421380351082e-07,0.0,-0.01331867367555925,0.00023834467177317675,0.006345877600191193,False
1.723,0.00023943101101623593,0.006372158078281704,-0.063434051583329,-3.069589802686859e-07,0.0,-0.015264960398558437,0.0002439502562966563,0.006275611953100155,False
1.724,0.0002457712296496667,0.006308057459408009,-0.06476408470992638,-2.7774797114926876e-07,0.0,-0.01959957828968468,0.00025290679015843907,0.006237072528861064,False
1.725,0.0002520466853953849,0.006242635061852924,-0.06672797807375945,-5.228170136147686e-05,0.0,-0.02054128502711095,0.00026237201070221686,0.006201835509686962,False
1.726,0.0002582557397584867,0.006175257672911706,-0.06796175845090764,-4.7306439670445834e-05,0.0,-0.01727890342657431,0.0002689273815945219,0.006136243400591466,False
1.727,0.0002643968026880595,0.006106655050723768,-0.06918432113999753,-4.2804636727880096e-05,0.0,-0.013866932677982221,0.00027253424339385304,0.006041628876523817,False
1.728,0.00027046865460272093,0.006036838541915021,-0.07039484556069502,-3.873123697682223e-05,0.0,-0.019348353315191684,0.0002804772837148302,0.005988985847146896,False
1.729,0.0002764700876773669,0.0059658203117700015,-0.07159256860085564,-3.504547246344671e-05,0.0,-0.012152438435770449,0.00028236856590572204,0.005877027353937454,False
1.73,0.00028239990663307983,0.005893613286716862,-0.07277677960773919,-3.171045481767544e-05,0.0,-0.0126051798739397,0.00028457284126381065,0.005768941589656309,False
1.731,0.0002882569294720279,0.005820231101823672,-0.07394681585971642,-2.8692806061971398e-05,0.0,-0.01922463255243817,0.000292074527991102,0.0057125165133472934,False
1.732,0.00029403998816212527,0.0057456880528253575,-0.07510205847263272,-2.5962324553320728e-05,0.0,-0.014465823768895474,0.0002955103298447108,0.005615990552140458,False
1.733,0.0002997479292757667,0.005669999052246438,-0.07644828319933905,-4.00000427137521e-05,0.0,-0.020171740573463028,0.0003034689363458429,0.0055632673552166905,False
1.734,0.0003053795114627898,0.005592973397147277,-0.07755226936697912,-3.619353537043955e-05,0.0,-0.017164366386855714,0.00030876687449543904,0.005483591834495887,False
1.735,0.0003109335191752517,0.0055148532857173475,-0.0807075174733508,-0.00019801565842745222,0.0,-0.021719307379257147,0.00031760287997877247,0.005437661900859921,False
1.736,0.00031640783289873283,0.005433589193622557,-0.08158179590642606,-0.00017917197710218635,0.0,-0.018908127191117376,0.00032391221308959055,0.005363947293134329,False
1.737,0.0003218004486638473,0.00535146064870619,-0.08499389217316677,-0.00036492802005934756,0.0,-0.02210984655587149,0.00033263522450476126,0.005313065813041931,False
1.738,0.0003271092337992701,0.005265931927843936,-0.08562598208959511,-0.0003302005274394749,0.0,-0.01951724519130771,0.00033901175271013864,0.005235912743773279,False
1.739,0.0003323321775388858,0.005179781231572839,-0.0876835255016667,-0.00041112909664465266,0.0,-0.02116881854849855,0.0003465448759519554,0.005169732469047151,False
1.74,0.0003374679455734464,0.0050915842983033964,-0.092365852406381,-0.0007038550563920366,0.0,-0.02345231874401779,0.00035571349788369577,0.005117299930493328,False
1.741,0.0003425131800314695,0.004998718640584508,-0.09252447336667396,-0.0006368743918973251,0.0,-0.015990528732819465,0.00035858034509575254,0.00499916090424166,False
1.742,0.00034746547304357727,0.004905704928724282,-0.09274163608261128,-0.0005762677803775975,0.0,-0.018604152223518834,0.00036348223995013917,0.0049020858205275405,False
1.743,0.00035232464730547923,0.0048124846836925675,-0.09300963080044891,-0.0005214286504941787,0.0,-0.014553432139305964,0.0003649652794165773,0.0047728850061500554,False
1.744,0.0003570904708889248,0.004719007136720116,-0.09332146857762734,-0.0004718081538031274,0.0,-0.018748334358949962,0.0003698029713836783,0.004677713499543396,False
1.745,0.00036176266459145653,0.004625228508187785,-0.09367081319155357,-0.00042690967169553464,0.0,-0.012497504220545835,0.00036944216184693103,0.004533167854072532,False
1.746,0.0003663409085991073,0.0045311113546344555,-0.0940519195301454,-0.0003862838450715667,0.0,-0.018065045760913875,0.00037359970848358794,0.004434297107723397,False
1.747,0.0003708248485269189,0.004436623977399338,-0.09710032376694047,-0.0005607837505827767,0.0,-0.02219778690875009,0.00038098577901947824,0.004367127001982548,False
1.748,0.00037521278120771894,0.004339101219635011,-0.09763029975600668,-0.0005359017723853923,0.0,-0.020296322507599586,0.00038662288042993803,0.0042800505794660494,False
1.749,0.00037950292993590496,0.004241059868645075,-0.09781104873912239,-0.0004849039760460928,0.0,-0.016010080926872765,0.00038862958497392583,0.004158092202004311,False
1.75,0.0003836949506606463,0.004142848934871431,-0.09803012807196403,-0.0004387592616809174,0.0,-0.017107629024582585,0.0003914681222617762,0.004045669718484449,False
1.7510000000000001,0.00038778865465027965,0.004044430137202228,-0.09828166497060033,-0.00039700579747872517,0.0,-0.01884742597187377,0.00039563495764049003,0.0039472009322501275,False
1.752,0.0003917838178283342,0.003945771066991484,-0.09856033687106187,-0.00035922570073595674,0.0,-0.015924789977349182,0.000397317197689018,0.003825530902198384,False
1.7530000000000001,0.0003956801863708099,0.0038468446376118985,-0.1019215542877057,-0.0005698596318284496,0.0,-0.022546910597813857,0.0004043138039065874,0.0037563834723035906,False
1.754,0.00039947595245504825,0.0037445707598719735,-0.10194432441602602,-0.0005156303179065768,0.0,-0.019334599352152596,0.00040851106400004655,0.0036568923600105146,False
1.7550000000000001,0.0004031694371162186,0.003642285629770792,-0.10200857186475097,-0.0004665616055156479,0.0,-0.01442520040831753,0.00040861415158572744,0.0035188906405433772,False
1.756,0.00040676060837447557,0.003539947803899858,-0.10210808857122543,-0.00042216239848949077,0.0,-0.016676266135786807,0.0004105370429462832,0.0034005027739936137,False
1.7570000000000001,0.0004102493959105405,0.00343752204668695,-0.10223725133291577,-0.0003819883346410987,0.0,-0.01866328659360872,0.00041401436285761015,0.0032984924532307395,False
1.758,0.00041363569698102675,0.0033349787452983197,-0.10445169427125466,-0.0005104955466060929,0.0,-0.021715060927514157,0.00041986420757623186,0.0032201379588311747,False
1.7590000000000001,0.0004169183519467505,0.003230234274091985,-0.10442592400303076,-0.00046191547230991294,0.0,-0.019857004377499814,0.00042404376799107534,0.003123678226682929,False
1.76,0.000420096279246165,0.003125527330512571,-0.10443443386760301,-0.00041795840331576236,0.0,-0.015392978930715302,0.00042449028382186697,0.002992078412891639,False
1.7610000000000001,0.00042316949927431215,0.0030208236571894038,-0.10447167785378768,-0.00037818440250266666,0.0,-0.014111395377794073,0.00042388642588180926,0.0028522945575342545,False
1.762,0.0004261380009417151,0.0029160945422496984,-0.10734388799005332,-0.0005670956771834302,0.0,-0.02233969351710912,0.0004299622709111581,0.0027788962666001472,False
1.7630000000000001,0.00042900034205968946,0.0028085072537974683,-0.10715195519815145,-0.000513129388322009,0.0,-0.016290120430771285,0.00043096748625438136,0.00265385067085021,False
1.764,0.00043175519583885336,0.0027011238443609056,-0.1092002081636779,-0.0006402882666715639,0.0,-0.021830863520826957,0.0004364306453652507,0.0025734886686450795,False
1.7650000000000001,0.00043440164663853927,0.0025917058685016106,-0.10886988907159646,-0.0005793567820138178,0.0,-0.01888230458636595,0.000439351480991633,0.002466766327306455,False
1.766,0.0004369388486379018,0.002482630254880253,-0.10858798251033586,-0.0005242236947590051,0.0,-0.012468122036722035,0.0004369958698191754,0.002310621728847251,False
1.7670000000000001,0.0004393671199926322,0.002373848590575592,-0.10834759006469324,-0.0004743372144390091,0.0,-0.013906420743046027,0.0004358716311951875,0.0021692661048579288,False
1.768,0.0004416867338947341,0.0022653193610954955,-0.10814246992285044,-0.00042919806039136226,0.0,-0.01862439683728494,0.000438599477142923,0.0020673804464355606,False
1.7690000000000001,0.000443897925142563,0.0021570072935146985,-0.10869008433899639,-0.0004462032193318149,0.0,-0.020601814976158185,0.0004428511640062071,0.001981223129326902,False
1.77,0.00044600053471776854,0.0020481602213322913,-0.10846912775474052,-0.00040374136889953234,0.0,-0.015045400297576662,0.0004424832365222876,0.0018504542949292213,False
1.7710000000000001,0.00044799441172202844,0.0019395461707655411,-0.11168104204033871,-0.0006378384117387206,0.0,-0.022835073694320508,0.00044843316398466854,0.0017824736102674658,False
1.772,0.0004498780736228675,0.001827734946745673,-0.11501250256347874,-0.0008838666862572038,0.0,-0.02319095333629739,0.00045450263167441267,0.0017121322342393058,False
1.7730000000000001,0.00045164826362455884,0.0017126074566251282,-0.11418671612897552,-0.0007997556502809678,0.0,-0.018468304501202598,0.00045657608300445166,0.0015997252881592857,False
1.774,0.0004533037431308979,0.001598318048091347,-0.12140352046731664,-0.0013610160952582094,0.0,-0.02663069004643823,0.0004651999916208747,0.0015521093423552903,False
1.7750000000000001,0.00045484133098196166,0.001476830366435394,-0.11994827363982974,-0.0012314982895388217,0.0,-0.019636108210290704,0.00046791586895169256,0.0014392835824810011,False
1.776,0.00045625816295154464,0.0013568104464632968,-0.11948546029547256,-0.0011833726369344054,0.0,-0.02071852017734356,0.0004714312250359309,0.0013364032214630255,False
1.7770000000000001,0.0004575552107868881,0.0012372664707957957,-0.11819032015047018,-0.0010707598413781324,0.0,-0.019358098521257174,0.0004737453996472666,0.0012229319025053981,False
1.778,0.000458733366362049,0.0011190300575956266,-0.12152451475586967,-0.0013304769790412172,0.0,-0.023761954198331776,0.00047955986540490015,0.0011452500337658432,False
1.7790000000000001,0.000459791623723404,0.0009974753688234573,-0.12149308012908373,-0.0013235001390466108,0.0,-0.02124459040816779,0.0004831711974850591,0.001042702015318077,False
1.78,0.0004607283466617413,0.0008759657577471682,-0.11994723224282716,-0.0011975524485851687,0.0,-0.018558092907869236,0.0004845048825019758,0.0009186773610826883,False
1.7810000000000001,0.00046154433706703773,0.000756014440567462,-0.11852637582019025,-0.0010835902655404453,0.0,-0.018134760790325184,0.00048545799173497665,0.0007936472694175742,False
1.782,0.0004622410907114519,0.0006374963489839719,-0.1172164026595591,-0.0009804730180805162,0.0,-0.017062906743376727,0.00048551619176141596,0.000662615406885198,False
1.7830000000000001,0.0004628199853539732,0.000520300525856309,-0.11600455592010216,-0.0008871686741338989,0.0,-0.008520475585604325,0.00047865579408850484,0.0004678199133022805,False
1.784,0.00046328229417572276,0.00040432877332025004,-0.11487930200533929,-0.0008027434124657026,0.0,-0.014268051972655765,0.00047664372864685147,0.0003244965676464436,False
1.7850000000000001,0.00046362919792744626,0.00028949442907152343,-0.11383021463579321,-0.0007263522766808416,0.0,-0.019898608207613327,0.0004792478401488543,0.00022864032361825882,False
1.786,0.00046386179591127014,0.00017572125862329487,-0.11284786995067615,-0.0006572307186164337,0.0,-0.013068671996178241,0.0004762478381982214,8.035635600497015e-05,False
1.7870000000000001,0.00046398111590717874,6.294245250395761e-05,-0.1119237515889563,-0.0005946869464868121,0.0,-0.017847959080550764,0.0004772027246302967,-2.673012037522217e-05,False
1.788,0.0004639881231441616,-4.890028158809767e-05,-0.1110501648000394,-0.0005380950011988158,0.0,-0.015475287780879358,0.00047620935816780196,-0.00015078467435571027,False
1.7890000000000001,0.00046388372840647197,-0.00015985754070591804,-0.11022015872468224,-0.00048688849154279306,0.0,-0.01778441842988409,0.000477113885207487,-0.0002542890723064148,False
1.79,0.00046366879535683403,-0.0002699729708250911,-0.10942745606853758,-0.00044055492555900396,0.0,-0.013433679626474692,0.00047446991244976444,-0.0003903118844348685,False
1.7910000000000001,0.00046334414715065215,-0.00037928394066007095,-0.10866638946472955,-0.0003986305813458335,0.0,-0.014466599013270898,0.00047273724206719695,-0.0005148906401553975,False
1.792,0.0004629105724082311,-0.000487822151817403,-0.10793184388881509,-0.0003606958659751375,0.0,-0.013054370468652474,0.00046991017080914074,-0.000647689690754709,False
1.793,0.00046236883060564335,-0.0005956141913406287,-0.10721920455007364,-0.0003263711160651879,0.0,-0.0169643992419806,0.0004703292341805259,-0.0007467039607669784,False
1.794,0.00046171965693911343,-0.0007026820321253658,-0.10652430973788671,-0.0002953127979819391,0.0,-0.012637288054560242,0.0004672326875070375,-0.0008780722208728616,False
1.795,0.00046096376671257006,-0.0008090434861616142,-0.10584340815157275,-0.0002672100696389527,0.0,-0.016559121139684035,0.0004673994705652867,-0.000975531657022737,False
1.796,0.0004601018592932974,-0.0009147126150885205,-0.1051731202869256,-0.00024178166948531888,0.0,-0.015550605536490956,0.0004667449151537125,-0.0010794884279258456,False
1.797,0.0004591346216763434,-0.0010197001021199086,-0.1045104034933164,-0.00021877310154551967,0.0,-0.0134622323450518,0.00046441791945709055,-0.0011978990030334657,False
1.798,0.0004580627316944792,-0.0011240135890125966,-0.103852520351966,-0.0001979540883381668,0.0,-0.014064125767692988,0.00046264423410218757,-0.0013088647967801593,False
1.799,0.00045688686090700507,-0.0012276579813999854,-0.10319701005924578,-0.00017911626618156908,0.0,-0.013331692646983398,0.0004603277518782255,-0.0014231552014123455,False
1.8,0.0004556076771975356,-0.0013306357254971412,-0.1032059261719575,-0.00021521219126061712,0.0,-0.020552839986478277,0.00046392400181404766,-0.0014785911056244545,False
1.801,0.00045422551514844164,-0.0014336107997004967,-0.10248447525222511,-0.0001947320434701179,0.0,-0.014176838692194764,0.0004622555796510542,-0.0015852707591496493,False
1.802,0.00045274074242366273,-0.0015358534121475266,-0.10176539741988243,-0.00017620083942236772,0.0,-0.010579470084265817,0.0004577215916320088,-0.0017176749581958978,False
1.803,0.00045115409027156973,-0.0016373660164169877,-0.1010465351939615,-0.0001594331125987039,0.0,-0.013671623933732124,0.0004558198654997107,-0.0018220572506530126,False
1.804,0.00044946628856522785,-0.001738148910028931,-0.10032595463654848,-0.00014426104595324766,0.0,-0.010747238267008068,0.0004516041108232072,-0.0019468826403481814,False
1.805,0.000447678067846661,-0.001838200458054237,-0.09960192448271114,-0.00013053279234350352,0.0,-0.012954957602010743,0.0004492954579674975,-0.0020508535181338267,False
1.806,0.00044579016115794436,-0.0019375172958453616,-0.09887289725168343,-0.00011811095479311979,0.0,-0.011369148456914512,0.00044576817653272185,-0.0021646904885579974,False
1.807,0.0004438033056790138,-0.0020360945128703382,-0.0981374921506822,-0.00010687121137676845,0.0,-0.014887706004022883,0.0004451898929905175,-0.0022479705460510934,False
1.808,0.0004417182441901914,-0.0021339258194433843,-0.09739447960068462,-9.670107096453043e-05,0.0,-0.013483483327879919,0.0004434909756408914,-0.0023408251950203414,False
1.809,0.00043953572637572,-0.002231003697974714,-0.09664276722973564,-8.749874737285781e-05,0.0,-0.017841792998309368,0.0004453692014310762,-0.0023977584223318195,False
1.81,0.0004372565099830531,-0.0023273195402076807,-0.09588138719405338,-7.917214065423736e-05,0.0,-0.019906373616422897,0.0004488659233471371,-0.002438811083887922,False
1.811,0.00043488136185124913,-0.002422863771771568,-0.0951094847004982,-7.163791532995996e-05,0.0,-0.008260197111223477,0.0004428334454476016,-0.0025716764828348756,False
1.812,0.0004324110588205533,-0.002517625965251885,-0.09432630761600465,-6.482066634063965e-05,0.0,-0.00964371448546523,0.0004380921854433904,-0.0026892040755667414,False
1.813,0.00042984638853410593,-0.002611594942865551,-0.09353119706046345,-5.8652164367034815e-05,0.0,-0.012320990833203808,0.0004356531282309897,-0.0027821470802114273,False
1.814,0.00042718815014168067,-0.002704758869724828,-0.092723578889392,-5.307067296808849e-05,0.0,-0.015824818796327956,0.0004361203017599317,-0.0028454993840874745,False
1.815,0.00042443715491441853,-0.0027971053385801377,-0.09190295598164742,-4.8020330701875976e-05,0.0,-0.016170148128814222,0.00043685385444593703,-0.002905622919201315,False
1.816,0.0004215942267786768,-0.0028886214468471327,-0.09106890125550056,-4.345059204551838e-05,0.0,-0.00835158926790561,0.00043123580129800004,-0.0030262263245161374,False
1.817,0.00041866020277634347,-0.002979293866646679,-0.09022105134368977,-3.931572151860065e-05,0.0,-0.005766079654214041,0.00042368343417960655,-0.00316275941479647,False
1.818,0.0004156359334582756,-0.0030691089085169952,-0.08935910086467541,-3.5574335947111426e-05,0.0,-0.014036721847123637,0.00042304197802643846,-0.003229602969091352,False
1.819,0.0004125222832168904,-0.0031580525793943916,-0.08848279723329285,-3.2188990286728126e-05,0.0,-0.005820108930471154,0.0004157655729248561,-0.003359281953833055,False
1.82,0.0004093201305633712,-0.0032461106354022256,-0.08759193595940802,-2.9125802860227658e-05,0.0,-0.01100214373195176,0.0004128913613293758,-0.0034435305820781476,False
1.821,0.00040603036835443635,-0.0033332686299362797,-0.08668635638807216,-2.635411625827276e-05,0.0,-0.01122563910936743,0.0004102795730401768,-0.0035236359474472207,False
1.822,0.0004026539039731524,-0.0034195119574882385,-0.08576593783909887,-2.3846190509755027e-05,0.0,-0.011003506330542824,0.00040756193844433604,-0.003603246255367323,False
1.823,0.0003991916594678557,-0.003504825893606855,-0.08483059610799276,-2.157692545084034e-05,0.0,-0.018061940275551955,0.0004106366529625548,-0.003625658276525042,False
1.824,0.00039564457165286226,-0.0035891956313583054,-0.08388028029378271,-1.9523609514092754e-05,0.0,-0.008879841287655557,0.00040618933185645453,-0.0037207798403458827,False
1.825,0.0003920135921743041,-0.0036726063146127756,-0.08291496992259267,-1.766569242347398e-05,0.0,-0.010691899644407005,0.0004033353019207712,-0.0037985048857327357,False
1.826,0.0003882996875441178,-0.0037550430684531377,-0.08193467233875022,-1.5984579520273608e-05,0.0,-0.008938332798212842,0.0003991422632414075,-0.0038875703006192785,False
1.827,0.00038450383914492934,-0.0038364910269733715,-0.08093942033791797,-1.4463445661514848e-05,0.0,-0.010086943403519172,0.00039599810469085684,-0.003964600748710455,False
1.828,0.00038062704320832394,-0.003916935358708853,-0.07992927001916296,-1.3087066828268497e-05,0.0,-0.008565526187464213,0.00039171113507408293,-0.004051032537223323,False
1.829,0.0003766703107687606,-0.003996361289917545,-0.07890429883507676,-1.184166775855452e-05,0.0,-0.009941373250829878,0.00038865970472852583,-0.004123647294413496,False
1.83,0.0003726346675951803,-0.004074754125910222,-0.07786460382104886,-1.0714784079890139e-05,0.0,-0.0007049722278501536,0.0003782158849409564,-0.004265802157955885,False
1.831,0.00036852115410216984,-0.004152099270608968,-0.07681029998659553,-9.695137561660598e-06,0.0,-0.007092003782009762,0.00037323972932077525,-0.004351463249685275,False
1.832,0.00036433082524237195,-0.004228382244496066,-0.07574151885327454,-8.772523238796424e-06,0.0,-0.006951076453290956,0.00036829048715645446,-0.004434781502695884,False
1.833,0.0003600647503816775,-0.004303588701099939,-0.07465840712519069,-7.93770727705301e-06,0.0,-0.0052686434131677135,0.0003621192129562049,-0.004527793970852349,False
1.834,0.0003557240131585971,-0.004377704442150784,-0.07356112547942935,-7.182334557693892e-06,0.0,-0.009572857051797817,0.00035960802639614875,-0.004583196486259527,False
1.835,0.0003513097113290823,-0.004450715431525894,-0.07244984746496284,-6.498845056654186e-06,0.0,-0.005849721339428508,0.00035415332227919596,-0.004665699433324016,False
1.836,0.0003468229565979514,-0.004522607808093177,-0.07132475849966528,-5.880398181278733e-06,0.0,-0.00793537142346647,0.0003505419904117422,-0.004728332973422527,False
1.837,0.00034226487443797456,-0.004593367897551043,-0.07018605495605985,-5.3208043073716006e-06,0.0,-0.0011574897413926533,0.0003415448406765047,-0.004841213998993078,False
1.838,0.0003376366038975755,-0.004662982223353422,-0.06903394332731631,-4.814462831356731e-06,0.0,-0.0004712620619904233,0.00033224702095044215,-0.004953699210021922,False
1.839,0.0003329392973980257,-0.00473143751680021,-0.06786863946582491,-4.356306117554919e-06,0.0,-0.002883515735579498,0.00032516594402923893,-0.005041530885263596,False
1.84,0.0003281741205209293,-0.004798720726365749,-0.06669036788740525,-3.9417487795826485e-06,0.0,0.001370908708647747,0.00031484066730885746,-0.005157968048472937,False
1.841,0.00032334225178672706,-0.004864819026331023,-0.06549936113487036,-3.566641788263958e-06,0.0,-0.006807350667698804,0.0003114300821362978,-0.0052043252274304105,False
1.842,0.00031844488242488677,-0.004929719824778937,-0.06429585919526552,-3.2272309467519175e-06,0.0,-0.0064361648491088235,0.00030781559790499284,-0.005251354952629524,False
1.843,0.0003134832161363902,-0.0049934107710064065,-0.06308010896564399,-2.92011931726475e-06,0.0,-0.002103008901967211,0.0003007949201521932,-0.005329781928139894,False
1.844,0.00030845846884907453,-0.005055879762401802,-0.06185236376273145,-2.6422332233907653e-06,0.0,-0.0013857133342234547,0.0002933924028476561,-0.005409423903779878,False
1.845,0.00030337186846634233,-0.005117114950831672,-0.060612882872275786,-2.3907914877017306e-06,0.0,-0.004208903600365365,0.00028848565750409127,-0.0054625247869848235,False
1.846,0.0002982246546097098,-0.0051771047485764535,-0.05936193113427995,-2.1632775967943845e-06,0.0,-0.002341720874724248,0.0002822060808741974,-0.0055271229336821,False
1.847,0.0002930180783556269,-0.005235837833851074,-0.05809977856067918,-1.9574145151784664e-06,0.0,0.0025753197545403048,0.0002721230585380539,-0.005626142913816333,False
1.848,0.0002877534019669685,-0.005293303155942911,-0.0568266999823528,-1.771141895940193e-06,0.0,-0.006056396946519534,0.0002693150341637119,-0.00565187060489094,False
1.849,0.0002824318986195635,-0.005349489939996465,-0.05554297472265831,-1.6025954600978382e-06,0.0,0.0009263124447561905,0.00026093257372607133,-0.005730254823225565,False
1.85,0.00027705485212410315,-0.00540438769147128,-0.054248886294944676,-1.4500883382710784e-06,0.0,-0.002816872531093015,0.00025581859190476,-0.005774466234226168,False
1.851,0.0002716235566437427,-0.005457986200297119,-0.05294472212174549,-1.3120941879252576e-06,0.0,-0.0005274168705367479,0.0002489957304908897,-0.005833458086717542,False
1.852,0.000266139316407688,-0.00551027554474809,-0.05163077327357294,-1.1872319172222791e-06,0.0,-0.001811122647704587,0.00024340566739819612,-0.005878409043793812,False
1.853,0.00026060344542103923,-0.005561246095055325,-0.05030733422543321,-1.074251862589289e-06,0.0,-0.0026252798014496136,0.00023863326370792304,-0.005913742605449509,False
1.854,0.00025501726717114324,-0.005610888516775971,-0.0489747026293641,-9.720232816656127e-07,0.0,-0.00033406535339844043,0.00023214087595377011,-0.005964139326841994,False
1.855,0.00024938211433069094,-0.005659193773934509,-0.047633179101459366,-8.795230364531532e-07,0.0,-0.0013955915629373901,0.00022669201838660852,-0.006002484534986533,False
1.856,0.00024369932845778004,-0.0057061531319509235,-0.04628306702199171,-7.958253534074182e-07,0.0,0.002858513184815557,0.00021795296265515358,-0.00607079899619172,False
1.857,0.00023797025969314925,-0.00575175816036881,-0.044924672347380186,-7.200925579847233e-07,0.0,-0.006863491620495123,0.00021733364113901167,-0.006058347406331281,False
1.858,0.00023219626645477887,-0.005796000735395302,-0.04355830343286871,-6.515666909138066e-07,0.0,-0.003594658958700552,0.0002140850431785543,-0.006071164141516359,False
1.859,0.0002263787151300398,-0.005838873042263522,-0.04218427086489222,-5.895619222846829e-07,0.0,-0.0003925538898343888,0.00020833571312072838,-0.006107141491465204,False
1.86,0.00022051897976556426,-0.005880367577427274,-0.040802887302205194,-5.334576875323895e-07,0.0,-0.002546637166043853,0.00020449351652705903,-0.006123095047130938,False
1.861,0.00021461844175500098,-0.005920477150596732,-0.03941446732493785,-4.82692476618241e-07,0.0,-0.000906164847248662,0.00019943189042892267,-0.006149726217990143,False
1.862,0.0002086784895248106,-0.005959194886623085,-0.03801932729082586,-4.367582142486319e-07,0.0,-0.004369086822772604,0.0001973176966295383,-0.006146593887197912,False
1.863,0.00020270051821824788,-0.005996514227239306,-0.0366177851979329,-3.951951748867285e-07,0.0,0.005029161501698131,0.00018765350158198206,-0.0062155839931832164,False
1.864,0.00019668592937767225,-0.0060324289326635595,-0.03521016055325173,-3.575873816647769e-07,0.0,0.004313426703763701,0.00017884273295110508,-0.006273430202895797,False
1.865,0.00019063613062532045,-0.006066933083071131,-0.03379677424662975,-3.2355844314779596e-07,0.0,0.006261540037143287,0.00016870424251350834,-0.006341411665714571,False
1.866,0.00018455253534267025,-0.0061000210799402165,-0.03237794842951901,-2.927677862815865e-07,0.0,0.0013376737463270862,0.00016284001398371087,-0.006365275787122431,False
1.867,0.00017843656234851917,-0.006131687647276406,-0.030954006398099993,-2.649072478231343e-07,0.0,0.004896967111339325,0.00015425995924624593,-0.006413657022763702,False
1.868,0.0001722896355758971,-0.006161927832720249,-0.029525272480373208,-2.396979901392969e-07,0.0,-0.00219790999526259,0.00015166790371721271,-0.006402018502821928,False
1.869,0.00016611318374792783,-0.006190737008541865,-0.028092071926852286,-2.1688771050605031e-07,0.0,0.0018803883453212275,0.00014584704138893444,-0.0064209581930624975,False
1.87,0.00015990864005275066,-0.006218110872526237,-0.026654730804529268,-1.962481159780252e-07,0.0,-0.009116810314723188,0.00014909575706999556,-0.006351208741169385,False
1.871,0.0001536774418176096,-0.006244045448752439,-0.025213575893815458,-1.7757263855597785e-07,0.0,0.004147169863297989,0.00014151233896412686,-0.006387073827616106,False
1.872,0.0001474210301822152,-0.00626853708826981,-0.023768934588191015,-1.6067436778482368e-07,0.0,-0.0007211900956616722,0.0001380858274110234,-0.0063808814198278874,False
1.873,0.00014114084977147987,-0.006291582469673772,-0.02232113479632345,-1.4538418009098e-07,0.0,-0.000856466708354325,0.0001348659591915647,-0.006372000568202786,False
1.874,0.00013483834836772692,-0.006313178599583781,-0.020870504846439597,-1.315490461367973e-07,0.0,0.006288646215962956,0.0001259518257602548,-0.006417221946877365,False
1.875,0.0001285149765824689,-0.006333322813025677,-0.019417373392757634,-1.1903049925151297e-07,0.0,0.0024847016433019063,0.00012037043665506386,-0.006427903636804419,False
1.8760000000000001,0.00012217218752785081,-0.006352012773720488,-0.017962069323805827,-1.0770324961027022e-07,0.0,0.007140675951385943,0.00011117720488638922,-0.006471924493411928,False
1.877,0.00011581143648785005,-0.006369246474281599,-0.01650492167247251,-9.745393029143937e-08,0.0,0.009057469177955642,0.00010069245075766107,-0.006525800575556851,False
1.8780000000000001,0.0001094341805893242,-0.0063850222363220155,-0.015046259527648199,-8.817996266236238e-08,0.0,-0.005598065138266603,0.000102371664815757,-0.006459809586975789,False
1.879,0.00010304187847299582,-0.0063993387104733295,-0.013586411947335788,-7.978852973791929e-08,0.0,0.0045253034136955635,9.580623025523306e-05,-0.006474169772785283,False
1.8800000000000001,9.663598996446164e-05,-0.0064121948763178616,-0.012125707873117538,-7.219564723694427e-08,0.0,0.013558872169022164,8.211223007065386e-05,-0.006555406509581285,False
1.881,9.021797574531229e-05,-0.006423590042235342,-0.010664476045880243,-6.532532303931161e-08,0.0,0.003006811369860265,7.735049774487803e-05,-0.006546810352150715,False
1.8820000000000001,8.378929702444754e-05,-0.006433523845165404,-0.00920304492271048,-5.9108796631255696e-08,0.0,0.008110478176140315,6.859118956899864e-05,-0.006575659377598572,False
1.883,7.735141520967053e-05,-0.006441996250287063,-0.007741742594881862,-5.3483850927038024e-08,0.0,0.01333197531369521,5.585218799117664e-05,-0.006640466211747305,False
1.8840000000000001,7.090579157964353e-05,-0.006449007550616284,-0.006280896706865112,-4.8394189579441244e-08,0.0,0.00279519489536912,5.200601675631e-05,-0.006616216643775815,False
1.885,6.445388695628655e-05,-0.006454558366522667,-0.004820834376299809,-4.378887354700435e-08,0.0,0.0039448978372309184,4.733791276950695e-05,-0.006599270750304564,False
1.8860000000000001,5.799716137769921e-05,-0.006458649645166225,-0.003361882114873972,-3.962181127897455e-08,0.0,-0.00043912504548409767,4.635191932703841e-05,-0.006546073590010075,False
1.887,5.1537073771685475e-05,-0.006461282659855157,-0.0019043657500641918,-3.585129741557539e-08,0.0,0.006954948725278143,3.940676475074328e-05,-0.006550519768447802,False
1.8880000000000001,4.507508162995957e-05,-0.006462459009325514,-0.0004486103476949676,-3.24395953867485e-08,0.0,0.006481264873672471,3.304198609491454e-05,-0.0065477757805339825,False
1.889,3.8612640683110984e-05,-0.006462180616943545,0.0010050598647186985,-2.9352559731876733e-08,0.0,0.006461289192511634,2.687376042217475e-05,-0.006541741070971235,False
1.8900000000000001,3.215120457640534e-05,-0.006460449729831551,0.002456321573876617,-2.655929436053762e-08,0.0,0.005562629629767125,2.1608002329427186e-05,-0.00652571180818717,False
1.891,2.5692224546497394e-05,-0.0064572689179179825,0.003904852455873385,-2.4031843334045878e-08,0.0,0.007551549534632333,1.4881014785975943e-05,-0.006522719856445784,False
1.8920000000000001,1.92371490991314e-05,-0.006452641072912528,0.005350331250675814,-2.174491107302276e-08,0.0,0.006194864821225449,9.443200746514722e-06,-0.006505857155033872,False
1.893,1.2787423687903604e-05,-0.006446569407206899,0.006792437835917154,-1.967560919073546e-08,0.0,0.0028847010899989093,6.839789316452435e-06,-0.006460716521812893,False
1.8940000000000001,6.3444903941607775e-06,-0.006439057452702,0.008230853300024094,-1.7803227418429667e-08,0.0,0.010228479895204035,-1.6362208222357191e-06,-0.006471933856444792,False
1.895,-9.021239189191061e-08,-0.00643010905956216,0.009665260014689793,-1.61090263299989e-08,0.0,0.011910990247901073,-1.1234376708165131e-05,-0.006491904495798844,False
1.8960000000000001,-6.515250288801099e-06,-0.006419728394897093,0.011095341706703492,-1.4576049791509494e-08,0.0,0.01157814667614217,-2.029101111412172e-05,-0.006504289009795154,False
1.897,-1.2929193240121527e-05,-0.006407919941372229,0.012520783529144954,-1.3188955258513036e-08,0.0,0.004862032690898032,-2.3652830791776597e-05,-0.0064597646590659474,False
1.8980000000000001,-1.933061582924716e-05,-0.006394688495748065,0.013941272131949924,-1.1933860222704726e-08,0.0,0.00975298618791944,-3.087966245996061e-05,-0.006452125656265441,False
1.899,-2.5718097592746432e-05,-0.006380039167349168,0.01535649573185081,-1.0798203271114185e-08,0.0,0.004182724921388993,-3.339135212416334e-05,-0.0063976277247548684,False
1.9000000000000001,-3.209022333213161e-05,-0.0063639773764634705,0.016766144181695225,-9.770618367262411e-09,0.0,0.009533996737613891,-4.0164873916283324e-05,-0.006384131123564794,False
1.901,-3.844558342399287e-05,-0.006346508852672474,0.018169909039143405,-8.840821096048443e-09,0.0,0.005737267891850737,-4.367215918331233e-05,-0.006337868267204308,False
1.9020000000000001,-4.4782774128428304e-05,-0.0063276396331130025,0.0195674836347442,-7.999505733866315e-09,0.0,0.00841580373591416,-4.924890263634733e-05,-0.006311220084339115,False
1.903,-5.110039789570174e-05,-0.006307376060671126,0.020958563139388157,-7.2382521137954496e-09,0.0,0.007734203004516299,-5.4115697302132064e-05,-0.006276789817923811,False
1.9040000000000001,-5.739706367106082e-05,-0.00628572478210889,0.0223428446311351,-6.549441353740001e-09,0.0,0.008833317112556867,-5.973453755070068e-05,-0.006248875065365516,False
1.905,-6.36713871976485e-05,-0.0062626927461244776,0.023720027161412575,-5.926179604096042e-09,0.0,0.00903052511478224,-6.535382200455308e-05,-0.006220010498364812,False
1.9060000000000001,-6.99219913174417e-05,-0.006238287201346446,0.025089811820580905,-5.362229051787627e-09,0.0,0.005257809286500067,-6.775902485179253e-05,-0.006159311406541003,False
1.907,-7.61475062701515e-05,-0.0062125156942626734,0.026555540371806918,8.28623357030573e-06,0.0,0.020086254223994675,-8.210290206165644e-05,-0.006213489497199338,False
1.9080000000000001,-8.234651819760694e-05,-0.006185282510089324,0.027899611536958024,7.497694188998327e-06,0.0,0.01101996636062647,-8.869914885393863e-05,-0.006189271254961667,False
1.909,-8.851762627466034e-05,-0.00615670937480971,0.029236332402153096,6.784194251196464e-06,0.0,0.015595038340787125,-9.881296920284492e-05,-0.006197655595812638,False
1.9100000000000001,-9.465949427367895e-05,-0.006126803783604715,0.030565324297106174,6.138592809707008e-06,0.0,0.011039458977261609,-0.00010495143483455507,-0.006165472510598487,False
1.911,-0.0001007707936511669,-0.006095573609184691,0.03188621934114346,5.554428468309395e-06,0.0,0.006361365630478728,-0.00010712800601776908,-0.006094195722715942,False
1.9120000000000001,-0.00010685020391988848,-0.006063027090965885,0.033198659702347866,5.025854713930502e-06,0.0,0.012806824069186446,-0.00011446188768462295,-0.006072795956774009,False
1.913,-0.0001128964130105386,-0.006029172824988358,0.034502296932388425,4.547581402776731e-06,0.0,0.011845770890172875,-0.00012080974583944973,-0.0060405136682738355,False
1.9140000000000001,-0.00011890811762366375,-0.005994019754499686,0.03579679136975883,4.114821814796844e-06,0.0,0.007600726153120414,-0.00012354042199227538,-0.005972402644069317,False
1.915,-0.00012488402357246548,-0.005957577161136013,0.03708181160484098,3.723244746578818e-06,0.0,0.017557219075455315,-0.0001342556481507577,-0.00598117981365968,False
1.9160000000000001,-0.00013082284611705243,-0.005919854656638604,0.03835703400083483,3.368931163210328e-06,0.0,0.012979723992531758,-0.0001409607301809239,-0.005948911487182362,False
1.917,-0.00013672331029064867,-0.005880862175050034,0.03962214226516176,3.048334975260115e-06,0.0,0.009823816986761387,-0.00014492039935536037,-0.005889111015126616,False
1.9180000000000001,-0.00014258415121821275,-0.0058406099653395,0.040876827066461154,2.758247548323073e-06,0.0,0.005192770888271412,-0.0001450180162872096,-0.005791969461428057,False
1.919,-0.0001484041144278737,-0.005799108584411678,0.04212078569276321,2.495765589928665e-06,0.0,0.013006633611052355,-0.00015143988109773593,-0.005756671969665495,False
1.92,-0.00015418195615554702,-0.00575636889045791,0.04335372174684012,2.2582620924140464e-06,0.0,0.011841901851609646,-0.00015673664710031803,-0.005709511584043831,False
1.921,-0.00015991644364305422,-0.005712402036612564,0.0445753448751179,2.0433600409484093e-06,0.0,0.009161029877826875,-0.00015971255578802309,-0.005639380381623671,False
1.922,-0.00016560635543003466,-0.005667219464880966,0.04578537052687386,1.8489086235696113e-06,0.0,0.00984551363157755,-0.0001631583648398423,-0.00557387778621752,False
1.923,-0.00017125048163990563,-0.005620832900308637,0.04698351974075591,1.6729617051351469e-06,0.0,0.011179666811867283,-0.0001675868053600632,-0.005517774301257134,False
1.924,-0.00017684762426009882,-0.005573254345364498,0.04816951895594083,1.5137583497475225e-06,0.0,0.012709312564835016,-0.00017312832307442175,-0.005471997897159395,False
1.925,-0.00018239659741677437,-0.0055244960745133975,0.04934309984550327,1.3697051967159233e-06,0.0,0.019722383842287302,-0.0001841913939527072,-0.0054785535292944726,False
1.926,-0.00018789622764419105,-0.0054745706289557475,0.05050399916979745,1.239360513666872e-06,0.0,0.012262880734753342,-0.0001889008530186251,-0.00542148366170376,False
1.927,-0.00019334535414888948,-0.005423490811514257,0.05165195864786155,1.121419767202053e-06,0.0,0.012898924819305865,-0.00019399186108636112,-0.005367657014622458,False
1.928,-0.00019874282906882663,-0.0053712696816497355,0.052786724845044215,1.0147025666895924e-06,0.0,0.013304277297846615,-0.0001992668102036275,-0.005315052316706636,False
1.929,-0.00020408751772758225,-0.005317920550589737,0.05390804907522209,9.181408505178718e-07,0.0,0.011719920407296906,-0.00020310938676246955,-0.005248079894036422,False
1.93,-0.00020937829888374333,-0.005263456976555464,0.05501568731613264,8.30768196575931e-07,0.0,0.015021846885265155,-0.00020951668906901103,-0.005205638100822257,False
1.931,-0.00021461406497555764,-0.005207892760073801,0.05610940013648587,7.517101499761559e-07,0.0,0.013407863856604469,-0.00021443553906025725,-0.005147921651641558,False
1.932,-0.0002197937223609361,-0.005151241939362715,0.057188952633644895,6.801754712158488e-07,0.0,0.015358221545780506,-0.00022079422543974834,-0.0051035791708274394,False
1.933,-0.00022491619155287174,-0.005093518785779438,0.05825411438078012,6.154482171863407e-07,0.0,0.015728069121744126,-0.0002272721778537993,-0.005059445853102624,False
1.934,-0.00022998040745033353,-0.005034737799321966,0.061499104691826574,0.0001761125053214871,0.0,0.021826348811804317,-0.0002385044228634522,-0.005060040209763328,False
1.935,-0.00023498422291100783,-0.004972720986107433,0.06232244644162464,0.00015935318459893856,0.0,0.010825418425260969,-0.0002405107091995171,-0.004967235280201787,False
1.936,-0.00023992561242582817,-0.004909888452466467,0.06315045452586494,0.0001441887241083112,0.0,0.014825294687979471,-0.00024569890342299595,-0.004905801263858935,False
1.937,-0.0002448037579729888,-0.004846235627458446,0.06398104089551095,0.0001304673528320636,0.0,0.012571809281390556,-0.0002489153792623366,-0.004825121655283749,False
1.938,-0.00024961783800339795,-0.004781760027062249,0.0648123003747898,0.00011805174267455097,0.0,0.015659642834419084,-0.00025454096999937085,-0.00476794056784211,False
1.939,-0.00025436702943612956,-0.0047164610712122764,0.06564249365540113,0.00010681763403628619,0.0,0.014938514526657534,-0.0002594232214784636,-0.004703139946826299,False
1.94,-0.000259050509479417,-0.004650339917847451,0.0664700319119163,9.665259218210322e-05,0.0,0.01158984078118749,-0.0002614556328383351,-0.004610711122451108,False
1.941,-0.00026366745729339,-0.004583399312351361,0.0672934628839965,8.745488195653685e-05,0.0,0.014927752731298805,-0.0002661332082083408,-0.004544402020689138,False
1.942,-0.00026821705550921236,-0.0045156434509161705,0.06811145828574945,7.913244958419243e-05,0.0,0.014010177291339278,-0.000269935244648865,-0.004469477301710742,False
1.943,-0.00027269849161788153,-0.004447077856502617,0.06892280241583502,7.160200136462141e-05,0.0,0.01862670412280127,-0.0002773676094748496,-0.0044295251412979,False
1.944,-0.000277110959240684,-0.004377709266194894,0.06972638185395838,6.478817004097128e-05,0.0,0.01852101143273229,-0.00028450375935429296,-0.004385591787531452,False
1.945,-0.0002814536592921594,-0.00430754552886359,0.07052117614027059,5.862276049914716e-05,0.0,0.011145422417513318,-0.0002854655333138987,-0.004281283508301529,False
1.946,-0.0002857258010453891,-0.004236595512153403,0.07186093569764436,9.741897553613768e-05,0.0,0.02046164320364563,-0.0002939435491338656,-0.004250234314088217,False
1.947,-0.00028992632590913234,-0.00416431476814437,0.07258174966041916,8.814833429182713e-05,0.0,0.017241204474885693,-0.0002995736546036635,-0.004189766021864306,False
1.948,-0.00029405421251829016,-0.004091321904890047,0.07329617956401019,7.975991120478749e-05,0.0,0.010562746910510122,-0.00029963654448170553,-0.004075311581206968,False
1.949,-0.000298108751970686,-0.004017623381496616,0.07400302616711574,7.216975211731731e-05,0.0,0.019238462661418543,-0.0003067225231088787,-0.004029719247934055,False
1.95,-0.0003020892424223172,-0.003943226854641368,0.07470119347906003,6.530189216612862e-05,0.0,0.012303664034021404,-0.00030799246296734885,-0.003927235433106899,False
1.951,-0.00030599499023328244,-0.0038681410752686896,0.07538967935914737,5.908759550046247e-05,0.0,0.016539499175757824,-0.00031265623865309834,-0.003858308972343462,False
1.952,-0.0003098253110151073,-0.003792375794690909,0.0760675670123179,5.346466735059164e-05,0.0,0.01694211672254914,-0.0003175138486690422,-0.003791039653607737,False
1.953,-0.00031357953058842387,-0.0037159416791973554,0.07673401729571216,4.8376831561660804e-05,0.0,0.01822150194311567,-0.00032326973307365695,-0.00373212851105292,False
1.954,-0.00031725698585910776,-0.0036388502323603947,0.0773882617588775,4.3773167363013675e-05,0.0,0.01594998724563317,-0.0003270232120923251,-0.0036533951200512153,False
1.955,-0.00032085702562020157,-0.00356111372430452,0.0780295963477022,3.9607599736005224e-05,0.0,0.009980327638693606,-0.0003258365847364241,-0.0035272696462616757,False
1.956,-0.000324379011286257,-0.003482745127274503,0.07865737570881619,3.583843827972872e-05,0.0,0.012735069660654737,-0.0003269141468375414,-0.003424626003823778,False
1.957,-0.0003278223175660936,-0.0034037580569019105,0.0792710080372173,3.242795995947083e-05,0.0,0.013670594452364161,-0.0003287186806942622,-0.003329914515665054,False
1.958,-0.00033118633307940116,-0.0033241667186265384,0.07986995041532882,2.9342031561901064e-05,0.0,0.015691263758623036,-0.0003321082433941196,-0.0032511258765617027,False
1.959,-0.0003344704609220948,-0.003243985858781147,0.08045370459662304,2.654976807840019e-05,0.0,0.015026736578875072,-0.00033486366692454946,-0.003166393807261948,False
1.96,-0.0003376741191848636,-0.0031632307198947544,0.08102181319140535,2.402322359751317e-05,0.0,0.016142371256717455,-0.000338444349446297,-0.0030899497942590516,False
1.961,-0.00034079674142893055,-0.0030819169998121676,0.08620229019820232,0.00039201183015797594,0.0,0.02385205995669778,-0.00034816621805040826,-0.0030726047092086346,False
1.962,-0.00034383546410573314,-0.0029954360233105824,0.086289970611752,0.000354706972239694,0.0,0.012885232104805636,-0.00034873254555894376,-0.002960670146555591,False
1.963,-0.0003467876652303817,-0.002908877159473144,0.08640244217755456,0.0003209521409207175,0.0,0.010741531503988537,-0.0003475470333398551,-0.002833481062028862,False
1.964,-0.0003496532545293119,-0.0028222156454184234,0.08653542456852051,0.00029040950650381544,0.0,0.015663495278500562,-0.00035038051440188395,-0.0027470208561728424,False
1.965,-0.00035243211910605983,-0.002735430998007427,0.08668504064634973,0.00026277338803800955,0.0,0.010857262384680839,-0.00034924200782748306,-0.0026230903544563473,False
1.966,-0.00035512412751935435,-0.0026485066104909366,0.08684777853210206,0.00023776719396087384,0.0,0.009864673791105078,-0.00034733205116120223,-0.0024937239812248078,False
1.967,-0.00035772913347682653,-0.0025614293871017743,0.08930668480162005,0.0003980388550945131,0.0,0.02190273546038872,-0.0003552236411771914,-0.002460741084040202,False
1.968,-0.00036024583665949443,-0.002471904983948576,0.08926517634833048,0.00036016044992170866,0.0,0.01781981055600803,-0.0003595855708248079,-0.0023904217019882976,False
1.969,-0.0003626730395383796,-0.0023824321228501423,0.0910981228612488,0.0004738432624670538,0.0,0.021539229408758194,-0.0003668355582174313,-0.0023481331361801497,False
1.97,-0.00036500985691213263,-0.002291137818422701,0.09092331345991919,0.00042875111416442444,0.0,0.008649300621488684,-0.00036344289107887145,-0.002200974425788896,False
1.971,-0.0003672554707630867,-0.0022000284510879267,0.09078189923733364,0.0003879500511205787,0.0,0.014106058905806844,-0.0003645648001623098,-0.002100167907828931,False
1.972,-0.00036941004933247124,-0.0021090706311576867,0.09066876357882836,0.0003510317225828629,0.0,0.005781820782377522,-0.00035891464046732734,-0.0019356519405535288,False
1.973,-0.00037147373003006,-0.002018236085285632,0.09057927635357436,0.0003176266375105929,0.0,0.015490448309468687,-0.00036128584361964493,-0.0018517909030961073,False
1.974,-0.0003734466243072051,-0.0019275011697909826,0.09148333015584771,0.00036532703456320704,0.0,0.02081068946120066,-0.0003678977342548782,-0.001809503416383701,False
1.975,-0.000375328335277642,-0.001835873114456784,0.09133470474281595,0.000330561570692906,0.0,0.019189276597296703,-0.0003730093584640895,-0.0017511826329619142,False
1.976,-0.00037711849590167895,-0.0017444038703637998,0.09120707336001947,0.00029910447812768037,0.0,0.01473763570600862,-0.0003743715513060049,-0.0016567581096215537,False
1.977,-0.00037881725449303227,-0.0016530724421491335,0.09172537398566442,0.0003209506449206773,0.0,0.02052338453800432,-0.0003803799563604941,-0.0016081247297401243,False
1.978,-0.0003804244260638879,-0.0015612333907192536,0.09156744786129119,0.0002904081528670017,0.0,0.015829819508657392,-0.0003824176252155873,-0.0015202435657187877,False
1.979,-0.00038193984094810155,-0.001469562467646119,0.09142545995500165,0.00026277216321677005,0.0,0.011456168699381375,-0.0003808561287110009,-0.0013986701865545985,False
1.98,-0.0003833636593027509,-0.0013780437283519385,0.09129596500685667,0.00023776608569678594,0.0,0.0179787445240576,-0.00038462032305850905,-0.0013303302158215243,False
1.981,-0.00038469602706267027,-0.0012866646725999402,0.09117584873648067,0.00021513965107839648,0.0,0.010478125013664907,-0.0003822044637116403,-0.0012028180276081163,False
1.982,-0.0003859370792192585,-0.0011954159133880351,0.09106229677440188,0.00019466640639893352,0.0,0.01283596978810364,-0.00038176625606645506,-0.0010965564705157026,False
1.983,-0.00038708694278371923,-0.001104290876923914,0.09095276654852706,0.0001761414485443498,0.0,0.015366881747114133,-0.00038338978868571676,-0.0010116457244334933,False
1.984,-0.0003881457394643371,-0.001013285530725278,0.09084496184443856,0.0001593793735099833,0.0,0.014981059207569952,-0.0003846549033444778,-0.0009240999033767892,False
1.985,-0.00038911358808457736,-0.0009223981371703215,0.09073680978497242,0.0001442124208149621,0.0,0.01879455202444657,-0.000388972012986089,-0.0008667847516955949,False
1.986,-0.0003899906067662497,-0.0008316290300782285,0.0906264399987601,0.00013048879449892555,0.0,0.014814717243507237,-0.000389944237106732,-0.0007771766058764335,False
1.987,-0.00039077691489967134,-0.0007409804121298526,0.09051216576933374,0.00011807114389703272,0.0,0.010699104001353063,-0.00038755642795905383,-0.0006562232479448705,False
1.988,-0.0003914726349206786,-0.0006504561711472328,0.09039246697622783,0.00010683518898834333,0.0,0.01438691555277285,-0.000388222371743836,-0.0005666562526430562,False
1.989,-0.0003920778939124502,-0.000560061713439238,0.0902659746574551,9.666847655959635e-05,0.0,0.011385187492799181,-0.0003864388935914189,-0.0004545333918662964,False
1.99,-0.00039259282504839704,-0.00046980381259132406,0.090131457038972,8.746925473565484e-05,0.0,0.007123926361192476,-0.0003812555454825062,-0.00031150817922816784,False
1.991,-0.00039301756889082936,-0.0003796904722318318,0.08998780689144109,7.914545461253955e-05,0.0,0.017503163116397675,-0.00038462333416631995,-0.0002535393050578606,False
1.992,-0.00039335227455871325,-0.00028973080144700103,0.08983403008789213,7.161376880089252e-05,0.0,0.01576273318952301,-0.000386486424444621,-0.00018109900097303236,False
1.993,-0.0003935971007765652,-0.00019993490164332681,0.08966923524791245,6.479881765762374e-05,0.0,0.019572608222971088,-0.00039138163364900105,-0.00013828057181648914,False
1.994,-0.00039375221681538876,-0.00011031376377029501,0.08949262436488176,5.86323948611072e-05,0.0,0.015589144130885475,-0.0003929126352305156,-6.258789453800533e-05,False
1.995,-0.0003938178033355213,-2.087917492006254e-05,0.08930348432261474,5.3052784779389104e-05,0.0,0.015659122929934786,-0.00039445691109842387,1.2403567422372743e-05,False
1.996,-0.0003937940531403236,6.835636658568029e-05,0.0891011792166868,4.800414479939989e-05,0.0,0.011981224268683397,-0.0003929793664670381,0.00011588256043733102,False
1.997,-0.0003936811718487972,0.00015737972842666903,0.08888514340378079,4.343594643531333e-05,0.0,0.01234943302975983,-0.0003918418403159559,0.00021454827592739308,False
1.998,-0.00039347937849444636,0.00024617721456115816,0.08865487520968965,3.9302469622477154e-05,0.0,0.013592862297819325,-0.00039174337706636956,0.0003018181108285332,False
1.999,-0.0003931889060570109,0.0003347346292080671,0.08840993123321082,3.5562345135638963e-05,0.0,0.011504384429538966,-0.0003899566290762611,0.0004042707504344727,False
2.0,-0.0003928100019330651,0.0004230373351303097,0.08814992118914212,3.217814055183522e-05,0.0,0.016956538237795075,-0.0003926352171087517,0.0004622194168626172,False
2.001,-0.0003923429283509131,0.0005110703067586252,0.08787450323899401,2.9115985614120787e-05,0.0,0.015903259979431265,-0.00039438503685014845,0.0005290110842115312,False
2.0020000000000002,-0.00039178796273469556,0.0005988181786438232,0.08758337976292394,2.6345233246653192e-05,0.0,0.011345891121511409,-0.0003923950893454976,0.0006313593729597851,False
2.003,-0.00039114539802215925,0.0006862652896788433,0.08727629353082328,2.3838152828456793e-05,0.0,0.010852641080793347,-0.00039006214436873723,0.0007353846727218602,False
2.004,-0.00039041554294011926,0.0007733957234899423,0.08695302423449251,2.156965265604745e-05,0.0,0.012795433335676527,-0.0003893684263790779,0.0008219430919855537,False
2.005,-0.00038959872224126463,0.0008601933453582449,0.08661338534646255,1.9517028817230452e-05,0.0,0.00632030107871193,-0.0003834513463430003,0.0009575576212370637,False
2.0060000000000002,-0.00038869527690561394,0.0009466418359984366,0.08625722127429944,1.765973796271622e-05,0.0,0.007696124995108425,-0.0003788159842969302,0.001077989587564605,False
2.007,-0.0003877055643096152,0.0010327247224902027,0.0858844047821953,1.597919170137576e-05,0.0,0.010365870007260462,-0.00037647372563852366,0.0011739779768888043,False
2.008,-0.00038662995836560415,0.0011184254066298103,0.0854948346543334,1.4458570561374473e-05,0.0,0.01562621331133624,-0.00037845723407090254,0.0012267763853771113,False
2.009,-0.00038546884963407965,0.001203727190943706,0.08508843357694292,1.3082655655244811e-05,0.0,0.00821111372893957,-0.0003743804004971843,0.0013376620469071833,False
2.0100000000000002,-0.0003842226454110251,0.0012886133025829106,0.0846651462181581,1.1837676364145259e-05,0.0,0.009989903690657696,-0.00037185942047552944,0.0014314276776794543,False
2.011,-0.0003828917697922958,0.0013730669152960976,0.08422493748678338,1.0711172516878502e-05,0.0,0.006881210023461587,-0.0003668927243676898,0.001547074734414354,False
2.012,-0.0003814766637169039,0.001457071169660337,0.08376779095286675,9.691869684310074e-06,0.0,0.01001017623821971,-0.0003646003607121032,0.0016346019295831902,False
2.013,-0.0003799777849908635,0.0015406091917313802,0.08329370741461087,8.769566341092118e-06,0.0,0.017924933495714362,-0.00036878167315808764,0.0016584088569438038,False
2.0140000000000002,-0.00037839560829310123,0.0016236641102598873,0.08280270359762505,7.935031765368848e-06,0.0,0.007156497134068924,-0.0003641251052014365,0.0017678223799342974,False
2.015,-0.0003767306251648024,0.0017062190726059943,0.08253926096773502,2.6735913165078134e-05,0.0,0.020203445925024183,-0.000370164835762549,0.0017721587241095035,False
2.016,-0.0003749832218218168,0.0017885015170599696,0.08199086831728286,2.4191654637122918e-05,0.0,0.008948863831077044,-0.0003669203779320938,0.0018672722032843543,False
2.017,-0.0003731538131729491,0.0018702267485269266,0.08142788677012157,2.188951431987195e-05,0.0,0.013141466128365531,-0.00036716268797318063,0.001927055346348434,False
2.0180000000000002,-0.0003712429637009644,0.0019513802522469876,0.08085017709958718,1.98064516192541e-05,0.0,0.01019230042377373,-0.00036501014250331213,0.002009217197683485,False
2.019,-0.00036925125247242076,0.0020319473759752593,0.08025763097412703,1.7921618543620027e-05,0.0,0.003115479894082023,-0.00035718838129397294,0.0021444432409296918,False
2.02,-0.00036717927325970965,0.002111913360868086,0.07965016833025797,1.621615105003452e-05,0.0,0.009854373888207273,-0.00035504488375787433,0.0022218088928170265,False
2.021,-0.0003650276346335239,0.002191263369740855,0.07902773499101402,1.4672980246594347e-05,0.0,0.012264004838462086,-0.0003549132512938553,0.0022784750623124454,False
2.0220000000000002,-0.0003627969600282592,0.0022699825129429488,0.07839030050645915,1.3276661561221066e-05,0.0,0.009608047093329072,-0.00035263477623154285,0.0023550962435131767,False
2.023,-0.0003604878877826207,0.0023480558720719974,0.07773785619507155,1.201322016719254e-05,0.0,0.009543342597683833,-0.00035036848103282207,0.002430218905361237,False
2.024,-0.00035810107115749536,0.0024254685217283923,0.07707041336682362,1.0870011118380016e-05,0.0,0.005566245676581927,-0.00034494609142993394,0.0025343147355250117,False
2.025,-0.0003556371783329581,0.002502205549491832,0.07638800171060754,9.835592794377147e-06,0.0,0.007624024915129703,-0.0003413435907943728,0.0026185284625050084,False
2.0260000000000002,-0.0003530968923861084,0.002578252074284317,0.07569066783030937,8.899612388917305e-06,0.0,0.011843424605763035,-0.0003412597032866481,0.0026671652068067484,False
2.027,-0.000350480911251276,0.002653593263268304,0.07497847391532851,8.052702295508772e-06,0.0,0.006715322377878903,-0.0003370258836614224,0.0027551164270790333,False
2.028,-0.0003477899476639937,0.00272821434741453,0.07425149653269279,7.286386353280402e-06,0.0,0.0061029461066441255,-0.0003324161995954259,0.0028447396906816354,False
2.029,-0.0003450247290900062,0.002802100635861148,0.0735098255291436,6.592995014714689e-06,0.0,0.016306281480573975,-0.0003361989643684899,0.0028516596240935554,False
2.0300000000000002,-0.0003421859976404692,0.0028752375291741994,0.07275356303267225,5.965588586238392e-06,0.0,0.010203735435724223,-0.0003349331924517507,0.002907867171112881,False
2.031,-0.00033927450997438773,0.002947610531608916,0.07198282254399183,5.397887773436737e-06,0.0,0.005992246453594526,-0.00033029318007748613,0.0029955877485232526,False
2.032,-0.0003362910371892472,0.0030192052624618336,0.07119772810933492,4.884210835764371e-06,0.0,0.00980498942864031,-0.00032887190730495843,0.0030503468898568907,False
2.033,-0.0003332363647007064,0.003090007466595073,0.07039841356678854,4.419416721776289e-06,0.0,0.006483022193243246,-0.00032480106150541973,0.0031296367297108875,False
2.0340000000000003,-0.0003301112921121434,0.003160003024206371,0.06958502185911968,3.998853615757002e-06,0.0,0.006536728069941877,-0.00032088907034530004,0.0032055970515229917,False
2.035,-0.0003269166330747748,0.003229177959911375,0.0687577044067171,3.6183123807853263e-06,0.0,0.0061476584894481,-0.00031677290923385275,0.0032817902147973138,False
2.036,-0.0003236532151390068,0.0032975184511983544,0.06791662053488245,3.2739844322773404e-06,0.0,0.0020176571427733287,-0.0003094292698165155,0.003387225546959684,False
2.037,-0.0003203218795976178,0.0033650108363097015,0.06706193695025436,2.9624236203917556e-06,0.0,0.004586314322608935,-0.00030437363409103443,0.0034678424947580415,False
2.0380000000000003,-0.0003169234813213217,0.003431641621599384,0.06619382726164585,2.680511739804016e-06,0.0,0.0004858426827332486,-0.0002961410555400604,0.0035769562366330513,False
2.039,-0.0003134588885872131,0.0034973974884107834,0.06531247154102753,2.4254273216593436e-06,0.0,0.0006577301810950301,-0.0002882809690924433,0.003679421686532487,False
2.04,-0.00030992898290055473,0.00356226529951509,0.06441805592079423,2.194617395364113e-06,0.0,0.006777055316627169,-0.00028559855726927865,0.0037292137173143072,False
2.041,-0.0003063346588103277,0.003626232105146556,0.06351077222382387,1.9857719375980665e-06,0.0,0.010343239083336321,-0.00028587976340604916,0.00374936241402155,False
2.0420000000000003,-0.0003026768237189317,0.0036892851486674217,0.0625908176231688,1.796800752824499e-06,0.0,0.0036933241104340833,-0.0002807684536013709,0.003821175967015188,False
2.043,-0.0002989563976863906,0.003751411871892163,0.061658394328523526,1.625812553910788e-06,0.0,0.008866178333051169,-0.0002799905446596731,0.0038493903876132786,False
2.044,-0.0002951743132293907,0.0038125999200978554,0.060713709296884764,1.4710960334910865e-06,0.0,0.0046710891858888215,-0.0002758378484028312,0.003909549603647017,False
2.045,-0.00029133151511545315,0.0038728371467448607,0.0597569739650675,1.3311027366270162e-06,0.0,0.006294866766187845,-0.00027311763955432006,0.003954336297686018,False
2.0460000000000003,-0.0002874289601525199,0.003932111617929711,0.05878840400196428,1.2044315633501891e-06,0.0,0.004797479519860627,-0.0002692620623360686,0.004008923716437743,False
2.047,-0.0002834676169742104,0.0039904116165899485,0.0578082190786372,1.0898147459827994e-06,0.0,0.007299012275998943,-0.00026754128508443825,0.0040415177203714835,False
2.048,-0.0002794484658209889,0.004047725646478759,0.05681664265451551,9.861051608925913e-07,0.0,0.007984309042508988,-0.00026642417096666793,0.004067559087660916,False
2.049,-0.0002753724983174636,0.004104042435925531,0.055813901778137186,8.922648476939868e-07,0.0,-0.0001641961031552449,-0.00025874073607841803,0.0041561680978948745,False
2.05,-0.00027124071724602544,0.004159350941396889,0.054800226901022785,8.073546209916757e-07,0.0,0.003981294774339785,-0.00025463172313234123,0.004207708451272688,False
2.051,-0.0002670541363170188,0.004213640350871341,0.05377585170340594,7.305246706975085e-07,0.0,0.0027477814762489235,-0.0002496403637530837,0.004266230874374505,False
2.052,-0.00026281377993562464,0.004266900087039421,0.05274101293066697,6.610060568455032e-07,0.0,0.003522877652886173,-0.00024541806814298514,0.004315587474759119,False
2.053,-0.0002585206829656256,0.004319119810340035,0.05169595023942799,5.981030137822157e-07,0.0,0.004942103628526634,-0.00024246460356284113,0.004351249906967729,False
2.054,-0.0002541758904902117,0.004370289421842673,0.0506409060523675,5.41185986710226e-07,0.0,0.009197289197727478,-0.00024304033479606222,0.004351931281015886,False
2.055,-0.0002497804575699764,0.004420399065984234,0.04957612542090449,4.89685330892124e-07,0.0,0.00035559367581601553,-0.0002364404821304378,0.004421699246444825,False
2.056,-0.00024533544899824457,0.004469439133168334,0.04850185589498321,4.4308561045451395e-07,0.0,0.007570785831355993,-0.00023586993067844643,0.004431258117763339,False
2.057,-0.00024084193905386656,0.004517400262234206,0.04741834739926533,4.009204397325494e-07,0.0,-0.000577721524677768,-0.00022871756703599834,0.004503840351102279,False
2.058,-0.000236301011251605,0.004564273342801613,0.04632585211510277,3.627678155254415e-07,0.0,-0.0008419233918716927,-0.000221553973320912,0.0045741142397736235,False
2.059,-0.00023171375809023594,0.004610049517497567,0.04522462436772606,3.282458935465858e-07,0.0,0.003968304287344879,-0.0002184883176295055,0.004602609284294,False
2.06,-0.00022708128079847973,0.0046547201840700676,0.04411492051813781,2.9700916679759913e-07,0.0,0.006693123760483458,-0.0002177158744258219,0.0046080571931331115,False
2.061,-0.00022240468907887222,0.004698276997393588,0.04299699885925109,2.687450076181512e-07,0.0,0.002525947670265786,-0.0002135910906730786,0.004645490096971171,False
2.062,-0.0002176851008496825,0.004740711871370555,0.04187111951585777,2.431705388032622e-07,0.0,-0.0013353783472767724,-0.0002064566238545891,0.004710505048363234,False
2.063,-0.00021292364198497913,0.004782016980732654,0.04073754434805224,2.200298024731569e-07,0.0,0.001495892083331285,-0.00020181687506788519,0.004749215024497092,False
2.064,-0.00020812144605294355,0.004822184762745445,0.039596536857773645,1.9909119836077348e-07,0.0,0.0038257566747018756,-0.00019919514717098308,0.004767055234052377,False
2.065,-0.0002032796540525254,0.0048612079188193906,0.03844836209816262,1.8014516587844733e-07,0.0,0.00676768490539323,-0.00019902984737698212,0.004760498065114255,False
2.066,-0.00019839941414853253,0.004899079416030138,0.037293286585459176,1.6300208676511392e-07,0.0,0.000608353380011882,-0.00019388191921651047,0.0048018649191852465,False
2.067,-0.00019348188140524443,0.004935792488550593,0.036131578213195646,1.4749038732301912e-07,0.0,0.004717747033525218,-0.00019220732801079982,0.0048082310160212065,False
2.068,-0.00018852821751863674,0.004971340638997095,0.03496350616846325,1.3345482125048422e-07,0.0,-0.00029890120874790944,-0.00018651813150138613,0.004852734219171496,False
2.069,-0.00018353959054730147,0.0050057176396917785,0.03378934085005372,1.2075491588473865e-07,0.0,0.0031653242357905873,-0.00018379520812749308,0.0048669535169361955,False
2.07,-0.00017851717464214577,0.005038917533842988,0.032609353788297116,1.0926356630429639e-07,0.0,0.002587729780731114,-0.00018068176480463385,0.004884155336616186,False
2.071,-0.00017346214977495038,0.005070934636645467,0.031423817566435884,9.886576322018041e-08,0.0,3.663067083897048e-05,-0.0001755908894221859,0.004919470675816266,False
2.072,-0.00016837570146586726,0.005101763536301865,0.03023300574339139,8.945744192430258e-08,0.0,0.004812828582556593,-0.0001745116565904289,0.004914691703132227,False
2.073,-0.0001632590205099343,0.005131399094966945,0.029037192777794485,8.094444077488774e-08,0.0,-0.0008736868205813228,-0.00016885854339103914,0.004953682957575763,False
2.074,-0.00015811330270268384,0.005159836449615781,0.02783665395316513,7.324155879511406e-08,0.0,0.005462309947172164,-0.00016849600163272805,0.00494012064901496,False
2.075,-0.00015293974856492057,0.0051870710128371035,0.026631665304138383,6.627170295309993e-08,0.0,-0.002224420118983543,-0.0001619196614091418,0.004986348872061666,False
2.076,-0.00014773956306674268,0.005213098473552823,0.02542250354364522,5.9965116588929e-08,0.0,-0.004241412110931338,-0.00015389650330367515,0.0050444892119324205,False
2.077,-0.0001425139553508801,0.005237914797664729,0.024209445990966763,5.42586812665518e-08,0.0,-0.0013685500063827707,-0.00014842692628180357,0.00507563550709511,False
2.078,-0.00013726413845542205,0.005261516228629216,0.022992770500589427,4.909528506326282e-08,0.0,-0.00495153663802367,-0.00014021115376529604,0.005131598996182964,False
2.079,-0.00013199132903600531,0.0052838992879608564,0.021772755391797093,4.4423250974382134e-08,0.0,-0.0029507526650688516,-0.00013384828490144648,0.005167283592482851,False
2.08,-0.00012669674708753426,0.00530506077566557,0.020549679378943263,4.0195819712423355e-08,0.0,-0.010474805474863968,-0.00012157338980313507,0.005257961130404719,False
2.081,-0.00012138161566550245,0.005324997770604067,0.019323821502353504,3.6370681724428074e-08,0.0,-0.005278907867303402,-0.0001138535707663633,0.0053010898937404256,False
2.082,-0.00011604716060698542,0.00534370763078621,0.018095461059814202,3.290955374373916e-08,0.0,-0.004162686982865999,-0.00010725635460467203,0.005331212980531073,False
2.083,-0.00011069461025137333,0.0053611879935968835,0.016864877538609147,2.977779563820059e-08,0.0,-0.007481922976411274,-9.815846360258718e-05,0.005383551213200683,False
2.084,-0.00010532519516091172,0.005377436775953926,0.015632350548070748,2.6944063720071877e-08,0.0,-0.0032131395222122884,-9.27749123893865e-05,0.00539756191291391,False
2.085,-9.994014784111805e-05,0.005392452174398658,0.014398159752616673,2.437999704786621e-08,0.0,-0.007465436862782662,-8.410077571213047e-05,0.005441831786256902,False
2.086,-9.454070246114112e-05,0.005406232665119475,0.013162584805247292,2.2059933580515574e-08,0.0,0.0014019039884816935,-8.285249784861398e-05,0.005412287305160815,False
2.087,-8.912809457413026e-05,0.0054187770039089995,0.011925905281482598,1.996065334303847e-08,0.0,-0.0024838476117771593,-7.849323870976487e-05,0.00541269019125863,False
2.088,-8.370356083768025e-05,0.005430084226055223,0.010688400613720634,1.8061146033225773e-08,0.0,-0.004085855566504395,-7.296034889490967e-05,0.005423387636127507,False
2.089,-7.826833873441795e-05,0.005440153646167068,0.00945035002600273,1.634240074347442e-08,0.0,-0.00896414104615406,-6.363423289695348e-05,0.005469178414861015,False
2.09,-7.282366629279602e-05,0.005448984857934789,0.008212032469173085,1.478721569323434e-08,0.0,-0.00470458388812222,-5.802145391758863e-05,0.005476672714901612,False
2.091,-6.737078180815851e-05,0.005456577733825607,0.006973726556423103,1.3380026067806982e-08,0.0,0.0014483240325618117,-5.754985322564224e-05,0.005433408414469177,False
2.092,-6.191092356414313e-05,0.00546293242471498,0.005735710499212738,1.2106748240448303e-08,0.0,-0.0020084423999712775,-5.429261657554608e-05,0.005417291757449316,False
2.093,-5.6445329554484165e-05,0.005468049359453884,0.004498262043563343,1.0954638818698638e-08,0.0,-0.00715886009193944,-4.6957311577907576e-05,0.005439816048241034,False
2.094,-5.097523720528004e-05,0.00547192924437248,0.0032616584067180917,9.91216710422777e-09,0.0,-0.010000249134715667,-3.752916984516067e-05,0.00548055409750777,False
2.095,-4.5501883097788726e-05,0.005474573062720555,0.0020261762141677527,8.968899689730429e-09,0.0,-0.011904238285332734,-2.6826530792599242e-05,0.005530967492213441,False
2.096,-4.0026502691814254e-05,0.005475982074045099,0.0007920914370410326,8.1153960378792e-09,0.0,-0.002968928040728105,-2.366227442136922e-05,0.005505960398963028,False
2.097,-3.455033004974687e-05,0.005476157813505386,-0.00044032067014006704,7.343113997253871e-09,0.0,-0.009434740748265882,-1.5352217455366137e-05,0.005529976055223949,False
2.098,-2.90745975613192e-05,0.005475102091125947,-0.0016707856313382305,6.644324309618907e-09,0.0,-0.008493415526217773,-8.039874834187523e-06,0.005542265954963615,False
2.099,-2.360053566914033e-05,0.005472816990987787,-0.0028990298105094447,6.012033252909131e-09,0.0,-0.0025036109113093425,-5.78480881758355e-06,0.005504167967070904,False
2.1,-1.8129372595069397e-05,0.00546930487035824,-0.004124780472738674,5.439912645708629e-09,0.0,0.000934714228636325,-6.377720493713834e-06,0.0054386136623505695,False
2.101,-1.2662334067489829e-05,0.005464568358759832,-0.005347765844998128,4.9222365126841615e-09,0.0,-0.004298056368202866,-2.7167677929180033e-06,0.00541480549994765,False
2.102,-7.2006430495450444e-06,0.005458610356978536,-0.006567715176522955,4.453823777099462e-09,0.0,-0.005234718136393939,1.598863793435089e-06,0.005396730343365099,False
2.103,-1.7455194683960476e-06,0.005451434036011814,-0.007784358798798524,4.029986406857843e-09,0.0,-0.0013033998032646616,2.6089363201512294e-06,0.005346114903487089,False
2.104,3.7018200544390883e-06,0.005443042835956835,-0.00899742818515286,3.6464824951012643e-09,0.0,-0.00715636845477674,8.329629181342685e-06,0.005341108881205924,False
2.105,9.140162471604217e-06,0.005433440464839274,-0.010206656009947288,3.2994738057807512e-09,0.0,-0.012228750195423412,1.799538883646529e-05,0.00537278779600421,False
2.106,1.456829857722337e-05,0.005422630897383095,-0.01141177620735791,2.985487359299936e-09,0.0,-0.014553671115200685,2.9269747140857517e-05,0.005417400342951595,False
2.107,1.998502327295948e-05,0.0054106183737217435,-0.012612524029740078,2.701380673767949e-09,0.0,-0.002723593631129718,3.0645579109440275e-05,0.005363844623939855,False
2.108,2.5389135832755156e-05,0.00539740739805116,-0.013808636105567726,2.4443103139844316e-09,0.0,-0.011425615492753005,3.9028591436503105e-05,0.005377921191729373,False
2.109,3.0779440166197576e-05,0.0053830027372250506,-0.014999850496939115,2.2117034333843386e-09,0.0,-0.011130753802320786,4.6935274110222276e-05,0.005385377114999346,False
2.11,3.6154745080449974e-05,0.005367409419292863,-0.016185906756640236,2.001232024124752e-09,0.0,-0.01040448723087742,5.402981065841632e-05,0.005383165561517378,False
2.111,4.1513864540692624e-05,0.005350632731980895,-0.01736654598475696,1.8107896175999175e-09,0.0,-0.00418440081604805,5.588678024789282e-05,0.005329043469505522,False
2.112,4.6855617929016716e-05,0.005332678221117024,-0.01854151088482677,1.638470202195432e-09,0.0,-0.01683653629761581,6.793576728347141e-05,0.005373061525654282,False
2.113,5.217883030171494e-05,0.0053135516889994865,-0.019710545819520753,1.4825491472833711e-09,0.0,-0.005417842107536099,7.039737882405003e-05,0.005321734136906893,False
2.114,5.748233264491311e-05,0.005293259192710217,-0.02087339686584649,1.341465942539299e-09,0.0,-0.007908586749330948,7.480602537505343e-05,0.00528913635775569,False
2.115,6.276496212848757e-05,0.005271807042373213,-0.022029811869862276,1.213808579830434e-09,0.0,-0.011011395983115414,8.160212666654213e-05,0.00527885492169665,False
2.116,6.802556235821371e-05,0.005249201799358423,-0.02317954050089295,1.0982994213636649e-09,0.0,-0.007658767310178786,8.549094680974036e-05,0.005239216397282283,False
2.117,7.326298362609135e-05,0.005225450274431665,-0.02432233430523789,9.93782412657087e-10,0.0,-0.009228846799413968,9.054087689967806e-05,0.00521030287165121,False
2.118,7.847608315879325e-05,0.005200559525851086,-0.025457946759361205,8.992115123581851e-10,0.0,-0.01010746750871621,9.615912533468007e-05,0.005186036542600235,False
2.119,8.366372536418356e-05,0.005174536857410689,-0.02658613332255454,8.136402231103904e-10,0.0,-0.011191144305133805,0.00010249562324433189,0.005167678907853949,False
2.12,8.882478207585362e-05,0.005147389816431458,-0.02770665148906277,7.362121186894077e-10,0.0,-0.012255365341709679,0.0001095142617286704,0.005154655662584465,False
2.121,9.395813279562283e-05,0.005119126191700621,-0.02881926083966266,6.661522726017071e-10,0.0,-0.006906694448242035,0.00011200308382400528,0.005096661356785723,False
2.122,9.906266493395312e-05,0.005089754011359616,-0.02992372309268509,6.027595023597153e-10,0.0,-0.010711103343717452,0.00011750186553240792,0.005067680502596476,False
2.123,0.00010413727404822596,0.005059281540741296,-0.031019802154470887,5.453993518118047e-10,0.0,-0.006942732326769584,0.0001197934987576187,0.005006960170799632,False
2.124,0.00010918086407883147,0.005027717280156982,-0.03210726416925079,4.934977412918793e-10,0.0,-0.005679958923962879,0.00012099769832640107,0.0049359474454655165,False
2.125,0.00011419234758301968,0.004995069962633905,-0.033185877568440006,4.46535222037122e-10,0.0,-0.017012637103345142,0.00013134402841702544,0.0049533188370988485,False
2.126,0.00011917064596646475,0.00496134855160366,-0.034255413119337844,4.0404177737018335e-10,0.0,-0.012459496340932234,0.00013771038902134637,0.004929917359460472,False
2.1270000000000002,0.00012411468971249335,0.004926562238542249,-0.03531564397322289,3.655921186142967e-10,0.0,-0.010429582604268666,0.0001422526716031452,0.004887812050023363,False
2.128,0.00012902341860892912,0.0048907204405623395,-0.0363663457128347,3.3080142866125646e-10,0.0,-0.007342085796996002,0.000144166228113984,0.004819887584947582,False
2.129,0.00013389578197250585,0.004853832797958346,-0.03740729639923245,2.9932151059245794e-10,0.0,-0.00983274672924553,0.00014804228377815896,0.004771149082918773,False
2.13,0.00013873073887080224,0.004815909171704965,-0.03843827661802167,2.7083730280710274e-10,0.0,-0.013376430323125712,0.00015467787113920362,0.004748602172636705,False
2.1310000000000002,0.0001435272583416524,0.004776959640909802,-0.03945906952493992,2.4506372577980217e-10,0.0,-0.009573662058356438,0.00015804624083028403,0.004693411184017493,False
2.132,0.00014828431960998604,0.004736994500220737,-0.040469460890792605,2.217428288888686e-10,0.0,-0.01136440496940961,0.00016276914491153882,0.004651094125630285,False
2.133,0.000153000912302054,0.0046960242571886775,-0.04146923914573005,2.0064120875979343e-10,0.0,-0.009592830374260869,0.00016592372815231373,0.004593111297215197,False
2.134,0.00015767603665699418,0.0046540596295863695,-0.04245819542285732,1.8154767328582544e-10,0.0,-0.010285662189492348,0.0001695499076698533,0.004539595505171792,False
2.1350000000000002,0.00016230870373569472,0.004611111542683929,-0.0434361236011681,1.6427112794638223e-10,0.0,-0.01625809069783616,0.00017790929546693127,0.004531349833096539,False
2.136,0.0001668979356269114,0.004567191126481788,-0.044402820347794456,1.4863866326885924e-10,0.0,-0.00998343959965129,0.00018095108838863872,0.00447020692193854,False
2.137,0.00017144276565059694,0.004522309712901726,-0.04535808515956409,1.34493824292511e-10,0.0,-0.006928320842867563,0.00018143289628278059,0.004384454672314571,False
2.138,0.00017594223855840063,0.0044764788329366995,-0.04630172040385713,1.2169504471461765e-10,0.0,-0.009229808280904776,0.00018376460228359634,0.004317326394758685,False
2.1390000000000002,0.0001803954107312976,0.004429710213760167,-0.047233531358754334,1.1011423004734528e-10,0.0,-0.0037684089533457227,0.00018160804185721565,0.004207282125615198,False
2.14,0.00018480135037430724,0.004382015775795615,-0.048153326252469104,9.963547560505758e-11,0.0,-0.019587767821970577,0.00019232179599241244,0.004222643819810752,False
2.141,0.00018915913770826175,0.004333407629747023,-0.04906091630205559,9.015390649126514e-11,0.0,-0.008403902349231322,0.00019367615995151923,0.004145470094789199,False
2.142,0.0001934678651585859,0.004283898073590979,-0.04995611575138544,8.157462797541167e-11,0.0,-0.007817175653470449,0.0001945170587816142,0.004063914153185286,False
2.1430000000000002,0.00019772663754104988,0.004233499589531186,-0.05083874190838581,7.381177575451546e-11,0.0,-0.010551440766067966,0.00019754810631903238,0.0040041249489422325,False
2.144,0.0002019345722444584,0.0041822248409161015,-0.05170861518153159,6.678765659436501e-11,0.0,-0.01301052499843336,0.00020248441504556455,0.003962629760382076,False
2.145,0.00020609079941023912,0.004130086669120467,-0.052565559115584866,6.043197074951756e-11,0.0,-0.007483767595758936,0.00020280572117444242,0.0038761296571771953,False
2.146,0.00021019446210889493,0.004077098090391468,-0.05340940042657471,5.46811083798181e-11,0.0,-0.007805942592057934,0.00020337879190395858,0.003792938109822282,False
2.1470000000000002,0.00021424471651328503,0.004023272292660302,-0.054239969036010666,4.947751292173908e-11,0.0,-0.017383206002514397,0.0002116904909208621,0.0037849187883251746,False
2.148,0.00021824073206870058,0.003968622632319913,-0.05505709810432369,4.476910504294721e-11,0.0,-0.006259935523414374,0.00021075993897040396,0.003686290137092322,False
2.149,0.00022218169165970158,0.003913162630969684,-0.055860624063527854,4.050876141484101e-11,0.0,-0.016315110770147336,0.00021799760124261707,0.0036674723483655063,False
2.15,0.00022606679177368213,0.0038569059721278456,-0.056650386649097204,3.665384308643944e-11,0.0,-0.01712471216006703,0.00022568569526413564,0.0036515643217061443,False
2.1510000000000002,0.00022989524266113227,0.0037998664979124147,-0.05742622893105128,3.3165768739429073e-11,0.0,-0.013070454437838067,0.00022987310830348246,0.0036004577958113184,False
2.152,0.00023366626849256552,0.003742058205691439,-0.058187997344244034,3.0009628553362743e-11,0.0,-0.011969426263590037,0.0002330503289293676,0.003539267880697377,False
2.153,0.0002373791075120815,0.0036834952447033537,-0.05893554171785043,2.715383481644295e-11,0.0,-0.014862306509709645,0.00023847992002020305,0.0034996907616508927,False
2.154,0.00024103301218753433,0.003624191912648256,-0.059668715304045036,2.456980578508518e-11,0.0,-0.010862941046294223,0.00024051728345792541,0.0034267286534522025,False
2.1550000000000002,0.0002446272493572781,0.0035641626522509074,-0.06038737480586794,2.2231679628221455e-11,0.0,-0.009594519963540691,0.00024146984624538558,0.0033436926889557454,False
2.156,0.0002481611003734617,0.0035034220477962756,-0.06140410311985785,-2.501779713076456e-05,0.0,-0.02026026657288167,0.0002510316453986594,0.003344109346924275,False
2.157,0.00025163370496157075,0.0034416723450659743,-0.06206305512096174,-2.2637038960748443e-05,0.0,-0.013731041398414192,0.0002550356403860773,0.003288640574436467,False
2.158,0.00025504423285654834,0.0033792711522329082,-0.06270989461963804,-2.048283988522304e-05,0.0,-0.017482132925231805,0.0002619634829056879,0.0032610184057517756,False
2.1590000000000003,0.0002583920386458241,0.00331623064552042,-0.06334422516303842,-1.8533639955789184e-05,0.0,-0.005945227650944557,0.00025935336610345754,0.0031405009261585297,False
2.16,0.00026167648929071815,0.0032525633959235396,-0.06396567932085194,-1.676993092440438e-05,0.0,-0.006334579363030426,0.00025713248476694694,0.0030256751562609133,False
2.161,0.0002648969645066944,0.0031882823401649003,-0.06457391628673208,-1.5174060998279452e-05,0.0,-0.01663829794891509,0.00026331763535971775,0.002993438279790527,False
2.162,0.0002680528571157691,0.003123400754050608,-0.065168619709309,-1.3730058174803334e-05,0.0,-0.018352471141837374,0.0002707154927720637,0.00297184334031532,False
2.1630000000000003,0.0002711435733733608,0.003057932227996386,-0.0657910895047479,-1.5750972299771346e-05,0.0,-0.020034616829685534,0.000279265755592034,0.002959917773147298,False
2.164,0.0002741685124855443,0.002991849083480703,-0.06635383979830954,-1.4252069107281023e-05,0.0,-0.01749656047088309,0.00028551859690795456,0.0029240948683756096,False
2.165,0.00027712708970116463,0.0029252110621091156,-0.0669026093435845,-1.2895805412702222e-05,0.0,-0.01743990171347197,0.0002915483546583137,0.002885137761937313,False
2.166,0.0002800187571509151,0.0028580321960169812,-0.06743712624389542,-1.166860727312363e-05,0.0,-0.00989118346763565,0.00029129490611952397,0.0027848851762605287,False
2.1670000000000003,0.00028284298113297624,0.002790326787444529,-0.06795713834205006,-1.0558192477088803e-05,0.0,-0.007792444716706921,0.0002893492567288548,0.002669554943690618,False
2.168,0.00028559924237324597,0.0027221093889825397,-0.06846241171270535,-9.553447620095725e-06,0.0,-0.009265879113436067,0.0002886518114883092,0.0025679544382233,False
2.169,0.0002882870362665694,0.0026533947853266985,-0.06895272929894204,-8.644316877909199e-06,0.0,-0.013576085318707388,0.00029146417741269506,0.0025013854968361847,False
2.17,0.0002909058731004054,0.002584197976396349,-0.06942788967924188,-7.821701364492026e-06,0.0,-0.019783190946318467,0.00029922283711866603,0.002482474171277673,False
2.1710000000000003,0.0002934552782622283,0.0025145341616871985,-0.06988770595237334,-7.077368067295306e-06,0.0,-0.01175386149048457,0.00030026013443958203,0.002397437795117969,False
2.172,0.0002959347924318406,0.0024444187257400204,-0.07033200472888043,-6.4038674485016335e-06,0.0,-0.00918486722810764,0.0002991878773729604,0.002292847018237714,False
2.173,0.0002983439717596587,0.0023738672246187064,-0.0707606252189456,-5.794458887546746e-06,0.0,-0.010639033172023506,0.0002993234704611951,0.0022012768197421954,False
2.174,0.0003006823880319329,0.0023028953733012585,-0.07117341840737083,-5.243043218723316e-06,0.0,-0.018899332475387685,0.000306143722290544,0.0021749481749594943,False
2.1750000000000003,0.0003029496288237713,0.0022315190338965695,-0.07157024630730191,-4.744101688680551e-06,0.0,-0.006927061713562492,0.00030307654126495164,0.002052355190936145,False
2.176,0.0003051452976407541,0.002159754204608215,-0.07195098128511807,-4.292640722885745e-06,0.0,-0.014606887494915443,0.0003063147668120303,0.0019924226668502766,False
2.177,0.000307269014049849,0.002087617009374068,-0.07231550544963028,-3.884141948251952e-06,0.0,-0.011766432178848998,0.00030716125696622295,0.0019094458676032712,False
2.178,0.0003093204138002722,0.002015123688117394,-0.0726637100993841,-3.514516971741458e-06,0.0,-0.011411940952863964,0.0003076967200909567,0.0018242163634036444,False
2.179,0.0003112991489348768,0.0019422905875513127,-0.07299549522245367,-3.1800664623541004e-06,0.0,-0.014814501642780316,0.00031097211801775574,0.001766151812624116,False
2.18,0.00031320488789259656,0.0018691341524840978,-0.07331076904364761,-2.877443126979232e-06,0.0,-0.01440030630139244,0.00031381931005886586,0.0017038841052719653,False
2.181,0.00031503731560242066,0.001795670917577897,-0.073609447614531,-2.603618209561206e-06,0.0,-0.012453473002090595,0.00031500942920868795,0.0016257451142399014,False
2.182,0.0003167961335693331,0.0017219174995180327,-0.07389145444210563,-2.3558511782907694e-06,0.0,-0.01914768472891911,0.00032158623463914547,0.0015999820205859477,False
2.183,0.00031848105995260697,0.0016478905895542103,-0.0741567201523859,-2.1316622974415928e-06,0.0,-0.008728576850754684,0.000319540128273465,0.0014901527360201936,False
2.184,0.0003200918296368084,0.0015736069463787247,-0.07440518218546674,-1.9288078093416523e-06,0.0,-0.012417399058408768,0.00032053890930086376,0.0014112717041874989,False
2.185,0.0003216281942958314,0.00149908338931016,-0.07463678451900345,-1.745257478092296e-06,0.0,-0.01713345409949707,0.0003253280528425373,0.001369474533490078,False
2.186,0.0003230899224502546,0.0014243367917541583,-0.0748514774173171,-1.5791742702849833e-06,0.0,-0.004776762940320017,0.00031997605372580145,0.0012295988639990684,False
2.187,0.0003244767995182848,0.0013493840749156196,-0.07504921720360443,-1.4288959693534847e-06,0.0,-0.01075646647179949,0.0003196175959050698,0.0011404771246886964,False
2.188,0.00032578862786052635,0.001274242201739221,-0.07522996605297165,-1.2929185395517966e-06,0.0,-0.01440800180866606,0.0003222260055827934,0.0010809430515942408,False
2.189,0.0003270252268187952,0.0011989281710574195,-0.0753936918042283,-1.1698810730588712e-06,0.0,-0.014016835252026644,0.000324443758665084,0.0010177306317962248,False
2.19,0.00032818643274917466,0.0011234590119271722,-0.0755403677885745,-1.0585521695557268e-06,0.0,-0.013194706444955368,0.0003259329691036892,0.0009477210114453595,False
2.191,0.0003292720990494942,0.0010478517781384693,-0.07566997267349336,-9.578176119571671e-07,0.0,-0.008202099986290345,0.0003233373788750748,0.000838896121948279,False
2.192,0.00033028209618139476,0.0009721235428794708,-0.07578249032031993,-8.666692149526917e-07,0.0,-0.01610184902306949,0.0003272119058082261,0.0007940506798171,False
2.193,0.00033121631168713054,0.0008962913935445613,-0.07598769262240607,-9.56683219878805e-06,0.0,-0.020091367961124512,0.0003342070080412922,0.0007788250871093405,False
2.194,0.00033207459533822465,0.0008202627301145682,-0.07605538339309158,-8.65642774553466e-06,0.0,-0.008126296728200422,0.00033131555172287533,0.0006670652048693438,False
2.195,0.00033285681934806013,0.0007441749779823475,-0.0761069550669206,-7.832659730684425e-06,0.0,-0.01030082516181743,0.0003302667912787594,0.0005749194116178815,False
2.196,0.00033356293268551874,0.0006680442502014945,-0.07614231727463229,-7.0872836070667295e-06,0.0,-0.010226088811794105,0.00032918723752737276,0.0004837477708161123,False
2.197,0.0003341929004770931,0.0005918867483119576,-0.07616139322231272,-6.412839399906841e-06,0.0,-0.007948850144795516,0.000326294360467727,0.0003764133132450351,False
2.198,0.00033474670408858547,0.0005157187487654265,-0.076164118756141,-5.802577044890978e-06,0.0,-0.008805985475559271,0.0003241775044832645,0.00027838921342724103,False
2.199,0.00033522434119369994,0.00043955659028676545,-0.07615044151440331,-5.250388831253881e-06,0.0,-0.015598815649351712,0.0003276209077160074,0.00023537846029317126,False
2.2,0.0003356258258304203,0.0003634166620841854,-0.07612032015839282,-4.7507482737566005e-06,0.0,-0.011448704943185643,0.00032760631109505627,0.00015884252022539154,False
2.201,0.0003359511884459828,0.00028731539282923665,-0.07607372367461204,-4.298654801764714e-06,0.0,-0.014662005298285518,0.00033019399077923323,0.00010817727594877858,False
2.202,0.000336200475931178,0.00021126924033528928,-0.0760106307414162,-3.889583711856663e-06,0.0,-0.00722703630498897,0.0003266881176032946,-1.0674115297451856e-06,False
2.203,0.00033637375164464843,0.00013529468187003206,-0.07593102915388933,-3.519440883071106e-06,0.0,-0.01339629076017075,0.00032827694889402776,-5.9338563586729884e-05,False
2.204,0.0003364710954277857,5.940820504373192e-05,-0.07583491530133699,-3.184521801568257e-06,0.0,-0.010398837814226545,0.0003273936651717084,-0.0001410748907235861,False
2.205,0.00033649260361077814,-1.6373700779386045e-05,-0.07572229369231363,-2.8814744846102437e-06,0.0,-0.009669337849970424,0.0003259447255514336,-0.00022713669280767442,False
2.206,0.0003364383890103071,-9.203455259419404e-05,-0.0755931765225877,-2.60726593279123e-06,0.0,-0.007632653770836395,0.00032288771209113904,-0.00032736782949166173,False
2.207,0.0003363085809193464,-0.00016755788143510997,-0.07544758328188478,-2.3591517747599342e-06,0.0,-0.005197396820034134,0.0003179454666634826,-0.0004439132051522301,False
2.208,0.0003361033250894783,-0.00024292723966273482,-0.07528554039564637,-2.1346488006287304e-06,0.0,-0.008324342884208916,0.00031567522500436276,-0.0005323676004374359,False
2.209,0.00033582278370610213,-0.0003181262078917116,-0.0751070808984001,-1.931510109174458e-06,0.0,-0.007858692058436322,0.0003130922769746329,-0.0006223310141209686,False
2.21,0.0003354671353568782,-0.00039313840159143265,-0.07491224413566165,-1.747702620095771e-06,0.0,-0.012033015100305099,0.0003139625485585948,-0.0006775218543805365,False
2.211,0.0003350365749937208,-0.0004679474773881409,-0.07470107549158325,-1.5813867262621388e-06,0.0,-0.010609527550382636,0.00031365553507748696,-0.0007436079941642798,False
2.212,0.000334531313888625,-0.0005425371390941861,-0.07447362613982819,-1.4308978823073725e-06,0.0,-0.014728566153417846,0.0003166924763128763,-0.0007767495661932811,False
2.213,0.00033395157958358905,-0.000616891143487673,-0.07422995281539227,-1.2947299453001251e-06,0.0,-0.008621416447095607,0.0003146982898967993,-0.0008585590560729107,False
2.214,0.00033329761583487146,-0.000690993305863461,-0.07397011760531037,-1.1715201007592043e-06,0.0,-0.015429702529413215,0.0003182734011381153,-0.0008854820189816597,False
2.215,0.00033256968255180176,-0.000764827505374411,-0.07369418775638313,-1.0600352231481857e-06,0.0,-0.01460183300357082,0.0003210768537403313,-0.0009203251946845669,False
2.216,0.00033176805573034636,-0.0008383776901799096,-0.07340223549823732,-9.591595343405765e-07,0.0,-0.007839822973887302,0.0003183255445038744,-0.0010087980404925494,False
2.217,0.0003308930273816144,-0.0009116278824170143,-0.07309433788019444,-8.678834365373005e-07,0.0,-0.011360802190440819,0.0003185032029110041,-0.00106751691569277,False
2.218,0.0003299449054554744,-0.000984562183008036,-0.0727705766205681,-7.852934078725865e-07,0.0,-0.005549050888744359,0.00031396995496514113,-0.001170899235529355,False
2.219,0.0003289240137594386,-0.0010571647763169979,-0.07243103796714292,-7.105628595800908e-07,0.0,-0.007354107771780433,0.0003110267641538055,-0.0012568296339671762,False
2.22,0.0003278306918729608,-0.0011294199346661587,-0.07207581256770712,-6.429438632146974e-07,0.0,-0.012428770678070364,0.0003122760223988963,-0.001300848004426741,False
2.221,0.00032666529505728266,-0.001201312022722663,-0.07170499534961877,-5.817596651332519e-07,0.0,-0.008138656743038254,0.0003100161000985537,-0.0013783846438800008,False
2.222,0.00032542819416095343,-0.001272825501764359,-0.07131868540748443,-5.263979133166361e-07,0.0,-0.005922223080232341,0.0003060255410514144,-0.0014711838598634951,False
2.223,0.00032411977552114046,-0.0013439449338329046,-0.07091698589811657,-4.763045287449418e-07,0.0,-0.012570811503490487,0.0003075315471782897,-0.0015092253070227509,False
2.224,0.00032274044086083906,-0.001414654985781445,-0.07050000394201647,-4.309781599884076e-07,0.0,-0.011365309168556444,0.0003080187577186268,-0.0015569740542287608,False
2.225,0.00032129060718208413,-0.0014849404332233972,-0.07006785053070276,-3.899651655137994e-07,0.0,-0.01084722161736335,0.0003080726565827656,-0.0016084659222567982,False
2.226,0.0003197707066552595,-0.001554786164388191,-0.06962064043926969,-3.528550734874719e-07,0.0,-0.009899680614821903,0.0003073577882705592,-0.0016667859797502866,False
2.227,0.00031818118650459536,-0.0016241771838892039,-0.06915849214362059,-3.192764736352928e-07,0.0,-0.006547003847831605,0.00030394846135425315,-0.0017501934683868527,False
2.228,0.00031652250888993905,-0.001693098616408571,-0.06868152774187397,-2.8889330004378445e-07,0.0,-0.009437292583332821,0.0003029760698044021,-0.0018084850322834165,False
2.229,0.0003147951507848808,-0.001761535710303048,-0.06818987287948985,-2.6140146769950567e-07,0.0,-0.011165403551343394,0.00030343051604585095,-0.0018521962476985836,False
2.23,0.000312999603851311,-0.001829473841134655,-0.0676836566777068,-2.3652582910403097e-07,0.0,-0.010433037503239147,0.00030327907429818647,-0.0019013469464831485,False
2.231,0.00031113637431048267,-0.001896898515129416,-0.0671630116649208,-2.14017420505306e-07,0.0,-0.009055065795358062,0.0003020161578568274,-0.0019605996478319096,False
2.232,0.0003092059828106496,-0.001963795372567142,-0.06662807371067275,-1.936509701847373e-07,0.0,-0.012777178216579019,0.0003038028887811918,-0.001989599048596262,False
2.233,0.00030720896429134795,-0.0020301501911048733,-0.06607898196194426,-1.7522264386211628e-07,0.0,-0.006280740826537066,0.0003002787104161678,-0.002069721732955263,False
2.234,0.0003051458678443863,-0.002095948889036293,-0.06551587878149065,-1.5854800465363178e-07,0.0,-0.007635967566382192,0.0002979517571382863,-0.002136654331442085,False
2.235,0.00030301725657160727,-0.002161177528489158,-0.06493890968796746,-1.4346016716554548e-07,0.0,-0.007199008525676406,0.00029533693691629145,-0.00220508618265474,False
2.236,0.00030082370743948154,-0.0022258223185625398,-0.06434822329763014,-1.298081272490793e-07,0.0,-0.001920245020136416,0.00028852191847747867,-0.002312537728567643,False
2.237,0.00029856581113059426,-0.0022898696184054618,-0.06374397126740926,-1.174552507001402e-07,0.0,-0.008435456630226396,0.0002871755132009723,-0.002364702369889004,False
2.238,0.00029624417189208106,-0.0023533059402383095,-0.06312630823918301,-1.0627790577828118e-07,0.0,-0.009744094950109451,0.0002869268913289686,-0.0024054333902097922,False
2.239,0.00029385940738107066,-0.002416117952318217,-0.062495391785086805,-9.616422585868892e-08,0.0,-0.014994698368701835,0.0002909368161647483,-0.002404726398419752,False
2.24,0.00029141214850718973,-0.002478292481849472,-0.06185138235371639,-8.701298983340294e-08,0.0,-0.009334080905834036,0.0002902496034846413,-0.002450074079330453,False
2.241,0.0002889030392721842,-0.0025398165178398416,-0.061194443217094885,-7.873260905644551e-08,0.0,-0.008201247289730016,0.0002886645922844531,-0.0025033920012083404,False
2.242,0.00028633273660671083,-0.0026006772139035806,-0.06052474041828824,-7.124021069386876e-08,0.0,-0.003564247386067844,0.0002833698446375802,-0.0025914154598892522,False
2.243,0.00028370191020435197,-0.0026608618910117887,-0.05984244271956531,-6.446080830457796e-08,0.0,-0.011149252582048075,0.00028436685517987394,-0.0026167986812245265,False
2.244,0.0002810112423529063,-0.0027203580401906524,-0.05914772155100982,-5.832655135082526e-08,0.0,-0.004907181520427933,0.00028028130181075034,-0.0026909731958786286,False
2.245,0.0002782614277630068,-0.0027791533251680395,-0.05844075095950105,-5.277604612722253e-08,0.0,-0.0040858116963617165,0.0002756464565743013,-0.002768683528241826,False
2.246,0.0002754531733941178,-0.0028372355849688165,-0.05772170755798968,-4.7753741311902736e-08,0.0,-0.00394199059694109,0.0002710265088956297,-0.0028443443208250553,False
2.247,0.00027258719827796227,-0.002894592836459189,-0.0569907704750026,-4.3209371990219204e-08,0.0,-5.1896755128264666e-05,0.0002633876173521327,-0.00294714029185167,False
2.248,0.00026966423333942994,-0.002951213276840302,-0.05624812130431862,-3.9097456586585254e-08,0.0,-0.005060148555396474,0.00026002047722911394,-0.0030060190004792668,False
2.249,0.0002666850212150171,-0.003007085286091273,-0.055493944054762816,-3.537684166957882e-08,0.0,-0.0009236314009429536,0.0002533993555270281,-0.0030947602218165246,False
2.25,0.00026365031606884876,-0.003062197429361787,-0.05472842510007422,-3.2010290074568645e-08,0.0,-0.00370647906594547,0.000249219194897473,-0.0031575652826067225,False
2.251,0.00026056088340633285,-0.003116538459314327,-0.05395175312880617,-2.8964108221654793e-08,0.0,-0.010399172455808348,0.00025057668528969713,-0.0031655089518997175,False
2.2520000000000002,0.00025741749988549803,-0.003170097318416082,-0.05316411909422416,-2.620780889899623e-08,0.0,-0.0024013303725804284,0.00024541971880179513,-0.00323628092436498,False
2.253,0.00025422095312606406,-0.003222863141180536,-0.05236571616417031,-2.371380613654759e-08,0.0,-0.003167466806533098,0.00024102925454954434,-0.00329773925151335,False
2.254,0.00025097204151629607,-0.003274825256358706,-0.05155673967086751,-2.1457139116399016e-08,0.0,-0.004137040537325438,0.00023754829635366692,-0.0033487854589642476,False
2.255,0.00024767157401769273,-0.0033259731890799794,-0.050737387060640356,-1.9415222356520876e-08,0.0,-0.003101229277042968,0.0002333272752238407,-0.003405594069617344,False
2.2560000000000002,0.00024432036996755867,-0.0033762966629424717,-0.04990785784353283,-1.7567619667668387e-08,0.0,-0.005613630733279436,0.00023126021133756136,-0.0034401197958109243,False
2.257,0.00024091925887951188,-0.0034257856020528028,-0.04906835354280623,-1.5895839621130806e-08,0.0,-0.007191381081808549,0.00023052925885577505,-0.003460955275189724,False
2.258,0.0002374690802419767,-0.0034744301330151867,-0.04821907764430298,-1.4383150480297703e-08,0.0,-0.006090449232859519,0.0002289275788338377,-0.003489763423172336,False
2.259,0.0002339706833147129,-0.0035222205868696978,-0.04736023554566515,-1.3014412743815245e-08,0.0,-0.0008228840612059364,0.00022310605559660825,-0.0035584484657218986,False
2.2600000000000002,0.00023042492692343223,-0.003569147500979578,-0.04649203450539818,-1.1775927624368073e-08,0.0,-0.003821203300088222,0.00021987730365669484,-0.003600141068270219,False
2.261,0.0002268326792525529,-0.003615201620867437,-0.04561468359177258,-1.0655299946611538e-08,0.0,0.0009606993378957311,0.00021286806886650856,-0.003676978575739192,False
2.262,0.00022319481763614379,-0.0036603739020001874,-0.04472839363155822,-9.641314092090682e-09,0.0,0.0010150024236691702,0.00020601350624788753,-0.0037498986698628277,False
2.263,0.00021951222834710896,-0.0037046555115225516,-0.04383337715858755,-8.723821749561045e-09,0.0,-0.003780446556048243,0.00020323615712835083,-0.003781279699490989,False
2.2640000000000002,0.0002157858063846649,-0.0037480378299389818,-0.042929848362145466,-7.893640347278762e-09,0.0,-0.008034359796816961,0.00020398198247031414,-0.0037778255147783144,False
2.265,0.00021201645526016142,-0.003790512452743817,-0.042018023035184975,-7.14246115073619e-09,0.0,-0.008231330822409044,0.00020486616177067693,-0.0037732477749536156,False
2.266,0.00020820508678129845,-0.0038320711919995164,-0.0410981185223692,-6.4627661060542826e-09,0.0,-0.003132890413986865,0.00020159699152939205,-0.0038088381337856468,False
2.267,0.0002043526208347905,-0.0038727060778627957,-0.04017035366794113,-5.847752596772469e-09,0.0,-0.00497458663456227,0.00019991172183792124,-0.003828074428212521,False
2.2680000000000002,0.0002004599851675312,-0.003912409360058505,-0.039234948763423774,-5.291265360976678e-09,0.0,-0.0010448676296443025,0.0001950922541175302,-0.00387684091816658,False
2.269,0.0001965281151663103,-0.00395117350930108,-0.038292125495154296,-4.787734887369247e-09,0.0,-0.001825609849155455,0.00019104155043740218,-0.003916592494429888,False
2.27,0.00019255795363613503,-0.00398899121866341,-0.037342106891656186,-4.332121673727875e-09,0.0,-0.0010454542902099684,0.00018647393912153245,-0.003959959028611628,False
2.271,0.00018855045057720944,-0.0040258554048929664,-0.03638511727085505,-3.91986578987355e-09,0.0,-0.007556100592977069,0.00018730755266300892,-0.003949904221932285,False
2.2720000000000002,0.00018450656296062384,-0.0040617592096750385,-0.035421382187143316,-3.54684124035667e-09,0.0,0.00017951503253107667,0.0001818538851522912,-0.004000576450000212,False
2.273,0.00018042725450280735,-0.0040966960008429355,-0.03445112837830063,-3.2093146701077894e-09,0.0,-0.003047833562958485,0.00017916801274956107,-0.004022856987143452,False
2.274,0.00017631349543879713,-0.004130659373535013,-0.03347458371227684,-2.9039079997652593e-09,0.0,0.0010688603691222862,0.00017322490277761214,-0.00407559130944623,False
2.275,0.000172166262294377,-0.004163643151298396,-0.03249197713384494,-2.627564616721565e-09,0.0,0.0013535917422784795,0.00016721966930433691,-0.0041269995671471185,False
2.2760000000000002,0.00016798653765713907,-0.004195641387139272,-0.03150353861113218,-2.3775187835169865e-09,0.0,-0.002554848020493882,0.00016454935318680015,-0.00414443317974651,False
2.277,0.0001637753099465219,-0.004226648364519636,-0.030509499082037442,-2.1512679574095054e-09,0.0,0.005525173656641829,0.0001554121863704602,-0.004223225881892386,False
2.278,0.00015953357318287874,-0.004256658598300391,-0.02951009040054393,-1.9465477440859094e-09,0.0,0.0006519560479783795,0.00015047989279074806,-0.004258673740322795,False
2.279,0.00015526232675562937,-0.0042856668356306875,-0.028505545282936008,-1.7613092348424159e-09,0.0,0.0022759004432003,0.00014437244607748775,-0.004303912492384198,False
2.2800000000000002,0.00015096257519054977,-0.004313668056783431,-0.02749609725392981,-1.593698500417703e-09,0.0,0.0005608865222689911,0.00013982676013823183,-0.004332264157491022,False
2.281,0.000146635327916253,-0.004340657475936863,-0.026481980592727085,-1.442038036245735e-09,0.0,-0.00221923745110208,0.00013766101183561156,-0.004336404177601972,False
2.282,0.00014228159902991567,-0.0043666305419021514,-0.025463430279002466,-1.3048099734262363e-09,0.0,0.002114911501759361,0.0001320472086647567,-0.004373150540681432,False
2.283,0.00013790240706230362,-0.004391582938796931,-0.024440681938834013,-1.1806408873825646e-09,0.0,-0.0009151149530962034,0.00012904596384680504,-0.004383115914794979,False
2.2840000000000003,0.00013349877474215142,-0.004415510586664737,-0.023413971790587615,-1.0682880521669237e-09,0.0,0.0042770491030895185,0.00012192559312799719,-0.0044318846576071195,False
2.285,0.00012907172875994914,-0.004438409642040303,-0.02238353659076564,-9.666270028413837e-10,0.0,0.005615459150387703,0.0001139232814600882,-0.0044869858731382325,False
2.286,0.00012462229953119123,-0.004460276498460679,-0.02134961357983053,-8.746402814548357e-10,0.0,0.001196223546688623,0.00010972608437685605,-0.0045031029524813405,False
2.287,0.00012015152095914119,-0.004481107786922164,-0.020312440428014198,-7.914072539818385e-10,0.0,0.005249012542349248,0.00010236622567601458,-0.004548493274885209,False
2.2880000000000003,0.0001156604301971664,-0.0045009003762830355,-0.01927225518112409,-7.160948963078556e-10,0.0,0.0045899627797659995,9.574858949915101e-05,-0.004584589707978256,False
2.289,0.00011115006741069742,-0.004519651373612083,-0.018229296206357003,-6.479494570439282e-10,0.0,-0.0013445646881663845,9.412378306651627e-05,-0.004570809459080649,False
2.29,0.00010662147553886578,-0.00453735812448296,-0.017183802138131782,-5.862889137294299e-10,0.0,-0.00142210327315449,9.260780805908827e-05,-0.004555770750840478,False
2.291,0.00010207570005587452,-0.004554018213214382,-0.01613601182395203,-5.304961469220447e-10,0.0,0.0029125623810060098,8.762494517400803e-05,-0.004573878688812984,False
2.2920000000000003,9.751378873215558e-05,-0.004569629463056192,-0.015086164270310266,-4.800127638589679e-10,0.0,0.0053951493418455876,8.077310515543648e-05,-0.004608627229522242,False
2.293,9.293679139536822e-05,-0.004584189936321363,-0.01403449858864468,-4.343335098744533e-10,0.0,-0.00275461864973692,8.071444926013011e-05,-0.004576157963292572,False
2.294,8.83457596912923e-05,-0.004597697934463979,-0.012981253941359943,-3.930012116412962e-10,0.0,-0.002796902978990986,8.069169400092885e-05,-0.004543691223537676,False
2.295,8.374174684467081e-05,-0.004610151998103271,-0.011926669487923546,-3.5560220162651416e-10,0.0,0.004658651075368901,7.463269775364025e-05,-0.004569595087715588,False
2.2960000000000003,7.912580742005501e-05,-0.004621550906993791,-0.010870984331048916,-3.2176217796763773e-10,0.0,-0.004133964354048109,7.586494061410236e-05,-0.004523770947355015,False
2.297,7.449899708270655e-05,-0.004631893679941816,-0.009814437462976978,-2.911424583338642e-10,0.0,0.004454265037507482,7.010822971612579e-05,-0.004545904829452934,False
2.298,6.986237235960985e-05,-0.004641179574668078,-0.008757267711867479,-2.634365902794556e-10,0.0,0.003826206818933616,6.502321363596545e-05,-0.004560041785665963,False
2.299,6.521699040064863e-05,-0.004649408087616954,-0.007699713688311561,-2.3836728416465954e-10,0.0,0.004095232297203358,5.986447292789893e-05,-0.004573586111213807,False
2.3000000000000003,6.056390873999989e-05,-0.00465657895371222,-0.00664201373197712,-2.156836379477944e-10,0.0,0.0032583536340420895,5.552956589428067e-05,-0.004577901270300687,False
2.301,5.590418505779893e-05,-0.004662692146059531,-0.005584405858398288,-1.95158626073285e-10,0.0,0.00442512982715798,5.0372752425893785e-05,-0.004589092562876878,False
2.302,5.12388769421283e-05,-0.004667747875595758,-0.004527127705920572,-1.7658682732359649e-10,0.0,0.0018215350579659764,4.747025737093649e-05,-0.004577332719719534,False
2.303,4.6569041651384043e-05,-0.004671746590685356,-0.0034704164828129875,-1.5978236889464488e-10,0.0,0.00412423857296699,4.2785482001746395e-05,-0.004582180173997885,False
2.3040000000000003,4.1895735877071915e-05,-0.004674688976663927,-0.002414508914558618,-1.4457706611829968e-10,0.0,0.0015303914025769942,4.033375465548071e-05,-0.004564457620340245,False
2.305,3.722001550708641e-05,-0.00467657595532917,-0.0013596411913349292,-1.308187392136965e-10,0.0,0.007590769967576773,3.304432033927132e-05,-0.004592876084313619,False
2.306,3.254293538952502e-05,-0.004677408684379409,-0.000306048915695145,-1.1836969022084067e-10,0.0,0.0009602816958981686,3.133028559613556e-05,-0.004565752879897398,False
2.307,2.7865549097090115e-05,-0.004677188556799907,0.0007460329495380239,-1.0710532487314184e-10,0.0,0.009902835742097469,2.24238922860447e-05,-0.0046076719437842745,False
2.308,2.3188908692130536e-05,-0.004675917200197179,0.0017963701331550766,-9.69129056161163e-11,0.0,0.004110733978772293,1.8459867825490967e-05,-0.004599619645494059,False
2.309,1.8514064492374764e-05,-0.004673596476081545,0.0028447291072077044,-8.769042329204931e-11,0.0,0.00681944746894169,1.2414893863682162e-05,-0.0046107651484269905,False
2.31,1.3842064837407308e-05,-0.004670228479098155,0.0038908771384108844,-7.934557619805826e-11,0.0,0.008371933892592099,5.284160926175299e-06,-0.0046308620433370765,False
2.311,9.17395585593975e-06,-0.004665815536206731,0.004934582339288073,-7.179484629962652e-11,0.0,0.010776974425471837,-3.591887703693506e-06,-0.004665905647442835,False
2.312,4.510781233927563e-06,-0.004660360205810311,0.005975613719048472,-6.496266335404261e-11,0.0,0.004977511732793558,-7.520467188037057e-06,-0.004651012091457099,False
2.313,-1.4641801641641676e-07,-0.004653865276833238,0.007013741234185443,-5.878064857801117e-11,0.0,-3.7886784910623255e-05,-7.276658980351292e-06,-0.004595298807250655,False
2.314,-4.796603786661256e-06,-0.004646333767748704,0.00804873583878521,-5.318693028980672e-11,0.0,0.00519403424082133,-1.1276133617200714e-05,-0.004581042079199546,False
2.315,-9.438741101199635e-06,-0.004637768925556131,0.009080369534535056,-4.812552467668728e-11,0.0,0.006129882934623736,-1.5920035040700075e-05,-0.00457223753482415,False
2.316,-1.407179834524198e-05,-0.004628174224708701,0.010108415420420302,-4.354577549007957e-11,0.0,0.008371373209908184,-2.2247299804654473e-05,-0.004578664932941521,False
2.317,-1.869474749171333e-05,-0.0046175533659913405,0.011132647742099423,-3.940184706081717e-11,0.0,0.004174901988153892,-2.4997296966590494e-05,-0.004549215764497942,False
2.318,-2.3306564327003564e-05,-0.0046059102753495075,0.012152841940946743,-3.5652265560357566e-11,0.0,0.0038156165089411453,-2.7378439569918816e-05,-0.0045159299574772166,False
2.319,-2.7906228675521935e-05,-0.004593249102669096,0.013168774702752281,-3.22595039167663e-11,0.0,0.003906302165048793,-2.9765530080122568e-05,-0.00448253540161796,False
2.32,-3.2492724623007234e-05,-0.00457957422050782,0.01418022400606828,-2.918960623116774e-11,0.0,0.004217117208576221,-3.2336642352002674e-05,-0.0044507434545704916,False
2.321,-3.706504073854522e-05,-0.00456489022277843,0.01518696917019222,-2.6411847935696174e-11,0.0,0.014885863257545746,-4.3473549862306846e-05,-0.004501053060871079,False
2.322,-4.1622170295245315e-05,-0.004549201923384135,0.016188790902776043,-2.3898428291693714e-11,0.0,0.0065957051305692,-4.758215786666997e-05,-0.004480748099847797,False
2.323,-4.6163111489529026e-05,-0.004532514354806606,0.017185471347051538,-2.1624192150573666e-11,0.0,0.0072995340746487905,-5.214422956652045e-05,-0.004464102602632337,False
2.324,-5.068686765898278e-05,-0.004514832766646945,0.018176794128661813,-1.9566378192638538e-11,0.0,0.008211477304429088,-5.7315427355670955e-05,-0.004452469967749981,False
2.325,-5.519244749872838e-05,-0.004496162624120031,0.019162544402089043,-1.770439112414216e-11,0.0,0.006461100152422997,-6.092276354593372e-05,-0.004424772617248727,False
2.326,-5.9678865276264715e-05,-0.004476509606502639,0.020142508896668573,-1.6019595552667552e-11,0.0,0.00541058872222228,-6.357725099379979e-05,-0.004387413429285035,False
2.327,-6.414514104473458e-05,-0.004455879605535755,0.021116475962179793,-1.4495129477856047e-11,0.0,0.004163150919391149,-6.514643895704526e-05,-0.004339441149777479,False
2.328,-6.859030085457113e-05,-0.00443427872378152,0.02208423561400409,-1.3115735530840191e-11,0.0,0.0064707944313981865,-6.853969326303846e-05,-0.004309180132581185,False
2.329,-7.301337696347877e-05,-0.004411713272935234,0.02304557957784047,-1.1867608273367934e-11,0.0,0.010055280862635426,-7.473920063018752e-05,-0.004305463076649868,False
2.33,-7.741340804470375e-05,-0.004388189772092867,0.024000301333969444,-1.0738256028336433e-11,0.0,0.004528128462390228,-7.628758641183421e-05,-0.004255689985817249,False
2.331,-8.178943939355023e-05,-0.00436371494597454,0.024948196161055914,-9.716375858889015e-12,0.0,0.007925842656898505,-8.054327639765146e-05,-0.0042321417440300884,False
2.332,-8.6140523132098e-05,-0.0043382957231044355,0.025889061179481945,-8.791740444824065e-12,0.0,0.005764785962731179,-8.292851630762181e-05,-0.004189920515607563,False
2.333,-9.04657184120785e-05,-0.004311939233947612,0.02682269539420038,-7.955095724136925e-12,0.0,0.009592532786215606,-8.834554846587998e-05,-0.004176770625118087,False
2.334,-9.476409161586639e-05,-0.0042846528090042125,0.027748899737100402,-7.198068275256957e-12,0.0,0.014225196977866082,-9.736020658860086e-05,-0.0041971251951575415,False
2.335,-9.903471655554405e-05,-0.0042564439768615495,0.028667477108876217,-6.513081513030057e-12,0.0,0.0042132109700003416,-9.801251730876224e-05,-0.004134853855184883,False
2.336,-0.00010327667466999758,-0.00422732046220458,0.029578232420390326,-5.893279859707858e-12,0.0,0.011828992212955889,-0.00010481296597851869,-0.004132218086029097,False
2.337,-0.0001074890552200024,-0.004197290183785267,0.030480972633522684,-5.33246013202138e-12,0.0,0.010029040667947742,-0.00010996323873859933,-0.004112221478218048,False
2.338,-0.0001116709554812581,-0.004166361252351356,0.031375506801497484,-4.825009457637917e-12,0.0,0.006946201993017714,-0.00011247132670391653,-0.004065893911921644,False
2.339,-0.00011582148093533182,-0.004134541968535091,0.03226164610867918,-4.365849099648178e-12,0.0,0.010102845995598218,-0.00011746432229983648,-0.004043399499901899,False
2.34,-0.00011993974545847067,-0.004101840820702395,0.0331392039098297,-3.950383626860276e-12,0.0,0.005479384055368523,-0.00011857212211754842,-0.003982690553465886,False
2.341,-0.00012402487150824372,-0.004068266482763077,0.034007995768818765,-3.5744549211797814e-12,0.0,0.009993335707632826,-0.00012330354837950682,-0.003957233972295796,False
2.342,-0.00012807599030797493,-0.0040338278119425985,0.0348678394967795,-3.2343005617662427e-12,0.0,0.00427353210778762,-0.0001232694657191869,-0.0038851938353609483,False
2.343,-0.0001320922420289289,-0.003998533846515966,0.0357185551897015,-2.9265161694608203e-12,0.0,0.008375051533592902,-0.0001265574173251961,-0.003845890253434971,False
2.344,-0.0001360727759702118,-0.003962393803504316,0.03655996526545386,-2.648021334615415e-12,0.0,0.008204043632469495,-0.00012961372018032778,-0.003804057186976205,False
2.345,-0.00014001675073635041,-0.003925417076334764,0.03739189450023063,-2.3960287873175477e-12,0.0,0.010022907286863846,-0.00013405617125769812,-0.0037753236888014995,False
2.346,-0.00014392333441251302,-0.0038876132324641003,0.03821417006441138,-2.168016501456241e-12,0.0,0.007176128377357135,-0.00013606763877457075,-0.0037225454471128384,False
2.347,-0.00014779170473733604,-0.003848992010966923,0.03902662155782971,-1.961702453437019e-12,0.0,0.0061540841649520795,-0.00013719453497525262,-0.003661399336932071,False
2.348,-0.00015162104927332132,-0.003809563320088796,0.03982908104444272,-1.7750217829227592e-12,0.0,0.01287163699643006,-0.0001437288088799459,-0.003652649984260801,False
2.349,-0.0001554105655747693,-0.003769337234765045,0.040621383086394326,-1.6061061270174148e-12,0.0,0.008648711914482141,-0.00014665852839709897,-0.0036078838622636295,False
2.35,-0.00015915946135321412,-0.003728323994105793,0.041403364777466055,-1.4532649210621726e-12,0.0,0.01399643194850833,-0.0001538353571052851,-0.0036037753930645514,False
2.351,-0.00016286695464032714,-0.003686533998847857,0.04217486577590828,-1.3149684788961289e-12,0.0,-0.00038701609962540646,-0.00014916227726859653,-0.003484206999380693,False
2.352,-0.0001665322739482559,-0.003643977808774122,0.04293572833664585,-1.1898326832430464e-12,0.0,0.01397091787365249,-0.00015624749036110796,-0.0034800288461854924,False
2.353,-0.0001701546584273666,-0.0036006661401010286,0.04368579734285146,-1.0766051330004358e-12,0.0,0.010174087589452672,-0.0001600575514354512,-0.0034428250940149096,False
2.354,-0.00017373335802135846,-0.0035566098628348037,0.044424920336880946,-9.74152608788375e-13,0.0,0.008663314284277126,-0.00016253633684762636,-0.0033923824148166864,False
2.355,-0.00017726763361971867,-0.003511819998097077,0.04515294755056419,-8.814497313090675e-13,0.0,0.00850868901582734,-0.00016481967063399107,-0.003340063975820245,False
2.356,-0.0001807567572074882,-0.003466307715420533,0.04586973193484603,-7.975686990061869e-13,0.0,0.012989217243282107,-0.00017066625263487562,-0.0033220598772157805,False
2.357,-0.00018420001201230836,-0.0034200843300152503,0.04657512918877138,-7.216700023150575e-13,0.0,0.0061346545115382334,-0.00017079688880436355,-0.0032480037527094726,False
2.358,-0.0001875966926487195,-0.0033731613000063804,0.04726899778780903,-6.529940215687615e-13,0.0,0.013534827381524218,-0.0001769158655439356,-0.0032322956874821823,False
2.359,-0.00019094610525968313,-0.0033255502236438435,0.0479511990115088,-5.908534244691958e-13,0.0,0.007995865649350143,-0.00017837644073042338,-0.0031706129716188454,False
2.36,-0.0001942475676553002,-0.0032772628364846966,0.048621596970486756,-5.34626287034412e-13,0.0,0.006983343773414377,-0.0001789757673278724,-0.0031010094339638254,False
2.361,-0.00019750040944869823,-0.0032283110085488567,0.04928005863273351,-4.837498691743692e-13,0.0,0.009741368066624224,-0.00018179132701220334,-0.0030533448829104305,False
2.362,-0.00020070397218906124,-0.0031787067414488566,0.049926453849240625,-4.3771498259896937e-13,0.0,0.010239085497420313,-0.00018493010357252171,-0.0030086829103583425,False
2.363,-0.0002038576094917766,-0.0031284621654943164,0.050560655378940444,-3.960608946905064e-13,0.0,0.01557914730379589,-0.00019230386363629307,-0.003004513854224484,False
2.364,-0.00020696068716567417,-0.0030775895367718205,0.05118253891295478,-3.583707173367699e-13,0.0,0.011992065838050518,-0.00019656413133732972,-0.002968807903879849,False
2.365,-0.00021001258333733314,-0.0030261012342008933,0.05179198309814795,-3.2426723457469754e-13,0.0,0.01619898940610681,-0.00020411007855133804,-0.0029641191569582887,False
2.366,-0.00021301268857243334,-0.0029740097565667725,0.052388869559980046,-2.9340912728623014e-13,0.0,0.011502426396878644,-0.00020763928798257837,-0.0029191793559667865,False
2.367,-0.00021596040599412784,-0.002921327719530679,0.05297308292465619,-2.654875571618567e-13,0.0,0.007126252013334441,-0.00020752501829346436,-0.0028389269313182585,False
2.368,-0.00021885515139841505,-0.002868067852618292,0.05354451084056803,-2.402230757430086e-13,0.0,0.01100013079327164,-0.0002105507309679586,-0.002789770630340206,False
2.369,-0.00022169635336648848,-0.002814242996187139,0.05410304399902358,-2.1736282760796063e-13,0.0,0.015236427266646816,-0.00021692089427384384,-0.0027726236117559793,False
2.37,-0.0002244834533740439,-0.002759866098373612,0.05464857615426182,-1.9667801970978247e-13,0.0,0.014977978040959322,-0.00022290125600775055,-0.0027504874026367853,False
2.371,-0.00022721590589752346,-0.002704950212020327,0.05518100414274874,-1.7796163153862513e-13,0.0,0.011861578219362148,-0.00022618873314061766,-0.002701369956896314,False
2.372,-0.00022989317851727754,-0.002649508491584552,0.05570022790175145,-1.6102634319087635e-13,0.0,0.008812159789713905,-0.00022691387818498388,-0.0026274317197916824,False
2.373,-0.00023251475201762622,-0.00259355419002842,0.056206150487187245,-1.4570266060860488e-13,0.0,0.009575777174434514,-0.00022823678623191512,-0.0025598970276554498,False
2.374,-0.00023508012048380173,-0.002537100655691657,0.05669867809074491,-1.3183721922605974e-13,0.0,0.01649862439285003,-0.0002351277472640876,-0.002546330242590354,False
2.375,-0.00023758879139575554,-0.0024801613291475532,0.05717772005627518,-1.1929124904554866e-13,0.0,0.011154037893634394,-0.00023749581749841255,-0.0024878937273475903,False
2.376,-0.00024004028571881312,-0.0024227497400429146,0.05764318889544808,-1.0793918578065888e-13,0.0,0.014521427891596966,-0.0002425234080078478,-0.002455134635782093,False
2.3770000000000002,-0.00024243413799116106,-0.002364879503922718,0.05809500030267448,-9.766741416667514e-14,0.0,0.010986426682568705,-0.0002445461670380454,-0.002392728557040997,False
2.378,-0.00024476989640815147,-0.002306564319040219,0.05853307316928975,-8.837313086082303e-14,0.0,0.00686527819421231,-0.00024317463857479092,-0.002297937884150256,False
2.379,-0.00024704712290340953,-0.002247817963153242,0.05895732959699747,-7.996331555186109e-14,0.0,0.01120900245755356,-0.000245359164977573,-0.0022386866732971022,False
2.38,-0.0002492653932267307,-0.0021886542903074013,0.0593676949105711,-7.235379998154067e-14,0.0,0.013479796670822178,-0.00024932048149304436,-0.0021966792179846546,False
2.3810000000000002,-0.00025142429701875506,-0.002129087227606989,0.059764097669812014,-6.546842556038751e-14,0.0,0.01394182403729042,-0.0002535436452056224,-0.002156763858465128,False
2.382,-0.00025352343788240635,-0.002069130771974278,0.060146469680762364,-5.923828114694045e-14,0.0,0.013514741041002833,-0.0002573013079253034,-0.002111867809339781,False
2.383,-0.0002555624334510853,-0.002008798986897988,0.06051474600617116,-5.360101336188585e-14,0.0,0.009791567087841319,-0.0002579377624276967,-0.0020366268521154435,False
2.384,-0.0002575409154536059,-0.0019481059991716537,0.06086886497521255,-4.850020253447976e-14,0.0,0.012761731483139312,-0.0002609611711711541,-0.001985019985691829,False
2.3850000000000002,-0.0002594585297758656,-0.0018870659956226564,0.06120876819245519,-4.388479803551977e-14,0.0,0.011482956401452707,-0.000262863450855739,-0.0019225309659730819,False
2.386,-0.00026131493651924,-0.0018256932198326549,0.06153440054608162,-3.970860734548926e-14,0.0,0.009130074930585326,-0.0002628066525971434,-0.0018414793399793305,False
2.387,-0.00026310981005569394,-0.0017640019688501746,0.06184571021535728,-3.592983374429624e-14,0.0,0.015426163635612777,-0.00026784951154023066,-0.0018103544392098156,False
2.388,-0.0002648428390796019,-0.0017020065898961045,0.0621426486773482,-3.2510657995650297e-14,0.0,0.005719025308139086,-0.0002648894244181505,-0.0017015235235602777,False
2.3890000000000002,-0.0002665137266562703,-0.001639721477062849,0.06242517071288738,-2.9416859839434336e-14,0.0,0.010104579710317863,-0.00026556428260088945,-0.0016295037231166991,False
2.39,-0.00026812219026715623,-0.0015771610680078928,0.06269323441178927,-2.6617475503839476e-14,0.0,0.006021764212474577,-0.00026291409176805013,-0.0015261748840482813,False
2.391,-0.00026966796185177717,-0.001514339840642524,0.06294680117731259,-2.4084487809529512e-14,0.0,0.009741115106508404,-0.00026335062771511625,-0.001454257310180402,False
2.392,-0.00027115078784630773,-0.0014512723098164726,0.06318583572987153,-2.1792545764293227e-14,0.0,0.010738463214574815,-0.00026458236151636786,-0.0013906833348103825,False
2.3930000000000002,-0.0002725704292188586,-0.0013879730239992117,0.06341030610999551,-1.971871084179357e-14,0.0,0.007086306559889336,-0.0002628219760158144,-0.0012987810057718148,False
2.394,-0.0002739266615014362,-0.0013244565619586759,0.06362018368053814,-1.7842227405086174e-14,0.0,0.010345655695903289,-0.00026375062908087494,-0.0012341405488963423,False
2.395,-0.00027521927481857946,-0.0012607375294381453,0.0638154431281358,-1.6144314977228612e-14,0.0,0.01530239517523663,-0.0002686665182771551,-0.001208331141863213,False
2.396,-0.0002764480739126732,-0.0011968305558320452,0.06399606246391694,-1.460798027995481e-14,0.0,0.003622183656104158,-0.00026398542962646987,-0.0010894648105320998,False
2.3970000000000002,-0.00027761287816593694,-0.0011327502908614119,0.06416202302346272,-1.3217847159234523e-14,0.0,0.012469152062279165,-0.0002666005405781725,-0.0010430970462295562,False
2.398,-0.00027871352161908954,-0.0010685114012497705,0.0643133094660203,-1.1960002695555709e-14,0.0,0.014519333897155132,-0.0002708016053368114,-0.0010118988575995563,False
2.399,-0.00027974985298668994,-0.001004128567400174,0.06444990977297023,-1.0821857958749744e-14,0.0,0.013221898790118109,-0.00027383305683748325,-0.0009688607929598296,False
2.4,-0.00028072173566915607,-0.0009396164800741456,0.06457181524554893,-9.792022013747017e-15,0.0,0.005338849499145802,-0.0002703955608940289,-0.0008634450797932217,False
2.4010000000000002,-0.00028162904776146377,-0.0008749898370732721,0.0646790205018285,-8.860187916270127e-15,0.0,0.01636096106835453,-0.0002759802705596674,-0.0008466875094920106,False
2.402,-0.0002824716820585291,-0.0008102633399241865,0.0647715234729551,-8.01702955747127e-15,0.0,0.011943029494732117,-0.00027782943657192954,-0.0007929568496285823,False
2.403,-0.0002832495460572774,-0.0007454516905676836,0.06484932539864827,-7.254108325100275e-15,0.0,0.012689736266343909,-0.000280230817937376,-0.000744714537860916,False
2.404,-0.0002839625619554044,-0.0006805695880527034,0.064912430821963,-6.563788647036892e-15,0.0,0.011217800137523048,-0.00028137229284402773,-0.0006843588400072398,False
2.4050000000000002,-0.0002846106666468333,-0.0006156317252359215,0.06496084758331715,-5.939161571918606e-15,0.0,0.008454920921332695,-0.00028024426909649066,-0.0006026045254326735,False
2.406,-0.000285193811713875,-0.0005506527854876774,0.06499458681378621,-5.373975622033222e-15,0.0,0.011482763723918498,-0.0002815999082102893,-0.0005458831571971835,False
2.407,-0.00028571196341609757,-0.0004856474394049738,0.06501366292766862,-4.86257422642873e-15,0.0,0.009157366297293325,-0.0002810342155057818,-0.0004710208739988666,False
2.408,-0.0002861651026759129,-0.0004206303415322742,0.06501809361432383,-4.3998391080499756e-15,0.0,0.0075425853582795676,-0.00027917703964794956,-0.00038470508672097355,False
2.4090000000000003,-0.00028655322506088794,-0.00035561612709082463,0.06500789982928626,-3.981139058301579e-15,0.0,0.007725645755652624,-0.00027752072334671424,-0.0003016967118303566,False
2.41,-0.0002868763407627897,-0.00029061940871722195,0.06498310578465849,-3.602283586355713e-15,0.0,0.008346279764782137,-0.0002764138848427848,-0.00022526441554706993,False
2.411,-0.0002871344745733745,-0.00022565477321194872,0.06494373893878644,-3.2594809793114196e-15,0.0,0.0096160242674247,-0.00027636654743219956,-0.00016011338839411828,False
2.412,-0.0002873276658569301,-0.00016073677829858983,0.06488982998522029,-2.9493003534574657e-15,0.0,0.012403634028743851,-0.0002785777254634683,-0.00011740375531806214,False
2.4130000000000003,-0.0002874559685195835,-9.587994939444412e-05,0.06482141284096458,-2.668637316834996e-15,0.0,0.015355320094724227,-0.00028311626773351107,-9.703971495847368e-05,False
2.414,-0.0002875194509753846,-3.109877639323984e-05,0.06473852463402122,-2.4146828994393888e-15,0.0,0.010310445939957039,-0.0002834412690041865,-3.5383958987086556e-05,False
2.415,-0.00028751819610917963,3.359228953934106e-05,0.0646412056902291,-2.184895440104321e-15,0.0,0.01132462178098442,-0.0002845782547255127,1.7855785539268383e-05,False
2.416,-0.00028745230123628624,9.817883915662824e-05,0.06452949951940475,-1.9769751487025353e-15,0.0,0.007909242267394586,-0.0002829175286947448,9.764891764220332e-05,False
2.4170000000000003,-0.00028732187805898505,0.0001626465083077211,0.06440345280078769,-1.788841089073259e-15,0.0,0.01536905369655376,-0.0002873442009151802,0.00011767513506162053,False
2.418,-0.0002871270526198415,0.00022698098109934646,0.06426311536779508,-1.6186103523136817e-15,0.0,0.011210704580376285,-0.0002882783365818563,0.0001720419970815534,False
2.419,-0.00028686796525187404,0.0002911679930421274,0.06410854019209015,-1.4645792119937865e-15,0.0,0.009785855866158877,-0.0002880322751128635,0.0002373579691857534,False
2.42,-0.0002865447705255835,0.0003551933341805793,0.06393978336696886,-1.325206072689598e-15,0.0,0.005084165840354465,-0.00028398615058768475,0.0003384156726982834,False
2.4210000000000003,-0.0002861576371928615,0.00041904285220615363,0.06375690409006962,-1.1990960411780299e-15,0.0,0.0104017132852792,-0.0002843603999923084,0.0003949554298282984,False
2.422,-0.0002857067481277943,0.00048270245555265506,0.06355996464541118,-1.084986965876669e-15,0.0,0.010538432067421685,-0.0002848347466058233,0.00044998912815412325,False
2.423,-0.0002851923002643801,0.0005461581164733626,0.06334903038476322,-9.81736804806515e-16,0.0,0.008688915329331647,-0.0002837980657945908,0.00051904072140222,False
2.424,-0.0002846145045311792,0.0006093958740991897,0.06312416970835544,-8.883121956519997e-16,0.0,0.009303706090875746,-0.00028328857088614145,0.000582024979254951,False
2.4250000000000003,-0.0002839735857829151,0.0006724018374772257,0.06288545404493001,-8.037781135236095e-16,0.0,0.007481016048859409,-0.00028131765272245275,0.0006582406769524969,False
2.426,-0.0002832697827290478,0.000735162188589002,0.06263295783114316,-7.272885129145172e-16,0.0,0.00723981619960821,-0.0002792072870174506,0.0007345063227914203,False
2.427,-0.0002825033478593387,0.0007976631853478387,0.062366758490321215,-6.580778601927843e-16,0.0,0.007885689684283353,-0.0002776797037289264,0.0008038485537234713,False
2.428,-0.00028167454736642913,0.0008598911645746256,0.06208693641057717,-5.954534718834681e-16,0.0,0.0005809378700430377,-0.0002702806334775342,0.0009285081227705916,False
2.4290000000000003,-0.00028078366106545417,0.0009218325449514027,0.06179357492229335,-5.387885820595852e-16,0.0,0.007758107752141412,-0.00026890272706492504,0.000992247720015655,False
2.43,-0.0002798309823107141,0.000983473829952109,0.06148676027497642,-4.875160694580507e-16,0.0,0.006187316260372389,-0.00026629197468686837,0.0010668180901275159,False
2.431,-0.0002788168179094271,0.001044801610749876,0.06116658161349078,-4.411227815394621e-16,0.0,0.01104314106420561,-0.00026768705318902644,0.001101471995604341,False
2.432,-0.0002777414880325861,0.0011058025691002436,0.06083313095367652,-3.9914439868500754e-16,0.0,0.002128970828580065,-0.00026182464344567756,0.0012058072762651157,False
2.433,-0.00027660532612294524,0.001166463480199693,0.060486503157358616,-3.6116078712965785e-16,0.0,0.012360797761109259,-0.00026441325497645533,0.0012264405293694119,False
2.434,-0.0002754086788001601,0.0012267712155188829,0.06012679590675361,-3.2679179412223442e-16,0.0,0.008490647358295645,-0.00026379478002432554,0.001278250626230475,False
2.435,-0.0002741519057631078,0.0012867127456099975,0.05975410967828056,-2.9569344322890146e-16,0.0,0.012197947561688828,-0.000266195695215287,0.0013003262043313644,False
2.436,-0.0002728353796894125,0.0013462751428876079,0.05936854771578305,-2.6755449170140175e-16,0.0,0.007230580922440211,-0.0002645064090532669,0.001362008083819423,False
2.437,-0.0002714594861322041,0.001405445584382465,0.058970216003169186,-2.420933154550199e-16,0.0,0.012949941646896872,-0.0002674960587132123,0.0013776547476378252,False
2.438,-0.00027002462341413667,0.001464211354467644,0.05855922323647655,-2.1905509048008527e-16,0.0,0.008850526777238429,-0.000267081617192788,0.0014265173293763968,False
2.439,-0.0002685312025186947,0.00152255984755647,0.05813568079536913,-1.9820924247763385e-16,0.0,0.007482706977945011,-0.00026557137458242154,0.001485275610229111,False
2.44,-0.0002669796469788158,0.0015804785707716582,0.05769970271407383,-1.7934713919432565e-16,0.0,0.011214642289958669,-0.00026712574233916155,0.0015135869059567173,False
2.441,-0.0002653703927628591,0.0016379551465851149,0.05725140565176359,-1.6228000236072946e-16,0.0,0.007594017736375492,-0.0002657043793873436,0.0015705334429537575,False
2.442,-0.00026370388815794834,0.001694977315427847,0.05679090886239477,-1.4683701833495186e-16,0.0,0.012206820954553995,-0.0002680583613112278,0.0015902421749035348,False
2.443,-0.00026198059365072085,0.0017515329382694392,0.05631833416400636,-1.3286362854229669e-16,0.0,0.011874315491990462,-0.00027007639600442414,0.0016134903930372442,False
2.444,-0.00026020098180551176,0.001807609999166566,0.0558338059074888,-1.2021998260110055e-16,0.0,0.00846315864191573,-0.00026927516910706453,0.0016640305918402246,False
2.445,-0.0002583655371400059,0.0018631966077800083,0.05533745094482997,-1.087795386531078e-16,0.0,0.013060775170075443,-0.0002722194154644153,0.0016778307972121053,False
2.446,-0.00025647475599838854,0.0019182810018596598,0.0548293985968467,-9.842779689002092e-17,0.0,0.00745555850669757,-0.00027054158466720317,0.0017365634194957793,False
2.447,-0.0002545291464220272,0.0019728515496970096,0.05430978062040949,-8.906115360093437e-17,0.0,0.005427528259870303,-0.0002672691739761248,0.0018095916296935323,False
2.448,-0.0002525292280177177,0.002026896752544601,0.05377873117516857,-8.058586427157346e-17,0.0,0.008986991327833451,-0.0002669716599993386,0.0018524800600628981,False
2.449,-0.0002504755318235271,0.0020804052470019692,0.05323638678978973,-7.29171053576868e-17,0.0,0.008504135294384197,-0.00026629160104744173,0.0018985016939330583,False
2.45,-0.0002483686001722682,0.002133365807367573,0.052682886327708164,-6.597812534250535e-17,0.0,0.0018580719654759381,-0.00026024938722462026,0.0019953952293110377,False
2.451,-0.0002462089865526387,0.0021857673479562436,0.0521183709524086,-5.969947658176545e-17,0.0,0.006593655783472658,-0.00025821289105507447,0.002051353274295977,False
2.452,-0.00024399725546806082,0.0022375989253816814,0.05154298409224048,-5.4018320248342874e-17,0.0,-0.0026599779606535576,-0.00024874128850642575,0.00217769098511987,False
2.453,-0.00024173398229325582,0.0022888497408035365,0.05095687140477664,-4.8877797420150157e-17,0.0,0.0023874636941284043,-0.00024362510923225855,0.002258633376000868,False
2.454,-0.00023941975312858954,0.0023395091421386243,0.05036018074072417,-4.422646001693335e-17,0.0,-0.00016775811385065162,-0.00023658491738045312,0.0023560171653093567,False
2.455,-0.00023705516465222465,0.002389566626235833,0.049753062107396294,-4.001775589059257e-17,0.0,0.012762346192339923,-0.00024021396522176815,0.002348191621186104,False
2.456,-0.00023464082397011646,0.0024390118410142847,0.04913566763175433,-3.620956291563709e-17,0.0,0.005581310199179899,-0.00023792556151036573,0.0023981428476851905,False
2.457,-0.00023217734846388906,0.00248783458756433,0.04850815152302813,-3.27637674167957e-17,0.0,0.0029590349089384255,-0.00023357871151528527,0.002466808125670127,False
2.458,-0.00022966536563662923,0.002536024822210954,0.047870670034924775,-2.964588271454412e-17,0.0,0.009209729218915776,-0.00023441634254028996,0.0024839037917355196,False
2.459,-0.00022710551295663595,0.0025835726585391886,0.04722338142743397,-2.6824703970824987e-17,0.0,0.003424800250416576,-0.0002305460820232911,0.002546246041645623,False
2.46,-0.00022449843769916362,0.002630468369381136,0.04656644592823981,-2.4271995880540233e-17,0.0,0.0010666274945256727,-0.00022487605337852227,0.002624322562723968,False
2.461,-0.00022184479678619755,0.0026767023887642053,0.04590002569374787,-2.196221008312747e-17,0.0,0.0005199416722508022,-0.00021892405321981986,0.002702965870006953,False
2.462,-0.00021914525662430095,0.002722265313820193,0.04522428476973717,-1.9872229465980375e-17,0.0,-0.0011193675815031308,-0.0002118133573135876,0.002790532516302345,False
2.463,-0.0002164004929405724,0.002767147906654829,0.04453938905164632,-1.7981136800615797e-17,0.0,-0.0007421715070138552,-0.00020520960102776622,0.002870654040263826,False
2.464,-0.0002136111906167537,0.002811341096177429,0.043845506244503236,-1.627000539602057e-17,0.0,0.000286792770734701,-0.00019962616518546896,0.002938593066754221,False
2.465,-0.0002107780435215283,0.002854835979890306,0.04314280582250823,-1.472170967396638e-17,0.0,0.0023952242316224726,-0.00019590819631917832,0.0029865917317274753,False
2.466,-0.00020790175434105048,0.0028976238256375924,0.042431458988279804,-1.3320753770466748e-17,0.0,0.00423831282089738,-0.00019378797441612256,0.003017864411615021,False
2.467,-0.0002049830344077461,0.002939696073313143,0.041711638631773004,-1.2053116447961904e-17,0.0,0.0078064278169117434,-0.0001946170017135699,0.0030199670055930153,False
2.468,-0.00020202260352742614,0.002981044336527201,0.040983519288879944,-1.0906110766060605e-17,0.0,0.0035837324180576814,-0.00019200334775250328,0.003055320760653342,False
2.469,-0.0001990211898047543,0.0030216604042315027,0.04024727709972234,-9.868257106376458e-18,0.0,0.009370038765776571,-0.00019414903325407328,0.0030439510836808613,False
2.47,-0.0001959795294671103,0.0030615362423025315,0.03950308976664591,-8.929168280648683e-18,0.0,-0.0006176767642162816,-0.00018814669080216329,0.0031115021176877085,False
2.471,-0.0001928983666868912,0.0031006639950826175,0.03875113651192649,-8.079445572270742e-18,0.0,0.002829748512707498,-0.0001851058926925534,0.003148488325864027,False
2.472,-0.00018977845340229245,0.003139035986878605,0.037991598035197804,-7.310584670775523e-18,0.0,0.004220244094575739,-0.00018327717840132778,0.003172729924342586,False
2.473,-0.00018662054913661208,0.003176644723417811,0.03722465647061091,-6.6148905578377895e-18,0.0,-0.002797106824664718,-0.00017581822449953734,0.003250403569490731,False
2.474,-0.00018342542081612,0.003213482893261015,0.0364504953437354,-5.985400492944394e-18,0.0,0.005101776900405256,-0.00017496651522255066,0.003262032947282046,False
2.475,-0.00018019384258653598,0.0032495433691722246,0.03566929952821219,-5.4158143279469644e-18,0.0,-0.00017250702538457695,-0.00016986826821188358,0.0033141554211731754,False
2.476,-0.00017692659562815985,0.003284819209444972,0.03488125520216845,-4.9004314530616866e-18,0.0,-0.0022518336940734723,-0.0001632308406155359,0.0033793448865171555,False
2.477,-0.00017362446796969684,0.0033193036591849137,0.03408654980440436,-4.434093743250542e-18,0.0,0.007175264850266672,-0.000164414796428267,0.003367144418271989,False
2.478,-0.00017028825430082247,0.003352990151548506,0.033285371990362245,-4.0121339339722236e-18,0.0,-0.0018936616783335252,-0.00015822193849035374,0.003426245277446382,False
2.479,-0.0001669187557835309,0.0033858723089375442,0.03247791158788809,-3.630328909629884e-18,0.0,0.006862941475584374,-0.00015929495357409624,0.0034134629544413375,False
2.48,-0.00016351677986231069,0.0034179439441493634,0.03166435955279582,-3.2848574372108043e-18,0.0,-0.0041855013296517975,-0.00015139145178887748,0.003487338386659652,False
2.481,-0.00016008314007319273,0.003449199061482512,0.030844907924244557,-2.9722619221020433e-18,0.0,0.00042735293222980614,-0.00014744704054970266,0.003520563433703556,False
2.482,-0.0001566186558517148,0.00347963185779771,0.030019749779939233,-2.689413803321411e-18,0.0,-0.00034870149082309905,-0.0001429860300962106,0.0035574969134779845,False
2.483,-0.00015312415233984772,0.0035092367235339274,0.029189079191164813,-2.4334822418276156e-18,0.0,0.0024176699912775027,-0.0001408914219487694,0.003570272538405839,False
2.484,-0.00014960046019192765,0.0035380082436794135,0.028353091177664574,-2.201905788531658e-18,0.0,0.0018184553007742632,-0.00013837098108445146,0.003586527650669081,False
2.485,-0.0001460484153796402,0.0035659411986975345,0.027511981662372717,-1.992366748453419e-18,0.0,0.005420024148564265,-0.00013883821979749475,0.0035733201309969547,False
2.486,-0.0001424688589961014,0.003593030565407274,0.026665947426011877,-1.8027679844512915e-18,0.0,-0.001857080856183301,-0.00013339982421118251,0.003617124197686537,False
2.487,-0.0001388626370590805,0.0036192715178182673,0.02581518606156569,-1.6312119283687974e-18,0.0,0.004244489157256505,-0.00013305609571714617,0.0036102525020191077,False
2.488,-0.00013523060031341106,0.0036446594279202515,0.02495989592863709,-1.475981589534681e-18,0.0,-0.003230719325986864,-0.0001266693081251729,0.0036614603320558855,False
2.489,-0.00013157360403263504,0.0036691898664268185,0.024100276107702635,-1.3355233705431723e-18,0.0,0.00907061890404701,-0.0001304241203678174,0.003613190116140234,False
2.49,-0.00012789250781992609,0.0036928586034733783,0.02323652635427328,-1.208431518328966e-18,0.0,-0.002695342303809912,-0.00012454542683204128,0.0036588897631375057,False
2.491,-0.00012418817540833798,0.003715661609269238,0.022368847052972176,-1.093434054918056e-18,0.0,-0.0012099033089994476,-0.00012003612055825918,0.0036895975971045374,False
2.492,-0.00012046147446042375,0.003737595054703721,0.02149743917153975,-9.893800470446432e-19,0.0,-0.0024027785198943094,-0.0001146887175303779,0.0037270046800302876,False
2.493,-0.00011671327636727178,0.0037586553119062626,0.02062250421477674,-8.95228087224171e-19,0.0,0.003923787760070381,-0.0001146155860700598,0.00371210135295401,False
2.494,-0.00011294445604700491,0.0037788389547604184,0.01974424417843547,-8.100358709971897e-19,0.0,-0.0002443021679527802,-0.00011116955555961051,0.0037297644713596024,False
2.495,-0.00010915589174278847,0.0037981427593717443,0.01886286150306978,-7.329507660296067e-19,0.0,0.0011851513236325593,-0.00010897863805276533,0.003734392945494531,False
2.496,-0.00010534846482039358,0.00381656370448951,0.017978559027854283,-6.632012786817081e-19,0.0,-0.005574000985874001,-0.00010137681350400355,0.0037904818644917855,False
2.497,-0.00010152305956536189,0.00383409897188222,0.01709153994438309,-6.000893326405036e-19,0.0,0.00191589097662296,-0.00010005511512666172,0.003783878172329174,False
2.498,-9.768056297981775e-05,0.0038507459466669276,0.016202007750458595,-5.429832823373553e-19,0.0,-0.0006725463460017485,-9.667497312226098e-05,0.0037968344028046445,False
2.499,-9.38218645789743e-05,0.0038665022175923386,0.015310166203880702,-4.91311591226823e-19,0.0,-0.006956717321322739,-8.830222706509348e-05,0.003856870615497656,False
2.5,-8.994785618737952e-05,0.0038813655772757063,0.014416219276246828,-4.445571116568173e-19,0.0,-0.00032492631524156084,-8.5536636569126e-05,0.0038604648961819044,False
2.501,-8.605943173494849e-05,0.0038953340223935374,0.013520371106773097,-4.022519090810783e-19,0.0,-0.007061396263674186,-7.739479159455629e-05,0.003915068761707967,False
2.5020000000000002,-8.2157487052828e-05,0.0039084057538261345,0.012622825956147093,-3.6397257881295843e-19,0.0,0.0011118998613591138,-7.610174070836167e-05,0.0039014094815373024,False
2.503,-7.824291966913969e-05,0.003920579176756011,0.01172378816042241,-3.293360084490071e-19,0.0,-0.000807435146812998,-7.32912175734583e-05,0.003902195629087285,False
2.504,-7.431662860464789e-05,0.003931852900720226,0.010823462084965433,-2.9799554355126853e-19,0.0,-0.0037905143951189246,-6.814489610771744e-05,0.003924790291249964,False
2.505,-7.037951416839806e-05,0.003942225739616695,0.009922052078464515,-2.6963751821315214e-19,0.0,0.0005624883069359223,-6.666912035319583e-05,0.003910697956612103,False
2.5060000000000002,-6.643247775337187e-05,0.003951696711664547,0.009019762427011848,-2.439781157856126e-19,0.0,0.0006348612976302295,-6.52937698149516e-05,0.003895464956013452,False
2.507,-6.247642163220505e-05,0.003960265039318602,0.00811679730826823,-2.207605283447321e-19,0.0,-0.003925287552280188,-6.026496860377468e-05,0.003915205477462423,False
2.508,-5.851224875301341e-05,0.003967930149138065,0.0072133607457209176,-1.9975238647170164e-19,0.0,-0.0059672091921194916,-5.372530618008917e-05,0.003948116234498556,False
2.509,-5.4540862535373254e-05,0.003974691671609518,0.006309656563044702,-1.8074343362157565e-19,0.0,-0.0013545631630066067,-5.1105914374980076e-05,0.0039415117359104185,False
2.5100000000000002,-5.056316666650144e-05,0.003980549440924337,0.0054058883385763165,-1.6354342180510034e-19,0.0,-0.002351266995471026,-4.775370870810127e-05,0.003941434412933009,False
2.511,-4.6580064897680855e-05,0.003985503494710644,0.004502259359912226,-1.4798020752289284e-19,0.0,-0.002005824984120147,-4.4776214951903946e-05,0.003937002305016528,False
2.512,-4.25924608409766e-05,0.003989554073719919,0.0035989725786398545,-1.3389802889543982e-19,0.0,-0.010929341844908616,-3.4657583884515075e-05,0.004000583770805983,False
2.513,-3.860125776628813e-05,0.003992701621468417,0.0026962305652122025,-1.2115594674585408e-19,0.0,0.0023776577324061124,-3.560061408406818e-05,0.003954867228364228,False
2.5140000000000002,-3.460735839878258e-05,0.003994946783833533,0.0017942354639757798,-1.0962643403322082e-19,0.0,-0.005538476383302886,-3.0107093536501158e-05,0.0039717332337029345,False
2.515,-3.061166471675413e-05,0.003996290408605278,0.0008931889483617614,-9.919409951910897e-20,0.0,-0.007559538362263825,-2.3132772373714626e-05,0.0040014079361053966,False
2.516,-2.6615077749954307e-05,0.00399673354499303,-6.707823749826491e-06,-8.975453289327258e-20,0.0,-0.002926705854293694,-2.0107385420375593e-05,0.003991230051873181,False
2.517,-2.2618497378437813e-05,0.003996277443087741,-0.0009052542544831043,-8.121325980017236e-20,0.0,-0.002360477592929982,-1.7626222600421643e-05,0.0039752539445637326,False
2.5180000000000002,-1.8622822131968324e-05,0.00399492355327979,-0.0018022503502268122,-7.348479630787155e-20,0.0,-0.005555608541711291,-1.2628225569874235e-05,0.003983086661169492,False
2.519,-1.4628948990028558e-05,0.003992673525632665,-0.0026974967656925733,-6.64917933561129e-20,0.0,-0.009347853316457945,-4.701228637563675e-06,0.004017858741759148,False
2.52,-1.0637773182478645e-05,0.003989529209212704,-0.0035907948477613616,-6.016426262092576e-20,0.0,-0.006449713174994362,6.544443805003674e-07,0.004025747611745558,False
2.521,-6.650187990906636e-06,0.003985492651375091,-0.004481946679108645,-5.443887604795586e-20,0.0,-0.0020707509976566683,2.3126188293579833e-06,0.003996806731610127,False
2.5220000000000002,-2.667084550714798e-06,0.00398056609700635,-0.005370755121598695,-4.925833204401202e-20,0.0,-0.0037371280530762996,5.273093642352939e-06,0.003980330881058305,False
2.523,1.3106483460149269e-06,0.00397475198772355,-0.006257023859438683,-4.45707819834618e-20,0.0,-0.007575244356181627,1.1257454839680287e-05,0.003992434896706885,False
2.524,5.282124446833135e-06,0.003968052961030498,-0.007140557442083202,-4.032931128975924e-20,0.0,-0.00031176274112831967,1.1190857124489607e-05,0.003944901503586326,False
2.525,9.246460234369957e-06,0.003960471849431141,-0.008021161326879953,-3.649146989859422e-20,0.0,0.0004059161116681501,1.0545030313942816e-05,0.003892344208569879,False
2.5260000000000002,1.3202775120874177e-05,0.003952011679500463,-0.008898641921447384,-3.301884740338093e-20,0.0,-0.001758083432075523,1.1669732638710043e-05,0.003857532946775395,False
2.527,1.71501916418021e-05,0.00394267567091314,-0.009772806625775184,-2.987668863099855e-20,0.0,-0.006964844859428707,1.6978561964275918e-05,0.0038630695282632307,False
2.528,2.108783564841409e-05,0.003932467235430238,-0.010643463874038526,-2.7033545800337033e-20,0.0,-0.009199279523122023,2.394619747388917e-05,0.0038832930761274046,False
2.529,2.501483649933692e-05,0.003921389975844245,-0.011510423176117173,-2.4460963782333818e-20,0.0,-0.007200846705919246,2.909820540452328e-05,0.0038842740015165695,False
2.5300000000000002,2.8930327251050466e-05,0.003909447684882727,-0.012373495158810444,-2.213319531147805e-20,0.0,-0.0074511292071710025,3.4306862908986995e-05,0.0038846292912988246,False
2.531,3.28334448472575e-05,0.003896644344070938,-0.013232491606739345,-2.0026943298523404e-20,0.0,-0.00813949946724043,3.992529146398771e-05,0.0038877470405751556,False
2.532,3.6723330307095695e-05,0.003882984122553677,-0.014087225502927046,-1.812112766538848e-20,0.0,-0.008375047943786735,4.557522081017975e-05,0.0038898687593722134,False
2.533,4.059912891215121e-05,0.0038684713758767343,-0.014937511069049126,-1.6396674368650105e-20,0.0,-0.0015526654162893935,4.554083432267619e-05,0.003836063078344781,False
2.5340000000000003,4.445999039223375e-05,0.0038531106447282533,-0.015783163805344974,-1.4836324500105758e-20,0.0,5.590044736020162e-05,4.420493987032488e-05,0.0037703540375151937,False
2.535,4.830506910987296e-05,0.0038369066536403573,-0.01662400053018195,-1.3424461553819341e-20,0.0,-0.0018970747478956414,4.4488261208328335e-05,0.0037212381362650127,False
2.536,5.213352424349686e-05,0.0038198643096513853,-0.017459839419263868,-1.2146955130880898e-20,0.0,-0.009542846889685383,5.0954461813505575e-05,0.0037320285595732867,False
2.537,5.594451996925283e-05,0.0038019887009291043,-0.018290500044475543,-1.0991019517624922e-20,0.0,-0.0038031923330219108,5.2589916201804536e-05,0.003694815355513085,False
2.5380000000000003,5.973722564143259e-05,0.0037832850953552597,-0.01911580341235522,-9.945085721910571e-21,0.0,-0.0085469926503981,5.802015554053728e-05,0.0036941197540620203,False
2.539,6.351081597146244e-05,0.003763758939071844,-0.019935572002186815,-8.998685686759848e-21,0.0,-0.007682415032147441,6.259643860792889e-05,0.003684002609056863,False
2.54,6.726447120542087e-05,0.0037434158549894667,-0.020749629803703894,-8.142347522524926e-21,0.0,-0.00882237667589169,6.796607530802134e-05,0.0036805932229981137,False
2.541,7.099737730004567e-05,0.0037222616412582172,-0.0215578023543976,-7.367500709032945e-21,0.0,-0.006854278645951731,7.15899344255687e-05,0.003659234688428035,False
2.5420000000000003,7.470872609719339e-05,0.0037003022697014213,-0.022359916776420644,-6.666390318939471e-21,0.0,-0.009118258769136692,7.69442753682746e-05,0.003653929955704644,False
2.543,7.839771549671415e-05,0.003677543884212698,-0.023155801813079732,-6.031999403809107e-21,0.0,-0.006266448767204307,7.983771595881281e-05,0.0036238274510257923,False
2.544,8.206354962770536e-05,0.003653992799116735,-0.023945287864908807,-5.457978766137079e-21,0.0,-0.010751688720351843,8.62809294501435e-05,0.0036275256562570066,False
2.545,8.570543901810812e-05,0.003629655497494202,-0.02472820702531563,-4.938583414446567e-21,0.0,-0.0012558824596490578,8.485262979742612e-05,0.0035540790598434183,False
2.5460000000000003,8.932260076261096e-05,0.003604538629471233,-0.025504393115794315,-4.4686150654830446e-21,0.0,-0.008714874558867153,8.950447798848461e-05,0.0035402068806436883,False
2.547,9.291425868882545e-05,0.0035786490104739183,-0.0262736817206966,-4.043370118048268e-21,0.0,-0.010288354597229751,9.52985653306974e-05,0.0035364203583226166,False
2.548,9.647964352169891e-05,0.0035519936194482477,-0.027035910221554625,-3.658592577778548e-21,0.0,-0.0060991287097502955,9.753636202962524e-05,0.003497192334303765,False
2.549,0.00010001799304613016,0.003524579597045958,-0.027790917830948222,-3.3104314617226665e-21,0.0,-0.003101021687892421,9.728312236716009e-05,0.003433955045710031,False
2.5500000000000003,0.00010352855226775407,0.0034964142437767442,-0.02853854562590978,-2.995402256410145e-21,0.0,-0.006560119971147254,9.983794883541649e-05,0.0033984660081699952,False
2.551,0.00010701057357186183,0.0034675050181272996,-0.02927863658085986,-2.7103520436692425e-21,0.0,-0.010610349611939488,0.00010559990948537593,0.0033936205802825256,False
2.552,0.0001104633168804238,0.003437859534647658,-0.030011035600066835,-2.4524279451621634e-21,0.0,-0.005759556904366109,0.00010727080832940666,0.0033482128997572498,False
2.553,0.0001138860498071826,0.0034074855620053164,-0.030735589549624055,-2.2190485698197656e-21,0.0,-0.008948520167669075,0.00011147651025340653,0.0033272960708220513,False
2.5540000000000003,0.00011727804781078438,0.003376391021007626,-0.03145214728893792,-2.0078781784121053e-21,0.0,-0.015601078345306066,0.00012094970902784931,0.0033562918656713787,False
2.555,0.00012063859434591681,0.0033445839825929397,-0.032160559701720694,-1.816803306685155e-21,0.0,-0.007346566652326218,0.0001234706214459477,0.0033160148186510427,False
2.556,0.00012396698101242287,0.0033120726657910205,-0.03286067972648167,-1.6439116131001892e-21,0.0,-0.010069234893615258,0.00012812468067105464,0.0032961200000597764,False
2.557,0.0001272625077023598,0.003278865435653208,-0.03355236238651077,-1.4874727394769044e-21,0.0,-0.004579667036155722,0.00012820184926430874,0.0032314100672766227,False
2.5580000000000003,0.00013052448274497344,0.0032449708011528617,-0.03423546481934832,-1.3459209929871577e-21,0.0,-0.00847785615733744,0.00013143325933158537,0.0031977175360912383,False
2.559,0.0001337522230495581,0.003210397413056591,-0.03490984630573545,-1.2178396761748945e-21,0.0,-0.013595283659142459,0.00013871675696926713,0.003202617362969448,False
2.56,0.00013694505424617363,0.003175154061766797,-0.03557536829803926,-1.1019469081718407e-21,0.0,-0.006495000523291364,0.00014004462258009062,0.0031485837192112838,False
2.561,0.00014010231082419065,0.0031392496751360566,-0.03623189444814698,-9.97082795202917e-22,0.0,-0.013213851642697023,0.00014677522165085487,0.0031467779510974277,False
2.562,0.0001432233362686364,0.003102693316253878,-0.03687929063482401,-9.021978219794847e-22,0.0,-0.01516577589915127,0.00015489558046977904,0.0031568349976401184,False
2.563,0.00014630748319431372,0.0030654941812063674,-0.03751742499053014,-8.163423477975832e-22,0.0,-0.010025058074803892,0.00015862328310812854,0.0031227349118625536,False
2.564,0.0001493541134776664,0.003027661596809357,-0.038146167927688976,-7.386571022145785e-22,0.0,-0.007639244495883542,0.00016031350949444355,0.0030685925721887796,False
2.565,0.00015236259838636462,0.0029892050183155344,-0.03876539216440534,-6.68364585181763e-22,0.0,-0.009934759604922027,0.00016381455141559052,0.0030320754624370114,False
2.566,0.0001553323187065848,0.0029501340270961336,-0.03937497274962578,-6.047612855625415e-22,0.0,-0.010200226389213087,0.00016743132638698114,0.002996288687122013,False
2.567,0.0001582626648679585,0.0029104583282977495,-0.039974787087737294,-5.472106401565176e-22,0.0,-0.00825743200078147,0.00016937248879769946,0.0029439812697754906,False
2.568,0.00016115303706616617,0.002870187748474832,-0.040564714962599634,-4.95136662761028e-22,0.0,-0.007900043656569563,0.00017096925523385338,0.002888508256434871,False
2.569,0.00016400284538315116,0.002829332233198436,-0.04114463856100666,-4.480181795076301e-22,0.0,-0.007110603216574126,0.00017188154615157747,0.002826713767200548,False
2.57,0.00016681150990493116,0.0027879018446417946,-0.0417144424955722,-4.0538361277885507e-22,0.0,-0.01405583404709368,0.00017839165135950336,0.002819201833068169,False
2.571,0.00016957846083698365,0.002745906759143299,-0.04227401382703627,-3.668062615009084e-22,0.0,-0.013142615954019807,0.00018397781181005979,0.0028014284554752048,False
2.572,0.00017230313861718344,0.0027033572647474613,-0.042823242085987465,-3.3190003057590495e-22,0.0,-0.01401502150579198,0.00019011206127762245,0.0027878634181953466,False
2.573,0.00017498499402627017,0.0026602637587244517,-0.04336201929399747,-3.0031556671235785e-22,0.0,-0.010462504674263597,0.00019319593377118262,0.002743751385393817,False
2.574,0.0001776234882958252,0.002616636745068791,-0.04389023998416385,-2.7173676198001584e-22,0.0,-0.00941121882546397,0.00019534116546630212,0.002690414233971796,False
2.575,0.00018021809321373673,0.0025724868319778036,-0.04440780122105747,-2.458775900954496e-22,0.0,-0.003753312003485939,0.0001928443000510514,0.0025925713293178374,False
2.576,0.00018276829122713362,0.0025278247293104203,-0.044914602620070694,-2.224792437748706e-22,0.0,-0.011001490828371423,0.00019628716671225353,0.0025534647877243732,False
2.577,0.00018527357554276849,0.0024826612460269325,-0.045410546366163304,-2.0130754450384675e-22,0.0,-0.008620103704577236,0.0001977042135702684,0.002494547739041433,False
2.578,0.00018773345022483125,0.0024370072876103038,-0.04589553723200248,-1.821505988000197e-22,0.0,-0.012683779197639463,0.00020237152670604173,0.002467205159025928,False
2.579,0.00019014743029017496,0.0023908738534696473,-0.04636948259549383,-1.6481667751191378e-22,0.0,-0.011594224417710734,0.00020602433721859175,0.002429365742565178,False
2.58,0.00019251504180093642,0.0023442720343264762,-0.046832292456700404,-1.4913229692914545e-22,0.0,-0.013836772284675383,0.000211389455017802,0.002407582057288236,False
2.581,0.0001948358219545349,0.002297213009584343,-0.04728387945414687,-1.3494048249914002e-22,0.0,-0.012066635549857256,0.00021516921584714143,0.00236959621946579,False
2.582,0.00019710931917103224,0.002249708044682482,-0.047724158880505976,-1.2209919777304845e-22,0.0,-0.0050438940548705865,0.00021315542758821077,0.002275499556306396,False
2.583,0.00019933509317783887,0.002201768488434078,-0.04815304869766487,-1.1047992285722712e-22,0.0,-0.004341237543354107,0.00021062975761069395,0.0021779817619117328,False
2.584,0.00020151271509175083,0.0021534057703497768,-0.0485704695511686,-9.996636814294538e-23,0.0,-0.010047494119068827,0.00021279611599344257,0.002127211380217836,False
2.585,0.00020364176749830296,0.0021046313979470664,-0.04897634478403876,-9.045331044089489e-23,0.0,-0.009463130790022015,0.00021442791091672315,0.0020713799344350874,False
2.586,0.00020572184452842486,0.0020554569540461526,-0.04937060044996482,-8.184553987214442e-23,0.0,-0.012420191989624397,0.0002184078421778884,0.0020383698834396343,False
2.587,0.00020775255193238612,0.002005894094052957,-0.049753165325866315,-7.405690697567033e-23,0.0,-0.004734684032519478,0.00021605189849877374,0.0019439363282176781,False
2.588,0.0002097335071510184,0.0019559545432298697,-0.050123970923823945,-6.700946049559479e-23,0.0,-0.012863765369172641,0.00022034497454874585,0.0019149865894444338,False
2.589,0.00021166433938420243,0.001905650093954884,-0.050482951502377874,-6.063266721881661e-23,0.0,-0.00914034230127492,0.00022150146701195946,0.0018552465189624696,False
2.59,0.00021354468965660857,0.0018549926029697548,-0.05083004407719156,-5.486270605490759e-23,0.0,-0.012330765414650852,0.00022520852293846333,0.001820423765078816,False
2.591,0.00021537421088068032,0.0018039939886178066,-0.051165188431079776,-4.964182929318838e-23,0.0,-0.0095038579052265,0.00022652152666508704,0.0017621443414004474,False
2.592,0.0002171525679168507,0.001752666228072034,-0.051488327123399465,-4.4917784644230434e-23,0.0,-0.0069576391048164436,0.00022573560413191975,0.00168404402753869,False
2.593,0.00021887943763098216,0.0017010213545541302,-0.05179940549880217,-4.0643292281380737e-23,0.0,-0.012843560262951612,0.00022973788277024721,0.0016530082609936144,False
2.594,0.0002205545089490213,0.0016490714545450821,-0.052098371695347416,-3.6775571648365386e-23,0.0,-0.008025966242865355,0.00022972585066166964,0.001582834836982384,False
2.595,0.00022217748290886017,0.0015968286649879731,-0.0523851766519755,-3.327591329710337e-23,0.0,-0.010365087836034561,0.00023160818512553695,0.0015316507925197621,False
2.596,0.0002237480727093967,0.001544305170483632,-0.05265977411533971,-3.010929147053947e-23,0.0,-0.011113704235766186,0.00023404334120357128,0.0014859251643662933,False
2.597,0.0002252660037567876,0.0014915132004797718,-0.05292212064599686,-2.724401355309507e-23,0.0,-0.010305073898290943,0.00023575472335431294,0.00143320341699577,False
2.598,0.00022673101370788737,0.0014384650264542586,-0.05317217562395605,-2.4651402880319234e-23,0.0,-0.01149912925500686,0.00023838445123901408,0.0013895087287218355,False
2.599,0.00022814285251086772,0.0013851729590931517,-0.05340990125358496,-2.2305511733192273e-23,0.0,-0.01222915647318803,0.00024153076757895135,0.0013506728372522118,False
2.6,0.00022950128244301308,0.00133164934546416,-0.05363526256787418,-2.0182861644632497e-23,0.0,-0.008315752702114081,0.00024141916906627992,0.0012802483528723588,False
2.601,0.0002308060781456871,0.0012779065661861545,-0.053848227432058825,-1.826220841910627e-23,0.0,-0.0013978928857195302,0.0002357092273402878,0.0011568251737673844,False
2.602,0.00023205702665646727,0.001223957032595381,-0.05404876654659821,-1.6524329513578677e-23,0.0,-0.0049859101043052126,0.00023306638292522314,0.001065536313251394,False
2.603,0.00023325392743844426,0.0011698131839090124,-0.05423685344951348,-1.4951831651841933e-23,0.0,-0.009160827209947674,0.00023387893661555906,0.0010090666285253206,False
2.604,0.0002343965924066838,0.0011154874843866867,-0.05441246451808389,-1.352897674676099e-23,0.0,-0.005092087291596321,0.00023137393621883983,0.0009211561792125147,False
2.605,0.00023548484595184912,0.0010609924204906668,-0.05457557896990205,-1.224152438820775e-23,0.0,-0.011029924285173076,0.0002337478929131829,0.0008816783364676563,False
2.606,0.0002365185249609836,0.001006340498045267,-0.05472617886328921,-1.107658932025013e-23,0.0,-0.006924010933276788,0.00023272994528671762,0.0008095050268581888,False
2.607,0.00023749747883545228,0.0009515442393961826,-0.054864249097071036,-1.0022512481179812e-23,0.0,-0.015471717139081707,0.00023866206597825332,0.000805160559961124,False
2.608,0.00023842156950604313,0.0008966161805703637,-0.05498977740971524,-9.068744315703919e-24,0.0,-0.007307926528739169,0.00023781571311954911,0.0007343809753077917,False
2.609,0.00023929067144522876,0.0008415688684370703,-0.05510275437783208,-8.205739191449818e-24,0.0,-0.011441257770826442,0.00024034017288606104,0.0006969755145528379,False
2.61,0.00024010467167658993,0.0007864148578707439,-0.055203173414038846,-7.424859863067935e-24,0.0,-0.011080546974744214,0.0002425010157392854,0.0006559229040255433,False
2.611,0.00024086346978140325,0.000731166708916333,-0.05529103076419023,-6.718291027777218e-24,0.0,-0.005878200557953104,0.00024038819388266848,0.0005737655775953244,False
2.612,0.0002415669779023955,0.0006758369839577041,-0.055366325503975536,-6.078961107188091e-24,0.0,-0.018202606858109115,0.0002483145259249484,0.0005894839188492441,False
2.613,0.00024221512074466836,0.0006204382448897717,-0.05542905953488504,-5.50047147256909e-24,0.0,-0.010430284902338594,0.0002497228469735034,0.000540598859273362,False
2.614,0.00024280783557379727,0.0005649830502949762,-0.05547923757954684,-4.977032405219867e-24,0.0,-0.007892117809646503,0.0002490360600630369,0.0004718037794062471,False
2.615,0.00024334507221110923,0.0005094839526247393,-0.05551686717643669,-4.503405151020446e-24,0.0,-0.009817104113525627,0.0002499274301126882,0.0004190954582647538,False
2.616,0.00024382679302614485,0.0004539534953865219,-0.05554195867396237,-4.074849489219181e-24,0.0,-0.013026086584436193,0.0002533919050361636,0.00039150262371763744,False
2.617,0.0002442529729263105,0.0003984042103371095,-0.05555452522392554,-3.687076290710232e-24,0.0,-0.00955568785061367,0.00025394815699919835,0.00033548561535458316,False
2.618,0.00024462359934372707,0.0003428486146827461,-0.05555458277436272,-3.336204590987849e-24,0.0,-0.010347728797877017,0.0002551299734387976,0.0002859782311953052,False
2.619,0.00024493867221928256,0.00028729920828673647,-0.05554215006176868,-3.01872274814916e-24,0.0,-0.008037715101643157,0.0002544078406706075,0.0002184559529973566,False
2.62,0.00024519820398389636,0.00023176847088513257,-0.055517248602704385,-2.731453297201702e-24,0.0,-0.0035715179904255746,0.00025008981926733165,0.00011728591699279242,False
2.621,0.00024540221953700336,0.00017626885931111875,-0.05547990268479243,-2.4715211489257964e-24,0.0,-0.009560509894378741,0.0002507435570973091,6.599567772361714e-05,False
2.622,0.00024555075622226713,0.00012081280472870648,-0.05543013935710316,-2.2363248150152856e-24,0.0,-0.007267963980096104,0.0002495224554630502,-2.891051416139165e-06,False
2.623,0.00024564386380053184,6.541270987634636e-05,-0.055367988419934185,-2.023510371508176e-24,0.0,-0.011638076590656837,0.00025187451266908266,-3.639559795494542e-05,False
2.624,0.0002456816044200227,1.0080946321062648e-05,-0.055293482413986704,-1.8309478999244433e-24,0.0,-0.009304237855936565,0.00025227016442010993,-8.886031483222758e-05,False
2.625,0.00024566405258380627,-4.517014827628853e-05,-0.05520665660894197,-1.6567101703259955e-24,0.0,-0.00988616260268588,0.000253125797495399,-0.00013641018043833794,False
2.626,0.0002455912951145218,-0.00010032827288403871,-0.055107548991441345,-1.4990533529516886e-24,0.0,-0.00869093633949759,0.00025298938731496066,-0.00019315886960414523,False
2.6270000000000002,0.00024546343111639564,-0.00015538116581041003,-0.054996200252473405,-1.3563995653829538e-24,0.0,-0.005761830368632745,0.00025048509728468465,-0.00027200428182317364,False
2.628,0.0002452805719345512,-0.00021031660740131048,-0.05487265377417207,-1.2273210805662096e-24,0.0,-0.012151806697438643,0.0002532258489385103,-0.0002989994902413123,False
2.629,0.00024504284111162827,-0.00026512242272463423,-0.054736955616029405,-1.110526037640633e-24,0.0,-0.005401824360926988,0.0002504233547264286,-0.0003795881729548033,False
2.63,0.00024475037434172446,-0.00031978648424048383,-0.05458915450052727,-1.0048455125604552e-24,0.0,-0.0038632865826653314,0.00024645450384970014,-0.00046986084816175345,False
2.6310000000000002,0.0002444033194216741,-0.0003742967144567351,-0.05442930179819157,-9.092218191102227e-25,0.0,-0.015144376683528072,0.00025173261643981234,-0.00046936390887672674,False
2.632,0.0002440018361996789,-0.00042864108856936935,-0.054257451512073694,-8.226979232256522e-25,0.0,-0.014948393904844898,0.000256702456382688,-0.00047302290913719345,False
2.633,0.0002435460965213064,-0.0004828076370870028,-0.05407366026166343,-7.444078646750452e-25,0.0,-0.012112938083495426,0.00025923553501434903,-0.0005011794515396988,False
2.634,0.0002430362841728717,-0.0005367844484390458,-0.05387798726623756,-6.735680902382299e-25,0.0,-0.004266830615924519,0.0002553437025369582,-0.0005913436207112983,False
2.6350000000000002,0.0002424725948222197,-0.0005905596715669309,-0.053670494327649025,-6.094696116425721e-25,0.0,-0.008930628872021177,0.0002553385197703409,-0.0006422752812533654,False
2.636,0.00024185523595692473,-0.0006441215184978525,-0.053451245812561284,-5.5147090977004395e-25,0.0,-0.013718596528071074,0.000259210380771239,-0.0006553771699013566,False
2.637,0.0002411844268199254,-0.0006974582669004646,-0.053220308634132525,-4.989915141182682e-25,0.0,-0.010471405236410845,0.0002603432082282572,-0.0006955298064613067,False
2.638,0.00024046039834261303,-0.0007505582626219908,-0.052977752233154936,-4.515061932566279e-25,0.0,-0.010820592213346428,0.0002617266737548624,-0.0007330822784573889,False
2.6390000000000002,0.00023968339307539241,-0.0008034099222062025,-0.052723648558653996,-4.085396981335721e-25,0.0,-0.0010213338547915857,0.0002551363096037461,-0.0008471661435217681,False
2.64,0.0002388536651157345,-0.000856001735391729,-0.05245807204795267,-3.696620056243717e-25,0.0,-0.00862241292463009,0.0002548874368009113,-0.0008975508001929485,False
2.641,0.00023797148003374085,-0.0009083222675901657,-0.05218109960620645,-3.344840147151508e-25,0.0,-0.009892369184743078,0.0002556739217375195,-0.0009373686926913861,False
2.642,0.00023703711479524007,-0.000960360162343456,-0.05189281058541384,-3.0265365224915896e-25,0.0,-0.005404194751904882,0.0002528039682890108,-0.001012063558863091,False
2.6430000000000002,0.00023605085768243773,-0.0010121041437600232,-0.051593286762908454,-2.7385234926028217e-25,0.0,-0.0038754485249821707,0.00024877749835772883,-0.0010963981509691828,False
2.644,0.0002350130082121408,-0.0010635430189291375,-0.05128261231933797,-2.4779185262775553e-25,0.0,-0.007008064559044568,0.0002474016701119993,-0.0011534141245617478,False
2.645,0.00023392387705157896,-0.0011146656803130077,-0.050960873816135746,-2.242113401420453e-25,0.0,-0.010296174547685246,0.0002487272701879226,-0.0011835232982232208,False
2.646,0.00023278378593184496,-0.0011654611081160938,-0.050628160172490985,-2.0287481010851056e-25,0.0,-0.006240880165251553,0.00024673166347429854,-0.001245516673005077,False
2.6470000000000002,0.00023159306755897753,-0.0012159183726311413,-0.05028456264182324,-1.8356871936312029e-25,0.0,-0.00469525305018765,0.00024354109248530032,-0.0013178571554254427,False
2.648,0.00023035206552270986,-0.0012660266365614441,-0.04993017478776755,-1.660998460606934e-25,0.0,-0.007811546663860228,0.0002429642572034175,-0.0013635550719391153,False
2.649,0.00022906113420290803,-0.0013157751573188515,-0.04956509245967603,-1.5029335584572816e-25,0.0,-0.005571743040164612,0.00024059016330709766,-0.0014258890981251901,False
2.65,0.0002277206386737238,-0.001365153289297036,-0.0491894137676423,-1.3599105205140836e-25,0.0,-0.005583189580228009,0.00023829261987752648,-0.0014862606178521081,False
2.6510000000000002,0.0002263309546054865,-0.001414150486119552,-0.04880323905705513,-1.2304979241419011e-25,0.0,-0.0020664447119167683,0.0002332126223197964,-0.001572186871431045,False
2.652,0.00022489246816435998,-0.001462756302862213,-0.04840667088268767,-1.1134005645791658e-25,0.0,-0.004133910129844779,0.0002299506533713364,-0.001638542114441742,False
2.653,0.00022340557590978992,-0.0015109603982493291,-0.04799981398232874,-1.007446492093592e-25,0.0,-0.007921710620372448,0.00022984817381860415,-0.001673059930324422,False
2.654,0.00022187068468976825,-0.0015587525368233515,-0.04758277524996283,-9.115752827153504e-26,0.0,-0.0021502820655931914,0.00022507537704284872,-0.001752058094774764,False
2.6550000000000002,0.00022028821153394153,-0.001606122591087471,-0.04715566370850563,-8.248274251575575e-26,0.0,-0.002891949791091108,0.00022103838238259884,-0.0018220327466798648,False
2.656,0.0002186585835445903,-0.001653060543620736,-0.04671859048210171,-7.463347177048129e-26,0.0,-0.0020739581070100864,0.0002164534550333026,-0.001895587820609965,False
2.657,0.00021698223778550727,-0.0016995564891652485,-0.04627166876799126,-6.753115789586196e-26,0.0,-0.0056816584624907705,0.00021491967975907197,-0.0019379690456768973,False
2.658,0.00021525962116880246,-0.0017456006366850178,-0.04581501380795302,-6.110471854747044e-26,0.0,-0.00745032883923073,0.00021486149356284785,-0.0019653522182233214,False
2.6590000000000003,0.00021349119033966388,-0.0017911833113960457,-0.0453487428593303,-5.528983576030716e-26,0.0,-0.007859648385272176,0.00021513638919893894,-0.001989216754903383,False
2.66,0.00021167741155910257,-0.0018362949567672327,-0.04487297516564723,-5.002831223298859e-26,0.0,-0.003630717006237418,0.00021197925833600336,-0.0020458635696013207,False
2.661,0.00020981876058471157,-0.0018809261364917,-0.04438783192682255,-4.5267488869594207e-26,0.0,-0.010954366239480234,0.0002148416811681654,-0.002043316021400016,False
2.662,0.0002079157225494686,-0.0019250675364281256,-0.04389343626898824,-4.095971774973516e-26,0.0,-0.011512350077757026,0.00021807479148142146,-0.002037878105858781,False
2.6630000000000003,0.00020596879183861237,-0.0019687099665117043,-0.043389913213920224,-3.706188525215202e-26,0.0,-0.005886509704649585,0.00021666093885210958,-0.002077890538592056,False
2.664,0.0002039784719646234,-0.002011844362634349,-0.042877389648088744,-3.353498055910224e-26,0.0,-0.008535579668789877,0.0002174321508431752,-0.0020961393730464053,False
2.665,0.00020194527544034022,-0.002054461788493754,-0.04235599429133592,-3.034370522298417e-26,0.0,-0.006279464270638374,0.00021635469253639564,-0.002132126741011874,False
2.666,0.00019986972365024214,-0.0020965534374109535,-0.04182585766518806,-2.7456119887609256e-26,0.0,-0.002085932998453251,0.00021191219760496196,-0.002199813562106766,False
2.6670000000000003,0.00019775234671993037,-0.0021381106341160127,-0.041287112060810316,-2.4843324628390117e-26,0.0,0.0026828636073591046,0.00020373422956971275,-0.0023016507931054803,False
2.668,0.00019559368338383957,-0.0021791248365014976,-0.040739891506611656,-2.2479169712181678e-26,0.0,-0.009622664306047718,0.00020575201602405103,-0.0023025239272463534,False
2.669,0.00019339428085121219,-0.0022195876373433785,-0.04018433173550768,-2.0339993881962613e-26,0.0,-0.005136723746499497,0.0002040802777128427,-0.0023393017943178634,False
2.67,0.00019115469467036826,-0.002259490765989029,-0.03962057015184931,-1.8404387547022264e-26,0.0,-0.0005233811785899248,0.00019872041654574993,-0.002410741835861224,False
2.6710000000000003,0.0001888754885913039,-0.0022988260900119887,-0.03904874579802539,-1.6652978508580792e-26,0.0,-0.0004143089192084372,0.00019342413665919704,-0.0024795710436507626,False
2.672,0.00018655723442665163,-0.0023375856168331693,-0.03846899932074686,-1.506823807631257e-26,0.0,-0.002510945164730157,0.00018997563494394057,-0.0025286846181773715,False
2.673,0.00018420051191103665,-0.00237576149530819,-0.03788147293702096,-1.3634305635321798e-26,0.0,-0.0085318393640291,0.00019150008202166623,-0.002528681010035202,False
2.674,0.00018180590855886253,-0.002413346017280535,-0.03728631039982326,-1.2336829907777708e-26,0.0,0.0010058032089846018,0.000185258538637259,-0.0026036602397953774,False
2.6750000000000003,0.00017937401952056121,-0.0024503316191002334,-0.036683656963475926,-1.1162825320502387e-26,0.0,-0.00177990217222785,0.00018144951298537543,-0.0026530228215341377,False
2.676,0.00017690544743734161,-0.0024867108831077775,-0.0360736593487402,-1.0100542040989812e-26,0.0,-0.0020813013036457264,0.00017799248330857995,-0.002697596826943558,False
2.677,0.0001744008022944717,-0.002522476539082991,-0.03545646570763165,-9.139348381132882e-27,0.0,-0.0006116214615775398,0.00017344340196912832,-0.0027513935638177897,False
2.678,0.00017186070127312954,-0.0025576214656585785,-0.03483222558796628,-8.269624391715403e-27,0.0,-0.0022580210570030783,0.00017035635904449965,-0.002789517202216244,False
2.6790000000000003,0.0001692857686008584,-0.0025921386916980906,-0.034201089897646,-7.482665582726957e-27,0.0,-0.002987378705605232,0.0001679473761611375,-0.0028200057495778343,False
2.68,0.00016667663540066182,-0.002626021397638047,-0.03356321086869184,-6.770595805901198e-27,0.0,-0.0008346015705985787,0.00016386352466717699,-0.0028657108624662903,False
2.681,0.00016403393953877467,-0.00265926291679397,-0.03291874202103335,-6.126288427576737e-27,0.0,-0.0018122099622874671,0.00016068699559748976,-0.0029012688975476623,False
2.682,0.00016135832547114625,-0.0026918567366300892,-0.03226783812606277,-5.5432950029521125e-27,0.0,0.0009796945241671191,0.0001553398382128102,-0.0029565792742259882,False
2.6830000000000003,0.00015865044408867193,-0.0027237964999924868,-0.031610655169962455,-5.015780737882826e-27,0.0,-0.0017969882480775457,0.00015239254583275286,-0.0029870066115407993,False
2.684,0.00015591095256121002,-0.00275507600630546,-0.030947350316814067,-4.538466092300396e-27,0.0,-0.005396953549760367,0.00015244373161867514,-0.0029876140197269067,False
2.685,0.0001531405141804208,-0.0027856892127308876,-0.03027808187149835,-4.1065739408008414e-27,0.0,-0.005614782094986107,0.00015266984618412654,-0.0029865449357984156,False
2.686,0.00015033979820146482,-0.0028156302352903948,-0.02960300924239399,-3.715781761567988e-27,0.0,-0.002300401657916419,0.0001502058437885573,-0.0030113936193717217,False
2.6870000000000003,0.0001475094796835975,-0.002844893349950119,-0.028922292903884254,-3.362178375122288e-27,0.0,0.0011662723274090733,0.00014500464795049367,-0.003061719276230295,False
2.688,0.000144650239329698,-0.0028734729936678925,-0.02823609435868021,-3.042224799921989e-27,0.0,-0.00028821844972717545,0.00014112857974924662,-0.0030975795411063603,False
2.689,0.00014176276332476966,-0.002901363765402658,-0.027544576099969183,-2.752718833046376e-27,0.0,-0.003475098189479179,0.000139942829059575,-0.003106312302721714,False
2.69,0.0001388477431734499,-0.0029285604270859497,-0.026847901573397306,-2.4907630014726423e-27,0.0,-0.007256728504935903,0.00014185273147888737,-0.003084928573755375,False
2.691,0.00013590587553656788,-0.0029550579045552776,-0.02614623513889486,-2.2537355631920025e-27,0.0,-0.004786660713986129,0.00014170845221753115,-0.003083955138197211,False
2.692,0.0001329378620667876,-0.0029808512884492615,-0.02543974203235332,-2.0392642679344706e-27,0.0,-0.001706443632138812,0.00013907415894184308,-0.003106891857115855,False
2.693,0.00012994440924337538,-0.003005935835064373,-0.024728588327162904,-1.8452026148908176e-27,0.0,0.0013105556934875154,0.00013407160731718557,-0.0031517426017468016,False
2.694,0.00012692622820612955,-0.0030303069671731484,-0.02401294089561943,-1.6696083698110083e-27,0.0,-0.0041120318640438455,0.0001336015875665316,-0.003151406763199489,False
2.695,0.0001238840345885115,-0.003053960274803746,-0.023292967370209465,-1.5107241264710201e-27,0.0,0.0009412067633021645,0.00012905319701743786,-0.00319016657664381,False
2.696,0.00012081854835001632,-0.0030768915159807312,-0.022568836104782577,-1.3669597179606683e-27,0.0,0.006331789878336383,0.0001202688635972381,-0.0032681844552152777,False
2.697,0.0001177304936078223,-0.0030990966174269845,-0.021840716135619543,-1.2368763017586945e-27,0.0,0.0008093018137921171,0.00011620512915214056,-0.0032979887921890353,False
2.698,0.0001146205984677578,-0.003120571675226624,-0.02110877714240557,-1.1191719593132035e-27,0.0,-0.0032739880429229077,0.00011556286884655189,-0.003293663461494324,False
2.699,0.00011148959485462487,-0.0031413129554488627,-0.020373189409117302,-1.012668666003205e-27,0.0,0.000885967083967269,0.00011157042553189878,-0.003321440662603472,False
2.7,0.00010833821834191858,-0.003161316894732708,-0.01963412378483262,-9.163005010722594e-28,0.0,-0.0018742594477820368,0.00010992612962434055,-0.003325442622764087,False
2.701,0.00010516720798098114,-0.003180580100832442,-0.018891751644472096,-8.29102979535279e-28,0.0,-0.004796871018451736,0.00011069492029770072,-0.0033058377068715564,False
2.702,0.00010197730612963032,-0.0031990993531238075,-0.018146244849481106,-7.5020339928862285e-28,0.0,-0.0008237132948401712,0.00010822479162111825,-0.0033177532150315643,False
2.703,9.876925828030123e-05,-0.003216871603070854,-0.01739777570846149,-6.788121068141175e-28,0.0,-0.004869738024276435,0.00010910079997539946,-0.0032968204549075958,False
2.704,9.554381288774104e-05,-0.0032338939746533917,-0.016646516937761646,-6.142145940612361e-28,0.0,0.005279360035376407,0.00010173408901627769,-0.0033555390740657577,False
2.705,9.23017211962959e-05,-0.003250163764755019,-0.01589264162203405,-5.557643474103739e-28,0.0,0.007061853095654278,9.313283702338377e-05,-0.00342381306520317,False
2.706,8.90437370668296e-05,-0.0032656784435116945,-0.01513632317476912,-5.028763771472427e-28,0.0,0.00021123923421424457,9.032240096667714e-05,-0.003433736999353965,False
2.707,8.577061680331334e-05,-0.0032804356546208375,-0.014377735298814247,-4.550213626891885e-28,0.0,0.003426092129313007,8.498849314226686e-05,-0.0034671716870021446,False
2.708,8.24831189791262e-05,-0.0032944332156109395,-0.013617051946886985,-4.117203549668892e-28,0.0,-0.0013614807379542068,8.368232591795501e-05,-0.003460323686426128,False
2.709,7.918200426310569e-05,-0.0033076691180716927,-0.01285444728209124,-3.7253998294108874e-28,0.0,0.004534511913847131,7.76390924596752e-05,-0.003498786357035289,False
2.71,7.586803524538793e-05,-0.003320141527844639,-0.012090095638445328,-3.3708811627957515e-28,0.0,0.003034006552434896,7.29821088252432e-05,-0.0035221385360248094,False
2.711,7.254197626307698e-05,-0.0033318487851743566,-0.011324171481430785,-3.050099407850161e-28,0.0,0.006858119759696286,6.536065654299235e-05,-0.0035726752626007354,False
2.712,6.920459322578257e-05,-0.003342789404820209,-0.010556849368570763,-2.7598440729521483e-28,0.0,0.004872770677964713,5.956276694220737e-05,-0.003603409179679334,False
2.713,6.585665344106588e-05,-0.0033529620761286938,-0.009788303910046783,-2.497210185151868e-28,0.0,0.0027104030405841117,5.5680094971712334e-05,-0.0036140897141835404,False
2.714,6.249892543983266e-05,-0.003362365663066425,-0.00901870972936271,-2.259569216225917e-28,0.0,0.002138003202683367,5.237093988936958e-05,-0.0036182658403526528,False
2.715,5.913217880171298e-05,-0.003370999204213814,-0.0082482414240647,-2.0445427754833952e-28,0.0,0.007311548650083799,4.496646090458275e-05,-0.0036610116182887384,False
2.716,5.5757183980466964e-05,-0.003378861912719495,-0.007477073526525825,-1.8499788060324698e-28,0.0,0.0015764104324411648,4.241566206725355e-05,-0.0036549671761700584,False
2.717,5.237471212945566e-05,-0.0033859531762155783,-0.0067053804648041565,-1.6739300462716671e-28,0.0,-0.005802078150846393,4.591163775834061e-05,-0.0035902997429245196,False
2.718,4.898553492721625e-05,-0.0033922725566937944,-0.005933336523582965,-1.5146345410412695e-28,0.0,0.0030676833995017,4.2126544057090716e-05,-0.003597116598182998,False
2.719,4.559042440318062e-05,-0.0033978197903426293,-0.005161115805201694,-1.3704980073838628e-28,0.0,0.009549674044998038,3.320014479636504e-05,-0.0036524197235107848,False
2.72,4.2190152763576245e-05,-0.0034025947873455365,-0.004388892190786351,-1.2400778784246417e-28,0.0,0.006639664505557405,2.688300344136084e-05,-0.0036800220621851652,False
2.721,3.8785492217548305e-05,-0.003406597631640333,-0.0036168393014878696,-1.1220688656772632e-28,0.0,0.004895059012925749,2.215752641028928e-05,-0.003690598688733824,False
2.722,3.537721480354175e-05,-0.003409828580639892,-0.002845130459837057,-1.0152898952779528e-28,0.0,0.0012043451506580788,2.0554402058047818e-05,-0.0036699852863534173,False
2.723,3.196609221598198e-05,-0.003412288064914252,-0.002073938651224568,-9.186722874013025e-29,0.0,0.00266257188268216,1.781595998945362e-05,-0.0036601518835162623,False
2.724,2.8552895632292655e-05,-0.0034139766878342713,-0.0013034364855144405,-8.312490605533836e-29,0.0,0.003650853693709883,1.43548974037526e-05,-0.0036567567773262795,False
2.725,2.5138395540289014e-05,-0.003414895225176969,-0.0005337961587995753,-7.521452536959406e-29,0.0,0.006825023362349066,8.421743742634861e-06,-0.003676380197459241,False
2.726,2.1723361565984962e-05,-0.0034150446246926907,0.0002348105846924194,-6.805691693422366e-29,0.0,0.003541469828671793,5.315483937238899e-06,-0.003667281029070315,False
2.727,1.8308562301851997e-05,-0.0034144260056342647,0.001002212490534697,-6.15804449982507e-29,0.0,0.006280840023262267,7.914226835984694e-08,-0.003678056507561861,False
2.728,1.4894765135567938e-05,-0.003413040658248301,0.0017682388318696653,-5.572029085372259e-29,0.0,0.0036737694970288993,-2.8978127732769904e-06,-0.003665818865721731,False
2.729,1.1482736079293197e-05,-0.0034108900432288118,0.0025327194470022487,-5.0417804108295034e-29,0.0,0.002224860455064685,-4.617194965989533e-06,-0.003640960710414128,False
2.73,8.073239599512201e-06,-0.003407975791133327,0.0032954847768097446,-4.561991569239247e-29,0.0,0.0027915736557258776,-6.746726813694995e-06,-0.0036199338897451258,False
2.731,4.667038447477374e-06,-0.0034042997017616978,0.004056365901960137,-4.1278606726122557e-29,0.0,0.004009197216079535,-9.801837564788282e-06,-0.0036075573974337174,False
2.732,1.264893490292886e-06,-0.0033998637434977785,0.004815194579930768,-3.7350427930186526e-29,0.0,-0.0009705582013451142,-8.73817560842172e-06,-0.003555045039651742,False
2.733,-2.1324364573247996e-06,-0.003394670052614195,0.005571803281819372,-3.379606477088816e-29,0.0,-0.00011385126690023129,-8.398347743486504e-06,-0.0035103123263307283,False
2.734,-5.524194800572779e-06,-0.0033887209325404073,0.006326025228939486,-3.0579943987066493e-29,0.0,0.01152927912605134,-1.7495786573469753e-05,-0.003556855723217386,False
2.735,-8.909627331337363e-06,-0.00338201885309429,0.007077694429192342,-2.766987756094151e-29,0.0,0.0017670381818458538,-1.8430754712558346e-05,-0.0035223846347616247,False
2.736,-1.2287982394183164e-05,-0.0033745664496774544,0.007826645713207393,-2.503674056961345e-29,0.0,-0.0018381226284991403,-1.642006722799261e-05,-0.0034597751670745105,False
2.737,-1.5658511051519477e-05,-0.0033663665224345483,0.008572714770243704,-2.2654179693045191e-29,0.0,0.0063174015261520606,-2.1070026072666554e-05,-0.0034623299767656394,False
2.738,-1.9020467247908043e-05,-0.0033574220353767793,0.009315738183844478,-2.0498349461177677e-29,0.0,-0.0042154487600729535,-1.705958099362503e-05,-0.003380574054564439,False
2.739,-2.2373107973476562e-05,-0.003347736115469909,0.01005555346723709,-1.854767360045081e-29,0.0,0.007077708810802587,-2.230704939526528e-05,-0.003389607716761477,False
2.74,-2.5715693426402534e-05,-0.003337312051686977,0.010791999098471035,-1.678262909120564e-29,0.0,0.004468072698465977,-2.529273843950147e-05,-0.0033756221118309074,False
2.741,-2.9047487174432304e-05,-0.0033261532940260232,0.011524914555286302,-1.5185550774741694e-29,0.0,0.009410751472316958,-3.219598186212042e-05,-0.0033987721728901805,False
2.742,-3.236775631540044e-05,-0.0033142634524930773,0.012254140349704715,-1.3740454554471238e-29,0.0,0.0025676561314517377,-3.3362618919835016e-05,-0.0033649766201049027,False
2.743,-3.567577163671485e-05,-0.003301646296050699,0.01297951806233689,-1.2432877421708195e-29,0.0,0.00953799189063655,-4.014018995501099e-05,-0.0033852213900181878,False
2.744,-3.897080777377335e-05,-0.0032883057515323577,0.01370089037639754,-1.124973270501602e-29,0.0,0.0024755042605605986,-4.100707061261035e-05,-0.0033469079625983687,False
2.745,-4.2252143367277605e-05,-0.003274245902522945,0.014418101111421876,-1.0179179094401387e-29,0.0,0.010112881331774185,-4.80334947910175e-05,-0.003368025248951907,False
2.746,-4.551906121941086e-05,-0.0032594709882057234,0.015130995256676027,-9.210502129503767e-30,0.0,0.007010936366184299,-5.234909321085449e-05,-0.003361272905781785,False
2.747,-4.877084844884586e-05,-0.0032439854021760195,0.015839419004254344,-8.334006965674895e-30,0.0,0.007723792917811181,-5.711959900472597e-05,-0.003357996744319532,False
2.748,-5.2006796644550074e-05,-0.0032277936912219808,0.016543219781856737,-7.540921344714973e-30,0.0,0.0040142936535066415,-5.8751265149131825e-05,-0.003323515884216708,False
2.749,-5.522620201835526e-05,-0.003210900554072717,0.01724224628523901,-6.823307799164153e-30,0.0,-0.0007192556682560965,-5.6503856283969306e-05,-0.0032517687989739056,False
2.75,-5.842836555625904e-05,-0.0031933108401141583,0.01793634851032952,-6.173984211460317e-30,0.0,0.0041265222548928955,-5.8243845988385476e-05,-0.0032196479012583023,False
2.751,-6.161259316842633e-05,-0.0031750295480729657,0.01862537778500537,-5.586451932892533e-30,0.0,0.009093203128314315,-6.395612818977886e-05,-0.003225670549276993,False
2.7520000000000002,-6.477819583785882e-05,-0.0031560618246688384,0.019309186800521495,-5.054830742940475e-30,0.0,0.008005931919735124,-6.862614230564352e-05,-0.00322032366111147,False
2.753,-6.792448976770119e-05,-0.003136412963235569,0.01998762964258612,-4.573799998051051e-30,0.0,0.0018722807658697557,-6.819728869039837e-05,-0.0031649796453338277,False
2.754,-7.105079652715275e-05,-0.003116088402311201,0.02066056182207617,-4.1385453808493894e-30,0.0,0.007993491264515217,-7.273703456922531e-05,-0.0031581008169323933,False
2.755,-7.415644319595412e-05,-0.0030950937241976577,0.021327840305386165,-3.7447107168324084e-30,0.0,-0.0010035077490347351,-6.986310423808553e-05,-0.0030790233113391144,False
2.7560000000000002,-7.724076250741828e-05,-0.0030734346534902015,0.021989323544404412,-3.388354376310223e-30,0.0,0.0067228615429376975,-7.332679079242133e-05,-0.003062382619087338,False
2.757,-8.030309298997624e-05,-0.0030511170555771122,0.022644871506110324,-3.0659098252513865e-30,0.0,0.0019431066482511286,-7.282206931105807e-05,-0.0030070066833760814,False
2.758,-8.334277910720764e-05,-0.0030281469351099563,0.02329434570178665,-2.7741499302115445e-30,0.0,0.004098369349987948,-7.407680366255679e-05,-0.00296926992367743,False
2.759,-8.635917139632703e-05,-0.00300453043444484,0.02393760921584084,-2.5101546600972514e-30,0.0,0.011060556314685513,-8.093337709291795e-05,-0.002985510043893188,False
2.7600000000000002,-8.93516266050971e-05,-0.0029802738320550406,0.02457452673422941,-2.2712818615133284e-30,0.0,0.010384252170511178,-8.70480199854354e-05,-0.002992896212470997,False
2.761,-9.231950782714044e-05,-0.0029553835409154108,0.025204964572479716,-2.055140815203628e-30,0.0,0.0037715470575730072,-8.763495630776962e-05,-0.0029456971158225865,False
2.762,-9.526218463562164e-05,-0.0029298661068589684,0.02582879070330332,-1.859568308929168e-30,0.0,0.008983039948057225,-9.242509110719091e-05,-0.002939287800494192,False
2.763,-9.817903321527233e-05,-0.0029037282069060764,0.026445874783795384,-1.682606987312964e-30,0.0,0.01188349721423421,-9.9428021492197e-05,-0.002953139343689919,False
2.7640000000000002,-0.0001010694364927319,-0.0028769766475666347,0.027056088182214628,-1.5224857619695267e-30,0.0,0.0023793822709204165,-9.853684863283953e-05,-0.002889390218109351,False
2.765,-0.00010393278426517699,-0.0028496183631157045,0.02765930400433838,-1.377602085857017e-30,0.0,0.004979668904662908,-9.977642693446992e-05,-0.0028470288161980832,False
2.766,-0.00010676847332721358,-0.002821660413842989,0.028255397119387536,-1.2465059144478155e-30,0.0,0.012157194198091078,-0.00010679263685785828,-0.0028603790397770815,False
2.767,-0.00010957590759600564,-0.002793109984276611,0.028844244185516187,-1.127885193195514e-30,0.0,0.0059592440488884495,-0.0001085914237071404,-0.002821857047426863,False
2.7680000000000002,-0.00011235449823461488,-0.0027639743813816157,0.029425723674860772,-1.0205527260520184e-30,0.0,0.00804952144413043,-0.00011203176509530276,-0.002799135513240907,False
2.769,-0.00011510366377352657,-0.0027342610327336513,0.029999715898143958,-9.234342936104683e-31,0.0,0.011200594786999918,-0.00011792608332094188,-0.0027994778077826523,False
2.77,-0.0001178228302303368,-0.002703977484668267,0.03056610302882818,-8.355579019563562e-31,0.0,0.007894675586101475,-0.00012097649843824432,-0.0027711570086874845,False
2.771,-0.00012051143122757707,-0.002673131400406286,0.03112476912681427,-7.560440546257327e-31,0.0,0.01127384285247865,-0.00012667663237115128,-0.0027679312836864024,False
2.7720000000000002,-0.0001231689081086524,-0.0026417305581557093,0.031675600161680355,-6.840969503089859e-31,0.0,0.012380454764813635,-0.0001331112660811297,-0.002770518228907837,False
2.773,-0.00012579471005186988,-0.002609782849190612,0.03221848403545664,-6.189965182038569e-31,0.0,0.008175241358915841,-0.0001359585106528514,-0.0027371498421021544,False
2.774,-0.0001283882941825348,-0.0025772962759074997,0.03275331060493158,-5.600912113048267e-31,0.0,-0.0003504603430335108,-0.00013182166189505115,-0.002636386688120825,False
2.775,-0.00013094912568309205,-0.0025442789498595925,0.033279971703485095,-5.067914855016924e-31,0.0,0.009380534859343124,-0.00013568140010801984,-0.0026145300015955174,False
2.7760000000000002,-0.00013347667790129087,-0.002510739089769517,0.033798361162444716,-4.585638992239598e-31,0.0,0.00612298293584884,-0.00013679405916232603,-0.002565645243019872,False
2.777,-0.00013597043245635188,-0.0024766850195208803,0.034308374831960496,-4.149257745783097e-31,0.0,0.01572251691432005,-0.0001456480873757986,-0.002591456459282059,False
2.778,-0.00013842987934311525,-0.0024421251661292122,0.034809910601394746,-3.7544036654600834e-31,0.0,0.005282282453291673,-0.00014579756057024292,-0.0025313282824437518,False
2.779,-0.00014085451703414956,-0.002407068057692761,0.035302868419222797,-3.397124918919644e-31,0.0,0.009832646626909296,-0.00014962730308599255,-0.0025072060423563325,False
2.7800000000000002,-0.0001432438525798018,-0.002371522321323637,0.03578715031244086,-3.0738457403808693e-31,0.0,0.009219236852253537,-0.0001528518223121009,-0.002476673266808955,False
2.781,-0.00014559740170616876,-0.002335496681059792,0.03626266040547766,-2.7813306431670584e-31,0.0,0.017219377359741474,-0.0001624628049670142,-0.002507135237118633,False
2.782,-0.00014791468891097112,-0.0022989999557583413,0.03672930493860601,-2.5166520378675757e-31,0.0,0.004992810024234478,-0.00016190135707259233,-0.00243732790971446,False
2.783,-0.0001501952475573116,-0.0022620410569707218,0.03718699228585119,-2.277160932039033e-31,0.0,0.011983038086019675,-0.00016701592435071293,-0.0024229753575493473,False
2.7840000000000003,-0.00015243861996529958,-0.002224628986800197,0.037635632972392696,-2.0604604181985578e-31,0.0,0.005601221206306951,-0.00016681808131754046,-0.002356573334778842,False
2.785,-0.00015464435750152437,-0.002186772835742214,0.0380751396914563,-1.8643816847680763e-31,0.0,0.005526583866563486,-0.00016656541007903808,-0.0022904266669703578,False
2.786,-0.00015681202066636084,-0.0021484817805081263,0.038505427320693376,-1.6869623098790785e-31,0.0,0.005895274577568546,-0.00016661843455256214,-0.0022280098886206627,False
2.787,-0.0001589411791790902,-0.0021097650818327897,0.03892641293804447,-1.5264266207949635e-31,0.0,0.004272818168955075,-0.00016535622642269607,-0.0021536338528357272,False
2.7880000000000003,-0.00016103141206082097,-0.00207063208226656,0.03933801583708456,-1.3811679223814695e-31,0.0,0.00709428594173016,-0.00016641437866312991,-0.002102669455614393,False
2.789,-0.00016308230771519409,-0.002031092203952203,0.039740157541846975,-1.2497324167617394e-31,0.0,0.006550960911793813,-0.0001670026034878945,-0.002047516720613044,False
2.79,-0.00016509346400685768,-0.0019911549463872413,0.040132761821123845,-1.130804653218532e-31,0.0,0.0051380259585284485,-0.0001664300810882606,-0.001981688372647197,False
2.791,-0.00016706448833769713,-0.0019508298841722643,0.040515754702240246,-1.023194362721305e-31,0.0,0.0011093187127371468,-0.00016261167288959504,-0.001885523699241306,False
2.7920000000000003,-0.0001689949977208067,-0.001910126664745729,0.040889064484300096,-9.258245453136946e-32,0.0,0.008188309081142504,-0.00016463345469526846,-0.0018474173790929938,False
2.793,-0.00017088461885218925,-0.001869055006105779,0.04125262175090125,-8.377206911359597e-32,0.0,0.0065225447996785264,-0.00016524914205182242,-0.0017957654316124048,False
2.794,-0.00017273298818017176,-0.0018276246945196143,0.04160635938231807,-7.580010272027612e-32,0.0,0.00797921848800075,-0.00016702687364387664,-0.0017557174012675725,False
2.795,-0.00017453975197252402,-0.0017858455822209471,0.04195021256714933,-6.858676923227515e-32,0.0,0.007643057876154123,-0.00016848202935126,-0.001712614046760134,False
2.7960000000000003,-0.00017630456638126907,-0.0017437275850960762,0.04228411881342966,-6.205987518356004e-32,0.0,0.012386299532845382,-0.00017373662733146346,-0.0017061790702240548,False
2.797,-0.00017802709750517435,-0.0017012806803591198,0.04260801795920291,-5.615409722472638e-32,0.0,0.0024812812751182816,-0.00017082205188087,-0.0016201184753523933,False
2.798,-0.00017970702144991276,-0.0016585149042169448,0.042921852182555786,-5.081032834496166e-32,0.0,0.010200540380918752,-0.00017424048796596173,-0.0015965371663264416,False
2.799,-0.00018134402438588386,-0.0016154403495243317,0.04322556601111037,-4.597508630921444e-32,0.0,0.00541389929136925,-0.00017368622255103103,-0.0015342666481980836,False
2.8000000000000003,-0.00018293780260368546,-0.0015720671634299192,0.04351910633097411,-4.159997839000998e-32,0.0,0.00734200733458978,-0.00017470888615046722,-0.0014879687744053709,False
2.801,-0.00018448806256722675,-0.0015284055450134715,0.04380242239514623,-3.7641217036768346e-32,0.0,0.005482855902866069,-0.00017419718160601355,-0.0014272082394064293,False
2.802,-0.00018599452096447475,-0.001484465742915008,0.04407546583137933,-3.4059181635280643e-32,0.0,0.008954640147502343,-0.00017651114014147255,-0.0013943957168091386,False
2.803,-0.00018745690475582588,-0.001440258052956349,0.044338190649495346,-3.081802197128511e-32,0.0,0.010812294643612632,-0.00018026369458573255,-0.00137525364224926,False
2.8040000000000003,-0.00018887495122009562,-0.0013957928157556137,0.04459055324815493,-2.788529942947309e-32,0.0,0.009325969488490318,-0.00018270639918329504,-0.0013428908202412734,False
2.805,-0.0001902484079981193,-0.0013510804143352269,0.04483251242107968,-2.5231662336924045e-32,0.0,0.011399869132775882,-0.00018675914830180562,-0.0013258122933947026,False
2.806,-0.00019157703313395788,-0.0013061312717239733,0.045064029362726486,-2.2830552201697517e-32,0.0,0.012109763326913483,-0.0001912718552948018,-0.0013124323656439852,False
2.807,-0.00019286059511370313,-0.0012609558485536547,0.045285067673413684,-2.0657937906519173e-32,0.0,0.00641302114001188,-0.0001910439250961733,-0.00125262295389757,False
2.8080000000000003,-0.0001940988729018769,-0.0012155646406508938,0.045495593363898634,-1.8692075197281984e-32,0.0,0.00767055776795675,-0.00019184070273956658,-0.001203377956391349,False
2.809,-0.00019529165597542,-0.0011699681766246346,0.04569557485940645,-1.6913289059242628e-32,0.0,0.004272783667319572,-0.0001898636655504449,-0.0011278414079973732,False
2.81,-0.00019643874435526675,-0.0011241770154498895,0.04588498300310985,-1.5303776802860944e-32,0.0,0.006898958565510404,-0.0001900691151627889,-0.001074565111100525,False
2.811,-0.0001975399486355015,-0.0010782017440482802,0.04606379105906026,-1.3847429888499307e-32,0.0,0.006605024617511279,-0.00019003073911972305,-0.0010194911114294256,False
2.8120000000000003,-0.00019859509001009438,-0.001032052974865922,0.04623197471457012,-1.252967270674369e-32,0.0,0.0010263067171737278,-0.00018547627017072177,-0.0009216330089906485,False
2.813,-0.0001996040002972139,-0.0009857413434492006,0.046389512082046926,-1.1337316700805593e-32,0.0,0.012099356387655458,-0.00019001690736236565,-0.0009133010499998063,False
2.814,-0.00020056652196111436,-0.0009392775060189874,0.04653638370027922,-1.0258428371012895e-32,0.0,0.0026595590848600345,-0.0001867853019592703,-0.0008293401378024152,False
2.815,-0.00020148250813159705,-0.0008926721370438449,0.04667257253517511,-9.282209840334142e-33,0.0,0.010834190345712456,-0.00019026441513913912,-0.0008115366977814029,False
2.816,-0.0002023518226210443,-0.0008459359268127645,0.04679806397995411,-8.398890785595921e-33,0.0,0.010462129592222619,-0.00019334366620177293,-0.0007893051540572839,False
2.817,-0.00020317433993902634,-0.0007990795790079876,0.046912845854792905,-7.599630652804625e-33,0.0,0.014950169206590905,-0.00019996969121353718,-0.0008007162345076492,False
2.818,-0.00020394994530448108,-0.0007521138082784523,0.04701690840592592,-6.87643017791067e-33,0.0,0.0030317414688165525,-0.000196757385364422,-0.0007159523784958002,False
2.819,-0.00020467853465546814,-0.0007050493378144122,0.04711024430420195,-6.222051327485244e-33,0.0,0.007456413206683108,-0.00019721884667529515,-0.000668162096293355,False
2.82,-0.00020536001465649807,-0.0006578968969237699,0.04719284864309772,-5.629944858048962e-33,0.0,0.00914408582315707,-0.00019903376666681073,-0.0006338072301954983,False
2.821,-0.00020599430270343912,-0.0006106672186106683,0.0472647189361898,-5.09418476904185e-33,0.0,0.00727017443597152,-0.00019927991452319384,-0.0005843480845351981,False
2.822,-0.0002065813269260039,-0.0005633710371568797,0.0473258551140862,-4.6094089934179383e-33,0.0,0.006317983051214568,-0.00019874808135955237,-0.000527905839644312,False
2.823,-0.00020712102618781914,-0.0005160190857065336,0.0473762595208191,-4.170765732276018e-33,0.0,0.012221187730738348,-0.00020301124320826008,-0.0005182956231104999,False
2.824,-0.00020761335008408186,-0.0004686220938547194,0.0474159369097005,-3.77386489642549e-33,0.0,0.006979366543743905,-0.0002029091970798834,-0.00046587847645357123,False
2.825,-0.0002080582589368066,-0.00042119078524050245,0.04744489443864224,-3.414734168898184e-33,0.0,0.005816006146307749,-0.0002018680507224031,-0.0004050409062697749,False
2.826,-0.00020845572378766787,-0.00037373587514488645,0.0474631416649426,-3.089779248665001e-33,0.0,0.007102563267458305,-0.0002018981571937992,-0.00035540949698487697,False
2.827,-0.00020880572638844332,-0.0003262680680942553,0.04747069053954114,-2.7957478776631263e-33,0.0,0.003071412822065264,-0.00019866332101589013,-0.00027494304727320297,False
2.828,-0.0002091082591890634,-0.0002787980554698252,0.047467555400744,-2.5296972911042167e-33,0.0,0.006620290107548424,-0.00019839374520373812,-0.00022459795421368682,False
2.829,-0.00020936332532327345,-0.00023133651312363517,0.047453752967421985,-2.2889647652953004e-33,0.0,0.010095918733024484,-0.00020094608338259938,-0.0002019946345484158,False
2.83,-0.00020957093859191568,-0.0001838940990016022,0.04742930233168343,-2.071140968205086e-33,0.0,0.004901774968305335,-0.00019922030366593084,-0.00013795072034881198,False
2.831,-0.00020973112344383754,-0.0001364814507741652,0.04739422495102469,-1.8740458460591873e-33,0.0,0.0029025945821990057,-0.000195924663142766,-5.991859899190643e-05,False
2.832,-0.00020984391495443495,-8.91091834750385e-05,0.047348544639960424,-1.6957068046292104e-33,0.0,0.009323051152702523,-0.00019792117159839816,-3.4358452175116325e-05,False
2.833,-0.00020990935880183857,-4.178788714859405e-05,0.04729228756113657,-1.534338966846702e-33,0.0,0.004145958974067199,-0.0001956691213701579,3.220027698566721e-05,False
2.834,-0.0002099275112407519,5.47187549361178e-06,0.04722548221592876,-1.3883273091535315e-33,0.0,0.0010608488678820228,-0.00019098282956443036,0.00012090851968249338,False
2.835,-0.00020989843907395078,5.265957140665371e-05,0.04714815943452894,-1.2562104978032928e-33,0.0,0.008842830133556263,-0.0001927305470533382,0.0001457387213612926,False
2.836,-0.00020982221962145397,9.976469953588517e-05,0.04706035236552331,-1.1366662633419988e-33,0.0,0.009629007674899697,-0.00019506531509223121,0.00016504406028158543,False
2.837,-0.0002096989406873756,0.00014677679312991062,0.04696209646496464,-1.0284981668909562e-33,0.0,0.007313348939841343,-0.00019545888830001522,0.0002033172574549514,False
2.838,-0.00020952870052446998,0.0001936854220423789,0.04685342948494218,-9.306236257843302e-34,0.0,0.007471907160171992,-0.00019596969483416215,0.00024012700832809865,False
2.839,-0.00020931160779638053,0.00024048019502209656,0.04673439146165247,-8.420630787179562e-34,0.0,0.006745965140773889,-0.00019587821776661415,0.0002824313080557954,False
2.84,-0.0002090477815376046,0.0002871507619909638,0.04660502470297458,-7.619301819705664e-34,0.0,0.005594700438202112,-0.00019485713502683327,0.00033317952107389103,False
2.841,-0.00020873735111118672,0.00033368681630923947,0.04646537377555315,-6.894229385779161e-34,0.0,0.007995396780334611,-0.00019580887353241663,0.0003641731172504453,False
2.842,-0.00020838045616415303,0.00038007809702764455,0.046315485491392965,-6.238156716776055e-34,0.0,-0.00023628395609458664,-0.0001900683111601663,0.00045935692862575123,False
2.843,-0.00020797724658070047,0.00042631439112581735,0.04615540889396888,-5.644517616911324e-34,0.0,0.008017939398981733,-0.0001911740184543978,0.00048639125710194414,False
2.844,-0.0002075278824331544,0.000472385535736638,0.04598519524385478,-5.10737074654453e-34,0.0,0.003754147669841174,-0.00018879592697580448,0.0005468571653861978,False
2.845,-0.0002070325339307094,0.0005182814203559433,0.0458048980038757,-4.621340159255744e-34,0.0,0.008398240210282019,-0.00019024562962044323,0.0005693268050335457,False
2.846,-0.00020649138136596767,0.0005639919890371563,0.045614572823786996,-4.181561497566857e-34,0.0,0.008757462879853782,-0.0001919451161331058,0.000589472264603849,False
2.847,-0.00020590461505929053,0.0006095072425703613,0.045414277524484827,-3.783633308816975e-34,0.0,0.008669281613404084,-0.00019352503722520732,0.0006109254267418904,False
2.848,-0.00020527243530097896,0.0006548172406453556,0.045204072081752235,-3.4235729939448058e-34,0.0,0.017623833560034816,-0.00020231083257512842,0.0005632392445128548,False
2.849,-0.0002045950522912992,0.0006999121039982179,0.04498401860954499,-3.097776948298658e-34,0.0,0.003905877632115925,-0.00019973998115163565,0.0006272097066956853,False
2.85,-0.00020387268607837018,0.0007447820165409339,0.04475418134282189,-2.8029844955498717e-34,0.0,0.0043636023735091276,-0.00019761261518661693,0.0006856285563775313,False
2.851,-0.00020310556649393005,0.000789417227473626,0.04451462661992382,-2.536245253748172e-34,0.0,0.010323795554134341,-0.00020037160629803616,0.0006959563295972404,False
2.852,-0.00020229393308699936,0.0008338080533789391,0.044265422864506444,-2.294889606907453e-34,0.0,0.008664878574511405,-0.00020170915476287838,0.0007204517659955677,False
2.853,-0.0002014380350554589,0.0008779448802981371,0.04400664056703105,-2.076501986591698e-34,0.0,0.008805291611012005,-0.0002031224917623207,0.000744247567255958,False
2.854,-0.00020053813117556094,0.000921818165788472,0.0437383522658185,-1.8788966960941728e-34,0.0,0.0056364672100196744,-0.00020192992495935588,0.0007931426025392424,False
2.855,-0.00019959448972939236,0.0009654184409613899,0.0434606325276712,-1.7000960352501463e-34,0.0,0.008707295289987245,-0.00020325765606576057,0.0008170031688819941,False
2.856,-0.0001986073884303096,0.0010087363125011457,0.043173557928067936,-1.538310506948914e-34,0.0,0.004880123798930997,-0.00020144883488084508,0.0008710431098975668,False
2.857,-0.00019757711434636484,0.001051762464663401,0.04287720703093699,-1.3919209072452432e-34,0.0,0.013479682777817756,-0.0002066544814856938,0.0008566587930447378,False
2.858,-0.00019650396382174382,0.0010944876612533855,0.04257166036801228,-1.2594621198220562e-34,0.0,-0.004335268864488208,-0.00019728753758570394,0.0009836643589395356,False
2.859,-0.00019538824239623582,0.00113690274758321,0.042257000417778245,-1.1396084526138857e-34,0.0,0.0024713316114359863,-0.00019369747102370908,0.0010516289795317192,False
2.86,-0.00019423026472275694,0.0011789986524079192,0.041933311584008426,-1.0311603698351035e-34,0.0,0.004505483441338966,-0.00019185623374072053,0.0011012224801815356,False
2.861,-0.00019303035448294827,0.0012207663898398838,0.04160068017390354,-9.330324866226002e-35,0.0,0.006276698848905287,-0.00019150135978766796,0.001135565060431075,False
2.862,-0.00019178884430087037,0.0012621970612411305,0.041259194375834134,-8.442427061392645e-35,0.0,0.00382216632400457,-0.00018916906726251507,0.001188451399425813,False
2.863,-0.00019050607565481697,0.0013032818570932218,0.04090894423669399,-7.639023904187434e-35,0.0,0.009355854683584564,-0.0001913835914158726,0.001196525386314545,False
2.864,-0.00018918239878726984,0.0013440120588442952,0.04055002163886927,-6.912074665779933e-35,0.0,0.0019873850037962397,-0.00018756898356505535,0.0012629545877680317,False
2.865,-0.00018781817261301844,0.0013843790407328826,0.04018252027682983,-6.254303793856082e-35,0.0,0.0027088852566136403,-0.00018444669274063162,0.0013211334643519301,False
2.866,-0.00018641376462546743,0.0014243742715881337,0.03980653563334797,-5.659128096445243e-35,0.0,0.012675167531849371,-0.00018948275208146342,0.0012995525836166674,False
2.867,-0.00018496955080115585,0.0014639893166060755,0.039422164955350954,-5.120590855122269e-35,0.0,0.002812888875821381,-0.00018639043835917205,0.0013574673004590563,False
2.868,-0.00018348591550251234,0.001503215839101543,0.03902950722941296,-4.6333022081673796e-35,0.0,0.006163823709336765,-0.00018609906861566253,0.0013871225660640552,False
2.869,-0.0001819632513788705,0.001542045602235424,0.03862866315689273,-4.1923852070184816e-35,0.0,0.010547756988762251,-0.00018936569986037027,0.0013821864276943987,False
2.87,-0.00018040195926576977,0.001580470470716867,0.0382197351287229,-3.7934270061307543e-35,0.0,-0.00367887588900216,-0.00018102021371938637,0.001489645477765834,False
2.871,-0.00017880244808256653,0.0016184824124801072,0.03780282719985731,-3.4324346977352315e-35,0.0,0.004216243970566897,-0.00017930404893427574,0.0015303176598677499,False
2.872,-0.00017716513472838135,0.0016560735003355715,0.03737804506338245,-3.105795349475786e-35,0.0,0.0035684809628152795,-0.00017711201593841795,0.0015747254140062866,False
2.873,-0.00017549044397640806,0.0016932359135949284,0.036945496024299425,-2.8102398449677607e-35,0.0,0.002492858950985862,-0.0001741111563377226,0.0016259202635990442,False
2.874,-0.000173778808366611,0.0017299619396697599,0.03650528897298284,-2.5428101653824036e-35,0.0,0.004525774961782127,-0.00017284142717979696,0.0016592330010862166,False
2.875,-0.00017203066809683685,0.0017662439756435308,0.03605753435832299,-2.3008297846002052e-35,0.0,0.006295809862966017,-0.00017304090888965373,0.0016777691590893118,False
2.876,-0.00017024647091236803,0.0018020745298165475,0.035602344160557985,-2.0818768816378827e-35,0.0,0.008029369408014993,-0.00017463842921101172,0.0016827075387332174,False
2.8770000000000002,-0.0001684266719939447,0.0018374462232235939,0.035139831863802165,-1.8837601022499766e-35,0.0,0.0039950326068511335,-0.00017292400620248194,0.001719781944901751,False
2.878,-0.00016657173384428302,0.0018723517911239484,0.034670112428277756,-1.704496627119024e-35,0.0,0.002910677501761651,-0.0001703801497528259,0.001764030445008984,False
2.879,-0.00016468212617311724,0.0019067840844634865,0.03419330226225615,-1.5422923271333795e-35,0.0,0.0037847276417628246,-0.00016861611930781692,0.0017997199330358564,False
2.88,-0.0001627583257807938,0.0019407360713085816,0.03370951919371573,-1.3955238071400385e-35,0.0,0.0031928973404217777,-0.00016642286680955634,0.0018387412651907767,False
2.8810000000000002,-0.0001608008164404457,0.0019742008382515265,0.03321888244172299,-1.2627221584603048e-35,0.0,0.00873853009004728,-0.0001687821621550728,0.0018330805020111214,False
2.882,-0.0001588100887787759,0.0020071715917871977,0.03272151258754378,-1.142558257558016e-35,0.0,-0.00016176619666053403,-0.00016386787723840228,0.0018979206657283338,False
2.883,-0.00015678664015547844,0.002039641659660702,0.0322175315454916,-1.03382946372446e-35,0.0,0.01074497763650136,-0.00016792423507901546,0.0018747168247974326,False
2.884,-0.00015473097454132663,0.0020716044921857404,0.03170706253351988,-9.35447582645941e-36,0.0,0.00929963377000552,-0.0001706953164897361,0.001865036419411647,False
2.8850000000000002,-0.00015264360239495745,0.0021030536635334406,0.031190230043565265,-8.464279753893332e-36,0.0,-0.0009339476814196985,-0.00016510156445851304,0.0019364824110395741,False
2.886,-0.00015052504053838226,0.0021339828729914105,0.03066715981164889,-7.658797038046889e-36,0.0,-0.0039006235188452122,-0.00015726417314281007,0.002027439830565445,False
2.887,-0.00014837581203125315,0.0021643859461927756,0.030137978787742794,-6.929966137167802e-36,0.0,0.002011583460375546,-0.0001544361062605244,0.0020674780253293738,False
2.888,-0.00014619644604391564,0.002194256836314967,0.02960281510540857,-6.270492666631546e-36,0.0,0.002508445184832473,-0.00015209050420847105,0.0021017980131235116,False
2.8890000000000002,-0.00014398747772927749,0.002223589625248039,0.029061798051215372,-5.673776394288307e-36,0.0,-0.000312880267310741,-0.0001475269026581818,0.0021565263468801585,False
2.89,-0.0001417494480935249,0.002252378524732296,0.02851505803394466,-5.133845183121208e-36,0.0,0.002214850595103064,-0.00014513937958293216,0.0021887052456805913,False
2.891,-0.00013948290386571612,0.002280617877465021,0.027962726553588592,-4.6452952200917414e-36,0.0,0.0011616127363483116,-0.00014196669492782746,0.002227535683653251,False
2.892,-0.00013718839736628422,0.002308302158176103,0.027404936170149795,-4.203236932962595e-36,0.0,0.0016728021909355115,-0.00013929784299945624,0.002260378425949655,False
2.8930000000000002,-0.00013486648637447957,0.0023354259746723657,0.026841820472249353,-3.80324605381526e-36,0.0,0.0010701937557133223,-0.00013621668449802495,0.002296218481488848,False
2.894,-0.00013251773399478397,0.0023619840688504142,0.026273514045550773,-3.441319339489652e-36,0.0,0.010180591451152774,-0.00014059968651723297,0.0022592281774108615,False
2.895,-0.00013014270852232753,0.002387971317677815,0.025700152441006974,-3.11383450578103e-36,0.0,0.0008026386593336316,-0.00013726498986235886,0.0022978107116445193,False
2.896,-0.00012774198330734043,0.002413382734142438,0.02512187214293794,-2.8175139744021854e-36,0.0,-2.7426043773693537e-06,-0.00013337266820279616,0.002340573640184408,False
2.8970000000000002,-0.00012531613661867125,0.0024382134681697953,0.02453881053694634,-2.549392069878308e-36,0.0,-0.001453972228384572,-0.00012841557053843791,0.0023922193331909866,False
2.898,-0.00012286575150640414,0.002462458807508215,0.02395110587767861,-2.306785338070039e-36,0.0,-0.0006716594533053696,-0.00012423240906301225,0.0024347374514849373,False
2.899,-0.00012039141566360672,0.002486114178581706,0.023358897256438953,-2.087265689262502e-36,0.0,-0.0025527241544089033,-0.00011864466940988324,0.0024893414918404667,False
2.9,-0.00011789372128724158,0.0025091751473103638,0.02276232456866381,-1.8886360970273298e-36,0.0,-0.0050578536542736285,-0.00011118684181181073,0.002560055202240938,False
2.9010000000000002,-0.0001153732649382736,0.0025316374198981837,0.02216152848126428,-1.7089086096437208e-36,0.0,-0.00023720967833700023,-0.00010784372509784282,0.0025887582500412763,False
2.902,-0.00011283064740100568,0.002553496843588156,0.02155665039984404,-1.546284454009446e-36,0.0,0.005584480956737671,-0.00010930927212481704,0.002570173572317469,False
2.903,-0.00011026647354167594,0.002574749407384517,0.02094783243580031,-1.3991360329150504e-36,0.0,0.006875756492216639,-0.00011177885266558469,0.002542475261433536,False
2.904,-0.00010768135216634906,0.0025953912427420477,0.020335217373315468,-1.2659906355039295e-36,0.0,0.003731184888418053,-0.00011163223326892282,0.0025407849534686147,False
2.9050000000000002,-0.00010507589587813485,0.0026154186242223123,0.01971894863624687,-1.1455156978870791e-36,0.0,0.0019748517295611777,-0.00011006763696539964,0.0025527087709438885,False
2.906,-0.00010245072093376715,0.0026348279701167384,0.019099170254922502,-1.0365054663958048e-36,0.0,-0.0028322720959240255,-0.00010465497349194781,0.002601132268523236,False
2.907,-9.98064470995763e-05,0.0026536158430364495,0.018476026832849993,-9.37868929993738e-37,0.0,0.00414457541107903,-0.00010504497457604567,0.002592029824155948,False
2.908,-9.71436975068884e-05,0.0026717789504687645,0.017849663513346745,-8.48618901071682e-37,0.0,-0.003575692926878305,-9.917269357439393e-05,0.0026433037572385896,False
2.9090000000000003,-9.446309850688478e-05,0.0026893141453002943,0.017220225946098636,-7.678621353422141e-37,0.0,0.0038557243699512203,-9.948417543256999e-05,0.0026332538847977072,False
2.91,-9.176527952495512e-05,0.002706218426306561,0.016587860253655058,-6.9479039195062754e-37,0.0,-0.003419478775674273,-9.38959771201698e-05,0.002680088242663685,False
2.911,-8.905087291457765e-05,0.002722488938608087,0.01595271299786784,-6.2867234432879815e-37,0.0,3.810576244709122e-05,-9.126581239404928e-05,0.002696714884687174,False
2.912,-8.63205138107602e-05,0.0027381229740928953,0.0153149311462817,-5.688462608330834e-37,0.0,0.002320391289147394,-9.055819122429678e-05,0.002694087219444154,False
2.9130000000000003,-8.357483998307533e-05,0.00275311797180538,0.014674662038483883,-5.147133819116172e-37,0.0,-7.534403061697182e-05,-8.793075744011269e-05,0.002709781068068233,False
2.914,-8.081449168832364e-05,0.0027674715183015103,0.014032053352420554,-4.657319275174644e-37,0.0,-0.0022017129627544554,-8.36560291217658e-05,0.002740541698795612,False
2.915,-7.804011152285862e-05,0.0027811813479703368,0.013387253070687681,-4.2141167479181314e-37,0.0,-0.0038443612938358525,-7.81723673297839e-05,0.002781617924806551,False
2.916,-7.525234427460683e-05,0.002794245343321778,0.012740409446803871,-3.813090517488337e-37,0.0,-0.0034703525034658097,-7.314695408281366e-05,0.002816599646720449,False
2.9170000000000003,-7.245183677481724e-05,0.0028066615352406754,0.012091670971472868,-3.4502269785815473e-37,0.0,-0.005972193692868524,-6.623817911458127e-05,0.0028681631636201994,False
2.918,-6.963923774957329e-05,0.002818428103207108,0.011441186338843327,-3.121894470937737e-37,0.0,0.0003950465924855229,-6.46808595384478e-05,0.0028661658458069275,False
2.919,-6.681519767110158e-05,0.0028295433754829697,0.0107891044127734,-2.8248069324640396e-37,0.0,-0.0041746704339250505,-5.946749879531362e-05,0.0028989789413920134,False
2.92,-6.398036860891083e-05,0.002840005829264814,0.010135574193107715,-2.555991011220841e-37,0.0,0.005018884760055527,-6.184605936391244e-05,0.00285728764158507,False
2.9210000000000003,-6.113540408079483e-05,0.0028498140908029893,0.009480744781974351,-2.3127563071161867e-37,0.0,-0.006483454238069905,-5.4843576517105285e-05,0.0029067570051742072,False
2.922,-5.828095890373311e-05,0.0028589669354870803,0.008824765350109329,-2.092668445477391e-37,0.0,0.0020947150797940924,-5.498543068851857e-05,0.002885436133630037,False
2.923,-5.541768904472302e-05,0.0028674632878976937,0.008167785103216139,-1.8935247130110877e-37,0.0,0.002777218353590569,-5.5675898931022554e-05,0.002859111287052776,False
2.924,-5.2546251471576847e-05,0.002875302221824622,0.007509953248367857,-1.7133320123082338e-37,0.0,-0.004932971968120175,-5.010373016122015e-05,0.002893425194299215,False
2.9250000000000003,-4.966730400371749e-05,0.0028824829602514352,0.006851418960459281,-1.550286914255337e-37,0.0,-0.0012400364969758887,-4.7679708256265826e-05,0.002895846908624226,False
2.926,-4.678150516300639e-05,0.0028890048753065513,0.00619233134871661,-1.402757608709734e-37,0.0,-0.0024756499796397746,-4.432388658127872e-05,0.00290665194120677,False
2.927,-4.3889514024637084e-05,0.0028948674881808505,0.005532839423272068,-1.2692675727952125e-37,0.0,-0.005450791543589131,-3.865414765501646e-05,0.0029388211737987812,False
2.928,-4.099199006812785e-05,0.002900070469011898,0.004873092061810919,-1.1484807933647893e-37,0.0,0.001114734924809401,-3.84613053528981e-05,0.002916718217215978,False
2.9290000000000003,-3.80895930284468e-05,0.002904613636734853,0.0042132379762982505,-1.0391883957320864e-37,0.0,-0.008111164979807677,-3.0803563922000035e-05,0.0029665634344816115,False
2.93,-3.5182982747302654e-05,0.0029084969589001485,0.003553425679792875,-9.40296544847152e-38,0.0,0.0004909469028757753,-3.0328116282814427e-05,0.0029451020005131054,False
2.931,-3.227281902463448e-05,0.0029117205514580307,0.0028938034533557123,-8.508154978276308e-38,0.0,-0.005858910860225262,-2.472455763494093e-05,0.002973058895897822,False
2.932,-2.935976147033336e-05,0.002914284678510058,0.002234519313059918,-7.698496982793329e-38,0.0,-0.008110056681148578,-1.745701415447817e-05,0.0030154371015290444,False
2.9330000000000003,-2.644446935622905e-05,0.0029161897520276624,0.0015757209771100425,-6.96588813266834e-38,0.0,0.00357353637929454,-1.985583268394198e-05,0.0029628047616080773,False
2.934,-2.352760146837452e-05,0.0029174363315378885,0.0009175558330774347,-6.302996232290952e-38,0.0,-0.0032858550178654087,-1.6632505427421025e-05,0.0029653320274651038,False
2.935,-2.06098159596611e-05,0.0029180251237764313,0.00026017090525910124,-5.703186836716526e-38,0.0,-0.0027279448354191444,-1.3952276661932053e-05,0.002961886184016083,False
2.936,-1.769177020279689e-05,0.0029179569823080927,-0.0003962871778328387,-5.160456851911253e-38,0.0,-0.0043877392929877685,-1.0004042673142263e-05,0.0029700625153348745,False
2.9370000000000003,-1.4774120643680944e-05,0.0029172329071148004,-0.0010516722158439885,-4.669374453769354e-38,0.0,-0.004691745690461456,-5.9215429289953525e-06,0.002978550088973578,False
2.938,-1.1857522655205609e-05,0.002915854044151322,-0.0017058384688057216,-4.2250247245917313e-38,0.0,0.0029463331197901394,-8.139420756748634e-06,0.0029254711649106,False
2.939,-8.942630391519218e-06,0.0029138216848688305,-0.0023586406892114214,-3.822960462937673e-38,0.0,0.0011653932914479628,-8.852387206110383e-06,0.002887944899651885,False
2.94,-6.030096642781253e-06,0.0029111372657064675,-0.003009934153933919,-3.459157674538081e-38,0.0,-0.004547434148084693,-4.919376922467827e-06,0.0028956490089476926,False
2.9410000000000003,-3.120572690441858e-06,0.002907802367551076,-0.003659574695977196,-3.129975298808311e-38,0.0,-0.003748998211835897,-1.7443352996967577e-06,0.0028950976686969066,False
2.942,-2.147081630774814e-07,0.0029038187151652632,-0.004307418736055461,-2.832118767890043e-38,0.0,-0.00826024491860501,4.9935567279100405e-06,0.002928081021196927,False
2.943,2.6868491071858003e-06,0.0028991881765839766,-0.004953323313992769,-2.56260703350881e-38,0.0,-0.009372921147021533,1.244144876154946e-05,0.0029660057552431604,False
2.944,5.5834532276298535e-06,0.0028939127624797714,-0.005597146119936374,-2.318742731640901e-38,0.0,-0.006055549518497653,1.6992136058588667e-05,0.0029739879710128756,False
2.945,8.474460387251755e-06,0.00288799462549696,-0.006238745525377083,-2.0980851863876006e-38,0.0,-0.0036910534609136403,1.949928480260732e-05,0.002961216914761507,False
2.946,1.1359228998389732e-05,0.0028814360595548413,-0.006877980613969951,-1.8984259828704515e-38,0.0,-0.003140925709807937,2.148993317646698e-05,0.0029430595082212217,False
2.947,1.423711983763696e-05,0.0028742394991202137,-0.007514711212148636,-1.717766864672878e-38,0.0,0.004011172943257507,1.7632993415791797e-05,0.002868454135465347,False
2.948,1.710749618601259e-05,0.0028664075184493746,-0.008148797919526893,-1.5542997346183324e-38,0.0,-0.0019934521813260203,1.874740427552727e-05,0.002843325725926859,False
2.949,1.9969723968359625e-05,0.0028579428307998335,-0.008780102139080665,-1.406388558726029e-38,0.0,-0.0019209095770479916,1.9771493690429728e-05,0.0028173576890533516,False
2.95,2.2823171891939442e-05,0.002848848287611951,-0.0094084861071043,-1.2725529922329746e-38,0.0,-0.0005277828596493442,1.9638522500538476e-05,0.0027803271277695683,False
2.951,2.5667211584193024e-05,0.002839126877660739,-0.01003381292293454,-1.1514535638060192e-38,0.0,-0.005999133883267201,2.3939563468755767e-05,0.00278635371920404,False
2.952,2.8501217729639162e-05,0.002828781726178057,-0.010655946578435896,-1.0418782696625423e-38,0.0,-0.010256078438151376,3.1565631255593764e-05,0.0028233028164948016,False
2.953,3.132456820588016e-05,0.0028178160939454407,-0.011274751987241196,-9.42730443429228e-39,0.0,-0.009797173376518512,3.860399261800083e-05,0.002852476991262152,False
2.954,3.413664421868579e-05,0.0028062333763578195,-0.011890095013741032,-8.530177803363979e-39,0.0,-0.00692521927475436,4.311741734117843e-05,0.002855475930637396,False
2.955,3.693683043612648e-05,0.002794037102458371,-0.012501842501816013,-7.718424058983516e-39,0.0,-0.003894501097853942,4.50489084269377e-05,0.0028326107768305684,False
2.956,3.97245151217271e-05,0.0027812309339447735,-0.013109862303305759,-6.983918896837275e-39,0.0,-0.006881112735234694,4.9343969917052576e-05,0.0028322816325691605,False
2.957,4.249909026661274e-05,0.0027678186641471258,-0.013714023306208556,-6.319311142386786e-39,0.0,0.0029806244842196265,4.5532096693314546e-05,0.002753073106325573,False
2.958,4.525995172061841e-05,0.002753804216977801,-0.014314195462605843,-5.7179491778431293e-39,0.0,0.0009520971341618425,4.347078453264422e-05,0.002692427183177295,False
2.959,4.800649932233464e-05,0.0027391916458535197,-0.014910249816305572,-5.1738143705404146e-39,0.0,-0.00654628192992888,4.753945212073032e-05,0.002691834815329863,False
2.96,5.073813702806138e-05,0.0027239851325899208,-0.01550205853019869,-4.681460836437132e-39,0.0,-0.014772441661710208,5.815367142233732e-05,0.0027532436039422563,False
2.961,5.3454273039642884e-05,0.002708188986268922,-0.01608949491332303,-4.235960935878238e-39,0.0,-0.005192548432564908,6.071008432337627e-05,0.002734137400710635,False
2.962,5.615431993115642e-05,0.0026918076420791633,-0.016672433447628938,-3.8328559561212516e-39,0.0,-0.007058099414108841,6.470461587219463e-05,0.0027284902138380667,False
2.963,5.883769477442812e-05,0.0026748456601298418,-0.017250749814441087,-3.4681114870405025e-39,0.0,-0.004256515981701025,6.631745346423853e-05,0.0026991162786365996,False
2.964,6.150381926334947e-05,0.002657307724238231,-0.017824320920610977,-3.1380770433945805e-39,0.0,-0.008569869741443853,7.137717724577335e-05,0.0027028342381892685,False
2.965,6.415211983696834e-05,0.0026391986406912107,-0.01839302492435469,-2.83944952954307e-39,0.0,-0.010370366492005097,7.775140015136285e-05,0.0027180062463661434,False
2.966,6.678202780132858e-05,0.002620523336981117,-0.018956741260770606,-2.5692401809551714e-39,0.0,-0.005301004842708878,7.984023078894275e-05,0.002690388095278092,False
2.967,6.939297945003285e-05,0.002601286860516236,-0.019515350667031747,-2.3247446516497187e-39,0.0,-0.0045276369962527485,8.124365501456198e-05,0.002656019308460386,False
2.968,7.198441618350341e-05,0.0025814943773062693,-0.02006873520724767,-2.1035159481916375e-39,0.0,-0.011047474607578543,8.78865268219052e-05,0.002672073539469793,False
2.969,7.455578462691592e-05,0.0025611511706231087,-0.020616778296990747,-1.9033399393591845e-39,0.0,-0.005528225529720016,8.987211151093624e-05,0.0026416930400075538,False
2.97,7.710653674678187e-05,0.0025402626396372496,-0.021159364727481794,-1.7222131963744842e-39,0.0,-0.008944511337520895,9.45676478952586e-05,0.0026372489919446076,False
2.971,7.963612996615537e-05,0.0025188342980301945,-0.021696380689430247,-1.5583229419149452e-39,0.0,-0.007882184999102251,9.82699291282693e-05,0.0026222515408860594,False
2.972,8.214402727844048e-05,0.00249687177258319,-0.022227713796523895,-1.4100289072285195e-39,0.0,-0.00199314626751481,9.709883499711576e-05,0.0025597491627840445,False
2.973,8.462969735977562e-05,0.002474380801742652,-0.02275325310856349,-1.275846915772719e-39,0.0,-0.006589766134030959,9.96828891745505e-05,0.0025342958993618825,False
2.974,8.709261467997181e-05,0.002451367234162633,-0.023272889154237607,-1.1544340290769294e-39,0.0,-0.0038162589529750204,9.994795624488714e-05,0.0024862559950362675,False
2.975,8.953225961198219e-05,0.0024278370272247016,-0.023786513953533043,-1.0445751061628186e-39,0.0,-0.0015422042164673789,9.836417142537e-05,0.0024209207063931835,False
2.976,9.194811853988014e-05,0.0024037962455355903,-0.024294021039776417,-9.451706420050032e-40,0.0,-0.007032638082465977,0.0001012709666339352,0.0023998271805893167,False
2.977,9.433968396532416e-05,0.0023792510594029905,-0.02479530548130242,-8.552257633151973e-40,0.0,-0.006898316723567185,0.00010398662079699549,0.002376476920546213,False
2.978,9.67064546124878e-05,0.0023542077432898685,-0.02529026390274456,-7.738402715159558e-40,0.0,-0.006547842587078639,0.00010634152837528197,0.0023493079101410174,False
2.979,9.904793553143321e-05,0.0023286726742476793,-0.025778794505943992,-7.001996332507433e-40,0.0,-0.005544633491621135,0.00010781738262506842,0.002313462244211293,False
2.98,0.00010136363819990765,0.002302652330328866,-0.02626079709047252,-6.3356682826032836e-40,0.0,-0.016249168820948998,0.00011791905098868915,0.0023605864541242157,False
2.981,0.00010365308062354223,0.0022761532889790286,-0.02673617307376554,-5.732749730363077e-40,0.0,-0.009096062984031362,0.0001219424487210189,0.0023464952519222163,False
2.982,0.00010591578743443282,0.0022491822254091594,-0.02720482551086112,-5.18720646426807e-40,0.0,-0.004519094104350665,0.00012214577535997841,0.0022949402264130733,False
2.983,0.0001081512899880834,0.0022217459109483352,-0.027666659113741263,-4.6935785039477596e-40,0.0,-0.006652702607825352,0.00012407095792696312,0.0022604612346685082,False
2.984,0.00011035912645869245,0.002193851211377271,-0.028121580270271708,-4.2469254548611726e-40,0.0,-0.01116860279017905,0.00012959818000205246,0.0022605517786936503,False
2.985,0.00011253884193276369,0.0021655050852431336,-0.028569497062736527,-3.842777063167777e-40,0.0,-0.0008205185105783826,0.00012658974454497274,0.002177360538759104,False
2.986,0.00011468998850102208,0.002136714582156028,-0.02901031928596401,-3.4770884759245382e-40,0.0,-0.002593715924117497,0.00012510235577172857,0.0021103894925963147,False
2.987,0.0001168121253486177,0.0021074868410675598,-0.029443958465040318,-3.146199758838149e-40,0.0,-0.006314657222674996,0.00012667002765080914,0.0020738597590233246,False
2.988,0.00011890481884359909,0.0020778290885318956,-0.029870327872607638,-2.846799266412469e-40,0.0,-0.003785813537536459,0.00012614562487328536,0.002017276023228766,False
2.989,0.00012096764262363927,0.00204774863694973,-0.030289342545743433,-2.5758904978873222e-40,0.0,-0.007704199580419847,0.00012880886593389659,0.001992075785345609,False
2.99,0.0001230001776809973,0.002017252882795589,-0.030700919302417782,-2.3307621072517267e-40,0.0,-0.007353392978332307,0.00013111257659838721,0.0019631008342820243,False
2.991,0.00012500201244569894,0.0019863493048288827,-0.031104976757525583,-2.1089607671817046e-40,0.0,-0.0008377295808004647,0.0001280751591083928,0.0018825953160681963,False
2.992,0.00012697274286692042,0.001955045462289145,-0.03150143533849081,-1.90826661531583e-40,0.0,-0.011875703318580668,0.00013406145283291663,0.0018903956136648624,False
2.993,0.00012891197249255984,0.0019233489930758818,-0.03189021730043978,-1.7266710371265953e-40,0.0,-0.002842952734755789,0.00013256412642449858,0.0018248364205891618,False
2.994,0.00013081931254698076,0.0018912676119134603,-0.03227124674094087,-1.5623565630311009e-40,0.0,-0.004581640691875534,0.0001325170788674282,0.0017742813526163716,False
2.995,0.00013269438200691345,0.0018588091085014813,-0.03264444961430775,-1.4136786785445972e-40,0.0,-0.009371632798529851,0.00013634990076068316,0.0017615884497050797,False
2.996,0.0001345368076754994,0.001825981345651064,-0.03300975374546396,-1.2791493654267805e-40,0.0,-0.005905915476520668,0.00013726785132740118,0.0017201590419284373,False
2.997,0.00013634622425446537,0.0017927922574074871,-0.033367088843365936,-1.157422209095104e-40,0.0,-0.006702499741767528,0.0001388047946029546,0.0016849326297289418,False
2.998,0.00013812227441441317,0.0017592498471596305,-0.033716386513982406,-1.0472789232550905e-40,0.0,-0.010349996855283119,0.00014325161973994223,0.0016777190077628922,False
2.999,0.00013986460886321282,0.0017253621857366579,-0.034057580272827875,-9.47617156881616e-41,0.0,-0.006868176359420388,0.0001447531336415798,0.0016412772879564454,False
3.0,0.000141572886412486,0.0016911374094923913,-0.03439060555704793,-8.574394615193381e-41,0.0,-0.006326272722614752,0.0001457733061477818,0.001600276409886071,False
3.001,0.00014324677404216782,0.0016565837183778248,-0.034715399737054495,-7.758433084833013e-41,0.0,-0.00513521157829153,0.00014580014490334387,0.001549954517265877,False
3.0020000000000002,0.00014488594696313563,0.001621709374002229,-0.03503190212770886,-7.020120560485068e-41,0.0,-0.0070564314964252275,0.000147381866704808,0.0015151298717848531,False
3.003,0.00014649008867789314,0.0015865226976832989,-0.0353400539990509,-6.352067762250462e-41,0.0,-0.009820815956108404,0.00015115713036589312,0.0015014186539435354,False
3.004,0.0001480588910392996,0.0015510320684868006,-0.0356397985865726,-5.747588593184164e-41,0.0,-0.010324719179547241,0.00015523342155353764,0.0014899035576486426,False
3.005,0.00014959205430733347,0.0015152459212561733,-0.03593108110103429,-5.200633222589692e-41,0.0,-0.0008982864299652716,0.00015156145125037282,0.0014031298392448055,False
3.0060000000000002,0.00015108928720388085,0.001479172744632543,-0.036213848737822005,-4.705727537280088e-41,0.0,-0.009085846366767073,0.000154623148070619,0.0013828644894942287,False
3.007,0.0001525503069655394,0.0014428210790656114,-0.036488050685844785,-4.2579183548132297e-41,0.0,-0.0021117357637278527,0.0001519510230351989,0.001307027029565755,False
3.008,0.0001539748393944287,0.0014061995148158745,-0.03675363813597027,-3.852723850377123e-41,0.0,-0.01248041261209959,0.0001577503159954156,0.0013140531758386316,False
3.009,0.00015536261890699868,0.0013693166899486405,-0.03701056428899766,-3.4860887011807966e-41,0.0,-0.01006822836924778,0.00016143207090181904,0.0012993445193863332,False
3.0100000000000002,0.00015671338858082835,0.0013321812883203043,-0.03725878436316683,-3.1543434994207634e-41,0.0,-0.005503222274726643,0.00016131312336591861,0.001247441924122977,False
3.011,0.00015802690019940674,0.0012948020375573462,-0.03749825560120253,-2.854168027614397e-41,0.0,-0.009191802095156982,0.00016418425112085775,0.0012248807334089718,False
3.012,0.00015930291429488983,0.0012571877070285187,-0.037728937276892985,-2.582558028747398e-41,0.0,-0.006411173850817515,0.00016472249003712293,0.001179502565008561,False
3.013,0.0001605412001888261,0.0012193471058106885,-0.03795079070120191,-2.336795138659833e-41,0.0,-0.0021458642577798486,0.0001617917832407509,0.0011011670720405377,False
3.0140000000000002,0.00016174153603084522,0.001181289080648799,-0.038163779227913364,-2.1144196797439453e-41,0.0,-0.008111382821562482,0.00016377451231616483,0.0010715849605690633,False
3.015,0.0001629037088353038,0.0011430225139104225,-0.03836786825880899,-1.9132060436639318e-41,0.0,0.0017003532107796818,0.0001577563251567758,0.0009649877302596976,False
3.016,0.00016402751451588313,0.00110455632153537,-0.03856302524837676,-1.7311404167196652e-41,0.0,-0.009195938243927577,0.00016073160196927817,0.0009473661872389215,False
3.017,0.00016511275791813448,0.0010658994509808242,-0.038749219708051494,-1.5664006249223168e-41,0.0,-0.015016455411423529,0.0001683355285623946,0.0009737574691936872,False
3.0180000000000002,0.0001661592528499672,0.0010270608791624694,-0.03892642320998633,-1.4173378970646226e-41,0.0,-0.0028596185964599894,0.00016588036669743604,0.0009014656143517836,False
3.019,0.00016716682211007642,0.0009880496103920812,-0.03909460939035531,-1.2824603632644696e-41,0.0,-0.004405183455569281,0.00016474625384007492,0.0008432261625563144,False
3.02,0.00016813529751430657,0.000948874674312051,-0.039253753952187054,-1.1604181238296814e-41,0.0,-0.005477926785738016,0.0001645128999140307,0.0007945462853469136,False
3.021,0.00016906451991994818,0.0009095451238273093,-0.03940383466772931,-1.0499897390081814e-41,0.0,-0.006308439935329606,0.00016495863954021575,0.000752986643880736,False
3.0220000000000002,0.00016995433924796546,0.0008700700330351198,-0.039544831380344904,-9.500700044084138e-42,0.0,-0.000287409695192249,0.00016051641873963656,0.0006648097540243905,False
3.023,0.00017080461450315283,0.0008304584951532116,-0.0396767260059392,-8.596588897423218e-42,0.0,0.0023018499872663268,0.0001541035242917389,0.0005596717436806848,False
3.024,0.00017161521379221894,0.0007907196204467179,-0.03979950253391933,-7.778515301861021e-42,0.0,-0.0077290045162414145,0.0001559945211873102,0.00053695445705936,False
3.025,0.00017238601433979718,0.0007508625341543897,-0.03991314702768595,-7.038291701889128e-42,0.0,-0.008953425181774548,0.00015882336081501764,0.0005230778211356327,False
3.0260000000000002,0.00017311690250238236,0.0007108963744145507,-0.04001764762465786,-6.368509690921278e-42,0.0,-0.00023199609341885852,0.00015451014499711743,0.000440075792689817,False
3.027,0.0001738077737801932,0.0006708302901912615,-0.040112994535830365,-5.762465865470196e-42,0.0,-0.005140820306184243,0.00015429392251232806,0.00039834314070954753,False
3.028,0.0001744585328269616,0.0006306734392011576,-0.040199180044868096,-5.214094735232403e-42,0.0,-0.0064202456493690704,0.000155119799728067,0.00036713857093210306,False
3.029,0.00017506909345764885,0.0005904349858414277,-0.040276198506733134,-4.7179080176225775e-42,0.0,-0.010319680408234562,0.0001590797085683522,0.0003662164223923389,False
3.0300000000000002,0.00017563937865409102,0.0005501240991193951,-0.04034404634584957,-4.2689397091967653e-42,0.0,-0.0026745467957841277,0.00015673700168243463,0.000303838400423226,False
3.031,0.00017616932056857467,0.0005097499505841661,-0.040402722053805545,-3.862696384220781e-42,0.0,-0.003787196097867056,0.00015536161790833086,0.0002519776265444229,False
3.032,0.00017665886052534543,0.00046932171226080744,-0.040452226186593936,-3.495112222955168e-42,0.0,-0.013475728072691104,0.00016187017778355314,0.0002767760032430802,False
3.033,0.00017710794902005235,0.0004288485545875131,-0.04049256136139305,-3.162508319564677e-42,0.0,-0.007751795561553759,0.0001635595213779899,0.00025351639330783304,False
3.0340000000000003,0.00017751654571713098,0.00038833964435621907,-0.04052373225288879,-2.8615558623921432e-42,0.0,-0.010085483723608787,0.0001670906148803212,0.00024783638417788235,False
3.035,0.00017788461944512907,0.0003478041426571258,-0.040545745589139724,-2.5892428180925702e-42,0.0,-0.004655298821594065,0.00016612472605504413,0.00019820399340711523,False
3.036,0.00017821214818997886,0.00030725120282758256,-0.04055861014698662,-2.342843786191033e-42,0.0,-0.004629979763011674,0.000165165709335275,0.00014940644720020364,False
3.037,0.00017849911908622072,0.0002666899684057895,-0.04056233674700834,-2.119892722358686e-42,0.0,0.005095914654722675,0.0001563586530749857,2.5938494684761668e-05,False
3.0380000000000003,0.0001787455284061829,0.00022612957108977024,-0.04055693824802581,-1.9181582574122545e-42,0.0,-0.0010327446481771833,0.0001527636666705749,-4.408222152933343e-05,False
3.039,0.00017895138154712332,0.00018557912870206526,-0.04054242954115585,-1.73562136502126e-42,0.0,-0.011663464690774346,0.0001578784329517929,-2.880565703262512e-05,False
3.04,0.000179116693016339,0.00014504774316059587,-0.040518827543417166,-1.5704551546138844e-42,0.0,-0.007523084726734233,0.00015949571195861191,-4.8464393358655424e-05,False
3.041,0.0001792414864142495,0.00010454449845614521,-0.04048615119089036,-1.4210065872420908e-42,0.0,-0.008540992772046686,0.00016189137418816274,-6.0787459416897414e-05,False
3.0420000000000003,0.00017932579441546154,6.407845863690138e-05,-0.0404444214314342,-1.2857799314122239e-42,0.0,-0.0009400433020942834,0.0001580645282007203,-0.00013331784438390984,False
3.043,0.00017936965874782178,2.3658665800505036e-05,-0.04039366121696066,-1.1634217933014898e-42,0.0,-0.005402713460503569,0.00015795963344240318,-0.00016840920902418756,False
3.044,0.00017937313016946552,-1.6705861905958243e-05,-0.040333895495270805,-1.0527075715376858e-42,0.0,-0.002937945086824382,0.000155861947544703,-0.0002222400053541336,False
3.045,0.00017933626844386966,-5.700613227758304e-05,-0.0402651512014543,-9.525292009770648e-43,0.0,-0.0047134795040012015,0.00015526138992521846,-0.00026061163616835845,False
3.0460000000000003,0.0001792591423129184,-9.723318103445154e-05,-0.04018745724885496,-8.618840628159429e-43,0.0,-0.0007197255457445208,0.00015144404328421593,-0.0003293387067715196,False
3.047,0.00017914182946799062,-0.00013737807379519067,-0.040100844519605106,-7.798649500447205e-43,0.0,0.0018687886101962274,0.00014563891767681205,-0.0004155480047730551,False
3.048,0.0001789844165190786,-0.0001774319080408491,-0.04000534585473141,-7.056509878152074e-43,0.0,-0.004855526429723072,0.0001454430993051802,-0.00044558159332465445,False
3.049,0.00017878699896194786,-0.0002173858150686672,-0.03990099604383527,-6.384994178492366e-43,0.0,-0.009235433430586491,0.00014879931384356496,-0.00044109843323468127,False
3.0500000000000003,0.0001785496811433485,-0.0002572309619353155,-0.03978783181435044,-5.777381646641665e-43,0.0,-0.010218385716760692,0.00015285632577250092,-0.0004306847927187689,False
3.051,0.00017827257622428854,-0.0002969585533891811,-0.03966589182038115,-5.227591092155585e-43,0.0,-0.009639162537181402,0.00015632935503172673,-0.00042691240932925847,False
3.052,0.00017795580614138096,-0.0003365598337912837,-0.03953521663112378,-4.730120026373841e-43,0.0,-0.005766210746097294,0.0001565679650074246,-0.0004550497360079759,False
3.053,0.0001775995015662754,-0.00037602608902440575,-0.03939584871887535,-4.2799895916642914e-43,0.0,-0.00021044260017139427,0.0001523012150680817,-0.0005262296277071311,False
3.0540000000000003,0.00017720380186318692,-0.00041534864839002695,-0.03924783244663201,-3.872694731342298e-43,0.0,-0.00821892973055632,0.00015463999013138005,-0.0005321721782367805,False
3.055,0.00017676885504453412,-0.0004545188864926529,-0.0390912140552812,-3.504159101549229e-43,0.0,-0.007242536208896148,0.00015612188207817993,-0.0005468105236583557,False
3.056,0.00017629481772469925,-0.0004935282251111342,-0.038926041650390625,-3.1706942738330122e-43,0.0,-0.0005547039751226408,0.00015214652831493,-0.000614069841365422,False
3.057,0.00017578185507192385,-0.000532368135056575,-0.038752365188598,-2.8689628201164645e-43,0.0,-0.0015016516546369433,0.00014905059565388902,-0.0006712351647966704,False
3.0580000000000003,0.00017523014075835328,-0.0005710301380164328,-0.038570236463604836,-2.5959449105953467e-43,0.0,-2.9715737164745515e-06,0.00014482889583674761,-0.0007378886063413582,False
3.059,0.00017463985690824424,-0.0006095058083844152,-0.03837970909177833,-2.3489080902666834e-43,0.0,-0.006251488970444748,0.00014578636759072217,-0.0007530739781987447,False
3.06,0.00017401119404434953,-0.0006477867750757848,-0.03818083849736496,-2.1253799316006823e-43,0.0,-0.00796095350221544,0.0001481008863247628,-0.000755263325538392,False
3.061,0.00017334435103249514,-0.0006858647233276855,-0.03797368189731988,-1.9231232896550055e-43,0.0,-0.0025803939361936316,0.00014599308301693035,-0.0008004525420252043,False
3.0620000000000003,0.00017263953502436467,-0.0007237313964841065,-0.03775829828575589,-1.7401139119762558e-43,0.0,-0.011863475607185895,0.00015146168034615572,-0.0007718477720172896,False
3.063,0.00017189696139850635,-0.0007613785977651079,-0.03753474841801627,-1.5745201792010482e-43,0.0,-0.0022142457325836666,0.00014896215558540124,-0.0008213737739400118,False
3.064,0.00017111685369957926,-0.0007987981920199323,-0.03730309479437543,-1.4246847735937929e-43,0.0,-0.0035690935901135723,0.00014763051035837657,-0.0008585624739182418,False
3.065,0.00017029944357585427,-0.0008359821074636328,-0.03706340164337176,-1.289108092053753e-43,0.0,-0.007541500265367922,0.00014955312768859903,-0.0008637612669204246,False
3.0660000000000003,0.00016944497071498708,-0.0008729223373968518,-0.03681573490477681,-1.16643323758318e-43,0.0,-0.007022496593209346,0.00015100101199961796,-0.000873897596250895,False
3.067,0.00016855368277807979,-0.0009096109419083887,-0.03656016221220537,-1.0554324390060895e-43,0.0,-0.00871993005078224,0.00015378230319864275,-0.0008714315519129498,False
3.068,0.00016762583533204878,-0.0009460400495602003,-0.03629675287537067,-9.549947630216653e-44,0.0,-0.004871130444366801,0.0001533683354516098,-0.0009003286873467618,False
3.069,0.0001666616917803165,-0.0009822018590544808,-0.03602557786198949,-8.641149956103867e-44,0.0,-1.865340449333855e-07,0.00014902201544613497,-0.0009666058752388069,False
3.0700000000000003,0.0001656615232918454,-0.0010180886408824737,-0.0357467097793415,-7.818835815142569e-44,0.0,-0.005151384210016602,0.00014896988076548872,-0.0009898968356421897,False
3.071,0.00016462560872853202,-0.0010536927389546717,-0.0354602228554877,-7.074775211020689e-44,0.0,-0.013943971236289354,0.0001560387272509116,-0.0009444767360862803,False
3.072,0.00016355423457098067,-0.0010890065722120674,-0.03516619292015255,-6.401521335124771e-44,0.0,-0.008886092988055424,0.00015881179408028286,-0.0009424390103455974,False
3.073,0.00016244769484267528,-0.0011240226362181195,-0.03486469738527476,-5.792336036376407e-44,0.0,-0.005478041219173421,0.00015874671588300636,-0.0009683255932392007,False
3.074,0.00016130629103256914,-0.0011587335047311058,-0.0345558152252314,-5.241122383551472e-44,0.0,-0.0028026724466973093,0.00015651719150308092,-0.0010147126375950582,False
3.075,0.0001601303320161121,-0.0011931318312565398,-0.03423962695674042,-4.742363645143187e-44,0.0,-0.011868323369008392,0.00016169146005887085,-0.0009889239508126587,False
3.076,0.00015892013397473574,-0.0012272103505793304,-0.033916214618446544,-4.291068076058963e-44,0.0,-0.009061620986397283,0.00016444645591663344,-0.000987837914128379,False
3.077,0.0001576760203138162,-0.0012609618802753718,-0.03358566175019559,-3.8827189585577247e-44,0.0,0.0018434310744296209,0.0001582933733000247,-0.0010730003505900457,False
3.078,0.00015639832157913634,-0.0012943793222022538,-0.0332480533720023,-3.513229397420641e-44,0.0,0.0010579640280084955,0.00015295067524860012,-0.0011480433980702426,False
3.079,0.0001550873753718673,-0.0013274556639687888,-0.03290347596271696,-3.178901416930123e-44,0.0,0.0005106695721836902,0.0001482025430980862,-0.0012153360879136699,False
3.08,0.0001537435262620916,-0.0013601839803830571,-0.03255201743839602,-2.8763889502859056e-44,0.0,-0.007961519010196084,0.00015044904512380528,-0.001213586545220065,False
3.081,0.00015236712570088878,-0.0013925574348786773,-0.03219376713038196,-2.602664351043863e-44,0.0,-0.007880003111219707,0.0001525658763237134,-0.001213608185560248,False
3.082,0.00015095853193100608,-0.0014245692809190128,-0.031828815763097845,-2.354988091412765e-44,0.0,-0.0025094840297688907,0.0001502741179094939,-0.0012564773170968572,False
3.083,0.0001495181098961357,-0.0014562128633790327,-0.031457255431561984,-2.1308813441393585e-44,0.0,0.0018678018140714722,0.00014450294710714268,-0.0013317954983702372,False
3.084,0.00014804623114882177,-0.0014874816199045501,-0.031079179578628078,-1.928101173572052e-44,0.0,-0.004427728549613465,0.0001439929271888135,-0.0013544127918136163,False
3.085,0.00014654327375701948,-0.0015183690822485657,-0.030694682971956534,-1.7446180876070389e-44,0.0,-0.005300734106704709,0.00014420424836702908,-0.0013697311380869873,False
3.086,0.00014500962220932923,-0.001548868877584449,-0.030303861680722403,-1.5785957258491864e-44,0.0,-0.007478797132434669,0.00014617319447195916,-0.001368034099315663,False
3.087,0.0001434456673189295,-0.0015789747297957006,-0.029906813052065585,-1.4283724806999791e-44,0.0,-0.0010134827852801712,0.0001428512681389726,-0.0014176500922798286,False
3.088,0.00014185180612623165,-0.0016086804607420358,-0.029503635687289066,-1.2924448674301876e-44,0.0,-0.005044674749191177,0.000142887608514946,-0.0014336906885277995,False
3.089,0.0001402284418002807,-0.001637979991501545,-0.029094429417810843,-1.169452476799359e-44,0.0,-0.0021572029450185985,0.0001405848851521893,-0.0014720422340020706,False
3.09,0.0001385759835389259,-0.0016668673435886834,-0.028679295280875296,-1.0581643596228898e-44,0.0,-0.00043172757964141193,0.00013695027511114865,-0.0015222504492890697,False
3.091,0.00013689484646778536,-0.001695336640147855,-0.028258335495029922,-9.574667070188502e-45,0.0,-0.0038123791247103656,0.0001361560398850921,-0.0015437838503140765,False
3.092,0.00013518545153802988,-0.0017233821071223595,-0.027831653435373187,-8.663517030343289e-45,0.0,-0.0033743981772345727,0.0001350296729063523,-0.001568091443580398,False
3.093,0.00013344822542300967,-0.0017509980743984725,-0.027399353608579466,-7.839074380846386e-45,0.0,-0.007134581680829441,0.00013697991025785603,-0.0015623059338439815,False
3.094,0.00013168360041374995,-0.001778178976924445,-0.026961541627707072,-7.093087822556882e-45,0.0,-0.001997924870988349,0.00013471564144163206,-0.0015975295980096631,False
3.095,0.00012989201431333987,-0.0018049193558042015,-0.026518324186795172,-6.418091271264675e-45,0.0,-0.0066689519732980405,0.00013629775036700932,-0.001594884463795575,False
3.096,0.0001280739103302407,-0.0018312138593655348,-0.02606980903525585,-5.807329134610258e-45,0.0,-0.003967466269098883,0.0001356475843801701,-0.0016140793366817118,False
3.097,0.0001262297369705385,-0.0018570572442025916,-0.025616104952067273,-5.254688699845749e-45,0.0,-0.0068342857383315615,0.0001373371554611625,-0.001610427172925693,False
3.098,0.00012435994792916736,-0.0018824443761924542,-0.025157321719773976,-4.754638955751161e-45,0.0,0.0007206341927442827,0.00013286149988716656,-0.0016664504206664633,False
3.099,0.00012246500198012907,-0.0019073702314856293,-0.024693570098300602,-4.302175236415071e-45,0.0,-0.002243192156940556,0.0001309125441469963,-0.001696559772525307,False
3.1,0.00012054536286573531,-0.0019318298974702593,-0.024224961798585055,-3.8927691328560566e-45,0.0,-0.0002942337042604517,0.00012744071796004535,-0.001740532538060462,False
3.101,0.00011860149918489893,-0.0019558185737098793,-0.02375160945603744,-3.5223231711835553e-45,0.0,-0.0027945817905818265,0.0001260918569576002,-0.0017628315021465232,False
3.102,0.00011663388428050084,-0.0019793315728545494,-0.023273626603830866,-3.187129803701961e-45,0.0,-0.0036992252177099807,0.0001255137275844779,-0.0017771716189131416,False
3.103,0.00011464299612585901,-0.0020023643215251936,-0.022791127646030487,-2.883834302527137e-45,0.0,0.002911508059560841,0.00011959916197717624,-0.0018425114035241247,False
3.104,0.00011262931721032667,-0.0020249123611709927,-0.02230422783056701,-2.609401184342187e-45,0.0,-0.002740231011310414,0.00011842852257807441,-0.0018602000113767554,False
3.105,0.00011059333442404669,-0.0020469713488996733,-0.021813043222060995,-2.3610838302601592e-45,0.0,0.0031911124245698136,0.0001124883519588012,-0.0019232691797823175,False
3.106,0.00010853553894188914,-0.0020685370582805515,-0.02131769067450423,-2.1363969967390563e-45,0.0,-3.90469741386925e-05,0.00010933203993902845,-0.0019575450669432823,False
3.107,0.00010645642610659971,-0.002089605380120186,-0.020818287803804653,-1.933091942429146e-45,0.0,0.005397849936956472,0.00010186283238046774,-0.0020321816589430274,False
3.108,0.00010435649531118599,-0.0021101723232105126,-0.02031495296020108,-1.749133922013706e-45,0.0,0.00014065637092323122,9.886213966448426e-05,-0.0020613609911217736,False
3.109,0.0001022362498805696,-0.0021302340150493315,-0.01980780520055416,-1.582681821793993e-45,0.0,-0.003462839246115037,9.886429703926814e-05,-0.002060680226765062,False
3.11,0.00010009619695253162,-0.0021497867025330243,-0.019296964260520078,-1.4320697332045254e-45,0.0,-0.0003768063167303077,9.636758118530532e-05,-0.0020840244601201506,False
3.111,9.793684735797932e-05,-0.0021688267526213906,-0.018782550526613262,-1.2957902798402282e-45,0.0,-0.0013229135598921086,9.47077012002093e-05,-0.002098504629520043,False
3.112,9.57587155005619e-05,-0.0021873506529744937,-0.018264685008164687,-1.1724795311267255e-45,0.0,-0.0013668569304281148,9.313044402484152e-05,-0.002111656338147569,False
3.113,9.356231923566355e-05,-0.002205355012561415,-0.017743489309182178,-1.0609033516447188e-45,0.0,0.0036617969917018,8.752610189320488e-05,-0.0021630117947833596,False
3.114,9.13481797488018e-05,-0.002222836562240823,-0.01721908560011917,-9.59945049487903e-46,0.0,0.0037369584839955887,8.201972776344151e-05,-0.0022115940769033525,False
3.115,8.91168214334594e-05,-0.002239792155313267,-0.016691596589558468,-8.685942000350356e-46,0.0,0.00028458037857069084,7.946485258101953e-05,-0.0022300304373822563,False
3.116,8.686877176837812e-05,-0.0022562187680451157,-0.016161145495817403,-7.859365332807113e-46,0.0,0.00021218657040487487,7.704100123629034e-05,-0.0022464278178330804,False
3.117,8.460456119434283e-05,-0.0022721135001640643,-0.015627856018481042,-7.111447835138518e-46,0.0,-0.0020626974366642985,7.652785337669045e-05,-0.0022437336551192548,False
3.118,8.232472299048423e-05,-0.0022874735753261404,-0.015091852309869744,-6.43470409764415e-46,0.0,-0.0038490200976870345,7.747566327912192e-05,-0.0022269125418987604,False
3.119,8.002979315012896e-05,-0.0023022963415541492,-0.014553258946447791,-5.822361041537742e-46,0.0,-0.004054975860069235,7.85633779716725e-05,-0.002209146946681507,False
3.12,7.772031025622553e-05,-0.0023165792716474992,-0.014012200900179496,-5.2682901316981704e-46,0.0,-0.007564165507493184,8.2461715848988e-05,-0.0021648102710522506,False
3.121,7.53968153563747e-05,-0.0023303199635633606,-0.013468803509839266,-4.766946040230098e-46,0.0,-0.007253232724913294,8.599780707991814e-05,-0.0021253249439426415,False
3.122,7.305985183749314e-05,-0.0023435161407691137,-0.012923192452282285,-4.3133111469585425e-46,0.0,-0.0012171851495693079,8.454619728378225e-05,-0.0021350113119768996,False
3.123,7.070996530013897e-05,-0.002356165652566052,-0.012375493713682188,-3.902845321399691e-46,0.0,-0.0005978356102394411,8.263422862411185e-05,-0.0021486880016839504,False
3.124,6.834770343252794e-05,-0.002368266474384306,-0.011825833560742327,-3.5314404836090215e-46,0.0,0.003316573313030557,7.760688342988151e-05,-0.002191724765250212,False
3.125,6.597361588426922e-05,-0.002379816708048973,-0.011274338511887114,-3.195379489136447e-46,0.0,0.003623438149706224,7.247354005356404e-05,-0.0022341709501915398,False
3.126,6.358825413984926e-05,-0.0023908145820174254,-0.010721135308439947,-2.891298926595286e-46,0.0,0.0010593173748395268,6.956188719792496e-05,-0.002253637594147328,False
3.1270000000000002,6.119217139189298e-05,-0.0024012584515877965,-0.010166350885794224,-2.6161554555106197e-46,0.0,0.00582558210210321,6.28734271541755e-05,-0.002308532133696816,False
3.128,5.878592241423069e-05,-0.002411146799078636,-0.009610112344583952,-2.3671953475449187e-46,0.0,0.0012345437050409838,6.009195860726284e-05,-0.002323761301021868,False
3.129,5.637006343479992e-05,-0.0024204782339797373,-0.009052546921860376,-2.14192692625928e-46,0.0,0.003795571819741871,5.531561012872351e-05,-0.002357368437629776,False
3.13,5.3945152008410734e-05,-0.002429251493074149,-0.008493781962281191,-1.938095629578146e-46,0.0,0.004320625304187386,5.024947923099662e-05,-0.002392312614229894,False
3.1310000000000002,5.151174688940349e-05,-0.0024374654405313824,-0.00793394488931871,-1.753661445374267e-46,0.0,-1.4138849354123403e-05,4.883685338182192e-05,-0.0023906143997824932,False
3.132,4.907040790422776e-05,-0.002445119067971841,-0.007373163176493484,-1.5867784943416607e-46,0.0,0.0036793961017233465,4.447354490401859e-05,-0.0024169765521658186,False
3.133,4.6621695823971195e-05,-0.0024522114945025,-0.006811564318639769,-1.4357765558150956e-46,0.0,0.0004626377108417749,4.283855560646197e-05,-0.002415841868549452,False
3.134,4.4166172236867106e-05,-0.002458741966723865,-0.006249275803209302,-1.2991443516402939e-46,0.0,0.0063534385089151005,3.648002284926256e-05,-0.002459750420965662,False
3.1350000000000002,4.1704399420809374e-05,-0.0024647098587082636,-0.005686425081619713,-1.1755144207942041e-46,0.0,0.007052767069860191,2.973543348117804e-05,-0.0025054508636892735,False
3.136,3.9236940215903426e-05,-0.002470114671949504,-0.005123139540654014,-1.0636494333754642e-46,0.0,-0.004386759057575299,3.244476051416109e-05,-0.0024582633501423205,False
3.137,3.676435789708183e-05,-0.0024749560352839654,-0.004559546473917464,-9.624298069908664e-47,0.0,0.0002860699966772452,3.1293637749243775e-05,-0.002449312952830353,False
3.138,3.4287216046813075e-05,-0.0024792337047831723,-0.0039957730533581835,-8.708425015984624e-47,0.0,0.0013345659952922846,2.932615328242935e-05,-0.00244804914477909,False
3.1390000000000002,3.180607842793196e-05,-0.00248294756361793,-0.0034319463008577957,-7.879708806623287e-47,0.0,0.0008187508408788724,2.7832091577357365e-05,-0.0024418065762688386,False
3.14,2.9321508856620116e-05,-0.002486097621894083,-0.002868193059898401,-7.129855371460227e-47,0.0,-0.004977224953895525,3.10734695115177e-05,-0.0023897843692146604,False
3.141,2.6834071075564838e-05,-0.0024886840164599832,-0.002304639967312114,-6.451359925281888e-47,0.0,-0.004038798207418938,3.346312681881796e-05,-0.00234725547829887,False
3.142,2.434432862732463e-05,-0.0024907070106857513,-0.0017414134251194145,-5.837431857612724e-47,0.0,0.006580978743877008,2.71860513673721e-05,-0.002389033735024235,False
3.1430000000000002,2.1852844727929502e-05,-0.002492166994214425,-0.001178639572462501,-5.281926770003153e-47,0.0,0.0013276090744396773,2.5340609365511614e-05,-0.0023863425254328392,False
3.144,1.9360182140744172e-05,-0.0024930644826850873,-0.000616444257639808,-4.779284980824668e-47,0.0,-0.0005083345655407096,2.5034061379882305e-05,-0.0023684755123415963,False
3.145,1.6866903050622085e-05,-0.0024934001174280866,-5.4953010247839036e-05,-4.324475882107433e-47,0.0,0.007616135292360302,1.8157682885423856e-05,-0.0024138814193227914,False
3.146,1.4373568938378124e-05,-0.0024931746651324508,0.0005057089865635985,-3.912947591524868e-47,0.0,-0.009120309087713826,2.5027958340261097e-05,-0.0023251150125524894,False
3.1470000000000002,1.188074045560777e-05,-0.0024923890174856187,0.0010654169237166798,-3.540581395625388e-47,0.0,0.006018961093878465,1.9445011266748867e-05,-0.0023585700165794435,False
3.148,9.388977299880312e-06,-0.0024910441907856073,0.0016240463937053405,-3.20365052836383e-47,0.0,-0.0001007741934691748,1.897553661017637e-05,-0.0023412509836850818,False
3.149,6.898838090333624e-06,-0.002489141325525745,0.002181473417963552,-2.8987828723742653e-47,0.0,0.005813451439835885,1.3730520236741504e-05,-0.002369917014748328,False
3.15,4.410880243697864e-06,-0.0024866816859521034,0.002737574474096136,-2.6229272096859925e-47,0.0,0.004771549293244623,9.477793514854398e-06,-0.002387547399575862,False
3.1510000000000002,1.9256598507753387e-06,-0.002483666659593772,0.0032922265229662065,-2.3733226841085373e-47,0.0,-0.0017591524900605739,1.0633607050919718e-05,-0.0023520429463581224,False
3.152,-5.562684465963859e-07,-0.0024800977567661165,0.0038453070356333613,-2.147471169654942e-47,0.0,0.0033112111235155373,7.6511071559418e-06,-0.0023569668353089993,False
3.153,-3.0343515780711965e-06,-0.0024759766100471794,0.004396694020136788,-1.9431122684572398e-47,0.0,0.001883290040153394,5.909342953017625e-06,-0.0023492401033104243,False
3.154,-5.508038166784173e-06,-0.002471304973727374,0.0049462660481175,-1.7582006879448452e-47,0.0,-0.0019393778632504034,7.312218143215833e-06,-0.0023109838483322768,False
3.1550000000000002,-7.976778650777744e-06,-0.0024660847232326416,0.005493902281273955,-1.5908857708690616e-47,0.0,0.006664553494455346,1.7085896983025531e-06,-0.0023408085947091415,False
3.156,-1.0440025403837794e-05,-0.002460317854521238,0.006039482497645361,-1.439492973303309e-47,0.0,0.01112285588055086,-7.346192908977973e-06,-0.0024022105647311318,False
3.157,-1.2897232855713456e-05,-0.0024540064834543238,0.006582887117717012,-1.3025071052446725e-47,0.0,-0.00016284254645236937,-7.0061448941872054e-06,-0.0023705982035763322,False
3.158,-1.534785761169446e-05,-0.0024471528451405432,0.0071239972303420674,-1.1785571660830812e-47,0.0,0.00135417878422637,-7.904091220446167e-06,-0.002351312102848892,False
3.1590000000000003,-1.7791358571520132e-05,-0.002439759293254773,0.007662694618474188,-1.0664026231663927e-47,0.0,0.008572927011619219,-1.462172994020617e-05,-0.002387971964432553,False
3.16,-2.0227197047594324e-05,-0.0024318282993312373,0.008198861784705578,-9.649209961326532e-48,0.0,0.0032968262438453537,-1.687684386404272e-05,-0.002379823203859185,False
3.161,-2.26548368824807e-05,-0.0024233624520311825,0.00873238197660493,-8.73096622749356e-48,0.0,0.0065100437221038525,-2.1669843205631673e-05,-0.002395649483174389,False
3.162,-2.507374456565308e-05,-0.0024143644563853176,0.009263139211849918,-7.900104938244435e-48,0.0,-0.0004839804097028388,-2.0663831123121594e-05,-0.002354486546958171,False
3.1630000000000003,-2.7483389349475672e-05,-0.002404837133011226,0.009791018303148864,-7.148310554534227e-48,0.0,0.0003845957466982775,-2.03896300359872e-05,-0.0023210408462073636,False
3.164,-2.9883243364388322e-05,-0.0023947834173059647,0.01031590488294632,-6.468058865483948e-48,0.0,0.007409031191945925,-2.581100180982232e-05,-0.0023427692432066,False
3.165,-3.227278173327202e-05,-0.0023842063586140667,0.010837685427907305,-5.852541683549093e-48,0.0,0.0074544184539907694,-3.111548228807899e-05,-0.0023619129496936725,False
3.166,-3.465148268497021e-05,-0.002373109119371173,0.011356247283175054,-5.295598705890389e-48,0.0,-0.000877471470274981,-2.9523163785765026e-05,-0.0023133645389100187,False
3.1670000000000003,-3.701882766694166e-05,-0.0023614949742235213,0.011871478686397156,-4.791655859992428e-48,0.0,0.0041930415744375685,-3.208165029745393e-05,-0.002305607674766009,False
3.168,-3.9374301457020804e-05,-0.002349367309123527,0.012383268791514971,-4.3356695164724237e-48,0.0,0.0034267089101864406,-3.394711681549081e-05,-0.0022907006463750365,False
3.169,-4.171739227426187e-05,-0.002336729620401696,0.012891507692311463,-3.923076010742125e-48,0.0,0.007087063793230158,-3.872356596908432e-05,-0.002303517299219144,False
3.17,-4.4047591888843134e-05,-0.0023235855138151107,0.013396086445712371,-3.549745968318716e-48,0.0,0.0029562473055102945,-4.001985948859229e-05,-0.0022816686812667138,False
3.1710000000000003,-4.636439573100808e-05,-0.002309938703572742,0.01389689709483593,-3.211942976657064e-48,0.0,0.008613596728775746,-4.5860265680231976e-05,-0.002303445131487354,False
3.172,-4.8667302999020385e-05,-0.0022957930113378373,0.01439383269178634,-2.906286189877112e-48,0.0,0.008643435352070843,-5.155931511607224e-05,-0.0023223069342705738,False
3.173,-5.095581676610993e-05,-0.002281152365207649,0.014886787320186206,-2.6297164921219724e-48,0.0,-0.0014673813256874766,-4.890995693408843e-05,-0.0022594394021284957,False
3.174,-5.322944408638732e-05,-0.0022660207986707572,0.015375656117443282,-2.379465880898226e-48,0.0,-0.0016668259958952105,-4.6174188117417736e-05,-0.0021970360015011185,False
3.1750000000000003,-5.5487696099704665e-05,-0.0022504024495422653,0.015860335296746946,-2.1530297639766107e-48,0.0,0.002547225854358488,-4.692813894353018e-05,-0.00216948160320899,False
3.176,-5.7730088135440547e-05,-0.002234301558877135,0.016340722168789824,-1.9481418925911677e-48,0.0,0.005792391942516797,-5.028838759089313e-05,-0.0021671131439106955,False
3.177,-5.9956139815187565e-05,-0.0022177224698619363,0.016816715163210108,-1.7627516800598797e-48,0.0,0.0072077026920647535,-5.469940712642632e-05,-0.002174114020639695,False
3.178,-6.216537515432092e-05,-0.0022006696266853015,0.01728821384975016,-1.5950036788239312e-48,0.0,0.006390593613987149,-5.8323791227286425e-05,-0.0021724841898874076,False
3.1790000000000003,-6.435732266242696e-05,-0.0021831475733873596,0.017755118959127104,-1.4432190105049027e-48,0.0,0.00426921439414386,-6.012774402177131e-05,-0.0021525606143872906,False
3.18,-6.653151544257071e-05,-0.0021651609526884483,0.01821733240361108,-1.3058785631256685e-48,0.0,0.01343779599633363,-6.930452536231515e-05,-0.002203313596928871,False
3.181,-6.868749128938191e-05,-0.002146714504797396,0.018674757297307023,-1.1816077873271386e-48,0.0,0.004118769054042302,-7.067546517313399e-05,-0.0021764150713826772,False
3.182,-7.082479278593931e-05,-0.00212781306619967,0.019127297976135847,-1.0691629394162713e-48,0.0,0.0073417638478339925,-7.461726482234395e-05,-0.002174215776442988,False
3.1830000000000003,-7.294296739943303e-05,-0.002108461568425698,0.019574860017510978,-9.67418633561156e-49,0.0,0.0007981536661558091,-7.314888376758587e-05,-0.0021191561653156415,False
3.184,-7.504156757558557e-05,-0.002088665036799664,0.02001735025970625,-8.753565785513525e-49,0.0,0.009383772808707502,-7.867403508486684e-05,-0.0021322543300694055,False
3.185,-7.712015083181196e-05,-0.002068428589169096,0.020454676820911333,-7.920553863971973e-49,0.0,0.004122990519872544,-7.978286042243948e-05,-0.0021015180009189872,False
3.186,-7.917827984909995e-05,-0.0020477574346155535,0.020886749117970817,-7.166813507691144e-49,0.0,0.006028097313676975,-8.24028581543355e-05,-0.002085397746625839,False
3.1870000000000003,-8.121552256259174e-05,-0.0020266568721467345,0.021313477884803242,-6.4848010298444924e-49,0.0,0.010320305172032408,-8.84240768884494e-05,-0.002101556619745366,False
3.188,-8.323145225084841e-05,-0.002005132289370329,0.021734775190496384,-5.8676906203214216e-49,0.0,0.012982294115188414,-9.643011043022486e-05,-0.0021352574512664693,False
3.189,-8.52256476237795e-05,-0.001983189161149938,0.022150554457075294,-5.309306030725453e-49,0.0,0.005670182327087836,-9.828851404320459e-05,-0.0021076969172414577,False
3.19,-8.719769290921941e-05,-0.001960833048243388,0.022560730476939447,-4.804058760404368e-49,0.0,0.008653717495540482,-0.00010251006829747853,-0.002102736973945131,False
3.1910000000000003,-8.914717793813363e-05,-0.0019380695959237797,0.022965219429965735,-4.346892124857321e-49,0.0,0.010915687229343309,-0.00010844353780268627,-0.0021133356991121935,False
3.192,-9.107369822843748e-05,-0.0019149045325835981,0.023363938900273832,-3.933230646736744e-49,0.0,0.005636609300913982,-0.00010993429527460527,-0.0020797822310410084,False
3.193,-9.29768550674106e-05,-0.0018913436683222296,0.02375680789265073,-3.558934262933183e-49,0.0,0.004878188068221613,-0.00011076869829777161,-0.0020399578633153097,False
3.194,-9.485625559269081e-05,-0.0018673928935172245,0.02414374684863127,-3.220256889432172e-49,0.0,0.00590035173195657,-0.00011240711715731377,-0.0020081157334226295,False
3.1950000000000003,-9.671151287183128e-05,-0.0018430581773796549,0.024524677662231518,-2.913808929246317e-49,0.0,0.009768733959202155,-0.00011713139639512443,-0.0020059173076987184,False
3.196,-9.854224598040525e-05,-0.0018183455664939115,0.024899523695332045,-2.636523348189361e-49,0.0,0.008708110364937922,-0.0001208629846470342,-0.001993139482734296,False
3.197,-0.00010034808007864286,-0.0017932611833422951,0.025268209792708083,-2.3856249789671847e-49,0.0,0.004805088390456705,-0.00012132847770599008,-0.0019482732224471858,False
3.198,-0.00010212864648658518,-0.0017678112248147543,0.025630662296703795,-2.1586027463707576e-49,0.0,0.0051733105800811086,-0.00012207893427309248,-0.0019065395561644089,False
3.1990000000000003,-0.00010388358275774066,-0.0017420019607041295,0.02598680906154784,-1.9531845355914474e-49,0.0,0.0077396397139943,-0.0001248861221390326,-0.0018848682175960053,False
3.2,-0.00010561253275122973,-0.0017158397321872607,0.02633657946730758,-1.76731445213233e-49,0.0,0.007387829643928991,-0.00012732888762005516,-0.0018593035503757062,False
3.201,-0.00010731514670240363,-0.0016893309502923235,0.026679904433479302,-1.5991322457250537e-49,0.0,0.006603814661969393,-0.0001290675949846442,-0.0018267065319944585,False
3.202,-0.00010899108129192377,-0.0016624820943527572,0.027016716432211978,-1.4469546923199031e-49,0.0,0.001648119629986314,-0.00012674431871381324,-0.0017550403174977664,False
3.203,-0.00011063999971328855,-0.0016352997104481543,0.027346949501162156,-1.3092587478137574e-49,0.0,0.00539439711521883,-0.00012752030734558277,-0.001714480510775857,False
3.204,-0.00011226157173879463,-0.00160779040983248,0.027670539255977507,-1.1846663049127938e-49,0.0,0.004653946406666273,-0.00012767474916709765,-0.0016682230156768176,False
3.205,-0.00011385547378392031,-0.0015799608673499946,0.027987422902407064,-1.071930400571493e-49,0.0,-0.0009210650939357572,-0.0001233106347421712,-0.0015790163971893516,False
3.206,-0.00011542138897011877,-0.0015518178198392536,0.028297539248035602,-9.699227359673617e-50,0.0,0.010155578929090359,-0.00012803914220218282,-0.0015791730883248157,False
3.207,-0.00011695900718600955,-0.0015233680645255622,0.028600828713640496,-8.776223841070814e-50,0.0,0.0024831493065506204,-0.00012642114975641296,-0.0015172672085080384,False
3.208,-0.00011846802514695686,-0.001494618457402262,0.02889723334416868,-7.941055720460146e-50,0.0,0.00908151882549013,-0.00013019182067464428,-0.0015082042624324239,False
3.209,-0.00011994814645302374,-0.0014655759116012324,0.02918669681933219,-7.185364354580845e-50,0.0,-0.0005509871644807894,-0.00012605603048185615,-0.0014224037385673605,False
3.21,-0.00012139908164529151,-0.0014362473957529873,0.029469164463820068,-6.50158653024655e-50,0.0,0.008096021272707591,-0.0001290390751829433,-0.0014069070197964208,False
3.211,-0.00012282054826053427,-0.001406639932336752,0.02974458325712534,-5.882878769165661e-50,0.0,0.009288683288900005,-0.0001329032983873943,-0.0013993804062364108,False
3.212,-0.0001242122708842386,-0.0013767605960209074,0.030012901842985048,-5.32304883611042e-50,0.0,0.007151088135278178,-0.0001349271629151023,-0.0013733800797684807,False
3.213,-0.00012557398120195906,-0.0013466165119941878,0.03027407053843207,-4.816493764945471e-50,0.0,0.004838741469131338,-0.00013502132547955797,-0.0013286666963179792,False
3.214,-0.0001269054180490005,-0.0013162148542880208,0.030528041342457138,-4.358143782259558e-50,0.0,-0.002495999697128143,-0.00012917375779622787,-0.0012273223120584285,False
3.215,-0.00012820632745841825,-0.001285562844090402,0.030774767944279708,-3.9434115673692096e-50,0.0,0.011266731953168426,-0.00013463582292197723,-0.0012371178167955522,False
3.216,-0.00012947646270732838,-0.0012546677480516945,0.031014205731226426,-3.5681463408714916e-50,0.0,0.006445191155924425,-0.00013603901106258874,-0.0012065652002473675,False
3.217,-0.0001307155843615197,-0.0012235368765827453,0.03124631179621605,-3.228592322248617e-50,0.0,0.005693737713530832,-0.00013679396841185208,-0.0011698061217234564,False
3.218,-0.00013192346031836024,-0.0011921775821457162,0.031471044944849626,-2.9213511407541614e-50,0.0,0.0049587642669979975,-0.00013693241000908542,-0.0011273602106072716,False
3.219,-0.00013309986584799106,-0.0011605972575380208,0.03168836570210502,-2.6433478233764003e-50,0.0,-0.005461619170750012,-0.00012862937072077125,-0.001004222760633016,False
3.22,-0.00013424458363280083,-0.0011288033341697661,0.03189823631863484,-2.3918000194748755e-50,0.0,0.0004281896937278198,-0.00012533071624182455,-0.0009324193868328212,False
3.221,-0.00013535740380517464,-0.0010968032803350936,0.032100620776666935,-2.164190154080004e-50,0.0,0.004651598660818731,-0.00012554531024373133,-0.000895922247065261,False
3.222,-0.00013643812398351127,-0.0010646045994778203,0.032295484795506764,-1.9582402311565961e-50,0.0,0.0015117382865717545,-0.00012321142557008045,-0.0008352886357073852,False
3.223,-0.00013748654930650353,-0.0010322148284517755,0.03248279583664096,-1.771889034653875e-50,0.0,0.011886593280053159,-0.00012934437567947344,-0.0008572295450532011,False
3.224,-0.00013850249246567635,-0.000999641535776235,0.03266252310844153,-1.6032714991624412e-50,0.0,0.004188755189421359,-0.00012907045020630728,-0.0008159695596437424,False
3.225,-0.00013948577373617806,-0.000966892319886849,0.03283463757047033,-1.4507000437127852e-50,0.0,0.009880618305805994,-0.00013341308384888642,-0.0008195999143605146,False
3.226,-0.00014043622100582046,-0.0009339748073824683,0.03299911193738331,-1.3126476818977303e-50,0.0,0.0033292776772865253,-0.0001323279176485427,-0.0007700456518538725,False
3.227,-0.00014135366980236398,-0.0009008966512682637,0.03315592068243429,-1.18773273927923e-50,0.0,0.004851894549412139,-0.00013250639330175172,-0.000733431156918194,False
3.228,-0.00014223796331904403,-0.0008676655291955434,0.03330504004057822,-1.074705025126196e-50,0.0,0.00943021785109667,-0.00013638695531433096,-0.000732764496024887,False
3.229,-0.0001430889524383359,-0.0008342891416986676,0.03344644801117358,-9.724333200854582e-51,0.0,0.0075209713961591745,-0.00013861159333875006,-0.0007153168465802473,False
3.23,-0.0001439064957539552,-0.0008007752104294603,0.03358012436028411,-8.798940545582617e-51,0.0,0.010503354660828471,-0.00014318807017597453,-0.0007201663004970166,False
3.231,-0.00014469045959109166,-0.0007671314763895206,0.033706050622579906,-7.961610644716892e-51,0.0,0.008795484757147188,-0.00014625195867879888,-0.0007093945097568228,False
3.232,-0.00014544071802487425,-0.0007333656981608322,0.033824210102837954,-7.203963219173244e-51,0.0,0.003376413723062945,-0.0001448411045648758,-0.0006550457821840898,False
3.233,-0.0001461571528970664,-0.0006994856501350734,0.03393458787704255,-6.518415478862738e-51,0.0,0.004243784780703844,-0.00014417255891380955,-0.0006087527806530327,False
3.234,-0.00014683965383098995,-0.0006654991207420257,0.034037170793085776,-5.898106231579792e-51,0.0,0.0035500588672619186,-0.0001429612385132254,-0.0005579079001512221,False
3.235,-0.0001474881182446772,-0.0006314139106774829,0.03413194747106859,-5.336827213884462e-51,0.0,0.008383059308181642,-0.0001456976077117831,-0.0005458421932257596,False
3.236,-0.00014810245136225074,-0.0005972378311310573,0.034218908303203004,-4.82896095671526e-51,0.0,0.00606138287944228,-0.00014647652804338624,-0.0005144816080862857,False
3.237,-0.00014868256622353152,-0.0005629787020142841,0.034298045453316016,-4.369424563870693e-51,0.0,-0.0012823730958339196,-0.0001412870125961373,-0.00042593091738811695,False
3.238,-0.0001492283836918748,-0.0005286443501894193,0.034369352855955965,-3.953618840675656e-51,0.0,0.002108841831219948,-0.00013899049145472446,-0.0003673366539460948,False
3.239,-0.00014973983246023594,-0.0004942426076993317,0.03443282621510209,-3.577382263695284e-51,0.0,0.003444929008461111,-0.00013784090587378985,-0.00032093348024150935,False
3.24,-0.00015021684905546645,-0.00045978130999888115,0.03448846300247827,-3.236949330809677e-51,0.0,0.00519432217303254,-0.00013814041232516628,-0.0002892319386443411,False
3.241,-0.00015065937784084244,-0.00042526829418818214,0.03453626245547182,-2.928912874803055e-51,0.0,0.011979057246398531,-0.00014392514334947212,-0.00031053435028651437,False
3.242,-0.00015106737101682749,-0.00039071139724814504,0.0345762255746584,-2.6501899632890757e-51,0.0,0.006498253270436644,-0.00014510803667190541,-0.00028606973051753076,False
3.243,-0.00015144078862007227,-0.000356118454278689,0.03460835512093429,-2.3979910436873016e-51,0.0,0.002896215855654191,-0.0001433407772161463,-0.0002332565427135836,False
3.244,-0.00015177959852065393,-0.00032149729674001826,0.03463265561225717,-2.1697920244433738e-51,0.0,-0.0004104609881500241,-0.00013894613090787493,-0.0001561756945136361,False
3.245,-0.0001520837764175585,-0.00028685575069735316,0.03464913331999669,-1.96330901307236e-51,0.0,0.00671356133337226,-0.00014044446835856047,-0.0001375782172852458,False
3.246,-0.0001523533058324097,-0.00025220163506950465,0.03465779626489644,-1.776475458195122e-51,0.0,0.005752843177214913,-0.00014112243336638662,-0.00011096556206550721,False
3.247,-0.00015258817810144876,-0.00021754275988168106,0.034658654212648486,-1.6074214667975224e-51,0.0,0.004371812625012234,-0.0001406629414288876,-7.356383580249072e-05,False
3.248,-0.000152788392365769,-0.00018288692452291295,0.03465171866908239,-1.4544550897126448e-51,0.0,0.00478370689281183,-0.00014054998915585178,-4.001170118123032e-05,False
3.249,-0.00015295395555981047,-0.00014824191600848127,0.034637002874970076,-1.3160453880248494e-51,0.0,0.00606938861772279,-0.00014148127579331573,-1.689407851255342e-05,False
3.25,-0.0001530848823981197,-0.00011361550724773191,0.03461452180044853,-1.1908071109185372e-51,0.0,0.0009349898060825902,-0.0001382287617474182,4.638719440998616e-05,False
3.251,-0.00015318119536037987,-7.901545531765786e-05,0.03458429213906196,-1.0774868316223897e-51,0.0,0.006490116373355682,-0.0001395665024050668,6.411607843342144e-05,False
3.2520000000000002,-0.00015324292467471808,-4.444949974262868e-05,0.03454633230142551,-9.749504026929497e-52,0.0,0.0057569379957518405,-0.00014027266468164535,8.801913650040752e-05,False
3.253,-0.00015327010829929504,-9.925360780644784e-06,0.03450066240851235,-8.821716050858076e-52,0.0,0.0026143216230942474,-0.00013841418562029852,0.00013646454440449554,False
3.254,-0.00015326279190218484,2.4549262283508075e-05,0.03444730428456633,-7.982218774104803e-52,0.0,0.0041671119014441965,-0.00013786569606947564,0.00017136305746969914,False
3.255,-0.0001532210288395513,5.896669283783057e-05,0.034386281449642286,-7.222610225759151e-52,0.0,0.007451720655797681,-0.00013999235298718093,0.00018003926918216704,False
3.2560000000000002,-0.00015314488013212844,9.331927863503667e-05,0.03431761911177634,-6.535287988156029e-52,0.0,-0.004323924674714295,-0.00013252380478534642,0.00028131815888655714,False
3.257,-0.00015303441444001334,0.00012759939347646666,0.0342413441587883,-5.913373109324521e-52,0.0,0.0066329572535676045,-0.00013413888501699053,0.0002924875420826077,False
3.258,-0.00015288970803577887,0.00016179943888761978,0.034157485149718815,-5.350641256124474e-52,0.0,0.002590271100259475,-0.0001324347636604438,0.00033579742933732295,False
3.259,-0.0001527108447759155,0.00019591184578494233,0.034066072305903576,-4.841460419028352e-52,0.0,0.0014978314652462736,-0.0001298943707350436,0.00038628016728463224,False
3.2600000000000002,-0.00015249791607061062,0.0002299290761335094,0.033967137501687124,-4.380734545076909e-52,0.0,0.01145194422970435,-0.00013548598308644265,0.00035747279124174146,False
3.261,-0.0001522510208518751,0.0002638436245952417,0.03386071425477903,-3.963852534868324e-52,0.0,0.0035622644666875964,-0.0001345307240246306,0.0003931663185164766,False
3.262,-0.0001519702655400264,0.0002976480201673005,0.03374683771625499,-3.5866420931255475e-52,0.0,0.004656190156889689,-0.00013448830687161651,0.00041947489274247064,False
3.263,-0.00015165576400853832,0.00033133482781030736,0.03362554466020566,-3.24532797096281e-52,0.0,0.0017589709209751905,-0.0001321011653173401,0.00046801701236310245,False
3.2640000000000002,-0.0001513076375472678,0.0003648966500660379,0.0334968734730362,-2.9364941819258684e-52,0.0,0.0035518183534573432,-0.00013123337387389915,0.0005008800255174296,False
3.265,-0.00015092601482406947,0.0003983261286642417,0.03336086414241927,-2.65704981365142e-52,0.0,0.0035435555940013146,-0.00013038348521674518,0.0005330105753381764,False
3.266,-0.00015051103184480894,0.00043161594611824277,0.033217558245904645,-2.4041980929772784e-52,0.0,0.0059608681985888826,-0.0001315150206143183,0.0005455492073537337,False
3.267,-0.00015006283191178616,0.00046475882730897985,0.03306699893918842,-2.1754083948965383e-52,0.0,0.002595957569883849,-0.0001298898642162476,0.0005846979878472596,False
3.2680000000000002,-0.00014958156558058077,0.0004977475410571464,0.03290923094404496,-1.968390915211935e-52,0.0,0.0032695975496006406,-0.00012885622235554476,0.0006173610097588121,False
3.269,-0.00014906739061533135,0.0005305749016830959,0.03274430053592491,-1.7810737534058064e-52,0.0,0.006795523083087818,-0.00013070687442084334,0.0006217072703861197,False
3.27,-0.00014852047194246107,0.0005632337705541787,0.03257225553122247,-1.611582176363325e-52,0.0,0.010248987078751326,-0.00013530140597875574,0.0006000499052643613,False
3.271,-0.00014794098160286233,0.0005957170576191831,0.03239314527421525,-1.4582198554133634e-52,0.0,0.00525392389875463,-0.00013572114256944252,0.0006197913654294875,False
3.2720000000000002,-0.00014732909870255362,0.0006280177229295535,0.03220702062368023,-1.319451888900998e-52,0.0,0.006977790951959809,-0.00013752482755893995,0.0006261066349371147,False
3.273,-0.0001466850093618219,0.0006601287781470637,0.032013933939189325,-1.1938894403758487e-52,0.0,0.004918441705404169,-0.00013760990670132154,0.0006492752756590184,False
3.274,-0.00014600890666286416,0.0006920432880376279,0.031813939067087994,-1.0802758386500796e-52,0.0,0.00841442323909818,-0.0001405233289722138,0.0006450221097781401,False
3.275,-0.00014530099059594233,0.0007237543719509326,0.03160709132616062,-9.774740006107688e-53,0.0,-6.728079913412115e-05,-0.00013648640807086836,0.0007082722417956178,False
3.2760000000000002,-0.00014456146800406562,0.0007552552052855795,0.0313934474929864,-8.84455050909928e-53,0.0,0.004635160473920154,-0.00013637153859025279,0.0007322160153775284,False
3.277,-0.00014379055252621527,0.0007865390209394299,0.031173065786989293,-8.002880246342024e-53,0.0,0.0028459866193549952,-0.00013481120075114036,0.0007697604583987211,False
3.278,-0.00014298846453912638,0.0008175991107448493,0.030946005855186167,-7.241305498951101e-53,0.0,0.005724045995538442,-0.00013562549546308248,0.0007837138076318535,False
3.279,-0.00014215543109764219,0.0008484288268885494,0.030712328756636667,-6.552204170880509e-53,0.0,0.001487263665921901,-0.0001329861200175068,0.0008308889435865041,False
3.2800000000000002,-0.00014129168587365628,0.0008790215833157334,0.030472096946599064,-5.928679504423965e-53,0.0,0.00020440108854971432,-0.00012938278956239503,0.0008862107305913895,False
3.281,-0.00014039746909365875,0.0009093708571182513,0.03022537426039584,-5.364491055145692e-53,0.0,0.007325821313407285,-0.00013164790995002536,0.0008837047486219101,False
3.282,-0.00013947302747490225,0.0009394701899064777,0.029972225896993287,-4.853992235415028e-53,0.0,0.013859103236390774,-0.00013913894346268923,0.0008315094312820419,False
3.283,-0.0001385186141602043,0.0009693131891646275,0.029712718402299026,-4.392073801459529e-53,0.0,-0.0004665129788211618,-0.0001348179912359562,0.0008951058518371694,False
3.2840000000000003,-0.0001375344886514029,0.0009988935295892304,0.029446919652181807,-3.974112718336022e-53,0.0,-0.0025889622591046286,-0.00012890091273201848,0.0009723639782438036,False
3.285,-0.00013652091674148213,0.0010282049544104875,0.029174898835217747,-3.5959258910430344e-53,0.0,0.005693974101522025,-0.00012985835577323417,0.0009813605479541147,False
3.286,-0.00013547817044538493,0.0010572412766962395,0.02889672643516725,-3.253728298700036e-53,0.0,0.003662833846184686,-0.00012914401682110582,0.0010065402629546136,False
3.287,-0.00013440652792953088,0.0010859963806382788,0.02861247421318703,-2.944095112786276e-53,0.0,0.007847563739309033,-0.00013183836755031257,0.0009985181818091575,False
3.2880000000000003,-0.00013330627344005654,0.0011144642228207435,0.028322215189781605,-2.663927420305821e-53,0.0,-0.0010622962951150408,-0.00012724189859535226,0.0010612643418883277,False
3.289,-0.00013217769722979647,0.0011426388334703334,0.028026023626498708,-2.4104212088247135e-53,0.0,0.0027796682018242295,-0.00012588659636943072,0.0010911279033337688,False
3.29,-0.0001310210954840232,0.001170514317688096,0.02772397500737308,-2.18103930297207e-53,0.0,0.00014744548034353357,-0.00012243834908798413,0.0011404702319070855,False
3.291,-0.00012983677024496488,0.001198084856662533,0.0274161460201233,-1.9734859715361966e-53,0.0,0.008152414823437888,-0.00012556958196681688,0.0011252523418730218,False
3.2920000000000003,-0.00012862502933511894,0.0012253447088637808,0.02710261453710609,-1.7856839510149991e-53,0.0,-0.0012058016286693582,-0.00012103457225223554,0.001184589176273776,False
3.293,-0.00012738618627938154,0.0012522882112186262,0.02678345959603291,-1.6157536556646625e-53,0.0,0.006827303683457292,-0.0001231326237944453,0.0011784952465829154,False
3.294,-0.0001261205602260114,0.0012789097802661227,0.02645876138045338,-1.4619943659737761e-53,0.0,0.005213285853533049,-0.00012386431935778737,0.0011860732879491788,False
3.295,-0.00012482847586644787,0.0013052039132935749,0.026128601200010402,-1.3228672072908312e-53,0.0,0.0016489093516087036,-0.00012168914379024579,0.001221670021782173,False
3.2960000000000003,-0.00012351026335400298,0.0013311651894526658,0.02579306147047167,-1.196979748249476e-53,0.0,-0.0016213113161677485,-0.00011692766091670219,0.0012812391087331234,False
3.297,-0.0001221662582214474,0.001356788270855506,0.025452225693542406,-1.0830720648473887e-53,0.0,0.006199457486151137,-0.00011863372517100709,0.0012769146692315273,False
3.298,-0.00012079680129751033,0.0013820679036503885,0.025106178436464243,-9.800041307033865e-54,0.0,-0.0009142760400584638,-0.0001145313313078138,0.0013288478798664557,False
3.299,-0.0001194022386223141,0.0014069989190770371,0.024755005311405117,-8.867444072902272e-54,0.0,0.006450403177805255,-0.00011650850262929702,0.0013208496397112757,False
3.3000000000000003,-0.00011798292136176361,0.0014315762345011424,0.024398792954645095,-8.023595199503165e-54,0.0,0.0006540201562953833,-0.00011373621320765328,0.0013590327273585404,False
3.301,-0.00011653920572091193,0.0014557948544279837,0.02403762900556321,-7.260049163684162e-54,0.0,-0.0017152127125761789,-0.00010912408351142329,0.0014138507026622668,False
3.302,-0.00011507145285632259,0.0014796498714949404,0.023671602085430173,-6.569164140082104e-54,0.0,-0.001611122611215951,-0.00010472694542711902,0.0014649555518996807,False
3.303,-0.00011358002878745012,0.0015031364674427013,0.023300801776012223,-5.944025519166306e-54,0.0,-0.0012899694623323124,-0.00010071446562770082,0.0015108062198940831,False
3.3040000000000003,-0.00011206530430706009,0.0015262499140649846,0.022925318597991042,-5.378376703502294e-54,0.0,0.00277159406815728,-0.0001001044152399986,0.0015225435009432974,False
3.305,-0.00011052765489071026,0.0015489855741365893,0.022545243989204922,-4.866556489621771e-54,0.0,0.005425644220633007,-0.00010166068219322374,0.0015131923897558188,False
3.306,-0.00010896746060531453,0.0015713389023195995,0.02216067028271637,-4.403442408795506e-54,0.0,-0.003440183686243269,-9.59940363932188e-05,0.0015737155568853881,False
3.307,-0.00010738510601681175,0.0015933054460475719,0.021771690684711284,-3.984399459644572e-54,0.0,-0.0026424056975234587,-9.113395787395879e-05,0.0016245392413213571,False
3.3080000000000003,-0.00010578098009696136,0.001614880846387541,0.021378399252234993,-3.6052337194886665e-54,0.0,0.0034289542230445356,-9.132769528080574e-05,0.0016251319140847317,False
3.309,-0.00010415547612928827,0.00163606083887968,0.02098089087077034,-3.262150370158304e-54,0.0,0.0029800355643278065,-9.115244526420623e-05,0.0016293079716370668,False
3.31,-0.00010250899161419916,0.0016568412543544642,0.020579261231663114,-2.9517157181790895e-54,0.0,0.0018789795737623942,-9.009061853506872e-05,0.001641919184588923,False
3.311,-0.00010084192817329315,0.0016772180197271844,0.020173606809400182,-2.670822829213325e-54,0.0,0.0038873222489268274,-9.06850724623557e-05,0.0016382326645182895,False
3.3120000000000003,-9.915469145288912e-05,0.0016971871587696677,0.01976402483874555,-2.4166604328168814e-54,0.0,-0.0025243386914352737,-8.607105122541827e-05,0.001684780091438237,False
3.313,-9.74476910267929e-05,0.0017167447928590662,0.019350613291739805,-2.1866847862996914e-54,0.0,0.00045634407199369575,-8.400130003440941e-05,0.0017053189078393386,False
3.314,-9.572134029832718e-05,0.0017358871417035775,0.01893347085456825,-1.9785942160939267e-54,0.0,0.004256320718462591,-8.506710992692622e-05,0.0016950275951818988,False
3.315,-9.397605640164721e-05,0.0017546105240449712,0.018512696904303166,-1.790306081831312e-54,0.0,-0.0023852253712664242,-8.072494456764781e-05,0.001737067088699834,False
3.3160000000000003,-9.221226010236573e-05,0.001772911358337797,0.018088391485525594,-1.6199359325783196e-54,0.0,0.003016236343969796,-8.087948973696127e-05,0.0017344441050035995,False
3.317,-9.043037569751029e-05,0.0017907861634051552,0.017660655286832083,-1.465778646617841e-54,0.0,-0.0007345297195964946,-7.799259754231338e-05,0.0017611166306762693,False
3.318,-8.86308309148367e-05,0.0018082315590709208,0.017229589617231877,-1.3262913660179302e-54,0.0,-0.003967219325226816,-7.256995767250951e-05,0.0018112145968644463,False
3.319,-8.68140568115219e-05,0.0018252442667683103,0.016795296382439963,-1.2000780551910497e-54,0.0,0.0005825942030075896,-7.098505539272793e-05,0.0018226509026201677,False
3.3200000000000003,-8.498048767226032e-05,0.001841821110124693,0.016357878061071533,-1.0858755289006851e-54,0.0,0.003493812092717722,-7.180233082104554e-05,0.0018105159384378105,False
3.321,-8.313056090678719e-05,0.0018579590155225496,0.01591743768074329,-9.825408098789278e-55,0.0,0.0021554458855883897,-7.151274726384052e-05,0.001809337838856374,False
3.322,-8.126471694685293e-05,0.0018736550126364872,0.015474078794087178,-8.890396895258097e-55,0.0,-0.002462502872703534,-6.749214076429562e-05,0.001843966949026849,False
3.323,-7.938339914267259e-05,0.0018889062349462275,0.015027905454681993,-8.044363772020247e-55,0.0,8.492574470219229e-05,-6.564817381526877e-05,0.0018563867302752752,False
3.3240000000000003,-7.74870536588742e-05,0.0019037099202254867,0.014579022192908467,-7.278841345216813e-55,0.0,0.002328022420741785,-6.567273765106422e-05,0.0018502949644032846,False
3.325,-7.557612936997045e-05,0.0019180634110066758,0.014127533991733335,-6.58616800909937e-55,0.0,0.00255511604701662,-6.58804868245293e-05,0.0018425157970475455,False
3.326,-7.365107775537773e-05,0.0019319641550213506,0.013673546262427965,-5.9594112561045105e-55,0.0,0.010273968472733312,-7.233243130539957e-05,0.0017748561535497274,False
3.327,-7.171235279400689e-05,0.0019454097056163507,0.013217164820227025,-5.392298293988039e-55,0.0,0.002400226039030914,-7.222602721093959e-05,0.001772432988239644,False
3.3280000000000003,-6.976041085845008e-05,0.001958397722145569,0.012758495859932915,-4.879153265611847e-55,0.0,-0.007073683251844452,-6.44514570050875e-05,0.0018437124025823546,False
3.329,-6.779571060878792e-05,0.001970925970337303,0.012297645931471325,-4.414840443057944e-55,0.0,0.004813587530689622,-6.652253922007661e-05,0.0018178228857579665,False
3.33,-6.581871288604163e-05,0.001982992322637133,0.011834721915403669,-3.994712827537282e-55,0.0,0.00035871371123865963,-6.492774151848631e-05,0.0018279202029282354,False
3.331,-6.382988060529456e-05,0.0019945947585263035,0.011369830998401822,-3.6145656406639615e-55,0.0,-0.004665514696692069,-5.9309939372867616e-05,0.001876212040914694,False
3.332,-6.182967864850751e-05,0.0020057313648155542,0.010903080648690859,-3.2705942416198726e-55,0.0,0.0036420477339770174,-6.0578117393860856e-05,0.0018565213769505466,False
3.333,-5.981857375705258e-05,0.002016400335914384,0.010434578591465253,-2.9593560490306025e-55,0.0,-0.0025544573899612066,-5.679294209123224e-05,0.001885903178473312,False
3.334,-5.779703442399001e-05,0.0020265999740757203,0.009964432784284173,-2.6777360864539488e-55,0.0,-0.0009063589394821658,-5.444953163562472e-05,0.001900249888950808,False
3.335,-5.57655307861127e-05,0.0020363286896159733,0.009492751392451397,-2.422915806648706e-55,0.0,0.0020295171336746566,-5.454976121167961e-05,0.0018904238283217315,False
3.336,-5.3724534515782936e-05,0.0020455850011104676,0.009019642764385459,-2.192344882606529e-55,0.0,0.0022584042543141707,-5.4832483974356034e-05,0.0018789755355050613,False
3.337,-5.167451871258603e-05,0.0020543675355642393,0.0085452154069855,-1.9837156830220407e-55,0.0,-0.007880308717390875,-4.6897710163430254e-05,0.0019466973311875774,False
3.338,-4.9615957794825465e-05,0.0020626750285582,0.00806957796099843,-1.7949401767431034e-55,0.0,0.0009305295914205278,-4.6322090516224156e-05,0.001941151690014857,False
3.339,-4.754932739088423e-05,0.002070506324370671,0.007592839176392943,-1.6241290350532385e-55,0.0,-0.00212797446547086,-4.328626247287298e-05,0.0019591834889086065,False
3.34,-4.5475104230476864e-05,0.0020778603760742967,0.007115107887745849,-1.4695727226348068e-55,0.0,-5.279959999248524e-05,-4.201677357688671e-05,0.0019593553913663307,False
3.341,-4.3393766035816956e-05,0.002084736245608353,0.006636492989646285,-1.3297243879649539e-55,0.0,0.004624463362947472,-4.457051955887573e-05,0.0019224942135790543,False
3.342,-4.1305791412724585e-05,0.002091133103826471,0.006157103412123325,-1.2031843819056554e-55,0.0,0.004574866264050623,-4.7011732578705666e-05,0.0018876987640827796,False
3.343,-3.921165974169835e-05,0.0020970502305198047,0.0056770480961024225,-1.0886862495447051e-55,0.0,-0.0027491032553551608,-4.345342173205801e-05,0.00191150129411596,False
3.344,-3.71118510689765e-05,0.002102487014415666,0.005196435968896214,-9.850840550892832e-56,0.0,-0.0044098430918563455,-3.865122509037511e-05,0.0019461938562383369,False
3.345,-3.5006845997611615e-05,0.0021074429531516762,0.004715375919735099,-8.9134091295538e-56,0.0,0.003663649941600309,-4.052236441299631e-05,0.0019152822777691637,False
3.346,-3.289712557858346e-05,0.0021119176532254677,0.0042339767753430775,-8.06518610268361e-56,0.0,-0.001880000443317448,-3.7851689758929654e-05,0.0019287870464065155,False
3.347,-3.078317120197427e-05,0.0021159108299199847,0.003752347275564233,-7.297682169131741e-56,0.0,-0.003120114299784516,-3.4252561466340946e-05,0.0019504643313431938,False
3.348,-2.866546448823092e-05,0.0021194223072044417,0.0032705960490452945,-6.603215891564225e-56,0.0,-0.003894768163188969,-3.0128182669166126e-05,0.0019761391946532653,False
3.349,-2.654448717953833e-05,0.0021224520176109916,0.002788831588979637,-5.97483681805699e-56,0.0,-0.004213824293921566,-2.586234405593343e-05,0.002001960382484861,False
3.35,-2.4420721031328268e-05,0.002125000002087172,0.0023071622289181025,-5.406255919636875e-56,0.0,0.0007638535745715077,-2.574790804995273e-05,0.0019866352628162068,False
3.351,-2.229464770394781e-05,0.0021270664098241984,0.0018256961186519593,-4.8917826475658515e-56,0.0,-0.001638295053363791,-2.3691655551886223e-05,0.001990117688216461,False
3.352,-2.0166748654511553e-05,0.002128651498061177,0.001344541200173334,-4.426267980416595e-56,0.0,-0.005093769374152803,-1.8895722500494465e-05,0.0020194301373960507,False
3.353,-1.8037505028961627e-05,0.0021297556318653223,0.0008638051837183825,-4.005052890935393e-56,0.0,-0.0023055108898023097,-1.6493405757725545e-05,0.002024332495459763,False
3.354,-1.590739755435944e-05,0.0021303792838882566,0.00038359552389848967,-3.6239217169314363e-56,0.0,-0.001781114535341279,-1.4583783298728238e-05,0.002023904522106061,False
3.355,-1.3776906431433048e-05,0.0021305230340984914,-9.598060407530119e-05,-3.279059969512682e-56,0.0,-0.0010480016150198148,-1.332189339550937e-05,0.0020168262093947,False
3.356,-1.1646511227403922e-05,0.002130187569490179,-0.0005748163280693856,-2.9670161563989275e-56,0.0,0.00011016852983043002,-1.3033555145296901e-05,0.0020001857062646794,False
3.357,-9.516690769116776e-06,0.00212937368376824,-0.0010528051026010854,-2.6846672382269823e-56,0.0,-0.0038272748339620586,-9.565175174408278e-06,0.002014228955822971,False
3.358,-7.387923036496038e-06,0.00212808227700997,-0.0015298407323033464,-2.429187372123033e-56,0.0,0.0024581568688951225,-1.128450775561543e-05,0.001977476102030911,False
3.359,-5.260685056352434e-06,0.00212631435530324,-0.0020058173952755623,-2.1980196297173628e-56,0.0,-0.007482329857324336,-4.906137206003385e-06,0.0020193463876468525,False
3.36,-3.135452796563018e-06,0.0021240710303614034,-0.002480629666315426,-1.9888504065458143e-56,0.0,-0.002004815617501207,-3.14376439652053e-06,0.002014951447324379,False
3.361,-1.012701060647901e-06,0.002121353519115033,-0.0029541725400267713,-1.799586266718683e-56,0.0,5.0623247084686797e-05,-3.0956603424366986e-06,0.0019937327783075753,False
3.362,1.1070966172332342e-06,0.0021181631432806137,-0.0034263414537983984,-1.6283329911107047e-56,0.0,-0.005653996100228639,1.5702054164409734e-06,0.002017120869697086,False
3.363,3.2234680768418397e-06,0.002114501328906326,-0.003897032310648903,-1.4733766193793812e-56,0.0,-0.009477822822374742,9.200056131258228e-06,0.0020676864623519406,False
3.364,5.335942635955591e-06,0.0021103696058950502,-0.004366141501932583,-1.33316629607379e-56,0.0,-0.006169285148255336,1.3934698385234987e-05,0.002088147328470607,False
3.365,7.4440511939751525e-06,0.002105769607504736,-0.004833565929901513,-1.2062987491519716e-56,0.0,-0.0005060698081490371,1.3949561028689087e-05,0.0020619532308685643,False
3.366,9.547326335020057e-06,0.002100703069826288,-0.005299203030118945,-1.0915042455626775e-56,0.0,-0.001575592685780029,1.4830012890855816e-05,0.002044366108858283,False
3.367,1.164530243049129e-05,0.0020951718312391104,-0.005762950793719206,-9.876338833302211e-57,0.0,-0.004166900802116846,1.778373787137152e-05,0.0020467027559499273,False
3.368,1.373751574107831e-05,0.002089177831844471,-0.006224707789509326,-8.936480929573454e-57,0.0,-0.005162193874544838,2.1459659368575435e-05,0.0020552899631414404,False
3.369,1.5823504518188414e-05,0.0020827231128768475,-0.006684373185907665,-8.086062330642835e-57,0.0,-0.0026105425835993984,2.2965290547279288e-05,0.002042095773188371,False
3.37,1.7902809104776504e-05,0.002075809816093414,-0.007141846772714833,-7.316571761336696e-57,0.0,-0.0014357405771970137,2.3476995331119157e-05,0.002019156681313379,False
3.371,1.997497203555349e-05,0.0020684401831418463,-0.007597028982712304,-6.620307901402708e-57,0.0,-0.0024907772592768955,2.482847907418614e-05,0.002004428543546539,False
3.372,2.2039538136551725e-05,0.0020606165549066154,-0.00804982091308406,-5.990302308108288e-57,0.0,0.001546485645717891,2.287262286907326e-05,0.001957772756188523,False
3.373,2.4096054624026037e-05,0.0020523413708339495,-0.008500124346656783,-5.420249673723552e-57,0.0,-0.0072881546867474625,2.8125750712255366e-05,0.001981361780800359,False
3.374,2.614407120266917e-05,0.002043617168235648,-0.008947841772954034,-4.904444719882271e-57,0.0,-0.0029324017517735855,2.9703079033587065e-05,0.001968178233747341,False
3.375,2.8183140163120498e-05,0.002034446581571936,-0.009392876409060016,-4.437725097238369e-57,0.0,-0.005503191377269873,3.331731677536385e-05,0.0019743632344413346,False
3.376,3.0212816478747237e-05,0.0020248323417135557,-0.009835132220288461,-4.015419718938543e-57,0.0,0.0012383485740492938,3.137038992420026e-05,0.0019262173386035684,False
3.3770000000000002,3.223265790167742e-05,0.002014777275183282,-0.010274513940652341,-3.63330201081503e-57,0.0,-9.762082385806692e-05,3.056039573514039e-05,0.0018899716418468416,False
3.378,3.424222505806418e-05,0.0020042843033770746,-0.01071092709313005,-3.2875476104107313e-57,0.0,-0.00713855522760237,3.547451830750675e-05,0.0019093260459536578,False
3.379,3.624108154256113e-05,0.0019933564417650654,-0.011144278009723852,-2.9746960914743344e-57,0.0,-0.0025697143982337843,3.654990798966954e-05,0.0018904652352135483,False
3.38,3.822879401198867e-05,0.0019819967990725943,-0.011574473851306343,-2.691616330851297e-57,0.0,-0.00404976237805739,3.879324045802497e-05,0.0018827972542482493,False
3.3810000000000002,4.020493227817153e-05,0.001970208576441505,-0.012001422627250851,-2.4354751711509108e-57,0.0,-0.009248379580962321,4.518240334460914e-05,0.0019145557600634942,False
3.382,4.216906939992771e-05,0.0019579950665719196,-0.012425033214841612,-2.2037090655548767e-57,0.0,-0.004639916253099816,4.765894758431642e-05,0.0019069192193918829,False
3.383,4.412078177418966e-05,0.001945359652844718,-0.01284521537845975,-1.9939984209791116e-57,0.0,-0.0027743581486311653,4.855473299579828e-05,0.0018836174579802997,False
3.384,4.605964922623829e-05,0.0019323058084249412,-0.013261879788541025,-1.8042443828065197e-57,0.0,0.00037457861037430164,4.6875385412618325e-05,0.0018356231639736788,False
3.3850000000000002,4.7985255099030965e-05,0.0019188370953463552,-0.0136749380403015,-1.6325478288445345e-57,0.0,0.0019146967226429863,4.3996571475707695e-05,0.0017770117887069355,False
3.386,4.989718634160477e-05,0.0019049571635774058,-0.014084302672227184,-1.4771903622719002e-57,0.0,-0.010908290591004084,5.158232903793791e-05,0.0018202755434873702,False
3.387,5.179503359653649e-05,0.0018906697500688035,-0.014489887184323917,-1.33661711334571e-57,0.0,0.0025499433904200997,4.805575016607724e-05,0.0017545498942577581,False
3.388,5.367839128644111e-05,0.00187597867778298,-0.01489160605612372,-1.2094211777424096e-57,0.0,-0.0036738283124079603,4.96686060823487e-05,0.0017397436890628025,False
3.3890000000000002,5.5546857699490796e-05,0.001860887854705662,-0.015289374764443923,-1.0943295357864511e-57,0.0,-0.002052071139976866,4.9922589828984056e-05,0.0017116788332695715,False
3.39,5.740003507393662e-05,0.0018454012728398106,-0.015683109800895455,-9.901903116415026e-58,0.0,-0.009504448837943706,5.62036895811535e-05,0.001741795944473128,False
3.391,5.923752968161552e-05,0.0018295230071821791,-0.01607272868913676,-8.959612449499193e-58,0.0,-0.0024726458634760275,5.66130148670933e-05,0.0017137308968491996,False
3.392,6.105895191042521e-05,0.0018132572146827464,-0.01645815000186979,-8.106992595407688e-58,0.0,-0.005068562028828006,5.911269625047771e-05,0.0017059762296127514,False
3.3930000000000002,6.28639163457501e-05,0.0017966081331872834,-0.016839293377574695,-7.335510248065335e-58,0.0,-0.0047453928955666705,6.127986104950601e-05,0.001694549443195802,False
3.394,6.465204185082145e-05,0.0017795800803633184,-0.017216079536979803,-6.637444152835759e-58,0.0,-0.009060264081416214,6.687943104520115e-05,0.001715751236716113,False
3.395,6.642295164599524e-05,0.0017621774526097654,-0.017588430299263578,-6.005807829609784e-58,0.0,-0.006673025944035992,7.038732242775496e-05,0.0017153541959441976,False
3.396,6.817627338693171e-05,0.0017444047239504852,-0.017956268597985364,-5.434279649764267e-58,0.0,-0.009187698257166579,7.583197179795347e-05,0.001732786687389925,False
3.3970000000000002,6.991163924166052e-05,0.001726266444912054,-0.0183195184967417,-4.9171395671780576e-58,0.0,-0.005919634490137591,7.847611388476255e-05,0.0017218844517098292,False
3.398,7.16286859665158e-05,0.0017077672413860136,-0.018678105204545076,-4.449211870087849e-58,0.0,-0.0011774925718712461,7.720552974379458e-05,0.0016728835512674562,False
3.399,7.332705498092592e-05,0.0016889118134758823,-0.019031955090922155,-4.025813380825233e-58,0.0,-0.002487213963993905,7.703145721177928e-05,0.001635251681614428,False
3.4,7.500639244104276e-05,0.00166970493432921,-0.01938099570072844,-3.642706585000521e-58,0.0,-0.008179838530913235,8.14717305142092e-05,0.0016424261006860827,False
3.4010000000000002,7.666634931219558e-05,0.0016501514489549616,-0.019725155768676447,-3.296057221034459e-58,0.0,-0.0014087527517450322,8.03035055617782e-05,0.0015946178426032868,False
3.402,7.830658144015517e-05,0.0016302562730265153,-0.020064365233574685,-2.9823959055796e-58,0.0,-0.0038185606177873117,8.111964962908595e-05,0.0015666756291365302,False
3.403,7.992674962119383e-05,0.00161002439167057,-0.020398555252274464,-2.6985834107656625e-58,0.0,-0.003753652658008823,8.186010705498944e-05,0.0015381328195729859,False
3.404,8.152651967092746e-05,0.0015894608582422505,-0.020727658213322054,-2.4417792457518753e-58,0.0,-0.0054547039953972256,8.395694936144499e-05,0.001522776915213514,False
3.4050000000000002,8.310556249192578e-05,0.0015685707930867114,-0.021051607750313367,-2.2094132281399197e-58,0.0,-0.0038142406614295786,8.466605659527414e-05,0.001493782166518841,False
3.406,8.466355414007779e-05,0.0015473593822875342,-0.021370338754948804,-1.9991597607246192e-58,0.0,-0.007720753939233458,8.851823631867403e-05,0.0014951584514984828,False
3.407,8.62001758896989e-05,0.001525831876402222,-0.021683787389785585,-1.808914556135451e-58,0.0,-0.009122366245209967,9.339615370657393e-05,0.0015055111826493914,False
3.408,8.771511429736738e-05,0.0015039935891850921,-0.0219918911006853,-1.6367735764212654e-58,0.0,-0.006307638797519971,9.585669898413659e-05,0.001491417720092549,False
3.4090000000000003,8.920806126447746e-05,0.0014818498962978779,-0.022294588628954247,-1.481013976798501e-58,0.0,-0.003111790894487254,9.565978111372564e-05,0.001451386055287807,False
3.41,9.067871409849708e-05,0.0014594062340083406,-0.022591820023174353,-1.3400768628415242e-58,0.0,-0.0021877455392466717,9.472022904916391e-05,0.0014047059535246221,False
3.411,9.21267755729183e-05,0.0014366680978772095,-0.022883526650722432,-1.2125516885432534e-58,0.0,-0.001944606342197193,9.36104301224242e-05,0.0013571196572646216,False
3.412,9.355195398588901e-05,0.0014136410414337572,-0.023169651208975663,-1.0971621390966204e-58,0.0,-0.0006042630804625393,9.144678479949116e-05,0.0013001831675803906,False
3.4130000000000003,9.495396321751468e-05,0.0013903306748403285,-0.023450137736201297,-9.927533571069962e-59,0.0,-0.006126667817276322,9.381604014304916e-05,0.0012879323377182528,False
3.414,9.633252278581915e-05,0.0013667426635461377,-0.023724931622128517,-8.982803843912254e-59,0.0,-0.009110082520535401,9.853387100582542e-05,0.001297856966003658,False
3.415,9.768735790135409e-05,0.0013428827269306538,-0.023993979618200652,-8.127977036849055e-59,0.0,-0.0063007891886510525,0.00010084326671711867,0.001283462070852514,False
3.416,9.901819952044669e-05,0.0013187566369368942,-0.02425722984750585,-7.3544977558780675e-59,0.0,-0.00046437611707842797,9.836137342317476e-05,0.0012226578939510068,False
3.4170000000000003,0.00010032478439707584,0.0012943702166949489,-0.02451463181438449,-6.654624760379969e-59,0.0,-0.0046709467801018065,9.935594727766115e-05,0.0011965004570439004,False
3.418,0.00010160685513336694,0.0012697293391360602,-0.02476613641371165,-6.021353486180377e-59,0.0,-0.0052630526665646896,0.00010080177279332637,0.0011747469090620545,False
3.419,0.0001028641602286963,0.001244839925597583,-0.025011695939853043,-5.448345941517276e-59,0.0,-0.004300392701327507,0.00010142714174357826,0.0011450242572158432,False
3.42,0.0001040964541273961,0.0012197079444191518,-0.025251264095292852,-4.929867274289191e-59,0.0,-0.004460877033219645,0.00010216473451458588,0.001116569744653602,False
3.4210000000000003,0.00010530349726505115,0.001194339409530387,-0.025484795998932087,-4.460728375727806e-59,0.0,-0.0004295279593333184,9.961717358448289e-05,0.0010566914577301238,False
3.422,0.00010648505611337937,0.0011687403790304658,-0.025712248194056056,-4.0362339460532874e-59,0.0,-0.0011119242614159824,9.769435835044166e-05,0.0010040561866161064,False
3.423,0.00010764090322368787,0.0011429169537598924,-0.025933578655969607,-3.652135502335949e-59,0.0,-0.00795358210580526,0.00010136583977840911,0.001006205792082543,False
3.424,0.00010877081726889697,0.0011168752758648,-0.02614874679929902,-3.3045888582511222e-59,0.0,-0.00230735244166023,0.00010036142524352321,0.000962564874079525,False
3.4250000000000003,0.00010987458308412509,0.0010906215273541182,-0.026357713484959328,-2.990115650170345e-59,0.0,-0.007141543050033379,0.0001032998002771346,0.0009575294370663359,False
3.426,0.00011095199170582721,0.0010641619286499396,-0.026560441026786032,-2.7055685245290495e-59,0.0,-0.00878975905642837,0.00010748948938379748,0.0009639153335617256,False
3.427,0.00011200284040948056,0.0010375027371314243,-0.026756893197830263,-2.4480996380542256e-59,0.0,-0.0024680035605027465,0.00010644161200085808,0.0009189487621192122,False
3.428,0.00011302693274581102,0.0010106502456725766,-0.026947035236316343,-2.2151321555917524e-59,0.0,-0.0031129563682814314,0.00010594566054195233,0.0008800222130404337,False
3.4290000000000003,0.00011402407857555447,0.0009836107811742347,-0.02713083385126111,-2.0043344602740705e-59,0.0,-0.011241308797299145,0.00011204542627339428,0.0009050319410257928,False
3.43,0.00011499409410274733,0.0009563907030906096,-0.027308257227754065,-1.8135968179148885e-59,0.0,-0.004871408154182185,0.00011281450986417435,0.0008771575575031565,False
3.431,0.000115936801906541,0.0009289964019507136,-0.027479275031897794,-1.64101026208034e-59,0.0,-0.007013189218447298,0.00011529603324328463,0.0008658782946217977,False
3.432,0.00011685203097153549,0.0009014342978750188,-0.027643858415408014,-1.484847488511288e-59,0.0,-0.00404052070707312,0.00011530021101134792,0.0008303559701948692,False
3.4330000000000003,0.00011773961671662722,0.0008737108390876866,-0.027801980019872656,-1.343545567681733e-59,0.0,-0.002673583603611644,0.00011419743871840417,0.000784588378232969,False
3.434,0.00011859940102236719,0.0008458325004247073,-0.02795361398066968,-1.2156903024747968e-59,0.0,-1.2313295764546442e-05,0.00011097104433833971,0.0007191670709992312,False
3.435,0.00011943123225682529,0.0008178057818382943,-0.02809873593054313,-1.1000020744226497e-59,0.0,-0.0088711025818549,0.0001150091949699292,0.0007250189551933899,False
3.436,0.00012023496529995726,0.0007896372068978718,-0.028237323002837194,-9.953230368547898e-60,0.0,-0.002554332010087555,0.00011381811010040695,0.0006796384711325988,False
3.4370000000000003,0.00012101046156647114,0.0007613333212880009,-0.02836935383438801,-9.006055267793982e-60,0.0,-0.0038655634673282887,0.00011372250654883938,0.0006455590014351345,False
3.438,0.00012175758902719018,0.0007329006913035837,-0.028494808568073165,-8.149015795199859e-60,0.0,-0.00404752155243466,0.00011377694689153192,0.0006133217918504668,False
3.439,0.0001224762222289098,0.0007043459023426903,-0.028613668855018738,-7.373534411662892e-60,0.0,-0.010399752701926855,0.00011897335139414183,0.0006308505132766178,False
3.44,0.00012316624231274633,0.0006756755573973491,-0.028725917856463945,-6.671849838848349e-60,0.0,-0.004274746199976918,0.000119062969937609,0.0005979333928442967,False
3.4410000000000003,0.00012382753703097562,0.0006468962755426446,-0.02883154024528348,-6.036939381707172e-60,0.0,-0.007097063569196485,0.00012143532590633788,0.000587301497053959,False
3.442,0.00012446000076236005,0.0006180146904244623,-0.028930522207167703,-5.462448642983519e-60,0.0,-0.0058931426644686135,0.00012276561437414904,0.0005662385268095074,False
3.443,0.00012506353452596282,0.0005890374487462264,-0.029022851441460978,-4.942627926271238e-60,0.0,-0.00625855045030535,0.00012435407910873215,0.0005475916354487115,False
3.444,0.00012563804599344852,0.0005599712087549683,-0.029108517161658368,-4.472274691119696e-60,0.0,-0.009924604226510536,0.0001288659912202341,0.0005568921047714742,False
3.4450000000000003,0.00012618344949986963,0.0005308226387270701,-0.02918751009556127,-4.046681484260314e-60,0.0,-0.0071222100169953916,0.00013098089026823993,0.0005420360964330723,False
3.446,0.00012669966605293877,0.0005015984154540221,-0.02925982248509226,-3.661588825832027e-60,0.0,-0.005261206249236166,0.00013152896726406808,0.0005118104017333659,False
3.447,0.00012718662334078675,0.00047230522272853647,-0.029325448085769822,-3.313142579075172e-60,0.0,-0.005644433492172354,0.00013237181717332312,0.00048463032598530873,False
3.448,0.0001276442557382072,0.00044294974983135477,-0.02938438216584365,-2.9978553768353784e-60,0.0,-0.0031541344407686436,0.0001311743441690335,0.0004379528396246909,False
3.4490000000000003,0.00012807250431138832,0.0004135386900190909,-0.029436621505091007,-2.712571718820942e-60,0.0,-0.004904972516011304,0.0001314284902986652,0.00040601509621451066,False
3.45,0.00012847131682113338,0.00038407873901344586,-0.02948216439327518,-2.4544363902953062e-60,0.0,-0.0033126664366622746,0.00013038611724296398,0.0003619140437929101,False
3.451,0.00012884064772457102,0.00035457659349213326,-0.029521010628266682,-2.2208658861283055e-60,0.0,-0.01233692214006308,0.00013668037476244522,0.0003890507086416697,False
3.452,0.00012918045817535752,0.0003250389495818515,-0.029553161513828217,-2.0095225542084793e-60,0.0,-0.003978036799029998,0.00013602792430280507,0.0003477040648064485,False
3.4530000000000003,0.00012949071602237337,0.0002954725013536388,-0.029578619857064472,-1.8182911994350268e-60,0.0,-0.006597098685145533,0.00013751466222551548,0.0003275236067087402,False
3.454,0.00012977139580691628,0.00026588393932094575,-0.02959738996553758,-1.6452579141342976e-60,0.0,-0.00034321191552171004,0.00013389538994829173,0.00025815842852458493,False
3.455,0.000130022478758394,0.00023627994894075875,-0.029609477644049788,-1.4886909230285064e-60,0.0,-0.006786426634602866,0.00013559586605065016,0.00024150700356416886,False
3.456,0.0001302439527885197,0.0002066672091181071,-0.029614890191094093,-1.3470232510466832e-60,0.0,-0.00493864174598346,0.00013575196842652927,0.00020981483983134215,False
3.457,0.00013043581248401394,0.00017705239071428446,-0.029613636394974566,-1.218837040511485e-60,0.0,-0.002688835131564709,0.00013408194108777315,0.00016088855262586877,False
3.458,0.00013059805909781654,0.000147442155059115,-0.02960572652959739,-1.1028493607430022e-60,0.0,-0.006438864537404423,0.00013549570351638235,0.0001425202930824652,False
3.459,0.00013073070053881323,0.00011784315246759222,-0.029591172349934365,-9.978993680573066e-61,0.0,-0.0049183621850302384,0.00013563822380946482,0.00011181997935165549,False
3.46,0.00013083375136008096,8.826202076121771e-05,-0.029569987087160042,-9.02936687652689e-61,0.0,-0.007422723393216117,0.00013780452790653757,0.00010087952415692901,False
3.461,0.00013090723274565723,5.8705383794364997e-05,-0.02954218544346442,-8.170109011056008e-61,0.0,-0.0018163915967870734,0.00013536989885395317,4.5353131437486435e-05,False
3.462,0.00013095117249583828,2.917984998599249e-05,-0.029507783586542602,-7.392620342636244e-61,0.0,-0.009996454112578122,0.0001396277997873052,5.531413948325828e-05,False
3.463,0.00013096560501101197,-3.0798914297256583e-07,-0.029466799143763236,-6.68911950335109e-61,0.0,-0.006542881239054891,0.00014096861618123169,3.6170018322927486e-05,False
3.464,0.00013095057127403089,-2.97515604262587e-05,-0.02941925119601756,-6.05256562034618e-61,0.0,-0.0022800766897585313,0.00013881977012731705,-1.660260759517275e-05,False
3.465,0.00013090611883113197,-5.91443105025649e-05,-0.02936516027125085,-5.476587848407253e-61,0.0,-0.0029563973508320122,0.00013727945061021253,-6.245676448159946e-05,False
3.466,0.00013083230177140915,-8.847970725924878e-05,-0.02930454833767818,-4.9554216083999296e-61,0.0,0.0014525642196356594,0.00013221277450414524,-0.0001413470638385261,False
3.467,0.00013072918070484576,-0.00011775124126907352,-0.02923743879668669,-4.483850893424194e-61,0.0,-0.010103959597528436,0.0001366471975728767,-0.00012690468234316732,False
3.468,0.0001305968227389137,-0.00014695242721970107,-0.029163856475426027,-4.0571560652641784e-61,0.0,-0.0033420676585321973,0.0001354807325878415,-0.00016745127434942343,False
3.469,0.00013043530145374695,-0.000176076805335621,-0.02908382761908963,-3.671066618662572e-61,0.0,-0.004658351943312837,0.00013541314254957298,-0.000196723484834497,False
3.47,0.00013024469687589708,-0.00020511794279220663,-0.028997379882888537,-3.3217184406686424e-61,0.0,-0.010577819719514464,0.00014014055933522432,-0.00017956989741456296,False
3.471,0.00013002509545067872,-0.0002340694351215925,-0.028904542323720323,-3.005615137297048e-61,0.0,0.001483282849146005,0.00013496792579200257,-0.0002588210579035691,False
3.472,0.00012977659001311336,-0.0002629249076100692,-0.0288053453915354,-2.7195930404416568e-61,0.0,-0.003241699610373198,0.00013376778183058809,-0.00029784776863699147,False
3.473,0.00012949927975748014,-0.00029167801668669393,-0.02869982092040299,-2.4607895448217937e-61,0.0,0.0009510155162093595,0.00012920673901254765,-0.0003684727892040736,False
3.474,0.00012919327020548258,-0.0003203224513028184,-0.02858800211927935,-2.226614458066436e-61,0.0,-0.0017774728685108427,0.0001269842588530915,-0.0004148106671344023,False
3.475,0.00012885867317304043,-0.00034885193430223666,-0.028469923562480744,-2.0147240771983712e-61,0.0,-0.002023512655902928,0.0001250239864612249,-0.000457613513730017,False
3.476,0.00012849560673571612,-0.0003772602237816596,-0.028345621179863636,-1.8229977320670554e-61,0.0,-0.00733531207178454,0.00012742032050627888,-0.0004576278833204403,False
3.477,0.0001281041951927858,-0.0004055411144412241,-0.02821513224671497,-1.6495165609689643e-61,0.0,-0.005041184504034072,0.0001278911490781933,-0.0004766875154562817,False
3.478,0.00012768456902996484,-0.0004336884389247492,-0.028078495373354967,-1.4925443060347132e-61,0.0,-0.004559138197321512,0.00012795831343413236,-0.0004995209719617245,False
3.479,0.00012723686488079852,-0.0004616960691494516,-0.027935750494455486,-1.350509936176723e-61,0.0,-0.0034260109897078675,0.0001271060624377868,-0.0005309524384830396,False
3.48,0.00012676122548672814,-0.0004895579176248395,-0.027786938858076572,-1.2219919236820544e-61,0.0,-0.00893106826994828,0.00013073550056298984,-0.0005187688979006121,False
3.481,0.00012625779965584402,-0.0005172679387605021,-0.027632103014424148,-1.1057040170852654e-61,0.0,-0.007928986498414232,0.00013345067787368586,-0.0005163244158422552,False
3.482,0.00012572674222033613,-0.0005448201301625201,-0.027471286804331845,-1.00048236793142e-61,0.0,-0.005846504734808718,0.0001344026867880419,-0.0005314640169553876,False
3.483,0.00012516821399265437,-0.0005722085339182196,-0.02730453534746991,-9.05273882589569e-62,0.0,-0.00028021645298864726,0.00013082059967501128,-0.0005902273029917646,False
3.484,0.00012458238172038982,-0.000599427237869001,-0.02713189503028421,-8.19125682537734e-62,0.0,-0.005632713269988505,0.00013167403472064942,-0.000604901397724545,False
3.485,0.0001239694180398893,-0.0006264703768709732,-0.026953413493668636,-7.4117556763438635e-62,0.0,-0.002716494361478805,0.00013014197249089726,-0.0006425317492145918,False
3.486,0.00012332950142861563,-0.0006533321340431271,-0.026769139620373823,-6.706433869296348e-62,0.0,-0.002065630654602169,0.00012812631388152136,-0.0006840471702238834,False
3.487,0.00012266281615626583,-0.0006800067420027889,-0.026579123522155627,-6.068232306523017e-62,0.0,-0.008263023986805396,0.00013118591145314253,-0.0006758689345174901,False
3.488,0.00012196955223466057,-0.0007064884840880916,-0.026383416526666488,-5.490763652276682e-62,0.0,-0.0026470308249459716,0.00012961143689774657,-0.0007130085596600028,False
3.489,0.00012124990536641753,-0.0007327716955672119,-0.02618207116409313,-4.968248406171728e-62,0.0,-0.002880293865792801,0.00012827046003488962,-0.0007471370932587875,False
3.49,0.00012050407689242238,-0.0007588507648341188,-0.025975141153543862,-4.495457060001698e-62,0.0,-0.00840022408490643,0.00013143706568969553,-0.0007372618247147943,False
3.491,0.0001197322737381109,-0.0007847201345905858,-0.025762681389189072,-4.067657759063462e-62,0.0,-0.0010184590798523203,0.00012853679182792466,-0.0007865182207807204,False
3.492,0.00011893470835857587,-0.0008103743030142215,-0.02554474792615824,-3.68056894416492e-62,0.0,-0.0004041996706880746,0.00012522133592242726,-0.0008385651226917205,False
3.493,0.00011811159868251321,-0.000835807824912277,-0.02532139796619706,-3.330316500341524e-62,0.0,-0.008180397482038975,0.0001282963567521876,-0.0008278681661583286,False
3.494,0.00011726316805502144,-0.0008610153128609928,-0.02509268984308834,-3.013394983411577e-62,0.0,-0.004551307594659782,0.00012834569692087846,-0.0008470620974045048,False
3.495,0.0001163896451792691,-0.0008859914383302482,-0.02485868300784017,-2.7266325363126447e-62,0.0,-0.004305280054741759,0.0001281944262022639,-0.0008679819578138925,False
3.496,0.00011549126405704502,-0.0009107309327932861,-0.024619438013645203,-2.467159144089973e-62,0.0,0.0005655967284919549,0.0001241034127240686,-0.0009265006448296802,False
3.497,0.0001145682639282064,-0.0009352285888212824,-0.024375016500614518,-2.232377909822179e-62,0.0,0.001367428230012237,0.00011947908262256687,-0.000988574411503366,False
3.498,0.00011362088920903999,-0.0009594792611625396,-0.024125481180290186,-2.0199390640040124e-62,0.0,0.0008308741226061307,0.00011542026317771183,-0.0010434828096300684,False
3.499,0.00011264938942955184,-0.0009834778678060824,-0.02387089581994004,-1.8277164472633634e-62,0.0,-0.006528507700558192,0.00011743548462656874,-0.0010384895981462613,False
3.5,0.00011165401916970137,-0.0010072193910294425,-0.023611325226638644,-1.6537862310436389e-62,0.0,0.0005959152248574458,0.00011362483103402837,-0.0010899984239583632,False
3.501,0.00011063503799459567,-0.0010306988784304176,-0.023346835231138396,-1.496407663280947e-62,0.0,-0.001025805353226751,0.00011123530574417878,-0.0011264189104050366,False
3.5020000000000002,0.00010959271038866004,-0.0010539114439425989,-0.02307749267153461,-1.3540056463723556e-62,0.0,-0.006361475581209914,0.00011323388054593073,-0.001119722564042805,False
3.503,0.00010852730568880134,-0.0010768522688344624,-0.022803365376728606,-1.2251549730696728e-62,0.0,-0.003428995574387742,0.00011280133783765556,-0.001136916041372475,False
3.504,0.00010743909801658043,-0.0010995166026918233,-0.02252452214969286,-1.1085660625262782e-62,0.0,-0.010699885581990648,0.00011826841375479945,-0.001097119267833704,False
3.505,0.00010632836620941067,-0.0011218997643834597,-0.022241032750542213,-1.0030720537385676e-62,0.0,-0.006797150659849064,0.00012042044304907563,-0.0010908560541798382,False
3.5060000000000002,0.00010519539375079916,-0.0011439971430097105,-0.021952967879415246,-9.076171272088327e-63,0.0,-0.00011017091068361764,0.0001170969251575501,-0.0011377727307768774,False
3.507,0.0001040404686996481,-0.0011658041988338622,-0.021660399159170028,-8.212459379488553e-63,0.0,-0.004144755811884716,0.00011713446639752618,-0.0011511168066778129,False
3.508,0.00010286388361863336,-0.0011873164641961413,-0.021363399117898297,-7.43094054066162e-63,0.0,-0.002362995665640338,0.00011572822294953179,-0.0011781974369043378,False
3.509,0.00010166593550167787,-0.0012085295444101301,-0.021062041171262327,-6.723793052390997e-63,0.0,-0.010319398668407465,0.00012080426413590738,-0.0011423588085888799,False
3.5100000000000002,0.00010044692570053744,-0.0012294391186414338,-0.020756399604658773,-6.083939544933593e-63,0.0,0.0006291870776324576,0.00011687119828781894,-0.001194648025241766,False
3.511,9.920715985051688e-05,-0.0012500409407684265,-0.020446549555213658,-5.504976149324583e-63,0.0,-0.0012166145051486048,0.00011454417202472173,-0.0012300354858824955,False
3.512,9.794694779533435e-05,-0.001270330840224909,-0.020132566993612863,-4.981108405304394e-63,0.0,-0.001921042612681161,0.00011285348100594918,-0.0012583902828697884,False
3.513,9.666660351115225e-05,-0.001290304722824517,-0.01981452870577248,-4.507093268412843e-63,0.0,0.0031221619964918413,0.00010712713782238638,-0.001324836722439594,False
3.5140000000000002,9.536644502979281e-05,-0.0013099585715667212,-0.0194925122743533,-4.0781866358379307e-63,0.0,-0.006489933804910921,0.0001093461531917203,-0.0013128927171505928,False
3.515,9.4046794361157e-05,-0.0013292884474242666,-0.019166596060123924,-3.690095865840349e-63,0.0,-0.005760576165784426,0.00011091170849866299,-0.0013078611787558853,False
3.516,9.270797741486532e-05,-0.0013482904901118999,-0.018836859183176846,-3.3389368155521496e-63,0.0,0.004874814276616732,0.0001038212436613594,-0.0013864317676737703,False
3.517,9.135032392113927e-05,-0.001366960918836242,-0.018503381504001975,-3.021194967169416e-63,0.0,-0.0027887511895724193,0.00010313703933862647,-0.0014009627138474672,False
3.5180000000000002,8.997416735094249e-05,-0.0013852960330266648,-0.018166243604422063,-2.7336902534768095e-63,0.0,-0.010292788426033183,0.00010854836893310522,-0.001356593405331196,False
3.519,8.857984483540047e-05,-0.0014032922130470349,-0.017825526768394554,-2.473545230666024e-63,0.0,-0.007720688417121572,0.0001117236689367189,-0.0013354253671360667,False
3.52,8.71676970845183e-05,-0.001420945920888196,-0.017481312962684323,-2.238156279911007e-63,0.0,0.0009703652815488957,0.00010777169023685326,-0.0013837080394051363,False
3.521,8.573806830521542e-05,-0.0014382537008410612,-0.017133684817411877,-2.025167549475644e-63,0.0,-0.0013220593137851983,0.00010578792518057418,-0.001411648322311498,False
3.5220000000000002,8.42913061186972e-05,-0.001455212180150191,-0.016782725606481582,-1.832447376557753e-63,0.0,0.0034892318583891182,9.996459786097158e-05,-0.00147573427002318,False
3.523,8.282776147718267e-05,-0.0014718180696477441,-0.016428519227894484,-1.6580669528912848e-63,0.0,0.005776811225336013,9.245401312374889e-05,-0.001554014321516059,False
3.524,8.134778858000816e-05,-0.0014880681643676843,-0.01607115018395031,-1.500281020584901e-63,0.0,-0.0027847024181301234,9.208867867743222e-05,-0.0015610609186305453,False
3.525,7.985174478912662e-05,-0.001503959344140135,-0.015710703561343284,-1.3575104049943962e-63,0.0,-0.0025691224285872153,9.155913914291974e-05,-0.0015695252133187758,False
3.5260000000000002,7.833999054402264e-05,-0.0015194885741657792,-0.015347265011156425,-1.2283262098120792e-63,0.0,-0.0008145111532882761,8.962386892695706e-05,-0.0015912869476646988,False
3.527,7.681288927606306e-05,-0.0015346529055702055,-0.01498092072875888,-1.111435516192258e-63,0.0,-0.007033306021837142,9.277890585764017e-05,-0.0015634479415876465,False
3.528,7.527080732230324e-05,-0.0015494494759381036,-0.01461175743361107,-1.0056684427848666e-63,0.0,-0.004745317587303538,9.39919065720419e-05,-0.001555293266966225,False
3.529,7.371411383876927e-05,-0.001563875509827222,-0.014239862348982254,-9.099664371697028e-64,0.0,0.006755024952257832,8.585851249732182e-05,-0.0016373313638078971,False
3.5300000000000002,7.214318071323648e-05,-0.0015779283192620002,-0.013865323181585208,-8.233716815080151e-64,0.0,0.00015932153606544293,8.329627000868076e-05,-0.001663082955662757,False
3.531,7.055838247752437e-05,-0.0015916053042067976,-0.013488228101132786,-7.450175063796388e-64,0.0,-0.0010067385595710354,8.175081989472708e-05,-0.0016781994096692343,False
3.532,6.896009621932861e-05,-0.0016049039530186405,-0.013108665719820976,-6.741197168641414e-64,0.0,0.0029231003721413356,7.70671121469888e-05,-0.0017229623196135966,False
3.533,6.734870149361057e-05,-0.0016178218428794181,-0.012726725071743251,-6.099687440544818e-64,0.0,-0.0009443228656484011,7.564765784780159e-05,-0.0017348009270598173,False
3.5340000000000003,6.572458023356495e-05,-0.0016303566402074605,-0.012342495592240921,-5.519225434528943e-64,0.0,-0.0001006323618764353,7.358528079290554e-05,-0.0017523678192469644,False
3.535,6.408811666118618e-05,-0.0016425061010484363,-0.011956067097194236,-4.9940016917375654e-64,0.0,0.0013876410188964385,7.03762720101945e-05,-0.001780295893845347,False
3.536,6.243969719745422e-05,-0.0016542680714455146,-0.011567529762258928,-4.518759596419033e-64,0.0,-0.002445644390845718,7.036208162192641e-05,-0.0017764858749588245,False
3.537,6.077971037216069e-05,-0.001665640487788738,-0.01117697410205305,-4.088742765949012e-64,0.0,-0.005978642110998021,7.32090202893196e-05,-0.0017452163675209364,False
3.5380000000000003,5.910854673339596e-05,-0.0016766213771435585,-0.010784490949298753,-3.6996474473545114e-64,0.0,0.005333528477041339,6.681562418634995e-05,-0.0018037447444365646,False
3.539,5.74265987567182e-05,-0.0016872088575584968,-0.01039017143392385,-3.3475794439075844e-64,0.0,0.002521850158431209,6.28800800527844e-05,-0.001836561603557356,False
3.54,5.573426075402516e-05,-0.0016974011383518828,-0.009994106962127837,-3.029015140695592e-64,0.0,-0.001332459227906743,6.217696784716439e-05,-0.0018370610710614988,False
3.541,5.4031928782149746e-05,-0.0017071965203776472,-0.009596389195417221,-2.740766239098828e-64,0.0,-0.008413559138099809,6.722746603619196e-05,-0.0017820981998874401,False
3.5420000000000003,5.232000055120024e-05,-0.0017165933962701363,-0.00919711002961485,-2.479947847226311e-64,0.0,0.0025104567552150267,6.328947569895978e-05,-0.0018152717513213433,False
3.543,5.0598875332666247e-05,-0.0017255902506679223,-0.008796361573848024,-2.2439496069480913e-64,0.0,0.0032866867437347015,5.883456202025671e-05,-0.0018521588675842406,False
3.544,4.886895386731131e-05,-0.0017341856604165965,-0.00839423612952015,-2.0304095685537172e-64,0.0,-0.00410970488250568,6.049488202980869e-05,-0.001828859580973835,False
3.545,4.7130638272873266e-05,-0.0017423782947505245,-0.007990826169270698,-1.837190551565652e-64,0.0,0.0036403465594572492,5.583280313871512e-05,-0.0018669580256507874,False
3.5460000000000003,4.538433195159336e-05,-0.0017501669154535604,-0.007586224315928166,-1.662358755118725e-64,0.0,0.0032932621182405653,5.158388797426525e-05,-0.0018996132240414244,False
3.547,4.3630439497595165e-05,-0.001757550376998711,-0.007180523321460847,-1.5041644038310989e-64,0.0,0.0058211526634207224,4.540851247424905e-05,-0.0019494650053186629,False
3.548,4.1869366604134374e-05,-0.0017645276266667507,-0.006773816045930107,-1.3610242354641299e-64,0.0,0.0019044532871241204,4.25795641149593e-05,-0.0019652105353527797,False
3.549,4.0101519970740484e-05,-0.0017710977046437957,-0.006366195436450914,-1.2315056551017292e-64,0.0,-0.0019297212645335263,4.293538315990663e-05,-0.0019495354482871763,False
3.5500000000000003,3.832730721027144e-05,-0.0017772597440978413,-0.005957754506164311,-1.1143123972589315e-64,0.0,0.005560671427291408,3.7216022967284654e-05,-0.0019925038108129425,False
3.551,3.654713675590224e-05,-0.0017830129712342819,-0.00554858631322658,-1.008271552421232e-64,0.0,0.004959735012443617,3.214533809578783e-05,-0.0020274734004587128,False
3.552,3.476141776806854e-05,-0.0017883567053304287,-0.0051387839398197785,-9.12321828171936e-65,0.0,-0.001800504985984364,3.2692235385368225e-05,-0.002006922328686423,False
3.553,3.297056004138621e-05,-0.0017932903587490523,-0.004728440471188319,-8.25502927420941e-65,0.0,0.0019427340244076452,3.0192670800027712e-05,-0.0020160025376218323,False
3.5540000000000003,3.117497391156782e-05,-0.0017978134369309752,-0.004317648974706298,-7.4694593742869025e-65,0.0,-0.0027693444242715875,3.157939221401202e-05,-0.00198706792676608,False
3.555,2.9375070162357053e-05,-0.0018019255383667503,-0.0039065024789802115,-6.758646334354254e-65,0.0,0.00672743842372964,2.5237111119906705e-05,-0.0020330511257879553,False
3.556,2.757125993250177e-05,-0.0018056263545474602,-0.0034950939529917084,-6.115476098595306e-65,0.0,0.004784111664299259,2.0648114720314807e-05,-0.0020602453731217015,False
3.557,2.5763954622786816e-05,-0.0018089156698946837,-0.003083516285285008,-5.533511603113599e-65,0.0,-0.0010858482429419326,2.094217482374065e-05,-0.002039173339349494,False
3.5580000000000003,2.3953565803147193e-05,-0.001811793361669671,-0.0026718622632036114,-5.006928351633332e-65,0.0,0.0035292707738747453,1.7490962764869662e-05,-0.0020543978297023232,False
3.559,2.2140505119882426e-05,-0.0018142593998617838,-0.00226022455218087,-4.5304561219829475e-65,0.0,0.002758068287608547,1.4762013789664006e-05,-0.002061734885589425,False
3.56,2.032518420299287e-05,-0.0018163138470562556,-0.0018486956750890131,-4.099326219940256e-65,0.0,0.0017835420770892872,1.2899493498386656e-05,-0.002060049062762827,False
3.561,1.8508014573658547e-05,-0.0018179568582813303,-0.001437367991651178,-3.709223752537851e-65,0.0,-0.0009337369814064835,1.3289983141271636e-05,-0.00203630897542376,False
3.5620000000000003,1.6689407551881128e-05,-0.0018191886808348466,-0.0010263336779209836,-3.356244443164002e-65,0.0,-0.0038148193059491563,1.600226645787459e-05,-0.001990605510027376,False
3.563,1.4869774164309589e-05,-0.0018200096540903397,-0.0006156847058341485,-3.036855556250052e-65,0.0,0.0028443197940109023,1.3245667980112232e-05,-0.0019985821552385877,False
3.564,1.3049525052269976e-05,-0.0018204202092827293,-0.00020551282283665063,-2.747860540465455e-65,0.0,-0.0032016068471539877,1.546267888525398e-05,-0.0019580480239987106,False
3.565,1.1229070380019638e-05,-0.0018204208692736783,0.00020409046840609896,-2.4863670365576585e-65,0.0,0.0023430425368618866,1.3127264878901126e-05,-0.0019622169610978538,False
3.5660000000000003,9.40881974324626e-06,-0.0018200122482967022,0.0006130339302146445,-2.249757929648552e-65,0.0,-0.004794324739704153,1.663728145294373e-05,-0.0019096330257217765,False
3.567,7.589182077831851e-06,-0.0018191950516821176,0.0010212266100110097,-2.0356651562691214e-65,0.0,0.006957190997952895,1.0532426514639335e-05,-0.0019508327084477057,False
3.568,5.770565568901834e-06,-0.0018179700755619219,0.0014285778603399702,-1.8419460039843199e-65,0.0,0.005898741074219066,5.4576281322656965e-06,-0.001980301036550227,False
3.569,3.953377560179258e-06,-0.0018163382065547013,0.001834997358791719,-1.6666616664068251e-65,0.0,0.00023397998427036426,5.113501031942082e-06,-0.0019628331018269837,False
3.5700000000000003,2.138024463664033e-06,-0.0018143004214306662,0.0022403951278215915,-1.5080578389710614e-65,0.0,0.005491234896229995,5.222399531178166e-07,-0.001986301503240904,False
3.571,3.249116696570326e-07,-0.001811857786756921,0.0026446815544625486,-1.364547161263464e-65,0.0,-0.003911174574702313,3.6743826060272822e-06,-0.0019340533972524933,False
3.572,-1.4855565428512433e-06,-0.0018090114585230762,0.0030477674099261436,-1.2346933301859307e-65,0.0,0.004961117923718811,-4.468492279239453e-07,-0.0019530002682179085,False
3.573,-3.2929770954078287e-06,-0.0018057626817473181,0.003449563869087739,-1.117196724951658e-65,0.0,0.004831011726626001,-4.345935870554442e-06,-0.0019686742791155975,False
3.5740000000000003,-5.096948198920807e-06,-0.0018021127900630517,0.0038499825298517593,-1.0108814000434881e-65,0.0,0.0033822264789849805,-6.961416618340333e-06,-0.001970959960963825,False
3.575,-6.897069442059799e-06,-0.0017980632052862402,0.004248935432392815,-9.146833159559257e-66,0.0,0.004610540598292673,-1.0497360761377387e-05,-0.00198147843914429,False
3.576,-8.692941879214199e-06,-0.0017936154369635681,0.004646335078268547,-8.276396899301295e-66,0.0,0.000302606338347204,-1.0444890082591148e-05,-0.001956595804347487,False
3.577,-1.048416811799003e-05,-0.0017887710819015567,0.005042094449400092,-7.488793601004606e-66,0.0,0.007770328740456524,-1.6440645214223404e-05,-0.001990131619462397,False
3.5780000000000003,-1.227035240622646e-05,-0.0017835318236767669,0.005436127026916104,-6.776140666137223e-66,0.0,-0.002553902314372886,-1.3906778900967772e-05,-0.0019399666300622133,False
3.579,-1.4051100718513107e-05,-0.0017778994321272278,0.00582834680985629,-6.131305624596072e-66,0.0,0.0047545369267994455,-1.7362487131952042e-05,-0.0019484956158065975,False
3.58,-1.582602084218946e-05,-0.0017718757628252344,0.006218668333730479,-5.547834750548866e-66,0.0,0.008384602759097312,-2.365958487242086e-05,-0.0019834612109763407,False
3.581,-1.7594722462807824e-05,-0.0017654627565316593,0.006607006688929249,-5.019888471376808e-66,0.0,0.009295660305525404,-3.0515920771198736e-05,-0.002021996352618563,False
3.5820000000000003,-1.9356817249041423e-05,-0.0017586624386319303,0.006993277538982216,-4.5421829232690703e-66,0.0,0.0007094308320036794,-3.0225535026268958e-05,-0.0019898727146452342,False
3.583,-2.1111918937019345e-05,-0.0017514769185538264,0.007377397138660091,-4.1099370685378123e-66,0.0,0.007515616625927036,-3.5454460451376344e-05,-0.002011218055687353,False
3.584,-2.2859643414070293e-05,-0.001743908389167253,0.007759282351916696,-3.7188248453860345e-66,0.0,0.0005121713785562251,-3.486439183822497e-05,-0.0019752227197962014,False
3.585,-2.4599608801857132e-05,-0.0017359591261661557,0.008138850669667089,-3.364931871227076e-66,0.0,0.004458429983532857,-3.748639691449621e-05,-0.0019706316946456943,False
3.586,-2.6331435538884522e-05,-0.0017276314874327394,0.008516020227398126,-3.0447162662280173e-66,0.0,0.008985286908216568,-4.36995653486737e-05,-0.0020000167997945755,False
3.587,-2.805474646236197e-05,-0.0017189279123841627,0.008890709822607687,-2.754973204985846e-66,0.0,0.003939477310103698,-4.5650976298390396e-05,-0.0019867172161656837,False
3.588,-2.9769166889404896e-05,-0.00170985092130188,0.009262838932068921,-2.492802841557645e-66,0.0,0.0014250295391135916,-4.551109400581544e-05,-0.0019530266865069568,False
3.589,-3.147432469755643e-05,-0.0017004031146438082,0.009632327728915908,-2.2555812868277227e-66,0.0,-0.00015476465759625083,-4.409599040435812e-05,-0.0019074856758915645,False
3.59,-3.316985040461287e-05,-0.001690587172339499,0.009999097099547143,-2.0409343477434235e-66,0.0,0.0024875241084445898,-4.4860496027266666e-05,-0.0018837175412497432,False
3.591,-3.485537724773591e-05,-0.0016804058530684996,0.010363068660343328,-1.8467137655930644e-66,0.0,0.0015477535913867991,-4.484238771182737e-05,-0.0018525196937091112,False
3.592,-3.653054126183485e-05,-0.0016698619935220907,0.010724164774195976,-1.6709757155106926e-66,0.0,0.005699118240184009,-4.818622145293672e-05,-0.0018539845619445108,False
3.593,-3.819498135720237e-05,-0.001658958507648591,0.01108230856684342,-1.5119613520234852e-66,0.0,0.006899289326560045,-5.240708912557418e-05,-0.0018631100618385656,False
3.594,-3.984833939638743e-05,-0.0016476983858824243,0.011437423943010807,-1.3680792059350888e-66,0.0,0.005871401602707782,-5.567603931449133e-05,-0.0018620354873583643,False
3.595,-4.149026027028921e-05,-0.0016360846943571455,0.01178943560235079,-1.2378892563669914e-66,0.0,-0.0024096394841003847,-5.2147050763796935e-05,-0.0017949015942491703,False
3.596,-4.312039197345618e-05,-0.0016241205741026271,0.012138269055181582,-1.1200885185455624e-66,0.0,0.009765584188249035,-5.857655474073308e-05,-0.001825019833891767,False
3.597,-4.4738385678574456e-05,-0.00161180924022661,0.012483850638019168,-1.0134980030924897e-66,0.0,0.006035533474485284,-6.180356207559918e-05,-0.0018225772369725177,False
3.598,-4.6343895810130014e-05,-0.0015991539810808267,0.012826107528900494,-9.170509163028093e-67,0.0,0.00017970275228101473,-6.01975524234818e-05,-0.0017729850401049074,False
3.599,-4.79365801172294e-05,-0.0015861581574119073,0.013164967762494475,-8.297819833149448e-67,0.0,0.0019421581288364687,-6.0064146588675815e-05,-0.0017384585787294897,False
3.6,-4.95160997455638e-05,-0.0015728252014972815,0.013500360244997778,-7.508177873154522e-67,0.0,0.005211765536314481,-6.258197687670078e-05,-0.0017298270859738387,False
3.601,-5.1082119308501666e-05,-0.001559158616266293,0.013832214768812315,-6.79368028089986e-67,0.0,-0.0010662638739879506,-5.994502702676355e-05,-0.0016711818222191416,False
3.602,-5.263430695729505e-05,-0.0015451619744067486,0.014160462027001509,-6.147176124331241e-67,0.0,0.002928263278943384,-6.061724349073655e-05,-0.0016455862513505366,False
3.603,-5.417233445038539e-05,-0.0015308389174571214,0.014485033627522395,-5.562194972552177e-67,0.0,-0.001317605134850746,-5.783245915306325e-05,-0.0015868982081935882,False
3.604,-5.569587722179439e-05,-0.0015161931548846358,0.01480586210723069,-5.0328821375767066e-67,0.0,0.003564316598186619,-5.907956889219637e-05,-0.0015682398128414442,False
3.605,-5.7204614448586e-05,-0.0015012284631494616,0.015122880945656041,-4.553940078644208e-67,0.0,0.000848998917162794,-5.809269764194206e-05,-0.0015280370937927952,False
3.606,-5.869822911738577e-05,-0.0014859486847552494,0.015436024578544672,-4.1205753826508994e-67,0.0,0.008332605100505833,-6.319339455128446e-05,-0.0015470114116321182,False
3.607,-6.0176408089943966e-05,-0.001470357727286241,0.015745228411166753,-3.728450790060376e-67,0.0,-0.003519667380597178,-5.855255553112888e-05,-0.0014710002627017827,False
3.608,-6.163884216772927e-05,-0.00145445956243119,0.01605042883138587,-3.373641786152364e-67,0.0,0.005378727977729675,-6.124841669237598e-05,-0.0014673917115048004,False
3.609,-6.308522615553975e-05,-0.0014382582249943341,0.016351563222487948,-3.052597323160327e-67,0.0,-0.0033250669105590056,-5.6820269733030096e-05,-0.0013947470529563602,False
3.61,-6.451525892411867e-05,-0.0014217578118936604,0.01664856997576719,-2.762104280191872e-67,0.0,0.006231019526543612,-6.025533862848561e-05,-0.0013994801316176803,False
3.611,-6.5928643471762e-05,-0.0014049624811467046,0.016941388502866507,-2.499255305234886e-67,0.0,-6.466948309012894e-05,-5.8495333498860406e-05,-0.0013534572963291214,False
3.612,-6.73250869849059e-05,-0.0013878764508441367,0.017229959247870033,-2.261419717401408e-67,0.0,0.0041332676074247844,-6.018434640166581e-05,-0.001341490722565184,False
3.613,-6.870430089768158e-05,-0.0013705039981113767,0.01751422369914542,-2.0462171781890992e-67,0.0,0.009126737829343496,-6.58687882682935e-05,-0.0013676775945366732,False
3.614,-7.006600095042598e-05,-0.001352849458058496,0.01779412440093359,-1.8514938682534514e-67,0.0,0.0010098788395343735,-6.481977713480694e-05,-0.0013275785368985012,False
3.615,-7.14099072471366e-05,-0.0013349172227186546,0.018069604964683718,-1.675300931259864e-67,0.0,0.007613986652435192,-6.914795078073159e-05,-0.0013398417722301288,False
3.616,-7.27357443118591e-05,-0.0013167117399753327,0.018340610080131294,-1.515874969074414e-67,0.0,0.001955787177785313,-6.877192559891759e-05,-0.0013057823326989172,False
3.617,-7.404324114399668e-05,-0.0012982375124786128,0.01860708552611717,-1.3716203930826326e-67,0.0,0.0008253035834423134,-6.749118566975176e-05,-0.0012634906230899678,False
3.618,-7.533213127253038e-05,-0.001279499096550774,0.018868978181145496,-1.2410934550023572e-67,0.0,0.006994364315683865,-7.124193289019107e-05,-0.0012703151698986075,False
3.619,-7.660215280913966e-05,-0.001260501101081459,0.01912623603367861,-1.1229877973656612e-67,0.0,0.0026738671728686473,-7.138800537740723e-05,-0.001241575040904352,False
3.62,-7.785304850021318e-05,-0.0012412481864126786,0.01937880819216698,-1.0161213790542342e-67,0.0,-0.0008948315117472652,-6.864030359606592e-05,-0.0011853089943414956,False
3.621,-7.908456577773944e-05,-0.0012217450632139204,0.019626644894812254,-9.194246450345717e-68,0.0,0.008839375366285538,-7.385242079478919e-05,-0.0012067890636163156,False
3.622,-8.02964568090679e-05,-0.0012019964913476272,0.019869697519061716,-8.319298218917104e-68,0.0,-0.0034549231128167823,-6.896192861613785e-05,-0.0011297604378469356,False
3.623,-8.148847854553065e-05,-0.0011820072787253168,0.02010791859083237,-7.52761232027611e-68,0.0,0.003808921642305792,-7.009168905398479e-05,-0.001112549363251534,False
3.624,-8.266039276991585e-05,-0.0011617822801546142,0.020341261793462986,-6.811265295854313e-68,0.0,0.00935691245273475,-7.568173224090404e-05,-0.0011381435998080946,False
3.625,-8.381196614278358e-05,-0.001141326396177467,0.020569681976392504,-6.163087703858752e-68,0.0,0.004054467974194643,-7.681987584071214e-05,-0.0011194079946541791,False
3.626,-8.494297024761574e-05,-0.0011206445718998208,0.02079313516356327,-5.576592365088724e-68,0.0,0.004484584750355397,-7.827403705199188e-05,-0.0011036617609578277,False
3.6270000000000002,-8.605318163479147e-05,-0.0010997417958130296,0.021011578561547627,-5.045909437065926e-68,0.0,1.2695440969670568e-06,-7.605677247488844e-05,-0.0010524768179527707,False
3.628,-8.714238186437987e-05,-0.0010786230986072785,0.021224970567396386,-4.565727666678014e-68,0.0,-0.0021842086671417524,-7.213272737062702e-05,-0.0009859554237777108,False
3.629,-8.821035754774229e-05,-0.0010572935519772967,0.021433270776207963,-4.13124123337228e-68,0.0,0.006919692993822311,-7.569147031463541e-05,-0.0009929739737058701,False
3.63,-8.925690038793672e-05,-0.001035758267420643,0.021636439988416727,-3.738101650888267e-68,0.0,0.006575321388279915,-7.88705147901558e-05,-0.00099546449841418,False
3.6310000000000002,-9.028180721891668e-05,-0.0010140223950288422,0.021834440216799516,-3.382374246145697e-68,0.0,0.006459985727192724,-8.186607568856654e-05,-0.0009954485845720742,False
3.632,-9.128488004351795e-05,-0.0009920911222716581,0.022027234693199026,-3.0604987797137974e-68,0.0,-0.0020300500830259557,-7.79022192253068e-05,-0.0009278711128166828,False
3.633,-9.226592607022614e-05,-0.000969969672774784,0.022214787874963057,-2.7692538137384374e-68,0.0,0.004428207352965116,-7.928005702294192e-05,-0.000913275986625852,False
3.634,-9.322475774871889e-05,-0.0009476633050912365,0.022397065451098604,-2.5057244707093216e-68,0.0,0.005020317069441153,-8.109828785179875e-05,-0.0009027656813549714,False
3.6350000000000002,-9.416119280417628e-05,-0.0009251773114667389,0.02257403434813977,-2.267273260386144e-68,0.0,0.0084673760799742,-8.565613077095766e-05,-0.0009182937715185109,False
3.636,-9.507505427035391e-05,-0.0009025170165993793,0.022745662735728697,-2.05151368290977e-68,0.0,0.002584168857891235,-8.532107350853475e-05,-0.0008855976053893308,False
3.637,-9.596617052141281e-05,-0.0008796877763938325,0.02291192003190863,-1.8562863439095188e-68,0.0,0.002997239611896229,-8.532998204221695e-05,-0.0008566460113637524,False
3.638,-9.683437530250095e-05,-0.0008566949767104318,0.02307277690812836,-1.6796373425585e-68,0.0,0.005827460652318587,-8.763031506314083e-05,-0.0008500372326457581,False
3.6390000000000002,-9.76795077590814e-05,-0.0008335440321093826,0.023228205293957388,-1.5197987162774137e-68,0.0,0.003087794313648433,-8.764710314932586e-05,-0.0008210369057777102,False
3.64,-9.850141246500242e-05,-0.0008102403845904043,0.023378178381511152,-1.3751707463708209e-68,0.0,-0.0011378659053033519,-8.424182823796573e-05,-0.0007594651997457317,False
3.641,-9.929993944930497e-05,-0.0007867895023280929,0.023522670629585758,-1.244305947504757e-68,0.0,0.005747973358794192,-8.65086374448203e-05,-0.0007538588413275613,False
3.642,-0.00010007494422176361,-0.0007631968784032946,0.023661657767501752,-1.1258945807869925e-68,0.0,0.004333705108837143,-8.756604861750729e-05,-0.0007361810848252176,False
3.6430000000000002,-0.00010082628779715687,-0.0007394680295307801,0.02379511679865647,-1.0187515454599814e-68,0.0,0.004052001920005379,-8.836539292389807e-05,-0.000715981520999643,False
3.644,-0.00010155383671826361,-0.000715608494783514,0.023923026003784584,-9.21804518014153e-69,0.0,0.008847957093348222,-9.302544826074972e-05,-0.0007329322669848441,False
3.645,-0.00010225746307758201,-0.0006916238343138082,0.024045364943926662,-8.340832200138084e-69,0.0,0.008254345379687125,-9.70727799939974e-05,-0.0007427572042625576,False
3.646,-0.00010293704453776831,-0.0006675196280716539,0.02416211446310535,-7.547097072244136e-69,0.0,0.005690388582632098,-9.892933164002347e-05,-0.0007305064950922414,False
3.6470000000000002,-0.00010359246435079259,-0.0006433014745205234,0.02427325669070912,-6.828895828516133e-69,0.0,0.00472416610178554,-9.995090208082081e-05,-0.000709949083653208,False
3.648,-0.00010422361137580923,-0.0006189749893509339,0.024378775043583475,-6.179040469511072e-69,0.0,0.0035583005691831766,-9.999950045843575e-05,-0.000680038891940398,False
3.649,-0.00010483038009573987,-0.0005945458041920668,0.02447865422782957,-5.591027024372102e-69,0.0,0.006826829867792348,-0.00010269330398211761,-0.0006758734616266322,False
3.65,-0.00010541267063256723,-0.0005700195653217352,0.024572880240310232,-5.058970456902126e-69,0.0,0.00010679100771708886,-9.98694378836099e-05,-0.0006181172722658135,False
3.6510000000000002,-0.00010597038876133812,-0.0005454019323749905,0.024661440369863563,-4.5775457661435183e-69,0.0,0.003447922619805352,-9.983097010537427e-05,-0.0005884089609593387,False
3.652,-0.00010650344592287452,-0.0005206985770516622,0.024744323198224262,-4.1419346919787394e-69,0.0,0.007601885184942258,-0.00010315712494849505,-0.000591377159111631,False
3.653,-0.0001070117592351918,-0.0004959151818231226,0.02482151860065284,-3.74777749236361e-69,0.0,0.010347968036793479,-0.00010861256516193323,-0.0006140287907261351,False
3.654,-0.00010749525150362346,-0.0004710574386385679,0.02489301774627313,-3.391129309563572e-69,0.0,-0.0028358876843957844,-0.00010323821093920979,-0.0005311149058604568,False
3.6550000000000002,-0.00010795385122965194,-0.00044613104763110723,0.024958813098118343,-3.0684206886915685e-69,0.0,0.010050038666692428,-0.00010845011481274832,-0.0005520772188963609,False
3.656,-0.00010838749261844567,-0.00042114171582395196,0.025018898412886206,-2.7764218534037996e-69,0.0,-0.0033473174800167193,-0.00010266625125123989,-0.0004659523964012575,False
3.657,-0.0001087961155851024,-0.0003960951558369944,0.02507326874040353,-2.512210381212507e-69,0.0,0.0038172804028909664,-0.00010284759668370756,-0.000439418172121765,False
3.658,-0.00010917966575959939,-0.00037099708459406735,0.02512192042280096,-2.2731419548994586e-69,0.0,0.008848916420525387,-0.00010709800197649754,-0.00045224615626950375,False
3.6590000000000003,-0.00010953809449045147,-0.00034585322203117336,0.025164851093398343,-2.0568238973004397e-69,0.0,0.006281104403944793,-0.00010914875042570189,-0.00044283411973915026,False
3.66,-0.00010987135884707772,-0.0003206692898059733,0.02520205967530145,-1.8610912245879894e-69,0.0,0.00861843289182792,-0.00011303395417220258,-0.00045069639668207786,False
3.661,-0.00011017942162087862,-0.00029545101000882196,0.025233546379710925,-1.6839849783855784e-69,0.0,0.000986930622830372,-0.00011062969686597042,-0.00039714843514252233,False
3.662,-0.00011046225132502493,-0.00027020410387563825,0.025259312703944065,-1.523732619853748e-69,0.0,0.006742967623646464,-0.00011295433511158783,-0.00039018634942897387,False
3.6630000000000003,-0.00011071982219296063,-0.0002449342905028972,0.025279361429170488,-1.3787302895256334e-69,0.0,0.0020175925099146165,-0.00011138687825410527,-0.00034537121812718447,False
3.664,-0.00011095211417562187,-0.0002196472855650285,0.02529369661786246,-1.247526755342345e-69,0.0,0.0035640263303299714,-0.00011111601638482291,-0.0003138684290193839,False
3.665,-0.00011115911293737482,-0.00019434880003450712,0.0253023236109611,-1.1288088882347456e-69,0.0,0.00066890123360566,-0.0001085085999152981,-0.0002603197289421504,False
3.666,-0.00011134080985067497,-0.00016904453890491966,0.025305249024759245,-1.0213885198863693e-69,0.0,0.01370851731084103,-0.00011653347142445243,-0.00031014078425538994,False
3.6670000000000003,-0.00011149720198945109,-0.0001437401999172885,0.025302480747502427,-9.241905511455526e-70,0.0,0.0026673633046966592,-0.00011539071175225877,-0.0002694915542881892,False
3.668,-0.00011162829212121732,-0.00011844147228993587,0.025294027935708802,-8.362421920717722e-70,0.0,0.002218755972784772,-0.0001139170931785387,-0.00022637118169330824,False
3.669,-0.00011173408869791696,-9.31540354521677e-05,0.025279901010209563,-7.566632259269533e-70,0.0,0.0015589352097655869,-0.00011195096925021217,-0.00017932796484262866,False
3.67,-0.000111814605845502,-6.788355778205652e-05,0.025260111651911037,-6.846571996705044e-70,0.0,0.0015740700379753506,-0.00011005282035484206,-0.00013390314387980016,False
3.6710000000000003,-0.00011186986335225263,-4.2635695348600653e-05,0.025234672797279742,-6.195034527895896e-70,0.0,0.002911583106444831,-0.00010929147168603669,-0.00010033603994000017,False
3.672,-0.00011189988665584108,-1.7416090658536394e-05,0.02520359863355205,-5.6054990468649416e-70,0.0,0.004000912252102079,-0.00010943374759137336,-7.599804345704444e-05,False
3.673,-0.00011190470682914491,7.769628591922464e-06,0.025166904593669718,-5.0720652843683056e-70,0.0,0.0013197325619050317,-0.00010740099568546807,-3.099402311492854e-05,False
3.674,-0.00011188436056481446,3.291585076014418e-05,0.025124607350943035,-4.5893944560176426e-70,0.0,0.0075134541564947175,-0.00011044101131907401,-3.5702349085189484e-05,False
3.6750000000000003,-0.00011183889015859997,5.801698149466619e-05,0.02507672481344299,-4.152655829931551e-70,0.0,-0.0042796815987495886,-0.00010384577488594269,5.293112139208864e-05,False
3.676,-0.00011176834349144409,8.30674449670397e-05,0.02502327611812436,-3.757478379147239e-70,0.0,0.007542229689758885,-0.00010700984579181386,4.529806013064081e-05,False
3.677,-0.00011167277401034534,0.0001080616850976635,0.024964281624681207,-3.39990703491353e-70,0.0,0.0008192456824609074,-0.00010464053492521258,9.164367365023743e-05,False
3.678,-0.00011155224070799906,0.0001329941667753402,0.02489976290913678,-3.076363103033453e-70,0.0,0.005259964494194224,-0.00010593409425461483,0.00010173698852415266,False
3.6790000000000003,-0.00011140680810122183,0.0001578593770702903,0.024829742757169475,-2.7836084470898824e-70,0.0,0.006742714057477022,-0.00010839160094171241,0.00010082237892184596,False
3.68,-0.00011123654620816643,0.0001826518264403612,0.024754245157176908,-2.518713080087896e-70,0.0,0.004226970014149347,-0.00010874242197911274,0.00012071846050847417,False
3.681,-0.00011104153052433405,0.00020736604993016992,0.024673295293079905,-2.2790258401601307e-70,0.0,0.003968845909902588,-0.00010887429334804686,0.0001425767588467025,False
3.682,-0.00011082184199739097,0.0002319966083629208,0.024586919536868593,-2.062147856847726e-70,0.0,0.0019525719005740738,-0.00010736981693783831,0.00017994897858316527,False
3.6830000000000003,-0.0001105775670007972,0.00025653808952464107,0.02449514544089241,-1.865908542398484e-70,0.0,0.009899923722555484,-0.0001123430802007785,0.00015430916849388512,False
3.684,-0.00011030879730625483,0.0002809851093405793,0.02439800172989647,-1.6883438677950847e-70,0.0,0.0033522753946366828,-0.00011187366124337724,0.00018238345297970715,False
3.685,-0.00011001563005498394,0.0003053323130435145,0.024295518292806115,-1.5276767060925498e-70,0.0,0.009729160205905193,-0.00011658101514004686,0.00016028564260836772,False
3.686,-0.00010969816772783438,0.0003295743763337243,0.02418772617426215,-1.3822990463344621e-70,0.0,0.0014231600722841718,-0.00011442945606505296,0.00020541429276222663,False
3.6870000000000003,-0.00010935651811424187,0.000353706006530365,0.024074657565908878,-1.2507559000388439e-70,0.0,0.002770477807368288,-0.00011342981788294076,0.00023848617298536165,False
3.688,-0.00010899079428003711,0.0003777219437140174,0.023956345797437325,-1.1317307391843903e-70,0.0,0.009381425165370362,-0.00011781150333999941,0.00021924516986078895,False
3.689,-0.00010860111453411684,0.0004016169618601534,0.023832825327386058,-1.0240323199555316e-70,0.0,0.002406938631381275,-0.00011642165395901261,0.00025667469749776433,False
3.69,-0.00010818760239398607,0.0004253858699632844,0.02370413173370194,-9.265827603739368e-71,0.0,-0.0019972231583583753,-0.0001115050701153496,0.00032727146216377255,False
3.6910000000000003,-0.00010775038655018097,0.0004490235131515504,0.023570301704063393,-8.384067524933852e-71,0.0,0.002287939795026524,-0.00011019759022951097,0.00036129008781846675,False
3.692,-0.00010728960082958203,0.00047252477379151555,0.023431373025968684,-7.586218011900284e-71,0.0,0.004719964755249597,-0.00011089641540944353,0.00037535372485943857,False
3.693,-0.00010680538415762736,0.0004958845725829351,0.02328738457659175,-6.864293918545743e-71,0.0,0.00335365525123718,-0.00011046911234216147,0.00040024167864144715,False
3.694,-0.0001062978805194364,0.0005190978696432629,0.0231383763124083,-6.211069985896869e-71,0.0,0.003779805073107412,-0.00011039897966291593,0.00042132415212849946,False
3.6950000000000003,-0.00010576723891985437,0.000542159665581672,0.022984389258594723,-5.6200085292795665e-71,0.0,-0.0019762356739834635,-0.00010567007281094385,0.00048693259227295944,False
3.696,-0.00010521361334242791,0.0005650650025623604,0.02282546549820274,-5.0851940069733935e-71,0.0,0.004953920204193097,-0.00010668664581159977,0.000495527600457196,False
3.697,-0.00010463716270732305,0.000587808965356922,0.022661648161112304,-4.601273815481741e-71,0.0,0.0020391324865913574,-0.00010531425705304541,0.0005272164143836096,False
3.698,-0.00010403805082819617,0.0006103866823855596,0.022492981412765796,-4.163404718876966e-71,0.0,0.005137908168224477,-0.0001064898920096186,0.0005337550038669957,False
3.6990000000000003,-0.00010341644636802959,0.0006327933267469245,0.022319510442686274,-3.767204376067364e-71,0.0,0.005967984494753398,-0.00010830433595651475,0.0005343457960365803,False
3.7,-0.00010277252279394298,0.0006550241172363672,0.02214128145278262,-3.408707480854561e-71,0.0,0.001048996153793236,-0.00010608437190413841,0.0005741134172853401,False
3.701,-0.00010210645833099248,0.0006770743193523883,0.021958341645444725,-3.084326075816301e-71,0.0,-0.002004222063957101,-0.00010145508034089797,0.0006360959985739672,False
3.702,-0.00010141843591496925,0.0006989392462910808,0.021770739211431463,-2.790813642822605e-71,0.0,-0.0027902819619316163,-9.63204975280534e-05,0.0007012047042566312,False
3.7030000000000003,-0.00010070864314420983,0.0007206142599283575,0.021578523317554672,-2.5252326107911363e-71,0.0,0.0028326900822795847,-9.588444300886126e-05,0.0007192766212542717,False
3.704,-9.99772722304303e-05,0.0007420947717897629,0.021381744094162176,-2.2849249554884568e-71,0.0,0.0012832165472171086,-9.420611186870496e-05,0.0007489892855421647,False
3.705,-9.922451994859703e-05,0.0007633762440076668,0.02118045262242283,-2.0674855971301048e-71,0.0,0.00858504786354209,-9.848775879027372e-05,0.0007207121732381884,False
3.706,-9.845058758584656e-05,0.000784454190265648,0.020974700921417004,-1.870738329533738e-71,0.0,0.004491755189393517,-9.933365646779108e-05,0.0007267339893627699,False
3.7070000000000003,-9.765568088946762e-05,0.0008053241767298705,0.020764541935035408,-1.6927140399162116e-71,0.0,0.0018069878299797567,-9.798168064075227e-05,0.0007540032298571984,False
3.708,-9.684001001395839e-05,0.0008259818229672643,0.020550029518689738,-1.531631001351003e-71,0.0,0.01086356275033606,-0.00010400127896294638,0.0007098162660174221,False
3.709,-9.60037894671721e-05,0.000846422802850325,0.020331218425838234,-1.3858770406462728e-71,0.0,0.0031974206076979712,-0.00010364287883662642,0.0007287743298201889,False
3.71,-9.514723805556487e-05,0.000866642845448347,0.020108164294329576,-1.25399340317369e-71,0.0,0.003628327381399089,-0.00010364354816627594,0.0007439900520032406,False
3.7110000000000003,-9.427057882855887e-05,0.0008866377359049119,0.019880923632568378,-1.1346601531618077e-71,0.0,-0.0003592232304869651,-0.0001004154126065135,0.0007900692637538891,False
3.712,-9.337403902203516e-05,0.0009064033163014535,0.01964955380550573,-1.0266829633352165e-71,0.0,0.0005860498698480924,-9.804416599001157e-05,0.0008266744989183577,False
3.713,-9.245785000096989e-05,0.0009259354865067283,0.019414113020458132,-9.28981161685745e-72,0.0,0.003495473492420423,-9.809592929589822e-05,0.0008390516611715513,False
3.714,-9.15222472012282e-05,0.0009452302050120198,0.019174660312758315,-8.405769157437758e-72,0.0,-0.0057821203063432745,-9.063400392610089e-05,0.0009235178428598301,False
3.715,-9.056747007053008e-05,0.000964283489751912,0.018931255531241403,-7.605854461022284e-72,0.0,-0.0018602489482796355,-8.655915446400116e-05,0.0009728130153193855,False
3.716,-8.959376200860278e-05,0.000983091418910467,0.018683959323569924,-6.882061712468687e-72,0.0,0.002419868970102943,-8.60654690906108e-05,0.0009862246565478221,False
3.717,-8.860137030653434e-05,0.0010016501317126497,0.018432833121401253,-6.227146950674301e-72,0.0,-0.001106069651210251,-8.273076377127344e-05,0.0010266815587007538,False
3.718,-8.759054608534324e-05,0.001019955829200841,0.018177939125400965,-5.634555568578633e-72,0.0,0.006244188328591472,-8.544219016527903e-05,0.0010078285873324506,False
3.719,-8.656154423377895e-05,0.001038004774996291,0.017919340290105827,-5.098356712452828e-72,0.0,0.0010953174450051778,-8.390764829420244e-05,0.0010306036371324028,False
3.72,-8.551462334536867e-05,0.0010557932960453599,0.01765710030863991,-4.61318392392212e-72,0.0,0.004652111897186589,-8.529659097184576e-05,0.001024682424073111,False
3.721,-8.445004565472554e-05,0.0010733177833504035,0.017391283597287643,-4.174181430646687e-72,0.0,0.0013004113994845678,-8.393224337303602e-05,0.0010456016931406351,False
3.722,-8.336807697313359e-05,0.0010905746926851616,0.017121955279927315,-3.776955548119996e-72,0.0,-0.0015409134402794406,-8.030589360920144e-05,0.0010877219018170824,False
3.723,-8.22689866234252e-05,0.0011075605452945125,0.016849181172328902,-3.417530706197489e-72,0.0,0.007141064803789432,-8.381225678933698e-05,0.0010600048828498826,False
3.724,-8.115304737416666e-05,0.0011242719285784579,0.016573027766319814,-3.092309660254345e-72,0.0,0.0008711054265648278,-8.214235916904389e-05,0.001083134380168635,False
3.725,-8.002053537316764e-05,0.00114070549676021,0.016293562213822405,-2.798037488752197e-72,0.0,0.0022276514303663144,-8.161820439936759e-05,0.0010946192942661293,False
3.726,-7.887173008033066e-05,0.0011568579715382525,0.016010852310767022,-2.531769016890358e-72,0.0,0.0004691091210687211,-7.968498332008893e-05,0.0011194013562483194,False
3.727,-7.770691419985645e-05,0.0011727261427222557,0.015724966480884315,-2.2908393403065107e-72,0.0,0.0018334223480494314,-7.891125694911429e-05,0.00113232905476917,False
3.728,-7.652637361182161e-05,0.0011883068688527234,0.015435973759380777,-2.072837153818144e-72,0.0,-0.00013809111868837327,-7.65630908665982e-05,0.0011600711387672457,False
3.729,-7.533039730314478e-05,0.0012035970778042592,0.015143943776501186,-1.8755806182698165e-72,0.0,-0.0047150792510894666,-7.057540873589342e-05,0.0012219564331488123,False
3.73,-7.411927729795778e-05,0.001218593767372341,0.014848946740981988,-1.6970955239535493e-72,0.0,0.004691898550157723,-7.237440407548974e-05,0.0012069682623155036,False
3.731,-7.289330858739822e-05,0.0012332940058434945,0.014551053423399359,-1.5355955320545134e-72,0.0,0.0050843713360176615,-7.44402074709355e-05,0.0011899870787949766,False
3.732,-7.165278905884037e-05,0.0012476949325487654,0.014250335139415937,-1.3894642963717615e-72,0.0,0.0010596628215598027,-7.318859253982381e-05,0.0012055434569938999,False
3.733,-7.039801942458087e-05,0.0012617937584003876,0.013946863732930111,-1.2572392863821758e-72,0.0,-1.5355962850860123e-05,-7.110198792302649e-05,0.0012286705518324244,False
3.734,-6.912930314999624e-05,0.0012755877664115554,0.01364071155913182,-1.13759714974342e-72,0.0,0.002900110960139999,-7.143521981196096e-05,0.0012278138753844304,False
3.735,-6.784694638118915e-05,0.0012890743121992047,0.013331951467468751,-1.0293404677389031e-72,0.0,0.004432153559044185,-7.299952820518003e-05,0.001215209681669689,False
3.736,-6.655125787214036e-05,0.0013022508244697184,0.013020656784527003,-9.31385771108796e-73,0.0,-0.002225103945483963,-6.91290120653701e-05,0.0012553322063965867,False
3.737,-6.524254891138356e-05,0.0013151148054874708,0.012706901296830093,-8.427526963255142e-73,0.0,-0.0014690325029149721,-6.598039026358636e-05,0.0012871998524684766,False
3.738,-6.392113324822033e-05,0.0013276638315261324,0.012390759233560377,-7.625541737860213e-73,0.0,0.0016956825612971889,-6.548352297781443e-05,0.0012925186663858307,False
3.739,-6.258732701849237e-05,0.001339895553302658,0.012072305249206796,-6.899875497210879e-73,0.0,-0.005347906690346802,-5.9297425816219035e-05,0.0013523464077046631,False
3.74,-6.124144866992847e-05,0.0013518076963938885,0.011751614406143071,-6.243265529665874e-73,0.0,0.010904044996582098,-6.644611819922667e-05,0.001281955380524354,False
3.741,-5.9883818887083606e-05,0.001363398061635697,0.011428762157140265,-5.6491402619757765e-73,0.0,0.0008028713352795551,-6.521312807639803e-05,0.0012945122135160957,False
3.742,-5.85147605158876e-05,0.0013746645255046167,0.011103824327817787,-5.1115534887691456e-73,0.0,0.0030381418150979603,-6.582501660467659e-05,0.001288920769661318,False
3.743,-5.7134598487821014e-05,0.0013856050404818904,0.010776877099036894,-4.625124860930575e-73,0.0,0.0005969183244426998,-6.44428649798013e-05,0.0013026940693513236,False
3.744,-5.5743659743735715e-05,0.0013962176353998874,0.010447996989240704,-4.1849860372583476e-73,0.0,0.0012928457026612336,-6.366338759386461e-05,0.001310210979188267,False
3.745,-5.4342273157337945e-05,0.001406500415770833,0.010117260836744787,-3.786731960469385e-73,0.0,-0.0026561383611875735,-5.9708442713724667e-05,0.001347988756309473,False
3.746,-5.2930769458351456e-05,0.0014164515640978097,0.009784745781982362,-3.4263767699053654e-73,0.0,-0.002555482106509252,-5.59470843319517e-05,0.0013825963364081071,False
3.747,-5.150948115537858e-05,0.0014260693401679772,0.009450529249708215,-3.1003139096995616e-73,0.0,0.003715465361490024,-5.73700134087709e-05,0.0013661463194066105,False
3.748,-5.007874245847694e-05,0.0014353520813279823,0.009114688931165339,-2.8052800331535223e-73,0.0,-0.0002859536824348088,-5.5512601140154067e-05,0.001381726964567439,False
3.749,-4.863888920146972e-05,0.0014442982027415155,0.008777302766218414,-2.538322342066464e-73,0.0,0.0032917519746072967,-5.660475574315156e-05,0.001368367958755526,False
3.75,-4.719025876400729e-05,0.0014529061976289877,0.00843844892545816,-2.296769034138409e-73,0.0,0.0026061146075207244,-5.7110786639111414e-05,0.0013610364212003929,False
3.751,-4.573318999339808e-05,0.0014611746374892972,0.008098205792280622,-2.0782025626747426e-73,0.0,-0.004459206910077802,-5.1881568467089794e-05,0.0014090223181675075,False
3.7520000000000002,-4.42680231262267e-05,0.0014691021723036663,0.007756651944945508,-1.8804354409663284e-73,0.0,0.0005269810227488932,-5.08379458973738e-05,0.001415070240013012,False
3.753,-4.2795099709777184e-05,0.0014766875307215262,0.007413866138617578,-1.7014883491872835e-73,0.0,0.0027632365398983323,-5.1634632888054166e-05,0.001403128727984904,False
3.754,-4.131476252327931e-05,0.0014839295202284382,0.007069927287395188,-1.5395703246968888e-73,0.0,0.00870141110476896,-5.7216980218974866e-05,0.0013455036407265903,False
3.755,-3.982735549899601e-05,0.0014908270272960369,0.006724914446330046,-1.3930608374835166e-73,0.0,-0.0015776712919063373,-5.4317979733492714e-05,0.001371290036600476,False
3.7560000000000002,-3.83332236431698e-05,0.0014973790175139914,0.0063789067934422175,-1.2604935713555966e-73,0.0,-0.00039911078574602276,-5.2455437161494116e-05,0.0013861761296869374,False
3.757,-3.683271295684628e-05,0.0015035845357039815,0.00603198361173444,-1.1405417485563235e-73,0.0,0.0003133356544318634,-5.1222558905445185e-05,0.0013944259759571113,False
3.758,-3.5326170356592616e-05,0.0015094427060156877,0.005684224271209807,-1.0320048509259223e-73,0.0,0.001892465385404375,-5.130326807444421e-05,0.0013896817249648224,False
3.759,-3.381394359512904e-05,0.0015149527320048037,0.005335708210896828,-9.337966047123967e-74,0.0,0.0036592002157782772,-5.281224445758002e-05,0.0013712811125440468,False
3.7600000000000002,-3.2296381181891306e-05,0.0015201138966930796,0.004986514920885924,-8.449341087787105e-74,0.0,-0.003209322969499056,-4.871689909279107e-05,0.0014072882300803179,False
3.761,-3.077383230354213e-05,0.001524925562610407,0.004636723924381369,-7.64527997397843e-74,0.0,-0.0008963980142182378,-4.661042987621947e-05,0.0014228585061790194,False
3.762,-2.9246646744449442e-05,0.0015293871718189678,0.004286414759772674,-6.91773539181667e-74,0.0,0.0004857448283224035,-4.568280216986702e-05,0.0014264518468991227,False
3.763,-2.77151748071495e-05,0.0015334982459194646,0.003935666962729441,-6.259425830587372e-74,0.0,-0.0010275377927485597,-4.355613345027681e-05,0.0014413206617823028,False
3.7640000000000002,-2.6179767232812724e-05,0.0015372583860394592,0.0035845600483236737,-5.663762706936269e-74,0.0,-0.0073607595559900645,-3.6361619906349885e-05,0.0015042533868498873,False
3.765,-2.4640775121730094e-05,0.001540667272803849,0.0032331734931834977,-5.12478442411257e-74,0.0,-0.00783195953891025,-2.89894610111009e-05,0.0015665754630792659,False
3.766,-2.3098549853838013e-05,0.0015437246662875154,0.0028815867176822797,-4.63709670630492e-74,0.0,-0.0012402609446090368,-2.7163637464544164e-05,0.0015732398907477893,False
3.767,-2.155344300929942e-05,0.0015464304059501783,0.002529879068167102,-4.1958186109159955e-74,0.0,-0.0027238808085032883,-2.4188246274453206e-05,0.001590468081273766,False
3.7680000000000002,-2.000580628915891e-05,0.0015487844105535036,0.002178129799230499,-3.796533678448456e-74,0.0,-0.0006499646083835306,-2.2976462284178394e-05,0.0015898851596890062,False
3.769,-1.8455991436089624e-05,0.0015507866780605027,0.0018264180560294112,-3.4352457310938644e-74,0.0,0.00027783217153626164,-2.255027280368448e-05,0.001581485627491149,False
3.77,-1.6904350155249552e-05,0.0015524372855172785,0.0014748228566552318,-3.1083388776420243e-74,0.0,-0.012043093179717676,-1.2159703793282349e-05,0.0016688522896109413,False
3.771,-1.535123403526492e-05,0.001553736388917167,0.0011234230745588564,-2.8125413244264014e-74,0.0,-0.01132299781442824,-2.64667752025148e-06,0.0017444761722595493,False
3.7720000000000002,-1.3796994469358178e-05,0.0015546842230473338,0.0007722974210345897,-2.544892630113423e-74,0.0,-0.0013607064399571312,-1.4698838739632752e-06,0.0017369989006102698,False
3.773,-1.2241982576638185e-05,0.0015552811013178859,0.00042152442776676293,-2.302714076610572e-74,0.0,0.0008972129808329906,-2.154715489545685e-06,0.0017114476439475887,False
3.774,-1.0686549123569955e-05,0.0015555274155735616,7.118242944289755e-05,-2.0835818595553686e-74,0.0,-0.002038222798141173,-4.432678455980963e-07,0.0017093652834668151,False
3.775,-9.13104444564142e-06,0.0015554236358880705,-0.00027865045356278593,-1.885302830066643e-74,0.0,-0.0027786696487154504,1.8192293392694212e-06,0.0017122171829703368,False
3.7760000000000002,-7.575818369244493e-06,0.0015549703103411522,-0.0006278963324317173,-1.7058925449733885e-74,0.0,-0.00865102077690923,8.772547355491932e-06,0.0017596123330474694,False
3.777,-6.021220133787678e-06,0.0015541680647784318,-0.0009764775670654201,-1.5435554058405128e-74,0.0,0.004117098428644467,5.190249714935912e-06,0.0017036574010910568,False
3.778,-4.467598314057396e-06,0.0015530176025541514,-0.001324316783168313,-1.3966666880161771e-74,0.0,0.003832285901348313,1.940092110586867e-06,0.0016523224423623853,False
3.779,-2.9153007428451036e-06,0.0015515197042568613,-0.0016713368892451433,-1.2637562798413928e-74,0.0,-0.0026194475399834802,4.006119896913134e-06,0.001653383606002057,False
3.7800000000000002,-1.3646744338572108e-06,0.0015496752274181578,-0.0020174610935093642,-1.1434939692784153e-74,0.0,-0.003425744654692144,6.666468446144053e-06,0.0016596802055706148,False
3.781,1.8393449507530624e-07,0.001547485106204559,-0.002362612920698782,-1.034676130701572e-74,0.0,0.0048235241425915905,2.571852625733824e-06,0.0016003855513899495,False
3.782,1.7301808984707736e-06,0.0015449503510926125,-0.002706716228794842,-9.362136786074474e-75,0.0,-0.004075170638118585,5.798699424290829e-06,0.0016130384059865133,False
3.783,3.2737206793374544e-06,0.0015420720485273336,-0.0030496952256419273,-8.471211676811103e-75,0.0,0.0024234669325766205,3.6720424101800606e-06,0.0015733715128027998,False
3.7840000000000003,4.814210864964326e-06,0.001538851360564076,-0.003391474485463087,-7.665069301281829e-75,0.0,-0.0013550061387117248,4.665147393463804e-06,0.0015646082399020387,False
3.785,6.35130968234549e-06,0.001535289524493939,-0.003731978965268644,-6.935641515638547e-75,0.0,-0.002409619003295994,6.484045243281424e-06,0.001563655675073956,False
3.786,7.884676633221806e-06,0.0015313878524528227,-0.004071134021154141,-6.275627961433392e-75,0.0,-0.002561178424967942,8.374115560247491e-06,0.0015629884887731255,False
3.787,9.413972568723444e-06,0.001527147731014241,-0.004408865424484136,-5.678423001177662e-75,0.0,-6.461644989636878e-05,8.189113459265877e-06,0.0015419596982596006,False
3.7880000000000003,1.0938859763597182e-05,0.0015225706207660096,-0.00474509937795838,-5.1380496069016e-75,0.0,0.001277374662009808,6.922721853529752e-06,0.0015108128317621397,False
3.789,1.2459001990002381e-05,0.0015176580558709273,-0.005079762531556927,-4.649099540049521e-75,0.0,0.00038673017321365745,6.413389514997608e-06,0.0014875731604051794,False
3.79,1.3974064590859681e-05,0.001512411643611576,-0.005412781998360793,-4.2066792240105755e-75,0.0,-0.0077614939541033965,1.2516244025992328e-05,0.0015282567698932522,False
3.791,1.5483714552736612e-05,0.001506833063919362,-0.0057440853702447805,-3.806360767559243e-75,0.0,0.00410129541708196,8.840645679440351e-06,0.0014731334001022848,False
3.7920000000000003,1.698762057825443e-05,0.0015009240688879297,-0.006073600733439141,-3.444137649031678e-75,0.0,-0.009417133521314952,1.6215310394043218e-05,0.001525654827913624,False
3.793,1.8485453158000592e-05,0.0014946864822710825,-0.006401256683956756,-3.116384617710263e-75,0.0,-0.006781972054844928,2.124724253254801e-05,0.0015534171216515533,False
3.794,1.9976884641931473e-05,0.0014881221989653428,-0.006726982342882596,-2.8198214110959354e-75,0.0,-0.0028805825680451786,2.2977549479435457e-05,0.0015480064741640199,False
3.795,2.1461589310250023e-05,0.0014812331844772943,-0.0070507073715221965,-2.551479924938562e-75,0.0,-0.006998670311423449,2.799330339007773e-05,0.0015738434217371642,False
3.7960000000000003,2.29392434437432e-05,0.0014740214743758466,-0.00737236198640599,-2.3086745074519923e-75,0.0,0.003519051486236928,2.4350536503527408e-05,0.0015150467420454723,False
3.797,2.4409525393564212e-05,0.0014664891737295703,-0.007691876974146303,-2.0889750804083012e-75,0.0,-0.006024883760492324,2.853888871637669e-05,0.001532988737132947,False
3.798,2.5872115650444674e-05,0.0014586384565292482,-0.008009183706143924,-1.8901828180981081e-75,0.0,0.0035898287111644557,2.4823350403633663e-05,0.0014738238274200326,False
3.799,2.7326696913321996e-05,0.001450471565095798,-0.008324214153141146,-1.710308140743826e-75,0.0,-0.011688978484489266,3.358461454967584e-05,0.0015360682364559534,False
3.8000000000000003,2.877295415736744e-05,0.001441990809473719,-0.008636900899618253,-1.547550802116526e-75,0.0,-0.003722531851997922,3.56470196855133e-05,0.0015312662782494258,False
3.801,3.0210574701400452e-05,0.0014331985668102226,-0.008947177158030435,-1.4002818720665954e-75,0.0,-0.005403663893486474,3.9012216612228695e-05,0.0015385749106352896,False
3.802,3.1639248274675036e-05,0.0014240972807202064,-0.009254976782882193,-1.2670274336432978e-75,0.0,-0.008815108672296611,4.5044347050178984e-05,0.0015706773609885571,False
3.803,3.3058667083024095e-05,0.0014146894606372365,-0.009560234284636275,-1.1464538316385298e-75,0.0,-0.0009130901286243489,4.450713084116529e-05,0.0015379271675490956,False
3.8040000000000003,3.446852587434781e-05,0.0014049776811507042,-0.009862884843454312,-1.0373543249172399e-75,0.0,-0.0024360502587458498,4.52183054802787e-05,0.0015176601619463223,False
3.805,3.586852200343235e-05,0.0013949645813293293,-0.010162864322766273,-9.386370089465511e-76,0.0,0.0002612918132995209,4.37252427231052e-05,0.0014762731604699107,False
3.806,3.725835549608535e-05,0.0013846528640311783,-0.010460109282665971,-8.493138876481932e-76,0.0,-0.001507089990095643,4.3706381585280875e-05,0.0014498506692495682,False
3.807,3.863772911257469e-05,0.0013740452952003765,-0.010754556993129868,-7.684909852016742e-76,0.0,-0.002357101691254488,4.4376323557564e-05,0.0014303461682459392,False
3.8080000000000003,4.000634841035742e-05,0.001363144703150691,-0.011046145447056455,-6.953593988337937e-76,0.0,-0.002308059968902384,4.4987569423464924e-05,0.0014103435121761358,False
3.809,4.136392180608583e-05,0.0013519539778361648,-0.011334813373123559,-6.291872030478068e-76,0.0,-0.008875146415155463,5.089897143588127e-05,0.0014413659671510118,False
3.81,4.27101606368777e-05,0.0013404760701089848,-0.011620500248460959,-5.693121242670445e-76,0.0,-0.008913759437488669,5.667410944173781e-05,0.0014694040142214373,False
3.811,4.4044779220838096e-05,0.001328713990964772,-0.01190314631113573,-5.151349125783599e-76,0.0,-0.005646483656198506,5.964001213464282e-05,0.0014688312486541729,False
3.8120000000000003,4.5367494916820337e-05,0.0013166708107754813,-0.012182692572447798,-4.661133442375829e-76,0.0,-0.002448510513620959,5.9932408967767076e-05,0.0014419021571683039,False
3.813,4.6678028183413634e-05,0.0013043496585100993,-0.012459080829033218,-4.217567949120409e-76,0.0,0.0020053427033321683,5.661016037084075e-05,0.0013804657296671164,False
3.814,4.797610263714549e-05,0.001291753720943339,-0.012732253674772745,-3.816213293473328e-76,0.0,-0.010610187266407582,6.359706859224006e-05,0.0014195418867152694,False
3.815,4.9261445109886843e-05,0.0012788862418525216,-0.013002154512503325,-3.453052583140911e-76,0.0,-0.004224614823288481,6.521546326637778e-05,0.0014050144296866138,False
3.8160000000000003,5.053378570544826e-05,0.0012657505212028486,-0.01326872756553013,-3.124451183671622e-76,0.0,-0.007674156048574575,6.958114329411167e-05,0.0014166887148328255,False
3.817,5.179285785535568e-05,0.001252349914321261,-0.01353191788893692,-2.827120341812828e-76,0.0,-0.002895773149074135,6.995396364535072e-05,0.0013888751896915276,False
3.818,5.3038398373794445e-05,0.0012386878310590907,-0.013791671380692386,-2.5580842705628586e-76,0.0,-0.00020171397673627916,6.813479380660497e-05,0.0013402193578690282,False
3.819,5.427014751171037e-05,0.0012247677349437075,-0.014047934792550393,-2.314650366494498e-76,0.0,-0.008587822555064314,7.315755070687472e-05,0.0013582719777165899,False
3.8200000000000003,5.548784901005713e-05,0.0012105931423193714,-0.014300655740741913,-2.094382261274869e-76,0.0,-0.0002650786377698319,7.129889836924655e-05,0.0013088559038101548,False
3.821,5.669125015217915e-05,0.0011961676214774968,-0.014549782716456554,-1.8950754376722667e-76,0.0,0.0003881757712479489,6.8963969450889e-05,0.001255829547030525,False
3.822,5.788010181531957e-05,0.0011814947917765412,-0.014795265096111714,-1.7147351660067398e-76,0.0,-0.002499615022668011,6.903350474796341e-05,0.0012270273037367288,False
3.823,5.905415852124296e-05,0.0011665783227517326,-0.015037053151407265,-1.5515565402250008e-76,0.0,-0.008635040869318395,7.406902556022226e-05,0.0012462580784891833,False
3.8240000000000003,6.0213178485962834e-05,0.0011514219332148493,-0.015275098059163914,-1.4039064137939962e-76,0.0,-0.0007542470233120636,7.258062971301925e-05,0.0012014400978901357,False
3.825,6.1356923668564e-05,0.001136029390344271,-0.015509351910943306,-1.270307054621483e-76,0.0,-0.0009748210784876555,7.131301759847025e-05,0.0011595769609049839,False
3.826,6.248515981911023e-05,0.0011204045087655195,-0.01573976772244808,-1.1494213554165672e-76,0.0,-0.010892171146881785,7.811157268424784e-05,0.0011959890118152462,False
3.827,6.359765652562777e-05,0.0011045511496225095,-0.015966299442700015,-1.0400394514705195e-76,0.0,-0.0003211047150719032,7.615788820742454e-05,0.0011463480625805416,False
3.8280000000000003,6.469418726015565e-05,0.0010884732196397345,-0.016188901962994624,-9.410666119241205e-77,0.0,-0.004742272743243799,7.783946444708765e-05,0.0011326371531197382,False
3.829,6.577452942385355e-05,0.0010721746701756085,-0.01640753112563046,-8.515122833332696e-77,0.0,-0.003560279074591289,7.851630478631293e-05,0.0011090436040670337,False
3.83,6.683846439115884e-05,0.0010556594962671936,-0.01662214373241153,-7.704801758771801e-77,0.0,-0.006813208984420619,8.180791475951104e-05,0.0011106907579651057,False
3.831,6.788577755298414e-05,0.0010389317356665378,-0.016832697552921237,-6.971592929885997e-77,0.0,-0.0018419637652893179,8.098094046696564e-05,0.001071994826910695,False
3.8320000000000003,6.891625835894696e-05,0.0010219954678688547,-0.01703915133256635,-6.308158146275795e-77,0.0,-0.0009430360678128447,7.944952601471386e-05,0.0010271444672155334,False
3.833,6.992970035862376e-05,0.0010048548131327748,-0.01724146480038951,-5.7078575296386954e-77,0.0,-0.002047113417881139,7.885550172918038e-05,0.0009921463741488674,False
3.834,7.092590124182016e-05,0.0009875139314929,-0.017439598676648887,-5.164683069635388e-77,0.0,-0.00268747240320837,7.879682143985816e-05,0.0009628160548774397,False
3.835,7.190466287785017e-05,0.0009699770217648957,-0.01763351468016363,-4.673198493702918e-77,0.0,-0.002873920389881399,7.889077418438153e-05,0.0009352918041549747,False
3.8360000000000003,7.286579135381669e-05,0.0009522483205433556,-0.017823175535423785,-4.2284848590116834e-77,0.0,-0.001734002250905955,7.805905366167109e-05,0.0008991554904490498,False
3.837,7.380909701188655e-05,0.0009343321011926739,-0.018008544979463484,-3.82609132203228e-77,0.0,-0.003043264835026065,7.831103581298087e-05,0.0008740234152688839,False
3.838,7.473439448555279e-05,0.0009162326728311642,-0.01818958776849612,-3.461990592997479e-77,0.0,-0.004546237675271651,7.977285882659813e-05,0.0008607418043388526,False
3.839,7.564150273487805e-05,0.0008979543793086619,-0.018366269684310554,-3.1325386294326194e-77,0.0,-0.002931988974799358,7.988616968964949e-05,0.0008343181565717633,False
3.84,7.653024508071218e-05,0.000879501598177851,-0.01853855754042702,-2.8344381653537146e-77,0.0,-0.0035565909341246384,8.050201988801945e-05,0.0008129925713362394,False
3.841,7.740044923787825e-05,0.0008608787396595546,-0.018706419188011938,-2.5647057111212373e-77,0.0,-0.0026253740085101333,8.034639503978419e-05,0.0007843506383607712,False
3.842,7.825194734732092e-05,0.0008420902456022329,-0.018869823521550554,-2.3206416936730197e-77,0.0,0.0013729364063137894,7.69576823007508e-05,0.0007249883977254347,False
3.843,7.90845760072115e-05,0.0008231405884359289,-0.019028740484276482,-2.0998034382896914e-77,0.0,-0.00639695559561971,7.995641648301269e-05,0.000728438659984778,False
3.844,7.989817630300426e-05,0.0008040342701209068,-0.019183141073357318,-1.8999807214850745e-77,0.0,-0.0018798165801299123,7.921256385404465e-05,0.0006952054531200765,False
3.845,8.069259383643889e-05,0.0007847758210912274,-0.019332997344835588,-1.7191736503466544e-77,0.0,-0.0014255097466570718,7.8121932284624e-05,0.0006591759400232616,False
3.846,8.146767875348404e-05,0.0007653697991935048,-0.019478282418324167,-1.5555726469351222e-77,0.0,-0.01090250178390521,8.473588706514495e-05,0.0006978417824273029,False
3.847,8.222328577121733e-05,0.000745820788621091,-0.019618970481455535,-1.4075403374201393e-77,0.0,-0.00938098939720945,8.993040799626186e-05,0.0007209475280930766,False
3.848,8.295927420363742e-05,0.0007261333988439341,-0.01975503679408432,-1.273595164692702e-77,0.0,-0.006790704468865054,9.288031908046906e-05,0.0007210545814022083,False
3.849,8.367550798640374e-05,0.0007063122635343585,-0.01988645769224238,-1.152396560443627e-77,0.0,0.0001540824771923046,9.012332017762799e-05,0.0006656469692495502,False
3.85,8.437185570050023e-05,0.0006863620394890129,-0.02001321059184607,-1.0427315283053322e-77,0.0,-0.0018645475704991634,8.907897310417226e-05,0.000627935809011931,False
3.851,8.504819059481906e-05,0.000666287405547236,-0.020135273992155145,-9.435025037764868e-78,0.0,-0.003179785026602531,8.912919251142449e-05,0.0006013986398219506,False
3.852,8.57043906076612e-05,0.0006460930615060868,-0.020252627478982897,-8.537163694275795e-78,0.0,0.0019260193733341546,8.504373412176132e-05,0.0005353965698748735,False
3.853,8.634033838715024e-05,0.0006257837270322905,-0.020365251727657237,-7.724745154478844e-78,0.0,-0.006964050657502746,8.827249522560027e-05,0.0005413448606413196,False
3.854,8.695592131055695e-05,0.0006053641405713465,-0.02047312850573233,-6.989638460564426e-78,0.0,-0.003543854963939363,8.864036375276088e-05,0.0005190042316083663,False
3.855,8.755103150253143e-05,0.0005848390582540508,-0.02057624067545065,-6.324486417661954e-78,0.0,-0.001518194972050815,8.735759633632702e-05,0.0004809646159103989,False
3.856,8.812556585224078e-05,0.0005642132528006804,-0.020674572195955195,-5.722631960560738e-78,0.0,-0.0006370549784225936,8.539770897329151e-05,0.00043712841023543515,False
3.857,8.867942602940968e-05,0.0005434915124230913,-0.020768108125251813,-5.178051527563839e-78,0.0,-0.0017583443534502498,8.440129159627536e-05,0.00040348026525695107,False
3.858,8.921251849926231e-05,0.0005226786397249781,-0.020856834621921484,-4.68529477465802e-78,0.0,-0.0013129324768597918,8.307245537845362e-05,0.00036723526805142523,False
3.859,8.972475453636366e-05,0.0005017794506005474,-0.020940738946582643,-4.239430026638935e-78,0.0,-0.002420091916815862,8.267776386312567e-05,0.00034067014971560537,False
3.86,9.021605023735877e-05,0.0004807987731318527,-0.0210198094631035,-3.8359949192480934e-78,0.0,-0.00989848332236258,8.834963559361408e-05,0.0003727954183703673,False
3.861,9.068632653260878e-05,0.00045974144648504333,-0.02109403563956454,-3.4709517383315036e-78,0.0,-0.00840398356549257,9.265064475937609e-05,0.0003901120560286237,False
3.862,9.113550919672283e-05,0.0004386123198057744,-0.0211634080489713,-3.140647009039303e-78,0.0,-0.0036349777992757937,9.296821984658065e-05,0.00036798333200668983,False
3.863,9.156352885798501e-05,0.0004174162511140296,-0.02122791836971767,-2.8417749306214817e-78,0.0,-0.004036790420840474,9.360214917954433e-05,0.0003490695441079525,False
3.864,9.197032100667589e-05,0.000396158106198605,-0.02128755938579998,-2.5713442908628594e-78,0.0,0.0026247374969334473,8.882416317289048e-05,0.0002782087556551825,False
3.865,9.235582600228859e-05,0.0003748427575115032,-0.021342324986782187,-2.326648529025855e-78,0.0,-0.004080274569999641,8.961074524491354e-05,0.00026269203823733504,False
3.866,9.271998907963921e-05,0.00035347508306248675,-0.02139221016751255,-2.105238647680918e-78,0.0,0.00148031771414694,8.587253164352171e-05,0.00020368243385232652,False
3.867,9.306276035387207e-05,0.00033205996531403894,-0.021437211027592273,-1.9048987023171169e-78,0.0,-0.003216234510378421,8.604313561344491e-05,0.000183737669789548,False
3.868,9.338409482436007e-05,0.0003106022900769796,-0.021477324770596485,-1.72362362342467e-78,0.0,-0.006933497182628319,8.921883394231758e-05,0.00019285842410635967,False
3.869,9.368395237750133e-05,0.0002891069454069838,-0.02151254970304827,-1.5595991490853635e-78,0.0,0.00022905308997695547,8.650489687514506e-05,0.00014455736438922045,False
3.87,9.396229778841268e-05,0.0002675788205022493,-0.02154288523314623,-1.4111836672294798e-78,0.0,-0.005324513394589728,8.836468797146866e-05,0.00014136222852487618,False
3.871,9.421910072152163e-05,0.00024602280460256,-0.021568331869246206,-1.2768917858304392e-78,0.0,-0.0028259572270771093,8.814865003468786e-05,0.00011783311768862597,False
3.872,9.445433573005813e-05,0.0002244437858899899,-0.021588891218098063,-1.15537946660214e-78,0.0,-0.003907371832726154,8.881437398732922e-05,0.00010308876144577836,False
3.873,9.466798225444805e-05,0.00020284665039149233,-0.02160456598283805,-1.0454305734120445e-78,0.0,-0.004746306947426076,9.014053095726408e-05,9.470593860471683e-05,False
3.874,9.486002461961014e-05,0.00018123628088361914,-0.021615359960737712,-9.45944700782007e-79,0.0,-0.004025102418790578,9.084513325304249e-05,8.014404188648358e-05,False
3.875,9.503045203115903e-05,0.0001596175557996119,-0.0216212780407102,-8.559261606603895e-79,0.0,-0.007288152355776267,9.417191276066984e-05,9.078744504022873e-05,False
3.876,9.517925857051657e-05,0.00013799534813910795,-0.021622326200574887,-7.744740172413787e-79,0.0,-0.0005628256320713578,9.19588023845143e-05,4.7319565553358436e-05,False
3.8770000000000002,9.530644318893416e-05,0.00011637452438070218,-0.021618511504081242,-7.007730700966262e-79,0.0,-0.0021349722879149386,9.108140497921628e-05,1.7670298115329872e-05,False
3.878,9.541200970042936e-05,9.475994339760497e-05,-0.021609842097693014,-6.340856953753637e-79,0.0,-0.003233462486964383,9.11183388356469e-05,-2.6643792528032413e-06,False
3.879,9.549596677363967e-05,7.315645537663518e-05,-0.021596327207133878,-5.7374446341698e-79,0.0,-0.006955222493834472,9.416779683936093e-05,6.172278425458891e-06,False
3.88,9.555832792259714e-05,5.15689007407865e-05,-0.021577977133695535,-5.1914545889064725e-79,0.0,-0.0037657577625257862,9.454827042085741e-05,-1.1427282868186215e-05,False
3.8810000000000002,9.559911149642737e-05,3.000210907560382e-05,-0.021554803250309562,-4.6974223660770663e-79,0.0,-0.0002020868242599179,9.203239783748082e-05,-5.675400484346318e-05,False
3.882,9.561834066797696e-05,8.46089805960543e-06,-0.021526817997384224,-4.250403525145541e-79,0.0,-0.0035470968401144836,9.229633542112669e-05,-7.429396086026141e-05,False
3.883,9.561604342137346e-05,-1.3049927601014605e-05,-0.021494034878407505,-3.845924151303632e-79,0.0,0.001996526943120966,8.80640287953288e-05,-0.00013491231711284732,False
3.884,9.559225253852224e-05,-3.452557723317081e-05,-0.021456468455317748,-3.479936079027717e-79,0.0,-0.002054986492085361,8.723224376233191e-05,-0.00016122207621879027,False
3.8850000000000002,9.5547005584545e-05,-5.5961275252925624e-05,-0.02141413434364324,-3.14877637667762e-79,0.0,-0.0013920201419169217,8.58872167260852e-05,-0.0001919851789556996,False
3.886,9.548034489216465e-05,-7.735226221655344e-05,-0.021367049207412215,-2.8491306866456016e-79,0.0,-0.003829464210429302,8.655394678682716e-05,-0.00020276861736909666,False
3.887,9.539231754504168e-05,-9.869379586640046e-05,-0.021315230753834777,-2.5780000541514265e-79,0.0,-0.0018069455039838433,8.55641146948797e-05,-0.00022950365697574896,False
3.888,9.528297536006749e-05,-0.00011998115217131299,-0.021258697727758215,-2.3326709126949405e-79,0.0,-0.00644098647573743,8.835459442072313e-05,-0.0002193859314506489,False
3.8890000000000002,9.515237486861999e-05,-0.00014120962636140854,-0.021197469905897385,-2.1106879257704752e-79,0.0,-0.005247117288691004,9.009929602717309e-05,-0.00022005957273942426,False
3.89,9.500057729678735e-05,-0.00016237453395696544,-0.021131568090841706,-1.9098294130338318e-79,0.0,-0.000992080067583554,8.834917838072167e-05,-0.0002547073831393277,False
3.891,9.482764854456598e-05,-0.00018347121179120842,-0.02106101410484053,-1.7280851149786644e-79,0.0,-0.0038807856084271553,8.898769203667462e-05,-0.00026561904054678303,False
3.892,9.46336591640388e-05,-0.00020449501902676965,-0.020985830783368572,-1.563636073583669e-79,0.0,-0.004504982384817981,9.011353265492108e-05,-0.00027186936930692407,False
3.8930000000000002,9.441868433654028e-05,-0.00022544133816560565,-0.020906041968473156,-1.4148364275693326e-79,0.0,-0.006219210375541788,9.259550571777091e-05,-0.0002652696245023698,False
3.894,9.418280384881504e-05,-0.00024630557605215345,-0.020821672501905156,-1.2801969400650558e-79,0.0,0.002904980944032361,8.761913029740302e-05,-0.0003309846701123778,False
3.895,9.392610206817663e-05,-0.0002670831648695101,-0.020732748218035477,-1.1583700938260011e-79,0.0,-0.0007269823084508488,8.572464669257852e-05,-0.00036522945940774693,False
3.896,9.36486679166738e-05,-0.0002877695631284225,-0.02063929593655897,-1.048136604827591e-79,0.0,0.0007881418865322244,8.265703169600162e-05,-0.0004099425883872579,False
3.8970000000000002,9.335059484427141e-05,-0.00030836025664887493,-0.020541343454987752,-9.483932192611743e-80,0.0,-0.002137206468415357,8.204505627823263e-05,-0.00042986726660755733,False
3.898,9.303198080105356e-05,-0.0003288507595340667,-0.020438919540935952,-8.581416717990925e-80,0.0,-0.0036787907034606378,8.26986706375221e-05,-0.00043726914107690467,False
3.899,9.269292820845664e-05,-0.0003492366151365699,-0.020332053924197888,-7.764786946197527e-80,0.0,-0.00033802533419864493,8.062868833945358e-05,-0.0004709126258231512,False
3.9,9.233354392954026e-05,-0.0003695133970164635,-0.02022077728862186,-7.025869771996693e-80,0.0,0.0007288488882972212,7.775350374011909e-05,-0.0005114554368395415,False
3.9010000000000002,9.1953939238304e-05,-0.00038967670989124,-0.02010512126378154,-6.357269863950383e-80,0.0,0.00045134058464303814,7.518450518502014e-05,-0.0005479580675513023,False
3.902,9.155422978805863e-05,-0.0004097221905772828,-0.019985118416447265,-5.75229564945468e-80,0.0,0.000841703033683448,7.237222930230017e-05,-0.0005858152542290592,False
3.903,9.113453557886003e-05,-0.000429645508922716,-0.019860802241859432,-5.2048923432320555e-80,0.0,-0.0016416311925709969,7.165045049014673e-05,-0.0006025270438030065,False
3.904,9.069498092401471e-05,-0.0004494423687314297,-0.01973220715480617,-4.709581349005228e-80,0.0,-0.0014273913518561274,7.077565339273862e-05,-0.0006203614223350117,False
3.9050000000000002,9.023569441566576e-05,-0.00046910850867808564,-0.019599368480507667,-4.261405427864202e-80,0.0,-0.006288625110973523,7.386186978320637e-05,-0.0005997310710140489,False
3.906,8.975680888946841e-05,-0.000488639703213912,-0.019462322445309523,-3.855879084553068e-80,0.0,-0.0022304154857181136,7.357462285470912e-05,-0.00061244707529456,False
3.907,8.925846138836452e-05,-0.0005080317634630966,-0.01932110616718737,-3.488943675125857e-80,0.0,-0.0009024990290225931,7.222028053010003e-05,-0.0006352131324978951,False
3.908,8.874079312546532e-05,-0.0005272805381095915,-0.019175757646065307,-3.156926786673772e-80,0.0,0.00017759737036921082,7.00297483933205e-05,-0.0006654582196817942,False
3.9090000000000003,8.82039494460524e-05,-0.0005463819142741442,-0.01902631575395057,-2.8565054825824544e-80,0.0,-0.006040228425820358,7.293597287271657e-05,-0.000645888886466298,False
3.91,8.76480797887065e-05,-0.0005653318183813724,-0.018872820224886903,-2.5846730454654707e-80,0.0,0.002422292046014947,6.89075914180121e-05,-0.0006938401589388044,False
3.911,8.707333764557431e-05,-0.0005841262170167026,-0.018715311644729164,-2.3387088849261167e-80,0.0,-0.004062607140708335,7.024430513548409e-05,-0.0006887877278461674,False
3.912,8.647988052178351e-05,-0.0006027611177729949,-0.018553831440741797,-2.1161513089743055e-80,0.0,0.003256955168661369,6.561636517726278e-05,-0.0007414191446795987,False
3.9130000000000003,8.586786989401634e-05,-0.0006212325700866794,-0.018388421871023658,-1.9147728865857267e-80,0.0,-0.0012601289630694672,6.477713941359094e-05,-0.00075601072841,False
3.914,8.523747116825246e-05,-0.0006395366660632319,-0.018219126013761952,-1.73255815482349e-80,0.0,0.0004905144763759257,6.254417232383255e-05,-0.0007836467603806246,False
3.915,8.45888536366916e-05,-0.0006576695412918189,-0.018045987756317883,-1.567683447407633e-80,0.0,-0.0012212422822640663,6.176052556345192e-05,-0.000796543729012916,False
3.916,8.392219043386722e-05,-0.0006756273756489452,-0.017869051784146706,-1.4184986428500347e-80,0.0,-0.0022176114350180983,6.180586405761976e-05,-0.0008011536080817139,False
3.9170000000000003,8.323765849196186e-05,-0.0006934063940909398,-0.017688363569555006,-1.2835106494839381e-80,0.0,-0.000887318067428332,6.0772757033661575e-05,-0.0008160875271351463,False
3.918,8.253543849533592e-05,-0.0007110028674351199,-0.0175039693602979,-1.1613684621007041e-80,0.0,0.00019507085320934333,5.8892500070594774e-05,-0.000838765116866805,False
3.919,8.181571483428076e-05,-0.0007284131131294715,-0.017315916168018964,-1.0508496406355942e-80,0.0,-0.008004910959868312,6.370519112921623e-05,-0.0007964410084651958,False
3.92,8.10786755580081e-05,-0.0007456334960106938,-0.017124251756535782,-9.50848075576727e-81,0.0,-0.002586274838026164,6.399393052071712e-05,-0.0007991502255568977,False
3.9210000000000003,8.032451232688717e-05,-0.0007626604290504526,-0.016929024629973935,-8.603629176493064e-81,0.0,-0.011391583610285552,7.14042916883774e-05,-0.0007334476084175808,False
3.922,7.955342036394157e-05,-0.0007794903740896932,-0.016730284020752315,-7.784885609796833e-81,0.0,0.0026938610096078255,6.719942430481381e-05,-0.0007817776038070759,False
3.923,7.87655984056179e-05,-0.0007961198425608659,-0.01652807987742273,-7.044055794873863e-81,0.0,-0.0020332622187784408,6.694135334781782e-05,-0.0007906914050978196,False
3.924,7.79612486518382e-05,-0.0008125453961979182,-0.016322462852366715,-6.373725257934904e-81,0.0,-0.0015908956983626515,6.633240462813283e-05,-0.0008028204233502975,False
3.9250000000000003,7.71405767153486e-05,-0.0008287636477339158,-0.01611348428935256,-5.767185105660399e-81,0.0,-0.0011576277044648782,6.538988927791439e-05,-0.0008178836072203902,False
3.926,7.630379157037666e-05,-0.0008447712615861496,-0.015901196210955523,-5.218364880341198e-81,0.0,-0.0027175276711665806,6.573716178515291e-05,-0.0008201710620192353,False
3.927,7.545110550060977e-05,-0.0008605649545285976,-0.015685651305844303,-4.721771804697458e-81,0.0,0.006999582791661791,5.8206486923499356e-05,-0.0008982270644576846,False
3.928,7.458273404650763e-05,-0.0008761414963516068,-0.015466902915936805,-4.272435808317441e-81,0.0,-0.008618483439978165,6.353543947220841e-05,-0.000850126068247794,False
3.9290000000000003,7.369889595196136e-05,-0.000891497710508667,-0.015245005023428303,-3.865859785522331e-81,0.0,0.005411171914227655,5.735332425297364e-05,-0.0009143926932000441,False
3.93,7.279981311031239e-05,-0.0009066304747501501,-0.015020012237695063,-3.497974586821074e-81,0.0,-0.0031181661426438936,5.8252757284382396e-05,-0.0009084927215417562,False
3.931,7.188571050974425e-05,-0.0009215367217438924,-0.01479197978207662,-3.165098293494583e-81,0.0,0.0015382389990175164,5.535633177509422e-05,-0.0009393430957528814,False
3.932,7.095681617806028e-05,-0.0009362134396824997,-0.014560963480539812,-2.86389936771566e-81,0.0,-0.0018388239514336734,5.527645512675849e-05,-0.0009421288282362501,False
3.9330000000000003,7.00133611268608e-05,-0.000950657672877258,-0.014327019744227794,-2.591363309398655e-81,0.0,0.005217168803406253,4.9485487731744076e-05,-0.000999755563622562,False
3.934,6.905557929513313e-05,-0.0009648665223385383,-0.014090205557897145,-2.344762486069398e-81,0.0,-0.0011009478695334458,4.8974520767308775e-05,-0.0010046923634801374,False
3.935,6.80837074922679e-05,-0.0009788371463425828,-0.013850578466246405,-2.121628833802612e-81,0.0,0.00704407060144628,4.188287799135567e-05,-0.001072706948849663,False
3.936,6.709798534051559e-05,-0.0009925667609845669,-0.013608196560139157,-1.9197291560085991e-81,0.0,0.004659070281117191,3.6923387294339766e-05,-0.0011178778464429303,False
3.9370000000000003,6.609865521689673e-05,-0.0010060526407178335,-0.013363118462725015,-1.7370427728511727e-81,0.0,-0.0018639441600859345,3.738624203505559e-05,-0.0011093161952823553,False
3.938,6.508596219458001e-05,-0.0010192921188791981,-0.013115403315461705,-1.5717412976046789e-81,0.0,-0.0020777628542101457,3.8009111980790974e-05,-0.001099415891980871,False
3.939,6.406015398374192e-05,-0.001032282588200228,-0.01286511076404159,-1.4221703375451062e-81,0.0,-0.0016258189066912757,3.8248383225619794e-05,-0.0010934525475236846,False
3.94,6.302148087192226e-05,-0.001045021501304401,-0.012612300944225906,-1.286832936231643e-81,0.0,-0.002506212328988987,3.919374267184837e-05,-0.0010808230063215445,False
3.9410000000000003,6.197019566388958e-05,-0.001057506371190055,-0.012357034467590074,-1.1643745914634724e-81,0.0,-0.0040299941946752346,4.13461420250148e-05,-0.0010569455045692602,False
3.942,6.090655362103081e-05,-0.0010697347716990388,-0.012099372407183374,-1.0535696989664836e-81,0.0,-0.004640767125120383,4.393209518634668e-05,-0.0010296506644235405,False
3.943,5.9830812400279374e-05,-0.0010817043379709815,-0.011839376283106388,-9.533092861337561e-82,0.0,0.0024773716183582165,4.06810871297634e-05,-0.0010593406225573685,False
3.944,5.874323199259633e-05,-0.0010934127668830987,-0.011577108048009524,-8.625899130549717e-82,0.0,0.0017314910833767627,3.812616475493062e-05,-0.0010812790586245983,False
3.9450000000000003,5.764407466101891e-05,-0.0011048578174754611,-0.011312630072516063,-7.805036297525234e-82,0.0,0.0027658467652447814,3.480611412200159e-05,-0.0011097526094595578,False
3.946,5.653360487829115e-05,-0.0011160373113616483,-0.011046005130573036,-7.062288891129678e-82,0.0,0.005984626568020642,2.8973854557393736e-05,-0.001161307895291744,False
3.947,5.541208926409113e-05,-0.0011269491331247189,-0.010777296384733426,-6.390223245673817e-82,0.0,-0.00783902442968061,3.4500121375346634e-05,-0.0011018100270913688,False
3.948,5.4279796521869695e-05,-0.0011375912306984303,-0.010506567371373036,-5.782113102288866e-82,0.0,-0.0015330780405093812,3.4763743879291775e-05,-0.0010947965155896672,False
3.9490000000000003,5.313699737531527e-05,-0.0011479616157336445,-0.01023388198584547,-5.231872290266949e-82,0.0,0.001554872868549714,3.2519530191579284e-05,-0.0011120233393434149,False
3.95,5.19839645044598e-05,-0.001158058363949858,-0.009959304467578667,-4.733993814619028e-82,0.0,-5.0840011721478085e-05,3.16390900741835e-05,-0.0011154464265498974,False
3.951,5.0820972481440514e-05,-0.0011678796154718028,-0.009682899385116411,-4.283494740218084e-82,0.0,-0.004268626193324741,3.419881318408497e-05,-0.001085569589409759,False
3.952,4.964829770593268e-05,-0.0011774235751510595,-0.009404731621108265,-3.875866320909544e-82,0.0,-0.0039896955637600436,3.6460138773005673e-05,-0.0010594685865558875,False
3.9530000000000003,4.846621834026819e-05,-0.0011866885128726393,-0.009124866357251382,-3.5070288744643255e-82,0.0,0.007307045504301173,2.951021945206934e-05,-0.0011226966914026364,False
3.954,4.7275014244255105e-05,-0.0011956727638464829,-0.008843369059187674,-3.1732909517478576e-82,0.0,-0.0032365410402472343,3.1294578447555015e-05,-0.001099712410529377,False
3.955,4.6074966909713306e-05,-0.0012043747288838372,-0.00856030546135974,-2.8713123914564044e-82,0.0,-0.002537008004752218,3.2461945054103835e-05,-0.0010833149737334757,False
3.956,4.48663593947413e-05,-0.0012127928746584677,-0.008275741551829092,-2.5980708906600692e-82,0.0,-0.0022932921146210125,3.339888759477378e-05,-0.0010695770194660604,False
3.9570000000000003,4.3649476257729436e-05,-0.001220925733952672,-0.007989743557060116,-2.3508317565792427e-82,0.0,-0.0035982711422359527,3.536594028823035e-05,-0.0010463020180714845,False
3.958,4.242460349113469e-05,-0.0012287719058880619,-0.007702377926673211,-2.1271205368601012e-82,0.0,0.0054861467389905536,2.992144259666872e-05,-0.001094961448915551,False
3.959,4.119202845503233e-05,-0.0012363300561410843,-0.007413711318170649,-1.924698254423758e-82,0.0,-0.007665181768566606,3.528009140450937e-05,-0.001038024966080938,False
3.96,3.995203981045971e-05,-0.0012435989171432564,-0.00712381058163855,-1.7415389990311115e-82,0.0,-0.003346682552366734,3.699011517228986e-05,-0.0010179941474779406,False
3.9610000000000003,3.870492745256743e-05,-0.001250577288266091,-0.006832742744428534,-1.5758096512922402e-82,0.0,-0.005071608398221746,4.004837781778913e-05,-0.0009856125752157636,False
3.962,3.745098244359327e-05,-0.0012572640359906964,-0.006540574995822441,-1.4258515361914162e-82,0.0,0.0036012372368785447,3.599742197932665e-05,-0.0010226063960587027,False
3.963,3.61904969456742e-05,-0.001263658094062033,-0.0062473746716836445,-1.2901638225100475e-82,0.0,-0.0006931828730031242,3.5538533804206564e-05,-0.0010237539479531642,False
3.964,3.492376415351177e-05,-0.0012697584636278164,-0.0059532092390984235,-1.1673885020033953e-82,0.0,0.0003935681007653257,3.42126902544798e-05,-0.0010331179038653383,False
3.9650000000000003,3.365107822690635e-05,-0.0012755642133620577,-0.0056581462810108415,-1.0562967979976187e-82,0.0,0.0023401153607648393,3.134826959077807e-05,-0.0010568669366196701,False
3.966,3.237273422317541e-05,-0.0012810744795732373,-0.0053622534808546105,-9.557768673798167e-83,0.0,5.79005385820655e-05,3.041297406506204e-05,-0.0010611665605345362,False
3.967,3.1089028029471403e-05,-0.0012862884662971114,-0.005065598607185399,-8.64822672898451e-83,0.0,-0.0010740530304587518,3.0420746484642268e-05,-0.0010561440385494926,False
3.968,2.9800256295014494e-05,-0.0012912054453741507,-0.004768249498317035,-7.825239144043916e-83,0.0,-0.001300451578807682,3.061161729585296e-05,-0.0010494192921724622,False
3.969,2.85067163632555e-05,-0.0012958247565116197,-0.0044702740469650575,-7.080569182610619e-83,0.0,-0.001081161943147029,3.061951635479399e-05,-0.001044570772973402,False
3.97,2.7208706203984476e-05,-0.001300145807330305,-0.004171740184901049,-6.406763937418377e-83,0.0,0.006409642410315317,2.4561762927479734e-05,-0.0010980755635049354,False
3.971,2.5906524345400204e-05,-0.0013041680733959036,-0.003872715867621191,-5.797079739099542e-83,0.0,-0.005435632899666977,2.8267002763273408e-05,-0.001055789648813991,False
3.972,2.460046980615599e-05,-0.0013078910982350898,-0.0035732690590324634,-5.2454146632754035e-83,0.0,0.005453931524392428,2.304977472998839e-05,-0.0011005620866577001,False
3.973,2.3290842027397015e-05,-0.0013113144933362773,-0.003273467716159912,-4.746247460446078e-83,0.0,0.002669073941204054,2.0235348773102845e-05,-0.0011205695789280397,False
3.974,2.19779408048046e-05,-0.0013144379381351005,-0.0029733797738783836,-4.2945822974697595e-83,0.0,0.002368467626433118,1.7744089798615624e-05,-0.0011366155261131369,False
3.975,2.066206622066258e-05,-0.0013172611799846426,-0.002673073129672117,-3.885898757585476e-83,0.0,0.002956946913242639,1.4846931858377417e-05,-0.0011558237917866354,False
3.976,1.9343518575961108e-05,-0.0013197840341104368,-0.002372615628425594,-3.516106598562785e-83,0.0,0.003093242467867101,1.1921518835777975e-05,-0.0011744383344854579,False
3.977,1.802259832255302e-05,-0.0013220063835502767,-0.002072075047249014,-3.1815048161827504e-83,0.0,0.0005819295006810183,1.1112464050406925e-05,-0.001171847276833069,False
3.978,1.6699605995377994e-05,-0.0013239281790788707,-0.0017715190803417426,-2.87874460334377e-83,0.0,-0.003861110461564073,1.392394115145942e-05,-0.0011343056371417052,False
3.979,1.537484214476961e-05,-0.0013255494391173793,-0.001471015323897093,-2.604795834074529e-83,0.0,0.005237140819487828,9.288735677946134e-06,-0.001169384602761309,False
3.98,1.4048607268860401e-05,-0.0013268702496278802,-0.0011706312610517701,-2.3569167370148205e-83,0.0,0.0004776235513303535,8.638752439032394e-06,-0.0011647284671655034,False
3.981,1.272120174609998e-05,-0.0013278907639928067,-0.0008704342468832857,-2.1326264548462288e-83,0.0,0.002211544868348807,6.603204905659972e-06,-0.0011732946325665261,False
3.982,1.1392925767901197e-05,-0.0013286112028794077,-0.0005704914934586581,-1.9296802150382433e-83,0.0,0.003248731210351352,3.7855179566320762e-06,-0.0011888248489852174,False
3.983,1.0064079271429321e-05,-0.0013290318540892844,-0.0002708700549376706,-1.746046863410279e-83,0.0,-0.001026260268035049,4.509216045338899e-06,-0.001169511882795275,False
3.984,8.734961872549112e-06,-0.0013291530723930592,2.836318726603864e-05,-1.5798885356579426e-83,0.0,0.0014021817691383337,3.24605464394198e-06,-0.0011696722645100658,False
3.985,7.405872798944643e-06,-0.0013289752793502348,0.00032714153926280735,-1.4295422633893458e-83,0.0,-0.00018806642201643002,3.30634169615126e-06,-0.0011568268427530517,False
3.986,6.0771108234266325e-06,-0.001328498963114308,0.0006253985094004694,-1.2935033305784973e-83,0.0,-0.001745081634183176,4.625661270902581e-06,-0.001132037011024542,False
3.987,4.7489741974420174e-06,-0.0013277246782232035,0.0009230678229103513,-1.1704102138615617e-83,0.0,-0.0010651000098181925,5.356998813685255e-06,-0.0011134706294157,False
3.988,3.4217605848003955e-06,-0.0013266530453750972,0.001220083436482557,-1.0590309559534107e-83,0.0,-0.0032656413649434553,7.849425053737459e-06,-0.001078349072736992,False
3.989,2.095766995631924e-06,-0.0013252847511897002,0.0015163795527673672,-9.582508358050382e-84,0.0,0.0005320691861718243,7.196146460172572e-06,-0.001074412270159601,False
3.99,7.712897205911745e-07,-0.001323620547955079,0.0018118906347996042,-8.67061212100631e-84,0.0,-0.0019224633652849179,8.548857585013769e-06,-0.0010510924320781706,False
3.991,-5.513757346786392e-07,-0.0013216612533600936,0.002106551420342834,-7.845494284362645e-84,0.0,0.008682413113330317,1.276288249948344e-06,-0.0011112345921765034,False
3.992,-1.871934714806707e-06,-0.0013194077502125298,0.0024002969361503037,-7.098896791478574e-84,0.0,0.00032784988958048557,9.74652639965609e-07,-0.0011020737593711702,False
3.993,-3.1900934796666902e-06,-0.001316860986143016,0.002693062512139529,-6.42334744370523e-84,0.0,0.002510153457646209,-1.0854820159412778e-06,-0.0011098479753039211,False
3.994,-4.505559269045628e-06,-0.001314021973294808,0.002984783795477478,-5.812085116110122e-84,0.0,0.0022225345118305493,-2.8543424542186903e-06,-0.0011142728118926238,False
3.995,-5.818040366995606e-06,-0.001310891787999536,0.0032753967645733155,-5.258992089866312e-84,0.0,-0.0007041945238084231,-2.2032521629587088e-06,-0.00109499207468673,False
3.996,-7.1272461658541885e-06,-0.001307471570439005,0.0035648377429756996,-4.758532824066169e-84,0.0,0.0030444942786031445,-4.605989371784287e-06,-0.0011054227386272577,False
3.997,-8.432887229919719e-06,-0.0013037625242931477,0.0038530434131716584,-4.305698554167394e-84,0.0,-0.0038671621494021746,-1.344149875902e-06,-0.0010607540143234347,False
3.998,-9.734675358767693e-06,-0.0012997659163742296,0.004139950830284075,-3.895957162593989e-84,0.0,0.003475180160284047,-4.119967620539633e-06,-0.001075344117654558,False
3.999,-1.10323236501945e-05,-0.0012954830762474062,0.004425497435664872,-3.5252078197802477e-84,0.0,0.002948836192662167,-6.390929018064556e-06,-0.0010842953192866532,False
4.0,-1.2325546562774953e-05,-0.0012909153958377438,0.0047096210703809795,-3.189739941690133e-84,0.0,0.010151316109602062,-1.4429498729780996e-05,-0.0011480692211614562,False
4.001,-1.3614059978020098e-05,-0.0012860643290238058,0.00499225998859023,-2.886196053045072e-84,0.0,-0.000873116354839709,-1.3313588761860313e-05,-0.0011213411245760015,False
4.002,-1.489758126212196e-05,-0.001280931391217921,0.005273352870804322,-2.6115381845828802e-84,0.0,-0.0010850459344883326,-1.2057700874286674e-05,-0.0010938157432453918,False
4.003,-1.617582932727193e-05,-0.0012755181589332474,0.005552838837036055,-2.3630174680402904e-84,0.0,0.0035579288784827585,-1.4596898726823294e-05,-0.0011033537649842193,False
4.0040000000000004,-1.7448524692539667e-05,-0.0012698262693377454,0.005830657459828043,-2.138146624555447e-84,0.0,0.0008293067205622834,-1.4854724852429341e-05,-0.0010902879720336286,False
4.005,-1.8715389544299486e-05,-0.0012638574197951847,0.00610674877716016,-1.9346750711450528e-84,0.0,-0.0014012852813083494,-1.3299096794823368e-05,-0.0010598800340322454,False
4.006,-1.99761477961913e-05,-0.0012576133673933049,0.006381053305233001,-1.750566396113426e-84,0.0,-0.003806233434524236,-9.840228922480814e-06,-0.0010118677289910928,False
4.007,-2.1230525148603377e-05,-0.0012510959284592555,0.006653512051124643,-1.583977977959787e-84,0.0,0.005523685499471018,-1.4033975875666393e-05,-0.0010387172706559171,False
4.008,-2.247824914766421e-05,-0.0012443069780624441,0.006924066525318113,-1.4332425438029538e-84,0.0,-0.0007729485393087008,-1.3010382600397547e-05,-0.0010141804543754092,False
4.009,-2.371904924373101e-05,-0.0012372484495049225,0.007192658754096861,-1.2968514827539553e-84,0.0,-0.003851918533443553,-9.522704928772068e-06,-0.0009664639889533037,False
4.01,-2.4952656849362385e-05,-0.001229922333799444,0.007459231291805703,-1.1734397472311947e-84,0.0,0.006140894566168156,-1.4225214964125212e-05,-0.0009987792380290763,False
4.011,-2.6178805396763004e-05,-0.0012223306791353296,0.0077237272329746705,-1.0617721911054433e-84,0.0,0.0009344867076204942,-1.4578740619085626e-05,-0.000987878791923389,False
4.0120000000000005,-2.7397230394688054e-05,-0.0012144755903322777,0.007986090224303228,-9.607312079422327e-85,0.0,0.0044356205001872566,-1.7757173476186242e-05,-0.0010041704156115241,False
4.013,-2.8607669484795563e-05,-0.0012063592282822626,0.008246264476502395,-8.693055456210183e-85,0.0,0.010731423847590961,-2.594334576438417e-05,-0.001067695813953601,False
4.014,-2.98098624974347e-05,-0.001197983809379662,0.008504194775992301,-7.865801853840633e-85,0.0,0.005213317576726634,-2.9429419023471773e-05,-0.001083500311769472,False
4.015,-3.100355150685841e-05,-0.0011893516049397593,0.008759826496452782,-7.117271840211621e-85,0.0,0.0046620181440189395,-3.237030038233609e-05,-0.001093104937640837,False
4.016,-3.218848088584878e-05,-0.0011804649406057719,0.009013105610224632,-6.439973875357126e-85,0.0,0.00787161793200049,-3.7826703150448416e-05,-0.0011261181029078818,False
4.017,-3.336439735974374e-05,-0.0011713261957445522,0.00926397869955917,-5.827129333597174e-85,0.0,-0.0024331690682308288,-3.478451393709091e-05,-0.001075855852782785,False
4.018,-3.4531050059853925e-05,-0.001161937802831116,0.009512392967713806,-5.272604660773668e-85,0.0,0.0055555395238569205,-3.829713056547855e-05,-0.001089835531933301,False
4.019,-3.568819057625847e-05,-0.0011523022468221545,0.009758296249891388,-4.770849987578812e-85,0.0,0.006544394424223514,-4.2510891581212774e-05,-0.0011096083191858106,False
4.0200000000000005,-3.6835573009968924e-05,-0.0011424220645186842,0.010001637024021034,-4.316843584597702e-85,0.0,0.002884097962705376,-4.364143146571717e-05,-0.0010985801317012654,False
4.021,-3.797295402445044e-05,-0.0011322998439179974,0.010242364421378344,-3.9060416031524807e-85,0.0,0.006135646920258596,-4.7372764922363724e-05,-0.0011124166241581236,False
4.022,-3.9100092896489615e-05,-0.001121938223555074,0.010480428237042774,-3.5343325989375306e-85,0.0,0.006895693093102232,-5.161377408901919e-05,-0.0011301583776616901,False
4.023,-4.0216751566398576e-05,-0.0011113398918336168,0.010715778940190103,-3.1979963833029577e-85,0.0,0.0038933290900918555,-5.33035287424412e-05,-0.0011222283829088646,False
4.024,-4.132269468754493e-05,-0.0011005075863468785,0.010948367684217928,-2.893666790356185e-85,0.0,0.0002928326197773447,-5.203001385482331e-05,-0.0010855259916007227,False
4.025,-4.241768967519756e-05,-0.0010894440931884478,0.011178146316702121,-2.618297987242293e-85,0.0,0.003822704202629765,-5.365078609588481e-05,-0.0010773352606713593,False
4.026,-4.3501506754678214e-05,-0.0010781522462531639,0.011405067389182342,-2.3691339904250658e-85,0.0,0.0017678518038166434,-5.3561777424193046e-05,-0.001052437969781066,False
4.027,-4.45739190088092e-05,-0.001066634926528332,0.011629084166774568,-2.1436810828774463e-85,0.0,0.0043862418428215364,-5.5595445143200965e-05,-0.001048238621051298,False
4.0280000000000005,-4.563470242464743e-05,-0.0010548950613754136,0.011850150637608792,-1.9396828561233583e-85,0.0,-0.0040731323932836115,-5.0721782816645786e-05,-0.0009772412399660607,False
4.029,-4.668363593949557e-05,-0.0010429356238023664,0.012068221522090052,-1.7550976273432751e-85,0.0,-0.00023103339417837728,-4.909725181036159e-05,-0.00093935705482785,False
4.03,-4.772050148618084e-05,-0.0010307596317268143,0.01228325228198091,-1.588078005526328e-85,0.0,0.0028694826723815064,-5.002929946948617e-05,-0.0009268308861740175,False
4.031,-4.874508403759254e-05,-0.0010183701472302228,0.012495199129303655,-1.436952402160139e-85,0.0,0.0065675454361479165,-5.3929315627150865e-05,-0.0009427596614623381,False
4.032,-4.975717165046927e-05,-0.0010057702758032641,0.012704019035060483,-1.3002083014111498e-85,0.0,0.0013707911731809536,-5.3510906822479345e-05,-0.0009161290845850824,False
4.033,-5.075655550842724e-05,-0.0009929631655825539,0.01290966973776996,-1.1764771223577855e-85,0.0,0.006424647541304968,-5.7196547148405006e-05,-0.0009293330171871425,False
4.034,-5.1743029964221055e-05,-0.0009799520065789436,0.013112109751818151,-1.0645205217725943e-85,0.0,0.0023349392458947398,-5.746623143642166e-05,-0.0009087298373226098,False
4.035,-5.271639258122862e-05,-0.0009667400298975554,0.013311298375622772,-9.632180003670067e-86,0.0,0.0036223606746224315,-5.8770719350873215e-05,-0.000898240515345837,False
4.0360000000000005,-5.367644417415211e-05,-0.0009533305069497465,0.013507195699608844,-8.715556884578422e-86,0.0,0.0031198469745941527,-5.963134428796924e-05,-0.0008833082152168041,False
4.037,-5.4622988848926834e-05,-0.0009397267486571936,0.013699762613994328,-7.88616198818747e-86,0.0,0.0052742018255534494,-6.221199592802958e-05,-0.000884879556679071,False
4.038,-5.555583404183044e-05,-0.000925932104648287,0.01388896081638428,-7.135694451604879e-86,0.0,-0.003859875102452079,-5.7323497984763906e-05,-0.0008140659656218879,False
4.039,-5.647479055778465e-05,-0.000911949962447026,0.014074752819172087,-6.456643343483681e-86,0.0,0.0017468853621419485,-5.711342748490578e-05,-0.0007901039902642142,False
4.04,-5.73796726078423e-05,-0.0008977837466546117,0.014257101956746435,-5.8422124920968386e-86,0.0,0.0030480283448959707,-5.7962867471079274e-05,-0.0007766385979442866,False
4.041,-5.827029784585234e-05,-0.0008834369181239289,0.014435972392502668,-5.286252466966332e-86,0.0,-0.007804017538423135,-5.000115257236599e-05,-0.0006784467084818351,False
4.042,-5.9146487404295885e-05,-0.0008689129731271164,0.014611329125657248,-4.783199033296037e-86,0.0,-0.00013223249174515884,-4.8477045016270466e-05,-0.0006450097853252254,False
4.043,-6.000806592928645e-05,-0.0008542154425164209,0.014783137997864083,-4.328017463239684e-86,0.0,0.001206153525730383,-4.8079844166198334e-05,-0.000623118133300591,False
4.0440000000000005,-6.085486161472775e-05,-0.0008393478908785342,0.014951365699631543,-3.916152146652339e-86,0.0,9.148588966144812e-05,-4.679133513287405e-05,-0.0005929926300617954,False
4.045,-6.168670623562268e-05,-0.0008243139156826138,0.015115979776539022,-3.543480997012883e-86,0.0,0.000322759870277001,-4.572660893095211e-05,-0.000565642570826629,False
4.046,-6.250343518052723e-05,-0.0008091171464221879,0.015276948635251907,-3.2062741961966245e-86,0.0,0.013778240387002223,-5.5587183080279156e-05,-0.0006438402401320677,False
4.047,-6.330488748314335e-05,-0.0007937612437511458,0.01543424154933397,-2.9011568652018753e-86,0.0,0.00049890379608524,-5.441580849588682e-05,-0.0006129211322097667,False
4.048,-6.40909058530449e-05,-0.0007782498986140184,0.015587828664856128,-2.625075287226563e-86,0.0,0.0020477461309073514,-5.453175411009841e-05,-0.000594981706676895,False
4.049,-6.486133670553113e-05,-0.0007625868313707519,0.015737681005800634,-2.375266345044088e-86,0.0,0.0006983608347306261,-5.3551794143197345e-05,-0.0005666826500238304,False
4.05,-6.561603019060229e-05,-0.0007467757909161795,0.015883770479259783,-2.1492298667974032e-86,0.0,3.8456847943098846e-05,-5.206527110913353e-05,-0.000534049884402844,False
4.051,-6.635484022105207e-05,-0.0007308205537943989,0.016026069880428314,-1.9447036034387316e-86,0.0,0.000494495122904895,-5.0990138019323995e-05,-0.0005060680872134213,False
4.0520000000000005,-6.707762449967209e-05,-0.0007147249233082588,0.016164552897388607,-1.7596405873807284e-86,0.0,0.007555511203820494,-5.5662896216201854e-05,-0.0005338827256378059,False
4.053,-6.778424454556332e-05,-0.000698492728624166,0.016299194115687997,-1.5921886457568575e-86,0.0,0.002565138509617694,-5.616244046077726e-05,-0.0005202277189438262,False
4.054,-6.84745657195503e-05,-0.0006821278238724186,0.016429969022707446,-1.440671863252806e-86,0.0,0.007600828250716233,-6.0725309152752184e-05,-0.0005456650998358677,False
4.055,-6.91484572486933e-05,-0.0006656340872432749,0.016556854011820905,-1.303573808982724e-86,0.0,0.003493553700379703,-6.183313739569419e-05,-0.0005365864200577092,False
4.056,-6.980579224989468e-05,-0.0006490154200789685,0.016679826386344753,-1.179522359539229e-86,0.0,0.003661562935270422,-6.30456095628368e-05,-0.0005283650975272408,False
4.057,-7.044644775259524e-05,-0.0006322757459618788,0.016798864363276746,-1.0672759663211587e-86,0.0,-0.0014649124037147826,-6.007272799327075e-05,-0.0004797364169844706,False
4.058,-7.107030472055693e-05,-0.0006154190097990679,0.01691394707682391,-9.657112296978708e-87,0.0,0.007184687821033155,-6.418782300644377e-05,-0.0005004402839572091,False
4.059,-7.167724807272839e-05,-0.0005984491769033955,0.01702505458171898,-8.738116556481529e-87,0.0,0.002647275357315052,-6.451227770449197e-05,-0.0004835559463346979,False
4.0600000000000005,-7.226716670318991e-05,-0.0005813702320714234,0.017132167856324862,-7.906574823464016e-87,0.0,0.007465013285704401,-6.87285397012913e-05,-0.0005041908025278176,False
4.061,-7.283995350017489e-05,-0.0005641861786583215,0.01723526880552683,-7.154164748771302e-87,0.0,0.005128599745413978,-7.093347966555752e-05,-0.0005043166840568322,False
4.062,-7.339550536416466e-05,-0.0005469010376499879,0.01733434026341203,-6.473355959482104e-87,0.0,0.0017393481543385941,-7.033159818057297e-05,-0.00047696838259243216,False
4.063,-7.393372322505424e-05,-0.0005295188467325959,0.017429365995736096,-5.857334692405478e-87,0.0,0.0015075063457463088,-6.955904790480476e-05,-0.00044841905776700394,False
4.064,-7.445451205838638e-05,-0.0005120436593597813,0.01752033070217661,-5.299935599648624e-87,0.0,0.009879462498042727,-7.558730363061412e-05,-0.00048572407360017943,False
4.065,-7.49577809006517e-05,-0.0004944795438176822,0.017607220018373157,-4.795580043742926e-87,0.0,0.002424983919872044,-7.540870305798299e-05,-0.00046160344618411227,False
4.066,-7.544344286365294e-05,-0.0004768305822880462,0.017690020517753983,-4.339220264765122e-87,0.0,0.003724758791219567,-7.628761332858231e-05,-0.00044795486508366944,False
4.067,-7.591141514793133e-05,-0.0004591008699096173,0.017768719713148976,-3.926288860659386e-87,0.0,0.005880017952219501,-7.888676432916459e-05,-0.000450793604867183,False
4.0680000000000005,-7.636161905525371e-05,-0.0004412945138380169,0.01784330605818911,-3.552653075142388e-87,0.0,0.002038462891720828,-7.83016842807436e-05,-0.0004224119957069948,False
4.069,-7.679398000015876e-05,-0.00042341563230433173,0.01791376894849222,-3.2145734356893502e-87,0.0,0.004891512453163839,-8.004334703648271e-05,-0.0004168399643883535,False
4.07,-7.720842752056132e-05,-0.0004054683536726235,0.017980098722635233,-2.908666327636135e-87,0.0,0.0026149060420277747,-7.989224492777897e-05,-0.00039274639698939944,False
4.071,-7.760489528741373e-05,-0.0003874568154965722,0.018042286662912948,-2.631870129826417e-87,0.0,0.005016116267942867,-8.168972484313978e-05,-0.00038768257221173473,False
4.072,-7.798332111342352e-05,-0.00036938516357546796,0.018100324995883495,-2.3814145728781005e-87,0.0,-0.0007897053481085211,-7.873519389769977e-05,-0.00033659847478850226,False
4.073,-7.834364696082678e-05,-0.0003512575510097639,0.01815420689270067,-2.154793013396228e-87,0.0,0.0032259889470979265,-7.91159689265892e-05,-0.000318802744219307,False
4.074,-7.868581894821704e-05,-0.00033307813725640275,0.01820392646923344,-1.9497373466433674e-87,0.0,0.001646431643681401,-7.82069589923793e-05,-0.00028872280301848145,False
4.075,-7.90097873564294e-05,-0.0003148510871841306,0.01824947878597281,-1.7641953065850672e-87,0.0,0.0018636265007195819,-7.749957675431153e-05,-0.00026111947681245056,False
4.0760000000000005,-7.931550663348005e-05,-0.00029658057012901004,0.018290859847726524,-1.59630992612159e-87,0.0,-0.0003489677561955744,-7.502066748905122e-05,-0.00021695567213981252,False
4.077,-7.960293539856149e-05,-0.0002782707589503441,0.018328066603101854,-1.4444009519370328e-87,0.0,0.0025551311975437847,-7.496350784162369e-05,-0.00019711603565294674,False
4.078,-7.987203644509402e-05,-0.0002599258290872236,0.01836109694377699,-1.3069480279593868e-87,0.0,0.0005483911683826313,-7.328307739136118e-05,-0.00016190826444269235,False
4.079,-8.012277674283414e-05,-0.00024154995761590847,0.01838994970356155,-1.1825754791259606e-87,0.0,0.002331383299304826,-7.309398880075971e-05,-0.0001418032398594921,False
4.08,-8.03551274390408e-05,-0.00022314732230825366,0.01841462465724656,-1.070038543164972e-87,0.0,0.001431655723638149,-7.218173464336016e-05,-0.00011501372475698676,False
4.081,-8.056906385870075e-05,-0.00020472210069139024,0.018435122519244753,-9.682109125963529e-88,0.0,0.009810988861274444,-7.808021897433736e-05,-0.00015418589247932277,False
4.082,-8.076456550381426e-05,-0.00018627846910887076,0.01845144494202151,-8.76073462267924e-88,0.0,0.0058914136660553115,-8.063779468442117e-05,-0.00015948581095168765,False
4.083,-8.094161605174278e-05,-0.00016782060178348806,0.018463594514317356,-7.92704049608332e-88,0.0,-0.001693802290366956,-7.698101322343194e-05,-0.00010442450965094437,False
4.0840000000000005,-8.110020335262038e-05,-0.00014935266988197547,0.01847157475916255,-7.172682855142522e-88,0.0,0.0032250781817135467,-7.741076441281933e-05,-9.007389577755158e-05,False
4.085,-8.124031942583092e-05,-0.00013087884058179608,0.018475390131684654,-6.490111835037954e-88,0.0,0.005396200385116331,-7.958633010566763e-05,-9.256525632395873e-05,False
4.086,-8.136196045555308e-05,-0.00011240327614022775,0.018475046016709785,-5.872496035580365e-88,0.0,0.002672419989491204,-7.949474989173471e-05,-7.274964159045091e-05,False
4.087,-8.14651267853758e-05,-9.393013296594941e-05,0.018470548726158477,-5.313654150260946e-88,0.0,0.001548932654832223,-7.849605872462662e-05,-4.445646174104451e-05,False
4.088,-8.154982291198653e-05,-7.54635606933341e-05,0.018461905496236972,-4.807993101658175e-88,0.0,-0.0035199711216503623,-7.342129501854379e-05,2.247322999980414e-05,False
4.089,-8.161605747793536e-05,-5.700770125965239e-05,0.018449124484424935,-4.3504520640390876e-88,0.0,0.00981550718397086,-7.928830866900681e-05,-1.7645201261582573e-05,False
4.09,-8.166384326347773e-05,-3.856668798538964e-05,0.018432214766260575,-3.936451812914339e-88,0.0,-0.0024801661736642226,-7.503303986165502e-05,4.128858729584266e-05,False
4.091,-8.169319717749921e-05,-2.0144644657878886e-05,0.01841118633192414,-3.561848894620382e-88,0.0,0.00686592867201419,-7.846605385101232e-05,2.4717180285938343e-05,False
4.0920000000000005,-8.170414024752565e-05,-1.7456846184506528e-06,0.018386050082620946,-3.222894157242543e-88,0.0,0.005876582223517973,-8.100068570423705e-05,1.773677869880132e-05,False
4.093,-8.16966976088222e-05,1.6626090146700464e-05,0.018356817826764946,-2.9161952278425226e-88,0.0,0.004688368135043523,-8.250136921467853e-05,2.1341621701913706e-05,False
4.094,-8.167089849258537e-05,3.496658991173361e-05,0.018323502275964108,-2.638682560449815e-88,0.0,0.00176171136522724,-8.15897606662684e-05,4.842887169380362e-05,False
4.095,-8.162677621323164e-05,5.327173811226619e-05,0.01828611704080872,-2.3875787150139252e-88,0.0,0.0004393023295168686,-7.963321063080077e-05,8.505308905466619e-05,False
4.096,-8.15643681547873e-05,7.153747224216873e-05,0.01824467662646389,-2.160370559850814e-88,0.0,0.0033332560981735654,-8.0075391785534e-05,9.777567491438622e-05,False
4.097,-8.148371575638368e-05,8.975974474585482e-05,0.018199196428067548,-1.9547841193763108e-88,0.0,0.005285440694143316,-8.208575776257823e-05,9.538439089882418e-05,False
4.098,-8.138486449686237e-05,0.0001079345239058724,0.018149692725935224,-1.768761815394158e-88,0.0,0.0010242933221420187,-8.058882804634485e-05,0.00012718101765810485,False
4.099,-8.126786387849536e-05,0.00012605779472560371,0.018096182680573048,-1.6004418741618463e-88,0.0,0.002363692799077988,-8.021885542890025e-05,0.0001474562294844377,False
4.1,-8.113276740982494e-05,0.00014412555980688313,0.018038684327500287,-1.448139693133237e-88,0.0,0.006100682494777868,-8.288527045300257e-05,0.00013823985834112977,False
4.101,-8.097963258762865e-05,0.00016213384022234262,0.017977216571882934,-1.3103309808900648e-88,0.0,0.007997114551597032,-8.701169157506082e-05,0.00011569355387170508,False
4.102,-8.080852087801455e-05,0.00018007867638229714,0.01791179918297983,-1.1856365015210925e-88,0.0,0.005445922761013052,-8.895542724784294e-05,0.0001153042410224466,False
4.103,-8.061949769665245e-05,0.00019795612889598303,0.017842452788402827,-1.0728082707655333e-88,0.0,0.005153519031013228,-9.060731314042491e-05,0.00011816159506314635,False
4.104,-8.04126323881468e-05,0.0002157622794269642,0.017769198868192584,-9.707170657671077e-89,0.0,0.002883609210025863,-9.037440079233664e-05,0.00013947388036455527,False
4.105,-8.018799820455716e-05,0.00023349323154252258,0.01769205974871158,-8.783411234321525e-89,0.0,0.005291301546223901,-9.209763764941528e-05,0.0001416961898568579,False
4.106,-7.994567228307233e-05,0.000251145111556851,0.017611058596355998,-7.94755914281153e-89,0.0,-0.004476979694270542,-8.586249836844356e-05,0.00022077037264112842,False
4.107,-7.968573562284455e-05,0.0002687140693678678,0.01752621941108822,-7.191248894469667e-89,0.0,0.006461383648277864,-8.866103780600011e-05,0.00021073935715038882,False
4.108,-7.940827306099002e-05,0.0002861962792874755,0.01743756701979154,-6.506911082125882e-89,0.0,0.0037237105119529716,-8.916352702765433e-05,0.00022351706250250223,False
4.109,-7.911337324776267e-05,0.0003035879408650852,0.017345127069448973,-5.887696622940355e-89,0.0,-0.003807284475915742,-8.355380401398337e-05,0.0002950110043539787,False
4.11,-7.880112862090766e-05,0.00032088527970423354,0.01724892602014787,-5.327408210480389e-89,0.0,0.0009435586386723933,-8.19498975347793e-05,0.0003259480335922087,False
4.111,-7.847163537920199e-05,0.0003380845482721172,0.017148991137912274,-4.8204382899946465e-89,0.0,-0.0014602446917125283,-7.844504643726529e-05,0.0003744506290459497,False
4.112,-7.812499345518902e-05,0.0003551820267018747,0.017045350487364715,-4.361712936120432e-89,0.0,0.0019176800976014722,-7.777468487637232e-05,0.00039438312139573954,False
4.113,-7.77613064871145e-05,0.00037217402358744555,0.016938032924219595,-3.946641071333256e-89,0.0,0.002799973709374704,-7.783772919920768e-05,0.00040689446481905297,False
4.114,-7.738068179007148e-05,0.0003890568767708392,0.016827068087609823,-3.571068516899856e-89,0.0,-0.0014070455441984723,-7.449249351809777e-05,0.0004520383361037749,False
4.115,-7.698323032636186e-05,0.0004058269541216483,0.016712486392248944,-3.231236416461169e-89,0.0,0.006599271969064752,-7.77249102759369e-05,0.0004327093823494066,False
4.116,-7.656906667508229e-05,0.00042248065430864257,0.01659431902043055,-2.9237436161344905e-89,0.0,0.0018725538089407804,-7.703841792717819e-05,0.0004519875593762355,False
4.117,-7.613830900094261e-05,0.0004390144075632813,0.016472597913867165,-2.6455126246222518e-89,0.0,0.0060635348851036195,-7.976488777143113e-05,0.00043809471480257253,False
4.118,-7.569107902232482e-05,0.000455424676434986,0.016347355765370605,-2.393758812644733e-89,0.0,0.004876712178146706,-8.14530991934122e-05,0.0004349485079420757,False
4.119,-7.522750197859094e-05,0.00047170795653801424,0.01621862601037594,-2.1659625434342844e-89,0.0,0.0034948046673008966,-8.197451311691946e-05,0.0004434313269075284,False
4.12,-7.474770659664835e-05,0.0004878607772897808,0.016086442818311206,-1.9598439553636777e-89,0.0,0.007213156047999857,-8.549196096218884e-05,0.00042314199554699595,False
4.121,-7.425182505678102e-05,0.0005038797026404718,0.01595084108381502,-1.7733401443246524e-89,0.0,0.006886711996717731,-8.864539688367962e-05,0.00040736808601197144,False
4.122,-7.37399929577557e-05,0.0005197613317938017,0.01581185641780433,-1.6045845174902342e-89,0.0,0.0028200009063739017,-8.84165807018538e-05,0.0004249861659915478,False
4.123,-7.321234928121169e-05,0.0005355022999187641,0.015669525138394483,-1.4518881118263394e-89,0.0,0.0025862801714349793,-8.800500163049356e-05,0.000444113560324299,False
4.124,-7.266903635534355e-05,0.0005510992788522287,0.015523884261673955,-1.3137226903820494e-89,0.0,-0.0007292904225501967,-8.492041419760492e-05,0.0004886264031258754,False
4.125,-7.211019981788572e-05,0.0005665489777922433,0.015374971492335923,-1.1887054471805479e-89,0.0,0.004401789835611795,-8.607796507913984e-05,0.0004911789639241856,False
4.126,-7.153598857840871e-05,0.0005818481439818943,0.01522282521416912,-1.0755851676321276e-89,0.0,0.0014892134669136333,-8.484434944281898e-05,0.0005169453789724738,False
4.127,-7.094655477993604e-05,0.0005969935633835906,0.015067484480410225,-9.73229705958029e-90,0.0,-0.0040087898796649915,-7.919387000139091e-05,0.0005845989057955837,False
4.128,-7.034205375989187e-05,0.0006119820613436311,0.014908989003960225,-8.80614654294959e-90,0.0,0.01353645796251247,-8.791020401958022e-05,0.000512148328417793,False
4.1290000000000004,-6.972264401038886e-05,0.0006268105032469208,0.014747379147467113,-7.968130900768798e-90,0.0,0.0011745847449342625,-8.636990248455913e-05,0.0005410415965374813,False
4.13,-6.908848713786646e-05,0.0006414757951617048,0.014582695913277396,-7.209862990824183e-90,0.0,0.0038420967829877147,-8.70331819955131e-05,0.0005480883982241443,False
4.131,-6.843974782208931e-05,0.0006559748844741887,0.014414980933258813,-6.523753813010375e-90,0.0,0.0040291737162171486,-8.782914340958126e-05,0.0005539309194909891,False
4.132,-6.777659377451629e-05,0.0006703047605129186,0.014244276458496788,-5.902936556066554e-90,0.0,2.3576365548221012e-05,-8.535914854821517e-05,0.0005912770838202635,False
4.133,-6.709919569605028e-05,0.0006844624551627951,0.01407062534886712,-5.341197872221339e-90,0.0,0.0038177040134374524,-8.603132167716248e-05,0.0005974528162396154,False
4.134,-6.64077272341792e-05,0.0006984450434685995,0.01389407106248742,-4.832915691919917e-90,0.0,-0.0032704873654027674,-8.094501914752405e-05,0.0006590565177491728,False
4.135,-6.570236493951871e-05,0.0007122496442279119,0.013714657645049842,-4.37300295626229e-90,0.0,-0.000511293040538794,-7.823702828865593e-05,0.0006959730978926076,False
4.136,-6.49832882217675e-05,0.0007258734205733034,0.013532429719037732,-3.956856704007989e-90,0.0,-0.0015584453119818205,-7.475788553393141e-05,0.0007392818224236006,False
4.1370000000000005,-6.425067930508564e-05,0.0007393135805436884,0.013347432472828737,-3.5803120035928655e-90,0.0,0.008439493443313146,-7.947283893443792e-05,0.0007025721631813825,False
4.138,-6.350472318290719e-05,0.000752567377644724,0.013159711649687031,-3.2396002690941215e-90,0.0,-0.002274081725331361,-7.537921052307219e-05,0.0007519915120821864,False
4.139,-6.274560757219779e-05,0.0007656321113981474,0.01296931353664728,-2.9313115429557244e-90,0.0,0.0017860970671623384,-7.468919003631495e-05,0.0007672282367716867,False
4.14,-6.197352286716861e-05,0.0007785051278799443,0.012776284953293022,-2.6523603679870622e-90,0.0,0.0035568631454220207,-7.545254347287446e-05,0.0007681718716476835,False
4.141,-6.118866209245772e-05,0.0007911838202472445,0.01258067324043212,-2.399954907070321e-90,0.0,0.0008814419064663457,-7.402793042422324e-05,0.0007903055652116983,False
4.142,-6.0391220855790184e-05,0.0008036656292538409,0.01238252624867203,-2.1715690015162405e-90,0.0,-0.00372301990537858,-6.891538186533547e-05,0.0008473179488707732,False
4.143,-5.958139730012844e-05,0.0008159480437542371,0.012181892326897545,-1.9649168884188817e-90,0.0,0.005657379402894628,-7.154318837351999e-05,0.0008281531255854693,False
4.144,-5.87593920553244e-05,0.0008280286011961237,0.011978820310653806,-1.7779303239721925e-90,0.0,0.0047012277891535234,-7.332231079949596e-05,0.0008179492982577926,False
4.1450000000000005,-5.792540818928485e-05,0.0008399048881011912,0.011773359510437302,-1.6087378837908356e-90,0.0,0.002222224047481812,-7.304372227277487e-05,0.0008280360379360786,False
4.146,-5.707965115866195e-05,0.0008515745405341901,0.011565559699897653,-1.4556462330659333e-90,0.0,0.003984025545298883,-7.419958888471962e-05,0.0008241613125889165,False
4.147,-5.622232875908059e-05,0.0008630352445601489,0.01135547110395291,-1.3171231791011495e-90,0.0,-0.0009049175222445019,-7.136403978900327e-05,0.0008589516495902641,False
4.148,-5.5353651074914444e-05,0.0008742847366896647,0.011143144386821255,-1.1917823366131988e-90,0.0,0.0022445268430495236,-7.115900776506352e-05,0.0008674352368885412,False
4.149,-5.447383042862277e-05,0.0008853208043121856,0.010928630639971846,-1.0783692523219495e-90,0.0,0.00025731941098142185,-6.935071152150417e-05,0.0008911875804555726,False
4.15,-5.358308132965995e-05,0.0008961412861172048,0.010711981369997682,-9.757488499603609e-91,0.0,0.0020592216761788342,-6.905269271415695e-05,0.0008997536981912418,False
4.151,-5.268162042296991e-05,0.000906744072503289,0.010493248486413295,-8.828940700496899e-91,0.0,-0.004334328893691755,-6.358615575975432e-05,0.0009578327848004497,False
4.152,-5.176966643707763e-05,0.0009171271059748685,0.010272484289380162,-7.98875590743021e-91,0.0,0.002853085850236837,-6.4094309928698e-05,0.0009566131571693198,False
4.1530000000000005,-5.084744013179001e-05,0.0009272883815267184,0.010049741457362675,-7.22852526859867e-91,0.0,0.0032766350917469694,-6.493101781877292e-05,0.0009523636493245642,False
4.154,-4.991516424551846e-05,0.0009372259470160608,0.009825073034717562,-6.540640140246511e-91,0.0,-0.007994029124912745,-5.661796943936418e-05,0.0010362889416544992,False
4.155,-4.897306344223553e-05,0.000946937903522226,0.009598532419219655,-5.918215936803009e-91,0.0,-0.005362698985568328,-5.0671145215926066e-05,0.001094669251574128,False
4.156,-4.802136425807824e-05,0.0009564224056938076,0.009370173349526893,-5.355023227636102e-91,0.0,0.0018422332476252942,-5.072680769776241e-05,0.001093372289265905,False
4.157,-4.7060295047610455e-05,0.000965677662083254,0.00914004989258747,-4.8454253908168405e-91,0.0,-0.006536677294276388,-4.399634975144818e-05,0.001157324419156745,False
4.158,-4.6090085929756956e-05,0.000974701935468839,0.008908216430992056,-4.38432219991259e-91,0.0,0.0037773554548946138,-4.58080770499048e-05,0.0011369517252694684,False
4.159,-4.5110968733421944e-05,0.0009834935431639591,0.008674727650273998,-3.967098779206646e-91,0.0,0.0004277548658514251,-4.485623265241877e-05,0.0011437740279229853,False
4.16,-4.412317694280457e-05,0.0009920508573137052,0.00843963852616047,-3.5895794164709484e-91,0.0,-0.002411524933382587,-4.1632351619044486e-05,0.001172143158780288,False
4.1610000000000005,-4.312694564242424e-05,0.001000372305178663,0.00820300431177746,-3.2479857710345993e-91,0.0,-0.0021059940643050334,-3.8747229051456154e-05,0.0011962158585855022,False
4.162,-4.212251146186861e-05,0.0010084563694058957,0.007964880524811596,-2.938899058880482e-91,0.0,-0.0020282602457282256,-3.6006813454266525e-05,0.0012179811365996746,False
4.163,-4.111011252027693e-05,0.0010163015882870695,0.007725322934631704,-2.6592258363057263e-91,0.0,-0.007244712419630551,-2.9120213542906298e-05,0.0012787374228127393,False
4.164,-4.008998837057175e-05,0.0010239065560036802,0.007484387549373122,-2.4061670396973886e-91,0.0,0.00396102404191041,-3.150225124971495e-05,0.0012481872482020906,False
4.165,-3.9062379943451903e-05,0.0010312699228593476,0.0072421306029876575,-2.177189971563013e-91,0.0,0.0014846909522103482,-3.18116538071808e-05,0.0012384328051731647,False
4.166,-3.802752949115961e-05,0.001038390395499144,0.006998608542262197,-1.970002952442861e-91,0.0,0.0019261836913852953,-3.2469771870447173e-05,0.001225504816947574,False
4.167,-3.6985680531034776e-05,0.0010452667371159264,0.0067538780138089345,-1.7825323850116154e-91,0.0,0.0019176365042823885,-3.3102318015238054e-05,0.001213114324149628,False
4.168,-3.593707778886946e-05,0.0010518977676436461,0.0065079958510301595,-1.612902000819391e-91,0.0,0.0008069518158781784,-3.281759792239987e-05,0.0012098197741047833,False
4.1690000000000005,-3.488196714207557e-05,0.001058282363937612,0.006261019061060586,-1.4594140819664508e-91,0.0,0.005672300908560263,-3.6480500741247054e-05,0.0011685567257216833,False
4.17,-3.382059556267883e-05,0.0010644194599416861,0.006013004811690207,-1.3205324697718434e-91,0.0,-0.006319375991833184,-3.0329736759241523e-05,0.0012228965508186095,False
4.171,-3.275321106015205e-05,0.0010703080468423924,0.005764010418270623,-1.1948671903810035e-91,0.0,0.0013391129600671446,-3.055449155559269e-05,0.0012139728588154125,False
4.172,-3.16800626241009e-05,0.001075947173209927,0.005514093330607812,-1.0811605434402286e-91,0.0,-0.0006426049666534242,-2.9168246882637898e-05,0.001220682383674204,False
4.173,-3.060140016681517e-05,0.001081335945126053,0.005263311119844334,-9.782745146088112e-92,0.0,0.0007236543399801373,-2.892757133534058e-05,0.0012159952610532195,False
4.174,-2.9517474465698737e-05,0.0010864735262988766,0.005011721465333902,-8.851793859290184e-92,0.0,-0.003450812002164557,-2.531358186254586e-05,0.0012437273605249402,False
4.175,-2.8428537105591302e-05,0.0010913591381644914,0.004759382141511306,-8.009434300626691e-92,0.0,0.0010592556658020737,-2.5453889798264863e-05,0.0012342552083893256,False
4.176,-2.733484042099505e-05,0.0010959920599754958,0.004506351004760643,-7.247235852507706e-92,0.0,-0.007092226111310561,-1.8989831292799412e-05,0.001288395171358805,False
4.1770000000000005,-2.6236637438219356e-05,0.001100371628876375,0.0042526859802847925,-6.557570176680709e-92,0.0,-0.0003037618395061194,-1.8205696932674636e-05,0.0012858887839568975,False
4.178,-2.5134181817456683e-05,0.0011044972399657572,0.003998445048979118,-5.933534867257384e-92,0.0,0.005461156752818551,-2.2111735280994425e-05,0.0012381560440417102,False
4.179,-2.4027727794802772e-05,0.0011083683463455455,0.0037436862343123056,-5.368884369115511e-92,0.0,-0.006311101032270084,-1.6374883647711114e-05,0.001284511413577138,False
4.18,-2.2917530124234276e-05,0.0011119844591569359,0.003488467589217308,-4.8579674702841005e-92,0.0,0.0037671691278985194,-1.8961157494050086e-05,0.0012490664480572023,False
4.181,-2.1803844019556906e-05,0.0011153451476033317,0.003232847182995307,-4.3956707427145473e-92,0.0,0.003273640951431704,-2.1074518173515633e-05,0.0012191424480956425,False
4.182,-2.068692509633723e-05,0.0011184500389601708,0.0029768830882356202,-3.97736736537404e-92,0.0,-0.0005163693377613027,-2.005915179794126e-05,0.0012200969865377523,False
4.183,-1.9567029313831165e-05,0.0011212988185716817,0.0027206333677544893,-3.598870817465533e-92,0.0,0.002607064982884892,-2.1601657603574417e-05,0.001196228467821062,False
4.184,-1.8444412916922258e-05,0.0011238912298345883,0.0024641560615556255,-3.256392978320476e-92,0.0,-0.0024920723301107427,-1.897159254589357e-05,0.0012130752608604538,False
4.1850000000000005,-1.7319332378082754e-05,0.0011262270741687881,0.0022075091738154376,-2.9465062146139276e-92,0.0,-0.008808986641271131,-1.1301153371498907e-05,0.0012775866983498457,False
4.186,-1.619204433937051e-05,0.0011283062109750286,0.0019507506598958216,-2.666109075458175e-92,0.0,-0.004193248845495984,-7.585534575143891e-06,0.001301645275197291,False
4.187,-1.5062805554474709e-05,0.0011301285575796122,0.0016939384133873915,-2.4123952520398142e-92,0.0,-0.006950871756437629,-1.742323671040518e-06,0.001345049044441722,False
4.188,-1.3931872830823349e-05,0.0011316940891661598,0.0014371302531860136,-2.1828254911379133e-92,0.0,-0.006345859939511483,3.445402052034706e-06,0.0013803558862234657,False
4.189,-1.279950297176542e-05,0.0011330028386944695,0.0011803839106055152,-1.9751021814243047e-92,0.0,-0.0033299259955894074,6.044055431604093e-06,0.0013892193295073586,False
4.19,-1.1665952718840662e-05,0.0011340548968065069,0.0009237570165293884,-1.7871463581971592e-92,0.0,-0.00015728568974050463,6.0001232450732115e-06,0.0013720014095812859,False
4.191,-1.0531478694149747e-05,0.0011348504117195681,0.0006673070886043409,-1.6170768964034854e-92,0.0,0.003390105867590811,3.085054272467241e-06,0.0013273898699524172,False
4.192,-9.396337342837698e-06,0.0011353895891066585,0.0004110915184784943,-1.4631916837073325e-92,0.0,-0.004600846440791386,6.723005318017875e-06,0.0013469117081238774,False
4.1930000000000005,-8.260784875703298e-06,0.0011356726919641324,0.0001551675590870437,-1.3239505851774311e-92,0.0,-0.0005207170652311389,6.954108054131651e-06,0.0013326545003563737,False
4.194,-7.125077211947213e-06,0.0011357000404666436,-0.00010040768801184239,-1.1979600290991445e-92,0.0,-0.002037898072748872,8.407147965754537e-06,0.0013302478818574988,False
4.195,-5.989469922071479e-06,0.0011354720118094592,-0.00035557728524810605,-1.0839590596403528e-92,0.0,0.005956664733473123,3.345678401159774e-06,0.0012649293951737376,False
4.196,-4.854218170942989e-06,0.0011349890400381881,-0.0006102844715951095,-9.808067167816633e-93,0.0,0.0012186160020973263,2.264127999428666e-06,0.0012397269453926863,False
4.197,-3.7195766610334958e-06,0.001134251615865985,-0.0008644726750664406,-8.87470617205047e-93,0.0,-0.004964130654108551,6.219501419775669e-06,0.001263458306184009,False
4.198,-2.58579957584867e-06,0.001133260286478286,-0.0011180855251514783,-8.03016621854594e-93,0.0,0.003752813125745393,3.0045251643606556e-06,0.001217120998729915,False
4.199,-1.4531405235586174e-06,0.0011320156553251432,-0.001371066865187026,-7.265994867588693e-93,0.0,-0.0029242672345117966,5.287204398173752e-06,0.001224860497662583,False
4.2,-3.2185248084224153e-07,0.0011305183819012175,-0.0016233607646623219,-6.574544035451486e-93,0.0,0.001781388553889808,3.694944715723639e-06,0.0011947579308620834,False
4.2010000000000005,8.078122630422464e-07,0.0011287691815135038,-0.0018749115314547614,-5.948893449801641e-93,0.0,-0.0028709324434556317,5.914871337914169e-06,0.0012019874416047426,False
4.202,1.9356021619484383e-06,0.0011267688250368537,-0.002125663723993679,-5.382781389289548e-93,0.0,-0.00412008559374106,9.083345100597622e-06,0.0012177537329216724,False
4.203,3.0612664682822904e-06,0.0011245181386573735,-0.0023755621633495755,-4.87054201413677e-93,0.0,-0.003801054000145202,1.1903698883289351e-05,0.0012292861168196677,False
4.204,4.184555288180053e-06,0.0011220180036037696,-0.002624551945246166,-4.407048660507177e-93,0.0,-0.0050331567881167,1.5641777690740017e-05,0.001248876140700096,False
4.205,5.305219636411551e-06,0.0011192693558667235,-0.0028725784519926844,-3.987662531132148e-93,0.0,-0.0013903525868870822,1.6324280012773363e-05,0.001238039944806999,False
4.206,6.42301149099689e-06,0.0011162731859063729,-0.0031195873643338596,-3.6081862686683518e-93,0.0,0.00195573017372554,1.427806141020445e-05,0.0012009445480704681,False
4.207,7.537683847524728e-06,0.001113030538347988,-0.0033655246732150457,-3.2648219471346742e-93,0.0,-0.0013819520921487416,1.4992409542019499e-05,0.0011912538352081671,False
4.208,8.648990773160357e-06,0.0011095425116659236,-0.0036103366914599657,-2.9541330609924724e-93,0.0,0.0008614759892391225,1.3869972033347592e-05,0.0011638565177255532,False
4.2090000000000005,9.756687460331916e-06,0.0011058102578559395,-0.00385397006535859,-2.6730101314430942e-93,0.0,-0.0037766862895971046,1.6534941481469e-05,0.001173417352405822,False
4.21,1.0860530280083139e-05,0.0011018349820959786,-0.004096371786162675,-2.41863958571893e-93,0.0,0.003807267583566948,1.2983532141049273e-05,0.0011225260302183927,False
4.211,1.1960276835081159e-05,0.001097617942395497,-0.004337489201486506,-2.1884755979014797e-93,0.0,-0.0002308970170727161,1.2802538936301088e-05,0.0011053926782385946,False
4.212,1.3055686012267947e-05,0.0010931604492334412,-0.0045772700266104496,-1.9802146094398778e-93,0.0,-0.0022008460038389515,1.4221775487773487e-05,0.0011038704062977605,False
4.213,1.41465180351441e-05,0.0010884638651849714,-0.004815662355684879,-1.791772274362665e-93,0.0,-0.004791925827296624,1.7698831103339926e-05,0.0011218236479370914,False
4.214,1.5232534515673763e-05,0.0010835296045370328,-0.0050526146728321454,-1.6212625984427327e-93,0.0,-0.0018182783720281023,1.866953497654738e-05,0.0011147062465209218,False
4.215,1.6313498505799592e-05,0.0010783591328928752,-0.005288075863144221,-1.4669790635331929e-93,0.0,0.0032978283598535892,1.547013247935487e-05,0.0010673701633001716,False
4.216,1.7389174548556756e-05,0.0010729539667656291,-0.005521995223573714,-1.3273775481601841e-93,0.0,-0.0033774384287723856,1.77664756307678e-05,0.0010741001241886723,False
4.2170000000000005,1.8459328728775084e-05,0.0010673156731610452,-0.0057543224737159615,-1.2010608734361635e-93,0.0,-0.005064098784108148,2.1363457118242515e-05,0.00109273921008816,False
4.218,1.952372872335858e-05,0.0010614458691495065,-0.00598500776647994,-1.0867648196239926e-93,0.0,-0.0007639199862097294,2.1376573706964168e-05,0.0010759169504494007,False
4.219,2.058214385113163e-05,0.0010553462214274265,-0.006214001698645757,-9.833454734008888e-94,0.0,0.0027851078549239743,1.851561181654496e-05,0.0010316555659690891,False
4.22,2.1634345122241363e-05,0.001049018445868147,-0.006441255321306527,-8.897677791894085e-94,0.0,-0.006306687726005513,2.309750761608054e-05,0.0010600638233173574,False
4.221,2.268010528710569e-05,0.0010424643070624537,-0.00666672015019246,-8.050951799733341e-94,0.0,0.00044344934685200204,2.208385408295113e-05,0.0010333460604429138,False
4.222,2.3719198884896722e-05,0.001035685617848827,-0.006890348175875002,-7.284802439202678e-94,0.0,-0.0013251921711430101,2.253102596816548e-05,0.0010211933890549997,False
4.223,2.4751402291549357e-05,0.0010286842388335486,-0.007112091873848928,-6.591561829990211e-94,0.0,-0.0019549832978735574,2.347547729528108e-05,0.0010138545416443845,False
4.224,2.577649376728497e-05,0.00102146207790079,-0.0073319042144903025,-5.964291787072727e-94,0.0,-0.004336078976374563,2.6321175490454946e-05,0.0010246578303327353,False
4.225,2.6794253503640193e-05,0.001014021089712804,-0.007549738672888249,-5.396714381027965e-94,0.0,-0.005566337315757222,3.008238696704709e-05,0.0010434999002575992,False
4.226,2.780446366999104e-05,0.0010063632752003488,-0.007765549238548507,-4.883149106406875e-94,0.0,-0.0025832034679887806,3.132151241169659e-05,0.0010370462921829493,False
4.227,2.8806908459562593e-05,0.0009984906810434743,-0.007979290424966794,-4.4184560293257994e-94,0.0,-0.0005447118049495756,3.087492040403683e-05,0.001014183969903555,False
4.228,2.9801374134914714e-05,0.0009904053991428006,-0.00819091727907001,-3.997984345280574e-94,0.0,-0.00670669790583683,3.5430447279903664e-05,0.0010397520770095495,False
4.229,3.078764907289436e-05,0.0009821095660814214,-0.008400385390523362,-3.617525832331861e-94,0.0,-0.005907136820114735,3.9209452272064076e-05,0.0010565478623850069,False
4.23,3.176552380904513e-05,0.000973605362577569,-0.008607650900901506,-3.273272733805547e-94,0.0,-0.003141298283852367,4.064181458326256e-05,0.0010497529082549222,False
4.231,3.273479108146496e-05,0.0009648950129281767,-0.00881267051272188,-2.961779648984118e-94,0.0,0.0013301501376109341,3.8412977621298894e-05,0.0010075229790808716,False
4.232,3.369524587410285e-05,0.0009559807844434772,-0.009015401498338358,-2.67992905037824e-94,0.0,-0.0033309044794228495,4.0021439372454674e-05,0.0010031444639568446,False
4.233,3.4646685459485796e-05,0.0009468649868727789,-0.009215801708693471,-2.4249000824638073e-94,0.0,-0.005690923440027357,4.349526371414815e-05,0.0010163809022270202,False
4.234,3.5588909440867095e-05,0.0009375499718215596,-0.009413829581927435,-2.1941403296117368e-94,0.0,-0.003813997273953083,4.535086132059179e-05,0.0010131357015285226,False
4.235,3.6521719793787546e-05,0.0009280381321600257,-0.009609444151842235,-1.9853402706544532e-94,0.0,-0.0030794173685562906,4.655906959778659e-05,0.0010032869183785559,False
4.236,3.744492090704092e-05,0.0009183319014232788,-0.009802605056219126,-1.7964101644217886e-94,0.0,0.005356187618498875,4.090258777234416e-05,0.0009272984199703176,False
4.237,3.835831962303552e-05,0.0009084337532032394,-0.009993272544987851,-1.6254591349089647e-94,0.0,0.0010501241062103159,3.8893102202917145e-05,0.0008884786328601549,False
4.238,3.9261725277543565e-05,0.0008983462005324764,-0.010181407488246016,-1.470776246753992e-94,0.0,0.0012437034664398402,3.6783821196000594e-05,0.0008495831659329099,False
4.239,4.015494973883045e-05,0.0008880717952600926,-0.01036697138412699,-1.3308133816215015e-94,0.0,-0.004298956998617988,3.92223015658451e-05,0.0008553034989858385,False
4.24,4.1037807446155965e-05,0.0008776131274198186,-0.01054992636651482,-1.2041697441141035e-94,0.0,-0.009286354760976993,4.5630053959506976e-05,0.0008985607291505421,False
4.241,4.191011544763978e-05,0.0008669728245904686,-0.010730235212604654,-1.0895778421412275e-94,0.0,0.0006002457404899405,4.385086559588537e-05,0.0008612099818576171,False
4.242,4.277169343748363e-05,0.0008561535512489148,-0.010907861350307189,-9.858908014322606e-95,0.0,-0.008900761591718997,4.98152229204708e-05,0.0008990986382530849,False
4.243,4.3622363792542806e-05,0.0008451580081157345,-0.011082768865495734,-8.920708872333695e-95,0.0,-0.0032132657605120577,5.1005290093179774e-05,0.0008893380960530921,False
4.244,4.446195160823969e-05,0.0008339889314936901,-0.011254922509094465,-8.071791183092897e-95,0.0,0.001914275984735842,4.800977500168412e-05,0.0008391901430021618,False
4.245,4.529028473381225e-05,0.0008226490925992015,-0.011424287704006558,-7.3036586930352e-95,0.0,-0.0027655567164397423,4.888849127000865e-05,0.0008275090483945447,False
4.246,4.610719380689057e-05,0.0008111412968869691,-0.011590830551880833,-6.608623674021861e-95,0.0,-0.0027184005803949163,4.970412154202858e-05,0.0008151537060466005,False
4.247,4.6912512287394675e-05,0.0007994683833679136,-0.011754517839715671,-5.979729981973257e-95,0.0,-0.005098099149896998,5.242351821889174e-05,0.0008210494389156444,False
4.248,4.770607649074696e-05,0.0007876332239205922,-0.011915317046298954,-5.4106834374408966e-95,0.0,6.707079634661931e-05,5.088352313062629e-05,0.0007853303118690021,False
4.249,4.848772562039289e-05,0.000775638722596258,-0.012073196348482787,-4.895788831343951e-95,0.0,-0.0034739408391423732,5.225438752703961e-05,0.0007783311568427059,False
4.25,4.925730179962367e-05,0.0007634878149177281,-0.012228124627291918,-4.4298929254025484e-95,0.0,0.0012159543637435051,4.9788915521217836e-05,0.000734229870294916,False
4.251,5.001465010269468e-05,0.0007511834671722257,-0.012380071473864641,-4.008332876797005e-95,0.0,0.0005171310734040332,4.795916400976305e-05,0.000697283309550383,False
4.252,5.075961858523388e-05,0.0007387286756983669,-0.012529007195225173,-3.626889570869652e-95,0.0,-0.002592186910048382,4.8698934187663194e-05,0.0006858549186963334,False
4.253,5.149205831393431e-05,0.0007261264661674589,-0.012674902819886405,-3.281745394807245e-95,0.0,0.0027411274278698492,4.50992660707093e-05,0.0006326802380612042,False
4.2540000000000004,5.221182339552514e-05,0.0007133798928592815,-0.012817730103282078,-2.9694460296887884e-95,0.0,-0.006587660429377001,4.915528721799851e-05,0.0006544859926880053,False
4.255,5.291877100501579e-05,0.000700492037932521,-0.012957461533027334,-2.6868658785007344e-95,0.0,-0.0029357500983170194,5.013934798373703e-05,0.0006456119038381313,False
4.256,5.361276141320787e-05,0.0006874660106900305,-0.013094070334006816,-2.4311767841115245e-95,0.0,-0.0033291072690080047,5.14140282182125e-05,0.00063940817830827,False
4.257,5.429365801346991e-05,0.0006743049468390888,-0.013227530473289362,-2.1998197241244393e-95,0.0,-0.0048173636742190025,5.385764982678057e-05,0.0006442214054380956,False
4.258,5.4961327347769894e-05,0.0006610120077468313,-0.01335781666486847,-1.9904791993213346e-95,0.0,-0.008039567767303907,5.8841091141247443e-05,0.0006728418268001339,False
4.259,5.5615639131960886e-05,0.0006475903796910279,-0.013484904374227741,-1.8010600593682004e-95,0.0,0.0020325424030087184,5.55277465315694e-05,0.0006202816378025573,False
4.26,5.6256466280315165e-05,0.0006340432731063836,-0.013608769822730488,-1.6296665338464143e-95,0.0,-1.0326698995687675e-05,5.396244739828257e-05,0.0005858516127430023,False
4.261,5.688368492930253e-05,0.0006203739218265372,-0.013729389991832874,-1.4745832587452011e-95,0.0,-0.0013490205188915277,5.352547157638106e-05,0.0005630007765374131,False
4.2620000000000005,5.7497174460608485e-05,0.0006065855823219361,-0.013846742627119813,-1.334258108522059e-95,0.0,-0.0024395021775854655,5.3983860784811934e-05,0.0005491076108633417,False
4.263,5.809681752338837e-05,0.0005926815329337633,-0.013960806242163028,-1.207286661908643e-95,0.0,0.0009020082875077539,5.172358271600532e-05,0.0005091362628491917,False
4.264,5.868250005575344e-05,0.000578665073104096,-0.014071560122200668,-1.0923981459906688e-95,0.0,-0.0004557282264409312,5.062674290335815e-05,0.0004812995378404351,False
4.265,5.9254111305485376e-05,0.0005645395226024743,-0.014178984327637919,-9.88442717885466e-96,0.0,-0.004651423913006263,5.295831206237736e-05,0.00048696971829508153,False
4.266,5.981154384997555e-05,0.0005503082207490579,-0.014283059697368086,-8.943799567279312e-96,0.0,-0.0065559485956846126,5.676592961177121e-05,0.0005062387587691644,False
4.267,6.035469361538593e-05,0.0005359745256345531,-0.014383767851913663,-8.092684507888144e-96,0.0,-0.008863259231857913,6.233390669310394e-05,0.0005413559959018897,False
4.268,6.088345989502827e-05,0.0005215418133370878,-0.014481091196386991,-7.322563755097119e-96,0.0,-0.0045100162923503145,6.421919378467615e-05,0.0005394355039882533,False
4.269,6.139774536695877e-05,0.0005070134771362171,-0.014575012923270049,-6.625729681565777e-96,0.0,-0.005098877964582784,6.652786275805195e-05,0.0005411813315864991,False
4.2700000000000005,6.18974561107854e-05,0.0004923929267242386,-0.014665517015013074,-5.995208137672198e-96,0.0,-0.002369219071324231,6.65608537497867e-05,0.0005205165166466491,False
4.271,6.238250162368524e-05,0.0004776835874150012,-0.014752588246451682,-5.424688651879485e-96,0.0,-0.0063112034570427245,6.978479996500953e-05,0.0005307425129920704,False
4.272,6.285279483562944e-05,0.0004628888993503863,-0.014836212187042204,-4.908461273415604e-96,0.0,-3.016199278081059e-05,6.783151574962935e-05,0.0004903705623410997,False
4.273,6.33082521238136e-05,0.0004480123167046456,-0.014916375202915028,-4.441359425166873e-96,0.0,-0.0004940280613326799,6.630918782258129e-05,0.0004550286466392368,False
4.274,6.37487933262915e-05,0.000433057306886776,-0.014993064458745752,-4.018708194837666e-96,0.0,-0.004475817969036443,6.805412417500728e-05,0.0004518239826925921,False
4.275,6.417434175481026e-05,0.00041802734974111504,-0.01506626791944398,-3.6362775468568657e-96,0.0,-0.004406865692275346,6.96937770868697e-05,0.00044725042459841996,False
4.276,6.458482420684531e-05,0.00040292593674633826,-0.015135974351659703,-3.290239986760099e-96,0.0,-0.002135292007231313,6.944763118338053e-05,0.0004242341399636904,False
4.277,6.498017097683369e-05,0.000387756570213042,-0.015202173325107142,-2.9771322543386777e-96,0.0,-0.007187195663863057,7.32990713230119e-05,0.0004409113294009569,False
4.2780000000000005,6.536031586660412e-05,0.0003725227624800929,-0.015264855213706068,-2.6938206621673847e-96,0.0,-0.00441851263346159,7.479951272961609e-05,0.00043394093265674226,False
4.279,6.572519619500311e-05,0.00035722803510992816,-0.015324011196540593,-2.437469732607455e-96,0.0,-0.0025901346070192873,7.477696346765878e-05,0.0004120727529120252,False
4.28,6.607475280671575e-05,0.0003418759180829875,-0.015379633258635525,-2.2055138193933303e-96,0.0,-0.0021229968348768866,7.437680404539872e-05,0.0003868233733188356,False
4.281,6.640893008028065e-05,0.0003264699489914604,-0.015431714191550334,-1.9956314297824884e-96,0.0,-0.0025476892629523688,7.433186568213023e-05,0.00036535864732477547,False
4.282,6.672767593529837e-05,0.0003110136722325304,-0.015480247593790929,-1.8057219902757971e-96,0.0,-0.0031843098787246865,7.480368315569309e-05,0.00034910912718304167,False
4.283,6.703094183883288e-05,0.0002955106382012986,-0.015525227871039346,-1.6338848233719063e-96,0.0,-0.007776857674826113,7.898079146692941e-05,0.00036854596027341484,False
4.284,6.731868281100582e-05,0.0002799644024835685,-0.015566650236201662,-1.4784001249479755e-96,0.0,0.0007331636801901952,7.61488146397774e-05,0.00031946188312935686,False
4.285,6.759085742978373e-05,0.0002643785250486737,-0.01560451070927435,-1.337711751881966e-96,0.0,0.002452180353764482,7.200517993033879e-05,0.00025895388975992077,False
4.2860000000000005,6.784742783495795e-05,0.0002487565694425297,-0.015638806117029332,-1.2104116476492382e-96,0.0,0.003695479113114207,6.697225652088449e-05,0.0001915034727318402,False
4.287,6.808835973131795e-05,0.00023310210198109144,-0.015669534092518176,-1.0952257500195883e-96,0.0,-0.0034642110172326277,6.787928651197896e-05,0.00018302446467647314,False
4.288,6.831362239101834e-05,0.00021741869094439684,-0.015696693074395723,-9.910012398142216e-97,0.0,-0.0036404400795866728,6.89033067967299e-05,0.0001755599927849788,False
4.289,6.852318865514028e-05,0.00020170990577137666,-0.015720282306063628,-8.96695003103935e-97,0.0,-0.006459387340896695,7.218085465341908e-05,0.0001896069587918387,False
4.29,6.871703493444814e-05,0.00018597931625561085,-0.01574030183463425,-8.113631913743113e-97,0.0,-0.0048112582218491455,7.403099903315955e-05,0.00018904146571352672,False
4.291,6.889514120934254e-05,0.0001702304917422106,-0.015756752509715387,-7.341517751725479e-97,0.0,-0.009151351323039328,7.934295559743384e-05,0.0002213378349575517,False
4.292,6.905749102901081e-05,0.00015446700032600486,-0.01576963598201644,-6.642879966936445e-97,0.0,-0.003040278840727599,7.955613405477587e-05,0.00020307524251083256,False
4.293,6.920407150977642e-05,0.00013869240805121,-0.01577895470177651,-6.010726357605573e-97,0.0,-0.004773666069635776,8.116682342944682e-05,0.0001983992353105028,False
4.2940000000000005,6.93348733326489e-05,0.0001229102781127599,-0.01578471191701514,-5.438730117936514e-97,0.0,0.0030090862431106937,7.643004200180202e-05,0.00013240653148084111,False
4.295,6.944989074007598e-05,0.00010712417005947383,-0.015786911671606306,-4.921166517308084e-97,0.0,0.001811727781632553,7.279702236480151e-05,7.882123294725483e-05,False
4.296,6.954912153189991e-05,9.133763899923845e-05,-0.015785558803176336,-4.452855605246062e-97,0.0,-0.0024466347746382117,7.271502964566804e-05,6.0778070304088865e-05,False
4.297,6.963256706051995e-05,7.555423480637953e-05,-0.01578065894082656,-4.0291103687377966e-97,0.0,-0.0030888612032689694,7.315538200653491e-05,4.7974152209877554e-05,False
4.298,6.970023222526357e-05,5.977750133139837e-05,-0.0157722185026814,-3.6456898230306204e-97,0.0,-0.009230232972957232,7.855602540955395e-05,8.288732894064707e-05,False
4.299,6.975212546596847e-05,4.4010975613247125e-05,-0.015760244693262777,-3.2987565664310006e-97,0.0,-0.0040010298324513575,7.95694415578268e-05,7.403130810477928e-05,False
4.3,6.978825875577835e-05,2.8258187094316117e-05,-0.015744745500691604,-2.9848383742985936e-97,0.0,0.004205608336428152,7.390908626150932e-05,9.033099829414978e-07,False
4.301,6.980864759315498e-05,1.2522656838305836e-05,-0.015725729693717327,-2.7007934478549904e-97,0.0,-0.004954807382540236,7.582648655575013e-05,2.692076068939308e-06,False
4.3020000000000005,6.981331099310975e-05,-3.192103248845074e-06,-0.015703206818576426,-2.4437789700055464e-97,0.0,-0.0064289947994707105,7.888322159220313e-05,1.4979824710150022e-05,False
4.303,6.98022714776577e-05,-1.8882591194805177e-05,-0.015677187195680776,-2.2112226534703952e-97,0.0,-0.006550799667669036,8.195195593385652e-05,2.655860408323792e-05,False
4.304,6.977555506549738e-05,-3.4545315733299344e-05,-0.01564768191613696,-2.0007969964687757e-97,0.0,-0.00248206251367021,8.163919808445184e-05,4.818367955694885e-06,False
4.305,6.973319126092008e-05,-5.017679707299301e-05,-0.015614702838097528,-1.8103959882989097e-97,0.0,0.00039944530960389765,7.900209910262212e-05,-3.894944036040015e-05,False
4.306,6.967521304195199e-05,-6.57735676626442e-05,-0.015578262582945231,-1.6381140316750445e-97,0.0,-0.004054431529377717,8.004611372674029e-05,-4.6258000544905467e-05,False
4.307,6.96016568477331e-05,-8.13321729523566e-05,-0.015538374531311414,-1.4822268708693234e-97,0.0,0.00326949429474056,7.513023658084841e-05,-0.00011100143980732834,False
4.308,6.951256256513702e-05,-9.68491721507688e-05,-0.015495052818929676,-1.341174334780918e-97,0.0,-0.006314516878303667,7.811400872495689e-05,-9.799502809956185e-05,False
4.309,6.940797351463546e-05,-0.00011232113897801503,-0.015448312332325957,-1.2135447222192616e-97,0.0,-0.003794104137966222,7.897240049223846e-05,-0.00010623174776492029,False
4.3100000000000005,6.928793643541221e-05,-0.00012774466241429494,-0.015398168704346302,-1.0980606731240424e-97,0.0,-0.0026328378087386766,7.886616874447354e-05,-0.00012384119025402656,False
4.311,6.91525014697306e-05,-0.0001431163474438904,-0.01534463830952355,-9.935663843163862e-98,0.0,0.00023456621675533793,7.64411629770145e-05,-0.00016351706487262248,False
4.312,6.90017221465594e-05,-0.00015843281579446897,-0.015287738259284162,-8.990160418321628e-98,0.0,-0.005318890402821982,7.858160807711691e-05,-0.0001583274145817707,False
4.313,6.883565536446181e-05,-0.00017369070667151487,-0.015227486396996635,-8.134633540643224e-98,0.0,0.0011484984779286038,7.54246406596046e-05,-0.00020459104752763721,False
4.314,6.865436137375248e-05,-0.00018888667748772972,-0.015163901292862712,-7.36052080958433e-98,0.0,-0.004203600764779181,7.669082555166373e-05,-0.0002071189141298395,False
4.315,6.845790375792779e-05,-0.00020401740458724632,-0.015097002238652882,-6.660074644744235e-98,0.0,0.0051070633218864995,7.038212740089877e-05,-0.0002827066275043178,False
4.316,6.82463494143745e-05,-0.00021907958396450095,-0.015026809242287513,-6.026284745477135e-98,0.0,0.0007762114125037987,6.775898094621435e-05,-0.0003206127734561611,False
4.317,6.801976853436234e-05,-0.00023406993197760986,-0.014953343022265113,-5.45280792944702e-98,0.0,-0.002802443935157974,6.810787131223902e-05,-0.00032894295594608714,False
4.3180000000000005,6.777823458232591e-05,-0.00024898518605609855,-0.014876625001939182,-4.9339046479268484e-98,0.0,0.0014100586351561617,6.503594084172524e-05,-0.0003701369703363225,False
4.319,6.75218242744419e-05,-0.00026382210540283266,-0.014796677303645176,-4.4643815424657494e-98,0.0,-0.005047560357266071,6.727991041889583e-05,-0.00035909038308583417,False
4.32,6.725061755650717e-05,-0.0002785774716900013,-0.01471352274267911,-4.039539468012103e-98,0.0,0.002298392181883802,6.351214600873781e-05,-0.0004064508721712064,False
4.321,6.69646975811241e-05,-0.0002932480897490061,-0.014627184821129412,-3.655126462290425e-98,0.0,0.0024370278179335933,5.973890477129699e-05,-0.00045249002500334027,False
4.322,6.666415068419885e-05,-0.00030783078825410856,-0.01453768772156358,-3.307295190733779e-98,0.0,0.003676253790066991,5.506917565626672e-05,-0.0005057848970157471,False
4.323,6.63490663607595e-05,-0.0003223224203996929,-0.014445056300571345,-2.992564441066299e-98,0.0,-0.0019439937006176342,5.5082594727237e-05,-0.00051242665716724,False
4.324,6.601953724009988e-05,-0.0003367198645710006,-0.014349316082165971,-2.7077842821606543e-98,0.0,-0.002155776536880288,5.526711757859489e-05,-0.0005173531418298481,False
4.325,6.567565906025621e-05,-0.00035102002500819594,-0.01425049325104535,-2.4501045384686006e-98,0.0,-0.004347671682379154,5.722122492039921e-05,-0.0005052587322573589,False
4.3260000000000005,6.53175306418229e-05,-0.0003652198324636237,-0.014148614645714718,-2.2169462645061147e-98,0.0,0.0038681311001760987,5.246748081320077e-05,-0.000558208284758552,False
4.327,6.494525386111473e-05,-0.0003793162448521207,-0.014043707751472631,-2.0059759339001782e-98,0.0,-0.005724406472659507,5.561569510000035e-05,-0.0005335533163544089,False
4.328,6.455893362268201e-05,-0.00039330624789424577,-0.013935800693262083,-1.81508208467251e-98,0.0,-0.007180988905265058,5.9854107712765566e-05,-0.0004994026230141721,False
4.329,6.41586778311864e-05,-0.00040718685575229425,-0.013824922228388497,-1.6423541870184007e-98,0.0,-0.00023025239396013385,5.8344276639092157e-05,-0.0005218320334241368,False
4.33,6.374459736264404e-05,-0.0004209551116589647,-0.013711101739106463,-1.4860635220822772e-98,0.0,-0.0009202452157096221,5.743593294139288e-05,-0.0005378915541688851,False
4.331,6.331680603504413e-05,-0.00043460808853854743,-0.013594369225077108,-1.3446458803583519e-98,0.0,-0.005564435214292913,6.031380950928289e-05,-0.0005171784747985458,False
4.332,6.287542057834973e-05,-0.0004481428896205065,-0.013474755295697928,-1.2166859065561408e-98,0.0,0.0017931906577257736,5.715253502300704e-05,-0.0005553860147806907,False
4.333,6.242056060388912e-05,-0.00046155664904532856,-0.013352291162307059,-1.1009029342489992e-98,0.0,-0.002246106865957693,5.73515375656406e-05,-0.0005601617438924371,False
4.3340000000000005,6.195234857314507e-05,-0.00047484653246251404,-0.01322700863026387,-9.961381685340762e-99,0.0,-0.009508809310876512,6.342563108473298e-05,-0.0005084630327568468,False
4.335,6.147090976595019e-05,-0.0004880097376205879,-0.01309894009090791,-9.01343088423443e-99,0.0,-0.005598163393538425,6.616106938884049e-05,-0.0004907936090196912,False
4.336,6.097637224809623e-05,-0.0005010434949490094,-0.012968118513398137,-8.155689528936256e-99,0.0,-0.0004469364450071481,6.464795118349452e-05,-0.0005147693345055644,False
4.337,6.046886683836564e-05,-0.0005139450681318619,-0.012834577436434475,-7.379573055665592e-99,0.0,-0.0022375681895554353,6.462761911720556e-05,-0.0005237908779977884,False
4.338,5.9948527074993544e-05,-0.0005267117546732065,-0.012698350959863738,-6.677313829896191e-99,0.0,-0.0013452429543967842,6.388533270853721e-05,-0.000539646390804719,False
4.339,5.941548918156863e-05,-0.0005393408864539841,-0.012559473736171965,-6.041883405259073e-99,0.0,0.001953968844357619,6.049265619909881e-05,-0.0005806319105514675,False
4.34,5.886989203238137e-05,-0.0005518298302803548,-0.012417980961865277,-5.466922180488931e-99,0.0,-0.003413428442551593,6.154219909430783e-05,-0.0005777040191417396,False
4.341,5.831187711722824e-05,-0.0005641759884233621,-0.012273908368741308,-4.946675750397122e-99,0.0,-0.002716495828765173,6.199767995298345e-05,-0.0005807544032502239,False
4.3420000000000005,5.774158850568065e-05,-0.0005763767991498162,-0.012127292215053424,-4.475937313850424e-99,0.0,-0.00269576308110766,6.242346479731806e-05,-0.0005841587890885378,False
4.343,5.715917281082746e-05,-0.000588429737244287,-0.011978169276569748,-4.049995562355226e-99,0.0,0.00019060883604428772,6.0500039611933105e-05,-0.0006101996686264838,False
4.344,5.656477915249995e-05,-0.000600332314522106,-0.011826576837529329,-3.664587527698596e-99,0.0,0.0027969493854365906,5.652072724605922e-05,-0.0006552777945153291,False
4.345,5.595855911998833e-05,-0.0006120820803332731,-0.011672552681497464,-3.315855916729578e-99,0.0,-0.004792096620912853,5.87991654382056e-05,-0.0006388157711376708,False
4.346,5.5340666734258964e-05,-0.0006236766220571693,-0.011516135082122512,-3.000310506272851e-99,0.0,0.00034359935539313895,5.685457422708792e-05,-0.0006636373125443684,False
4.347,5.471125840968151e-05,-0.0006351135655879779,-0.011357362793796373,-2.714793211802089e-99,0.0,0.0022861899299607327,5.339214505469212e-05,-0.0007023336353185521,False
4.348,5.407049291527528e-05,-0.000646390575810719,-0.01119627504222086,-2.456446480268552e-99,0.0,0.004189380190055469,4.848679666038468e-05,-0.0007536890093531621,False
4.349,5.341853133548437e-05,-0.0006575053570678045,-0.011032911514882275,-2.222684690749717e-99,0.0,-0.004969802600078035,5.113680857695518e-05,-0.0007307546572996748,False
4.3500000000000005,5.275553703049093e-05,-0.0006684556536160221,-0.010867312351436426,-2.011168276686029e-99,0.0,-0.0004897154680753521,5.008411802463285e-05,-0.0007442584689012579,False
4.351,5.2081675596076375e-05,-0.0006792392500738609,-0.010699518134006393,-1.8197803107124169e-99,0.0,0.0012516335430756923,4.765126160848885e-05,-0.0007706403102463925,False
4.352,5.139711482304002e-05,-0.0006898539718590925,-0.010529569877395365,-1.6466053177376995e-99,0.0,0.0005321415870874612,4.5869937119918345e-05,-0.000789919681579048,False
4.353,5.0702024656185144e-05,-0.0007002976856165224,-0.010357509019216874,-1.4899101042260608e-99,0.0,0.0031354245695508344,4.203117406830055e-05,-0.000828358310298478,False
4.354,4.9996577152882175e-05,-0.0007105682996358325,-0.01018337740994474,-1.3481264118135963e-99,0.0,-0.008425320369353935,4.766212894843287e-05,-0.0007744916102237018,False
4.355,4.9280946441219066e-05,-0.0007206637642594332,-0.010007217302885141,-1.219835221651497e-99,0.0,-0.0036519167772255633,4.926839798813361e-05,-0.0007611720966863788,False
4.356,4.8555308677748826e-05,-0.0007305820722802507,-0.009829071344073109,-1.103752552388463e-99,0.0,-0.005592904002455329,5.240079480827179e-05,-0.0007336942046103099,False
4.357,4.7819842004844345e-05,-0.0007403212593293735,-0.009648982562095917,-9.98716609653777e-100,0.0,0.0011043918582782466,5.002150762076753e-05,-0.0007601998191375141,False
4.358,4.707472650767064e-05,-0.0007498794042534862,-0.009466994357845664,-9.036761584287508e-100,0.0,-0.0011563485762603656,4.9540208681118545e-05,-0.0007676338112817297,False
4.359,4.6320144170784845e-05,-0.0007592546294820229,-0.009283150494203555,-8.176800019333256e-100,0.0,-0.008441107595795397,5.4971140091609435e-05,-0.0007180538084421331,False
4.36,4.555627883437417e-05,-0.0007684451013839703,-0.009097495085658235,-7.398674617289887e-100,0.0,-0.009181991229174897,6.084806424219127e-05,-0.0006659601683105739,False
4.361,4.4783316150142315e-05,-0.0007774490306142577,-0.008910072587860633,-6.694597637596773e-100,0.0,0.00331974712375542,5.643557082337984e-05,-0.000714660389864637,False
4.362,4.400144353685466e-05,-0.0007862646724496715,-0.00872092778711779,-6.057522441192698e-100,0.0,-0.0007531967153763474,5.5446058059459236e-05,-0.0007289280394213051,False
4.363,4.321085013555286e-05,-0.0007948903271142336,-0.008530105789828043,-5.481072965383682e-100,0.0,-0.004300196835189422,5.73566530417332e-05,-0.0007149412613837024,False
4.364,4.2411726764449326e-05,-0.0008033243400939866,-0.008337652011860118,-4.959479910064471e-100,0.0,0.00479358909328567,5.184971219173617e-05,-0.0007728305369165782,False
4.365,4.160426587351225e-05,-0.0008115651024411316,-0.008143612167878558,-4.487522996623949e-100,0.0,0.0011321987789170759,4.946352700499298e-05,-0.0007988436071554553,False
4.366,4.078866149875183e-05,-0.000819611051067465,-0.007948032260617964,-4.0604787216422056e-100,0.0,-0.00046795117035512506,4.844063447477466e-05,-0.0008109279944147276,False
4.367,3.996510921621843e-05,-0.0008274606690270654,-0.007750958570108547,-3.674073082480687e-100,0.0,-0.00049112714160923,4.746549677031483e-05,-0.0008221889829486966,False
4.368,3.9133806095723455e-05,-0.000835112485788183,-0.007552437642855503,-3.324438801627244e-100,0.0,-0.0024979083944830756,4.8142918638753744e-05,-0.0008172225097314802,False
4.369,3.8294950654293766e-05,-0.000842565077494285,-0.00735251628097467,-3.008076621682955e-100,0.0,-0.004242691613032368,5.0213922250637134e-05,-0.0007990697704917484,False
4.37,3.744874280937044e-05,-0.0008498170672142179,-0.007151241531287022,-2.7218202836179367e-100,0.0,-0.005290396723441386,5.307457767142182e-05,-0.000773995272892914,False
4.371,3.6595383831762894e-05,-0.0008568671251814431,-0.006948660674374485,-2.462804837786757e-100,0.0,0.0029431422999731567,4.918732866860974e-05,-0.0008146978874749788,False
4.372,3.573507629836919e-05,-0.0008637139690223106,-0.0067448212135996005,-2.2284379705494394e-100,0.0,0.0024076492479573356,4.584384223026263e-05,-0.0008488474573331412,False
4.373,3.486802404467361e-05,-0.0008703563639733355,-0.00653977086409156,-2.0163740595252485e-100,0.0,-0.0027458729929955928,4.676800297110182e-05,-0.0008408484718554054,False
4.374,3.399443211703246e-05,-0.0008767931230874444,-0.006333557541701136,-1.824490697815512e-100,0.0,-0.0009574471676954725,4.621785484454871e-05,-0.0008473160464973814,False
4.375,3.311450672475909e-05,-0.0008830231074291626,-0.006126229351927051,-1.650867452242014e-100,0.0,-0.0025133480136304244,4.694313670209626e-05,-0.0008413296765787826,False
4.376,3.222845519201939e-05,-0.0008890452262587143,-0.005917834578816291,-1.4937666430062667e-100,0.0,0.0010340375458495346,4.47754870418348e-05,-0.0008633772965539474,False
4.377,3.13364859095486e-05,-0.000894858437205011,-0.005708421673840918,-1.3516159524060333e-100,0.0,0.0012010120626949896,4.2534066710531796e-05,-0.0008854012399163953,False
4.378,3.0438808286200824e-05,-0.0009004617464275061,-0.005498039244753926,-1.2229926885512894e-100,0.0,-0.001280613276902449,4.2365581643352716e-05,-0.0008867529420728595,False
4.3790000000000004,2.9535632700342175e-05,-0.0009058542087668962,-0.005286736044426646,-1.1066095465856052e-100,0.0,0.0009196327966841738,4.042029568853367e-05,-0.0009051287469297873,False
4.38,2.862717045109885e-05,-0.0009110349278846512,-0.005074560959670264,-1.0013017249064629e-100,0.0,0.0028542370091477814,3.6963658151492003e-05,-0.0009373884548220546,False
4.381,2.7713633709471238e-05,-0.0009160030563913593,-0.004861563000043989,-9.060152674393165e-101,0.0,0.0051906642475926315,3.1713138084370665e-05,-0.0009857531823865614,False
4.382,2.679523546932531e-05,-0.0009207577959638746,-0.0046477912866523825,-8.197965152909504e-101,0.0,-0.0006777902193688773,3.136320317458597e-05,-0.0009852990886175137,False
4.383,2.5872189498272436e-05,-0.0009252983974512573,-0.004433295040934412,-7.417825622107406e-101,0.0,0.002395408090822143,2.853476576411419e-05,-0.0010085924679033575,False
4.384,2.4944710288448887e-05,-0.0009296241609695005,-0.004218123573446748,-6.711926183348651e-101,0.0,-0.003193307730614242,3.031176246765285e-05,-0.000986727294461791,False
4.385,2.401301300720621e-05,-0.0009337344359850378,-0.004002326272643841,-6.073201957789146e-101,0.0,-0.0005082996923439505,2.9864303363180056e-05,-0.0009868843835826482,False
4.386,2.307731344772372e-05,-0.0009376286213870306,-0.00378595259365729,-5.495260378696865e-101,0.0,0.00013668329041560201,2.890727185862386e-05,-0.00099183660592668,False
4.3870000000000005,2.213782797955428e-05,-0.0009413061655484363,-0.0035690520470770585,-4.9723172124953803e-101,0.0,-0.0003338182197479018,2.8358335587122698e-05,-0.0009925962228606684,False
4.388,2.1194773499114674e-05,-0.0009447665663758582,-0.0033516741877370145,-4.499138668210079e-101,0.0,0.00471783385200826,2.3734549678169213e-05,-0.0010323877215720387,False
4.389,2.024836738013168e-05,-0.000948009371348185,-0.0031338686035073506,-4.070989015928954e-101,0.0,-0.002240290456513086,2.4875910988110236e-05,-0.0010152872701977265,False
4.39,1.9298827424055156e-05,-0.0009510341775440279,-0.0029156849040963685,-3.683583190025906e-101,0.0,-0.0019984114216716167,2.5789072556602348e-05,-0.0010008268832040134,False
4.391,1.8346371810449247e-05,-0.0009538406316579634,-0.0026971727098641356,-3.333043902783704e-101,0.0,0.005293755803491123,2.0771766206017566e-05,-0.0010437310146409358,False
4.392,1.7391219047372966e-05,-0.0009564284300055986,-0.0024783816406505196,-3.015862839195304e-101,0.0,0.005380345524419032,1.5826537589313398e-05,-0.0010843367924684916,False
4.393,1.6433587921761283e-05,-0.0009587973185174712,-0.0022593613046200823,-2.7288655445680773e-101,0.0,-0.0004863199021691936,1.5771793529834228e-05,-0.0010763757280814314,False
4.394,1.5473697449817882e-05,-0.0009609470927218057,-0.002040161287126315,-2.4691796535142715e-101,0.0,-0.0029235285019015194,1.7692049180325986e-05,-0.001049508860895013,False
4.3950000000000005,1.451176682743074e-05,-0.0009628775977161421,-0.0018208311395977036,-2.2342061423527786e-101,0.0,0.005052284167731656,1.309973671956237e-05,-0.0010859655877124255,False
4.396,1.3548015380621621e-05,-0.0009645887281278649,-0.0016014203684480675,-2.0215933172065696e-101,0.0,0.009335960804895148,5.169006687109067e-06,-0.0011530698717005458,False
4.397,1.2582662516040583e-05,-0.0009660804280636543,-0.0013819784240136498,-1.829213277459943e-101,0.0,0.0055956709383962475,4.916089766272322e-07,-0.0011863759998481035,False
4.398,1.161592767151656e-05,-0.0009673526910478894,-0.0011625546895193922,-1.65514061901395e-101,0.0,-0.003136341603519544,3.0172245955240674e-06,-0.0011490306839768017,False
4.399,1.0648030266675061e-05,-0.0009684055599500326,-0.0009431984700768398,-1.4976331641950223e-101,0.0,-1.5968843067421342e-06,2.933009229907387e-06,-0.001137751955147257,False
4.4,9.679189653633964e-06,-0.00096923912690103,-0.0007239589817160966,-1.3551145254552481e-101,0.0,0.004391041811684246,-7.056119318181231e-07,-0.0011607413861100453,False
4.401,8.7096250677884e-06,-0.0009698535331987607,-0.0005048853404542488,-1.2261583283559512e-101,0.0,-0.003653564311065792,2.272736836343356e-06,-0.0011190602559746114,False
4.402,7.739555578695644e-06,-0.0009702489692025735,-0.0002860265514026596,-1.1094739359328872e-101,0.0,0.004343364067226752,-1.3085666911860127e-06,-0.0011415579250443253,False
4.4030000000000005,6.769200041070909e-06,-0.0009704256742169531,-6.7431497915525e-05,-1.0038935315677072e-101,0.0,0.0035762983746970554,-4.167269962850422e-06,-0.001156054835371535,False
4.404,5.798777045904894e-06,-0.0009703839363643543,0.00015085106921793035,-9.083604310867252e-102,0.0,0.004369663456424695,-7.587358228214738e-06,-0.0011751429942317671,False
4.405,4.8285048717138845e-06,-0.0009701240924472528,0.0003687725425352552,-8.219185071105436e-102,0.0,-0.002789679985728927,-5.113481690792517e-06,-0.00113660199197373,False
4.406,3.858601435933191e-06,-0.000969646527799457,0.0005862844686142176,-7.437026198098746e-102,0.0,0.0034284542259070266,-7.74464150190935e-06,-0.0011481109168671054,False
4.407,2.889284246464609e-06,-0.0009689516761267327,0.0008033385587355621,-6.729299582953458e-102,0.0,-0.0030494082469069367,-5.056001259420472e-06,-0.0011077707644556204,False
4.408,1.9207703533885897e-06,-0.0009680400193367904,0.0010198866994927528,-6.0889220598300664e-102,0.0,-0.002117142260118161,-3.1984285434707733e-06,-0.001076471262352783,False
4.409,9.532763008517099e-07,-0.0009669120873586906,0.001235880963346401,-5.509484515238833e-102,0.0,0.00011824516348531229,-3.2035298912147695e-06,-0.0010638398537465663,False
4.41,-1.29819208599938e-08,-0.0009655684579517235,0.0014512736191210837,-4.985187743477806e-102,0.0,-0.005409675561001314,1.267562503274163e-06,-0.0010083264509101598,False
4.4110000000000005,-9.77788923051328e-07,-0.0009640097565038215,0.0016660171424422814,-4.510784406232969e-102,0.0,0.0019643152180380185,-3.5889895879273125e-07,-0.0010130401270709265,False
4.412,-1.9409299661414536e-06,-0.0009622366558195656,0.0018800642261111754,-4.081526515452708e-102,0.0,0.002130040221683941,-2.073456657680339e-06,-0.0010181821779437186,False
4.413,-2.902191006970226e-06,-0.000960249875897849,0.002093367790415074,-3.6931179138875355e-102,0.0,-0.0010142656499254738,-1.1934269953772736e-06,-0.0009979444520197864,False
4.414,-3.861358745877052e-06,-0.0009580501836992632,0.0023058809933712314,-3.3416712777043467e-102,0.0,0.004064680112020529,-4.45084413479616e-06,-0.0010178950573189105,False
4.415,-4.818220673542028e-06,-0.0009556383929032751,0.002517557240901869,-3.023669210842927e-102,0.0,0.0011016803850121583,-5.216755746370486e-06,-0.001012944933907391,False
4.416,-5.7725651175791715e-06,-0.000953015363655264,0.0027283501969382093,-2.7359290417339416e-102,0.0,-0.002681210337390323,-2.8978919500034496e-06,-0.0009782293625559592,False
4.417,-6.724181288871658e-06,-0.0009501820023034905,0.0029382137934513587,-2.4755709700521366e-102,0.0,0.007504608708475688,-8.89237169917395e-06,-0.0010243217326502809,False
4.418,-7.672859327639015e-06,-0.000947139261126073,0.0031471022404078873,-2.239989244706751e-102,0.0,0.004471945321433666,-1.226136952262543e-05,-0.0010433194088472473,False
4.4190000000000005,-8.61839034922634e-06,-0.0009438881380480462,0.0033549700356479955,-2.0268260846087756e-102,0.0,0.00657477307407105,-1.723758421151544e-05,-0.0010767951151162412,False
4.42,-9.560566489605638e-06,-0.0009404296763485821,0.003561771974684142,-1.8339480812053378e-102,0.0,0.001800574039865832,-1.8207024367355756e-05,-0.0010702696655540461,False
4.421,-1.0499180950579498e-05,-0.0009367649643584513,0.003767463160418064,-1.65942484660984e-102,0.0,-0.005960577403919138,-1.2864657357820056e-05,-0.0010029351169735864,False
4.422,-1.143402804467739e-05,-0.0009328951351478109,0.003971999012774129,-1.5015096936311658e-102,0.0,-0.002757952439680328,-1.0266912056440275e-05,-0.0009639296268162202,False
4.423,-1.2364903239734953e-05,-0.0009288213662044004,0.004175335278246965,-1.3586221543411886e-102,0.0,0.0003774286146374684,-1.0281557151713197e-05,-0.0009510499980545751,False
4.424,-1.3291603203146698e-05,-0.0009245448791022343,0.004377428039361359,-1.229332162220534e-102,0.0,0.0016838882013079427,-1.1353649217298606e-05,-0.0009484734214585152,False
4.425,-1.4213925845782711e-05,-0.000920066939160879,0.004578233724042429,-1.1123457395721912e-102,0.0,0.0007588324324140591,-1.1646325095686143e-05,-0.0009381931971995864,False
4.426,-1.5131670365559954e-05,-0.0009153888550954059,0.004777709114894098,-1.0064920469578012e-102,0.0,-0.0016901026951858136,-9.947763092823934e-06,-0.0009088233370566637,False
4.4270000000000005,-1.6044637290658895e-05,-0.0009105119786571119,0.004975811358383918,-9.107116650430245e-103,0.0,-0.00034019586288242665,-9.39038044413465e-06,-0.0008911299867144128,False
4.428,-1.695262852237628e-05,-0.0009054377042651034,0.0051724979739323175,-8.240459915727599e-103,0.0,-0.0034280793568960497,-6.3484835433729e-06,-0.0008498796977158899,False
4.429,-1.7855447377604964e-05,-0.0009001674686288393,0.005367726862904375,-7.456276473575782e-103,0.0,0.0010439843289281807,-7.013898446134138e-06,-0.0008454035577316597,False
4.43,-1.8752898630931812e-05,-0.0008947027503617317,0.005561456317502256,-6.746717952512579e-103,0.0,0.00013173030687119866,-6.9217882123337365e-06,-0.0008335467760260683,False
4.431,-1.9644788556344758e-05,-0.0008890450695859044,0.005753645029556427,-6.104682852368337e-103,0.0,0.0034277966108429868,-9.50116798837528e-06,-0.0008475184484588472,False
4.432,-2.0530924968540246e-05,-0.0008831959875282126,0.005944252099213874,-5.523745470065363e-103,0.0,0.0004826680984370757,-9.622728489463491e-06,-0.0008371321454946012,False
4.433,-2.1411117263822376e-05,-0.0008771571061076251,0.006133237043521472,-4.99809158902177e-103,0.0,-0.0017395391794511924,-7.941485836360321e-06,-0.0008095069533574847,False
4.434,-2.2285176460585152e-05,-0.0008709300675140776,0.006320559804902775,-4.522460288517705e-103,0.0,-0.0008290932584332123,-7.045092911092448e-06,-0.0007901102653363681,False
4.4350000000000005,-2.3152915239369347e-05,-0.0008645165537789023,0.006506180759526457,-4.092091290632521e-103,0.0,0.00226713354389262,-8.681170070610168e-06,-0.0007954706358496664,False
4.436,-2.401414798248566e-05,-0.0008579182863369444,0.00669006072556469,-3.7026773177833674e-103,0.0,0.001992328580581696,-1.004836653061854e-05,-0.0007978190870510855,False
4.437,-2.486869081319587e-05,-0.0008511370255804766,0.006872160971339784,-3.3503209840434144e-103,0.0,0.0004009076093962848,-1.008821655557776e-05,-0.0007870765510765701,False
4.438,-2.571636163444382e-05,-0.0008441745704050217,0.007052443223357391,-3.031495788793538e-103,0.0,0.004134405290901233,-1.3150012273355907e-05,-0.0008054886661826931,False
4.439,-2.655698016712827e-05,-0.0008370327577472012,0.007230869674224662,-2.7430108223188294e-103,0.0,-0.004996794695689929,-8.731352252904581e-06,-0.0007511118069337092,False
4.44,-2.7390367987909645e-05,-0.0008297134621147234,0.007407402990451757,-2.4819788301116635e-103,0.0,0.0030381024505170486,-1.094390700728951e-05,-0.0007620666755169085,False
4.441,-2.8216348566542867e-05,-0.0008222185951086284,0.007582006320135088,-2.245787316258149e-103,0.0,-0.002763396579301222,-8.396187716150762e-06,-0.0007266504757474692,False
4.442,-2.9034747302728637e-05,-0.0008145501049379103,0.007754643300520808,-2.0320723967009303e-103,0.0,-0.0009483575165490754,-7.3903382533051326e-06,-0.0007070201083879026,False
4.4430000000000005,-2.9845391562475572e-05,-0.0008067099759266361,0.007925278065446958,-1.838695140693014e-103,0.0,0.0028131133848663427,-9.458720071929151e-06,-0.0007173809507778187,False
4.444,-3.064811071396575e-05,-0.0007987002280136842,0.00809387525266282,-1.663720163659932e-103,0.0,0.006717601237562545,-1.4630012407997998e-05,-0.0007569837045385428,False
4.445,-3.144273616291637e-05,-0.0007905229162452245,0.008260400011024018,-1.5053962572204168e-103,0.0,0.0026051586630354596,-1.6324836884723123e-05,-0.0007615701680559509,False
4.446,-3.222910138743029e-05,-0.0007821801302600676,0.008424818007561917,-1.3621388625043192e-103,0.0,0.006736914471812208,-2.1317181160712516e-05,-0.0007974171645421645,False
4.447,-3.300704197232844e-05,-0.0007736739937680068,0.00858709543442591,-1.232514211354847e-103,0.0,-0.0022241763067997983,-1.8912098045388842e-05,-0.000760645087011036,False
4.448,-3.37763956429571e-05,-0.0007650066640212823,0.00874719901569727,-1.1152249766949467e-103,0.0,-0.00019563935714529386,-1.821771522050309e-05,-0.0007412644623892989,False
4.449,-3.453700229846324e-05,-0.0007561803312792969,0.008905096014073174,-1.0090972884418687e-103,0.0,0.0017906567277832177,-1.915134817197322e-05,-0.0007379024546939341,False
4.45,-3.5288704044531284e-05,-0.0007471972182667122,0.009060754237419607,-9.130689850208284e-104,0.0,0.0019722143918162746,-2.0205532144278655e-05,-0.0007355263644813542,False
4.4510000000000005,-3.6031345225574745e-05,-0.0007380595796250587,0.009214142045191906,-8.261789828949606e-104,0.0,0.005678263230132429,-2.4230689719244385e-05,-0.0007614938412807137,False
4.452,-3.67647724563762e-05,-0.0007287697013579916,0.009365228354721634,-7.475576577182513e-104,0.0,0.008647199323754101,-3.054577083955252e-05,-0.0008082758397359484,False
4.453,-3.748883465316947e-05,-0.0007193299002703277,0.009513982647368623,-6.764181408427921e-104,0.0,-0.005420815816649351,-2.5290776672723622e-05,-0.000741915865807683,False
4.454,-3.8203383064157746e-05,-0.0007097425234009971,0.009660374974536989,-6.12048444072876e-104,0.0,0.003291889249734053,-2.7239531382188178e-05,-0.0007467116294771997,False
4.455,-3.89082712994617e-05,-0.0007000099474500487,0.009804375963553954,-5.538043338478275e-104,0.0,0.006973474804062266,-3.211409916007132e-05,-0.0007791359515650042,False
4.456,-3.9603355360491684e-05,-0.0006901345781998448,0.009945956823410396,-5.0110288353599277e-104,0.0,0.0037451600619859996,-3.423650125835756e-05,-0.0007836518555145726,False
4.457,-4.028849366873828e-05,-0.0006801188499305853,0.010085089350361991,-4.534166393090818e-104,0.0,-0.004045300260163192,-2.999068927114646e-05,-0.000726434429126418,False
4.458,-4.096354709397556e-05,-0.0006699652248303009,0.010221745933389951,-4.1026834120697154e-104,0.0,0.0070664439450567875,-3.486256766836643e-05,-0.0007584391949789529,False
4.4590000000000005,-4.1628378981871684e-05,-0.0006596761923994558,0.010355899559520314,-3.7122614655961216e-104,0.0,0.0022943145654612217,-3.5732304265182944e-05,-0.0007505271501565408,False
4.46,-4.2282855181001445e-05,-0.0006492542688503033,0.01048752381900078,-3.3589930796043816e-104,0.0,0.002472632913112334,-3.672177978245495e-05,-0.0007436581502778052,False
4.461,-4.292684406925559e-05,-0.0006387019965011342,0.01061659291033421,-3.039342625349885e-104,0.0,-0.0030848367134753488,-3.3183238077304125e-05,-0.0006931235639908276,False
4.462,-4.356021657964192e-05,-0.0006280219431655661,0.01074308164516778,-2.7501109336482243e-104,0.0,0.0033786267746155484,-3.4978552605166395e-05,-0.000695210929896879,False
4.463,-4.418284622547323e-05,-0.0006172167015370145,0.010866965453037,-2.4884032765147214e-104,0.0,0.004637245115011258,-3.7742111936203185e-05,-0.000706177065465716,False
4.464,-4.479460912493742e-05,-0.0006062888885684932,0.010988220385963659,-2.2516003957538023e-104,0.0,0.0019020297735004128,-3.821260250764715e-05,-0.0006943606156004404,False
4.465,-4.539538402504506e-05,-0.00059524114484789,0.011106823122906973,-2.037332288542615e-104,0.0,-0.0049651304834292045,-3.3109305688864275e-05,-0.0006289993093268017,False
4.466,-4.5985052324950126e-05,-0.000584076133968866,0.011222750974067077,-1.8434544876461924e-104,0.0,0.007270921380877749,-3.805837101823067e-05,-0.0006621268511087531,False
4.4670000000000005,-4.656349809863941e-05,-0.000572796541897524,0.01133598188504015,-1.6680265988685833e-104,0.0,0.0005129364772334612,-3.739512688187066e-05,-0.0006398322395289827,False
4.468,-4.7130608116986594e-05,-0.0005614050763349971,0.011446494440824479,-1.509292880935552e-104,0.0,0.004699326318931079,-4.014046848354322e-05,-0.0006506948720463149,False
4.469,-4.768627186916696e-05,-0.0005499044660761059,0.011554267869676725,-1.3656646734457797e-104,0.0,0.0015236912422336877,-4.023664244735672e-05,-0.0006353576622669883,False
4.47,-4.82303815834288e-05,-0.000538297460364235,0.011659282046817833,-1.235704497023601e-104,0.0,-0.0009241700574207836,-3.8348016906402655e-05,-0.000601093098214197,False
4.471,-4.876283224721789e-05,-0.0005265868282425781,0.011761517497987893,-1.1181116665422591e-104,0.0,-0.0035419630569448594,-3.439324472124561e-05,-0.0005477762273172004,False
4.472,-4.92835216266515e-05,-0.0005147753579019054,0.011860955402849446,-1.0117092734299814e-104,0.0,-0.001917107357262017,-3.186622373136252e-05,-0.0005096638652152971,False
4.473,-4.9792350285338435e-05,-0.0005028658560250016,0.01195757759823865,-9.15432406773421e-105,0.0,0.004744506196752229,-3.480483779302612e-05,-0.0005250743792993374,False
4.474,-5.028922160254193e-05,-0.0004908611471279315,0.012051366581263833,-8.283174953313065e-105,0.0,0.005315537865073347,-3.812254511474064e-05,-0.000543295984729059,False
4.4750000000000005,-5.077404179068234e-05,-0.0004787640728982817,0.01214230551225095,-7.494926637895923e-105,0.0,-0.00029766567809436247,-3.680112425878089e-05,-0.0005159814673545285,False
4.476,-5.1246719912176534e-05,-0.00046657749153053435,0.012230378217535523,-6.7816900674026826e-105,0.0,0.0012612171745544542,-3.6779405898859535e-05,-0.0005017593494108972,False
4.477,-5.1707167895611366e-05,-0.00045430427705872556,0.012315569192100645,-6.1363269305087555e-105,0.0,0.004772225603846661,-3.9601224844111824e-05,-0.0005150296946195686,False
4.478,-5.215530055124848e-05,-0.00044194731868654334,0.012397863602060723,-5.5523782160260676e-105,0.0,0.004463023542119379,-4.209270717008386e-05,-0.0005243427803334905,False
4.479,-5.2591035585857996e-05,-0.00042950952011501866,0.012477247286990576,-5.023999568948134e-105,0.0,-0.0009099219704717105,-4.016301751710844e-05,-0.0004904994286629191,False
4.48,-5.301429361687877e-05,-0.00041699379886796516,0.01255370676209967,-4.545902798180803e-105,0.0,0.0026479213959057597,-4.116886025622339e-05,-0.00048568002239569765,False
4.481,-5.342499818590298e-05,-0.00040440308561532186,0.012627229220251153,-4.1133029505483615e-105,0.0,0.0010611076434655599,-4.0861327895492815e-05,-0.00046806485645551797,False
4.482,-5.382307577148316e-05,-0.0003917403234945548,0.012697802533825542,-3.7218704213738735e-105,0.0,0.003696630567892317,-4.2696537686221616e-05,-0.000471308742262642,False
4.483,-5.420845580125963e-05,-0.0003790084674302726,0.012765415256428827,-3.3676876223403443e-105,0.0,0.0045142207377687985,-4.514175381476497e-05,-0.00047996650138243505,False
4.484,-5.458107066340679e-05,-0.000366210483452212,0.012830056624444846,-3.0472097729500965e-105,0.0,-0.0019602369874588844,-4.227519642935958e-05,-0.00043692584411013407,False
4.485,-5.4940855717396606e-05,-0.0003533493480117484,0.012891716558431859,-2.7572294231701077e-105,0.0,0.009558612215630848,-4.881688091567801e-05,-0.00048543204976414273,False
4.486,-5.528774930407795e-05,-0.0003404280472970883,0.01295038566436317,-2.4948443521940182e-105,0.0,0.0029807841167156894,-4.984699693565126e-05,-0.0004789551216415898,False
4.487,-5.5621692755070534e-05,-0.000327449576547299,0.01300605523471182,-2.2574285220408314e-105,0.0,0.001611504442653101,-4.973919090318592e-05,-0.0004613816880008004,False
4.488,-5.594263040147238e-05,-0.0003144169393653314,0.013058717249379284,-2.042605795284158e-105,0.0,0.008428859101086119,-5.51545653319103e-05,-0.0004971116721903145,False
4.489,-5.625050958187981e-05,-0.0003013331470301922,0.013108364376468245,-1.848226153870205e-105,0.0,0.006727879814252253,-5.9039156447404546e-05,-0.0005165136687985481,False
4.49,-5.6545280649719354e-05,-0.0002882012178084214,0.013154989972899486,-1.6723441810144484e-105,0.0,0.0006540485762887734,-5.7895575962084396e-05,-0.00048649973872454344,False
4.491,-5.6826896979890735e-05,-0.0002750241762650304,0.013198588084872962,-1.5131995908165749e-105,0.0,0.006171707809182192,-6.125214490986516e-05,-0.0005003280385898057,False
4.492,-5.7095314974720664e-05,-0.00026180505257405746,0.013239153448173235,-1.36919961072754e-105,0.0,0.00011066056143304529,-5.9605857856899784e-05,-0.0004651644577694766,False
4.493,-5.735049406922705e-05,-0.0002485468818288949,0.01327668148831943,-1.2389030405465482e-105,0.0,0.00960941880266698,-6.569752893194066e-05,-0.0005051323733310173,False
4.494,-5.759239673569348e-05,-0.00023525270335254448,0.013311168320559851,-1.1210058284050383e-105,0.0,0.0021558668424393277,-6.558129681033856e-05,-0.00048362072756003244,False
4.495,-5.782098848755397e-05,-0.00022192556000795544,0.013342610749711577,-1.0143280193772766e-105,0.0,-0.0033785016065463183,-6.098708871729551e-05,-0.00041933592768834765,False
4.496,-5.803623788258819e-05,-0.00020856849750860044,0.013371006269845243,-9.178019460948636e-106,0.0,0.01479301885705533,-7.123686260551412e-05,-0.0004994662603449645,False
4.497,-5.823811652542743e-05,-0.00019518456372944403,0.013396353063815336,-8.304615431728553e-106,0.0,0.005911277126028973,-7.400446336246633e-05,-0.0005044880595300428,False
4.498,-5.842659906937178e-05,-0.0001817768080184579,0.013418650002636336,-7.514326785026849e-106,0.0,0.0014046881009016894,-7.304457015049497e-05,-0.0004730059920747626,False
4.499,-5.86016632175192e-05,-0.00016834828050883683,0.013437896644705074,-6.799244046442147e-106,0.0,0.0049293251603477455,-7.496583752302973e-05,-0.00046978085584832124,False
4.5,-5.87632897232072e-05,-0.00015490203143206916,0.013454093234869723,-6.152210427579082e-106,0.0,0.00022358973582761125,-7.302234393802695e-05,-0.0004290146223292426,False
4.501,-5.891146238976808e-05,-0.0001414411104320147,0.013467240703345842,-5.566750198504563e-106,0.0,0.0061987351109392234,-7.597210351139398e-05,-0.0004361682328168891,False
4.502,-5.90461680695988e-05,-0.00012796856588014285,0.013477340664479944,-5.037003876466034e-106,0.0,0.0008060529646703243,-7.447172241161385e-05,-0.0003998078663698621,False
4.503,-5.916739666254678e-05,-0.00011448744419208316,0.01348439541536115,-4.557669582218646e-106,0.0,-0.001828789485633257,-7.088038656542782e-05,-0.00034409269134590706,False
4.5040000000000004,-5.9275141113612905e-05,-0.00010100078914564006,0.013488407934281363,-4.12394997703575e-106,0.0,0.0006615081610028273,-6.940726480932487e-05,-0.00031016301536451957,False
4.505,-5.9369397409973406e-05,-8.751164120042286e-05,0.013489381879044651,-3.7315042493304826e-106,0.0,0.0011154455875686934,-6.834345211235509e-05,-0.0002808757030241617,False
4.506,-5.945016457732219e-05,-7.402303681924152e-05,0.013487321585126354,-3.376404670354405e-106,0.0,0.002662296778532724,-6.856229903915695e-05,-0.0002644809472839868,False
4.507,-5.9517444675535536e-05,-6.0538007791418175e-05,0.013482232063682624,-3.055097284168035e-106,0.0,0.007705058202902981,-7.285815145740188e-05,-0.0002874036677168196,False
4.508,-5.957124279366112e-05,-4.705958055816363e-05,0.013474118999410997,-2.764366338455277e-106,0.0,0.004707049920036674,-7.460472199912464e-05,-0.0002846036930930527,False
4.509,-5.9611567044233504e-05,-3.3590775540167495e-05,0.01346298874826279,-2.501302100193392e-106,0.0,-0.0024169910155583453,-7.05333403914099e-05,-0.00022552486637917956,False
4.51,-5.963842855691838e-05,-2.0134606467549697e-05,0.01344884833500796,-2.2632717340669116e-106,0.0,0.0005280034995356541,-6.896195301152026e-05,-0.0001920462542357378,False
4.511,-5.965184147148803e-05,-6.694079712320551e-06,0.01343170545065329,-2.0478929521668731e-106,0.0,0.010687508562200786,-7.566141876601223e-05,-0.00023878527729036592,False
4.5120000000000005,-5.965182293013055e-05,6.727806376504305e-06,0.013411568449714618,-1.8530101712527121e-106,0.0,0.0003533720077529769,-7.380329921211956e-05,-0.0002012496948301517,False
4.513,-5.963839306909555e-05,2.012806213498861e-05,0.013388446347344015,-1.6766729389506753e-106,0.0,0.008975150110454069,-7.897903576113161e-05,-0.00023215242384148343,False
4.514,-5.961157500967927e-05,3.350370724341514e-05,0.013362348816312713,-1.517116412970893e-106,0.0,0.00419034175885175,-8.013375277101998e-05,-0.00022290078290313948,False
4.515,-5.957139484855208e-05,4.68517713823366e-05,0.013333286183850714,-1.3727436979725592e-106,0.0,0.00920706610908149,-8.531786998729188e-05,-0.00025221913974268284,False
4.516,-5.95178816474315e-05,6.0169294885394836e-05,0.013301269428343997,-1.2421098632986255e-106,0.0,-0.003958450103116895,-7.969473188796224e-05,-0.00017617557904373306,False
4.517,-5.9451067422104125e-05,7.34533293887664e-05,0.013266310175890278,-1.123907481624127e-106,0.0,0.0034330967533532535,-8.021601216105906e-05,-0.00016129684055988624,False
4.518,-5.937098713079981e-05,8.670093847709364e-05,0.013228420696714316,-1.0169535437840726e-106,0.0,0.00626161320400582,-8.301281603018355e-05,-0.00016833644344845685,False
4.519,-5.9277678661921774e-05,9.990919832576119e-05,0.013187613901443759,-9.201776188200994e-107,0.0,0.003299825081805697,-8.333214924536515e-05,-0.0001508573019270392,False
4.5200000000000005,-5.9171182821136275e-05,0.00011307519833937917,0.013143903337246594,-8.326111407476561e-107,0.0,0.0019434325567159968,-8.254413898878881e-05,-0.0001228577219705478,False
4.521,-5.9051543317825776e-05,0.00012619604178633489,0.013097303183831299,-7.53377714822084e-107,0.0,0.003702086382672271,-8.320247220179663e-05,-0.0001092475185567505,False
4.522,-5.89188067509096e-05,0.00013926884642927667,0.013047828249310745,-6.81684346285446e-107,0.0,0.0001329927247632934,-8.095219381936782e-05,-6.768542542959425e-05,False
4.523,-5.877302259403616e-05,0.00015229074515139384,0.012995493965931046,-6.168135038084539e-107,0.0,0.0006064512575941999,-7.914905574156727e-05,-3.138896112326907e-05,False
4.524,-5.861424318015108e-05,0.00016525888657835852,0.012940316385666456,-5.581159381957549e-107,0.0,-0.00223752056992353,-7.509420754652404e-05,2.5739939194535293e-05,False
4.525,-5.844252368544559e-05,0.0001781704356957959,0.012882312175681565,-5.0500418448176405e-107,0.0,0.00555994148769986,-7.746800853727021e-05,1.9535271490392432e-05,False
4.526,-5.8257922112689775e-05,0.00019102257446215086,0.01282149861366197,-4.569466823838348e-107,0.0,-0.0059860462186964725,-7.042555791581197e-05,0.00010443429025651148,False
4.527,-5.806049927395527e-05,0.00020381250241681986,0.012757893583014705,-4.1346245626828673e-107,0.0,-0.0009779076156311603,-6.763786387315239e-05,0.00014591249697250278,False
4.5280000000000005,-5.785031877273227e-05,0.0002165374372834189,0.01269151556793963,-3.741163013846024e-107,0.0,-0.002909665699138879,-6.336499671954979e-05,0.00020057676735389256,False
4.529,-5.762744698544574e-05,0.0002291946155680588,0.012622383648373203,-3.385144281900065e-107,0.0,0.0026941084686517708,-6.375069192883524e-05,0.00020889830135594896,False
4.53,-5.739195304237594e-05,0.00024178129315250083,0.012550517494805836,-3.063005211713647e-107,0.0,-0.0021812100198673307,-6.0177830198165954e-05,0.00025526028588074783,False
4.531,-5.714390880798834e-05,0.0002542947458820674,0.012475937362974275,-2.771521727197664e-107,0.0,0.006714022572410215,-6.390884114186993e-05,0.00023010491153994985,False
4.532,-5.6883388860678376e-05,0.00026673227014818284,0.012398664088430359,-2.5077765636680973e-107,0.0,0.010133882419936908,-7.03032322187699e-05,0.00018047047642955478,False
4.533,-5.6610470471936306e-05,0.000279091183465422,0.012318719080987535,-2.269130070880532e-107,0.0,-0.003933564058806585,-6.512576081272655e-05,0.00024404472912097728,False
4.534,-5.632523358493793e-05,0.00029136882504294463,0.012236124319046617,-2.0531937945232944e-107,0.0,-0.0011734075519283203,-6.232996390554133e-05,0.0002828571319215545,False
4.535,-5.602776079256664e-05,0.00030356255635019606,0.0121509023438022,-1.857806571763912e-107,0.0,-0.005967879635805359,-5.573123647841638e-05,0.00035715961927298485,False
4.5360000000000005,-5.5718137314872706e-05,0.0003156697616767547,0.012063076253331226,-1.6810129016050957e-107,0.0,0.001021185235943603,-5.497867936035892e-05,0.00037296361734559215,False
4.537,-5.539645097597573e-05,0.00032768784868621035,0.011972669696565224,-1.5210433735734914e-107,0.0,0.0012501834064744858,-5.443287339182606e-05,0.00038643558181762096,False
4.538,-5.506279218041622e-05,0.000339614248963957,0.011879706867147713,-1.3762969588649433e-107,0.0,0.007206976834364743,-5.872585012514657e-05,0.0003531289732625611,False
4.539,-5.4717253888962444e-05,0.0003514464185587862,0.01178421249717837,-1.2453249867100985e-107,0.0,-0.0054794506580338204,-5.262475262521625e-05,0.00042105696025379873,False
4.54,-5.4359931593878895e-05,0.0003631818385181687,0.0116862118508455,-1.126816645590431e-107,0.0,0.005026715041287217,-5.520357748303378e-05,0.0004034337466804061,False
4.541,-5.399092329366262e-05,0.0003748180154171134,0.011585730717948418,-1.0195858641959865e-107,0.0,-0.004969410729175335,-4.961528927163174e-05,0.00046508161334944827,False
4.542,-5.361032946725397e-05,0.00038635248188049424,0.011482795407311402,-9.225594408250588e-108,0.0,0.005084439580976735,-5.232614308253832e-05,0.0004450231627713028,False
4.543,-5.321825304772836e-05,0.0003977827970987377,0.011377432740090773,-8.347663024208448e-108,0.0,0.0030238721080525725,-5.32916953903632e-05,0.00044257181264220917,False
4.5440000000000005,-5.281479939547563e-05,0.00040910654733676435,0.01126967004297687,-7.553277857459022e-108,0.0,0.003652390826565442,-5.473880590688363e-05,0.0004357366395557922,False
4.545,-5.2400076270873975e-05,0.00042032134643608075,0.011159535141292524,-6.834488434251405e-108,0.0,0.0027249900687772114,-5.539397340650815e-05,0.00043691446503227435,False
4.546,-5.1974193806465194e-05,0.0004314248363099187,0.011047056351989791,-6.184100868444669e-108,0.0,0.002037676392183353,-5.5474044113354765e-05,0.0004437539354214654,False
4.547,-5.153726447863831e-05,0.000442414687431321,0.010932262476546637,-5.595605862677409e-108,0.0,-0.0017220018146387084,-5.2507571758208105e-05,0.0004798160914778635,False
4.548,-5.1089403078828715e-05,0.00045328859931407475,0.010815182793765348,-5.063113561131905e-108,0.0,0.005619967919258527,-5.557008423409575e-05,0.0004568648575332306,False
4.549,-5.063072668423998e-05,0.00046404430098639465,0.010695847052474403,-4.5812946018774455e-108,0.0,0.00024259607422338382,-5.4191657615496587e-05,0.0004775400616809582,False
4.55,-5.01613546280956e-05,0.00047467955145726043,0.01057428546413562,-4.145326778824867e-108,0.0,-0.0021569324632826443,-5.09093576318326e-05,0.0005159737338020937,False
4.551,-4.9681408469428224e-05,0.0004851921401753151,0.010450528695358377,-3.750846779467214e-108,0.0,0.0025480493951122816,-5.1529780205110446e-05,0.0005157323474949513,False
4.5520000000000005,-4.9191011962413614e-05,0.0004955798874802315,0.010324607860322717,-3.3939065153816078e-108,0.0,-0.002986892605004423,-4.765088553937499e-05,0.0005588766762451702,False
4.553,-4.869029102525714e-05,0.0005058406450464571,0.010196554513113172,-3.0709336084333146e-108,0.0,0.004159830858732897,-4.96687396809578e-05,0.000543994564283593,False
4.554,-4.817937370864033e-05,0.0005159722963192495,0.0100664006399652,-2.778695637214653e-108,0.0,-0.0014090806775410149,-4.712016756243591e-05,0.0005736202564700067,False
4.555,-4.765839016373529e-05,0.0005259727569429139,0.00993417865142607,-2.514267785885092e-108,0.0,-0.001571225704303311,-4.4512530664469456e-05,0.0006029110237301212,False
4.556,-4.712747260979481e-05,0.0005358399751811613,0.009799921374432091,-2.2750035716312554e-108,0.0,0.006206711444858453,-4.8276719224471094e-05,0.0005700492972614986,False
4.557,-4.658675530132612e-05,0.0005455719323295015,0.009663662044304125,-2.0585083577774112e-108,0.0,-0.001830379464608171,-4.542646445729323e-05,0.0006019717932686418,False
4.558,-4.60363744948562e-05,0.0005551666431195923,0.009525434296663256,-1.862615387456756e-108,0.0,0.006835285356219318,-4.967371878945036e-05,0.00056468333898726,False
4.559,-4.547646841529687e-05,0.0005646221561154649,0.009385272159268597,-1.6853640979804192e-108,0.0,0.0020929470166978006,-4.9960655517439865e-05,0.0005668278856182399,False
4.5600000000000005,-4.490717722191772e-05,0.0005739365541015493,0.009243210043779163,-1.5249804988671064e-108,0.0,0.007371256511343888,-5.451339524880302e-05,0.0005280140580735819,False
4.561,-4.432864297393513e-05,0.0005831079544624239,0.009099282737441768,-1.379859417150102e-108,0.0,0.0006350563083281709,-5.348269684768566e-05,0.0005443189059922618,False
4.562,-4.3741009595725724e-05,0.0005921345095542175,0.008953525394706962,-1.2485484322667023e-108,0.0,0.002417192655014939,-5.392423390464594e-05,0.0005460608632245145,False
4.563,-4.3144422841672625e-05,0.0006010144070675917,0.008805973528774953,-1.129733339745048e-108,0.0,0.001296169001822407,-5.3445546305585046e-05,0.0005567271926304282,False
4.564,-4.253903026065297e-05,0.0006097458703822349,0.008656663003073566,-1.0222249982040507e-108,0.0,0.000418885053766265,-5.2270073376897426e-05,0.0005738641837790111,False
4.565,-4.1924981160175195e-05,0.0006183271589128015,0.008505630022670217,-9.249474280267665e-109,0.0,0.0033078123772613396,-5.3467125853877126e-05,0.0005677436772180747,False
4.566,-4.1302426570174676e-05,0.000626756568446231,0.008352911125619956,-8.369270425947409e-109,0.0,-0.0051076550113323405,-4.7816110132243085e-05,0.0006277780574462568,False
4.567,-4.067151920647643e-05,0.000635032431470383,0.008198543174251621,-7.572829043058969e-109,0.0,-0.001664032709377871,-4.5113602792966665e-05,0.0006575354687929876,False
4.5680000000000005,-4.0032413433933477e-05,0.0006431531174939299,0.008042563346394138,-6.852179078549204e-109,0.0,0.0017071570831733221,-4.521739306456139e-05,0.0006593825399356004,False
4.569,-3.9385265229249794e-05,0.0006511170333574455,0.007885009126545035,-6.200108025354482e-109,0.0,0.0028034362066525443,-4.6205917315081956e-05,0.0006527291643013945,False
4.57,-3.8730232143496514e-05,0.0006589226235356347,0.007725918296983264,-5.610089737205781e-109,0.0,-0.0011939011955933282,-4.392971626113767e-05,0.0006777497706679593,False
4.571,-3.806747326433042e-05,0.000666568370430649,0.0075653289288283715,-5.076219112763314e-109,0.0,0.0004033778125747548,-4.3011366255821826e-05,0.0006889297677592736,False
4.572,-3.7397149177923576e-05,0.0006740527946564349,0.007403279373048153,-4.5931529953775465e-109,0.0,-0.005970295112003726,-3.6958173599176085e-05,0.0007491304571694923,False
4.573,-3.671942193061308e-05,0.0006813744553140653,0.007239808251416845,-4.1560566969815526e-109,0.0,-0.002511898116502227,-3.387685036640411e-05,0.0007787373144423988,False
4.574,-3.6034454990280086e-05,0.0006885319502580056,0.007074954447426011,-3.7605556109078464e-109,0.0,-0.002433690998121588,-3.094617768547639e-05,0.0008058739897143962,False
4.575,-3.534241320746706e-05,0.0006955239163532669,0.006908757097150187,-3.402691429354496e-109,0.0,0.0024926306503200574,-3.2087484917321236e-05,0.0007929134936351818,False
4.5760000000000005,-3.464346277624245e-05,0.0007023490297234043,0.0067412555800694446,-3.078882527310211e-109,0.0,0.0018046703111706075,-3.263939450360817e-05,0.0007860185634552081,False
4.577,-3.3937771194822016e-05,0.0007090060059893164,0.006572489509850979,-2.785888116447401e-109,0.0,0.0002492316393536522,-3.191619841593802e-05,0.0007915796055782919,False
4.578,-3.32255072259559e-05,0.000715493600498807,0.006402498725091866,-2.520775810223329e-109,0.0,-0.005904285634489857,-2.6230892683915602e-05,0.0008446075263621124,False
4.579,-3.250684085709081e-05,0.0007218106085468706,0.006231323280025125,-2.280892275569981e-109,0.0,-0.0013483069534780904,-2.439576054025962e-05,0.0008587626080815523,False
4.58,-3.1781943260316575e-05,0.0007279558655866674,0.006059003435191228,-2.0638366774449058e-109,0.0,-0.002179375342466629,-2.19397063205222e-05,0.0008783152574474587,False
4.581,-3.105098675210638e-05,0.0007339282474311526,0.005885579648077206,-1.867436650467162e-109,0.0,0.0018566932792499996,-2.2821328634717926e-05,0.0008650192629337233,False
4.582,-3.0314144752860046e-05,0.0007397266704453301,0.005711092563725515,-1.6897265571544274e-109,0.0,-0.0008055472374291097,-2.1522305363750933e-05,0.0008730277937260096,False
4.583,-2.9571591746259806e-05,0.0007453500917291002,0.005535583005314805,-1.5289278151624033e-109,0.0,0.001878770439083331,-2.243363309763923e-05,0.0008594111315046382,False
4.5840000000000005,-2.8823503238447883e-05,0.0007507975092906756,0.00535909196471476,-1.3834310966349097e-109,0.0,0.012224448471285287,-3.169620096230961e-05,0.0007658861174577791,False
4.585,-2.8070055717035424e-05,0.0007560679622105396,0.005181660593017161,-1.2517802215097877e-109,0.0,0.0027345644174488542,-3.3012150260907194e-05,0.0007518601819993578,False
4.586,-2.7311426609952188e-05,0.0007611605307959248,0.005003330191045355,-1.1326575835793978e-109,0.0,-0.0019273193485815072,-3.051600078097743e-05,0.000774924683787394,False
4.587,-2.654779424414653e-05,0.0007660743367257912,0.004824142199844283,-1.0248709634448313e-109,0.0,0.0018854203467010906,-3.1177830999088264e-05,0.0007668195859358554,False
4.588,-2.5779337804145145e-05,0.0007708085431862854,0.004644138191153229,-9.273415963834474e-110,0.0,-0.006287175143664766,-2.5203418668211457e-05,0.00082273512102479,False
4.589,-2.500623729048211e-05,0.0007753623549966653,0.0044633598578634765,-8.390933757089435e-110,0.0,0.002024254858958157,-2.6128224502681705e-05,0.0008103759772491203,False
4.59,-2.4228673478006818e-05,0.000779735018725675,0.004281849004463022,-7.592430835675578e-110,0.0,-0.0001997806727614623,-2.522598277769764e-05,0.0008159221957051359,False
4.591,-2.3446827874080252e-05,0.0007839258227983595,0.004099647537470517,-6.869915513969292e-110,0.0,-0.0008344797145924392,-2.383538430659492e-05,0.0008258974360723258,False
4.5920000000000005,-2.2660882676669295e-05,0.0007879340975933084,0.003916797455860628,-6.216156615785156e-110,0.0,0.0016303347859663363,-2.447999672378967e-05,0.0008158883177974677,False
4.593,-2.187102073234853e-05,0.0007917592155303225,0.0037333408414829358,-5.624611102334189e-110,0.0,-0.0008066517598335324,-2.3133072314748235e-05,0.00082527633146058,False
4.594,-2.1077425494219216e-05,0.0007954005911484954,0.0035493198494765802,-5.08935858729246e-110,0.0,0.001436775979181434,-2.3640860531886086e-05,0.0008164311267393448,False
4.595,-2.0280280979754917e-05,0.0007988576811747102,0.0033647766986827908,-4.6050420835848483e-110,0.0,0.0012083007284976017,-2.3949257786850935e-05,0.0008097148231114199,False
4.596,-1.947977172858348e-05,0.0008021299845825472,0.0031797536620574622,-4.1668143888578496e-110,0.0,0.00010268215224221752,-2.335367732507153e-05,0.0008118307647393254,False
4.597,-1.867608276021488e-05,0.000805217042641606,0.0029942930570859387,-3.7702895730492213e-110,0.0,0.001665649505856884,-2.4040536272018397e-05,0.0008014635226502625,False
4.598,-1.7869399531724512e-05,0.0008081184389572438,0.00280843723620215,-3.4114990825257577e-110,0.0,-0.00011101262396024183,-2.326933676312699e-05,0.0008053795772285866,False
4.599,-1.705990789540158e-05,0.0008108337995007369,0.0026222285772142502,-3.0868520214646513e-110,0.0,-0.00317391701420604,-2.0039908584248056e-05,0.0008327049090836423,False
4.6000000000000005,-1.624779405637207e-05,0.0008133627926298701,0.002435709473738911,-2.7930992129611573e-110,0.0,0.0015428143018687576,-2.0721218301997105e-05,0.0008214134683491363,False
4.601,-1.5433244530205935e-05,0.0008157051290999678,0.0022489223256463835,-2.5273006801740442e-110,0.0,0.0002084707260857307,-2.0302779504843933e-05,0.000820970587924734,False
4.602,-1.4616446100518024e-05,0.0008178605620653748,0.002061909529518493,-2.2867962220492066e-110,0.0,0.0026499410883666875,-2.187309837585377e-05,0.0008013243087427879,False
4.603,-1.3797585776572283e-05,0.0008198288870714033,0.0018747134691216583,-2.069178789133391e-110,0.0,0.0004108614220453093,-2.1585894310178003e-05,0.0008001025026336523,False
4.604,-1.2976850750898793e-05,0.0008216099420367609,0.0016873765058970872,-1.8722703930142306e-110,0.0,-0.0033251810412107917,-1.8281694033200658e-05,0.0008278263370417951,False
4.605,-1.215442835693311e-05,0.0008232036072264787,0.0014999409694702317,-1.6941003082801677e-110,0.0,-0.008087021988606842,-1.1215393401808863e-05,0.0008906566483005109,False
4.606,-1.1330506026687436e-05,0.0008246098052153588,0.0013124491481816348,-1.53288534883815e-110,0.0,-0.00613753349507388,-5.927885495624903e-06,0.0009341027528220136,False
4.607,-1.0505271248463063e-05,0.0008258285008419648,0.0011249432796412418,-1.3870120211878628e-110,0.0,0.0010612845972605054,-6.619228495554971e-06,0.0009184130331945123,False
4.6080000000000005,-9.678911524613545e-06,0.0008268597011531786,0.0009374655413082798,-1.2550203760364634e-110,0.0,-0.0037957646091091386,-3.3581454134063365e-06,0.0009410404021933907,False
4.609,-8.851614329368028e-06,0.0008277034553393511,0.0007500580410987797,-1.1355893966353526e-110,0.0,0.0009279477571025757,-4.014350002583141e-06,0.0009250331252243923,False
4.61,-8.02356706672411e-06,0.0008283598546600755,0.0005627628080228112,-1.0275237776005456e-110,0.0,0.003348612369583782,-6.612010018367248e-06,0.0008906918090985552,False
4.611,-7.194957028419606e-06,0.0008288290323606126,0.00037562178285349245,-9.297419618946332e-111,0.0,0.0017508708952862718,-7.84233434601374e-06,0.0008704581518803237,False
4.612,-6.365971351992557e-06,0.0008291111635790024,0.0001886768088298217,-8.412653162404274e-111,0.0,-0.005545979861020791,-3.1294100033973262e-06,0.0009078473593802088,False
4.613,-5.536796978938757e-06,0.0008292064652438968,1.96962239537527e-06,-7.612083366301933e-111,0.0,0.002079887171642736,-4.724841437829577e-06,0.0008831304149624831,False
4.614,-4.7076206129760795e-06,0.0008291151959631483,-0.00018445815602510462,-6.887697859039116e-111,0.0,6.661963357818614e-05,-4.644882072043464e-06,0.0008751494424686893,False
4.615,-3.878628678424819e-06,0.000828837655903197,-0.00037056503120921105,-6.23224674698476e-111,0.0,-0.0063146174489085724,5.998048278999323e-07,0.0009168779267791473,False
4.616,-3.050007278713229e-06,0.0008283741866592932,-0.0005563096422784632,-5.639170055104698e-111,0.0,-0.0035249778089707774,3.43703935421109e-06,0.0009338244144537587,False
4.617,-2.221942155017403e-06,0.000827725171116601,-0.0007416507717959858,-5.102532072526635e-111,0.0,0.0031743302786592775,7.693254626672314e-07,0.0008970355591475146,False
4.618,-1.3946186450445924e-06,0.0008268910333022274,-0.0009265473548183077,-4.6169619459506734e-111,0.0,0.005104765973854637,-3.38589102725017e-06,0.0008469591517747915,False
4.619,-5.682216419690116e-07,0.000825872238228222,-0.0011109584878993054,-4.177599926344287e-111,0.0,-0.0020436886699300998,-1.6351259617571692e-06,0.0008551371175878857,False
4.62,2.570644464708611e-07,0.0008246692917255993,-0.0012948434380443425,-3.780048730940579e-111,0.0,0.0008777312437189614,-2.299499917269283e-06,0.0008396181254947715,False
4.621,1.0810557387045356e-06,0.0008232827402694307,-0.0014781616516126664,-3.420329533754379e-111,0.0,-0.002655612860294405,-8.40380894159791e-08,0.0008520994724828052,False
4.622,1.9035689198824142e-06,0.0008217131707950623,-0.0016608727631661365,-3.0948421441544496e-111,0.0,-0.0017065659618068054,1.300178343730875e-06,0.0008559544670772485,False
4.623,2.7244212822404964e-06,0.000819961210505511,-0.0018429366042623783,-2.8003289749455852e-111,0.0,-0.00342365017370802,4.035517559664024e-06,0.0008724409708910749,False
4.624,3.543430765268093e-06,0.0008180275266700957,-0.0020243132121904642,-2.5338424393410486e-111,0.0,-0.0009167888526127682,4.663489817173763e-06,0.0008678747020163156,False
4.625,4.360415995669815e-06,0.0008159128264143627,-0.0022049628386472528,-2.2927154505232917e-111,0.0,0.0008761227812798674,3.82191497921348e-06,0.0008490938952868741,False
4.626,5.175196327113159e-06,0.0008136178565013657,-0.0023848459583525093,-2.074534728542647e-111,0.0,-0.008612894667727907,1.0687605378772537e-05,0.0009047865010869034,False
4.627,5.987591879753072e-06,0.0008111434031043607,-0.002563923277600982,-1.8771166474004588e-111,0.0,0.0032597723227714833,7.745226017615838e-06,0.0008640490715601524,False
4.628,6.7974235795249525e-06,0.0008084902915709826,-0.002742155742749588,-1.6984853805861477e-111,0.0,-0.00561892270287023,1.2075460667213957e-05,0.0008943242168211024,False
4.6290000000000004,7.60451319719759e-06,0.0008056593861789668,-0.002919504548637908,-1.536853126341394e-111,0.0,-0.005715507329053314,1.6361182291263208e-05,0.0009228608491485515,False
4.63,8.40868338717763e-06,0.0008026515898834849,-0.003095931146940194,-1.3906022147392392e-111,0.0,0.0016848951637926314,1.4533217478318396e-05,0.0008913568007736193,False
4.631,9.20975772605721e-06,0.0007994678440561633,-0.0032713972544471167,-1.2582689174997402e-111,0.0,0.002537656491750367,1.2066562333790856e-05,0.0008544755657211094,False
4.632,1.0007560750896484e-05,0.0007961091282158557,-0.003445864861275492,-1.1385287985053666e-111,0.0,0.00028647571058128474,1.1492630842079144e-05,0.0008367502969065427,False
4.633,1.0801917997232828e-05,0.0007925764597512427,-0.00361929623900425,-1.030183458399179e-111,0.0,-0.003020289649114971,1.3612507416688214e-05,0.0008452415987463004,False
4.634,1.1592656036808587e-05,0.0007888708936353333,-0.0037916539487349316,-9.321485406012684e-112,0.0,-8.55082245220349e-05,1.329596528303473e-05,0.0008297448896402505,False
4.635,1.2379602515009315e-05,0.0007849935221319438,-0.003962900849075012,-8.434428787036395e-112,0.0,0.0038905740722345343,9.768894143649508e-06,0.0007836348371714736,False
4.636,1.3162586188004499e-05,0.0007809454744942333,-0.004133000104042362,-7.6317867662701815e-112,0.0,6.789637753208276e-05,9.437066068702289e-06,0.000769540545744699,False
4.6370000000000005,1.3941436959582896e-05,0.0007767279166553745,-0.004301915190889214,-6.905526232592916e-112,0.0,7.294306122255178e-05,9.110555644712708e-06,0.0007557286274070666,False
4.638,1.4715985917674636e-05,0.0007723420509114414,-0.004469609907843955,-6.24837852647896e-112,0.0,-0.0065367180235374476,1.414525084792931e-05,0.0007936707826467317,False
4.639,1.548606537055235e-05,0.0007677891155965971,-0.004636048381769174,-5.653766692810556e-112,0.0,-1.974905683915795e-06,1.3745972407448654e-05,0.0007778320274985865,False
4.64,1.625150888270368e-05,0.0007630703847506662,-0.004801195075734327,-5.115739656500409e-112,0.0,-0.002863594246440042,1.567511023107565e-05,0.0007846377635951191,False
4.641,1.701215131036759e-05,0.0007581871677791777,-0.0049650147965014735,-4.628912662131997e-112,0.0,-0.0008157766373662839,1.5891424222394383e-05,0.0007744716842253003,False
4.642,1.7767828836726975e-05,0.0007531408091059662,-0.0051274727019225185,-4.188413381517476e-112,0.0,0.002291628942595082,1.3585489979172613e-05,0.0007401282826129046,False
4.643,1.8518379006750214e-05,0.0007479326878184209,-0.00528853430824643,-3.7898331497995353e-112,0.0,-0.007232712428679721,1.9056923403795026e-05,0.0007814344543640962,False
4.644,1.926364076167431e-05,0.0007425642173054734,-0.00544816549733493,-3.4291828420516995e-112,0.0,-0.002670223596382537,2.067897302100127e-05,0.0007840537406484568,False
4.6450000000000005,2.0003454473122436e-05,0.0007370368448884154,-0.005606332523785171,-3.1028529487752735e-112,0.0,-0.0059203196752715456,2.4886710364755522e-05,0.0008111302946264979,False
4.646,2.0737661976848762e-05,0.0007313520514446411,-0.0057630020219579334,-2.8075774507150818e-112,0.0,0.0023609222424414876,2.2269741048797683e-05,0.0007713662430952053,False
4.647,2.1466106606103503e-05,0.0007255113510244098,-0.005918141012909902,-2.540401131441016e-112,0.0,-0.004302001825402929,2.512201707203251e-05,0.0007851983571037027,False
4.648,2.2188633224611298e-05,0.0007195162904607242,-0.006071716911228629,-2.298650000548719e-112,0.0,-0.0031104181505464154,2.692861428095986e-05,0.0007881848835804782,False
4.649,2.2905088259156062e-05,0.000713368448972423,-0.006223697531768748,-2.07990453146486e-112,0.0,-0.006133608597754709,3.1131939866321086e-05,0.0008137669647867844,False
4.65,2.3615319731765583e-05,0.0007070694377605874,-0.0063740510962881376,-1.8819754460119559e-112,0.0,0.002590285140653098,2.8152261294681947e-05,0.0007690824013251439,False
4.651,2.431917729148921e-05,0.0007006208995983623,-0.006522746239982616,-1.7028818033765315e-112,0.0,-0.012678996346915185,3.762081773322552e-05,0.0008452061305117856,False
4.652,2.5016512245762127e-05,0.0006940245084142931,-0.006669752017917918,-1.5408311741876393e-112,0.0,0.0023521817755368132,3.465004008448082e-05,0.0007987977932254103,False
4.6530000000000005,2.5707177591349754e-05,0.0006872819688692838,-0.00681503791135762,-1.3942017012812594e-112,0.0,0.005165150111266151,2.948574736041363e-05,0.0007324914119892518,False
4.654,2.639102804486598e-05,0.0006803950159272786,-0.006958573833985762,-1.2615258676086768e-112,0.0,-0.0033237575032070204,3.134142051473958e-05,0.0007355534062387442,False
4.655,2.7067920072858945e-05,0.0006733654144197745,-0.007100330138022924,-1.1414758088326087e-112,0.0,-0.0019355084589111034,3.202041544663854e-05,0.000726854666732415,False
4.656,2.773771192145834e-05,0.0006661949586042719,-0.0072402776202345346,-1.0328500236146062e-112,0.0,-0.0021199598887915935,3.2829520991706753e-05,0.0007193503135874946,False
4.657,2.8400263645578147e-05,0.0006588854717167704,-0.007378387527830239,-9.345613485858201e-113,0.0,-0.002521525327660119,3.394085062162609e-05,0.000714652002656502,False
4.658,2.905543713766893e-05,0.0006514388055184212,-0.0075146315642531415,-8.456260776505978e-113,0.0,-0.0013719024787883561,3.408981637630742e-05,0.0007005064598793344,False
4.659,2.970309615601394e-05,0.0006438568398364452,-0.007648981894857803,-7.651541167252428e-113,0.0,0.0017379091850379385,3.1716494304883374e-05,0.0006622425839539859,False
4.66,3.0343106352563286e-05,0.0006361414820994293,-0.007781411152475883,-6.923400753772538e-113,0.0,-0.0016105137954943282,3.212170604158249e-05,0.0006516426568275067,False
4.6610000000000005,3.097533530030065e-05,0.0006282946668671133,-0.007911892442868315,-6.26455206207176e-113,0.0,0.003929801161077425,2.8029349059774546e-05,0.000597842701344913,False
4.662,3.159965252013708e-05,0.0006203183553547832,-0.008040399350063017,-5.668401112996857e-113,0.0,-0.0021092873567827505,2.8942920023086806e-05,0.0005936738331611325,False
4.663,3.2215929507326525e-05,0.0006122145349523822,-0.00816690594157704,-5.128981427476235e-113,0.0,-0.0009676843856382365,2.890622543590478e-05,0.0005802126244773425,False
4.664,3.2824039757397904e-05,0.0006039852187384603,-0.008291386773522218,-4.6408943119919867e-113,0.0,0.0032367929264807563,2.546613570575302e-05,0.000534198832186946,False
4.665,3.342385879159857e-05,0.0005956324449890744,-0.00841381689559329,-4.1992548266406e-113,0.0,-0.006094894731909429,2.9679560792561177e-05,0.0005630291057409528,False
4.666,3.4015264181844205e-05,0.0005871582766817614,-0.008534171855937588,-3.799642895012521e-113,0.0,0.0006409965380616848,2.8319414099604637e-05,0.0005370228046165337,False
4.667,3.459813557517028e-05,0.0005785648009947005,-0.008652427705905364,-3.438059066581808e-113,0.0,0.002165848914278443,2.5763115793722366e-05,0.0005001151493418482,False
4.668,3.517235471768033e-05,0.0005698541288011845,-0.008768561004679851,-3.110884488861004e-113,0.0,0.0014547584367051846,2.3855044952033728e-05,0.0004704229324282327,False
4.6690000000000005,3.573780547798638e-05,0.000561028394159523,-0.00888254882378622,-2.8148446887091064e-113,0.0,-0.0043122587033868655,2.667069849864562e-05,0.00048689018492948126,False
4.67,3.6294373870137054e-05,0.0005520897537984965,-0.008994368751478583,-2.546976800303782e-113,0.0,0.0028278078759343727,2.3625125767158195e-05,0.0004462080489043293,False
4.671,3.684194807602898e-05,0.0005430403865984846,-0.009103998897004247,-2.3045999117843638e-113,0.0,-0.005834313895347494,2.767972859590067e-05,0.00047490376669513993,False
4.672,3.738041846729719e-05,0.0005338824930683929,-0.009211417894744459,-2.085288233784864e-113,0.0,-0.0021909654976141335,2.8669343977890638e-05,0.0004729104226357976,False
4.673,3.7909677626680387e-05,0.0005246182948184999,-0.009316604908230837,-1.8868468213186626e-113,0.0,-0.003915524913930888,3.102731796550579e-05,0.00048386800998134234,False
4.674,3.842962036885713e-05,0.0005152500340293507,-0.00941953963403688,-1.707289606031336e-113,0.0,-0.005825596030265371,3.486508306791281e-05,0.0005083957390346671,False
4.675,3.89401437607489e-05,0.0005057799729168215,-0.009520202305543735,-1.5448195189610247e-113,0.0,-0.008138278225854173,4.0466702758987486e-05,0.0005487400430526638,False
4.676,3.944114714128645e-05,0.0004962103931934818,-0.009618573696579674,-1.3978105048682466e-113,0.0,-4.198858360538187e-05,3.9353871979263454e-05,0.0005228423830706255,False
4.6770000000000005,3.993253214063567e-05,0.0004865435955263804,-0.009714635124932596,-1.2647912481285253e-113,0.0,-0.004020189402129197,4.149379415161566e-05,0.0005287454318310027,False
4.678,4.041420269887951e-05,0.0004767818989913829,-0.009808368455734963,-1.1444304473110934e-113,0.0,0.004871636559618998,3.637321167799174e-05,0.00046431989179671475,False
4.679,4.088606508415259e-05,0.00046692764052418763,-0.009899756104720615,-1.035523491066708e-113,0.0,-0.0044999067437699585,3.898604109907696e-05,0.0004760890031407444,False
4.68,4.13480279102252e-05,0.0004569831743681495,-0.009988781041352894,-9.369804019723831e-114,0.0,-0.0022122678634548263,3.967248354845925e-05,0.00046862474073317364,False
4.681,4.18000021535336e-05,0.0004469508715190405,-0.010075426791823619,-8.478149276709866e-114,0.0,-0.00879203834113753,4.566722153788553e-05,0.0005121075832694432,False
4.682,4.2241901169653546e-05,0.00043683311916687566,-0.01015967744192236,-7.671346701261593e-114,0.0,0.0030632669070951766,4.189263071932588e-05,0.0004598643624087129,False
4.683,4.2673640709214324e-05,0.00042663232013493465,-0.010241517639775625,-6.941321542028216e-114,0.0,-0.0009815410507889744,4.150016025423484e-05,0.0004415568392222817,False
4.684,4.3095138933250375e-05,0.00041635089231610985,-0.010320932598455498,-6.280767461846196e-114,0.0,-0.0020759759877837826,4.200499456912194e-05,0.0004321651347556905,False
4.6850000000000005,4.350631642798803e-05,0.00040599126810671095,-0.010397908098457375,-5.683073413461179e-114,0.0,-0.0007226619952464949,4.139972103497394e-05,0.00041209482495770805,False
4.686,4.3907096219064825e-05,0.0003955558938378574,-0.010472430490046371,-5.14225747394502e-114,0.0,-0.003145757694468026,4.2773621810879966e-05,0.00041140576934929445,False
4.687,4.429740378517901e-05,0.0003850472292045903,-0.010544486695472163,-4.6529069756005274e-114,0.0,-0.002652761867848643,4.3709399223404536e-05,0.000406204389913896,False
4.688,4.467716707116719e-05,0.0003744677466928355,-0.010614064211051872,-4.210124334163886e-114,0.0,0.0031211333642306516,3.994343781688647e-05,0.0003556613194602742,False
4.689,4.5046316500507784e-05,0.0003638199310043496,-0.010681151109120775,-3.809478032135214e-114,0.0,0.001058914276685164,3.7954017087917896e-05,0.00032360170984016264,False
4.69,4.540478498724859e-05,0.0003531062784797817,-0.010745736039850604,-3.446958266661935e-114,0.0,-0.0029443273181701127,3.926246787341829e-05,0.0003240421473244664,False
4.691,4.5752507947356436e-05,0.0003423292965199832,-0.010807808232935173,-3.118936818084092e-114,0.0,-0.005100987106793439,4.2280120287364686e-05,0.0003406106163944936,False
4.692,4.608942330948737e-05,0.0003314915030056979,-0.010867357499143205,-2.822130737492501e-114,0.0,0.0035898750811504,3.8175116812702204e-05,0.000287859382418975,False
4.6930000000000005,4.6415471525175766e-05,0.0003205954257157664,-0.010924374231738195,-2.5535694898726328e-114,0.0,-0.0020100091842201848,3.872076871211565e-05,0.00028131586458693544,False
4.694,4.673059557844098e-05,0.00030964360174397666,-0.010978849407765185,-2.3105652239917552e-114,0.0,0.0011051895459737871,3.672852867090283e-05,0.0002503303194018647,False
4.695,4.7034740994810166e-05,0.00029863857691469467,-0.01103077458920433,-2.0906858714803784e-114,0.0,-0.0013560868725175795,3.678568524502103e-05,0.00023983429064213804,False
4.696,4.7327855849756255e-05,0.0002875829051974079,-0.011080141923991269,-1.8917308058745655e-114,0.0,-0.007294096733705137,4.164932714795982e-05,0.0002756376887442295,False
4.697,4.7609890776549905e-05,0.00027647914812031543,-0.011126944146904202,-1.7117088180066266e-114,0.0,-0.002967935927550933,4.2872168830042684e-05,0.000274956816427688,False
4.698,4.7880798973524686e-05,0.000265329874183097,-0.011171174580317701,-1.5488181873145001e-114,0.0,-0.0033625177284800547,4.437985451379051e-05,0.00027674603732997486,False
4.699,4.8140536210754655e-05,0.0002541376582689957,-0.01121282713482329,-1.4014286496167874e-114,0.0,0.0006601643703448752,4.258757979449695e-05,0.0002464598626252731,False
4.7,4.83890608361437e-05,0.0002429050810563459,-0.01125189630971685,-1.2680650808808753e-114,0.0,0.003497118123150577,3.8548969741089686e-05,0.0001953236842957051,False
4.7010000000000005,4.862633378092624e-05,0.00023163472842968065,-0.011288377193352926,-1.1473927336858115e-114,0.0,-0.002543258220776973,3.95158072146434e-05,0.00019377228532982944,False
4.702,4.885231856457884e-05,0.00022032919089055145,-0.011322265463366067,-1.038203878621491e-114,0.0,0.003227286195045638,3.57827388360538e-05,0.00014684926834198094,False
4.703,4.906698129914257e-05,0.00020899106296819284,-0.011353557386759368,-9.394057169267887e-115,0.0,-0.0023659422658137332,3.668439584540752e-05,0.00014583241926774653,False
4.704,4.927029069295601e-05,0.00019762294263016481,-0.011382249819860349,-8.500094433922549e-115,0.0,-0.0062998362518840055,4.074583908208343e-05,0.00017499305220760664,False
4.705,4.946221805379893e-05,0.00018622743069310568,-0.011408340208144418,-7.69120350065231e-115,0.0,-0.00331826294695537,4.227795129186679e-05,0.0001786061718503045,False
4.706,4.9642737291446845e-05,0.00017480713023372758,-0.011431826585926131,-6.959288717119369e-115,0.0,0.0020259878853319526,3.9439314708427686e-05,0.00013982666818157754,False
4.707,4.981182491963674e-05,0.0001633646460001866,-0.011452707575918547,-6.297024834165076e-115,0.0,-0.0017801005710159628,3.9762978316703795e-05,0.00013250995962748414,False
4.708,4.996946005744439e-05,0.00015190258382395954,-0.011470982388660927,-5.697783692254243e-115,0.0,-0.0015553540412245733,3.989548827633128e-05,0.00012336452456678456,False
4.7090000000000005,5.011562443007391e-05,0.00014042355003235848,-0.011486650821815167,-5.155567884626726e-115,0.0,-0.003065689920059486,4.124718692441864e-05,0.00012600864866048542,False
4.71,5.0250302369060123e-05,0.0001289301508618146,-0.011499713259331249,-4.66495073323476e-115,0.0,-0.0010342408858541484,4.091568031996479e-05,0.00011214178869679052,False
4.711,5.0373480811884726e-05,0.00011742499187206176,-0.011510170670482156,-4.221021976725096e-115,0.0,0.0009549040260190475,3.898292498618518e-05,8.31138144868412e-05,False
4.712,5.048514930100708e-05,0.00010591067736135027,-0.011518024608768617,-3.819338626892978e-115,0.0,-0.003931911941845329,4.106188010143121e-05,9.34002381449604e-05,False
4.713,5.058529998231083e-05,9.438980978282084e-05,-0.011523277210694167,-3.4558805017628493e-115,0.0,-0.0029852388468231267,4.2315380541328406e-05,9.517106670398407e-05,False
4.714,5.0673927602967515e-05,8.286498916216813e-05,-0.011525931194410944,-3.1270099902559127e-115,0.0,-0.0022792803517693106,4.2961730365476435e-05,9.080478976200805e-05,False
4.715,5.0751029508718523e-05,7.13388125167229e-05,-0.011525989858236751,-2.829435645755811e-115,0.0,-0.0009269016632937316,4.249471911082223e-05,7.56409612626881e-05,False
4.716,5.081660564057692e-05,5.9813873276081275e-05,-0.011523457079043928,-2.560179244204596e-115,0.0,-0.002468965995078802,4.3289578079405245e-05,7.287867220232664e-05,False
4.7170000000000005,5.0870658530950717e-05,4.829276070440895e-05,-0.011518337310520524,-2.3165459770353408e-115,0.0,-0.0024359480586569598,4.403517550926579e-05,6.949477385253875e-05,False
4.718,5.091319329918935e-05,3.6778059324547905e-05,-0.011510635581304426,-2.096097480622247e-115,0.0,-0.0008606006456522415,4.348405769779044e-05,5.3517840687634845e-05,False
4.719,5.0944217646555196e-05,2.527234834405223e-05,-0.011500357492990998,-1.8966274323179137e-115,0.0,-0.0015228526045646534,4.348479501369488e-05,4.314637145640654e-05,False
4.72,5.096374185062215e-05,1.3778201083279243e-05,-0.011487509218014903,-1.7161394688347125e-115,0.0,-0.0015100163768899328,4.3475117727387686e-05,3.27898789770793e-05,False
4.721,5.097177875910339e-05,2.2981844056615043e-06,-0.011472097497406755,-1.5528272059700042e-115,0.0,-0.012080877934422972,5.2025116767034976e-05,0.00010481863626972626,False
4.722,5.096834378311053e-05,-9.16514184971559e-06,-0.011454129638425296,-1.4050561597058918e-115,0.0,0.0029211435116027213,4.8185422355335425e-05,5.504460385947856e-05,False
4.723,5.095345488984659e-05,-2.060922543310643e-05,-0.01143361351206582,-1.2713473877438e-115,0.0,-0.003333991209067402,4.9519431607667945e-05,5.641258826739643e-05,False
4.724,5.092713259473519e-05,-3.203152224654466e-05,-0.0114105575504456,-1.1503626877528617e-115,0.0,-0.0059318150029404985,5.291913597744294e-05,7.731884606220418e-05,False
4.7250000000000005,5.088939995298869e-05,-4.3429496903606905e-05,-0.011384970744067044,-1.0408912041912061e-115,0.0,0.0012245238378779683,5.0427886101257944e-05,4.0609262812143694e-05,False
4.726,5.08402825506179e-05,-5.4800623286378866e-05,-0.011356862638959459,-9.418373096567117e-116,0.0,0.0007360968696361629,4.840272587196224e-05,9.347734426550388e-06,False
4.727,5.0779808494886324e-05,-6.614238509950279e-05,-0.011326243333700168,-8.522096394797135e-116,0.0,-0.0019465501412038954,4.860714266199076e-05,3.179298714490346e-07,False
4.728,5.070800840421181e-05,-7.745227642118613e-05,-0.011293123476315878,-7.711111698121799e-116,0.0,-0.0017072990812960452,4.8612040709056644e-05,-1.057513410704844e-05,False
4.729,5.0624915397518835e-05,-8.872780225105201e-05,-0.011257514261065159,-6.977302399115412e-116,0.0,-0.0036780308393409363,5.021253416211248e-05,-6.012821366582348e-06,False
4.73,5.053056508304447e-05,-9.996647905471317e-05,-0.011219427425102936,-6.313324287671695e-116,0.0,-0.005608418047749138,5.333073606662681e-05,1.272555254440328e-05,False
4.731,5.042499554660156e-05,-0.00011116583530495171,-0.011178875245027925,-5.71253204768057e-116,0.0,0.0035244799986574645,4.896550872979329e-05,-4.136994305842557e-05,False
4.732,5.0308247339302394e-05,-0.0001223234120193882,-0.011135870533313956,-5.16891274847096e-116,0.0,-0.00274489250259874,4.980040726991958e-05,-4.390321385298824e-05,False
4.7330000000000005,5.018036346474656e-05,-0.00013343676329452444,-0.011090426634626189,-4.677025665379618e-116,0.0,0.0025809796557180356,4.6299197626061103e-05,-8.827100691188232e-05,False
4.734,5.004138936567657e-05,-0.0001445034568360453,-0.01104255742202316,-4.231947827150009e-116,0.0,0.0058126411273808675,4.0280482610439236e-05,-0.00015555407617331307,False
4.735,4.989137291010516e-05,-0.00015552107448526595,-0.010992277293045763,-3.8292247451813035e-116,0.0,-6.106252893020949e-05,3.9188373814945176e-05,-0.00017338518511542908,False
4.736,4.973036437691805e-05,-0.00016648721274161203,-0.010939601165694144,-3.4648258315092556e-116,0.0,0.003668529595490276,3.510730281979266e-05,-0.00021949969395369727,False
4.737,4.9558416440956306e-05,-0.00017739948328102093,-0.010884544474293637,-3.1351040593271315e-116,0.0,0.0004866780054655956,3.371828775569684e-05,-0.00023830992971580827,False
4.738,4.937558415758238e-05,-0.00018825551347015425,-0.010827123165250804,-2.8367594623156175e-116,0.0,0.0033244793876841773,3.0070822606600833e-05,-0.0002783048491747538,False
4.739,4.918192494673404e-05,-0.0001990529468763116,-0.010767353692700692,-2.56680610747074e-116,0.0,-0.00558139532077754,3.3737961496921895e-05,-0.0002467332288245448,False
4.74,4.897749857647063e-05,-0.0002097894437729378,-0.010705253014046486,-2.322542210882756e-116,0.0,2.8336406315040107e-05,3.2758880477725696e-05,-0.0002609928463033541,False
4.741,4.8762367146016034e-05,-0.00022046268164061653,-0.010640838585392682,-2.101523097374682e-116,0.0,-0.009250901236006137,3.93210994407101e-05,-0.00020239345830767722,False
4.742,4.853659506830295e-05,-0.00023107035566344425,-0.010574128356872999,-1.9015367333714396e-116,0.0,-0.0031257438331567574,4.0737702965189375e-05,-0.00019537675560425644,False
4.743,4.83002490520232e-05,-0.00024161017922067998,-0.0105051407678742,-1.7205815881243462e-116,0.0,-0.0021997035736325858,4.136432966142497e-05,-0.00019634930712866802,False
4.744,4.805339808318869e-05,-0.0002520798843735673,-0.010433894742157104,-1.5568466017186442e-116,0.0,-0.005261955511179899,4.445275393108491e-05,-0.00017379143352043848,False
4.745,4.7796113406208104e-05,-0.0002624772223472267,-0.010360409682875982,-1.4086930593771558e-116,0.0,-0.0034108965069311885,4.595481880504703e-05,-0.00016742577482718068,False
4.746,4.7528468504484167e-05,-0.00027279996400751656,-0.010284705467497662,-1.2746381906520023e-116,0.0,-0.006229118013676743,4.96962757730633e-05,-0.00013994576403430229,False
4.747,4.725053908053659e-05,-0.00028304590033276434,-0.010206802442621586,-1.1533403293595848e-116,0.0,-0.002816417355145045,5.0568379176373284e-05,-0.00014119059043993663,False
4.748,4.696240303565594e-05,-0.0002932128428802682,-0.010126721418702184,-1.0435854857344698e-116,0.0,-0.0010185144278485843,4.995997525465306e-05,-0.00015684712910848792,False
4.749,4.666414044909361e-05,-0.0003032986242474729,-0.010044483664674853,-9.442751964117804e-117,0.0,-0.004549603918008632,5.22279953227468e-05,-0.0001445471847851229,False
4.75,4.635583355679335e-05,-0.0003133010985277244,-0.009960110902486918,-8.544155306366338e-117,0.0,-0.0005115820076278083,5.116208614973601e-05,-0.00016493697539795443,False
4.751,4.6037566729669785e-05,-0.0003232181417605079,-0.00987362530153494,-7.731071426710761e-117,0.0,0.0016787493008204634,4.835283731082004e-05,-0.00020161581445124902,False
4.752,4.570942645143948e-05,-0.0003330476523760774,-0.009785049473009767,-6.995362708396547e-117,0.0,-0.006538543594239667,5.2276881269007055e-05,-0.00017254060464303887,False
4.753,4.537150129601024e-05,-0.00034278755163438454,-0.009694406464150727,-6.329665931290568e-117,0.0,0.004816456430691188,4.68953854996901e-05,-0.00023410793888207793,False
4.7540000000000004,4.502388190443434e-05,-0.0003524357840582168,-0.009601719752410401,-5.7273185782991344e-117,0.0,0.004251074351016336,4.212420101102169e-05,-0.00028791458555079823,False
4.755,4.466666096143159e-05,-0.00036199031786045657,-0.009507013239531422,-5.182292154657571e-117,0.0,-0.002033775767686465,4.257717974162955e-05,-0.0002898398509168715,False
4.756,4.429993317148808e-05,-0.0003714491453653733,-0.009410311245536757,-4.6891318527283656e-117,0.0,0.0008517823399612388,4.068083672064309e-05,-0.0003144252370502538,False
4.757,4.392379523453665e-05,-0.00038081028342386373,-0.00931163850263495,-4.242901958452909e-117,0.0,0.00301636362412491,3.708553881833749e-05,-0.0003546396191839995,False
4.758,4.353834582122522e-05,-0.0003900717738225549,-0.009211020149041842,-3.8391364530662465e-117,0.0,0.0020501715798591042,3.4374473685948084e-05,-0.0003850997734218236,False
4.759,4.31436855477791e-05,-0.00039923168368668837,-0.009108481722720264,-3.473794315680194e-117,0.0,-0.0017614395554139965,3.482656516481919e-05,-0.0003842100421939916,False
4.76,4.273991695046352e-05,-0.0004082881058767033,-0.009004049155039237,-3.1432190793880596e-117,0.0,-0.004391521938876688,3.7395465697700174e-05,-0.00036308703043234203,False
4.761,4.2327144459652834e-05,-0.0004172391593784393,-0.008897748764354228,-2.8441022361148574e-117,0.0,0.002513118607982292,3.430076131923718e-05,-0.00039721025751363737,False
4.7620000000000005,4.190547437351269e-05,-0.00042608298968688067,-0.008789607249510036,-2.5734501239564664e-117,0.0,-0.0039540810779028195,3.653036004938254e-05,-0.0003790855603761394,False
4.763,4.147501483130173e-05,-0.0004348177691833656,-0.008679651683267842,-2.328553965605089e-117,0.0,-0.0012475952574099681,3.650528527665507e-05,-0.0003833338260320629,False
4.764,4.1035875786299394e-05,-0.00044344169750618506,-0.008567909505658087,-2.106962757995503e-117,0.0,0.0014025402208334998,3.433506243818023e-05,-0.0004081465033220734,False
4.765,4.058816897836643e-05,-0.00045195300191449813,-0.008454408517260698,-1.906458741842575e-117,0.0,-0.0034983267096081357,3.619465719467564e-05,-0.00039346415939632394,False
4.766,4.013200790614489e-05,-0.000460349937645492,-0.008339176872414363,-1.7250352055609198e-117,0.0,-0.0014628270165974447,3.635337299612001e-05,-0.00039571069806906253,False
4.767,3.9667507798904385e-05,-0.00046863078826471635,-0.008222243072356411,-1.5608764014208734e-117,0.0,-0.002336081722107171,3.721467960927221e-05,-0.0003912153078993482,False
4.768,3.9194785588041394e-05,-0.00047679386600952374,-0.008103635958295028,-1.412339372934923e-117,0.0,-0.00010469964193024353,3.6244789613811254e-05,-0.00040456349456892757,False
4.769,3.871395987823865e-05,-0.00048483751212554884,-0.007983384704415373,-1.2779375115969618e-117,0.0,-0.008502779611059377,4.2102451131686543e-05,-0.00035192478659280113,False
4.7700000000000005,3.8225150918291536e-05,-0.0004927600971961618,-0.007861518810821354,-1.156325678404694e-117,0.0,0.004879509045756009,3.695824478726141e-05,-0.0004069291014455966,False
4.771,3.772848057160859e-05,-0.0005005600214648315,-0.007738068096414687,-1.0462867412563826e-117,0.0,0.002550978179822099,3.3845275761045826e-05,-0.0004406423632586291,False
4.772,3.72240722863932e-05,-0.0005082357151503373,-0.007613062691712965,-9.467193934836833e-118,0.0,-0.0059017752577029126,3.766486329632219e-05,-0.00040665104384627904,False
4.773,3.671205106551367e-05,-0.0005157856387547695,-0.0074865330316084226,-8.566271316043455e-118,0.0,-0.0033761468445970976,3.9331160162092085e-05,-0.0003945923288353155,False
4.774,3.619254343606896e-05,-0.0005232082833642591,-0.007358509848069127,-7.7510828198042606e-118,0.0,-0.0015650920699581674,3.948379292669528e-05,-0.00039759051020270763,False
4.775,3.566567741865731e-05,-0.0005305021709423809,-0.007229024162784322,-7.013469765654572e-118,0.0,-0.007949775997062591,4.480188462275055e-05,-0.0003509439210857639,False
4.776,3.513158249635518e-05,-0.0005376658546161746,-0.007098107279755653,-6.346049874228149e-118,0.0,-0.00339959417624691,4.628490341987657e-05,-0.0003428715097858853,False
4.777,3.4590389583413875e-05,-0.0005446979189547313,-0.006965790777836024,-5.742143382924024e-118,0.0,0.0006144094025775434,4.447568801722619e-05,-0.00036686449987209863,False
4.7780000000000005,3.404223099368131e-05,-0.0005515969802402927,-0.006832106503217856,-5.195706192597244e-118,0.0,0.0023405338897945134,4.1320074276013695e-05,-0.0004031242117457157,False
4.779,3.348724040875645e-05,-0.0005583616867318142,-0.00669708656187248,-4.701269376183136e-118,0.0,0.003149716858717477,3.759868200202345e-05,-0.0004437087851828838,False
4.78,3.292555284588397e-05,-0.0005649907189209442,-0.006560763311942478,-4.253884443837075e-118,0.0,-0.010167887965591921,4.476623997410531e-05,-0.0003783501949551869,False
4.781,3.235730462559674e-05,-0.0005714827897803725,-0.006423169356088708,-3.849073816784873e-118,0.0,0.0008221443989609809,4.283185714167238e-05,-0.00040281027622824164,False
4.782,3.178263333911385e-05,-0.0005778366450045036,-0.006284337533793861,-3.48278601420944e-118,0.0,-0.0029679473524549856,4.402119507891647e-05,-0.00039654091528573595,False
4.783,3.12016778155017e-05,-0.0005840510632424131,-0.006144300913624262,-3.15135510466902e-118,0.0,-0.005577212991157043,4.728959278207029e-05,-0.0003706267405283389,False
4.784,3.061457808860615e-05,-0.0005901248563230456,-0.006003092785451815,-2.851464016223157e-118,0.0,0.003331932122318352,4.3251481146693115e-05,-0.00041595956361622604,False
4.785,3.0021475363763258e-05,-0.000596056869472615,-0.005860746652637811,-2.580111338061809e-118,0.0,0.0016941119374191838,4.0653980112236886e-05,-0.0004460342449985477,False
4.7860000000000005,2.9422511984296596e-05,-0.0006018459815241708,-0.005717296224180478,-2.3345812813771516e-118,0.0,-0.010492184280151829,4.799753879743813e-05,-0.00037964569599382736,False
4.787,2.8817831397808893e-05,-0.0006074911051192945,-0.0055727754068280585,-2.1124164988363836e-118,0.0,-0.0021426911708822037,4.837225726948013e-05,-0.00038262539584202695,False
4.788,2.8207578122275956e-05,-0.0006129911869018921,-0.005427218297159252,-1.9113934906236749e-118,0.0,-0.004770876758037867,5.0864441685355485e-05,-0.0003653050991101688,False
4.789,2.759189771195075e-05,-0.0006183452077040523,-0.005280659173632841,-1.729500350906666e-118,0.0,0.0001512355262473183,4.9300481373424505e-05,-0.0003877220492750419,False
4.79,2.69709367230856e-05,-0.0006235521827239389,-0.005133132488608352,-1.5649166320066736e-118,0.0,0.0003411520848790044,4.762706523338494e-05,-0.0004105900232713866,False
4.791,2.6344842679480517e-05,-0.0006286111616956909,-0.004984672860339579,-1.4159951247464483e-118,0.0,0.0020709453602580767,4.4600431514011216e-05,-0.0004458333145487525,False
4.792,2.5713764037865584e-05,-0.0006335212290513022,-0.0048353150649428035,-1.2812453726270826e-118,0.0,-0.004392335584469463,4.6892998705492245e-05,-0.00042888059013740685,False
4.793,2.507785015312554e-05,-0.0006382815040744591,-0.004685094028341558,-1.1593187548384103e-118,0.0,-0.007194187882305069,5.138930067117066e-05,-0.0003914517171744845,False
4.7940000000000005,2.4437251243374517e-05,-0.0006428911410463106,-0.0045340448181898,-1.0489949888086508e-118,0.0,0.00439229578566047,4.6376408922869895e-05,-0.0004468443058822276,False
4.795,2.3792118354889052e-05,-0.0006473493293831518,-0.004382202635775309,-9.491699172062798e-119,0.0,-0.000356202027502297,4.5350520433154794e-05,-0.00046217398942011037,False
4.796,2.3142603326907493e-05,-0.0006516552937660023,-0.004229602807905183,-8.588444571623356e-119,0.0,0.00491616403565746,4.008458338795813e-05,-0.0005178540960139591,False
4.797,2.2488858756303856e-05,-0.0006558082942620612,-0.004076280778775276,-7.77114601113263e-119,0.0,0.002583933608246761,3.68563291152251e-05,-0.000552146303386251,False
4.798,2.1831037962144314e-05,-0.0006598076264380249,-0.003922272101825434,-7.031623691893696e-119,0.0,0.0038289515047062062,3.2711452172926244e-05,-0.0005941408913449795,False
4.799,2.1169294950134436e-05,-0.0006636526214652531,-0.0037676124315823684,-6.362476225973573e-119,0.0,0.005490310412097671,2.7338811494262204e-05,-0.0006465364491472148,False
4.8,2.0503784376965343e-05,-0.0006673426462167729,-0.0036123375154920425,-5.757006560625103e-119,0.0,-0.0052283898787183845,3.0797541434682614e-05,-0.0006122617056488586,False
4.801,1.9834661514566937e-05,-0.0006708771033561107,-0.0034564831857433944,-5.209154951932098e-119,0.0,0.00169315220030209,2.8553763175155503e-05,-0.0006339534467921298,False
4.8020000000000005,1.9162082214276403e-05,-0.0006742554314179437,-0.003300085351085275,-4.713438316855472e-119,0.0,0.0027387925543738622,2.5526901421710722e-05,-0.000662425620950291,False
4.803,1.8486202870930133e-05,-0.0006774771048805663,-0.0031431799886384305,-4.2648953566952643e-119,0.0,-0.007040137767139664,3.0503983379103265e-05,-0.0006129736013913443,False
4.804,1.7807180386887296e-05,-0.0006805416342301669,-0.0029858031357043913,-3.8590369027456953e-119,0.0,-0.004270004308331413,3.309699138725128e-05,-0.000588104491780094,False
4.805,1.7125172135993213e-05,-0.0006834485660169123,-0.0028279908815731047,-3.491800987185901e-119,0.0,0.002410422513971609,3.0207260850793464e-05,-0.0006167903417561802,False
4.806,1.6440335927490755e-05,-0.00068619748290284,-0.00266977935933116,-3.1595121895407054e-119,0.0,0.0034406404850169355,2.6565240919785604e-05,-0.0006517376076538933,False
4.807,1.5752829969887936e-05,-0.0006887880037015603,-0.0025112047376724452,-2.858844851837153e-119,0.0,0.0013637770889539677,2.4708106894565795e-05,-0.0006683223793515256,False
4.808,1.50628128347899e-05,-0.00069121978340977,-0.0023523032127130724,-2.5867897943017245e-119,0.0,-0.0019921928710485413,2.5620988780993923e-05,-0.0006576820899460045,False
4.809,1.437044342070349e-05,-0.000693492513230585,-0.0021931109998124085,-2.340624198477743e-119,0.0,0.0033203146251115077,2.2206374017879514e-05,-0.0006889574755344832,False
4.8100000000000005,1.3675880916822568e-05,-0.0006956059205886974,-0.0020336643254020314,-2.1178843563430883e-119,0.0,0.004775150521198175,1.7710524939479548e-05,-0.0007295089316583004,False
4.811,1.2979284766802262e-05,-0.0006975597691373657,-0.0018739994188244602,-1.91634101269223e-119,0.0,-0.00107484372834018,1.807892603701671e-05,-0.000721847401091595,False
4.812,1.2280814632530304e-05,-0.0006993538587572504,-0.0017141525041834429,-1.7339770540008532e-119,0.0,0.001795724380942739,1.6112539970426974e-05,-0.000736793787744463,False
4.813,1.1580630357903607e-05,-0.0007009880255471054,-0.0015541597922076535,-1.5689673204757316e-119,0.0,0.0028433663879252986,1.3353588321123134e-05,-0.0007587491024478464,False
4.814,1.0878891932618205e-05,-0.0007024621418063414,-0.001394057472129584,-1.419660339242059e-119,0.0,0.002988202386922247,1.0555549472409323e-05,-0.0007802153765055391,False
4.815,1.0175759455980707e-05,-0.0007037761160094758,-0.0012338817035814453,-1.2845617958478388e-119,0.0,-0.0012787262176635395,1.1291810189922856e-05,-0.0007668450318351119,False
4.816,9.471393100749329e-06,-0.0007049298927724887,-0.001073668608509866,-1.1623195786625938e-119,0.0,0.0013780081204996374,9.856003325836267e-06,-0.0007746648880789533,False
4.817,8.765953077012627e-06,-0.0007059234528111025,-0.0009134542631111874,-1.0517102464897057e-119,0.0,0.001775155900583145,8.139310194672368e-06,-0.0007847744296092422,False
4.8180000000000005,8.059599596113964e-06,-0.000706756812891009,-0.0007532746897891287,-9.516267839557078e-120,0.0,-0.002686006080956259,1.008354519397822e-05,-0.0007591997999140568,False
4.819,7.352492834629779e-06,-0.0007074300257700653,-0.0005931658491366022,-8.610675221283466e-120,0.0,0.006174236620359398,4.798394827865964e-06,-0.0008038292116579579,False
4.82,6.64479289840966e-06,-0.0007079431801324849,-0.00043316363194344606,-7.791261134772345e-120,0.0,-0.0058737074867992135,9.418446380759814e-06,-0.0007515735859952151,False
4.821,5.936659786686215e-06,-0.0007082964005150498,-0.0002733038512318237,-7.04982460843133e-120,0.0,-0.003120334971520718,1.167811386917611e-05,-0.0007236240035033826,False
4.822,5.228253356262715e-06,-0.0007084898472253726,-0.00011362223432105195,-6.378945096299374e-120,0.0,-0.0004248628983677746,1.1691173717715875e-05,-0.0007180857927629441,False
4.823,4.519733285786429e-06,-0.0007085237162522392,4.584558507641233e-05,-5.771908210728671e-120,0.0,-0.0026360685108868737,1.349431333776998e-05,-0.0006954074005815442,False
4.824,3.811259040115572e-06,-0.0007083982391680634,0.00020506407472609142,-5.2226385225362856e-120,0.0,0.0018127908556933453,1.1644036558405368e-05,-0.000708500087899974,False
4.825,3.1029898347877207e-06,-0.0007081136830234879,0.0003639978117079946,-4.725638756066871e-120,0.0,0.0063902321150152205,6.139766603296535e-06,-0.0007561499230508282,False
4.8260000000000005,2.395084600597544e-06,-0.0007076703502341663,0.000522611490216802,-4.275934770610211e-120,0.0,0.0022753251021397553,4.123396616855131e-06,-0.000768509260705692,False
4.827,1.6877019482916451e-06,-0.0007070685784597644,0.0006808699293240263,-3.869025777529126e-120,0.0,0.005743247933414963,-6.438639620961995e-07,-0.0008067167042787867,False
4.828,9.81000133388277e-07,-0.0007063087404752187,0.0008387380807004657,-3.500839294854025e-120,0.0,0.006274321298501386,-5.706038909325365e-06,-0.0008462614418325866,False
4.829,2.751370211296516e-07,-0.000705391244034293,0.0009961810362972678,-3.1676903885145453e-120,0.0,-0.0015823776033375852,-4.263051892998262e-06,-0.0008217059696229269,False
4.83,-4.2972994842547015e-07,-0.0007043165317254754,0.0011531640359839438,-2.8662447922808266e-120,0.0,0.00042541117944155775,-4.486699150639248e-06,-0.0008137662152607415,False
4.831,-1.1334437951612778e-06,-0.0007030850808202594,0.0013096524751416766,-2.593485537306398e-120,0.0,0.006580861914672272,-9.688178862703944e-06,-0.0008537068605704612,False
4.832,-1.8358480335089003e-06,-0.0007016974031138554,0.0014656119122102855,-2.3466827572899245e-120,0.0,0.0046725646008839335,-1.3197068207391633e-05,-0.0008757657139106238,False
4.833,-2.5367867068873422e-06,-0.0007001540447583774,0.0016210080761872182,-2.1233663670557215e-120,0.0,-0.0011635062304117896,-1.1880951917779895e-05,-0.0008504163035147965,False
4.8340000000000005,-3.2361044219738643e-06,-0.0006984555860885575,0.0017758068740769553,-1.9213013411110944e-120,0.0,0.0003976059475206765,-1.1866192914053887e-05,-0.0008381521688695428,False
4.835,-3.933646382796362e-06,-0.0006966026414400349,0.0019299743982892337,-1.738465344759989e-120,0.0,-0.0013808724179446383,-1.0411788727870466e-05,-0.0008121910333536784,False
4.836,-4.629258424640347e-06,-0.0006945958589602737,0.0020834769339844886,-1.5730284938976224e-120,0.0,0.001948517053062846,-1.1694464393933122e-05,-0.0008131519744209133,False
4.837,-5.322787047763176e-06,-0.0006924359204121616,0.002236280966364957,-1.4233350409153188e-120,0.0,-0.0031692330952062123,-8.796861682197194e-06,-0.0007736365163759174,False
4.838,-6.014079450908244e-06,-0.0006901235409703464,0.002388353187909874,-1.287886803421924e-120,0.0,-0.0009052538599232565,-7.814558832966296e-06,-0.000753620239375638,False
4.839,-6.702983564611912e-06,-0.000687659469010365,0.0025396605055532278,-1.165328169930879e-120,0.0,0.004839230522661692,-1.1511498884389675e-05,-0.0007790201070282827,False
4.84,-7.389348084295974e-06,-0.0006850444858906243,0.00269017004780253,-1.0544325324448264e-120,0.0,0.012008910402225884,-2.090907616477206e-05,-0.0008580954002293226,False
4.841,-8.073022503138567e-06,-0.0006822794057272931,0.002839849171797117,-9.540900101504948e-121,0.0,-0.004338890163853007,-1.6803239865484586e-05,-0.0008043948158798824,False
4.8420000000000005,-8.753857144716445e-06,-0.0006793650751621674,0.002988665470304451,-8.63296341358476e-121,0.0,0.0025827640958192817,-1.8418341647288086e-05,-0.0008071992894143722,False
4.843,-9.431703195411632e-06,-0.0006763023731235704,0.003136586778652973,-7.811428325146939e-121,0.0,-0.0012221799102204883,-1.6906744993137825e-05,-0.0007795581581520174,False
4.844,-1.0106412736575528e-05,-0.0006730922105803518,0.0032835811816000213,-7.068072636898915e-121,0.0,-0.004286806827503035,-1.2956507825313648e-05,-0.0007291262148805621,False
4.845,-1.0777838776443575e-05,-0.0006697355302890528,0.003429617020133383,-6.39545659526223e-121,0.0,0.0017511475776665329,-1.4007252605702762e-05,-0.0007282084230660446,False
4.846,-1.144583528179372e-05,-0.0006662333065343028,0.003574662898205041,-5.786848432818125e-121,0.0,0.0070025221740792004,-1.928034437321661e-05,-0.0007676458574056885,False
4.847,-1.2110257209341896e-05,-0.0006625865448625178,0.003718687689395703,-5.236156994516591e-121,0.0,-0.0017441063190776606,-1.7321706015208318e-05,-0.0007359536906207941,False
4.848,-1.27709605368679e-05,-0.0006587962818089677,0.0038616605435087287,-4.737870775349322e-121,0.0,-0.0010488360521289522,-1.5981547502932007e-05,-0.0007109986311702633,False
4.849,-1.342780229406504e-05,-0.0006548635846182874,0.004003550893092065,-4.28700275935511e-121,0.0,0.0005136586619106558,-1.5944547097513413e-05,-0.0006991471831836886,False
4.8500000000000005,-1.4080640593107059e-05,-0.0006507895509585016,0.0041443284598868405,-3.879040507887912e-121,0.0,-0.0021454225465085074,-1.375549309352841e-05,-0.0006667521167908512,False
4.851,-1.4729334658925847e-05,-0.0006465753086286383,0.004283963261201272,-3.5099009976141957e-121,0.0,0.0005419291782663412,-1.3804470356680513e-05,-0.0006567194999096487,False
4.852,-1.5373744859193625e-05,-0.0006422220152600065,0.004422425616208575,-3.175889756243067e-121,0.0,0.0036145079323567954,-1.6339977619735555e-05,-0.0006706856527753174,False
4.853,-1.6013732734003244e-05,-0.000637730858011214,0.0045596861521675506,-2.8736638870058296e-121,0.0,0.004419255771950107,-1.945524608553261e-05,-0.0006894982863679784,False
4.854,-1.6649161025240413e-05,-0.0006331030532570049,0.004695715810564599,-2.6001986118215342e-121,0.0,-0.0022881036946321535,-1.7051167293932776e-05,-0.0006543538955420464,False
4.855,-1.7279893705641716e-05,-0.0006283398462709936,0.004830485853175876,-2.352756998301283e-121,0.0,0.0032701698298957874,-1.9215846625599286e-05,-0.000664051757638128,False
4.856,-1.7905796007532325e-05,-0.000623442510902378,0.0049639678680483395,-2.128862567608967e-121,0.0,-0.00010576075726651403,-1.8585631735589173e-05,-0.0006462927739529585,False
4.857,-1.8526734451237473e-05,-0.0006184123492467123,0.0050961337753985,-1.9262745090287012e-121,0.0,-0.002088586305068471,-1.6367750427237682e-05,-0.0006136136723049287,False
4.8580000000000005,-1.914257687316175e-05,-0.000613250691310823,0.005226955833427627,-1.7429652531780155e-121,0.0,-0.0013848787508818233,-1.4782527742350927e-05,-0.0005878772474062228,False
4.859,-1.9753192453530413e-05,-0.0006079588946719516,0.00535640664405227,-1.5771001794119881e-121,0.0,0.0037135427949390194,-1.7370506952032495e-05,-0.0006028925649860642,False
4.86,-2.035845174378702e-05,-0.0006025383441312096,0.005484459158548894,-1.427019254323192e-121,0.0,0.0023127795351592264,-1.8750921358379126e-05,-0.0006055527108830099,False
4.861,-2.0958226693641674e-05,-0.0005969904513614334,0.005611086683111527,-1.2912204175693973e-121,0.0,0.0007212511714675567,-1.8803527774512152e-05,-0.0005951109962337307,False
4.862,-2.1552390677764373e-05,-0.0005913166545495232,0.005736262884321269,-1.168344548748807e-121,0.0,0.01173065804120649,-2.7769142810219492e-05,-0.0006704373803695002,False
4.863,-2.2140818522117992e-05,-0.0005855184180333595,0.005859961794526588,-1.0571618648662587e-121,0.0,-0.0026213157817930486,-2.4859640154226998e-05,-0.0006287764657060562,False
4.864,-2.2723386529925484e-05,-0.0005795972319333825,0.005982157817133307,-9.565596122516655e-122,0.0,0.001183853716014819,-2.5113701944200175e-05,-0.0006186384575893634,False
4.865,-2.3299972507266044e-05,-0.0005735546117789279,0.006102825731803252,-8.655309297472756e-122,0.0,-0.0072165688925914595,-1.8558601976071862e-05,-0.0005431123198739145,False
4.866,-2.3870455788295026e-05,-0.0005673920981294101,0.006221940699560495,-7.831647717027883e-122,0.0,0.005281490679585811,-2.230916036507858e-05,-0.0005689490865028194,False
4.867,-2.4434717260082488e-05,-0.0005611112561904459,0.006339478267804228,-7.086367899242726e-122,0.0,0.0025278773200224118,-2.3723781180661302e-05,-0.0005712039467426349,False
4.868,-2.4992639387065402e-05,-0.0005547136754250118,0.0064554143752272326,-6.412010833203695e-122,0.0,0.0038008824049684527,-2.612908487592066e-05,-0.0005826370265287272,False
4.869,-2.554410623510854e-05,-0.000548200969159731,0.006569725356639018,-5.801827326734633e-122,0.0,0.004827836893596674,-2.9297764165750176e-05,-0.0006007387664224652,False
4.87,-2.6089003495169286e-05,-0.0005415747741863855,0.006682387947692667,-5.249710458213039e-122,0.0,-0.000779963761890338,-2.7835913552234715e-05,-0.0005734218856283565,False
4.871,-2.662721850656159e-05,-0.0005348367503587492,0.006793379289514482,-4.75013445644586e-122,0.0,-0.0058304102775595746,-2.2326061526414642e-05,-0.0005078316507684069,False
4.872,-2.7158640279814458e-05,-0.0005279885801848409,0.006902676933235514,-4.2980993968941177e-122,0.0,0.002451767760883546,-2.367857618832479e-05,-0.0005101648817225622,False
4.873,-2.7683159519120466e-05,-0.0005210319684146948,0.007010258844424148,-3.889081160747588e-122,0.0,0.003065727221931574,-2.5489893642041557e-05,-0.0005165774766995496,False
4.874,-2.8200668644369823e-05,-0.0005139686416237488,0.0071161034074188325,-3.51898615602314e-122,0.0,0.0015301194611953982,-2.6006471118741107e-05,-0.0005100673844150409,False
4.875,-2.8711061812765674e-05,-0.0005068003477919493,0.0072201894295602,-3.184110347520264e-122,0.0,0.0071681180473656715,-3.1073589789356275e-05,-0.0005472491535874029,False
4.876,-2.921423494001642e-05,-0.0004995288558786759,0.007322496145321709,-2.8811021855918174e-122,0.0,-0.00443993228899834,-2.6597874864962907e-05,-0.0004911604562938236,False
4.877,-2.9710085721100918e-05,-0.0004921559553935856,0.007423003220338085,-2.60692906270866e-122,0.0,0.0044769168373430005,-2.9469122814006874e-05,-0.0005073144791117537,False
4.878,-3.0198513650602505e-05,-0.00048468345596348,0.007521690755330783,-2.358846962104208e-122,0.0,0.0015236121678888445,-2.986765955036202e-05,-0.0004988774797878849,False
4.8790000000000004,-3.0679420042607964e-05,-0.0004771131868952991,0.00761853928992974,-2.1343729947323383e-122,0.0,0.005026111766977906,-3.3090933787378404e-05,-0.0005175934201138455,False
4.88,-3.1152708050167586e-05,-0.0004694469967353454,0.007713529806390725,-1.9312605496792877e-122,0.0,-0.0030083014821305105,-2.9717262398966457e-05,-0.0004719721914440167,False
4.881,-3.1618282684312605e-05,-0.0004616867528248434,0.007806643733207601,-1.7474768093265147e-122,0.0,0.0003682956789468353,-2.917328790097699e-05,-0.0004548134726019725,False
4.882,-3.207605083262643e-05,-0.00045383434085193914,0.007897862948618854,-1.5811824042287203e-122,0.0,0.000587851588187489,-2.8822507748469537e-05,-0.00043982461277402023,False
4.883,-3.25259212773661e-05,-0.00044589166440024653,0.007987169784007741,-1.4307130040862062e-122,0.0,0.0030077436358903467,-3.0441095493160965e-05,-0.00044400903504599306,False
4.884,-3.296780471313064e-05,-0.00043786064449404736,0.008074547027195464,-1.294562660567834e-122,0.0,0.0038345639979606915,-3.268330250182498e-05,-0.00045377645553168055,False
4.885,-3.3401613764072986e-05,-0.00042974321914025136,0.0081599779256268,-1.1713687352739611e-122,0.0,0.004645051104290162,-3.5518230045732905e-05,-0.00046862755546819965,False
4.886,-3.382726300065225e-05,-0.0004215413428672249,0.008243446189447593,-1.0598982619933383e-122,0.0,-7.239172580194176e-05,-3.4453023748240926e-05,-0.0004451911647879235,False
4.8870000000000005,-3.424466895592335e-05,-0.00041325698626059633,0.008324935994473648,-9.590356067628532e-123,0.0,-0.006014760792926531,-2.8606370611305734e-05,-0.0003762998330197152,False
4.888,-3.465375014136096e-05,-0.0004048921354961472,0.008404431985050437,-8.677713022278499e-123,0.0,0.00293734110091029,-3.017407759876694e-05,-0.0003807496964225517,False
4.889,-3.505442706221493e-05,-0.0003964487918698982,0.008481919276803206,-7.8519194455355e-123,0.0,-0.0008638055110408119,-2.8619504135610944e-05,-0.00035478879849557926,False
4.89,-3.5446622232394427e-05,-0.0003879289713255003,0.008557383459276997,-7.104710517724685e-123,0.0,-0.00017650753422257797,-2.7665503990696806e-05,-0.00033523831091121893,False
4.891,-3.5830260188878195e-05,-0.00037933470397904097,0.008630810598466154,-6.428607920750929e-123,0.0,0.01130011405261656,-3.603135128862569e-05,-0.0004056937903110596,False
4.892,-3.620526750564836e-05,-0.0003706680336413763,0.008702187239232946,-5.816844992577789e-123,0.0,0.006004359223831339,-3.987204920662524e-05,-0.00042999240192399156,False
4.893,-3.6571572807145364e-05,-0.0003619310173381001,0.008771500407614857,-5.263299004199487e-123,0.0,-0.0027076126254842355,-3.65496732165717e-05,-0.00038431177270449753,False
4.894,-3.692910678124175e-05,-0.00035312572482726156,0.008838737613020287,-4.762429881311101e-123,0.0,0.00022603007677149726,-3.5696872823204484e-05,-0.0003636216060866895,False
4.8950000000000005,-3.727780219173259e-05,-0.00034425423811494313,0.008903886850312247,-4.309224757382837e-123,0.0,-0.0013111542546235552,-3.362355719289217e-05,-0.0003316227027425036,False
4.896,-3.761759389034044e-05,-0.00033531865096881084,0.008966936601779815,-3.89914780320692e-123,0.0,0.003797713372301865,-3.574573441601009e-05,-0.0003407691867658196,False
4.897,-3.7948418828232895e-05,-0.00032632106842974936,0.009027875838997026,-3.5280948307943336e-123,0.0,-0.0020026526753519932,-3.311111629462358e-05,-0.0003036184647248267,False
4.898,-3.82702160670509e-05,-0.00031726360632169454,0.009086694024568994,-3.1923522172819604e-123,0.0,-0.004375738484456134,-2.862963649319203e-05,-0.00024972292474783513,False
4.899,-3.858292678944598e-05,-0.0003081483907597765,0.00914338111376501,-2.8885597377467794e-123,0.0,-0.0011885822408748976,-2.685585550684659e-05,-0.0002234585512264598,False
4.9,-3.888649430912484e-05,-0.00029897755765688586,0.009197927556038418,-2.613676934945424e-123,0.0,-0.003359802203848039,-2.3374270772767506e-05,-0.0001814712132240319,False
4.901,-3.918086408039982e-05,-0.00028975325222877716,0.009250324296433125,-2.364952689396158e-123,0.0,0.005757918473849853,-2.737412421147438e-05,-0.0002126386913141305,False
4.902,-3.9465983707243723e-05,-0.0002804776284978223,0.009300562776876572,-2.1398976852504183e-123,0.0,-0.0022900427599338163,-2.474405367921898e-05,-0.00017883896112527042,False
4.9030000000000005,-3.97418029518478e-05,-0.0002711528487955278,0.009348634937359046,-1.9362594963831148e-123,0.0,-0.009289349455248732,-1.65210647447887e-05,-9.225238916514104e-05,False
4.904,-4.000827374268165e-05,-0.0002617810832639298,0.009394533216999266,-1.752000043354905e-123,0.0,0.0036981456487011244,-1.904730635015997e-05,-0.00011179011181401924,False
4.905,-4.026535018205407e-05,-0.0002523645093559801,0.009438250554996136,-1.5852751956281413e-123,0.0,0.004069149025769852,-2.1802361656649244e-05,-0.00013274149819966882,False
4.906,-4.051298855317373e-05,-0.0002429053113350377,0.009479780391466646,-1.4344163148886181e-123,0.0,0.0031104641178418104,-2.3703075389328667e-05,-0.00014462903216656755,False
4.907,-4.075114732670902e-05,-0.00023340567977357915,0.009519116668169897,-1.2979135547524732e-123,0.0,-0.0017963268241857565,-2.157681266640376e-05,-0.00011725310367622847,False
4.908,-4.097978716684626e-05,-0.0002238678110512418,0.00955625382911727,-1.1744007497161017e-123,0.0,-0.004396760967854748,-1.7405193709983614e-05,-7.100161525984702e-05,False
4.909,-4.1198870936845607e-05,-0.00021429390685231406,0.009591186821068732,-1.0626417421126125e-123,0.0,0.0025365431648154174,-1.896581021602895e-05,-8.129579848031592e-05,False
4.91,-4.1408363704094295e-05,-0.00020468617366278582,0.009623911093915395,-9.615180102304103e-124,0.0,0.0018296717070956326,-1.9909833171117712e-05,-8.519831404472566e-05,False
4.9110000000000005,-4.160823274465671e-05,-0.0001950468222670736,0.00965442260094837,-8.700174737719577e-124,0.0,0.005768063082930863,-2.4016083310341795e-05,-0.00011923757998549202,False
4.912,-4.179844754732108e-05,-0.00018537806724453333,0.009682717799014043,-7.872243646139864e-124,0.0,0.004554727839825389,-2.7023504301405298e-05,-0.00014141375654382553,False
4.913,-4.1978979817142633e-05,-0.00017568212646587486,0.009708793648555905,-7.1231006149231825e-124,0.0,0.006454463636577727,-3.148394234677254e-05,-0.00017663196977266306,False
4.914,-4.214980347848317e-05,-0.00016596122058959095,0.009732647613543099,-6.445247968817448e-124,0.0,0.0017016279889975252,-3.196952129969601e-05,-0.0001722524585724852,False
4.915,-4.231089467754708e-05,-0.00015621757255851465,0.009754277661285865,-5.831901530706292e-124,0.0,0.0005757065061347168,-3.152966159171654e-05,-0.00015891785954700108,False
4.916,-4.24622317844141e-05,-0.0001464534070966174,0.009773682262138098,-5.276922723284242e-124,0.0,0.004764841451841781,-3.449427964526448e-05,-0.00017855120520855332,False
4.917,-4.260379539456893e-05,-0.00013667095020616118,0.00979086038908725,-4.774757132111798e-124,0.0,-0.00855045019099458,-2.659326751686056e-05,-9.286858455194724e-05,False
4.918,-4.2735568329928376e-05,-0.00012687242866531672,0.009805811517231859,-4.320378915168822e-124,0.0,0.003103257040355371,-2.8352370899261572e-05,-0.00010276016426315283,False
4.9190000000000005,-4.2857535639366215e-05,-0.00011706006952636044,0.00981853562314694,-3.909240502538356e-124,0.0,-0.00025732761538198713,-2.7340499970633117e-05,-8.551389728274381e-05,False
4.92,-4.2969684598736744e-05,-0.00010723609961456183,0.00982903318413761,-3.537227082798403e-124,0.0,0.0050507085928224345,-3.065531057294103e-05,-0.00011027114338616919,False
4.921,-4.307200471039752e-05,-9.740274502787303e-05,0.009837305177381251,-3.2006154206061762e-124,0.0,0.002532477777991847,-3.1837125883013025e-05,-0.00011350702183865863,False
4.922,-4.316448770223227e-05,-8.756223063753178e-05,0.00984335307895856,-2.8960365933073693e-124,0.0,-0.00015336842063780223,-3.081067420160148e-05,-9.521713822320684e-05,False
4.923,-4.324712752617491e-05,-7.771677958968873e-05,0.009847178862773887,-2.620442273625896e-124,0.0,-0.0023425760368626525,-2.8040674498023582e-05,-6.06039933965344e-05,False
4.924,-4.331992035623571e-05,-6.786861280816956e-05,0.00984878499936529,-2.371074220979935e-124,0.0,0.002789012741850851,-2.9504309424679473e-05,-6.768862183626589e-05,False
4.925,-4.338286458603091e-05,-5.80199484984821e-05,0.009848174454604676,-2.1454366760831084e-124,0.0,0.007152950253969586,-3.4460017460392675e-05,-0.00010792791698299806,False
4.926,-4.3435960825816906e-05,-4.8173001653177996e-05,0.009845350688288571,-1.941271382546691e-124,0.0,0.004372235205660008,-3.702368919686738e-05,-0.0001236149478884944,False
4.9270000000000005,-4.3479211899030645e-05,-3.83299835586781e-05,0.009840317652619912,-1.7565349854906455e-124,0.0,0.0025322364306532407,-3.8024828718132875e-05,-0.00012353318157482315,False
4.928,-4.3512622838337504e-05,-2.8493101303670374e-05,0.009833079790581444,-1.5893785809611873e-124,0.0,0.0018333897942483714,-3.8431728142516454e-05,-0.00011751575978565409,False
4.929,-4.353620088118849e-05,-1.866455728918839e-05,0.009823642034201193,-1.438129211478578e-124,0.0,-0.006347151473134399,-3.220317594970473e-05,-4.7699583102834604e-05,False
4.93,-4.354995546488834e-05,-8.846548740478044e-06,0.009812009802710594,-1.3012731225163667e-124,0.0,0.0001926954164577796,-3.144656401303924e-05,-3.2651991755056764e-05,False
4.931,-4.3553898221176455e-05,9.587327792404085e-07,0.009798189000595842,-1.1774406123373002e-124,0.0,-0.0004591621664349157,-3.0183574614746697e-05,-1.3074983504588419e-05,False
4.932,-4.35480429703226e-05,1.0749101853008508e-05,0.009782186015543072,-1.065392323557962e-124,0.0,0.0015480705580550838,-3.05816680937256e-05,-9.964522280850019e-06,False
4.933,-4.35324057147394e-05,2.052237969225812e-05,0.009764007716277978,-9.640068392435178e-125,0.0,0.0006474602040006437,-3.023924041819544e-05,3.1818039150982436e-07,False
4.934,-4.350700463211377e-05,3.0276394616727058e-05,0.00974366145030051,-8.722694593901109e-125,0.0,0.00042703040414787154,-2.9728031502819756e-05,1.2031759834586635e-05,False
4.9350000000000005,-4.347186006805965e-05,4.000898253205722e-05,0.009721155041515335,-7.892620454661702e-125,0.0,-0.0013322765075595854,-2.7806770280019532e-05,3.7052335788138936e-05,False
4.936,-4.3426994528294286e-05,4.971798740497137e-05,0.009696496787758758,-7.141538313733896e-125,0.0,0.005322942365423452,-3.132879894853999e-05,9.046557611606236e-06,False
4.937,-4.337243267034061e-05,5.940126173592534e-05,0.009669695458222749,-6.461931088603859e-125,0.0,0.005226342738640757,-3.467279471812854e-05,-1.6144494828368933e-05,False
4.938,-4.3308201294758286e-05,6.905666702913314e-05,0.009640760290776915,-5.846997041738612e-125,0.0,0.00645580962735466,-3.891754112478454e-05,-4.896046209377971e-05,False
4.939,-4.3234329335906046e-05,7.868207425986332e-05,0.009609700989189065,-5.290581706510659e-125,0.0,0.0028104673648040954,-4.009029693485469e-05,-5.0931496603113216e-05,False
4.94,-4.315084785223819e-05,8.827536433890549e-05,0.009576527720245235,-4.787116291227386e-125,0.0,-0.0036248524996051693,-3.6019031434996325e-05,-2.215889192986425e-06,False
4.941,-4.305779001613803e-05,9.783442857410697e-05,0.009541251110769896,-4.331561944792066e-125,0.0,-0.0006670637333984232,-3.445811658995722e-05,2.0915139881574526e-05,False
4.942,-4.2955191103291325e-05,0.00010735716912888007,0.009503882244547228,-3.9193593261884723e-125,0.0,-0.003062827984474769,-3.1001548116173194e-05,6.16572893358883e-05,False
4.9430000000000005,-4.284308848160277e-05,0.00011684149947758149,0.009464432659144251,-3.5463829730635354e-125,0.0,0.003630161102065852,-3.306236343439165e-05,4.8140831666528935e-05,False
4.944,-4.2721521599658694e-05,0.00012628534485766617,0.009422914342636708,-3.208900012713499e-125,0.0,0.003570093708722171,-3.501613751416368e-05,3.6267025542941084e-05,False
4.945,-4.259053197473926e-05,0.00013568664271851878,0.009379339730238556,-2.9035328022392405e-125,0.0,0.005937322265108348,-3.883132573449779e-05,7.074491637717449e-06,False
4.946,-4.245016318038356e-05,0.0001450433431668668,0.009333721700836002,-2.6272251239608685e-125,0.0,0.00340593121538455,-4.0488681859742425e-05,-1.9609940506862997e-07,False
4.947,-4.2300460833511005e-05,0.00015435340940868046,0.009286073573426956,-2.377211597763956e-125,0.0,-0.004363805268323655,-3.580778377600587e-05,5.390466447823104e-05,False
4.948,-4.214147258110263e-05,0.00016361481818746504,0.009236409103466894,-2.1509900042458758e-125,0.0,-0.00734306127689355,-2.884718967960607e-05,0.00012826151837125012,False
4.949,-4.197324808644598e-05,0.00017282556021885268,0.009184742479122066,-1.946296241662996e-125,0.0,-0.0003405849190606402,-2.7753880725883923e-05,0.0001438349219002549,False
4.95,-4.179583901494722e-05,0.00018198364062140167,0.009131088317431021,-1.7610816660394372e-125,0.0,0.004972550638346945,-3.099369029101834e-05,0.00011734320955533961,False
4.9510000000000005,-4.160929901951447e-05,0.00019108707934351152,0.009075461660375489,-1.5934925876495902e-125,0.0,0.009294297834241856,-3.7641073832764265e-05,5.912423461342361e-05,False
4.952,-4.141368372551613e-05,0.00020013391158636435,0.009017877970861581,-1.441851718668295e-125,0.0,0.0022835575060377988,-3.842335717032787e-05,5.941792820795179e-05,False
4.953,-4.120905071531831e-05,0.00020912218822280275,0.008958353128612415,-1.3046413863105309e-125,0.0,0.0026950271696250857,-3.9516644351432005e-05,5.689527979501967e-05,False
4.954,-4.099545951240547e-05,0.0002180499762120567,0.008896903425973147,-1.1804883434520755e-125,0.0,0.0022164499523444486,-4.019143576847195e-05,5.866885971259663e-05,False
4.955,-4.077297156508845e-05,0.00022691535901023192,0.008833545563629553,-1.0681500247107231e-125,0.0,-0.00045669755491551983,-3.868261163340147e-05,8.156153295076245e-05,False
4.956,-4.05416502298041e-05,0.00023571643697647434,0.00876829664624121,-9.66502110434297e-126,0.0,-0.0010902257900827605,-3.670356936842025e-05,0.00010837967641558885,False
4.957,-4.030156075401104e-05,0.00024445132777472514,0.008701174177990397,-8.745272741316751e-126,0.0,-0.0023725432418742155,-3.3742299595328e-05,0.00014389485371580791,False
4.958,-4.0052770258685836e-05,0.00025311816677098324,0.008632196058047837,-7.913050007273307e-126,0.0,0.0045289377538184,-3.6453196168592714e-05,0.00012383331124042574,False
4.9590000000000005,-3.979534772042419e-05,0.00026171510742599256,0.008561380575956455,-7.160023737370611e-126,0.0,0.0013659463221148242,-3.6526139048118284e-05,0.00012995829257802526,False
4.96,-3.952936395315184e-05,0.0002702403216832722,0.008488746406934256,-6.478657391598605e-126,0.0,0.0037810026361166193,-3.855252590595835e-05,0.000117256863590411,False
4.961,-3.9254891589449684e-05,0.00027869200035240965,0.008414312607097565,-5.862131626553666e-126,0.0,0.007248974846770354,-4.332955946066427e-05,7.871572760357354e-05,False
4.962,-3.897200506149812e-05,0.0002870683534875383,0.00833809860860577,-5.3042760451577586e-126,0.0,-0.003905621252430528,-3.893914987883935e-05,0.00012978697360083389,False
4.963,-3.868078058164527e-05,0.00029536761076092024,0.008260124214728805,-4.799507441250537e-126,0.0,-0.009096808145849254,-3.0469774662961913e-05,0.0002185063110806077,False
4.964,-3.838129612260411e-05,0.0003035880218315591,0.008180409594838586,-4.342773920985511e-126,0.0,0.004558685976391181,-3.3297502487405245e-05,0.00019575655616617315,False
4.965,-3.807363139728357e-05,0.00031172785670876635,0.008098975279325654,-3.92950434177843e-126,0.0,-0.0016921305015274424,-3.098370241567518e-05,0.00022331161095784298,False
4.966,-3.775786783825853e-05,0.00031978540611060766,0.008015842154442258,-3.555562562775887e-126,0.0,-0.004726771042571388,-2.627827680667112e-05,0.0002730260722328218,False
4.9670000000000005,-3.743408857688402e-05,0.00032775898181715594,0.00793103145707317,-3.217206048967453e-126,0.0,-0.0004236835608450386,-2.5190484702154092e-05,0.0002863599522718162,False
4.968,-3.710237842205879e-05,0.00033564691701847964,0.007844564769435508,-2.9110484146373807e-126,0.0,0.0024666747133720883,-2.64738917862e-05,0.00027651106599678395,False
4.969,-3.67628238386435e-05,0.00034344756665729594,0.007756464013708844,-2.634025531278161e-126,0.0,0.0015490934349738942,-2.6977946217339185e-05,0.00027455082332721026,False
4.97,-3.6415512925539054e-05,0.0003511593077662196,0.007666751446596957,-2.3833648607625276e-126,0.0,-0.0017745389861977476,-2.4776515364056092e-05,0.0002987284930568079,False
4.971,-3.60605353934303e-05,0.00035878053979954014,0.007575449653822506,-2.1565577068499997e-126,0.0,-0.0032657972708801403,-2.142997665262119e-05,0.000333147958928547,False
4.972,-3.569798254220079e-05,0.00036630968495946067,0.007482581544555987,-1.9513341073117035e-126,0.0,-0.0011992879785111387,-1.9851565995655295e-05,0.0003494383398903529,False
4.973,-3.5327947238024105e-05,0.00037374518851673324,0.007388170345780324,-1.7656401153854256e-126,0.0,-0.0013810999849503476,-1.8170671424968426e-05,0.0003661775585033063,False
4.974,-3.49505238901373e-05,0.0003810855191256273,0.007292239596592451,-1.597617243186062e-126,0.0,0.0010861738064441699,-1.8535206086158932e-05,0.00036269373690244535,False
4.9750000000000005,-3.456580842730233e-05,0.0003883291691331686,0.00719481314244327,-1.445583861334204e-126,0.0,-2.5527863153030185e-05,-1.7989246510313918e-05,0.00036808150600742544,False
4.976,-3.4173898273961046e-05,0.0003954746548825883,0.007095915129317352,-1.3080183686440938e-126,0.0,-0.0006733018393855373,-1.693424613197665e-05,0.0003781790178195162,False
4.977,-3.377489232608974e-05,0.0004025205170109216,0.006995569997853809,-1.1835439634275297e-126,0.0,0.00023546480770450658,-1.66449879887259e-05,0.00038056732626690407,False
4.978,-3.3368890926758966e-05,0.0004094653207406989,0.006893802477409719,-1.0709148639998121e-126,0.0,0.008842213628418564,-2.3332954829870158e-05,0.0003158051302992931,False
4.979,-3.2955995841404705e-05,0.000416307656165672,0.006790637580067552,-9.690038404779208e-127,0.0,-0.005658455502737374,-1.8089951654337503e-05,0.0003679371853197523,False
4.98,-3.253631023281678e-05,0.0004230461385305206,0.006686100594587995,-8.767909330849706e-127,0.0,0.0013074925138791518,-1.8635979351485146e-05,0.00036267130062695086,False
4.981,-3.210993863585059e-05,0.00042967940850448434,0.006580217080309657,-7.933532440499444e-127,0.0,-0.005541384628960887,-1.3620883071110354e-05,0.00041103536244655993,False
4.982,-3.1676986931868315e-05,0.0004362061324488693,0.006473012860997066,-7.178557009366042e-127,0.0,-0.006075770157293986,-8.315214192743675e-06,0.0004605263746635666,False
4.9830000000000005,-3.1237562322915634e-05,0.00044262500267837693,0.006364514018638453,-6.495426989578708e-127,0.0,-0.000427137733427173,-7.733699836328127e-06,0.00046286933723066595,False
4.984,-3.079177330564028e-05,0.000448934737716206,0.0062547468871947546,-5.877305386291484e-127,0.0,0.004221818638616044,-1.093300278721441e-05,0.00042871757091886975,False
4.985,-3.0339729644958584e-05,0.0004551340825428803,0.0061437380463013605,-5.318005830740824e-127,0.0,0.004365315270243688,-1.4157828837976503e-05,0.00039541980649234767,False
4.986,-2.9881542347476405e-05,0.00046122180883875465,0.006031514314924058,-4.811930664987705e-127,0.0,-0.0016667800952155985,-1.2406975312029316e-05,0.00041103941235258093,False
4.987,-2.9417323634670657e-05,0.000467196715220155,0.005918102744970665,-4.354014918675533e-127,0.0,0.004111760767559302,-1.5384721572465167e-05,0.00038064442704634763,False
4.988,-2.894718691583796e-05,0.000473057627469108,0.005803530614859879,-3.9396756171044175e-127,0.0,0.0024949883123029145,-1.6968950768632482e-05,0.0003646504040475848,False
4.989,-2.8471246760816752e-05,0.0004788033987566195,0.0056878254230488395,-3.5647659132799868e-127,0.0,0.006203981380959283,-2.1511516035075515e-05,0.00032075764730918473,False
4.99,-2.7989618872489374e-05,0.00048443290985945967,0.005571014881520919,-3.2255335848748624e-127,0.0,0.0080733568678358,-2.7439008995891837e-05,0.00026506397110135114,False
4.9910000000000005,-2.750242005907064e-05,0.0004899450693704175,0.005453126909235267,-2.918583480726443e-127,0.0,-0.000677569975061385,-2.6112745603246007e-05,0.0002810394577202856,False
4.992,-2.7009768206189415e-05,0.0004953388139019857,0.005334189625539639,-2.6408435410229183e-127,0.0,-0.0035142077849704776,-2.2527195901963345e-05,0.00031825328141311834,False
4.993,-2.6511782248769833e-05,0.0005006131082834414,0.00521423134354805,-2.389534051096118e-127,0.0,0.003849398722845968,-2.5005695388827516e-05,0.0002959646189627198,False
4.994,-2.6008582142718727e-05,0.0005057669457512866,0.005093280563484784,-2.162139821102818e-127,0.0,0.008194312049261522,-3.0932102441987484e-05,0.00024134304798136054,False
4.995,-2.5500288836425968e-05,0.0005107993481330175,0.004971365965996316,-1.956385013159405e-127,0.0,0.001867439209613925,-3.156758068016106e-05,0.00023951352965301324,False
4.996,-2.4987024242084373e-05,0.0005157093660241894,0.0048485164054327,-1.7702103639914029e-127,0.0,0.0005231172676947792,-3.1096529622581416e-05,0.00024848229791886477,False
4.997,-2.4468911206835924e-05,0.0005204960789587495,0.004724760903099958,-1.601752575134477e-127,0.0,0.0018524977345319377,-3.171524962075274e-05,0.0002467715160135338,False
4.998,-2.3946073483751023e-05,0.0005251585955726069,0.00460012864048507,-1.4493256644171294e-127,0.0,0.0020520500139498466,-3.2478015837128046e-05,0.00024383451058733455,False
4.999,-2.3418635702647568e-05,0.0005296960537604155,0.0044746489524550796,-1.311404092084447e-127,0.0,-0.0021619534200238034,-2.9807016667635507e-05,0.0002741040616065074,False
5.0,-2.2886723340756664e-05,0.0005341076208255435,0.004348351320431934,-1.1866074926834827e-127,0.0,-0.006730038248788803,-2.35128597185213e-05,0.0003382588814609174,False
