time_s,displacement_m,velocity_m_s,acceleration_m_s2,control_force_n,disturbance_force_n,requested_force_n,communication_timeout,valid_frame_received,bus_connected,safety_state,safety_force_scale,safety_state_changed
0.0,0.0,0.0,0.0,0.0,0.0,0.0,True,False,True,RECOVERY,0.25,False
0.001,0.0,0.0,0.0,0.0,0.0,0.0,True,False,True,DEGRADED,0.5,True
0.002,0.0,0.0,0.0,0.0,0.0,0.0,False,True,True,DEGRADED,0.5,False
0.003,0.0,0.0,0.0,0.0,0.0,0.0,False,False,True,DEGRADED,0.5,False
0.004,0.0,0.0,0.0,0.0,0.0,0.0,False,False,True,DEGRADED,0.5,False
0.005,0.0,0.0,0.0,0.0,0.0,0.0,False,False,True,DEGRADED,0.5,False
0.006,0.0,0.0,0.0,0.0,0.0,0.0,False,False,True,DEGRADED,0.5,False
0.007,0.0,0.0,0.0,0.0,0.0,-0.00013749999999999998,False,False,True,DEGRADED,0.5,False
0.008,0.0,0.0,0.0,0.0,0.0,-0.00013749999999999998,False,False,True,DEGRADED,0.5,False
0.009000000000000001,0.0,0.0,0.0,0.0,0.0,-0.00013749999999999998,False,False,True,DEGRADED,0.5,False
0.01,0.0,0.0,0.0,0.0,0.0,-0.00013749999999999998,False,False,True,DEGRADED,0.5,False
0.011,0.0,0.0,0.0,0.0,0.0,-0.00013749999999999998,False,False,True,DEGRADED,0.5,False
0.012,0.0,0.0,0.0,0.0,0.0,-1.75e-05,False,True,True,DEGRADED,0.5,False
0.013000000000000001,0.0,0.0,0.0,0.0,0.0,-1.75e-05,False,False,True,DEGRADED,0.5,False
0.014,0.0,0.0,0.0,0.0,0.0,-1.75e-05,False,False,True,DEGRADED,0.5,False
0.015,0.0,0.0,0.0,0.0,0.0,-1.75e-05,False,False,True,DEGRADED,0.5,False
0.016,0.0,0.0,0.0,0.0,0.0,-1.75e-05,False,False,True,DEGRADED,0.5,False
0.017,0.0,0.0,0.0,0.0,0.0,0.00026625,False,True,True,RECOVERY,0.25,True
0.018000000000000002,0.0,0.0,0.0,0.0,0.0,0.00026625,False,False,True,RECOVERY,0.25,False
0.019,0.0,0.0,0.0,0.0,0.0,0.00026625,False,False,True,RECOVERY,0.25,False
0.02,0.0,0.0,0.0,0.0,0.0,0.00026625,False,False,True,RECOVERY,0.25,False
0.021,0.0,0.0,0.0,0.0,0.0,0.00026625,False,False,True,RECOVERY,0.25,False
0.022,0.0,0.0,0.0,0.0,0.0,-0.00045499999999999995,False,True,True,RECOVERY,0.25,False
0.023,0.0,0.0,0.0,0.0,0.0,-0.00045499999999999995,False,False,True,RECOVERY,0.25,False
0.024,0.0,0.0,0.0,0.0,0.0,-0.00045499999999999995,False,False,True,RECOVERY,0.25,False
0.025,0.0,0.0,0.0,0.0,0.0,-0.00045499999999999995,False,False,True,RECOVERY,0.25,False
0.026000000000000002,0.0,0.0,0.0,0.0,0.0,-0.00045499999999999995,False,False,True,RECOVERY,0.25,False
0.027,0.0,0.0,0.0,0.0,0.0,-0.00010374999999999997,False,False,True,RECOVERY,0.25,False
0.028,0.0,0.0,0.0,0.0,0.0,-0.00010374999999999997,False,False,True,RECOVERY,0.25,False
0.029,0.0,0.0,0.0,0.0,0.0,-0.00010374999999999997,False,False,True,RECOVERY,0.25,False
0.03,0.0,0.0,0.0,0.0,0.0,-0.00010374999999999997,False,False,True,RECOVERY,0.25,False
0.031,0.0,0.0,0.0,0.0,0.0,-0.00010374999999999997,False,False,True,RECOVERY,0.25,False
0.032,0.0,0.0,0.0,0.0,0.0,-4.374999999999999e-05,False,True,True,RECOVERY,0.25,False
0.033,0.0,0.0,0.0,0.0,0.0,-4.374999999999999e-05,False,False,True,RECOVERY,0.25,False
0.034,0.0,0.0,0.0,0.0,0.0,-4.374999999999999e-05,False,False,True,RECOVERY,0.25,False
0.035,0.0,0.0,0.0,0.0,0.0,-4.374999999999999e-05,False,False,True,RECOVERY,0.25,False
0.036000000000000004,0.0,0.0,0.0,0.0,0.0,-4.374999999999999e-05,False,False,True,RECOVERY,0.25,False
0.037,0.0,0.0,0.0,0.0,0.0,-0.00025,False,True,True,RECOVERY,0.25,False
0.038,0.0,0.0,0.0,0.0,0.0,-0.00025,False,False,True,RECOVERY,0.25,False
0.039,0.0,0.0,0.0,0.0,0.0,-0.00025,False,False,True,RECOVERY,0.25,False
0.04,0.0,0.0,0.0,0.0,0.0,-0.00025,False,False,True,RECOVERY,0.25,False
0.041,0.0,0.0,0.0,0.0,0.0,-0.00025,False,False,True,RECOVERY,0.25,False
0.042,0.0,0.0,0.0,0.0,0.0,-1.2500000000000168e-06,False,False,True,RECOVERY,0.25,False
0.043000000000000003,0.0,0.0,0.0,0.0,0.0,-1.2500000000000168e-06,False,False,True,RECOVERY,0.25,False
0.044,0.0,0.0,0.0,0.0,0.0,-1.2500000000000168e-06,False,False,True,RECOVERY,0.25,False
0.045,0.0,0.0,0.0,0.0,0.0,-1.2500000000000168e-06,False,False,True,RECOVERY,0.25,False
0.046,0.0,0.0,0.0,0.0,0.0,-1.2500000000000168e-06,False,False,True,RECOVERY,0.25,False
0.047,0.0,0.0,0.0,0.0,0.0,-6.125e-05,False,True,True,RECOVERY,0.25,False
0.048,0.0,0.0,0.0,0.0,0.0,-6.125e-05,False,False,True,RECOVERY,0.25,False
0.049,0.0,0.0,0.0,0.0,0.0,-6.125e-05,False,False,True,RECOVERY,0.25,False
0.05,0.0,0.0,0.0,0.0,0.0,-6.125e-05,False,False,True,RECOVERY,0.25,False
0.051000000000000004,0.0,0.0,0.0,0.0,0.0,-6.125e-05,False,False,True,RECOVERY,0.25,False
0.052000000000000005,0.0,0.0,0.0,0.0,0.0,0.0016799999999999999,False,True,True,NORMAL,1.0,True
0.053,0.0,0.0,0.0,0.0,0.0,0.0016799999999999999,False,False,True,NORMAL,1.0,False
0.054,0.0,0.0,0.0,0.0,0.0,0.0016799999999999999,False,False,True,NORMAL,1.0,False
0.055,0.0,0.0,0.0,0.0,0.0,0.0016799999999999999,False,False,True,NORMAL,1.0,False
0.056,0.0,0.0,0.0,0.0,0.0,0.0016799999999999999,False,False,True,NORMAL,1.0,False
0.057,0.0,0.0,0.0,0.0,0.0,0.0,False,True,True,NORMAL,1.0,False
0.058,0.0,0.0,0.0,0.0,0.0,0.0,False,False,True,NORMAL,1.0,False
0.059000000000000004,0.0,0.0,0.0,0.0,0.0,0.0,False,False,True,NORMAL,1.0,False
0.06,0.0,0.0,0.0,0.0,0.0,0.0,False,False,True,NORMAL,1.0,False
0.061,0.0,0.0,0.0,0.0,0.0,0.0,False,False,True,NORMAL,1.0,False
0.062,0.0,0.0,0.0,0.0,0.0,-0.00027499999999999996,False,True,True,NORMAL,1.0,False
0.063,0.0,0.0,0.0,0.0,0.0,-0.00027499999999999996,False,False,True,NORMAL,1.0,False
0.064,0.0,0.0,0.0,0.0,0.0,-0.00027499999999999996,False,False,True,NORMAL,1.0,False
0.065,0.0,0.0,0.0,0.0,0.0,-0.00027499999999999996,False,False,True,NORMAL,1.0,False
0.066,0.0,0.0,0.0,0.0,0.0,-0.00027499999999999996,False,False,True,NORMAL,1.0,False
0.067,0.0,0.0,0.0,0.0,0.0,-3.5e-05,False,True,True,NORMAL,1.0,False
0.068,0.0,0.0,0.0,0.0,0.0,-3.5e-05,False,False,True,NORMAL,1.0,False
0.069,0.0,0.0,0.0,0.0,0.0,-3.5e-05,False,False,True,NORMAL,1.0,False
0.07,0.0,0.0,0.0,0.0,0.0,-3.5e-05,False,False,True,NORMAL,1.0,False
0.07100000000000001,0.0,0.0,0.0,0.0,0.0,-3.5e-05,False,False,True,NORMAL,1.0,False
0.07200000000000001,0.0,0.0,0.0,0.0,0.0,0.001615,False,True,True,NORMAL,1.0,False
0.073,0.0,0.0,0.0,0.0,0.0,0.001615,False,False,True,NORMAL,1.0,False
0.074,0.0,0.0,0.0,0.0,0.0,0.001615,False,False,True,NORMAL,1.0,False
0.075,0.0,0.0,0.0,0.0,0.0,0.001615,False,False,True,NORMAL,1.0,False
0.076,0.0,0.0,0.0,0.0,0.0,0.001615,False,False,True,NORMAL,1.0,False
0.077,0.0,0.0,0.0,0.0,0.0,-0.00065,False,True,True,NORMAL,1.0,False
0.078,0.0,0.0,0.0,0.0,0.0,-0.00065,False,False,True,NORMAL,1.0,False
0.079,0.0,0.0,0.0,0.0,0.0,-0.00065,False,False,True,NORMAL,1.0,False
0.08,0.0,0.0,0.0,0.0,0.0,-0.00065,False,False,True,NORMAL,1.0,False
0.081,0.0,0.0,0.0,0.0,0.0,-0.00065,False,False,True,NORMAL,1.0,False
0.082,0.0,0.0,0.0,0.0,0.0,0.0006199999999999999,False,True,True,NORMAL,1.0,False
0.083,0.0,0.0,0.0,0.0,0.0,0.0006199999999999999,False,False,True,NORMAL,1.0,False
0.084,0.0,0.0,0.0,0.0,0.0,0.0006199999999999999,False,False,True,NORMAL,1.0,False
0.085,0.0,0.0,0.0,0.0,0.0,0.0006199999999999999,False,False,True,NORMAL,1.0,False
0.08600000000000001,0.0,0.0,0.0,0.0,0.0,0.0006199999999999999,False,False,True,NORMAL,1.0,False
0.08700000000000001,0.0,0.0,0.0,0.0,0.0,-0.0026099999999999995,False,True,True,NORMAL,1.0,False
0.088,0.0,0.0,0.0,0.0,0.0,-0.0026099999999999995,False,False,True,NORMAL,1.0,False
0.089,0.0,0.0,0.0,0.0,0.0,-0.0026099999999999995,False,False,True,NORMAL,1.0,False
0.09,0.0,0.0,0.0,0.0,0.0,-0.0026099999999999995,False,False,True,NORMAL,1.0,False
0.091,0.0,0.0,0.0,0.0,0.0,-0.0026099999999999995,False,False,True,NORMAL,1.0,False
0.092,0.0,0.0,0.0,0.0,0.0,0.0025399999999999993,False,False,True,NORMAL,1.0,False
0.093,0.0,0.0,0.0,0.0,0.0,0.0025399999999999993,False,False,True,NORMAL,1.0,False
0.094,0.0,0.0,0.0,0.0,0.0,0.0025399999999999993,False,False,True,NORMAL,1.0,False
0.095,0.0,0.0,0.0,0.0,0.0,0.0025399999999999993,False,False,True,NORMAL,1.0,False
0.096,0.0,0.0,0.0,0.0,0.0,0.0025399999999999993,False,False,True,NORMAL,1.0,False
0.097,0.0,0.0,0.0,0.0,0.0,0.00014,False,True,True,NORMAL,1.0,False
0.098,0.0,0.0,0.0,0.0,0.0,0.00014,False,False,True,NORMAL,1.0,False
0.099,0.0,0.0,0.0,0.0,0.0,0.00014,False,False,True,NORMAL,1.0,False
0.1,0.0,0.0,0.0,0.0,0.0,0.00014,False,False,True,NORMAL,1.0,False
0.101,0.0,0.0,0.0,0.0,0.0,0.00014,False,False,True,NORMAL,1.0,False
0.10200000000000001,0.0,0.0,0.0,0.0,0.0,0.0026149999999999997,False,True,True,NORMAL,1.0,False
0.10300000000000001,0.0,0.0,0.0,0.0,0.0,0.0026149999999999997,False,False,True,NORMAL,1.0,False
0.10400000000000001,0.0,0.0,0.0,0.0,0.0,0.0026149999999999997,False,False,True,NORMAL,1.0,False
0.105,0.0,0.0,0.0,0.0,0.0,0.0026149999999999997,False,False,True,NORMAL,1.0,False
0.106,0.0,0.0,0.0,0.0,0.0,0.0026149999999999997,False,False,True,NORMAL,1.0,False
0.107,0.0,0.0,0.0,0.0,0.0,0.0007300000000000002,False,True,True,NORMAL,1.0,False
0.108,0.0,0.0,0.0,0.0,0.0,0.0007300000000000002,False,False,True,NORMAL,1.0,False
0.109,0.0,0.0,0.0,0.0,0.0,0.0007300000000000002,False,False,True,NORMAL,1.0,False
0.11,0.0,0.0,0.0,0.0,0.0,0.0007300000000000002,False,False,True,NORMAL,1.0,False
0.111,0.0,0.0,0.0,0.0,0.0,0.0007300000000000002,False,False,True,NORMAL,1.0,False
0.112,0.0,0.0,0.0,0.0,0.0,-0.0006100000000000002,False,True,True,NORMAL,1.0,False
0.113,0.0,0.0,0.0,0.0,0.0,-0.0006100000000000002,False,False,True,NORMAL,1.0,False
0.114,0.0,0.0,0.0,0.0,0.0,-0.0006100000000000002,False,False,True,NORMAL,1.0,False
0.115,0.0,0.0,0.0,0.0,0.0,-0.0006100000000000002,False,False,True,NORMAL,1.0,False
0.116,0.0,0.0,0.0,0.0,0.0,-0.0006100000000000002,False,False,True,NORMAL,1.0,False
0.117,0.0,0.0,0.0,0.0,0.0,0.001175,False,True,True,NORMAL,1.0,False
0.11800000000000001,0.0,0.0,0.0,0.0,0.0,0.001175,False,False,True,NORMAL,1.0,False
0.11900000000000001,0.0,0.0,0.0,0.0,0.0,0.001175,False,False,True,NORMAL,1.0,False
0.12,0.0,0.0,0.0,0.0,0.0,0.001175,False,False,True,NORMAL,1.0,False
0.121,0.0,0.0,0.0,0.0,0.0,0.001175,False,False,True,NORMAL,1.0,False
0.122,0.0,0.0,0.0,0.0,0.0,-0.0014699999999999995,False,True,True,NORMAL,1.0,False
0.123,0.0,0.0,0.0,0.0,0.0,-0.0014699999999999995,False,False,True,NORMAL,1.0,False
0.124,0.0,0.0,0.0,0.0,0.0,-0.0014699999999999995,False,False,True,NORMAL,1.0,False
0.125,0.0,0.0,0.0,0.0,0.0,-0.0014699999999999995,False,False,True,NORMAL,1.0,False
0.126,0.0,0.0,0.0,0.0,0.0,-0.0014699999999999995,False,False,True,NORMAL,1.0,False
0.127,0.0,0.0,0.0,0.0,0.0,0.00241,False,True,True,NORMAL,1.0,False
0.128,0.0,0.0,0.0,0.0,0.0,0.00241,False,False,True,NORMAL,1.0,False
0.129,0.0,0.0,0.0,0.0,0.0,0.00241,False,False,True,NORMAL,1.0,False
0.13,0.0,0.0,0.0,0.0,0.0,0.00241,False,False,True,NORMAL,1.0,False
0.131,0.0,0.0,0.0,0.0,0.0,0.00241,False,False,True,NORMAL,1.0,False
0.132,0.0,0.0,0.0,0.0,0.0,-0.0014349999999999999,False,True,True,NORMAL,1.0,False
0.133,0.0,0.0,0.0,0.0,0.0,-0.0014349999999999999,False,False,True,NORMAL,1.0,False
0.134,0.0,0.0,0.0,0.0,0.0,-0.0014349999999999999,False,False,True,NORMAL,1.0,False
0.135,0.0,0.0,0.0,0.0,0.0,-0.0014349999999999999,False,False,True,NORMAL,1.0,False
0.136,0.0,0.0,0.0,0.0,0.0,-0.0014349999999999999,False,False,True,NORMAL,1.0,False
0.137,0.0,0.0,0.0,0.0,0.0,0.0007950000000000001,False,True,True,NORMAL,1.0,False
0.138,0.0,0.0,0.0,0.0,0.0,0.0007950000000000001,False,False,True,NORMAL,1.0,False
0.139,0.0,0.0,0.0,0.0,0.0,0.0007950000000000001,False,False,True,NORMAL,1.0,False
0.14,0.0,0.0,0.0,0.0,0.0,0.0007950000000000001,False,False,True,NORMAL,1.0,False
0.14100000000000001,0.0,0.0,0.0,0.0,0.0,0.0007950000000000001,False,False,True,NORMAL,1.0,False
0.14200000000000002,0.0,0.0,0.0,0.0,0.0,-0.0024349999999999997,False,True,True,NORMAL,1.0,False
0.14300000000000002,0.0,0.0,0.0,0.0,0.0,-0.0024349999999999997,False,False,True,NORMAL,1.0,False
0.14400000000000002,0.0,0.0,0.0,0.0,0.0,-0.0024349999999999997,False,False,True,NORMAL,1.0,False
0.145,0.0,0.0,0.0,0.0,0.0,-0.0024349999999999997,False,False,True,NORMAL,1.0,False
0.146,0.0,0.0,0.0,0.0,0.0,-0.0024349999999999997,False,False,True,NORMAL,1.0,False
0.147,0.0,0.0,0.0,0.0,0.0,-0.0014099999999999998,False,True,True,NORMAL,1.0,False
0.148,0.0,0.0,0.0,0.0,0.0,-0.0014099999999999998,False,False,True,NORMAL,1.0,False
0.149,0.0,0.0,0.0,0.0,0.0,-0.0014099999999999998,False,False,True,NORMAL,1.0,False
0.15,0.0,0.0,0.0,0.0,0.0,-0.0014099999999999998,False,False,True,NORMAL,1.0,False
0.151,0.0,0.0,0.0,0.0,0.0,-0.0014099999999999998,False,False,True,NORMAL,1.0,False
0.152,0.0,0.0,0.0,0.0,0.0,0.002265,False,True,True,NORMAL,1.0,False
0.153,0.0,0.0,0.0,0.0,0.0,0.002265,False,False,True,NORMAL,1.0,False
0.154,0.0,0.0,0.0,0.0,0.0,0.002265,False,False,True,NORMAL,1.0,False
0.155,0.0,0.0,0.0,0.0,0.0,0.002265,False,False,True,NORMAL,1.0,False
0.156,0.0,0.0,0.0,0.0,0.0,0.002265,False,False,True,NORMAL,1.0,False
0.157,0.0,0.0,0.0,0.0,0.0,-0.000995,False,True,True,NORMAL,1.0,False
0.158,0.0,0.0,0.0,0.0,0.0,-0.000995,False,False,True,NORMAL,1.0,False
0.159,0.0,0.0,0.0,0.0,0.0,-0.000995,False,False,True,NORMAL,1.0,False
0.16,0.0,0.0,0.0,0.0,0.0,-0.000995,False,False,True,NORMAL,1.0,False
0.161,0.0,0.0,0.0,0.0,0.0,-0.000995,False,False,True,NORMAL,1.0,False
0.162,0.0,0.0,0.0,0.0,0.0,0.00023999999999999998,False,True,True,NORMAL,1.0,False
0.163,0.0,0.0,0.0,0.0,0.0,0.00023999999999999998,False,False,True,NORMAL,1.0,False
0.164,0.0,0.0,0.0,0.0,0.0,0.00023999999999999998,False,False,True,NORMAL,1.0,False
0.165,0.0,0.0,0.0,0.0,0.0,0.00023999999999999998,False,False,True,NORMAL,1.0,False
0.166,0.0,0.0,0.0,0.0,0.0,0.00023999999999999998,False,False,True,NORMAL,1.0,False
0.167,0.0,0.0,0.0,0.0,0.0,0.0,False,True,True,NORMAL,1.0,False
0.168,0.0,0.0,0.0,0.0,0.0,0.0,False,False,True,NORMAL,1.0,False
0.169,0.0,0.0,0.0,0.0,0.0,0.0,False,False,True,NORMAL,1.0,False
0.17,0.0,0.0,0.0,0.0,0.0,0.0,False,False,True,NORMAL,1.0,False
0.171,0.0,0.0,0.0,0.0,0.0,0.0,False,False,True,NORMAL,1.0,False
0.17200000000000001,0.0,0.0,0.0,0.0,0.0,0.0,False,True,True,NORMAL,1.0,False
0.17300000000000001,0.0,0.0,0.0,0.0,0.0,0.0,False,False,True,NORMAL,1.0,False
0.17400000000000002,0.0,0.0,0.0,0.0,0.0,0.0,False,False,True,NORMAL,1.0,False
0.17500000000000002,0.0,0.0,0.0,0.0,0.0,0.0,False,False,True,NORMAL,1.0,False
0.176,0.0,0.0,0.0,0.0,0.0,0.0,False,False,True,NORMAL,1.0,False
0.177,0.0,0.0,0.0,0.0,0.0,-0.00165,False,True,True,NORMAL,1.0,False
0.178,0.0,0.0,0.0,0.0,0.0,-0.00165,False,False,True,NORMAL,1.0,False
0.179,0.0,0.0,0.0,0.0,0.0,-0.00165,False,False,True,NORMAL,1.0,False
0.18,0.0,0.0,0.0,0.0,0.0,-0.00165,False,False,True,NORMAL,1.0,False
0.181,0.0,0.0,0.0,0.0,0.0,-0.00165,False,False,True,NORMAL,1.0,False
0.182,0.0,0.0,0.0,0.0,0.0,6.500000000000017e-05,False,True,True,NORMAL,1.0,False
0.183,0.0,0.0,0.0,0.0,0.0,6.500000000000017e-05,False,False,True,NORMAL,1.0,False
0.184,0.0,0.0,0.0,0.0,0.0,6.500000000000017e-05,False,False,True,NORMAL,1.0,False
0.185,0.0,0.0,0.0,0.0,0.0,6.500000000000017e-05,False,False,True,NORMAL,1.0,False
0.186,0.0,0.0,0.0,0.0,0.0,6.500000000000017e-05,False,False,True,NORMAL,1.0,False
0.187,0.0,0.0,0.0,0.0,0.0,0.00037499999999999985,False,True,True,NORMAL,1.0,False
0.188,0.0,0.0,0.0,0.0,0.0,0.00037499999999999985,False,False,True,NORMAL,1.0,False
0.189,0.0,0.0,0.0,0.0,0.0,0.00037499999999999985,False,False,True,NORMAL,1.0,False
0.19,0.0,0.0,0.0,0.0,0.0,0.00037499999999999985,False,False,True,NORMAL,1.0,False
0.191,0.0,0.0,0.0,0.0,0.0,0.00037499999999999985,False,False,True,NORMAL,1.0,False
0.192,0.0,0.0,0.0,0.0,0.0,0.00072,False,False,True,NORMAL,1.0,False
0.193,0.0,0.0,0.0,0.0,0.0,0.00072,False,False,True,NORMAL,1.0,False
0.194,0.0,0.0,0.0,0.0,0.0,0.00072,False,False,True,NORMAL,1.0,False
0.195,0.0,0.0,0.0,0.0,0.0,0.00072,False,False,True,NORMAL,1.0,False
0.196,0.0,0.0,0.0,0.0,0.0,0.00072,False,False,True,NORMAL,1.0,False
0.197,0.0,0.0,0.0,0.0,0.0,0.0,False,True,True,NORMAL,1.0,False
0.198,0.0,0.0,0.0,0.0,0.0,0.0,False,False,True,NORMAL,1.0,False
0.199,0.0,0.0,0.0,0.0,0.0,0.0,False,False,True,NORMAL,1.0,False
0.2,0.0,0.0,0.0,0.0,0.0,0.0,False,False,True,NORMAL,1.0,False
0.201,0.0,0.0,0.0,0.0,0.0,0.0,False,False,True,NORMAL,1.0,False
0.202,0.0,0.0,0.0,0.0,0.0,0.0019249999999999998,False,True,True,NORMAL,1.0,False
0.203,0.0,0.0,0.0,0.0,0.0,0.0019249999999999998,False,False,True,NORMAL,1.0,False
0.20400000000000001,0.0,0.0,0.0,0.0,0.0,0.0019249999999999998,False,False,True,NORMAL,1.0,False
0.20500000000000002,0.0,0.0,0.0,0.0,0.0,0.0019249999999999998,False,False,True,NORMAL,1.0,False
0.20600000000000002,0.0,0.0,0.0,0.0,0.0,0.0019249999999999998,False,False,True,NORMAL,1.0,False
0.20700000000000002,0.0,0.0,0.0,0.0,0.0,0.000245,False,False,True,NORMAL,1.0,False
0.20800000000000002,0.0,0.0,0.0,0.0,0.0,0.000245,False,False,True,NORMAL,1.0,False
0.209,0.0,0.0,0.0,0.0,0.0,0.000245,False,False,True,NORMAL,1.0,False
0.21,0.0,0.0,0.0,0.0,0.0,0.000245,False,False,True,NORMAL,1.0,False
0.211,0.0,0.0,0.0,0.0,0.0,0.000245,False,False,True,NORMAL,1.0,False
0.212,0.0,0.0,0.0,0.0,0.0,0.000245,False,False,True,NORMAL,1.0,False
0.213,0.0,0.0,0.0,0.0,0.0,0.000245,False,False,True,NORMAL,1.0,False
0.214,0.0,0.0,0.0,0.0,0.0,0.000245,False,False,True,NORMAL,1.0,False
0.215,0.0,0.0,0.0,0.0,0.0,0.000245,False,False,True,NORMAL,1.0,False
0.216,0.0,0.0,0.0,0.0,0.0,0.000245,False,False,True,NORMAL,1.0,False
0.217,0.0,0.0,0.0,0.0,0.0,0.000245,False,True,True,NORMAL,1.0,False
0.218,0.0,0.0,0.0,0.0,0.0,0.000245,False,False,True,NORMAL,1.0,False
0.219,0.0,0.0,0.0,0.0,0.0,0.000245,False,False,True,NORMAL,1.0,False
0.22,0.0,0.0,0.0,0.0,0.0,0.000245,False,False,True,NORMAL,1.0,False
0.221,0.0,0.0,0.0,0.0,0.0,0.000245,False,False,True,NORMAL,1.0,False
0.222,0.0,0.0,0.0,0.0,0.0,-2.9999999999999916e-05,False,True,True,NORMAL,1.0,False
0.223,0.0,0.0,0.0,0.0,0.0,-2.9999999999999916e-05,False,False,True,NORMAL,1.0,False
0.224,0.0,0.0,0.0,0.0,0.0,-2.9999999999999916e-05,False,False,True,NORMAL,1.0,False
0.225,0.0,0.0,0.0,0.0,0.0,-2.9999999999999916e-05,False,False,True,NORMAL,1.0,False
0.226,0.0,0.0,0.0,0.0,0.0,-2.9999999999999916e-05,False,False,True,NORMAL,1.0,False
0.227,0.0,0.0,0.0,0.0,0.0,-0.00199,False,True,True,NORMAL,1.0,False
0.228,0.0,0.0,0.0,0.0,0.0,-0.00199,False,False,True,NORMAL,1.0,False
0.229,0.0,0.0,0.0,0.0,0.0,-0.00199,False,False,True,NORMAL,1.0,False
0.23,0.0,0.0,0.0,0.0,0.0,-0.00199,False,False,True,NORMAL,1.0,False
0.231,0.0,0.0,0.0,0.0,0.0,-0.00199,False,False,True,NORMAL,1.0,False
0.232,0.0,0.0,0.0,0.0,0.0,-0.00034500000000000004,False,True,True,NORMAL,1.0,False
0.233,0.0,0.0,0.0,0.0,0.0,-0.00034500000000000004,False,False,True,NORMAL,1.0,False
0.234,0.0,0.0,0.0,0.0,0.0,-0.00034500000000000004,False,False,True,NORMAL,1.0,False
0.23500000000000001,0.0,0.0,0.0,0.0,0.0,-0.00034500000000000004,False,False,True,NORMAL,1.0,False
0.23600000000000002,0.0,0.0,0.0,0.0,0.0,-0.00034500000000000004,False,False,True,NORMAL,1.0,False
0.23700000000000002,0.0,0.0,0.0,0.0,0.0,-0.001205,False,True,True,NORMAL,1.0,False
0.23800000000000002,0.0,0.0,0.0,0.0,0.0,-0.001205,False,False,True,NORMAL,1.0,False
0.23900000000000002,0.0,0.0,0.0,0.0,0.0,-0.001205,False,False,True,NORMAL,1.0,False
0.24,0.0,0.0,0.0,0.0,0.0,-0.001205,False,False,True,NORMAL,1.0,False
0.241,0.0,0.0,0.0,0.0,0.0,-0.001205,False,False,True,NORMAL,1.0,False
0.242,0.0,0.0,0.0,0.0,0.0,2.9999999999999916e-05,False,True,True,NORMAL,1.0,False
0.243,0.0,0.0,0.0,0.0,0.0,2.9999999999999916e-05,False,False,True,NORMAL,1.0,False
0.244,0.0,0.0,0.0,0.0,0.0,2.9999999999999916e-05,False,False,True,NORMAL,1.0,False
0.245,0.0,0.0,0.0,0.0,0.0,2.9999999999999916e-05,False,False,True,NORMAL,1.0,False
0.246,0.0,0.0,0.0,0.0,0.0,2.9999999999999916e-05,False,False,True,NORMAL,1.0,False
0.247,0.0,0.0,0.0,0.0,0.0,0.0028149999999999994,False,True,True,NORMAL,1.0,False
0.248,0.0,0.0,0.0,0.0,0.0,0.0028149999999999994,False,False,True,NORMAL,1.0,False
0.249,0.0,0.0,0.0,0.0,0.0,0.0028149999999999994,False,False,True,NORMAL,1.0,False
0.25,0.0,0.0,0.0,0.0,0.0,0.0028149999999999994,False,False,True,NORMAL,1.0,False
0.251,0.0,0.0,0.0,0.0,0.0,0.0028149999999999994,False,False,True,NORMAL,1.0,False
0.252,0.0,0.0,0.0,0.0,0.0,0.001275,False,False,True,NORMAL,1.0,False
0.253,0.0,0.0,0.0,0.0,0.0,0.001275,False,False,True,NORMAL,1.0,False
0.254,0.0,0.0,0.0,0.0,0.0,0.001275,False,False,True,NORMAL,1.0,False
0.255,0.0,0.0,0.0,0.0,0.0,0.001275,False,False,True,NORMAL,1.0,False
0.256,0.0,0.0,0.0,0.0,0.0,0.001275,False,False,True,NORMAL,1.0,False
0.257,0.0,0.0,0.0,0.0,0.0,0.000315,False,True,True,NORMAL,1.0,False
0.258,0.0,0.0,0.0,0.0,0.0,0.000315,False,False,True,NORMAL,1.0,False
0.259,0.0,0.0,0.0,0.0,0.0,0.000315,False,False,True,NORMAL,1.0,False
0.26,0.0,0.0,0.0,0.0,0.0,0.000315,False,False,True,NORMAL,1.0,False
0.261,0.0,0.0,0.0,0.0,0.0,0.000315,False,False,True,NORMAL,1.0,False
0.262,0.0,0.0,0.0,0.0,0.0,-0.0007850000000000001,False,True,True,NORMAL,1.0,False
0.263,0.0,0.0,0.0,0.0,0.0,-0.0007850000000000001,False,False,True,NORMAL,1.0,False
0.264,0.0,0.0,0.0,0.0,0.0,-0.0007850000000000001,False,False,True,NORMAL,1.0,False
0.265,0.0,0.0,0.0,0.0,0.0,-0.0007850000000000001,False,False,True,NORMAL,1.0,False
0.266,0.0,0.0,0.0,0.0,0.0,-0.0007850000000000001,False,False,True,NORMAL,1.0,False
0.267,0.0,0.0,0.0,0.0,0.0,0.0007250000000000001,False,True,True,NORMAL,1.0,False
0.268,0.0,0.0,0.0,0.0,0.0,0.0007250000000000001,False,False,True,NORMAL,1.0,False
0.269,0.0,0.0,0.0,0.0,0.0,0.0007250000000000001,False,False,True,NORMAL,1.0,False
0.27,0.0,0.0,0.0,0.0,0.0,0.0007250000000000001,False,False,True,NORMAL,1.0,False
0.271,0.0,0.0,0.0,0.0,0.0,0.0007250000000000001,False,False,True,NORMAL,1.0,False
0.272,0.0,0.0,0.0,0.0,0.0,0.0010699999999999998,False,True,True,NORMAL,1.0,False
0.273,0.0,0.0,0.0,0.0,0.0,0.0010699999999999998,False,False,True,NORMAL,1.0,False
0.274,0.0,0.0,0.0,0.0,0.0,0.0010699999999999998,False,False,True,NORMAL,1.0,False
0.275,0.0,0.0,0.0,0.0,0.0,0.0010699999999999998,False,False,True,NORMAL,1.0,False
0.276,0.0,0.0,0.0,0.0,0.0,0.0010699999999999998,False,False,True,NORMAL,1.0,False
0.277,0.0,0.0,0.0,0.0,0.0,-0.0026749999999999994,False,False,True,NORMAL,1.0,False
0.278,0.0,0.0,0.0,0.0,0.0,-0.0026749999999999994,False,False,True,NORMAL,1.0,False
0.279,0.0,0.0,0.0,0.0,0.0,-0.0026749999999999994,False,False,True,NORMAL,1.0,False
0.28,0.0,0.0,0.0,0.0,0.0,-0.0026749999999999994,False,False,True,NORMAL,1.0,False
0.281,0.0,0.0,0.0,0.0,0.0,-0.0026749999999999994,False,False,True,NORMAL,1.0,False
0.28200000000000003,0.0,0.0,0.0,0.0,0.0,-3.5e-05,False,True,True,NORMAL,1.0,False
0.28300000000000003,0.0,0.0,0.0,0.0,0.0,-3.5e-05,False,False,True,NORMAL,1.0,False
0.28400000000000003,0.0,0.0,0.0,0.0,0.0,-3.5e-05,False,False,True,NORMAL,1.0,False
0.28500000000000003,0.0,0.0,0.0,0.0,0.0,-3.5e-05,False,False,True,NORMAL,1.0,False
0.28600000000000003,0.0,0.0,0.0,0.0,0.0,-3.5e-05,False,False,True,NORMAL,1.0,False
0.28700000000000003,0.0,0.0,0.0,0.0,0.0,-0.0014099999999999998,False,True,True,NORMAL,1.0,False
0.28800000000000003,0.0,0.0,0.0,0.0,0.0,-0.0014099999999999998,False,False,True,NORMAL,1.0,False
0.289,0.0,0.0,0.0,0.0,0.0,-0.0014099999999999998,False,False,True,NORMAL,1.0,False
0.29,0.0,0.0,0.0,0.0,0.0,-0.0014099999999999998,False,False,True,NORMAL,1.0,False
0.291,0.0,0.0,0.0,0.0,0.0,-0.0014099999999999998,False,False,True,NORMAL,1.0,False
0.292,0.0,0.0,0.0,0.0,0.0,0.0025399999999999993,False,True,True,NORMAL,1.0,False
0.293,0.0,0.0,0.0,0.0,0.0,0.0025399999999999993,False,False,True,NORMAL,1.0,False
0.294,0.0,0.0,0.0,0.0,0.0,0.0025399999999999993,False,False,True,NORMAL,1.0,False
0.295,0.0,0.0,0.0,0.0,0.0,0.0025399999999999993,False,False,True,NORMAL,1.0,False
0.296,0.0,0.0,0.0,0.0,0.0,0.0025399999999999993,False,False,True,NORMAL,1.0,False
0.297,0.0,0.0,0.0,0.0,0.0,-0.0006850000000000001,False,True,True,NORMAL,1.0,False
0.298,0.0,0.0,0.0,0.0,0.0,-0.0006850000000000001,False,False,True,NORMAL,1.0,False
0.299,0.0,0.0,0.0,0.0,0.0,-0.0006850000000000001,False,False,True,NORMAL,1.0,False
0.3,0.0,0.0,0.0,0.0,0.0,-0.0006850000000000001,False,False,True,NORMAL,1.0,False
0.301,0.0,0.0,0.0,0.0,0.0,-0.0006850000000000001,False,False,True,NORMAL,1.0,False
0.302,0.0,0.0,0.0,0.0,0.0,3.5e-05,False,True,True,NORMAL,1.0,False
0.303,0.0,0.0,0.0,0.0,0.0,3.5e-05,False,False,True,NORMAL,1.0,False
0.304,0.0,0.0,0.0,0.0,0.0,3.5e-05,False,False,True,NORMAL,1.0,False
0.305,0.0,0.0,0.0,0.0,0.0,3.5e-05,False,False,True,NORMAL,1.0,False
0.306,0.0,0.0,0.0,0.0,0.0,3.5e-05,False,False,True,NORMAL,1.0,False
0.307,0.0,0.0,0.0,0.0,0.0,-0.002165,False,False,True,NORMAL,1.0,False
0.308,0.0,0.0,0.0,0.0,0.0,-0.002165,False,False,True,NORMAL,1.0,False
0.309,0.0,0.0,0.0,0.0,0.0,-0.002165,False,False,True,NORMAL,1.0,False
0.31,0.0,0.0,0.0,0.0,0.0,-0.002165,False,False,True,NORMAL,1.0,False
0.311,0.0,0.0,0.0,0.0,0.0,-0.002165,False,False,True,NORMAL,1.0,False
0.312,0.0,0.0,0.0,0.0,0.0,-0.000245,False,True,True,NORMAL,1.0,False
0.313,0.0,0.0,0.0,0.0,0.0,-0.000245,False,False,True,NORMAL,1.0,False
0.314,0.0,0.0,0.0,0.0,0.0,-0.000245,False,False,True,NORMAL,1.0,False
0.315,0.0,0.0,0.0,0.0,0.0,-0.000245,False,False,True,NORMAL,1.0,False
0.316,0.0,0.0,0.0,0.0,0.0,-0.000245,False,False,True,NORMAL,1.0,False
0.317,0.0,0.0,0.0,0.0,0.0,-0.0005199999999999998,False,True,True,NORMAL,1.0,False
0.318,0.0,0.0,0.0,0.0,0.0,-0.0005199999999999998,False,False,True,NORMAL,1.0,False
0.319,0.0,0.0,0.0,0.0,0.0,-0.0005199999999999998,False,False,True,NORMAL,1.0,False
0.32,0.0,0.0,0.0,0.0,0.0,-0.0005199999999999998,False,False,True,NORMAL,1.0,False
0.321,0.0,0.0,0.0,0.0,0.0,-0.0005199999999999998,False,False,True,NORMAL,1.0,False
0.322,0.0,0.0,0.0,0.0,0.0,0.00302,False,True,True,NORMAL,1.0,False
0.323,0.0,0.0,0.0,0.0,0.0,0.00302,False,False,True,NORMAL,1.0,False
0.324,0.0,0.0,0.0,0.0,0.0,0.00302,False,False,True,NORMAL,1.0,False
0.325,0.0,0.0,0.0,0.0,0.0,0.00302,False,False,True,NORMAL,1.0,False
0.326,0.0,0.0,0.0,0.0,0.0,0.00302,False,False,True,NORMAL,1.0,False
0.327,0.0,0.0,0.0,0.0,0.0,-0.0037099999999999993,False,True,True,NORMAL,1.0,False
0.328,0.0,0.0,0.0,0.0,0.0,-0.0037099999999999993,False,False,True,NORMAL,1.0,False
0.329,0.0,0.0,0.0,0.0,0.0,-0.0037099999999999993,False,False,True,NORMAL,1.0,False
0.33,0.0,0.0,0.0,0.0,0.0,-0.0037099999999999993,False,False,True,NORMAL,1.0,False
0.331,0.0,0.0,0.0,0.0,0.0,-0.0037099999999999993,False,False,True,NORMAL,1.0,False
0.332,0.0,0.0,0.0,0.0,0.0,0.0007499999999999997,False,False,True,NORMAL,1.0,False
0.333,0.0,0.0,0.0,0.0,0.0,0.0007499999999999997,False,False,True,NORMAL,1.0,False
0.334,0.0,0.0,0.0,0.0,0.0,0.0007499999999999997,False,False,True,NORMAL,1.0,False
0.335,0.0,0.0,0.0,0.0,0.0,0.0007499999999999997,False,False,True,NORMAL,1.0,False
0.336,0.0,0.0,0.0,0.0,0.0,0.0007499999999999997,False,False,True,NORMAL,1.0,False
0.337,0.0,0.0,0.0,0.0,0.0,-0.00021,False,True,True,NORMAL,1.0,False
0.338,0.0,0.0,0.0,0.0,0.0,-0.00021,False,False,True,NORMAL,1.0,False
0.339,0.0,0.0,0.0,0.0,0.0,-0.00021,False,False,True,NORMAL,1.0,False
0.34,0.0,0.0,0.0,0.0,0.0,-0.00021,False,False,True,NORMAL,1.0,False
0.341,0.0,0.0,0.0,0.0,0.0,-0.00021,False,False,True,NORMAL,1.0,False
0.342,0.0,0.0,0.0,0.0,0.0,0.00199,False,True,True,NORMAL,1.0,False
0.343,0.0,0.0,0.0,0.0,0.0,0.00199,False,False,True,NORMAL,1.0,False
0.34400000000000003,0.0,0.0,0.0,0.0,0.0,0.00199,False,False,True,NORMAL,1.0,False
0.34500000000000003,0.0,0.0,0.0,0.0,0.0,0.00199,False,False,True,NORMAL,1.0,False
0.34600000000000003,0.0,0.0,0.0,0.0,0.0,0.00199,False,False,True,NORMAL,1.0,False
0.34700000000000003,0.0,0.0,0.0,0.0,0.0,0.0017200000000000002,False,True,True,NORMAL,1.0,False
0.34800000000000003,0.0,0.0,0.0,0.0,0.0,0.0017200000000000002,False,False,True,NORMAL,1.0,False
0.34900000000000003,0.0,0.0,0.0,0.0,0.0,0.0017200000000000002,False,False,True,NORMAL,1.0,False
0.35000000000000003,0.0,0.0,0.0,0.0,0.0,0.0017200000000000002,False,False,True,NORMAL,1.0,False
0.35100000000000003,0.0,0.0,0.0,0.0,0.0,0.0017200000000000002,False,False,True,NORMAL,1.0,False
0.352,0.0,0.0,0.0,0.0,0.0,-0.0005450000000000001,False,True,True,NORMAL,1.0,False
0.353,0.0,0.0,0.0,0.0,0.0,-0.0005450000000000001,False,False,True,NORMAL,1.0,False
0.354,0.0,0.0,0.0,0.0,0.0,-0.0005450000000000001,False,False,True,NORMAL,1.0,False
0.355,0.0,0.0,0.0,0.0,0.0,-0.0005450000000000001,False,False,True,NORMAL,1.0,False
0.356,0.0,0.0,0.0,0.0,0.0,-0.0005450000000000001,False,False,True,NORMAL,1.0,False
0.357,0.0,0.0,0.0,0.0,0.0,0.002375,False,False,True,NORMAL,1.0,False
0.358,0.0,0.0,0.0,0.0,0.0,0.002375,False,False,True,NORMAL,1.0,False
0.359,0.0,0.0,0.0,0.0,0.0,0.002375,False,False,True,NORMAL,1.0,False
0.36,0.0,0.0,0.0,0.0,0.0,0.002375,False,False,True,NORMAL,1.0,False
0.361,0.0,0.0,0.0,0.0,0.0,0.002375,False,False,True,NORMAL,1.0,False
0.362,0.0,0.0,0.0,0.0,0.0,0.00045499999999999995,False,True,True,NORMAL,1.0,False
0.363,0.0,0.0,0.0,0.0,0.0,0.00045499999999999995,False,False,True,NORMAL,1.0,False
0.364,0.0,0.0,0.0,0.0,0.0,0.00045499999999999995,False,False,True,NORMAL,1.0,False
0.365,0.0,0.0,0.0,0.0,0.0,0.00045499999999999995,False,False,True,NORMAL,1.0,False
0.366,0.0,0.0,0.0,0.0,0.0,0.00045499999999999995,False,False,True,NORMAL,1.0,False
0.367,0.0,0.0,0.0,0.0,0.0,-0.0025699999999999994,False,True,True,NORMAL,1.0,False
0.368,0.0,0.0,0.0,0.0,0.0,-0.0025699999999999994,False,False,True,NORMAL,1.0,False
0.369,0.0,0.0,0.0,0.0,0.0,-0.0025699999999999994,False,False,True,NORMAL,1.0,False
0.37,0.0,0.0,0.0,0.0,0.0,-0.0025699999999999994,False,False,True,NORMAL,1.0,False
0.371,0.0,0.0,0.0,0.0,0.0,-0.0025699999999999994,False,False,True,NORMAL,1.0,False
0.372,0.0,0.0,0.0,0.0,0.0,0.0017200000000000002,False,True,True,NORMAL,1.0,False
0.373,0.0,0.0,0.0,0.0,0.0,0.0017200000000000002,False,False,True,NORMAL,1.0,False
0.374,0.0,0.0,0.0,0.0,0.0,0.0017200000000000002,False,False,True,NORMAL,1.0,False
0.375,0.0,0.0,0.0,0.0,0.0,0.0017200000000000002,False,False,True,NORMAL,1.0,False
0.376,0.0,0.0,0.0,0.0,0.0,0.0017200000000000002,False,False,True,NORMAL,1.0,False
0.377,0.0,0.0,0.0,0.0,0.0,-0.00026999999999999984,False,True,True,NORMAL,1.0,False
0.378,0.0,0.0,0.0,0.0,0.0,-0.00026999999999999984,False,False,True,NORMAL,1.0,False
0.379,0.0,0.0,0.0,0.0,0.0,-0.00026999999999999984,False,False,True,NORMAL,1.0,False
0.38,0.0,0.0,0.0,0.0,0.0,-0.00026999999999999984,False,False,True,NORMAL,1.0,False
0.381,0.0,0.0,0.0,0.0,0.0,-0.00026999999999999984,False,False,True,NORMAL,1.0,False
0.382,0.0,0.0,0.0,0.0,0.0,-0.001715,False,True,True,NORMAL,1.0,False
0.383,0.0,0.0,0.0,0.0,0.0,-0.001715,False,False,True,NORMAL,1.0,False
0.384,0.0,0.0,0.0,0.0,0.0,-0.001715,False,False,True,NORMAL,1.0,False
0.385,0.0,0.0,0.0,0.0,0.0,-0.001715,False,False,True,NORMAL,1.0,False
0.386,0.0,0.0,0.0,0.0,0.0,-0.001715,False,False,True,NORMAL,1.0,False
0.387,0.0,0.0,0.0,0.0,0.0,0.0013399999999999996,False,True,True,NORMAL,1.0,False
0.388,0.0,0.0,0.0,0.0,0.0,0.0013399999999999996,False,False,True,NORMAL,1.0,False
0.389,0.0,0.0,0.0,0.0,0.0,0.0013399999999999996,False,False,True,NORMAL,1.0,False
0.39,0.0,0.0,0.0,0.0,0.0,0.0013399999999999996,False,False,True,NORMAL,1.0,False
0.391,0.0,0.0,0.0,0.0,0.0,0.0013399999999999996,False,False,True,NORMAL,1.0,False
0.392,0.0,0.0,0.0,0.0,0.0,0.00234,False,False,True,NORMAL,1.0,False
0.393,0.0,0.0,0.0,0.0,0.0,0.00234,False,False,True,NORMAL,1.0,False
0.394,0.0,0.0,0.0,0.0,0.0,0.00234,False,False,True,NORMAL,1.0,False
0.395,0.0,0.0,0.0,0.0,0.0,0.00234,False,False,True,NORMAL,1.0,False
0.396,0.0,0.0,0.0,0.0,0.0,0.00234,False,False,True,NORMAL,1.0,False
0.397,0.0,0.0,0.0,0.0,0.0,0.00042,False,True,True,NORMAL,1.0,False
0.398,0.0,0.0,0.0,0.0,0.0,0.00042,False,False,True,NORMAL,1.0,False
0.399,0.0,0.0,0.0,0.0,0.0,0.00042,False,False,True,NORMAL,1.0,False
0.4,0.0,0.0,0.0,0.0,0.0,0.00042,False,False,True,NORMAL,1.0,False
0.401,0.0,0.0,0.0,0.0,0.0,0.00042,False,False,True,NORMAL,1.0,False
0.402,0.0,0.0,0.0,0.0,0.0,-0.00398,False,True,True,NORMAL,1.0,False
0.403,0.0,0.0,0.0,0.0,0.0,-0.00398,False,False,True,NORMAL,1.0,False
0.404,0.0,0.0,0.0,0.0,0.0,-0.00398,False,False,True,NORMAL,1.0,False
0.405,0.0,0.0,0.0,0.0,0.0,-0.00398,False,False,True,NORMAL,1.0,False
0.406,0.0,0.0,0.0,0.0,0.0,-0.00398,False,False,True,NORMAL,1.0,False
0.40700000000000003,0.0,0.0,0.0,0.0,0.0,-0.00014,False,True,True,NORMAL,1.0,False
0.40800000000000003,0.0,0.0,0.0,0.0,0.0,-0.00014,False,False,True,NORMAL,1.0,False
0.40900000000000003,0.0,0.0,0.0,0.0,0.0,-0.00014,False,False,True,NORMAL,1.0,False
0.41000000000000003,0.0,0.0,0.0,0.0,0.0,-0.00014,False,False,True,NORMAL,1.0,False
0.41100000000000003,0.0,0.0,0.0,0.0,0.0,-0.00014,False,False,True,NORMAL,1.0,False
0.41200000000000003,0.0,0.0,0.0,0.0,0.0,0.001785,False,True,True,NORMAL,1.0,False
0.41300000000000003,0.0,0.0,0.0,0.0,0.0,0.001785,False,False,True,NORMAL,1.0,False
0.41400000000000003,0.0,0.0,0.0,0.0,0.0,0.001785,False,False,True,NORMAL,1.0,False
0.41500000000000004,0.0,0.0,0.0,0.0,0.0,0.001785,False,False,True,NORMAL,1.0,False
0.41600000000000004,0.0,0.0,0.0,0.0,0.0,0.001785,False,False,True,NORMAL,1.0,False
0.417,0.0,0.0,0.0,0.0,0.0,-0.0012699999999999996,False,True,True,NORMAL,1.0,False
0.418,0.0,0.0,0.0,0.0,0.0,-0.0012699999999999996,False,False,True,NORMAL,1.0,False
0.419,0.0,0.0,0.0,0.0,0.0,-0.0012699999999999996,False,False,True,NORMAL,1.0,False
0.42,0.0,0.0,0.0,0.0,0.0,-0.0012699999999999996,False,False,True,NORMAL,1.0,False
0.421,0.0,0.0,0.0,0.0,0.0,-0.0012699999999999996,False,False,True,NORMAL,1.0,False
0.422,0.0,0.0,0.0,0.0,0.0,0.003505,False,True,True,NORMAL,1.0,False
0.423,0.0,0.0,0.0,0.0,0.0,0.003505,False,False,True,NORMAL,1.0,False
0.424,0.0,0.0,0.0,0.0,0.0,0.003505,False,False,True,NORMAL,1.0,False
0.425,0.0,0.0,0.0,0.0,0.0,0.003505,False,False,True,NORMAL,1.0,False
0.426,0.0,0.0,0.0,0.0,0.0,0.003505,False,False,True,NORMAL,1.0,False
0.427,0.0,0.0,0.0,0.0,0.0,0.0028599999999999997,False,True,True,NORMAL,1.0,False
0.428,0.0,0.0,0.0,0.0,0.0,0.0028599999999999997,False,False,True,NORMAL,1.0,False
0.429,0.0,0.0,0.0,0.0,0.0,0.0028599999999999997,False,False,True,NORMAL,1.0,False
0.43,0.0,0.0,0.0,0.0,0.0,0.0028599999999999997,False,False,True,NORMAL,1.0,False
0.431,0.0,0.0,0.0,0.0,0.0,0.0028599999999999997,False,False,True,NORMAL,1.0,False
0.432,0.0,0.0,0.0,0.0,0.0,0.00042499999999999976,False,True,True,NORMAL,1.0,False
0.433,0.0,0.0,0.0,0.0,0.0,0.00042499999999999976,False,False,True,NORMAL,1.0,False
0.434,0.0,0.0,0.0,0.0,0.0,0.00042499999999999976,False,False,True,NORMAL,1.0,False
0.435,0.0,0.0,0.0,0.0,0.0,0.00042499999999999976,False,False,True,NORMAL,1.0,False
0.436,0.0,0.0,0.0,0.0,0.0,0.00042499999999999976,False,False,True,NORMAL,1.0,False
0.437,0.0,0.0,0.0,0.0,0.0,0.0003900000000000007,False,True,True,NORMAL,1.0,False
0.438,0.0,0.0,0.0,0.0,0.0,0.0003900000000000007,False,False,True,NORMAL,1.0,False
0.439,0.0,0.0,0.0,0.0,0.0,0.0003900000000000007,False,False,True,NORMAL,1.0,False
0.44,0.0,0.0,0.0,0.0,0.0,0.0003900000000000007,False,False,True,NORMAL,1.0,False
0.441,0.0,0.0,0.0,0.0,0.0,0.0003900000000000007,False,False,True,NORMAL,1.0,False
0.442,0.0,0.0,0.0,0.0,0.0,-0.004044999999999999,False,True,True,NORMAL,1.0,False
0.443,0.0,0.0,0.0,0.0,0.0,-0.004044999999999999,False,False,True,NORMAL,1.0,False
0.444,0.0,0.0,0.0,0.0,0.0,-0.004044999999999999,False,False,True,NORMAL,1.0,False
0.445,0.0,0.0,0.0,0.0,0.0,-0.004044999999999999,False,False,True,NORMAL,1.0,False
0.446,0.0,0.0,0.0,0.0,0.0,-0.004044999999999999,False,False,True,NORMAL,1.0,False
0.447,0.0,0.0,0.0,0.0,0.0,0.000585,False,True,True,NORMAL,1.0,False
0.448,0.0,0.0,0.0,0.0,0.0,0.000585,False,False,True,NORMAL,1.0,False
0.449,0.0,0.0,0.0,0.0,0.0,0.000585,False,False,True,NORMAL,1.0,False
0.45,0.0,0.0,0.0,0.0,0.0,0.000585,False,False,True,NORMAL,1.0,False
0.451,0.0,0.0,0.0,0.0,0.0,0.000585,False,False,True,NORMAL,1.0,False
0.452,0.0,0.0,0.0,0.0,0.0,-0.000995,False,True,True,NORMAL,1.0,False
0.453,0.0,0.0,0.0,0.0,0.0,-0.000995,False,False,True,NORMAL,1.0,False
0.454,0.0,0.0,0.0,0.0,0.0,-0.000995,False,False,True,NORMAL,1.0,False
0.455,0.0,0.0,0.0,0.0,0.0,-0.000995,False,False,True,NORMAL,1.0,False
0.456,0.0,0.0,0.0,0.0,0.0,-0.000995,False,False,True,NORMAL,1.0,False
0.457,0.0,0.0,0.0,0.0,0.0,-0.0025099999999999996,False,True,True,NORMAL,1.0,False
0.458,0.0,0.0,0.0,0.0,0.0,-0.0025099999999999996,False,False,True,NORMAL,1.0,False
0.459,0.0,0.0,0.0,0.0,0.0,-0.0025099999999999996,False,False,True,NORMAL,1.0,False
0.46,0.0,0.0,0.0,0.0,0.0,-0.0025099999999999996,False,False,True,NORMAL,1.0,False
0.461,0.0,0.0,0.0,0.0,0.0,-0.0025099999999999996,False,False,True,NORMAL,1.0,False
0.462,0.0,0.0,0.0,0.0,0.0,-0.00034999999999999994,False,True,True,NORMAL,1.0,False
0.463,0.0,0.0,0.0,0.0,0.0,-0.00034999999999999994,False,False,True,NORMAL,1.0,False
0.464,0.0,0.0,0.0,0.0,0.0,-0.00034999999999999994,False,False,True,NORMAL,1.0,False
0.465,0.0,0.0,0.0,0.0,0.0,-0.00034999999999999994,False,False,True,NORMAL,1.0,False
0.466,0.0,0.0,0.0,0.0,0.0,-0.00034999999999999994,False,False,True,NORMAL,1.0,False
0.467,0.0,0.0,0.0,0.0,0.0,0.0013,False,True,True,NORMAL,1.0,False
0.468,0.0,0.0,0.0,0.0,0.0,0.0013,False,False,True,NORMAL,1.0,False
0.46900000000000003,0.0,0.0,0.0,0.0,0.0,0.0013,False,False,True,NORMAL,1.0,False
0.47000000000000003,0.0,0.0,0.0,0.0,0.0,0.0013,False,False,True,NORMAL,1.0,False
0.47100000000000003,0.0,0.0,0.0,0.0,0.0,0.0013,False,False,True,NORMAL,1.0,False
0.47200000000000003,0.0,0.0,0.0,0.0,0.0,0.00151,False,True,True,NORMAL,1.0,False
0.47300000000000003,0.0,0.0,0.0,0.0,0.0,0.00151,False,False,True,NORMAL,1.0,False
0.47400000000000003,0.0,0.0,0.0,0.0,0.0,0.00151,False,False,True,NORMAL,1.0,False
0.47500000000000003,0.0,0.0,0.0,0.0,0.0,0.00151,False,False,True,NORMAL,1.0,False
0.47600000000000003,0.0,0.0,0.0,0.0,0.0,0.00151,False,False,True,NORMAL,1.0,False
0.47700000000000004,0.0,0.0,0.0,0.0,0.0,-0.000205,False,True,True,NORMAL,1.0,False
0.47800000000000004,0.0,0.0,0.0,0.0,0.0,-0.000205,False,False,True,NORMAL,1.0,False
0.47900000000000004,0.0,0.0,0.0,0.0,0.0,-0.000205,False,False,True,NORMAL,1.0,False
0.48,0.0,0.0,0.0,0.0,0.0,-0.000205,False,False,True,NORMAL,1.0,False
0.481,0.0,0.0,0.0,0.0,0.0,-0.000205,False,False,True,NORMAL,1.0,False
0.482,0.0,0.0,0.0,0.0,0.0,0.001135,False,False,True,NORMAL,1.0,False
0.483,0.0,0.0,0.0,0.0,0.0,0.001135,False,False,True,NORMAL,1.0,False
0.484,0.0,0.0,0.0,0.0,0.0,0.001135,False,False,True,NORMAL,1.0,False
0.485,0.0,0.0,0.0,0.0,0.0,0.001135,False,False,True,NORMAL,1.0,False
0.486,0.0,0.0,0.0,0.0,0.0,0.001135,False,False,True,NORMAL,1.0,False
0.487,0.0,0.0,0.0,0.0,0.0,0.00017499999999999997,False,True,True,NORMAL,1.0,False
0.488,0.0,0.0,0.0,0.0,0.0,0.00017499999999999997,False,False,True,NORMAL,1.0,False
0.489,0.0,0.0,0.0,0.0,0.0,0.00017499999999999997,False,False,True,NORMAL,1.0,False
0.49,0.0,0.0,0.0,0.0,0.0,0.00017499999999999997,False,False,True,NORMAL,1.0,False
0.491,0.0,0.0,0.0,0.0,0.0,0.00017499999999999997,False,False,True,NORMAL,1.0,False
0.492,0.0,0.0,0.0,0.0,0.0,0.004574999999999999,False,False,True,NORMAL,1.0,False
0.493,0.0,0.0,0.0,0.0,0.0,0.004574999999999999,False,False,True,NORMAL,1.0,False
0.494,0.0,0.0,0.0,0.0,0.0,0.004574999999999999,False,False,True,NORMAL,1.0,False
0.495,0.0,0.0,0.0,0.0,0.0,0.004574999999999999,False,False,True,NORMAL,1.0,False
0.496,0.0,0.0,0.0,0.0,0.0,0.004574999999999999,False,False,True,NORMAL,1.0,False
0.497,0.0,0.0,0.0,0.0,0.0,0.000735,False,True,True,NORMAL,1.0,False
0.498,0.0,0.0,0.0,0.0,0.0,0.000735,False,False,True,NORMAL,1.0,False
0.499,0.0,0.0,0.0,0.0,0.0,0.000735,False,False,True,NORMAL,1.0,False
0.5,0.0,0.0,18.75,0.0,1.5,0.000735,False,False,True,NORMAL,1.0,False
0.501,9.3701384765625e-06,0.01873524193095703,18.71978885594634,0.0,1.5,0.000735,False,False,True,NORMAL,1.0,False
0.502,3.7459718837130325e-05,0.037438189875226305,18.685414278448807,0.0,1.5,0.0012850000000000003,False,True,True,NORMAL,1.0,False
0.503,8.423436766836438e-05,0.05610468730757952,18.646890236313247,0.0,1.5,0.0012850000000000003,False,False,True,NORMAL,1.0,False
0.504,0.00014965556216828957,0.074730592127966,18.604231610320184,0.0,1.5,0.0012850000000000003,False,False,True,NORMAL,1.0,False
0.505,0.00023368064502668262,0.09331177757114761,18.557454188512274,0.0,1.5,0.0012850000000000003,False,False,True,NORMAL,1.0,False
0.506,0.0003362628402127055,0.11184413311152248,18.50657466128486,0.0,1.5,0.0012850000000000003,False,False,True,NORMAL,1.0,False
0.507,0.00045735126966487544,0.13032356536294146,18.451610616280988,0.0,1.5,0.000805,False,True,True,NORMAL,1.0,False
0.508,0.0005968909708782663,0.14874599897332239,18.392580533092406,0.0,1.5,0.000805,False,False,True,NORMAL,1.0,False
0.509,0.0007548229153836426,0.16710737751386898,18.329503777767876,0.0,1.5,0.000805,False,False,True,NORMAL,1.0,False
0.51,0.0009310840281130349,0.18540366436270236,18.26240059713051,0.0,1.5,0.000805,False,False,True,NORMAL,1.0,False
0.511,0.0011256072076460731,0.20363084358271505,18.19129211290556,0.0,1.5,0.000805,False,False,True,NORMAL,1.0,False
0.512,0.0013383213473312072,0.22178492079345855,18.11620031566029,0.0,1.5,-0.007445,False,True,True,NORMAL,1.0,False
0.513,0.0015691513572757534,0.23986192403687773,18.03714805855764,0.0,1.5,-0.007445,False,False,True,NORMAL,1.0,False
0.514,0.001818018187198522,0.2578579046367063,17.954159050925274,0.0,1.5,-0.007445,False,False,True,NORMAL,1.0,False
0.515,0.0020848388501385922,0.2757689380513399,17.867257851641803,0.0,1.5,-0.007445,False,False,True,NORMAL,1.0,False
0.516,0.002369526447013627,0.29359112472000437,17.776469862341926,0.0,1.5,-0.007445,False,False,True,NORMAL,1.0,False
0.517,0.002671990192020924,0.3113205909020399,17.649385538875066,-0.0025948625253730023,1.5,-0.046994999999999995,False,True,True,NORMAL,1.0,False
0.518,0.002992119229393444,0.3289210792576614,17.52160666408761,-0.00494279123298978,1.5,-0.046994999999999995,False,False,True,NORMAL,1.0,False
0.519,0.0033297842390440516,0.34639191028470867,17.3928696185065,-0.007067284982522251,1.5,-0.046994999999999995,False,False,True,NORMAL,1.0,False
0.52,0.003684855089667538,0.36373214114544694,17.2629393128381,-0.008989606421482747,1.5,-0.046994999999999995,False,False,True,NORMAL,1.0,False
0.521,0.004057200589672611,0.3809405942039001,17.131606541155975,-0.010728994788946932,1.5,-0.046994999999999995,False,False,True,NORMAL,1.0,False
0.522,0.004446688265327425,0.39801588291524626,16.918842736949266,-0.01869028631833561,1.5,-0.11344500000000002,False,True,True,NORMAL,1.0,False
0.523,0.004853144262873942,0.414876655314304,16.712053048006666,-0.02589396079001921,1.5,-0.11344500000000002,False,False,True,NORMAL,1.0,False
0.524,0.0052763570595498735,0.43152890493469975,16.510374866707366,-0.03241211499934896,1.5,-0.11344500000000002,False,False,True,NORMAL,1.0,False
0.525,0.005716120694821734,0.44797776270747214,16.31303138929791,-0.0383099848244791,1.5,-0.11344500000000002,False,False,True,NORMAL,1.0,False
0.526,0.006172233950694271,0.46422758279439585,16.11932351029017,-0.04364659812896206,1.5,-0.11344500000000002,False,False,True,NORMAL,1.0,False
0.527,0.006644499613799308,0.4802820203124321,15.81805005538657,-0.05732116008319508,1.5,-0.20547,False,True,True,NORMAL,1.0,False
0.528,0.0071326685539938465,0.4960336163193695,15.529918958189379,-0.06969441541463606,1.5,-0.20547,False,False,True,NORMAL,1.0,False
0.529,0.007636444508890372,0.5114955368806067,15.253429182410793,-0.08089019982143678,1.5,-0.20547,False,False,True,NORMAL,1.0,False
0.53,0.008155543631544271,0.5266794467263014,14.98722645685092,-0.0910205644769736,1.5,-0.20547,False,False,True,NORMAL,1.0,False
0.531,0.008689693062519366,0.5415956560697526,14.730089358382859,-0.10018689747565228,1.5,-0.20547,False,False,True,NORMAL,1.0,False
0.532,0.009238629641811415,0.5562532535032134,14.341837566047438,-0.11960727074321398,1.5,-0.32122,False,True,True,NORMAL,1.0,False
0.533,0.009802029243853386,0.5705212566115537,13.974017145866544,-0.13717955114792907,1.5,-0.32122,False,False,True,NORMAL,1.0,False
0.534,0.010379512499313072,0.5844201244920892,13.624484401187232,-0.15307960797833536,1.5,-0.32122,False,False,True,NORMAL,1.0,False
0.535,0.010970719425896149,0.5979681719323251,13.291303691932562,-0.1674665743473852,1.5,-0.32122,False,False,True,NORMAL,1.0,False
0.536,0.011575307388091085,0.611181777543881,12.972727673237106,-0.18048443985012647,1.5,-0.32122,False,False,True,NORMAL,1.0,False
0.537,0.012192949255164624,0.6240755721272028,12.50608189878863,-0.20515129284868214,1.5,-0.4552949999999999,False,True,True,NORMAL,1.0,False
0.538,0.012823251231590782,0.6365016384318837,12.06663120990715,-0.2274707844269678,1.5,-0.4552949999999999,False,False,True,NORMAL,1.0,False
0.539,0.013465759197115758,0.6484872027304649,11.651644682071517,-0.24766629555853917,1.5,-0.4552949999999999,False,False,True,NORMAL,1.0,False
0.54,0.01412004489198351,0.6600567594591017,11.258655388780722,-0.26593994970674667,1.5,-0.4552949999999999,False,False,True,NORMAL,1.0,False
0.541,0.014785703317132328,0.6712323353149637,10.88543530386912,-0.2824746357442929,1.5,-0.4552949999999999,False,False,True,NORMAL,1.0,False
0.542,0.015462350385936584,0.6820337282460093,10.352786351954304,-0.31161073750727597,1.5,-0.6027600000000001,False,True,True,NORMAL,1.0,False
0.543,0.016149532256401474,0.6923016769449704,9.85322556941563,-0.33797417259812657,1.5,-0.6027600000000001,False,False,True,NORMAL,1.0,False
0.544,0.016846732039797117,0.7020693035189797,9.383521396563548,-0.36182879513629046,1.5,-0.6027600000000001,False,False,True,NORMAL,1.0,False
0.545,0.01755346435331719,0.7113664973347266,8.940753896977231,-0.38341335020194506,1.5,-0.6027600000000001,False,False,True,NORMAL,1.0,False
0.546,0.0182692722431905,0.7202202267599427,8.522285114179635,-0.402943863277007,1.5,-0.6027600000000001,False,False,True,NORMAL,1.0,False
0.547,0.01899372440470839,0.7286548212498423,7.93431367592384,-0.4359292880913608,1.5,-0.7620699999999999,False,True,True,NORMAL,1.0,False
0.548,0.019726317011268337,0.7365009586922301,7.38463055051128,-0.46577573471319994,1.5,-0.7620699999999999,False,False,True,NORMAL,1.0,False
0.549,0.020466480762110675,0.7437969634304208,6.869572428228804,-0.492781916412053,1.5,-0.7620699999999999,False,False,True,NORMAL,1.0,False
0.55,0.0212136828486774,0.7505774950721432,-12.364171385203793,-0.5172181201314532,0.0,-0.7620699999999999,False,False,True,NORMAL,1.0,False
0.551,0.021958053327753684,0.7381386593085428,-12.789381382851344,-0.539328911611516,0.0,-0.7620699999999999,False,False,True,NORMAL,1.0,False
0.552,0.022689772942597945,0.7252763468721781,-13.369516149143296,-0.5741122173400393,0.0,-0.9157950000000001,False,True,True,NORMAL,1.0,False
0.553,0.0234083408101966,0.7118358025516486,-13.904448559699103,-0.6055854538861917,0.0,-0.9157950000000001,False,False,True,NORMAL,1.0,False
0.554,0.0241132013097988,0.6978622581414049,-14.398058881664927,-0.6340636159798473,0.0,-0.9157950000000001,False,False,True,NORMAL,1.0,False
0.555,0.024803842111625084,0.6833970631369604,-14.853856602809588,-0.6598317226390802,0.0,-0.9157950000000001,False,False,True,NORMAL,1.0,False
0.556,0.02547979048000755,0.6684780556589606,-15.275015813193837,-0.6831476697362957,0.0,-0.9157950000000001,False,False,True,NORMAL,1.0,False
0.557,0.02614060992975849,0.6531398979817261,-15.855819784646993,-0.7195578162782995,0.0,-1.0750999999999995,False,False,True,NORMAL,1.0,False
0.558,0.026785801545403273,0.6372231181300481,-16.388928515731774,-0.7525030792656772,0.0,-1.0750999999999995,False,False,True,NORMAL,1.0,False
0.559,0.027414810561711345,0.6207754388647522,-16.878410359228326,-0.7823131859636916,0.0,-1.0750999999999995,False,False,True,NORMAL,1.0,False
0.56,0.028027127901302518,0.603840512430046,-17.327945620684382,-0.8092864859396995,0.0,-1.0750999999999995,False,False,True,NORMAL,1.0,False
0.561,0.02862228629820591,0.5864583087530159,-17.740863593299604,-0.8336929370459,0.0,-1.0750999999999995,False,False,True,NORMAL,1.0,False
0.562,0.029199856791096056,0.5686654665937402,-17.353396355028643,-0.7944344301713138,0.0,-0.43693999999999994,False,True,True,NORMAL,1.0,False
0.5630000000000001,0.029759828741964443,0.5512617873551676,-17.009252450161828,-0.7589118641749663,0.0,-0.43693999999999994,False,False,True,NORMAL,1.0,False
0.5640000000000001,0.03030256964870986,0.5342039380454351,-16.70400554398811,-0.7267697172768192,0.0,-0.43693999999999994,False,False,True,NORMAL,1.0,False
0.5650000000000001,0.030828405889883306,0.5174530133958691,-16.43364959615964,-0.6976863000673672,0.0,-0.43693999999999994,False,False,True,NORMAL,1.0,False
0.5660000000000001,0.031337626942206986,0.5009741153995748,-16.194558934244736,-0.6713705359319041,0.0,-0.43693999999999994,False,False,True,NORMAL,1.0,False
0.5670000000000001,0.031830489197600544,0.484735972792323,-17.860600141239775,-0.7977308890072934,0.0,-1.9992150000000004,False,True,True,NORMAL,1.0,False
0.5680000000000001,0.0323062813304586,0.46683492615787603,-19.369996496416757,-0.9120664646261408,0.0,-1.9992150000000004,False,False,True,NORMAL,1.0,False
0.5690000000000001,0.032763418780900305,0.4474276840330487,-20.736930397486567,-1.015521571658754,0.0,-1.9992150000000004,False,False,True,NORMAL,1.0,False
0.5700000000000001,0.033200466604185644,0.4266567660992996,-21.97423542995044,-1.1091316235887776,0.0,-1.9992150000000004,False,False,True,NORMAL,1.0,False
0.5710000000000001,0.03361612595644833,0.40465185252871294,-23.093524884985843,-1.1938335012793522,0.0,-1.9992150000000004,False,False,True,NORMAL,1.0,False
0.5720000000000001,0.03400922186549849,0.38153100476152846,-23.359218985604464,-1.210787804698001,0.0,-1.3782749999999993,False,True,True,NORMAL,1.0,False
0.5730000000000001,0.034379065015327316,0.35814727176730227,-23.59911919644872,-1.2261286928279294,0.0,-1.3782749999999993,False,False,True,NORMAL,1.0,False
0.5740000000000001,0.034725405420819276,0.3345264566927669,-23.81512718514589,-1.2400097024337924,0.0,-1.3782749999999993,False,False,True,NORMAL,1.0,False
0.5750000000000001,0.035048017948697566,0.31069245961247577,-24.00896471944184,-1.2525697593252938,0.0,-1.3782749999999993,False,False,True,NORMAL,1.0,False
0.5760000000000001,0.03534670050442658,0.28666745750107053,-24.182190909414892,-1.2639345687733847,0.0,-1.3782749999999993,False,False,True,NORMAL,1.0,False
0.577,0.035621272390463234,0.2624720669566696,-24.377400857627297,-1.2775125175470454,0.0,-1.41255,False,True,True,NORMAL,1.0,False
0.578,0.03587155223858256,0.23808434068314266,-24.550705185426153,-1.289798353657629,0.0,-1.41255,False,False,True,NORMAL,1.0,False
0.579,0.0360973586673958,0.21352618868560383,-24.70363295672174,-1.3009150378823424,0.0,-1.41255,False,False,True,NORMAL,1.0,False
0.58,0.03629853144056251,0.18881799064518112,-24.83756943176125,-1.310973829733353,0.0,-1.41255,False,False,True,NORMAL,1.0,False
0.581,0.036474930008388466,0.16397873978156444,-24.953769873814533,-1.3200754009803828,0.0,-1.41255,False,False,True,NORMAL,1.0,False
0.582,0.03662643218638098,0.1390261729035586,-25.033798828505017,-1.3267449861771163,0.0,-1.3962599999999998,False,True,True,NORMAL,1.0,False
0.583,0.03675294273913851,0.11399644576949758,-25.100155240284156,-1.3327798764258996,0.0,-1.3962599999999998,False,False,True,NORMAL,1.0,False
0.584,0.036854391342023854,0.08890322883670242,-25.153598781919655,-1.3382404709367388,0.0,-1.3962599999999998,False,False,True,NORMAL,1.0,False
0.585,0.03693072096070525,0.06375943195053367,-25.19481912877033,-1.343181421174868,0.0,-1.3962599999999998,False,False,True,NORMAL,1.0,False
0.586,0.03698188712555352,0.03857727437223005,-25.224442737695153,-1.3476521778309811,0.0,-1.3962599999999998,False,False,True,NORMAL,1.0,False
0.587,0.03700785727267665,0.013368348025299546,-25.169035654094696,-1.3457772196563602,0.0,-1.33467,False,True,True,NORMAL,1.0,False
0.588,0.03700864712760887,-0.011782380315212056,-25.110280625023062,-1.344080687342711,0.0,-1.33467,False,False,True,NORMAL,1.0,False
0.589,0.03698431655927966,-0.03687157188287202,-25.047983885818788,-1.3425456014244137,0.0,-1.33467,False,False,True,NORMAL,1.0,False
0.59,0.03693492887209189,-0.061895694674514154,-24.981972932279383,-1.3411565982456384,0.0,-1.33467,False,False,True,NORMAL,1.0,False
0.591,0.03686055098852655,-0.08685104471569167,-24.91209460779133,-1.3398997761957117,0.0,-1.33467,False,False,True,NORMAL,1.0,False
0.592,0.03676125361143883,-0.11173376541237441,-24.720389599101136,-1.329336654771677,0.0,-1.2366099999999993,False,True,True,NORMAL,1.0,False
0.593,0.03663717024920537,-0.13642213413634396,-24.535964445566105,-1.319778747255953,0.0,-1.2366099999999993,False,False,True,NORMAL,1.0,False
0.594,0.03648849160847337,-0.16092344686606197,-24.357655377827395,-1.3111303948975987,0.0,-1.2366099999999993,False,False,True,NORMAL,1.0,False
0.595,0.03631540168176799,-0.18524383590625873,-24.184412650530913,-1.3033050420794003,0.0,-1.2366099999999993,False,False,True,NORMAL,1.0,False
0.596,0.03611807885414007,-0.20938838395303533,-24.01528979175398,-1.2962243700401612,0.0,-1.2366099999999993,False,False,True,NORMAL,1.0,False
0.597,0.03589669690112539,-0.23336122740402857,-23.69442820681893,-1.277417059613741,0.0,-1.1076050000000004,False,True,True,NORMAL,1.0,False
0.598,0.0356515033509033,-0.25701076627292896,-23.391065872135073,-1.2603995014072982,0.0,-1.1076050000000004,False,False,True,NORMAL,1.0,False
0.599,0.035382812750848626,-0.28035452238928443,-23.10311831008831,-1.2450013779785039,0.0,-1.1076050000000004,False,False,True,NORMAL,1.0,False
0.6,0.035090923168861796,-0.3034079327755314,-22.828703060488042,-1.2310685797325946,0.0,-1.1076050000000004,False,False,True,NORMAL,1.0,False
0.601,0.03477611817714149,-0.32618455173983,-22.56612054401897,-1.2184616625417501,0.0,-1.1076050000000004,False,False,True,NORMAL,1.0,False
0.602,0.03443866864343531,-0.34869623382468995,-22.128516028262624,-1.192228794738137,0.0,-0.9533700000000003,False,True,True,NORMAL,1.0,False
0.603,0.034078926960311014,-0.3707681245800602,-21.71776030878785,-1.168492314367037,0.0,-0.9533700000000003,False,False,True,NORMAL,1.0,False
0.604,0.03369731948517535,-0.39242710112048285,-21.330939466918597,-1.1470146587547896,0.0,-0.9533700000000003,False,False,True,NORMAL,1.0,False
0.605,0.03329424715553184,-0.4136971259132531,-20.965420824939013,-1.1275808723051381,0.0,-0.9533700000000003,False,False,True,NORMAL,1.0,False
0.606,0.03287008826297125,-0.4345995281257435,-20.61882625637208,-1.1099964551513732,0.0,-0.9533700000000003,False,False,True,NORMAL,1.0,False
0.607,0.03242520095916311,-0.45515325827237885,-20.08100209600699,-1.0774449414083087,0.0,-0.780255,False,True,True,NORMAL,1.0,False
0.608,0.03196002946831664,-0.47516727648286844,-19.578144637645345,-1.047991113759872,0.0,-0.780255,False,False,True,NORMAL,1.0,False
0.609,0.031475096007851595,-0.4946765826231359,-19.10663408282171,-1.0213401883991846,0.0,-0.780255,False,False,True,NORMAL,1.0,False
0.61,0.030970889605594475,-0.5137125556743289,-18.66319925159165,-0.997225433907551,0.0,-0.780255,False,False,True,NORMAL,1.0,False
0.611,0.030447869546308737,-0.5323033024840819,-18.244884465652973,-0.9754055017167702,0.0,-0.780255,False,False,True,NORMAL,1.0,False
0.612,0.029906468486036605,-0.5504739733877518,-17.629653008825272,-0.938112684763893,0.0,-0.5976850000000002,False,True,True,NORMAL,1.0,False
0.613,0.029347204892215872,-0.5680278539410067,-17.055688676849112,-0.9043687485609639,0.0,-0.5976850000000002,False,False,True,NORMAL,1.0,False
0.614,0.028770674909213353,-0.5850062481403993,-16.5188421380216,-0.8738359724527355,0.0,-0.5976850000000002,False,False,True,NORMAL,1.0,False
0.615,0.028177435452537637,-0.6014463092724157,-16.015363189831046,-0.8462087741534959,0.0,-0.5976850000000002,False,False,True,NORMAL,1.0,False
0.616,0.02756800815993245,-0.6173814391952267,-15.54186281940252,-0.8212106513768446,0.0,-0.5976850000000002,False,False,True,NORMAL,1.0,False
0.617,0.026942882962163184,-0.6328416496658494,-14.854795098498066,-0.77935271252081,0.0,-0.39753999999999967,False,False,True,NORMAL,1.0,False
0.618,0.026302641489180455,-0.6476135948327645,-14.215149982841563,-0.7414780832020085,0.0,-0.39753999999999967,False,False,True,NORMAL,1.0,False
0.619,0.025647948281480867,-0.6617447373647233,-13.61826752478755,-0.7072077014001151,0.0,-0.39753999999999967,False,False,True,NORMAL,1.0,False
0.62,0.02497942274743704,-0.6752778783138812,-13.059935520894806,-0.6761985776153834,0.0,-0.39753999999999967,False,False,True,NORMAL,1.0,False
0.621,0.02429764360098346,-0.6882516050317438,-12.536346929104278,-0.6481403621144493,0.0,-0.39753999999999967,False,False,True,NORMAL,1.0,False
0.622,0.023603152872683518,-0.700700696485443,-12.591678740683198,-0.6665616311246058,0.0,-0.8533,False,True,True,NORMAL,1.0,False
0.623,0.02289618586803645,-0.7132036764026873,-12.622209863362944,-0.6832298846127016,0.0,-0.8533,False,False,True,NORMAL,1.0,False
0.624,0.022176701094512873,-0.7257357575558175,-12.63005341070716,-0.6983119440620391,0.0,-0.8533,False,False,True,NORMAL,1.0,False
0.625,0.021444680789872987,-0.7382742669546296,-12.617126224700009,-0.7119587557928425,0.0,-0.8533,False,False,True,NORMAL,1.0,False
0.626,0.020700128906093296,-0.7507984494915518,-12.585167600680732,-0.7243069016837655,0.0,-0.8533,False,False,True,NORMAL,1.0,False
0.627,0.019943069280283145,-0.7632892903190962,-10.860318043712452,-0.6014449112901912,0.0,0.5810999999999996,False,True,True,NORMAL,1.0,False
0.628,0.019174381259433663,-0.7740552347227121,-9.281587745384886,-0.4902747851277105,0.0,0.5810999999999996,False,False,True,NORMAL,1.0,False
0.629,0.018395716653566083,-0.783242480901228,-7.835221215802022,-0.38968389520811964,0.0,0.5810999999999996,False,False,True,NORMAL,1.0,False
0.63,0.017608587954161592,-0.7909834659517131,-6.508775766950508,-0.2986654940953376,0.0,0.5810999999999996,False,False,True,NORMAL,1.0,False
0.631,0.016814381438686687,-0.7973981791853784,-5.29099654291002,-0.21630863903868658,0.0,0.5810999999999996,False,False,True,NORMAL,1.0,False
0.632,0.016014369024304358,-0.8025953504243807,-4.547445447016669,-0.17184843537478073,0.0,0.2683850000000003,False,True,True,NORMAL,1.0,False
0.633,0.015209531216262952,-0.8070489714357678,-3.856810810082753,-0.13161917948617924,0.0,0.2683850000000003,False,False,True,NORMAL,1.0,False
0.634,0.014400585092408174,-0.8108120006341355,-3.2141416880710003,-0.09521824345842916,0.0,0.2683850000000003,False,False,True,NORMAL,1.0,False
0.635,0.013588197248344657,-0.8139324434321832,-2.6149621468416187,-0.06228131448898764,0.0,0.2683850000000003,False,False,True,NORMAL,1.0,False
0.636,0.012772988512870412,-0.8164538274336567,-2.0552260332734122,-0.03247874872224438,0.0,0.2683850000000003,False,False,True,NORMAL,1.0,False
0.637,0.011955538210838841,-0.8184156323795796,-1.2944810264176543,0.013431329796137231,0.0,0.4654599999999996,False,True,True,NORMAL,1.0,False
0.638,0.011136506352657956,-0.8196170705101632,-0.5891322397760724,0.05497248670453781,0.0,0.4654599999999996,False,False,True,NORMAL,1.0,False
0.639,0.010316625592893126,-0.8201135799403303,0.06593560980656284,0.09256047986376166,0.0,0.4654599999999996,False,False,True,NORMAL,1.0,False
0.64,0.009496575706388233,-0.8199554812945188,0.6753474697932638,0.12657150254310706,0.0,0.4654599999999996,False,False,True,NORMAL,1.0,False
0.641,0.008676988460523598,-0.8191884682318513,1.2432846548430725,0.15734594848904843,0.0,0.4654599999999996,False,False,True,NORMAL,1.0,False
0.642,0.007858452020306491,-0.8178540512500209,1.9002543474702878,0.19532999801313736,0.0,0.57093,False,True,True,NORMAL,1.0,False
0.643,0.007041578261555732,-0.8158633317185104,2.510682230116026,0.229699387311064,0.0,0.57093,False,False,True,NORMAL,1.0,False
0.644,0.006227000203381313,-0.8132628886101311,3.0787954969403097,0.2607980967828727,0.0,0.57093,False,False,True,NORMAL,1.0,False
0.645,0.0054153064001675215,-0.8100950717933286,3.608415827222232,0.2889373727655945,0.0,0.57093,False,False,True,NORMAL,1.0,False
0.646,0.004607044967866468,-0.8063984077034125,4.102998026175186,0.3143988425912018,0.0,0.57093,False,False,True,NORMAL,1.0,False
0.647,0.003802727223945997,-0.8022079663577694,4.7488709827409235,0.3520938126873695,0.0,0.723405,False,False,True,NORMAL,1.0,False
0.648,0.003002922533304082,-0.7973726316004253,5.347921778683826,0.3862016321021286,0.0,0.723405,False,False,True,NORMAL,1.0,False
0.649,0.0022082523662377875,-0.791939261251307,5.904347901426158,0.417063663356216,0.0,0.723405,False,False,True,NORMAL,1.0,False
0.65,0.0014192934346361403,-0.7859505136779779,6.421944548117703,0.4449887840315095,0.0,0.723405,False,False,True,NORMAL,1.0,False
0.651,0.0006365816902342453,-0.7794452502414618,6.904142971580546,0.4702564781216847,0.0,0.723405,False,False,True,NORMAL,1.0,False
0.652,-0.00013938406040031094,-0.7724588993810537,6.333690826627287,0.41149128511725097,0.0,-0.165795,False,True,True,NORMAL,1.0,False
0.653,-0.0009086488002293023,-0.7660433372213181,5.832490230992749,0.3583183396087344,0.0,-0.165795,False,False,True,NORMAL,1.0,False
0.654,-0.0016717486887378205,-0.7601293025401941,5.393905769844318,0.3102054688854414,0.0,-0.165795,False,False,True,NORMAL,1.0,False
0.655,-0.0024291539427721957,-0.754654172095585,5.011930184840611,0.26667114316587914,0.0,-0.165795,False,False,True,NORMAL,1.0,False
0.656,-0.003181275160355754,-0.749561332216902,4.681124612978572,0.22727965628585395,0.0,-0.165795,False,False,True,NORMAL,1.0,False
0.657,-0.003928469045984756,-0.7447996101813815,6.79001759660989,0.3831130116792998,0.0,1.86618,False,True,True,NORMAL,1.0,False
0.658,-0.004669847488380446,-0.7379311904815417,8.70907325332523,0.5241168626173853,0.0,1.86618,False,False,True,NORMAL,1.0,False
0.659,-0.005403398738292238,-0.7291459979044911,10.455764000889115,0.6517024230333299,0.0,1.86618,False,False,True,NORMAL,1.0,False
0.66,-0.006127292232458539,-0.7186164772166032,12.04589811936263,0.7671466120987642,0.0,1.86618,False,False,True,NORMAL,1.0,False
0.661,-0.006839861945878631,-0.7064992579568641,13.493778250507823,0.8716048340599869,0.0,1.86618,False,False,True,NORMAL,1.0,False
0.662,-0.007539591329606905,-0.692936660668379,13.850613977828882,0.8891840750131809,0.0,1.0657699999999999,False,True,True,NORMAL,1.0,False
0.663,-0.008225580299110523,-0.6790190335178853,14.182914492680457,0.9050904300083009,0.0,1.0657699999999999,False,False,True,NORMAL,1.0,False
0.664,-0.008897486099080814,-0.6647709323264075,14.492629460688402,0.9194830951924488,0.0,1.0657699999999999,False,False,True,NORMAL,1.0,False
0.665,-0.00955498955478234,-0.650214962022823,14.781521557814376,0.9325061171963291,0.0,1.0657699999999999,False,False,True,NORMAL,1.0,False
0.666,-0.010197793214680215,-0.6353719637057089,15.051184353878433,0.9442898348013458,0.0,1.0657699999999999,False,False,True,NORMAL,1.0,False
0.667,-0.010825619671185158,-0.6202611838147085,15.404595287201673,0.9630751268370361,0.0,1.1502750000000002,False,True,True,NORMAL,1.0,False
0.668,-0.011438159300407017,-0.6047989702402765,15.731693822697762,0.9800727619796616,0.0,1.1502750000000002,False,False,True,NORMAL,1.0,False
0.669,-0.012035073831212785,-0.5890116541856177,16.034569821736703,0.9954528582748322,0.0,1.1502750000000002,False,False,True,NORMAL,1.0,False
0.67,-0.012616050278296785,-0.5729234756767662,16.31511333732816,1.0093693448956989,0.0,1.1502750000000002,False,False,True,NORMAL,1.0,False
0.671,-0.013180798950934266,-0.5565567834488127,16.575033723106625,1.0219615027178557,0.0,1.1502750000000002,False,False,True,NORMAL,1.0,False
0.672,-0.013729051652064188,-0.5399322157157116,16.875714001955625,1.0381423245334092,0.0,1.2000749999999998,False,True,True,NORMAL,1.0,False
0.673,-0.01426053014646985,-0.5230090736623328,17.152924613032894,1.0527833375666944,0.0,1.2000749999999998,False,False,True,NORMAL,1.0,False
0.674,-0.014774947599771954,-0.5058108420557356,17.408467897996832,1.0660310739971632,0.0,1.2000749999999998,False,False,True,NORMAL,1.0,False
0.675,-0.015272039760774396,-0.48835920209927175,17.643974269619765,1.0780181216237295,0.0,1.2000749999999998,False,False,True,NORMAL,1.0,False
0.676,-0.015751563243888034,-0.47067420342894367,17.860918670618545,1.0888644508480259,0.0,1.2000749999999998,False,False,True,NORMAL,1.0,False
0.677,-0.016213293975319214,-0.4527744196445454,18.076213532750568,1.0999248607069543,0.0,1.21304,False,True,True,NORMAL,1.0,False
0.678,-0.016657018002347028,-0.4346615231373917,18.27398050281075,1.1099327334061266,0.0,1.21304,False,False,True,NORMAL,1.0,False
0.679,-0.01708253097963883,-0.4163530519661515,18.45545193710894,1.1189882310992783,0.0,1.21304,False,False,True,NORMAL,1.0,False
0.68,-0.017489645483404592,-0.39786531083115956,18.621743003150026,1.1271819842509803,0.0,1.21304,False,False,True,NORMAL,1.0,False
0.681,-0.017878189836648805,-0.37921348830966295,18.773862929420353,1.1345959986967902,0.0,1.21304,False,False,True,NORMAL,1.0,False
0.682,-0.018248007046031283,-0.3604117628369544,18.90354535960187,1.1405700903991522,0.0,1.2054,False,True,True,NORMAL,1.0,False
0.683,-0.01859895842715049,-0.34148257110397345,19.021685404142666,1.1459756721102277,0.0,1.2054,False,False,True,NORMAL,1.0,False
0.684,-0.018930922286724446,-0.3224374607439016,19.128949264487094,1.1508668447086594,0.0,1.2054,False,False,True,NORMAL,1.0,False
0.685,-0.019243788145743478,-0.3032873124144062,19.2259403100863,1.1552925606937927,0.0,1.2054,False,False,True,NORMAL,1.0,False
0.686,-0.019537456103919437,-0.2840424026551745,19.3132051538489,1.1592971141187411,0.0,1.2054,False,False,True,NORMAL,1.0,False
0.687,-0.019811836263953907,-0.2647124606677112,19.347448741318942,1.1594173512742196,0.0,1.1689549999999995,False,True,True,NORMAL,1.0,False
0.6880000000000001,-0.020066870093686896,-0.2453504755366014,19.377148313778637,1.159526146351535,0.0,1.1689549999999995,False,False,True,NORMAL,1.0,False
0.6890000000000001,-0.020302527822005253,-0.22596099130325903,19.40231759951092,1.1596245882083878,0.0,1.1689549999999995,False,False,True,NORMAL,1.0,False
0.6900000000000001,-0.02051878421480632,-0.20654853778068114,19.42297003105206,1.1597136620839692,0.0,1.1689549999999995,False,False,True,NORMAL,1.0,False
0.6910000000000001,-0.020715618560917845,-0.18711763085056146,19.43911886572692,1.1597942594595647,0.0,1.1689549999999995,False,False,True,NORMAL,1.0,False
0.6920000000000001,-0.020893014658254765,-0.1676727726399304,19.38092531576055,1.1542790286954665,0.0,1.1108200000000004,False,True,True,NORMAL,1.0,False
0.6930000000000001,-0.02105099570797628,-0.1482882485874653,19.32501442631345,1.1492886415310073,0.0,1.1108200000000004,False,False,True,NORMAL,1.0,False
0.6940000000000001,-0.021189620901240467,-0.1289617710452492,19.27077176552346,1.1447731524941183,0.0,1.1108200000000004,False,False,True,NORMAL,1.0,False
0.6950000000000001,-0.021308947448699857,-0.10969166657083665,19.217642788973844,1.1406873690528099,0.0,1.1108200000000004,False,False,True,NORMAL,1.0,False
0.6960000000000001,-0.021409031164755694,-0.09047681601788343,19.165127227510887,1.1369903993131223,0.0,1.1108200000000004,False,False,True,NORMAL,1.0,False
0.6970000000000001,-0.021489926994709696,-0.07131660024127733,19.016223639045243,1.1259212131898917,0.0,1.030465,False,True,True,NORMAL,1.0,False
0.6980000000000001,-0.021551737740312066,-0.05230732525806757,18.876419471937172,1.1159053993983883,0.0,1.030465,False,False,True,NORMAL,1.0,False
0.6990000000000001,-0.021594609789346676,-0.033439881836990364,18.744480979205427,1.1068427163077552,0.0,1.030465,False,False,True,NORMAL,1.0,False
0.7000000000000001,-0.021618681037261202,-0.014706394546941677,18.61929359444854,1.0986424615395487,0.0,1.030465,False,False,True,NORMAL,1.0,False
0.7010000000000001,-0.02162408206136165,0.003899897468526377,18.499850669951677,1.0912225641878477,0.0,1.030465,False,False,True,NORMAL,1.0,False
0.7020000000000001,-0.021610937181413867,0.02238474845027433,18.271973379380483,1.0754471708990223,0.0,0.9361949999999994,False,True,True,NORMAL,1.0,False
0.7030000000000001,-0.021579422022967282,0.040639823035625425,18.05907278020245,1.0611730047670598,0.0,0.9361949999999994,False,False,True,NORMAL,1.0,False
0.704,-0.021529758869342386,0.05868011196430353,17.85939064190056,1.0482572051395984,0.0,0.9361949999999994,False,False,True,NORMAL,1.0,False
0.705,-0.02146215589234127,0.07651884744382986,17.671338134021248,1.0365705063528166,0.0,0.9361949999999994,False,False,True,NORMAL,1.0,False
0.706,-0.021376808826057803,0.09416767261398433,17.49347977690729,1.0259959439972208,0.0,0.9361949999999994,False,False,True,NORMAL,1.0,False
0.707,-0.021273902479250158,0.11163679495557742,17.193339943297087,1.0059333662319334,0.0,0.8270200000000008,False,True,True,NORMAL,1.0,False
0.708,-0.021153677657043523,0.12880404944558274,16.913621338261983,0.9877799951676451,0.0,0.8270200000000008,False,False,True,NORMAL,1.0,False
0.709,-0.02101642601065424,0.1456898751816102,16.652087861689612,0.9713541457651859,0.0,0.8270200000000008,False,False,True,NORMAL,1.0,False
0.71,-0.020862419870437496,0.16231247462297893,16.406718541449184,0.956491422602817,0.0,0.8270200000000008,False,False,True,NORMAL,1.0,False
0.711,-0.020691914374933566,0.17868802880086365,16.175687123053706,0.943043074551596,0.0,0.8270200000000008,False,False,True,NORMAL,1.0,False
0.712,-0.020505149394911833,0.1948308921099695,15.80586447588759,0.9187561760157906,0.0,0.7009499999999997,False,False,True,NORMAL,1.0,False
0.713,-0.02030242697214686,0.21060240872783575,15.461898473798179,0.8967804814525512,0.0,0.7009499999999997,False,False,True,NORMAL,1.0,False
0.714,-0.02008410551779122,0.22602845670268998,15.141081690504024,0.8768960507244028,0.0,0.7009499999999997,False,False,True,NORMAL,1.0,False
0.715,-0.019850518918930467,0.2411322058777147,14.84096687000816,0.85890387376523,0.0,0.7009499999999997,False,False,True,NORMAL,1.0,False
0.716,-0.01960197911666899,0.2559343781610677,14.559342219266998,0.8426238788206462,0.0,0.7009499999999997,False,False,True,NORMAL,1.0,False
0.717,-0.019338778436302842,0.27045348307875305,14.405520435168766,0.8367980409295006,0.0,0.79359,False,True,True,NORMAL,1.0,False
0.718,-0.019061136066290212,0.2848172547327238,14.255612292993467,0.8315266048141804,0.0,0.79359,False,False,True,NORMAL,1.0,False
0.719,-0.018769205378265777,0.2990296211504172,14.108986930512328,0.8267568121702525,0.0,0.79359,False,False,True,NORMAL,1.0,False
0.72,-0.01846313613125156,0.31309387955191775,13.965076376575649,0.822440925309754,0.0,0.79359,False,False,True,NORMAL,1.0,False
0.721,-0.018143075071011414,0.32701275926246365,13.823369619413436,0.8185357493863651,0.0,0.79359,False,False,True,NORMAL,1.0,False
0.722,-0.017809166469459653,0.34078847869084905,13.009338949766066,0.7610767369739134,0.0,0.23258999999999996,False,True,True,NORMAL,1.0,False
0.723,-0.017461889469147198,0.3537492592059139,12.26187214849593,0.7090856725397345,0.0,0.23258999999999996,False,False,True,NORMAL,1.0,False
0.724,-0.017102025713763194,0.36596170391689886,11.574540880173506,0.6620422120361709,0.0,0.23258999999999996,False,False,True,NORMAL,1.0,False
0.725,-0.016730293458885197,0.3774859851683745,10.94153115922973,0.6194755286986497,0.0,0.23258999999999996,False,False,True,NORMAL,1.0,False
0.726,-0.01634735369548713,0.3883764591296346,10.35758490345481,0.5809596008531728,0.0,0.23258999999999996,False,False,True,NORMAL,1.0,False
0.727,-0.015953815688089006,0.3986822219144858,9.900673611531053,0.5527270731666204,0.0,0.30144000000000004,False,True,True,NORMAL,1.0,False
0.728,-0.015550200641404638,0.40853027424383476,9.475765054326438,0.5271812257100916,0.0,0.30144000000000004,False,False,True,NORMAL,1.0,False
0.729,-0.015136950255662175,0.41795264512886776,9.079714678030507,0.5040663870559856,0.0,0.30144000000000004,False,False,True,NORMAL,1.0,False
0.73,-0.014714475774740797,0.42697821790063445,8.709679924089308,0.48315121612988654,0.0,0.30144000000000004,False,False,True,NORMAL,1.0,False
0.731,-0.014283160980813605,0.43563303232131,8.363091508092774,0.4642263868713343,0.0,0.30144000000000004,False,False,True,NORMAL,1.0,False
0.732,-0.013843364901243691,0.4439405579629816,7.844418552655487,0.4316457829456103,0.0,0.14063999999999965,False,True,True,NORMAL,1.0,False
0.733,-0.01339552080944304,0.45172888478316325,7.363469272592512,0.40216563341140593,0.0,0.14063999999999965,False,False,True,NORMAL,1.0,False
0.734,-0.01294012903271384,0.4590357651446153,6.916611522438222,0.3754908910235625,0.0,0.14063999999999965,False,False,True,NORMAL,1.0,False
0.735,-0.012477653962541689,0.46589531787854477,6.50056148968621,0.3513545859945718,0.0,0.14063999999999965,False,False,True,NORMAL,1.0,False
0.736,-0.012008527513914777,0.47233837675195334,6.112350551393039,0.32951515407121157,0.0,0.14063999999999965,False,False,True,NORMAL,1.0,False
0.737,-0.011533152252751889,0.4783928057784934,5.604340563370391,0.29815764121351646,0.0,-0.0013599999999994727,False,False,True,NORMAL,1.0,False
0.738,-0.011051976662794954,0.4839389439000958,5.133088711320348,0.2697841902433302,0.0,-0.0013599999999994727,False,False,True,NORMAL,1.0,False
0.739,-0.01056549064635786,0.489013577473588,4.695100405803849,0.24411083012669701,0.0,-0.0013599999999994727,False,False,True,NORMAL,1.0,False
0.74,-0.010074149067165274,0.4936499968806202,4.2872162103719464,0.22088061324645525,0.0,-0.0013599999999994727,False,False,True,NORMAL,1.0,False
0.741,-0.009578375078707176,0.49787833180995095,3.9065799422957124,0.19986104378412192,0.0,-0.0013599999999994727,False,False,True,NORMAL,1.0,False
0.742,-0.009078563133265037,0.5017258546278703,4.157054989763172,0.22935736533762754,0.0,0.52472,False,True,True,NORMAL,1.0,False
0.743,-0.008574778636652729,0.5058232227232357,4.371174618832761,0.25604674077366,0.0,0.52472,False,False,True,NORMAL,1.0,False
0.744,-0.008066789921241409,0.5101340811998722,4.552280189631907,0.28019628633219196,0.0,0.52472,False,False,True,NORMAL,1.0,False
0.745,-0.007554400003121903,0.5146254179795631,4.703398108509531,0.3020476987821158,0.0,0.52472,False,False,True,NORMAL,1.0,False
0.746,-0.007037443396807281,0.5192672487202977,4.827269821247988,0.3218196744037437,0.0,0.52472,False,False,True,NORMAL,1.0,False
0.747,-0.006515783230016544,0.5240323317395535,3.340486112062986,0.21283867063348755,0.0,-0.8351549999999999,False,True,True,NORMAL,1.0,False
0.748,-0.005990101165189609,0.5273112654987918,1.9846631210074968,0.11422858056704178,0.0,-0.8351549999999999,False,False,True,NORMAL,1.0,False
0.749,-0.00546181784947339,0.529235074742444,0.7475874200056665,0.025002481279025573,0.0,-0.8351549999999999,False,False,True,NORMAL,1.0,False
0.75,-0.004932229013729279,0.5299225656673786,-0.3817902206890199,-0.05573263202216318,0.0,-0.8351549999999999,False,False,True,NORMAL,1.0,False
0.751,-0.004402517108825376,0.529481490578767,-1.4134656799630843,-0.12878478348645145,0.0,-0.8351549999999999,False,False,True,NORMAL,1.0,False
0.752,-0.003873761832711505,0.5280096016547723,-1.804791134750694,-0.15074985157028994,0.0,-0.3760050000000002,False,True,True,NORMAL,1.0,False
0.753,-0.003346673951610534,0.5261468607887241,-2.1690269903488963,-0.17062466706225443,0.0,-0.3760050000000002,False,False,True,NORMAL,1.0,False
0.754,-0.0028216307650372943,0.5239203802057109,-2.5086154456244834,-0.18860814379594468,0.0,-0.3760050000000002,False,False,True,NORMAL,1.0,False
0.755,-0.0022989836817640746,0.5213548288056583,-2.8257642454486542,-0.20488026645096669,0.0,-0.3760050000000002,False,False,True,NORMAL,1.0,False
0.756,-0.0017790605458879827,0.5184726667075181,-3.1224690259877472,-0.21960389190010127,0.0,-0.3760050000000002,False,False,True,NORMAL,1.0,False
0.757,-0.0012621677395297658,0.5152943574393818,-3.5412167525114424,-0.2441810366197254,0.0,-0.49308999999999986,False,True,True,NORMAL,1.0,False
0.758,-0.0007486623885876107,0.5116979874141832,-3.9293399035706393,-0.2664193567905262,0.0,-0.49308999999999986,False,False,True,NORMAL,1.0,False
0.759,-0.00023894723379982617,0.507714204110321,-4.289575941002153,-0.2865414209953306,0.0,-0.49308999999999986,False,False,True,NORMAL,1.0,False
0.76,0.0002666042624036826,0.5033709162529519,-4.624400053619752,-0.3047486176159596,0.0,-0.49308999999999986,False,False,True,NORMAL,1.0,False
0.761,0.0007676453083193451,0.49869355618852906,-4.936050158602679,-0.32122317039584264,0.0,-0.49308999999999986,False,False,True,NORMAL,1.0,False
0.762,0.001263853425258349,0.49370531724812894,-5.337602574996619,-0.3450142062753037,0.0,-0.585515,False,True,True,NORMAL,1.0,False
0.763,0.0017548728181525815,0.48831640283791894,-5.709086310252161,-0.3665412257528762,0.0,-0.585515,False,False,True,NORMAL,1.0,False
0.764,0.0022403178530962524,0.4825569030246839,-6.0531528524208404,-0.38601967847497265,0.0,-0.585515,False,False,True,NORMAL,1.0,False
0.765,0.002719831660065857,0.4764542550907584,-6.372199897943078,-0.4036445113433699,0.0,-0.585515,False,False,True,NORMAL,1.0,False
0.766,0.0031930836070651705,0.47003349742416256,-6.668395552842479,-0.4195921196093258,0.0,-0.585515,False,False,True,NORMAL,1.0,False
0.767,0.003659767016056539,0.4633174991980449,-7.027153730236674,-0.44069839222615076,0.0,-0.6549699999999998,False,True,True,NORMAL,1.0,False
0.768,0.004119555392507851,0.4562437803300244,-7.358717351873324,-0.4597961374451217,0.0,-0.6549699999999998,False,False,True,NORMAL,1.0,False
0.769,0.004572104619413538,0.4488395541938084,-7.665439019650807,-0.47707649191936397,0.0,-0.6549699999999998,False,False,True,NORMAL,1.0,False
0.77,0.005017096616430656,0.44112968035301475,-7.949446299783713,-0.4927124032445835,0.0,-0.6549699999999998,False,False,True,NORMAL,1.0,False
0.771,0.005454237098616525,0.4331368896843971,-8.212663192674494,-0.5068603608767344,0.0,-0.6549699999999998,False,False,True,NORMAL,1.0,False
0.772,0.005883253549551788,0.4248819880227841,-8.524434644092263,-0.5250703690727149,0.0,-0.711235,False,True,True,NORMAL,1.0,False
0.773,0.0063038596033789486,0.41631648849899244,-8.812186466898495,-0.5415474658711795,0.0,-0.711235,False,False,True,NORMAL,1.0,False
0.774,0.006715756677465346,0.40746442675999545,-9.077948887507581,-0.5564565595950308,0.0,-0.711235,False,False,True,NORMAL,1.0,False
0.775,0.007118669209337488,0.39834780712172907,-9.323558101100737,-0.5699468654653767,0.0,-0.711235,False,False,True,NORMAL,1.0,False
0.776,0.007512342722391464,0.38898679667600994,-9.55067479502229,-0.5821533989976156,0.0,-0.711235,False,False,True,NORMAL,1.0,False
0.777,0.007896542076446115,0.37939990086681114,-9.811043628779654,-0.5972177448223248,0.0,-0.7530499999999998,False,True,True,NORMAL,1.0,False
0.778,0.00827102477715722,0.3695539191258825,-10.050918061083639,-0.6108485286027554,0.0,-0.7530499999999998,False,False,True,NORMAL,1.0,False
0.779,0.008635541990192045,0.3594693588556478,-10.271978133632265,-0.6231821718044467,0.0,-0.7530499999999998,False,False,True,NORMAL,1.0,False
0.78,0.008989864548266288,0.3491650464333024,-10.47574351393539,-0.6343421136740418,0.0,-0.7530499999999998,False,False,True,NORMAL,1.0,False
0.781,0.009333781350327388,0.3386582876477882,-10.663588818554814,-0.6444400466607576,0.0,-0.7530499999999998,False,False,True,NORMAL,1.0,False
0.782,0.009667097913511133,0.3279650128075504,-10.860524092686772,-0.6554783634348352,0.0,-0.77283,False,True,True,NORMAL,1.0,False
0.783,0.00998962318612663,0.31707616006993944,-11.041607525535333,-0.6654662454841547,0.0,-0.77283,False,False,True,NORMAL,1.0,False
0.784,0.010301169519418483,0.3060075907904055,-11.208070214171123,-0.6745036548893085,0.0,-0.77283,False,False,True,NORMAL,1.0,False
0.785,0.010601564510162835,0.29477393441284383,-11.361025929920926,-0.6826810410812019,0.0,-0.77283,False,False,True,NORMAL,1.0,False
0.786,0.010890649827434441,0.28338870584151005,-11.501482346051983,-0.6900802460893575,0.0,-0.77283,False,False,True,NORMAL,1.0,False
0.787,0.01116828015113033,0.27186441158089075,-11.64002966407429,-0.6975496010158905,0.0,-0.7808849999999999,False,True,True,NORMAL,1.0,False
0.788,0.011434317374828284,0.2602029748632265,-11.766877782156312,-0.7043081528420088,0.0,-0.7808849999999999,False,False,True,NORMAL,1.0,False
0.789,0.01168863020777876,0.248416101100578,-11.882860241226286,-0.7104235434260159,0.0,-0.7808849999999999,False,False,True,NORMAL,1.0,False
0.79,0.011931098647651142,0.2365146615039792,-11.988731408631603,-0.7159569776523302,0.0,-0.7808849999999999,False,False,True,NORMAL,1.0,False
0.791,0.012161613185930252,0.2245087722885001,-12.08517407514881,-0.7209638359905404,0.0,-0.7808849999999999,False,False,True,NORMAL,1.0,False
0.792,0.012380074088718412,0.2124078662783726,-12.158886398193436,-0.7243806343051387,0.0,-0.7693000000000001,False,True,True,NORMAL,1.0,False
0.793,0.012586397702060952,0.20023466660993003,-12.225694998754477,-0.7274722812700694,0.0,-0.7693000000000001,False,False,True,NORMAL,1.0,False
0.794,0.012780515185080788,0.1879960797005757,-12.28598152528524,-0.730269719127296,0.0,-0.7693000000000001,False,False,True,NORMAL,1.0,False
0.795,0.012962364412334075,0.17569862984308487,-12.340091757229107,-0.732800945575145,0.0,-0.7693000000000001,False,False,True,NORMAL,1.0,False
0.796,0.013131889609625105,0.16334849508934915,-12.388339079533186,-0.735091293978681,0.0,-0.7693000000000001,False,False,True,NORMAL,1.0,False
0.797,0.013289041023967251,0.1509515396583069,-12.400356143156497,-0.7347115682621124,0.0,-0.74379,False,False,True,NORMAL,1.0,False
0.798,0.01343378994217384,0.1385439705565052,-12.410018420638503,-0.7343679782251705,0.0,-0.74379,False,False,True,NORMAL,1.0,False
0.799,0.013566126927754494,0.12612814191005894,-12.417284335400865,-0.7340570851032812,0.0,-0.74379,False,False,True,NORMAL,1.0,False
0.8,0.013686044919034213,0.11370644912423478,-12.42211699763887,-0.7337757773735857,0.0,-0.74379,False,False,True,NORMAL,1.0,False
0.801,0.013793539268088805,0.10128132419572483,-12.42448381678575,-0.7335212396137745,0.0,-0.74379,False,False,True,NORMAL,1.0,False
0.802,0.013888607775186444,0.08885523141267831,-12.051203480707658,-0.7034387107337352,0.0,-0.43323,False,True,True,NORMAL,1.0,False
0.803,0.013971437198688218,0.07680352236839257,-11.711515065431541,-0.6762189129739283,0.0,-0.43323,False,False,True,NORMAL,1.0,False
0.804,0.014042385121048122,0.06509258948583652,-11.40204330458313,-0.6515894214494837,0.0,-0.43323,False,False,True,NORMAL,1.0,False
0.805,0.014101777205160966,0.05369220157658309,-11.119734872663175,-0.6293037359309667,0.0,-0.43323,False,False,True,NORMAL,1.0,False
0.806,0.014149910409737463,0.04257518177368612,-10.861827787191839,-0.6091388137872303,0.0,-0.43323,False,False,True,NORMAL,1.0,False
0.807,0.014187055897915236,0.0317171160745432,-11.18325176326983,-0.6354870809701669,0.0,-0.8971549999999998,False,True,True,NORMAL,1.0,False
0.808,0.014213183098769809,0.020539100290124873,-11.470374585379606,-0.6593279790176969,0.0,-0.8971549999999998,False,False,True,NORMAL,1.0,False
0.809,0.014227989215892875,0.009075444551782691,-11.726162186037103,-0.6809001156506825,0.0,-0.8971549999999998,False,False,True,NORMAL,1.0,False
0.81,0.01423120427952408,-0.0026425084650592862,-11.95329960098523,-0.7004193920631921,0.0,-0.8971549999999998,False,False,True,NORMAL,1.0,False
0.811,0.014222588319581897,-0.014586102531558794,-12.154217764786308,-0.7180811637342176,0.0,-0.8971549999999998,False,False,True,NORMAL,1.0,False
0.812,0.014201928806302447,-0.026729113662208537,-11.958301519549192,-0.7042368966899563,0.0,-0.586875,False,True,True,NORMAL,1.0,False
0.8130000000000001,0.014169224644409714,-0.038674997372363296,-11.776439121971473,-0.6917100858430265,0.0,-0.586875,False,False,True,NORMAL,1.0,False
0.8140000000000001,0.014124665930654756,-0.050437818613275655,-11.60708508972823,-0.6803753586600658,0.0,-0.586875,False,False,True,NORMAL,1.0,False
0.8150000000000001,0.014068429469705063,-0.06203009648883131,-11.448842403221562,-0.6701192733816936,0.0,-0.586875,False,False,True,NORMAL,1.0,False
0.8160000000000001,0.014000680245741111,-0.07346295277523915,-11.300448421869575,-0.6608391836592548,0.0,-0.586875,False,False,True,NORMAL,1.0,False
0.8170000000000001,0.013921572752576985,-0.08474624635139583,-11.081057470114846,-0.6460658376249695,0.0,-0.52054,False,True,True,NORMAL,1.0,False
0.8180000000000001,0.013831292027393458,-0.0958090529454818,-10.877056643539744,-0.6326983613435551,0.0,-0.52054,False,False,True,NORMAL,1.0,False
0.8190000000000001,0.01373005085783522,-0.10666677536107774,-10.686798387714097,-0.6206029686194231,0.0,-0.52054,False,False,True,NORMAL,1.0,False
0.8200000000000001,0.013618047452670805,-0.11733316841220251,-10.508793482942483,-0.6096586046967886,0.0,-0.52054,False,False,True,NORMAL,1.0,False
0.8210000000000001,0.01349546701059406,-0.12782049731872575,-10.3416960151929,-0.599755734702986,0.0,-0.52054,False,False,True,NORMAL,1.0,False
0.8220000000000001,0.01336248313814678,-0.13813968106672836,-10.0912779653282,-0.5833543024676213,0.0,-0.4431299999999997,False,True,True,NORMAL,1.0,False
0.8230000000000001,0.013219305612872004,-0.14820748356199775,-9.85845344844923,-0.5685136728716822,0.0,-0.4431299999999997,False,False,True,NORMAL,1.0,False
0.8240000000000001,0.01306617701439438,-0.15804151275542816,-9.6413940079314,-0.5550853159060646,0.0,-0.4431299999999997,False,False,True,NORMAL,1.0,False
0.8250000000000001,0.012903323228801946,-0.16765754760059468,-9.43844685583992,-0.5429348360608299,0.0,-0.4431299999999997,False,False,True,NORMAL,1.0,False
0.8260000000000001,0.012730955189786081,-0.17706971378983033,-9.248118187639246,-0.5319406272497699,0.0,-0.4431299999999997,False,False,True,NORMAL,1.0,False
0.8270000000000001,0.0125492704523903,-0.18629064279838534,-8.962901340392524,-0.5135001162241827,0.0,-0.35478,False,True,True,NORMAL,1.0,False
0.8280000000000001,0.012358507666113374,-0.1952255426364426,-8.698006558927428,-0.49681445184052675,0.0,-0.35478,False,False,True,NORMAL,1.0,False
0.8290000000000001,0.01215894269363997,-0.2038947515359416,-8.451377958282643,-0.481716638361405,0.0,-0.35478,False,False,True,NORMAL,1.0,False
0.8300000000000001,0.011950832087594641,-0.21231655117517695,-8.221157040383128,-0.46805557179496793,0.0,-0.35478,False,False,True,NORMAL,1.0,False
0.8310000000000001,0.011734415048376114,-0.22050736414156408,-8.005663934614475,-0.45569452759537565,0.0,-0.35478,False,False,True,NORMAL,1.0,False
0.8320000000000001,0.011509915193911065,-0.2284819326275422,-7.6912219482414415,-0.4355371142842212,0.0,-0.2614350000000003,False,True,True,NORMAL,1.0,False
0.833,0.011277598209358489,-0.23614140994976432,-7.3994716380494205,-0.41729793246947255,0.0,-0.2614350000000003,False,False,True,NORMAL,1.0,False
0.834,0.011037767834116089,-0.24350850535323487,-7.128165483260354,-0.4007944382891269,0.0,-0.2614350000000003,False,False,True,NORMAL,1.0,False
0.835,0.010790706222365493,-0.2506036797777319,-6.875271620695782,-0.3858614592264115,0.0,-0.2614350000000003,False,False,True,NORMAL,1.0,False
0.836,0.01053667608352031,-0.25744536159846637,-6.6389533389908575,-0.37234954100771905,0.0,-0.2614350000000003,False,False,True,NORMAL,1.0,False
0.837,0.010275922617189204,-0.2640501418528373,-6.309110839138941,-0.35144827704405013,0.0,-0.17118499999999992,False,True,True,NORMAL,1.0,False
0.838,0.010008729453918057,-0.2703245965729365,-6.003177623840607,-0.3325360313254759,0.0,-0.17118499999999992,False,False,True,NORMAL,1.0,False
0.839,0.00973541495841553,-0.276292653366743,-5.718823432346124,-0.31542352374021954,0.0,-0.17118499999999992,False,False,True,NORMAL,1.0,False
0.84,0.009456274733205438,-0.2819759087251674,-5.4539415338916655,-0.2999394865606554,0.0,-0.17118499999999992,False,False,True,NORMAL,1.0,False
0.841,0.009171583837949394,-0.2873938516382127,-5.206627465310366,-0.28592895033832577,0.0,-0.17118499999999992,False,False,True,NORMAL,1.0,False
0.842,0.008881598795787364,-0.2925640659403377,-4.863451897101761,-0.2643150613568089,0.0,-0.07821499999999998,False,True,True,NORMAL,1.0,False
0.843,0.008586615231938653,-0.2973907934392321,-4.545377310240564,-0.24475800585705723,0.0,-0.07821499999999998,False,False,True,NORMAL,1.0,False
0.844,0.008286964076348107,-0.3018991539815627,-4.24999381438443,-0.227062050254276,0.0,-0.07821499999999998,False,False,True,NORMAL,1.0,False
0.845,0.007982952344375878,-0.30611185659595425,-3.975122586052847,-0.21105008747697646,0.0,-0.07821499999999998,False,False,True,NORMAL,1.0,False
0.846,0.0076748654320515745,-0.3100494306490554,-3.718793881486482,-0.19656186441987683,0.0,-0.07821499999999998,False,False,True,NORMAL,1.0,False
0.847,0.0073629691911688815,-0.3137304350057789,-3.409279039079526,-0.1778565298860157,0.0,0.014884999999999982,False,True,True,NORMAL,1.0,False
0.848,0.007047546761085172,-0.31710175424005754,-3.121685930920301,-0.1609312432828979,0.0,0.014884999999999982,False,False,True,NORMAL,1.0,False
0.849,0.006728896860130826,-0.3201853276531172,-2.8539314352174374,-0.1456166106534142,0.0,0.014884999999999982,False,False,True,NORMAL,1.0,False
0.85,0.006407297309178191,-0.3230010105971199,-2.6041323537541996,-0.1317593580067829,0.0,0.014884999999999982,False,False,True,NORMAL,1.0,False
0.851,0.006083007015602581,-0.32556677447570176,-2.3705863830586917,-0.11922079730093307,0.0,0.014884999999999982,False,False,True,NORMAL,1.0,False
0.852,0.005756267766759711,-0.3278988877081706,-2.0595300983230125,-0.10049745458914666,0.0,0.09675499999999998,False,False,True,NORMAL,1.0,False
0.853,0.005427351939597128,-0.32991992726069,-1.7707227144284619,-0.08355587351281145,0.0,0.09675499999999998,False,False,True,NORMAL,1.0,False
0.854,0.0050965594774521955,-0.3316521594996991,-1.5020788561053633,-0.06822649703425343,0.0,0.09675499999999998,False,False,True,NORMAL,1.0,False
0.855,0.00476416910027745,-0.33311576455409286,-1.2517131957474597,-0.05435590360129382,0.0,0.09675499999999998,False,False,True,NORMAL,1.0,False
0.856,0.004430440290827975,-0.33432903644000833,-1.0179214064361333,-0.041805271652788106,0.0,0.09675499999999998,False,False,True,NORMAL,1.0,False
0.857,0.004095615090250048,-0.3353085641311252,-1.1923093516595578,-0.06190070420399878,0.0,-0.270445,False,True,True,NORMAL,1.0,False
0.858,0.0037597232499424304,-0.33646223236751294,-1.3422919265351776,-0.08008380350795202,0.0,-0.270445,False,False,True,NORMAL,1.0,False
0.859,0.003422602832244992,-0.33776563540756566,-1.4701440858191814,-0.09653655213403253,0.0,-0.270445,False,False,True,NORMAL,1.0,False
0.86,0.0030841151674368115,-0.3391966434180456,-1.5779261315518378,-0.1114236147204499,0.0,-0.270445,False,False,True,NORMAL,1.0,False
0.861,0.0027441426851838252,-0.3407351877344131,-1.6675041474807848,-0.12489398599328351,0.0,-0.270445,False,False,True,NORMAL,1.0,False
0.862,0.002402586950506183,-0.34236306656364096,-0.6982258135438983,-0.05369506796203749,0.0,0.637055,False,True,True,NORMAL,1.0,False
0.863,0.002059887785873147,-0.34302224693361527,0.18516333353282827,0.010728377196309077,0.0,0.637055,False,False,True,NORMAL,1.0,False
0.864,0.0017169709311074274,-0.342798659350138,0.9906435417056436,0.06902112097436863,0.0,0.637055,False,False,True,NORMAL,1.0,False
0.865,0.001374680186801966,-0.3417702506901153,1.7254345433139777,0.12176657674473977,0.0,0.637055,False,False,True,NORMAL,1.0,False
0.866,0.0010337850175889392,-0.3400077450162674,2.3960679730310437,0.1694926387571323,0.0,0.637055,False,False,True,NORMAL,1.0,False
0.867,0.0006949874308127674,-0.3375753319453403,2.623507033433442,0.1818812965958643,0.0,0.3166799999999999,False,False,True,NORMAL,1.0,False
0.868,0.00035873582648575565,-0.33491593233518413,2.8352960596384,0.19309101776759352,0.0,0.3166799999999999,False,False,True,NORMAL,1.0,False
0.869,2.5249361678991527e-05,-0.3320452094246448,3.0328116193782444,0.20323399292952402,0.0,0.3166799999999999,False,False,True,NORMAL,1.0,False
0.87,-0.00030526778126118424,-0.3289774492071277,3.2172981294225584,0.21241173638624808,0.0,0.3166799999999999,False,False,True,NORMAL,1.0,False
0.871,-0.0006326250835605814,-0.3257256926324043,3.389880458737571,0.2207161020790267,0.0,0.3166799999999999,False,False,True,NORMAL,1.0,False
0.872,-0.0009566445047631035,-0.32230185520031507,3.1050801878388428,0.19251059131733375,0.0,-0.09492,False,True,True,NORMAL,1.0,False
0.873,-0.0012773825431713715,-0.3191629788556516,2.8535204128137615,0.16698918978533803,0.0,-0.09492,False,False,True,NORMAL,1.0,False
0.874,-0.001595107537561478,-0.3162758172245371,2.6320188057689884,0.14389647071846803,0.0,-0.09492,False,False,True,NORMAL,1.0,False
0.875,-0.0019100561719207394,-0.31361030749446506,2.4376945302060093,0.12300131442257162,0.0,-0.09492,False,False,True,NORMAL,1.0,False
0.876,-0.0022224365082222004,-0.31113926880224196,2.2679395569325442,0.10409459515033488,0.0,-0.09492,False,False,True,NORMAL,1.0,False
0.877,-0.002532430731932995,-0.3088381293173562,3.2066819938711624,0.17389023081681637,0.0,0.849155,False,False,True,NORMAL,1.0,False
0.878,-0.0028396547745991184,-0.30559924502084995,4.060370361609252,0.23704393358345405,0.0,0.849155,False,False,True,NORMAL,1.0,False
0.879,-0.0031432134315428676,-0.30150770847770453,4.836831671491564,0.2941877669342289,0.0,0.849155,False,False,True,NORMAL,1.0,False
0.88,-0.0034422926759854725,-0.29664078183422443,5.543147594348333,0.34589364556002117,0.0,0.849155,False,False,True,NORMAL,1.0,False
0.881,-0.003736152201398952,-0.2910686424523618,6.185725449906604,0.39267905927306374,0.0,0.849155,False,False,True,NORMAL,1.0,False
0.882,-0.004024118673988049,-0.28485505752666473,5.780383216787256,0.3558139143079959,0.0,0.025234999999999997,False,False,True,NORMAL,1.0,False
0.883,-0.004306074360592422,-0.27904719445623927,5.418149419346187,0.3224569517222826,0.0,0.025234999999999997,False,False,True,NORMAL,1.0,False
0.884,-0.0045824034248178516,-0.27360193311588865,5.094872718041645,0.2922743238227037,0.0,0.025234999999999997,False,False,True,NORMAL,1.0,False
0.885,-0.004853448986354722,-0.2684803063009494,4.806795890437593,0.26496395272450857,0.0,0.025234999999999997,False,False,True,NORMAL,1.0,False
0.886,-0.005119517076786517,-0.2636471054534326,4.550518338637288,0.2402525070544138,0.0,0.025234999999999997,False,False,True,NORMAL,1.0,False
0.887,-0.005380880219875797,-0.2590705238955547,4.322962164794753,0.21789266635834936,0.0,0.025234999999999997,False,True,True,NORMAL,1.0,False
0.888,-0.0056377806720505205,-0.2547218340011693,4.12134147515346,0.19766064583522705,0.0,0.025234999999999997,False,False,True,NORMAL,1.0,False
0.889,-0.005890433355413933,-0.2505750950753002,3.9431346053740164,0.1793539566234345,0.0,0.025234999999999997,False,False,True,NORMAL,1.0,False
0.89,-0.006139028512525063,-0.24660688901933067,3.7860589891502525,0.16278937922424938,0.0,0.025234999999999997,False,False,True,NORMAL,1.0,False
0.891,-0.006383734109413497,-0.24279608113751913,3.6480484185682394,0.1478011297795139,0.0,0.025234999999999997,False,False,True,NORMAL,1.0,False
0.892,-0.006624698010773563,-0.2391236036921521,5.0352950522251225,0.25488420754102736,0.0,1.2803349999999996,False,True,True,NORMAL,1.0,False
0.893,-0.006861296308724734,-0.23406538445028005,6.292102035364724,0.35177698313809913,0.0,1.2803349999999996,False,False,True,NORMAL,1.0,False
0.894,-0.00709220849942104,-0.22775191620887095,7.43048968712918,0.43944919203569116,0.0,1.2803349999999996,False,False,True,NORMAL,1.0,False
0.895,-0.007316238559878905,-0.22030166623408098,8.461334764925097,0.5187782871680976,0.0,1.2803349999999996,False,False,True,NORMAL,1.0,False
0.896,-0.007532303494381486,-0.2118222202750668,9.39447937643385,0.5905582207828333,0.0,1.2803349999999996,False,False,True,NORMAL,1.0,False
0.897,-0.007739422970426181,-0.2024113176228768,9.34234273375214,0.5837884471177548,0.0,0.5342250000000001,False,False,True,NORMAL,1.0,False
0.898,-0.007937157951398483,-0.19305356875430515,9.296227174620583,0.5776629025939574,0.0,0.5342250000000001,False,False,True,NORMAL,1.0,False
0.899,-0.008125558580108867,-0.1837429513482788,9.255368616334165,0.5721202807029802,0.0,0.5342250000000001,False,False,True,NORMAL,1.0,False
0.9,-0.008304669359115733,-0.17447420724218235,9.219075779439297,0.5671051090219987,0.0,0.5342250000000001,False,False,True,NORMAL,1.0,False
0.901,-0.00847452987847246,-0.1652427695999865,9.186723302395938,0.5625671940271725,0.0,0.5342250000000001,False,False,True,NORMAL,1.0,False
0.902,-0.008635175474086215,-0.15604469696848441,8.791513756540658,0.5291625783534826,0.0,0.229425,False,True,True,NORMAL,1.0,False
0.903,-0.008786820844169348,-0.14724255706115483,8.434608927490054,0.4989368321568175,0.0,0.229425,False,False,True,NORMAL,1.0,False
0.904,-0.008929842764177413,-0.1387980307913879,8.112254743252208,0.47158744601001684,0.0,0.229425,False,False,True,NORMAL,1.0,False
0.905,-0.009064581567978416,-0.13067655449840862,7.821054410343722,0.4468406980640773,0.0,0.229425,False,False,True,NORMAL,1.0,False
0.906,-0.009191344724591263,-0.12284696252771483,7.557934438673189,0.42444891454788664,0.0,0.229425,False,False,True,NORMAL,1.0,False
0.907,-0.00931041007449677,-0.1152811638000789,8.023259644047426,0.46043965052684266,0.0,0.8146249999999998,False,True,True,NORMAL,1.0,False
0.908,-0.009421677367333113,-0.10725125683413034,8.443321982191835,0.4930054151432552,0.0,0.8146249999999998,False,False,True,NORMAL,1.0,False
0.909,-0.009524705131957314,-0.09880252105593279,8.822164155213502,0.5224721375151367,0.0,0.8146249999999998,False,False,True,NORMAL,1.0,False
0.91,-0.00961909515465226,-0.08997619128014768,9.163444828018132,0.5491347305040923,0.0,0.8146249999999998,False,False,True,NORMAL,1.0,False
0.911,-0.009704488626585945,-0.08080984189974386,9.470475232610987,0.5732600423023627,0.0,0.8146249999999998,False,False,True,NORMAL,1.0,False
0.912,-0.009780562657153357,-0.07133773445701858,9.372817255180335,0.5652147244508242,0.0,0.50383,False,True,True,NORMAL,1.0,False
0.913,-0.009847213739016704,-0.06196427318492219,9.282757248790634,0.5579350198187595,0.0,0.50383,False,False,True,NORMAL,1.0,False
0.914,-0.009904536717633262,-0.05268185500081474,9.199394427411425,0.5513480706754176,0.0,0.50383,False,False,True,NORMAL,1.0,False
0.915,-0.009952619285822134,-0.04348377775398397,9.121914413688732,0.545387952619822,0.0,0.50383,False,False,True,NORMAL,1.0,False
0.916,-0.009991542841480471,-0.03436415378367857,9.049581054848717,0.5399950147872074,0.0,0.50383,False,False,True,NORMAL,1.0,False
0.917,-0.010021383262950892,-0.02531783166451578,8.948199827178124,0.532432947641392,0.0,0.47592499999999965,False,True,True,NORMAL,1.0,False
0.918,-0.0100422283657396,-0.01637382815965337,8.853943453657864,0.525590506330158,0.0,0.47592499999999965,False,False,True,NORMAL,1.0,False
0.919,-0.010054176904045652,-0.007525012518017423,8.765967439700278,0.5193992094010385,0.0,0.47592499999999965,False,False,True,NORMAL,1.0,False
0.92,-0.010057320923612665,0.0012349013797839804,8.683508509160673,0.5137970922733999,0.0,0.47592499999999965,False,False,True,NORMAL,1.0,False
0.921,-0.010051746565740677,0.009911436270948735,8.605876911336384,0.5087280870760924,0.0,0.47592499999999965,False,False,True,NORMAL,1.0,False
0.922,-0.010037534793896064,0.018509425063887044,8.472257925157649,0.49932613873014925,0.0,0.42583000000000004,False,True,True,NORMAL,1.0,False
0.923,-0.010014792130410375,0.02697293326960455,8.34810513024166,0.49081890406429857,0.0,0.42583000000000004,False,False,True,NORMAL,1.0,False
0.924,-0.009983648320188474,0.035311434749773815,8.23236921760055,0.48312123981462424,0.0,0.42583000000000004,False,False,True,NORMAL,1.0,False
0.925,-0.009944224159011117,0.04353335381773073,8.12410171967642,0.4761561051700412,0.0,0.42583000000000004,False,False,True,NORMAL,1.0,False
0.926,-0.009896632492649377,0.0516461661185455,8.02244544569284,0.46985379072196387,0.0,0.42583000000000004,False,False,True,NORMAL,1.0,False
0.927,-0.009840979119882623,0.05965648994063025,7.862198836460521,0.4589970615518302,0.0,0.37220999999999993,False,True,True,NORMAL,1.0,False
0.928,-0.009777395805323958,0.0675057925889891,7.713323951829541,0.4491734867612107,0.0,0.37220999999999993,False,False,True,NORMAL,1.0,False
0.929,-0.009706037881197251,0.07520545494306126,7.574609699752083,0.44028474871178347,0.0,0.37220999999999993,False,False,True,NORMAL,1.0,False
0.93,-0.009627049904505568,0.08276564646380002,7.444961332887323,0.4322418859255417,0.0,0.37220999999999993,False,False,True,NORMAL,1.0,False
0.931,-0.009540566810262056,0.09019544158301918,7.323389404039698,0.4249644027284212,0.0,0.37220999999999993,False,False,True,NORMAL,1.0,False
0.932,-0.009446714953855262,0.09750292504378365,7.1368408220828545,0.4126067476024876,0.0,0.31215500000000007,False,True,True,NORMAL,1.0,False
0.933,-0.009345649113838,0.10462318508884008,6.9636497585472785,0.40142507884535905,0.0,0.31215500000000007,False,False,True,NORMAL,1.0,False
0.934,-0.009237549831311878,0.11156958977465885,6.802437909356003,0.3913074865578255,0.0,0.31215500000000007,False,False,True,NORMAL,1.0,False
0.935,-0.009122584968617814,0.11835412843536589,6.651959306231372,0.3821527104756331,0.0,0.31215500000000007,False,False,True,NORMAL,1.0,False
0.936,-0.009000911021873118,0.12498754406940672,6.511087745351402,0.37386912652272475,0.0,0.31215500000000007,False,False,True,NORMAL,1.0,False
0.937,-0.00887267430740927,0.13147945314987597,6.303792785864104,0.3603728197137466,0.0,0.24972500000000003,False,True,True,NORMAL,1.0,False
0.9380000000000001,-0.008738049520952298,0.13776350047105715,6.111426595353802,0.3481608563076896,0.0,0.24972500000000003,False,False,True,NORMAL,1.0,False
0.9390000000000001,-0.008597237055955859,0.14385462642385938,5.932484083831822,0.33711101487020345,0.0,0.24972500000000003,False,False,True,NORMAL,1.0,False
0.9400000000000001,-0.008450423118197508,0.14976626581393254,5.765604613801061,0.3271127048742017,0.0,0.24972500000000003,False,False,True,NORMAL,1.0,False
0.9410000000000001,-0.008297781159118726,0.15551049236975129,5.60955827065579,0.3180658598726963,0.0,0.24972500000000003,False,False,True,NORMAL,1.0,False
0.9420000000000001,-0.008139473171523524,0.1610981495156565,5.390503753888471,0.304061561165533,0.0,0.18919499999999992,False,True,True,NORMAL,1.0,False
0.9430000000000001,-0.007975687206702638,0.16646629627649623,5.187204523117588,0.29138994768193904,0.0,0.18919499999999992,False,False,True,NORMAL,1.0,False
0.9440000000000001,-0.007806634893254634,0.17163070021944074,4.998099271341809,0.27992419765509424,0.0,0.18919499999999992,False,False,True,NORMAL,1.0,False
0.9450000000000001,-0.007632512873050651,0.17660556706062766,4.821776520907433,0.2695495580049582,0.0,0.18919499999999992,False,False,True,NORMAL,1.0,False
0.9460000000000001,-0.007453504288151063,0.1814036905521964,4.65696037714164,0.2601621958508757,0.0,0.18919499999999992,False,False,True,NORMAL,1.0,False
0.9470000000000001,-0.00726978012496021,0.18603658811731572,4.421543357609364,0.2451918169335433,0.0,0.12181999999999998,False,True,True,NORMAL,1.0,False
0.9480000000000001,-0.0070815408853432925,0.19043373302823546,4.203271823746942,0.2316460579269643,0.0,0.12181999999999998,False,False,True,NORMAL,1.0,False
0.9490000000000001,-0.00688901374481977,0.19461228378388506,4.000476520935046,0.21938934832211401,0.0,0.12181999999999998,False,False,True,NORMAL,1.0,False
0.9500000000000001,-0.006692409555247877,0.19858772901310986,3.8116482920316663,0.20829901884964472,0.0,0.12181999999999998,False,False,True,NORMAL,1.0,False
0.9510000000000001,-0.0064919244346248834,0.20237404763389907,3.635422848397344,0.1982640737646075,0.0,0.12181999999999998,False,False,True,NORMAL,1.0,False
0.9520000000000001,-0.006287741204344667,0.20598385377761722,3.3918355734032803,0.18288556664737246,0.0,0.05629500000000012,False,True,True,NORMAL,1.0,False
0.9530000000000001,-0.006080070033717584,0.2093498584805572,3.1661224445426948,0.1689705179741659,0.0,0.05629500000000012,False,False,True,NORMAL,1.0,False
0.9540000000000001,-0.0058691457826066514,0.21248994923360456,2.9565686429968014,0.15637966126085695,0.0,0.05629500000000012,False,False,True,NORMAL,1.0,False
0.9550000000000001,-0.0056551862810193185,0.2154202980472556,2.7616237534275356,0.14498698298152576,0.0,0.05629500000000012,False,False,True,NORMAL,1.0,False
0.9560000000000001,-0.005438393962364437,0.21815552591858814,2.579886119938383,0.13467846138274137,0.0,0.05629500000000012,False,False,True,NORMAL,1.0,False
0.9570000000000001,-0.005218957340066387,0.22070885164801346,2.366478514825609,0.12186211126261538,0.0,-0.0085650000000001,False,True,True,NORMAL,1.0,False
0.9580000000000001,-0.0049970741362226866,0.22304865064462717,2.16808618107411,0.11026539811127573,0.0,-0.0085650000000001,False,False,True,NORMAL,1.0,False
0.9590000000000001,-0.004772950365819395,0.22518995037061593,1.9832821333248638,0.0997722581257139,0.0,-0.0085650000000001,False,False,True,NORMAL,1.0,False
0.96,-0.004546777730066393,0.22714635073627049,1.8107763685866356,0.09027767243408824,0.0,-0.0085650000000001,False,False,True,NORMAL,1.0,False
0.961,-0.004318734975440096,0.2289301611350513,1.6494028281659012,0.08168661603155652,0.0,-0.0085650000000001,False,False,True,NORMAL,1.0,False
0.962,-0.0040889891222119015,0.23055252443543803,1.4408838883782342,0.06933520980269708,0.0,-0.06762499999999996,False,True,True,NORMAL,1.0,False
0.963,-0.0038577251719039713,0.2319663504994469,1.2470285789475062,0.05815919528146264,0.0,-0.06762499999999996,False,False,True,NORMAL,1.0,False
0.964,-0.0036251443259222964,0.2331863148640085,1.06646199051321,0.04804671915813648,0.0,-0.06762499999999996,False,False,True,NORMAL,1.0,False
0.965,-0.003391433797784254,0.23422571758873834,0.8979411827777966,0.03889657237275575,0.0,-0.06762499999999996,False,False,True,NORMAL,1.0,False
0.966,-0.00315676812259405,0.235096615275788,0.7403426194302518,0.03061717718082181,0.0,-0.06762499999999996,False,False,True,NORMAL,1.0,False
0.967,-0.002921310340782533,0.23580994051966592,0.5219517288203626,0.017469745033903316,0.0,-0.1264650000000001,False,True,True,NORMAL,1.0,False
0.968,-0.002685248399287446,0.23630496656027639,0.31939164595279335,0.005573456476282613,0.0,-0.1264650000000001,False,False,True,NORMAL,1.0,False
0.969,-0.0024487926778296656,0.2365975362909054,0.1311976662452462,-0.0051907505464056335,0.0,-0.1264650000000001,False,False,True,NORMAL,1.0,False
0.97,-0.0022121384458031906,0.23670202727172,-0.043954488552104716,-0.014930607836019408,0.0,-0.1264650000000001,False,False,True,NORMAL,1.0,False
0.971,-0.001975467257376572,0.23663149221033603,-0.20726204488067848,-0.023743595157992257,0.0,-0.1264650000000001,False,False,True,NORMAL,1.0,False
0.972,-0.001738948212802842,0.2363977860625932,-0.4175116101513431,-0.03633426231504742,0.0,-0.17448999999999992,False,True,True,NORMAL,1.0,False
0.973,-0.0015027679358850256,0.23595402211469269,-0.6123928610577503,-0.04772676907678737,0.0,-0.17448999999999992,False,False,True,NORMAL,1.0,False
0.974,-0.0012671287963766011,0.23531558020389245,-0.7933085846215703,-0.05803513548003736,0.0,-0.17448999999999992,False,False,True,NORMAL,1.0,False
0.975,-0.0010322184858001103,0.23449643675522389,-0.9615271348343449,-0.0673625311205227,0.0,-0.17448999999999992,False,False,True,NORMAL,1.0,False
0.976,-0.0007982113536251184,0.23350929926651193,-1.1181952406948579,-0.07580230770885933,0.0,-0.17448999999999992,False,False,True,NORMAL,1.0,False
0.977,-0.0005652696153668921,0.2323657279803176,-1.321206835214063,-0.08798751253609098,0.0,-0.22180999999999995,False,True,True,NORMAL,1.0,False
0.978,-0.000333572858687178,0.23101943347447995,-1.509139529634637,-0.09901314181020258,0.0,-0.22180999999999995,False,False,True,NORMAL,1.0,False
0.979,-0.0001033162636659762,0.22948550557507605,-1.683351395722912,-0.10898954373481141,0.0,-0.22180999999999995,False,False,True,NORMAL,1.0,False
0.98,0.00012531940019337338,0.22777767540862573,-1.8450704468259909,-0.11801656549356344,0.0,-0.22180999999999995,False,False,True,NORMAL,1.0,False
0.981,0.00035216648031105363,0.22590844551091668,-1.9954070332652003,-0.12618455255430705,0.0,-0.22180999999999995,False,False,True,NORMAL,1.0,False
0.982,0.0005770692712870984,0.22388920753556277,-2.1815405384163062,-0.13726929128586918,0.0,-0.2602399999999999,False,True,True,NORMAL,1.0,False
0.983,0.0007998598814891702,0.22168420960665752,-2.3537345084867876,-0.14729917765933906,0.0,-0.2602399999999999,False,False,True,NORMAL,1.0,False
0.984,0.0010203595240803839,0.21930740117467296,-2.5132244215388906,-0.15637459414870358,0.0,-0.2602399999999999,False,False,True,NORMAL,1.0,False
0.985,0.0012384027437327232,0.21677149561596054,-2.661127492920568,-0.16458637057254116,0.0,-0.2602399999999999,False,False,True,NORMAL,1.0,False
0.986,0.0014538362396999498,0.21408808854136754,-2.7984539511117266,-0.17201669314937493,0.0,-0.2602399999999999,False,False,True,NORMAL,1.0,False
0.987,0.0016665178015596934,0.21126776482457932,-2.965095449727134,-0.1818581837711467,0.0,-0.29268,False,True,True,NORMAL,1.0,False
0.988,0.0018762958678828357,0.20828124789408722,-3.1191276013019666,-0.1907631327349758,0.0,-0.29268,False,False,True,NORMAL,1.0,False
0.989,0.0020830105530897343,0.20514115585919354,-3.261647405273342,-0.1988206637631489,0.0,-0.29268,False,False,True,NORMAL,1.0,False
0.99,0.00228651404102176,0.2018590092744072,-3.393646914821828,-0.2061114193344257,0.0,-0.29268,False,False,True,NORMAL,1.0,False
0.991,0.002486669539873565,0.1984453361265084,-3.516023247924703,-0.21270836778107108,0.0,-0.29268,False,False,True,NORMAL,1.0,False
0.992,0.0026833503371055467,0.1949097668066346,-3.6651534592756327,-0.22152279865735466,0.0,-0.32227999999999996,False,False,True,NORMAL,1.0,False
0.993,0.0028764211711127773,0.19122558220064362,-3.802763455962684,-0.22949842553290753,0.0,-0.32227999999999996,False,False,True,NORMAL,1.0,False
0.994,0.003065739189300479,0.18740431016622247,-3.9298361723694537,-0.236715071162201,0.0,-0.32227999999999996,False,False,True,NORMAL,1.0,False
0.995,0.0032511725752870937,0.18345649510412784,-4.04726059909943,-0.2432449621602914,0.0,-0.32227999999999996,False,False,True,NORMAL,1.0,False
0.996,0.0034325996124317496,0.17939179193860483,-4.155840749093298,-0.24915345187105978,0.0,-0.32227999999999996,False,False,True,NORMAL,1.0,False
0.997,0.0036099078368578915,0.17521905112817826,-3.933327734796593,-0.22866159158490398,0.0,-0.05347999999999999,False,True,True,NORMAL,1.0,False
0.998,0.0037831546757064035,0.17126911738262957,-3.7346108485181992,-0.21011978963282515,0.0,-0.05347999999999999,False,False,True,NORMAL,1.0,False
0.999,0.0039525510357959134,0.16751818825100515,-3.5573821832902386,-0.19334247342877203,0.0,-0.05347999999999999,False,False,True,NORMAL,1.0,False
1.0,0.004118285175741438,0.16394477004915975,-3.39955294402961,-0.17816172995312374,0.0,-0.05347999999999999,False,False,True,NORMAL,1.0,False
1.0010000000000001,0.004280524905135516,0.16052945866073243,-3.259232606930988,-0.1644256252227519,0.0,-0.05347999999999999,False,False,True,NORMAL,1.0,False
1.002,0.004439419574953433,0.15725474118697297,-3.7988655821604813,-0.20512912528124,0.0,-0.60623,False,True,True,NORMAL,1.0,False
1.0030000000000001,0.004594769973482543,0.15344118369616275,-4.288474709317677,-0.24195917517918888,0.0,-0.60623,False,False,True,NORMAL,1.0,False
1.004,0.0047460622798585084,0.14913883125081948,-4.732627040281701,-0.27528438243498454,0.0,-0.60623,False,False,True,NORMAL,1.0,False
1.0050000000000001,0.004892830434061734,0.1443931598291446,-5.135455048955506,-0.3054382769238319,0.0,-0.60623,False,False,True,NORMAL,1.0,False
1.006,0.005034651785180641,0.1392455110747,-5.50069803023831,-0.3327226489568493,0.0,-0.60623,False,False,True,NORMAL,1.0,False
1.0070000000000001,0.005171143153719558,0.13373348563081305,-5.537931095207122,-0.33390589257392006,0.0,-0.36170499999999994,False,True,True,NORMAL,1.0,False
1.008,0.0053021040965593805,0.12818487620929195,-5.572457431956022,-0.33497653567329794,0.0,-0.36170499999999994,False,False,True,NORMAL,1.0,False
1.0090000000000001,0.0054274993837561646,0.12260239152146213,-5.604407118764542,-0.335945293610977,0.0,-0.36170499999999994,False,False,True,NORMAL,1.0,False
1.01,0.005547296428970342,0.11698860999818175,-5.633897887040705,-0.3368218620420084,0.0,-0.36170499999999994,False,False,True,NORMAL,1.0,False
1.0110000000000001,0.005661465165361367,0.11134599214164391,-5.6610363248922075,-0.3376150139578747,0.0,-0.36170499999999994,False,False,True,NORMAL,1.0,False
1.012,0.005769977933232237,0.10567689167316624,-5.686279430431841,-0.3383615246355871,0.0,-0.3620049999999999,False,True,True,NORMAL,1.0,False
1.0130000000000001,0.00587280919813847,0.0999832054109991,-5.709319320569462,-0.3390369954297447,0.0,-0.3620049999999999,False,False,True,NORMAL,1.0,False
1.014,0.005969935476244445,0.09426713760086773,-5.730238522044914,-0.33964818667908897,0.0,-0.3620049999999999,False,False,True,NORMAL,1.0,False
1.0150000000000001,0.006061335446635669,0.08853080977886503,-5.74911188254972,-0.3402012153910718,0.0,-0.3620049999999999,False,False,True,NORMAL,1.0,False
1.016,0.006146989872449772,0.08277626845375571,-5.766007329768358,-0.3407016164629221,0.0,-0.3620049999999999,False,False,True,NORMAL,1.0,False
1.0170000000000001,0.006226881529310206,0.07700549202997287,-5.773458861432498,-0.34055218234341944,0.0,-0.35574000000000006,False,True,True,NORMAL,1.0,False
1.018,0.006300998902236032,0.07122791881529472,-5.779778740733077,-0.3404169687605622,0.0,-0.35574000000000006,False,False,True,NORMAL,1.0,False
1.0190000000000001,0.006369335760223904,0.06544468033560709,-5.784950347195867,-0.34029462245136627,0.0,-0.35574000000000006,False,False,True,NORMAL,1.0,False
1.02,0.006431887012059874,0.05965692459695745,-5.788958951269497,-0.34018391893284716,0.0,-0.35574000000000006,False,False,True,NORMAL,1.0,False
1.0210000000000001,0.0064886487218539625,0.053865814194267364,-5.791791561795828,-0.34008375024698284,0.0,-0.35574000000000006,False,False,True,NORMAL,1.0,False
1.022,0.006539618122759744,0.048072524572667114,-5.771652727133608,-0.3382503890122932,0.0,-0.33760999999999997,False,True,True,NORMAL,1.0,False
1.0230000000000001,0.006584804515406526,0.04230000934162429,-5.7524247195585225,-0.33659149516636944,0.0,-0.33760999999999997,False,False,True,NORMAL,1.0,False
1.024,0.0066242282182287365,0.03654735605505405,-5.733903207459397,-0.335090465942028,0.0,-0.33760999999999997,False,False,True,NORMAL,1.0,False
1.025,0.006657908739361747,0.03081385654025087,-5.715903732845249,-0.33373227853427845,0.0,-0.33760999999999997,False,False,True,NORMAL,1.0,False
1.026,0.006685864970975939,0.025098987016941993,-5.698259845833016,-0.3325033397470413,0.0,-0.33760999999999997,False,False,True,NORMAL,1.0,False
1.027,0.006708115364662841,0.019402390082620246,-5.653846669487489,-0.3292333701851536,0.0,-0.31516,False,True,True,NORMAL,1.0,False
1.028,0.006724691570030368,0.013750811901990907,-5.612114063231305,-0.3262745793697189,0.0,-0.31516,False,False,True,NORMAL,1.0,False
1.029,0.006735637264554617,0.008141568952849877,-5.572697672051219,-0.3235973547277724,0.0,-0.31516,False,False,True,NORMAL,1.0,False
1.03,0.006740993624373115,0.0025723420829632552,-5.535268349799037,-0.3211749016952513,0.0,-0.31516,False,False,True,NORMAL,1.0,False
1.031,0.006740799671045821,-0.002958858712055289,-5.499528832267122,-0.3189829755479916,0.0,-0.31516,False,False,True,NORMAL,1.0,False
1.032,0.006735092584757935,-0.008453726182600815,-5.433171455892399,-0.31443649708766125,0.0,-0.28849499999999983,False,True,True,NORMAL,1.0,False
1.033,0.006723923998462725,-0.013881670654435217,-5.371093809378208,-0.31032267325645985,0.0,-0.28849499999999983,False,False,True,NORMAL,1.0,False
1.034,0.006707358693894956,-0.019246976013789604,-5.31278938614044,-0.30660033152278077,0.0,-0.28849499999999983,False,False,True,NORMAL,1.0,False
1.035,0.00668545742218571,-0.024553419557293517,-5.2578005086487325,-0.3032322174394311,0.0,-0.28849499999999983,False,False,True,NORMAL,1.0,False
1.036,0.0066582773860311304,-0.029804320839557242,-5.205713702955198,-0.3001846217886024,0.0,-0.28849499999999983,False,False,True,NORMAL,1.0,False
1.037,0.00662587267532696,-0.03500258589343105,-5.112238942878828,-0.2939137175816327,0.0,-0.251945,False,True,True,NORMAL,1.0,False
1.038,0.00658831660757454,-0.04010686525937246,-5.025205548943306,-0.2882395688102474,0.0,-0.251945,False,False,True,NORMAL,1.0,False
1.039,0.0065456999459257165,-0.045123605801449196,-4.943914412711053,-0.2831053866863953,0.0,-0.251945,False,False,True,NORMAL,1.0,False
1.04,0.006498107356282887,-0.05005855510066144,-4.867733654884189,-0.27845978658972254,0.0,-0.251945,False,False,True,NORMAL,1.0,False
1.041,0.006445618072958718,-0.05491682870979426,-4.79609224576379,-0.27425627379302153,0.0,-0.251945,False,False,True,NORMAL,1.0,False
1.042,0.006388306500271643,-0.059702971026188295,-4.688114243621934,-0.2672239790080077,0.0,-0.21835500000000008,False,False,True,NORMAL,1.0,False
1.043,0.0063262629256856055,-0.06438068216780843,-4.5875993294259,-0.2608608955518681,0.0,-0.21835500000000008,False,False,True,NORMAL,1.0,False
1.044,0.006259592046701801,-0.06895743154060772,-4.493763807530335,-0.25510333954666736,0.0,-0.21835500000000008,False,False,True,NORMAL,1.0,False
1.045,0.006188391483340094,-0.07343990463186595,-4.405899319762773,-0.2498936874367241,0.0,-0.21835500000000008,False,False,True,NORMAL,1.0,False
1.046,0.006112752524379105,-0.07783407837650971,-4.3233656913292515,-0.24517979927269745,0.0,-0.21835500000000008,False,False,True,NORMAL,1.0,False
1.047,0.006032760801807989,-0.08214528936649486,-4.269230917085933,-0.24280621365831023,0.0,-0.238035,False,True,True,NORMAL,1.0,False
1.048,0.005948485083207663,-0.0864019234318282,-4.2170375658177415,-0.2406585045795008,0.0,-0.238035,False,False,True,NORMAL,1.0,False
1.049,0.0058599789732487985,-0.09060592660411675,-4.166526092099035,-0.23871517704193848,0.0,-0.238035,False,False,True,NORMAL,1.0,False
1.05,0.005767294260348828,-0.09475898535501423,-4.117462500176621,-0.2369567815704524,0.0,-0.238035,False,False,True,NORMAL,1.0,False
1.051,0.0056704811634539515,-0.09886255215496892,-4.069635927946521,-0.23536571955214686,0.0,-0.238035,False,False,True,NORMAL,1.0,False
1.052,0.005569588554470751,-0.10291786861497582,-3.832200871068156,-0.2186736199387761,0.0,-0.07935999999999993,False,True,True,NORMAL,1.0,False
1.053,0.005464759437010864,-0.10673548091600746,-3.614092447241117,-0.20356998362301468,0.0,-0.07935999999999993,False,False,True,NORMAL,1.0,False
1.054,0.00535622184801721,-0.11033472720703061,-3.413443429194663,-0.18990364833610696,0.0,-0.07935999999999993,False,False,True,NORMAL,1.0,False
1.055,0.005244185420138149,-0.1137330777050167,-3.2285650629871543,-0.17753783680108765,0.0,-0.07935999999999993,False,False,True,NORMAL,1.0,False
1.056,0.0051288431603990665,-0.11694631323782849,-3.057930088980816,-0.1663487878198215,0.0,-0.07935999999999993,False,False,True,NORMAL,1.0,False
1.057,0.005010373058822872,-0.11998868680136994,-2.9158736229968674,-0.15748181719710208,0.0,-0.09244000000000002,False,False,True,NORMAL,1.0,False
1.058,0.004888931689129776,-0.12288877362160881,-2.7839095995347853,-0.14945865039303993,0.0,-0.09244000000000002,False,False,True,NORMAL,1.0,False
1.059,0.004764656289124848,-0.12565667419629345,-2.6610500144784077,-0.14219898885758053,0.0,-0.09244000000000002,False,False,True,NORMAL,1.0,False
1.06,0.004637674490239925,-0.12830150066099436,-2.5464017025377474,-0.13563017545802047,0.0,-0.09244000000000002,False,False,True,NORMAL,1.0,False
1.061,0.004508105258463913,-0.1308314716644161,-2.439157316932788,-0.12968646730200253,0.0,-0.09244000000000002,False,False,True,NORMAL,1.0,False
1.062,0.0043760597449091585,-0.13325399821982503,-2.470084553268397,-0.1348281686394859,0.0,-0.20187999999999998,False,True,True,NORMAL,1.0,False
1.063,0.004241576340010359,-0.1357071552759227,-2.4943010986135263,-0.1394805724020064,0.0,-0.20187999999999998,False,False,True,NORMAL,1.0,False
1.064,0.004104627768020577,-0.13818423397953908,-2.5123929144621493,-0.14369024141014622,0.0,-0.20187999999999998,False,False,True,NORMAL,1.0,False
1.065,0.003965193168965741,-0.14067911173214417,-2.5248911384972943,-0.14749930744625747,0.0,-0.20187999999999998,False,False,True,NORMAL,1.0,False
1.066,0.003823257539809669,-0.1431861973432693,-2.532277311986032,-0.15094589292350083,0.0,-0.20187999999999998,False,False,True,NORMAL,1.0,False
1.067,0.003678811227851278,-0.14570038141337585,-2.1875305382884034,-0.1262678867313544,0.0,0.12729500000000005,False,False,True,NORMAL,1.0,False
1.068,0.003532023110069802,-0.1478698073599068,-1.87212928030306,-0.10393830332617718,0.0,0.12729500000000005,False,False,True,NORMAL,1.0,False
1.069,0.0033832232665161202,-0.14972383636598288,-1.583310239567378,-0.08373366073201803,0.0,0.12729500000000005,False,False,True,NORMAL,1.0,False
1.07,0.003232713798091384,-0.151289065189826,-1.3185738079705684,-0.06545174409477969,0.0,0.12729500000000005,False,False,True,NORMAL,1.0,False
1.071,0.00308077145909148,-0.1525895899583976,-1.0756589664578902,-0.0489095818479923,0.0,0.12729500000000005,False,False,True,NORMAL,1.0,False
1.072,0.002927650038511887,-0.15364724484983727,-1.1496393004210557,-0.05771111272245095,0.0,-0.159985,False,False,True,NORMAL,1.0,False
1.073,0.002773434031702772,-0.1547787029210665,-1.2127929426722726,-0.06567506719365988,0.0,-0.159985,False,False,True,NORMAL,1.0,False
1.074,0.0026180550487896236,-0.1559731377034779,-1.266117069356755,-0.07288115119474452,0.0,-0.159985,False,False,True,NORMAL,1.0,False
1.075,0.0024614550276311755,-0.15722072033708107,-1.310514871166845,-0.07940148563643618,0.0,-0.159985,False,False,True,NORMAL,1.0,False
1.076,0.0023035852832165413,-0.15851252554685255,-1.3468045031207854,-0.0853013282173874,0.0,-0.159985,False,False,True,NORMAL,1.0,False
1.077,0.002144405646609909,-0.15984044657239257,-1.3757271824430646,-0.09063972654515391,0.0,-0.159985,False,True,True,NORMAL,1.0,False
1.078,0.001983883684915549,-0.16119711819865357,-1.3979545156142386,-0.09547010910449764,0.0,-0.159985,False,False,True,NORMAL,1.0,False
1.079,0.0018219939945475804,-0.16257584711660605,-1.4140951279435483,-0.09984081998762015,0.0,-0.159985,False,False,True,NORMAL,1.0,False
1.08,0.001658717560823399,-0.16397054891608948,-1.4247006620372107,-0.1037956027380864,0.0,-0.159985,False,False,True,NORMAL,1.0,False
1.081,0.0014940411775642081,-0.16537569107949437,-1.430271205219098,-0.10737403815091143,0.0,-0.159985,False,False,True,NORMAL,1.0,False
1.082,0.00132795692098743,-0.16678624140500345,-0.7398295463160403,-0.05529748809610989,0.0,0.4554649999999998,False,True,True,NORMAL,1.0,False
1.083,0.001160807208771819,-0.1675067349115561,-0.11212998216011089,-0.008176677004302857,0.0,0.4554649999999998,False,False,True,NORMAL,1.0,False
1.084,0.0009932507170893805,-0.16759994190091934,0.4586684520033687,0.03445999603976802,0.0,0.4554649999999998,False,False,True,NORMAL,1.0,False
1.085,0.0008258862731312804,-0.1671227892495144,0.9778504373023399,0.0730392531906085,0.0,0.4554649999999998,False,False,True,NORMAL,1.0,False
1.086,0.0006592584203165661,-0.1661269169112387,1.4501973385546345,0.10794720862072033,0.0,0.4554649999999998,False,False,True,NORMAL,1.0,False
1.087,0.0004938624534888504,-0.1646591814320876,1.5046175437299618,0.10949982588934574,0.0,0.14301999999999998,False,True,True,NORMAL,1.0,False
1.088,0.00032996136311329424,-0.16313723361635848,1.5567731948476315,0.11090469208988682,0.0,0.14301999999999998,False,False,True,NORMAL,1.0,False
1.089,0.0001676082278044029,-0.1615633423314105,1.606831507184505,0.1121758675954704,0.0,0.14301999999999998,False,False,True,NORMAL,1.0,False
1.09,6.853940958655852e-06,-0.15993960910582533,1.654943211415705,0.11332607475781319,0.0,0.14301999999999998,False,False,True,NORMAL,1.0,False
1.091,-0.00015225263015101545,-0.15826798461984987,1.701244134173677,0.11436682523679391,0.0,0.14301999999999998,False,False,True,NORMAL,1.0,False
1.092,-0.0003096645009807045,-0.15655028361466952,1.7914493577576864,0.11895595356920191,0.0,0.180965,False,True,True,NORMAL,1.0,False
1.093,-0.0004653136559715767,-0.15474264152732278,1.8756641423912592,0.12310836860053363,0.0,0.180965,False,False,True,NORMAL,1.0,False
1.094,-0.0006191131510792584,-0.15285105419482822,1.9543974039862944,0.12686562909609753,0.0,0.180965,False,False,True,NORMAL,1.0,False
1.095,-0.000770981783545631,-0.15088100826467682,2.028109150967183,0.13026533898179207,0.0,0.180965,False,False,True,NORMAL,1.0,False
1.096,-0.0009208436071694542,-0.14883753012107864,2.0972151530051857,0.13334152369683525,0.0,0.180965,False,False,True,NORMAL,1.0,False
1.097,-0.001068627494168245,-0.1467252301406486,2.1945750090235308,0.13872367820997625,0.0,0.208,False,True,True,NORMAL,1.0,False
1.098,-0.0012142505056837265,-0.14451588444637214,2.284900852987363,0.14359365300311733,0.0,0.208,False,False,True,NORMAL,1.0,False
1.099,-0.0013576191148221423,-0.14221653242583526,2.3687914547342763,0.1480001884208433,0.0,0.208,False,False,True,NORMAL,1.0,False
1.1,-0.0014986465345837737,-0.1398336143765558,2.4467882237299636,0.15198738655070249,0.0,0.208,False,False,True,NORMAL,1.0,False
1.101,-0.0016372521474606447,-0.13737302888856998,2.5193806841580257,0.15559515261172208,0.0,0.208,False,False,True,NORMAL,1.0,False
1.102,-0.0017733609896785337,-0.1348401847497861,2.607840259325164,0.16052590076182519,0.0,0.22533499999999998,False,True,True,NORMAL,1.0,False
1.103,-0.0019068928758520015,-0.13221923545930656,2.6897225775925357,0.16498742618695006,0.0,0.22533499999999998,False,False,True,NORMAL,1.0,False
1.104,-0.002037762991055147,-0.12951676300378148,2.7655765841571034,0.16902438133312184,0.0,0.22533499999999998,False,False,True,NORMAL,1.0,False
1.105,-0.0021658928277717205,-0.12673880011664768,2.8358987039774948,0.17267716940431088,0.0,0.22533499999999998,False,False,True,NORMAL,1.0,False
1.106,-0.0022912096629090005,-0.12389088281878734,2.9011378575236826,0.17598234873127813,0.0,0.22533499999999998,False,False,True,NORMAL,1.0,False
1.107,-0.002413646084843786,-0.12097809794147728,2.974069933355103,0.17996259338824286,0.0,0.23562999999999995,False,True,True,NORMAL,1.0,False
1.108,-0.0025331333839617373,-0.11799276591132686,3.041495006343409,0.18356406768680225,0.0,0.23562999999999995,False,False,True,NORMAL,1.0,False
1.109,-0.002649601767903071,-0.11494039755395612,3.1038561990120455,0.1868228163922336,0.0,0.23562999999999995,False,False,True,NORMAL,1.0,False
1.11,-0.0027629867334806775,-0.11182606030159566,3.161554282446598,0.18977145415688412,0.0,0.23562999999999995,False,False,True,NORMAL,1.0,False
1.111,-0.002873228644468089,-0.10865442056104574,3.2149517250790614,0.19243949193857382,0.0,0.23562999999999995,False,False,True,NORMAL,1.0,False
1.112,-0.002980272349730479,-0.1054297820312739,3.270750567013261,0.19536356922215936,0.0,0.240935,False,True,True,NORMAL,1.0,False
1.113,-0.003084063652388322,-0.10214975116238455,3.322256245550656,0.1980093837615765,0.0,0.240935,False,False,True,NORMAL,1.0,False
1.114,-0.0031845493076474956,-0.09881862396704505,3.369794227146563,0.2004034157580247,0.0,0.240935,False,False,True,NORMAL,1.0,False
1.115,-0.003281680203916665,-0.09544037076459033,3.413658920632965,0.20256962548838636,0.0,0.240935,False,False,True,NORMAL,1.0,False
1.116,-0.0033754110526469177,-0.09201866725082233,3.45411665156843,0.20452969310773117,0.0,0.240935,False,False,True,NORMAL,1.0,False
1.117,-0.0034657001077536293,-0.08855692259230714,3.498305237624854,0.20685498635934613,0.0,0.24667499999999992,False,True,True,NORMAL,1.0,False
1.118,-0.0035525054651328134,-0.08505141337276159,3.538878333480448,0.20895899870131385,0.0,0.24667499999999992,False,False,True,NORMAL,1.0,False
1.119,-0.003635785168671667,-0.08150575715760493,3.576095146141729,0.21086278779633572,0.0,0.24667499999999992,False,False,True,NORMAL,1.0,False
1.12,-0.003715500750150902,-0.07792331210250587,3.6101902295072157,0.2125854074055603,0.0,0.24667499999999992,False,False,True,NORMAL,1.0,False
1.121,-0.0037916169821648822,-0.0743072016162547,3.641375849474346,0.2141440980850292,0.0,0.24667499999999992,False,False,True,NORMAL,1.0,False
1.122,-0.003864101654521766,-0.07066033665761684,3.6635179750261244,0.21504836782178416,0.0,0.24141,False,True,True,NORMAL,1.0,False
1.123,-0.003932928533304426,-0.06699175706098416,3.6837288670299415,0.21586658491559757,0.0,0.24141,False,False,True,NORMAL,1.0,False
1.124,-0.003998076869804902,-0.06330339498146643,3.70210911765526,0.2166069383581566,0.0,0.24141,False,False,True,NORMAL,1.0,False
1.125,-0.0040595277971279126,-0.059597081843925044,3.7187498503141136,0.2172768378555557,0.0,0.24141,False,False,True,NORMAL,1.0,False
1.1260000000000001,-0.004117264234196305,-0.05587455781560385,3.7337336392566485,0.21788298798712594,0.0,0.24141,False,False,True,NORMAL,1.0,False
1.127,-0.004171270798769224,-0.05213748035882321,3.744083410310026,0.21818730080389723,0.0,0.23886999999999997,False,True,True,NORMAL,1.0,False
1.1280000000000001,-0.004221535253771188,-0.048390481480462315,3.7532143346604583,0.2184626544272998,0.0,0.23886999999999997,False,False,True,NORMAL,1.0,False
1.129,-0.00426804828725986,-0.04463478018345463,3.761160593520478,0.21871180468894624,0.0,0.23886999999999997,False,False,True,NORMAL,1.0,False
1.1300000000000001,-0.004310801789168394,-0.04087156117935832,3.767953308936893,0.21893724516839738,0.0,0.23886999999999997,False,False,True,NORMAL,1.0,False
1.131,-0.00434978881854414,-0.037101977948969855,3.7736208529676953,0.21914123214974474,0.0,0.23886999999999997,False,False,True,NORMAL,1.0,False
1.1320000000000001,-0.004385003573693331,-0.03332715549366,3.7614936213472103,0.21799016672205768,0.0,0.22497499999999998,False,True,True,NORMAL,1.0,False
1.133,-0.0044164497083614175,-0.029564875171972378,3.749906492795263,0.21694863965247885,0.0,0.22497499999999998,False,False,True,NORMAL,1.0,False
1.1340000000000001,-0.004444139494300372,-0.025814595895693623,3.738731117411456,0.21600622698802657,0.0,0.22497499999999998,False,False,True,NORMAL,1.0,False
1.135,-0.00446808472633591,-0.022075904886327796,3.7278516300800617,0.2151534967459992,0.0,0.22497499999999998,False,False,True,NORMAL,1.0,False
1.1360000000000001,-0.004488296844433237,-0.0183485051857111,3.7171634792200696,0.21438191451552197,0.0,0.22497499999999998,False,False,True,NORMAL,1.0,False
1.137,-0.004504787043859213,-0.014632204338358979,3.688765429218847,0.2122592030274389,0.0,0.21015499999999998,False,True,True,NORMAL,1.0,False
1.1380000000000001,-0.004517575273408777,-0.010944697056030397,3.6621026601676023,0.21033849424532652,0.0,0.21015499999999998,False,False,True,NORMAL,1.0,False
1.139,-0.0045266894583770485,-0.007284246186013537,3.636938560790368,0.20860056507012098,0.0,0.21015499999999998,False,False,True,NORMAL,1.0,False
1.1400000000000001,-0.004532155905215846,-0.0036493511959648545,3.613059376998745,0.20702802172249862,0.0,0.21015499999999998,False,False,True,NORMAL,1.0,False
1.141,-0.004533999526722512,-3.872530810635107e-05,3.5902720522258047,0.2056051256600864,0.0,0.21015499999999998,False,False,True,NORMAL,1.0,False
1.1420000000000001,-0.004532244045443077,0.003548725206039859,3.5489131686375353,0.2027585076977522,0.0,0.19393500000000008,False,True,True,NORMAL,1.0,False
1.143,-0.004526921916846652,0.0070944460111544965,3.510200527906002,0.20018278125057892,0.0,0.19393500000000008,False,False,True,NORMAL,1.0,False
1.1440000000000001,-0.004518073546642685,0.01060108595940227,3.473817013837398,0.19785216758255172,0.0,0.19393500000000008,False,False,True,NORMAL,1.0,False
1.145,-0.0045057368502636275,0.014070976738513952,3.4394760903107287,0.19574334112873468,0.0,0.19393500000000008,False,False,True,NORMAL,1.0,False
1.1460000000000001,-0.004489947554735372,0.0175061634634522,3.406918905184992,0.19383519604517693,0.0,0.19393500000000008,False,False,True,NORMAL,1.0,False
1.147,-0.00447073947140447,0.020908432370824293,3.352391372444632,0.190227011194789,0.0,0.17435999999999996,False,True,True,NORMAL,1.0,False
1.1480000000000001,-0.004448156496331838,0.024255834107144755,3.30147884215104,0.1869621905309675,0.0,0.17435999999999996,False,False,True,NORMAL,1.0,False
1.149,-0.00442225168806786,0.027551986998858607,3.253779382206541,0.18400805863116482,0.0,0.17435999999999996,False,False,True,NORMAL,1.0,False
1.1500000000000001,-0.004393074687833946,0.030800107349822105,3.2089297631180256,0.1813350495504097,0.0,0.17435999999999996,False,False,True,NORMAL,1.0,False
1.151,-0.004360672102188785,0.0340030481586487,3.16660178719691,0.17891641091539254,0.0,0.17435999999999996,False,False,True,NORMAL,1.0,False
1.1520000000000001,-0.004325087848813146,0.03716333416379077,3.097253294673378,0.17438828239488854,0.0,0.15002000000000004,False,True,True,NORMAL,1.0,False
1.153,-0.004286378084164146,0.04025397091259089,3.0326923910163055,0.17029106227586072,0.0,0.15002000000000004,False,False,True,NORMAL,1.0,False
1.154,-0.004244610062334158,0.04327975005709673,2.972414441467473,0.1665837442022346,0.0,0.15002000000000004,False,False,True,NORMAL,1.0,False
1.155,-0.004199846498129665,0.04624495847301293,2.9159633254778634,0.16322922408865667,0.0,0.15002000000000004,False,False,True,NORMAL,1.0,False
1.156,-0.0041521460475841526,0.049153426792482816,2.8629268301469244,0.16019392877033714,0.0,0.15002000000000004,False,False,True,NORMAL,1.0,False
1.157,-0.004101563742242128,0.05200857332847806,2.778369960817586,0.15468247830446596,0.0,0.12125500000000004,False,True,True,NORMAL,1.0,False
1.158,-0.004048168653902607,0.054778908512182506,2.6998634805509876,0.14969551169529402,0.0,0.12125500000000004,False,False,True,NORMAL,1.0,False
1.159,-0.003992042567112867,0.057470487506745105,2.626792817650519,0.14518311770481931,0.0,0.12125500000000004,False,False,True,NORMAL,1.0,False
1.16,-0.003933261518610525,0.06008875070649314,2.5586024003440935,0.1411001347773172,0.0,0.12125500000000004,False,False,True,NORMAL,1.0,False
1.161,-0.0038718963825846416,0.0626385827595437,2.49479005003362,0.13740569904731129,0.0,0.12125500000000004,False,False,True,NORMAL,1.0,False
1.162,-0.003808013399718362,0.06512436598144114,2.404106239082296,0.1315991818494261,0.0,0.09562499999999992,False,True,True,NORMAL,1.0,False
1.163,-0.0037416900452049632,0.06751925726374808,2.319916722029373,0.12634522782031027,0.0,0.09562499999999992,False,False,True,NORMAL,1.0,False
1.164,-0.003673013962113766,0.06982975600876429,2.2415741777390195,0.12159125362212549,0.0,0.09562499999999992,False,False,True,NORMAL,1.0,False
1.165,-0.0036020666178481564,0.07206171407635467,2.168493416441683,0.1172896798832304,0.0,0.09562499999999992,False,False,True,NORMAL,1.0,False
1.166,-0.0035289239206141745,0.07422039793922282,2.100145472827321,0.11339745500783728,0.0,0.09562499999999992,False,False,True,NORMAL,1.0,False
1.167,-0.0034536567766880796,0.07631054492893838,2.0040850831821966,0.10731825006566287,0.0,0.06902000000000001,False,True,True,NORMAL,1.0,False
1.168,-0.0033763475694115535,0.07830447211825407,1.9149409694661472,0.10181755796207433,0.0,0.06902000000000001,False,False,True,NORMAL,1.0,False
1.169,-0.0032970890586334024,0.08020910115843306,1.8320354604755218,0.09684032592165248,0.0,0.06902000000000001,False,False,True,NORMAL,1.0,False
1.17,-0.0032159674214705287,0.0820306757846459,1.7547559078192918,0.09233674013323133,0.0,0.06902000000000001,False,False,True,NORMAL,1.0,False
1.171,-0.003133062897704064,0.08377482686382987,1.6825485016443307,0.08826172719653289,0.0,0.06902000000000001,False,False,True,NORMAL,1.0,False
1.172,-0.003048450373220615,0.08544663125582713,1.5787220564538567,0.08167925354903673,0.0,0.03889999999999999,False,True,True,NORMAL,1.0,False
1.173,-0.0029622179933166677,0.08701450294365518,1.4825171077000994,0.07572318508954656,0.0,0.03889999999999999,False,False,True,NORMAL,1.0,False
1.174,-0.0028744658780282704,0.08848606911125957,1.3931996124271724,0.07033391148301606,0.0,0.03889999999999999,False,False,True,NORMAL,1.0,False
1.175,-0.0027852868873245906,0.08986822261977981,1.3101059040657839,0.06545749506779365,0.0,0.03889999999999999,False,False,True,NORMAL,1.0,False
1.176,-0.0026947673202332508,0.09116719241111126,1.23263599630301,0.06104513102937564,0.0,0.03889999999999999,False,False,True,NORMAL,1.0,False
1.177,-0.0026029875469110665,0.09238860721269129,1.1375382715395417,0.05523591874428709,0.0,0.01475,False,True,True,NORMAL,1.0,False
1.178,-0.002510033928778506,0.09351486180273327,1.0492294175138739,0.04997952609942479,0.0,0.01475,False,False,True,NORMAL,1.0,False
1.179,-0.0024159982298047953,0.09455275040844742,0.9670622929742125,0.04522334535046438,0.0,0.01475,False,False,True,NORMAL,1.0,False
1.18,-0.002320965743389473,0.0955084198612009,0.8904518504941138,0.0409197750418627,0.0,0.01475,False,False,True,NORMAL,1.0,False
1.181,-0.0022250159087031517,0.0963874317142636,0.8188692268304555,0.037025743595491344,0.0,0.01475,False,False,True,NORMAL,1.0,False
1.182,-0.0021282228678661504,0.09719481844857868,0.7518363955445889,0.03350227823580585,0.0,-0.010320000000000037,False,True,True,NORMAL,1.0,False
1.183,-0.0020306559695957697,0.09793513432904329,0.6889213283805944,0.030314114937208887,0.0,-0.010320000000000037,False,False,True,NORMAL,1.0,False
1.184,-0.0019323802244172437,0.09861250142025771,0.6297336169863608,0.0274293454898294,0.0,-0.010320000000000037,False,False,True,NORMAL,1.0,False
1.185,-0.0018334567160486772,0.09923065122226757,0.57392051117047,0.024819098151433527,0.0,-0.010320000000000037,False,False,True,NORMAL,1.0,False
1.186,-0.0017339429731316417,0.09979296234299963,0.521163334056672,0.022457248689324166,0.0,-0.010320000000000037,False,False,True,NORMAL,1.0,False
1.187,-0.0016338933050822437,0.10030249458443773,0.4516611027762056,0.01875910808074859,0.0,-0.036239999999999994,False,True,True,NORMAL,1.0,False
1.188,-0.0015333688569867162,0.10074252200694225,0.3865553608234869,0.01541289208095113,0.0,-0.036239999999999994,False,False,True,NORMAL,1.0,False
1.189,-0.0014324369339538028,0.10111744545461467,0.32543602490148094,0.012385110635503783,0.0,-0.036239999999999994,False,False,True,NORMAL,1.0,False
1.19,-0.001331160645348437,0.1014312555161965,0.2679325205544539,0.009645460690028019,0.0,-0.036239999999999994,False,False,True,NORMAL,1.0,False
1.191,-0.001229599295287547,0.10168757204894317,0.21371001970430045,0.007166522907041371,0.0,-0.036239999999999994,False,False,True,NORMAL,1.0,False
1.192,-0.0011278087354937231,0.10188967993855143,0.1343498187299434,0.002674189852134628,0.0,-0.059639999999999964,False,True,True,NORMAL,1.0,False
1.193,-0.0010258557349103698,0.10201246736601571,0.06041582442799986,-0.0013906411902247827,0.0,-0.059639999999999964,False,False,True,NORMAL,1.0,False
1.194,-0.0009238168993298064,0.10206136518598194,-0.00859140062158762,-0.00506865241534569,0.0,-0.059639999999999964,False,False,True,NORMAL,1.0,False
1.195,-0.0008217636534825027,0.10204130459812734,-0.07312331731101998,-0.008396654595791368,0.0,-0.059639999999999964,False,False,True,NORMAL,1.0,False
1.196,-0.0007197627166974924,0.10195676514210819,-0.13358798015577497,-0.011407955495963878,0.0,-0.059639999999999964,False,False,True,NORMAL,1.0,False
1.197,-0.0006178765328535294,0.10181181812055687,-0.21914926450974465,-0.016436300577676276,0.0,-0.08360499999999998,False,True,True,NORMAL,1.0,False
1.198,-0.000516178049055383,0.10158139345776711,-0.2985587211292736,-0.020986135358406738,0.0,-0.08360499999999998,False,False,True,NORMAL,1.0,False
1.199,-0.0004147496654212684,0.10127164775063613,-0.3723762483298325,-0.025102996113893095,0.0,-0.08360499999999998,False,False,True,NORMAL,1.0,False
1.2,-0.00031366790550727615,0.10088817744618198,-0.4411080595588976,-0.02882808577030094,0.0,-0.08360499999999998,False,False,True,NORMAL,1.0,False
1.201,-0.00021300394960773876,0.1004360725471405,-0.505211798620938,-0.032198686276957475,0.0,-0.08360499999999998,False,False,True,NORMAL,1.0,False
1.202,-0.0001128241169083003,0.09991996520032481,-0.5852811627000466,-0.036862931296314155,0.0,-0.10039999999999999,False,True,True,NORMAL,1.0,False
1.203,-1.320038613046454e-05,0.09932390954375522,-0.6595572113952275,-0.04108331471671594,0.0,-0.10039999999999999,False,False,True,NORMAL,1.0,False
1.204,8.579019256854586e-05,0.09865370332243521,-0.7285592927360014,-0.04490207555395406,0.0,-0.10039999999999999,False,False,True,NORMAL,1.0,False
1.205,0.0001840761070198203,0.09791462469020795,-0.7927569767399896,-0.04835743325001744,0.0,-0.10039999999999999,False,False,True,NORMAL,1.0,False
1.206,0.00028159088834717666,0.09711148200701174,-0.8525748002150586,-0.051483970186114114,0.0,-0.10039999999999999,False,False,True,NORMAL,1.0,False
1.207,0.0003782726636957957,0.09624865888946868,-0.928985080832071,-0.055960059453305115,0.0,-0.11753499999999999,False,True,True,NORMAL,1.0,False
1.208,0.00047405346294204976,0.09530958265087756,-0.9997538094973862,-0.06001019250872869,0.0,-0.11753499999999999,False,False,True,NORMAL,1.0,False
1.209,0.0005688598551365377,0.094299898976769,-1.0653796214371274,-0.06367490444530025,0.0,-0.11753499999999999,False,False,True,NORMAL,1.0,False
1.21,0.0006626238056154287,0.09322475467511156,-1.126313399924054,-0.06699087293183321,0.0,-0.11753499999999999,False,False,True,NORMAL,1.0,False
1.211,0.0007552822010051973,0.09208884544677425,-1.1829628295897845,-0.06999128529547631,0.0,-0.11753499999999999,False,False,True,NORMAL,1.0,False
1.212,0.000846776419720553,0.09089645910088943,-1.2544646923712897,-0.0742076247426265,0.0,-0.133155,False,True,True,NORMAL,1.0,False
1.213,0.0009370425643954454,0.08963276124502806,-1.3205677993758804,-0.07802272644154905,0.0,-0.133155,False,False,True,NORMAL,1.0,False
1.214,0.0010260120241711694,0.08830315440400717,-1.3817421021988578,-0.08147477321234672,0.0,-0.133155,False,False,True,NORMAL,1.0,False
1.215,0.0011136213556573694,0.08691257091347712,-1.4384125901353069,-0.08459831429937466,0.0,-0.133155,False,False,True,NORMAL,1.0,False
1.216,0.001199811835229992,0.08546551789970099,-1.4909635791724278,-0.08742461115169026,0.0,-0.133155,False,False,True,NORMAL,1.0,False
1.217,0.001284529054163945,0.08396611796865984,-1.5488803635211623,-0.09071297195050279,0.0,-0.14076,False,True,True,NORMAL,1.0,False
1.218,0.0013677179859978308,0.08240901543441789,-1.6024551180670261,-0.093688403845271,0.0,-0.14076,False,False,True,NORMAL,1.0,False
1.219,0.0014493231001805793,0.08079855539735592,-1.6520541051176003,-0.09638068595847489,0.0,-0.14076,False,False,True,NORMAL,1.0,False
1.22,0.001529293028062432,0.07913871649526076,-1.698008550487072,-0.0988167635544107,0.0,-0.14076,False,False,True,NORMAL,1.0,False
1.221,0.0016075802139552484,0.07743314595344726,-1.7406179885257582,-0.10102101771645251,0.0,-0.14076,False,False,True,NORMAL,1.0,False
1.222,0.001684140599569971,0.0756851912885425,-1.7926914396430382,-0.1040185614245585,0.0,-0.15119499999999997,False,True,True,NORMAL,1.0,False
1.223,0.001758927072819619,0.07388540070230555,-1.8407223316110106,-0.10673085113385104,0.0,-0.15119499999999997,False,False,True,NORMAL,1.0,False
1.224,0.0018318898199573932,0.07203781940051662,-1.8850448429833486,-0.10918503235137282,0.0,-0.15119499999999997,False,False,True,NORMAL,1.0,False
1.225,0.0019029829052880057,0.07014615821858351,-1.925961232863021,-0.11140566734762757,0.0,-0.15119499999999997,False,False,True,NORMAL,1.0,False
1.226,0.0019721639527612907,0.0682138255534658,-1.963744890001977,-0.113414980984039,0.0,-0.15119499999999997,False,False,True,NORMAL,1.0,False
1.227,0.002039393857972784,0.06624395624530878,-2.0079430713482953,-0.11597708151491648,0.0,-0.158935,False,True,True,NORMAL,1.0,False
1.228,0.0021046318800876044,0.06423014503944044,-2.0485794648791744,-0.11829536594402422,0.0,-0.158935,False,False,True,NORMAL,1.0,False
1.229,0.0021678358588256472,0.06217595586110367,-2.085939957541564,-0.12039303644113103,0.0,-0.158935,False,False,True,NORMAL,1.0,False
1.23,0.0022289670548291045,0.06008466657288149,-2.1202831771661628,-0.12229108719762337,0.0,-0.158935,False,False,True,NORMAL,1.0,False
1.231,0.0022879898772330196,0.05795929624452308,-2.1518430985370776,-0.1240085145434291,0.0,-0.158935,False,False,True,NORMAL,1.0,False
1.232,0.002344871637202286,0.05580262981568517,-2.1813120205532743,-0.12560095659673856,0.0,-0.159335,False,True,True,NORMAL,1.0,False
1.233,0.002399582084767108,0.05361676015888867,-2.2083543312187697,-0.127041857752627,0.0,-0.159335,False,False,True,NORMAL,1.0,False
1.234,0.0024520932304707387,0.0514041152591652,-2.2331476376717405,-0.12834563903416613,0.0,-0.159335,False,False,True,NORMAL,1.0,False
1.235,0.002502379423992927,0.049166945361195605,-2.255852652473172,-0.1295253491226376,0.0,-0.159335,False,False,True,NORMAL,1.0,False
1.236,0.0025504171848591407,0.046907339870574834,-2.276614813313183,-0.1305927949531211,0.0,-0.159335,False,False,True,NORMAL,1.0,False
1.237,0.002596185049240983,0.04462724263474508,-2.291546571329023,-0.13123712570381477,0.0,-0.15598999999999993,False,True,True,NORMAL,1.0,False
1.238,0.0026396654398510946,0.04233248177156374,-2.305175200081762,-0.1318201402766336,0.0,-0.15598999999999993,False,False,True,NORMAL,1.0,False
1.239,0.0026808443448385587,0.04002436103340738,-2.317572440106041,-0.13234767367738035,0.0,-0.15598999999999993,False,False,True,NORMAL,1.0,False
1.24,0.002719709020204296,0.037704112341988616,-2.3288032685294464,-0.13282500563763974,0.0,-0.15598999999999993,False,False,True,NORMAL,1.0,False
1.241,0.0027562479213530436,0.035372902554516444,-2.338926554337546,-0.1332569134561069,0.0,-0.15598999999999993,False,False,True,NORMAL,1.0,False
1.242,0.0027904506410837775,0.033031839574346536,-2.348103790545535,-0.1336563709552132,0.0,-0.15608000000000005,False,True,True,NORMAL,1.0,False
1.243,0.0028223077993526635,0.03068186981435555,-2.356264747667378,-0.13401781504731966,0.0,-0.15608000000000005,False,False,True,NORMAL,1.0,False
1.244,0.0028518109975898,0.028324009755212518,-2.363454278920344,-0.1343448631863856,0.0,-0.15608000000000005,False,False,True,NORMAL,1.0,False
1.245,0.0028789528312528727,0.025959230945378265,-2.3697130907013575,-0.1346407885801115,0.0,-0.15608000000000005,False,False,True,NORMAL,1.0,False
1.246,0.002903726846968964,0.023588464149714047,-2.3750781486588592,-0.1349085529493017,0.0,-0.15608000000000005,False,False,True,NORMAL,1.0,False
1.247,0.002926127503621887,0.021212603091871486,-2.3691295796317347,-0.13431455893432023,0.0,-0.14737999999999993,False,True,True,NORMAL,1.0,False
1.248,0.0029461553610205075,0.01884295306672048,-2.3633630223731394,-0.13377709092347556,0.0,-0.14737999999999993,False,False,True,NORMAL,1.0,False
1.249,0.0029638165390059993,0.016479331507374576,-2.3577123404907363,-0.13329076975626597,0.0,-0.14737999999999993,False,False,True,NORMAL,1.0,False
1.25,0.0029791170079105406,0.014121621951812038,-2.3521178617949867,-0.13285072816699178,0.0,-0.14737999999999993,False,False,True,NORMAL,1.0,False
1.2510000000000001,0.0029920626514292766,0.011769767576328043,-2.3465257738301357,-0.1324525620715245,0.0,-0.14737999999999993,False,False,True,NORMAL,1.0,False
1.252,0.0030026593233280535,0.00942376533370725,-2.331954069334629,-0.1313776058868205,0.0,-0.139945,False,True,True,NORMAL,1.0,False
1.2530000000000001,0.003010917363000381,0.007092587114627399,-2.318157103698916,-0.1304049453081511,0.0,-0.139945,False,False,True,NORMAL,1.0,False
1.254,0.0030168512067455535,0.0047754571231855,-2.3050152774715595,-0.12952484562152256,0.0,-0.139945,False,False,True,NORMAL,1.0,False
1.2550000000000001,0.003020474574864758,0.0024717191560254107,-2.29242058924685,-0.1287284984934593,0.0,-0.139945,False,False,True,NORMAL,1.0,False
1.256,0.0030218005854531263,0.00018082499997370844,-2.2802755419049414,-0.1280079338142422,0.0,-0.139945,False,False,True,NORMAL,1.0,False
1.2570000000000001,0.003020841857136446,-0.0020976760761208745,-2.253695092304406,-0.12617217508503092,0.0,-0.12762999999999997,False,True,True,NORMAL,1.0,False
1.258,0.0030176179964884076,-0.0043493614255602515,-2.2288289057759814,-0.12451111189635442,0.0,-0.12762999999999997,False,False,True,NORMAL,1.0,False
1.2590000000000001,0.0030121549615433948,-0.006575946977330053,-2.205472443000241,-0.12300811976951778,0.0,-0.12762999999999997,False,False,True,NORMAL,1.0,False
1.26,0.003004477096687754,-0.00877894408914686,-2.183440883797806,-0.12164815625414255,0.0,-0.12762999999999997,False,False,True,NORMAL,1.0,False
1.2610000000000001,0.002994607327368939,-0.010959679274079715,-2.1625672594752334,-0.12041761037826731,0.0,-0.12762999999999997,False,False,True,NORMAL,1.0,False
1.262,0.0029825673360121163,-0.013119312058769445,-2.1265339378250236,-0.11801082042483613,0.0,-0.11417500000000003,False,True,True,NORMAL,1.0,False
1.2630000000000001,0.002968385800144524,-0.015242697050829887,-2.0929360946765048,-0.11583306681761855,0.0,-0.11417500000000003,False,False,True,NORMAL,1.0,False
1.264,0.0029520977490922317,-0.017332271887566905,-2.0615055090462184,-0.11386255386654531,0.0,-0.11417500000000003,False,False,True,NORMAL,1.0,False
1.2650000000000001,0.0029337359086763276,-0.01939020592232686,-2.0319997707648056,-0.11207956001568978,0.0,-0.11417500000000003,False,False,True,NORMAL,1.0,False
1.266,0.002913330956588106,-0.021418426045161372,-2.0041998319559275,-0.11046624046330766,0.0,-0.11417500000000003,False,False,True,NORMAL,1.0,False
1.2670000000000001,0.0028909117531681844,-0.02341864005399493,-1.960208993057131,-0.10759054469402257,0.0,-0.09944499999999998,False,True,True,NORMAL,1.0,False
1.268,0.002866514394732776,-0.02537467294160076,-1.919260073891045,-0.10498850755908572,0.0,-0.09944499999999998,False,False,True,NORMAL,1.0,False
1.2690000000000001,0.002840181540575785,-0.027289569201224315,-1.8810325802811623,-0.10263408699627577,0.0,-0.09944499999999998,False,False,True,NORMAL,1.0,False
1.27,0.0028119529657759843,-0.02916605274186667,-1.8452368278524471,-0.10050371917325204,0.0,-0.09944499999999998,False,False,True,NORMAL,1.0,False
1.2710000000000001,0.002781865866372333,-0.031006557709882723,-1.8116110165289554,-0.09857608265280036,0.0,-0.09944499999999998,False,False,True,NORMAL,1.0,False
1.272,0.002749955135180839,-0.03281325638391402,-1.7631269535136607,-0.09548855461390744,0.0,-0.08547000000000005,False,True,True,NORMAL,1.0,False
1.2730000000000001,0.0027162620025016062,-0.03457130600839019,-1.7179875379888003,-0.09269484371508194,0.0,-0.08547000000000005,False,False,True,NORMAL,1.0,False
1.274,0.002680833444103994,-0.036284054068419586,-1.6758488133038907,-0.09016698955864974,0.0,-0.08547000000000005,False,False,True,NORMAL,1.0,False
1.2750000000000001,0.002643713260286881,-0.03795450398679054,-1.6363998842165144,-0.08787969253057216,0.0,-0.08547000000000005,False,False,True,NORMAL,1.0,False
1.276,0.002604942403405954,-0.03958534819804383,-1.5993597758868379,-0.08581006059340514,0.0,-0.08547000000000005,False,False,True,NORMAL,1.0,False
1.2770000000000001,0.002564559273897857,-0.04117899808029305,-1.543063010753346,-0.08222445369974142,0.0,-0.06764999999999995,False,True,True,NORMAL,1.0,False
1.278,0.0025226106880328423,-0.04271621631578365,-1.4907638605335491,-0.0789800624159868,0.0,-0.06764999999999995,False,False,True,NORMAL,1.0,False
1.2790000000000001,0.002479151077571324,-0.044201003718186686,-1.4420626841724666,-0.0760444157836959,0.0,-0.06764999999999995,False,False,True,NORMAL,1.0,False
1.28,0.0024342310733269294,-0.045636961324816386,-1.3965982103196828,-0.07338813286466785,0.0,-0.06764999999999995,False,False,True,NORMAL,1.0,False
1.281,0.0023878978857529627,-0.047027328781085544,-1.354043889705807,-0.07098462868664147,0.0,-0.06764999999999995,False,False,True,NORMAL,1.0,False
1.282,0.002340195648968724,-0.0483750190758924,-1.2917017367162247,-0.06701761954496803,0.0,-0.04900499999999999,False,True,True,NORMAL,1.0,False
1.283,0.002291176927321456,-0.04966026475049601,-1.2338759269702233,-0.06342812123589119,0.0,-0.04900499999999999,False,False,True,NORMAL,1.0,False
1.284,0.0022409019060899483,-0.05088758561471652,-1.1801241611214341,-0.06018020885386165,0.0,-0.04900499999999999,False,False,True,NORMAL,1.0,False
1.285,0.0021894264719475925,-0.052061059018945297,-1.130046570161028,-0.05724137620009902,0.0,-0.04900499999999999,False,False,True,NORMAL,1.0,False
1.286,0.0021368026342010586,-0.05318436230083651,-1.0832816798643419,-0.054582210449628674,0.0,-0.04900499999999999,False,False,True,NORMAL,1.0,False
1.287,0.002083078905600599,-0.05426081119484899,-1.015946415511548,-0.05029159028349494,0.0,-0.029400000000000037,False,True,True,NORMAL,1.0,False
1.288,0.002028312418631228,-0.055269856786191895,-0.9535814666452067,-0.04640927661059747,0.0,-0.029400000000000037,False,False,True,NORMAL,1.0,False
1.289,0.0019725680901999053,-0.056216473057170556,-0.895708284844313,-0.04289641393080722,0.0,-0.029400000000000037,False,False,True,NORMAL,1.0,False
1.29,0.001915906102567872,-0.05710515525905048,-0.8418941943605821,-0.03971784433371093,0.0,-0.029400000000000037,False,False,True,NORMAL,1.0,False
1.291,0.0018583823591393012,-0.057939965802453176,-0.7917480274329969,-0.03684175562642672,0.0,-0.029400000000000037,False,False,True,NORMAL,1.0,False
1.292,0.0018000488965424866,-0.058724575781341895,-0.7336216260116433,-0.03333579903692774,0.0,-0.01196499999999999,False,True,True,NORMAL,1.0,False
1.293,0.0017409599015082485,-0.059451016887076526,-0.6795829316179827,-0.03016347832873932,0.0,-0.01196499999999999,False,False,True,NORMAL,1.0,False
1.294,0.0016811714979355784,-0.06012338014986751,-0.6292415649352052,-0.027293043849960105,0.0,-0.01196499999999999,False,False,True,NORMAL,1.0,False
1.295,0.0016207359139350534,-0.06074536606787265,-0.5822446231278297,-0.024695767327540127,0.0,-0.01196499999999999,False,False,True,NORMAL,1.0,False
1.296,0.0015597018536177263,-0.061320322098092864,-0.5382731132302018,-0.022345654345068217,0.0,-0.01196499999999999,False,False,True,NORMAL,1.0,False
1.297,0.0014981148331769058,-0.061851276579248216,-0.4970387248698758,-0.020219184181915546,0.0,0.0030849999999999905,False,True,True,NORMAL,1.0,False
1.298,0.0014360174846611326,-0.0623409694261031,-0.4582809100340749,-0.01829507440995798,0.0,0.0030849999999999905,False,False,True,NORMAL,1.0,False
1.299,0.0013734498305133433,-0.06279187990240515,-0.4217642406604212,-0.016554067891882133,0.0,0.0030849999999999905,False,False,True,NORMAL,1.0,False
1.3,0.001310449531658653,-0.06320625175037177,-0.38727601761367186,-0.014978740049282608,0.0,0.0030849999999999905,False,False,True,NORMAL,1.0,False
1.301,0.0012470521116584872,-0.06358611592820992,-0.35462410712615344,-0.013553324471624696,0.0,0.0030849999999999905,False,False,True,NORMAL,1.0,False
1.302,0.0011832911592092636,-0.06393331118322249,-0.3236349830561065,-0.012263555120708475,0.0,0.018319999999999975,False,True,True,NORMAL,1.0,False
1.303,0.0011191985110471031,-0.06424950266640066,-0.2941519553780413,-0.011096523551363527,0.0,0.018319999999999975,False,False,True,NORMAL,1.0,False
1.304,0.0010548044171239414,-0.06453619877480807,-0.26603356718306204,-0.010040549719390989,0.0,0.018319999999999975,False,False,True,NORMAL,1.0,False
1.305,0.0009901376897429714,-0.06479476639033309,-0.2391521441536117,-0.00908506508375542,0.0,0.018319999999999975,False,False,True,NORMAL,1.0,False
1.306,0.0009252258381807916,-0.06502644466734415,-0.21339248200308567,-0.008220506833073904,0.0,0.018319999999999975,False,False,True,NORMAL,1.0,False
1.307,0.000860095190178356,-0.06523235750726744,-0.17354720350801314,-0.006229945758302739,0.0,0.03256999999999998,False,True,True,NORMAL,1.0,False
1.308,0.0007947785493629468,-0.06539843327761355,-0.13608766887729162,-0.004428811614963913,0.0,0.03256999999999998,False,False,True,NORMAL,1.0,False
1.309,0.000729314559057458,-0.06552706032378126,-0.10079366089186616,-0.0027990780471687997,0.0,0.03256999999999998,False,False,True,NORMAL,1.0,False
1.31,0.000663739584380425,-0.0656204066787331,-0.0674662231374777,-0.0013244341335985372,0.0,0.03256999999999998,False,False,True,NORMAL,1.0,False
1.311,0.0005980879219253133,-0.06568044133183808,-0.035925634714453106,9.878857678821684e-06,0.0,0.03256999999999998,False,False,True,NORMAL,1.0,False
1.312,0.0005323919891838802,-0.06570895347162689,0.013311310238848312,0.0027628862078224823,0.0,0.048650000000000006,False,True,True,NORMAL,1.0,False
1.313,0.0004666921510777226,-0.06568826421476245,0.05920054070916224,0.0052539102703604915,0.0,0.048650000000000006,False,False,True,NORMAL,1.0,False
1.314,0.00040103593416989134,-0.06562172417303848,0.10204802671349253,0.00750788205137283,0.0,0.048650000000000006,False,False,True,NORMAL,1.0,False
1.315,0.0003354676674429207,-0.0655123778523114,0.14213034232918426,0.009547360058029947,0.0,0.048650000000000006,False,False,True,NORMAL,1.0,False
1.316,0.0002700287737029427,-0.06536299305972162,0.17969746640285406,0.011392756071714699,0.0,0.048650000000000006,False,False,True,NORMAL,1.0,False
1.317,0.00020475803297731145,-0.06517608750910374,0.2251404107761713,0.013875746954592861,0.0,0.05711000000000001,False,False,True,NORMAL,1.0,False
1.318,0.0001396969004856515,-0.06494379579808914,0.26751451626365164,0.016122450014063164,0.0,0.05711000000000001,False,False,True,NORMAL,1.0,False
1.319,7.488922706326632e-05,-0.06466918945338501,0.3070955957094396,0.018155351009487765,0.0,0.05711000000000001,False,False,True,NORMAL,1.0,False
1.32,1.0375929968800136e-05,-0.06435506406057832,0.3441329605642686,0.019994795897310493,0.0,0.05711000000000001,False,False,True,NORMAL,1.0,False
1.321,-5.3804744428811064e-05,-0.06400396577569731,0.37885194691287166,0.021659194460227457,0.0,0.05711000000000001,False,False,True,NORMAL,1.0,False
1.322,-0.00011761698321159749,-0.06361821530975281,0.36608575805002946,0.019535569109023265,0.0,-0.020649999999999998,False,True,True,NORMAL,1.0,False
1.323,-0.00018104986577305527,-0.06324526435886539,0.35577953420428493,0.01761403342936396,0.0,-0.020649999999999998,False,False,True,NORMAL,1.0,False
1.324,-0.00024411496180375394,-0.06288265345505034,0.34769179716738335,0.015875356046317058,0.0,-0.020649999999999998,False,False,True,NORMAL,1.0,False
1.325,-0.0003068215022949671,-0.0625281646950111,0.3416037812119265,0.014302135692243383,0.0,-0.020649999999999998,False,False,True,NORMAL,1.0,False
1.326,-0.00036917660974395387,-0.06217979901837336,0.3373172738332214,0.012878627049061741,0.0,-0.020649999999999998,False,False,True,NORMAL,1.0,False
1.327,-0.00043118550671739526,-0.061835755646032727,0.5056629458416665,0.02527140586889628,0.0,0.16167499999999999,False,True,True,NORMAL,1.0,False
1.328,-0.0004927662440281565,-0.06132353779086817,0.6589184098242136,0.036484855858526094,0.0,0.16167499999999999,False,False,True,NORMAL,1.0,False
1.329,-0.0005537581946889966,-0.06065824269326619,0.7984730202751494,0.046631204994418085,0.0,0.16167499999999999,False,False,True,NORMAL,1.0,False
1.33,-0.0006140151340701135,-0.059853577635116985,0.9255837884813256,0.055812001349029985,0.0,0.16167499999999999,False,False,True,NORMAL,1.0,False
1.331,-0.0006734039161300411,-0.058921992335144176,1.0413879873576126,0.06411912941805097,0.0,0.16167499999999999,False,False,True,NORMAL,1.0,False
1.332,-0.0007318032757377635,-0.057874798734433575,1.0631126088159146,0.0649315738938614,0.0,0.09193,False,False,True,NORMAL,1.0,False
1.333,-0.0007891446243218671,-0.056806015359837994,1.0836003642078182,0.06566670405565128,0.0,0.09193,False,False,True,NORMAL,1.0,False
1.334,-0.0008454069910301166,-0.055716880531480294,1.1029403604435664,0.06633187733316559,0.0,0.09193,False,False,True,NORMAL,1.0,False
1.335,-0.0009005705987536292,-0.0546085433934701,1.1212130873614987,0.06693375100413816,0.0,0.09193,False,False,True,NORMAL,1.0,False
1.336,-0.0009546167792605048,-0.05348207253422034,1.1384912444170041,0.0674783488225648,0.0,0.09193,False,False,True,NORMAL,1.0,False
1.337,-0.0010075278965363211,-0.05233846377975622,1.0684131589145485,0.061056934921939365,0.0,0.01393,False,True,True,NORMAL,1.0,False
1.338,-0.0010593304687997373,-0.051265006541811306,1.0058293571421233,0.055246599347957226,0.0,0.01393,False,False,True,NORMAL,1.0,False
1.339,-0.0011100908997388394,-0.050254204547430834,0.9500166381282943,0.04998919030927274,0.0,0.01393,False,False,True,NORMAL,1.0,False
1.34,-0.0011598684584627368,-0.049299284998295535,0.9003204542659411,0.045232089889150555,0.0,0.01393,False,False,True,NORMAL,1.0,False
1.341,-0.001208715968640196,-0.0483941298900455,0.8561483806249801,0.04092768742766942,0.0,0.01393,False,False,True,NORMAL,1.0,False
1.342,-0.001256680432223823,-0.047533213864873566,1.0079261900122891,0.05230986175716949,0.0,0.17893,False,False,True,NORMAL,1.0,False
1.343,-0.0013037081625029688,-0.04652073629700361,1.1457264283725423,0.06260887898910952,0.0,0.17893,False,False,True,NORMAL,1.0,False
1.344,-0.0013496545887777534,-0.04537068079758995,1.2708259930409544,0.07192781514956599,0.0,0.17893,False,False,True,NORMAL,1.0,False
1.345,-0.00139438848531767,-0.044095753513153306,1.3843802555141476,0.08035993728383536,0.0,0.17893,False,False,True,NORMAL,1.0,False
1.346,-0.0014377907546762492,-0.042707504699407005,1.4874346381559107,0.08798963690437153,0.0,0.17893,False,False,True,NORMAL,1.0,False
1.347,-0.0014797533267896386,-0.04121643871381946,1.4079122129177353,0.08105144450554698,0.0,0.034929999999999996,False,True,True,NORMAL,1.0,False
1.348,-0.001520264629405392,-0.03980500021954367,1.3364358970650019,0.07477350840955785,0.0,0.034929999999999996,False,False,True,NORMAL,1.0,False
1.349,-0.0015594002660614227,-0.038465140486815416,1.2722252321173968,0.0690929969218683,0.0,0.034929999999999996,False,False,True,NORMAL,1.0,False
1.35,-0.0015972281818944756,-0.03718959153506684,1.214573947906653,0.06395305757422366,0.0,0.034929999999999996,False,False,True,NORMAL,1.0,False
1.351,-0.0016338094072851366,-0.035971791915218994,1.1628429060874776,0.059302248126039465,0.0,0.034929999999999996,False,False,True,NORMAL,1.0,False
1.352,-0.0016691987308143305,-0.03480581955125459,1.277040572239015,0.0679409702783127,0.0,0.16857999999999995,False,True,True,NORMAL,1.0,False
1.353,-0.001703365056463365,-0.033525870509650994,1.3805160600400541,0.07575760932570565,0.0,0.16857999999999995,False,False,True,NORMAL,1.0,False
1.354,-0.0017361997701362392,-0.03214267134509115,1.4742389155366373,0.08283039681906774,0.0,0.16857999999999995,False,False,True,NORMAL,1.0,False
1.355,-0.0017676044993679017,-0.030665978623227126,1.5590864752036002,0.08923011959287853,0.0,0.16857999999999995,False,False,True,NORMAL,1.0,False
1.356,-0.0017974901894524593,-0.029104671166740634,1.635852652172907,0.09502082822367942,0.0,0.16857999999999995,False,False,True,NORMAL,1.0,False
1.357,-0.0018257762674231497,-0.02746683351171849,1.6295403547131666,0.09420323554203043,0.0,0.10556500000000002,False,True,True,NORMAL,1.0,False
1.358,-0.0018524277236467673,-0.025835487346953147,1.623842557477978,0.09346344709096205,0.0,0.10556500000000002,False,False,True,NORMAL,1.0,False
1.359,-0.0018774507422794455,-0.0242100179259774,1.6186671791393978,0.09279405881900452,0.0,0.10556500000000002,False,False,True,NORMAL,1.0,False
1.36,-0.001900850938770684,-0.022589902580298155,1.6139309558856374,0.09218837126334291,0.0,0.10556500000000002,False,False,True,NORMAL,1.0,False
1.361,-0.0019226334475313986,-0.020974701898467125,1.6095586097840349,0.09164032249934155,0.0,0.10556500000000002,False,False,True,NORMAL,1.0,False
1.362,-0.0019428030011969775,-0.019364051737125805,1.599474357499212,0.09066380836993627,0.0,0.100565,False,True,True,NORMAL,1.0,False
1.363,-0.001961367004589431,-0.017763658994965018,1.590205837605189,0.08978022184640957,0.0,0.100565,False,False,True,NORMAL,1.0,False
1.364,-0.00197833530708874,-0.01617270742829324,1.5816435014605352,0.0889807196978503,0.0,0.100565,False,False,True,NORMAL,1.0,False
1.365,-0.0019937169966077074,-0.014590490347614758,1.5736883127335781,0.08825730023803373,0.0,0.100565,False,False,True,NORMAL,1.0,False
1.366,-0.002007520503888619,-0.01301640010127568,1.5662507540500568,0.08760272324185633,0.0,0.100565,False,False,True,NORMAL,1.0,False
1.367,-0.002019753696780362,-0.011449918552862872,1.5553989675936053,0.08670236063909838,0.0,0.09736,False,True,True,NORMAL,1.0,False
1.368,-0.0020304258899242855,-0.009894456387286137,1.5452834956429276,0.08588767886632273,0.0,0.09736,False,False,True,NORMAL,1.0,False
1.369,-0.0020395477343238128,-0.008349276630552934,1.5358037091002306,0.08515052431452347,0.0,0.09736,False,False,True,NORMAL,1.0,False
1.37,-0.0020471291943244593,-0.006813742941430233,1.5268686742998983,0.08448351929317996,0.0,0.09736,False,False,True,NORMAL,1.0,False
1.371,-0.002053179643397616,-0.005287309912328268,1.518396237031087,0.08387998819185048,0.0,0.09736,False,False,True,NORMAL,1.0,False
1.372,-0.0020577079506833343,-0.0037695142865313202,1.5025141487778437,0.08271004707554373,0.0,0.09086999999999995,False,True,True,NORMAL,1.0,False
1.373,-0.0020607264561654463,-0.002267758911705663,1.4877080982124167,0.08165144057661063,0.0,0.09086999999999995,False,False,True,NORMAL,1.0,False
1.374,-0.0020622506617537922,-0.0007809667935170606,1.4738475216523776,0.0806935738053999,0.0,0.09086999999999995,False,False,True,NORMAL,1.0,False
1.375,-0.0020622950576522385,0.0006918084803535485,1.4608144266176628,0.07982686010931515,0.0,0.09086999999999995,False,False,True,NORMAL,1.0,False
1.3760000000000001,-0.0020608732466534563,0.0021513953162005162,1.4485022016023947,0.07904262512637343,0.0,0.09086999999999995,False,False,True,NORMAL,1.0,False
1.377,-0.0020579980564529865,0.0035985154995785357,1.4267155302123327,0.07752509926078228,0.0,0.08246500000000005,False,True,True,NORMAL,1.0,False
1.3780000000000001,-0.002053686688002615,0.0050237034431923995,1.4064437630702749,0.07615198507475801,0.0,0.08246500000000005,False,False,True,NORMAL,1.0,False
1.379,-0.0020479603156606176,0.006428475325010983,1.3875176077862132,0.07490953998000727,0.0,0.08246500000000005,False,False,True,NORMAL,1.0,False
1.3800000000000001,-0.0020408386822664375,0.007814177993381119,1.369784051125146,0.07378532916842155,0.0,0.08246500000000005,False,False,True,NORMAL,1.0,False
1.381,-0.0020323402603286025,0.009182005252409031,1.35310481519955,0.07276810116033823,0.0,0.08246500000000005,False,False,True,NORMAL,1.0,False
1.3820000000000001,-0.0020224823976993764,0.010533012602918218,1.3304881151242733,0.07129832756370329,0.0,0.07674999999999996,False,True,True,NORMAL,1.0,False
1.383,-0.00201128488084937,0.011861269145377776,1.3093524621908752,0.0699684214174267,0.0,0.07674999999999996,False,False,True,NORMAL,1.0,False
1.3840000000000001,-0.0019987697195942337,0.01316825731934046,1.2895342081021872,0.06876507257379963,0.0,0.07674999999999996,False,False,True,NORMAL,1.0,False
1.385,-0.0019849575231473543,0.014455295878180976,1.2708854678050776,0.06767623751313556,0.0,0.07674999999999996,False,False,True,NORMAL,1.0,False
1.3860000000000001,-0.0019698676559223613,0.015723555658337964,1.2532726241972398,0.06669101880817725,0.0,0.07674999999999996,False,False,True,NORMAL,1.0,False
1.387,-0.001953518378314242,0.016974073852666582,1.2226670598487557,0.0646869228405641,0.0,0.06517500000000001,False,True,True,NORMAL,1.0,False
1.3880000000000001,-0.0019359339242353661,0.018193869961851298,1.1942136007568396,0.06287354181973275,0.0,0.06517500000000001,False,False,True,NORMAL,1.0,False
1.389,-0.0019171439391246039,0.01938509785167536,1.1676888247621264,0.06123272681892829,0.0,0.06517500000000001,False,False,True,NORMAL,1.0,False
1.3900000000000001,-0.001897176026288932,0.020549687899433313,1.142890774192431,0.05974805601012571,0.0,0.06517500000000001,False,False,True,NORMAL,1.0,False
1.391,-0.0018760559596568672,0.021689368466652977,1.1196369170835083,0.05840467030885542,0.0,0.06517500000000001,False,False,True,NORMAL,1.0,False
1.3920000000000001,-0.0018538078760788426,0.022805685332228445,1.087290813703741,0.05635140556674753,0.0,0.05645999999999995,False,True,True,NORMAL,1.0,False
1.393,-0.0018304596821463787,0.023889556033422212,1.0571882794197314,0.05449353479895436,0.0,0.05645999999999995,False,False,True,NORMAL,1.0,False
1.3940000000000001,-0.0018060427016047494,0.02494322602172414,1.0291005664582311,0.05281246381037989,0.0,0.05645999999999995,False,False,True,NORMAL,1.0,False
1.395,-0.001780586127146489,0.025968711928415225,1.002820909184625,0.05129136787754302,0.0,0.05645999999999995,False,False,True,NORMAL,1.0,False
1.3960000000000001,-0.0017541172382376528,0.026967823555133098,0.9781624352843962,0.049915023361089904,0.0,0.05645999999999995,False,False,True,NORMAL,1.0,False
1.397,-0.0017266615979982048,0.027942183774790408,0.9396725882622461,0.047446960349986855,0.0,0.04374000000000007,False,True,True,NORMAL,1.0,False
1.3980000000000001,-0.0016982508690077211,0.02887797488398708,0.9039615405441357,0.04521376458747032,0.0,0.04374000000000007,False,False,True,NORMAL,1.0,False
1.399,-0.0016689222302517018,0.029777977831617383,0.8707541038060318,0.04319308549974601,0.0,0.04374000000000007,False,False,True,NORMAL,1.0,False
1.4000000000000001,-0.0016387102173938098,0.030644698282156956,0.8398014946320004,0.041364699451330283,0.0,0.04374000000000007,False,False,True,NORMAL,1.0,False
1.401,-0.0016076469848543627,0.0314803930307411,0.8108788237974803,0.03971030734010883,0.0,0.04374000000000007,False,False,True,NORMAL,1.0,False
1.4020000000000001,-0.0015757625427294435,0.0322870939065324,0.7704937062885703,0.03715022200273953,0.0,0.03268000000000001,False,False,True,NORMAL,1.0,False
1.403,-0.0015430916120563224,0.03305335074503327,0.7330375990466548,0.03483376099612257,0.0,0.03268000000000001,False,False,True,NORMAL,1.0,False
1.4040000000000001,-0.001509673171610511,0.03378209479869023,0.6982250764132584,0.032737740399914304,0.0,0.03268000000000001,False,False,True,NORMAL,1.0,False
1.405,-0.001475543411663779,0.034475971789354104,0.6657980916339569,0.030841182535491025,0.0,0.03268000000000001,False,False,True,NORMAL,1.0,False
1.4060000000000001,-0.0014407360058216931,0.035137369297739765,0.6355233725419022,0.02912510601429047,0.0,0.03268000000000001,False,False,True,NORMAL,1.0,False
1.407,-0.0014052823567742062,0.03576844154753952,0.642948126125717,0.030432980653826384,0.0,0.06244,False,True,True,NORMAL,1.0,False
1.408,-0.001369193948681562,0.03640686174810927,0.6486632779034222,0.03161639456577877,0.0,0.06244,False,False,True,NORMAL,1.0,False
1.409,-0.0013324642882260706,0.03705092081704958,0.6528179805545116,0.032687191754337604,0.0,0.06244,False,False,True,NORMAL,1.0,False
1.41,-0.0012950885165707079,0.037699058899414974,0.6555474418502035,0.03365608911767334,0.0,0.06244,False,False,True,NORMAL,1.0,False
1.411,-0.0012570632671060936,0.038349851417002215,0.6569742543015665,0.034532783706255905,0.0,0.06244,False,False,True,NORMAL,1.0,False
1.412,-0.0012183865364831798,0.039001996447808884,0.5978831779559238,0.030579936153513735,0.0,-0.026935,False,True,True,NORMAL,1.0,False
1.413,-0.001179087215492692,0.039595023584408806,0.5434427353592518,0.027003251780000747,0.0,-0.026935,False,False,True,NORMAL,1.0,False
1.414,-0.0011392220957016947,0.04013358644736527,0.49321126594110454,0.02376693392634169,0.0,-0.026935,False,False,True,NORMAL,1.0,False
1.415,-0.0010988435359469055,0.040621896821040004,0.4467893558026582,0.020838592435693155,0.0,-0.026935,False,False,True,NORMAL,1.0,False
1.416,-0.0010579998830419523,0.04106376691669337,0.4038158168364887,0.018188919482167158,0.0,-0.026935,False,False,True,NORMAL,1.0,False
1.417,-0.0010167358522325106,0.04146264761311702,0.37229678209649053,0.016458014941108094,0.0,-0.002009999999999998,False,True,True,NORMAL,1.0,False
1.418,-0.0009750887070241374,0.04182998923253052,0.3427978220480038,0.014891827745309493,0.0,-0.002009999999999998,False,False,True,NORMAL,1.0,False
1.419,-0.0009330889757979926,0.042167813805936843,0.3151268359319194,0.013474682966902105,0.0,-0.002009999999999998,False,False,True,NORMAL,1.0,False
1.42,-0.0008907652609806026,0.04247795118742127,0.289110223747314,0.012192397344624824,0.0,-0.002009999999999998,False,False,True,NORMAL,1.0,False
1.421,-0.0008481444219679913,0.04276205756195637,0.26459112526209866,0.011032137332978816,0.0,-0.002009999999999998,False,False,True,NORMAL,1.0,False
1.422,-0.0008052517404227386,0.043021632191522635,0.24142782655521558,0.009982290659790668,0.0,-0.012339999999999997,False,True,True,NORMAL,1.0,False
1.423,-0.0007621110696218625,0.04325803256714261,0.21949231814782338,0.009032350106689463,0.0,-0.012339999999999997,False,False,True,NORMAL,1.0,False
1.424,-0.0007187449693737938,0.043472488118477336,0.198668990298059,0.008172808349333717,0.0,-0.012339999999999997,False,False,True,NORMAL,1.0,False
1.425,-0.0006751748278782841,0.04366611261820295,0.17885345240673264,0.007395062804913853,0.0,-0.012339999999999997,False,False,True,NORMAL,1.0,False
1.426,-0.000631420971772393,0.043839915405327466,0.15995146472344737,0.006691329534612011,0.0,-0.012339999999999997,False,False,True,NORMAL,1.0,False
1.427,-0.0005875027654874483,0.0439948115397926,0.14043611436407766,0.005939216755127256,0.0,-0.02119999999999998,False,True,True,NORMAL,1.0,False
1.428,-0.0005434394214896807,0.04413019026759364,0.12181204655461793,0.00525867696966642,0.0,-0.02119999999999998,False,False,True,NORMAL,1.0,False
1.429,-0.0004992500110439437,0.044246944364324296,0.10399707477989203,0.004642899107319293,0.0,-0.02119999999999998,False,False,True,NORMAL,1.0,False
1.43,-0.000454952753744912,0.044345884383366695,0.08691704622092283,0.0040857202562694156,0.0,-0.02119999999999998,False,False,True,NORMAL,1.0,False
1.431,-0.0004105650957214456,0.04442774669250948,0.07050507628982607,0.003581563983301202,0.0,-0.02119999999999998,False,False,True,NORMAL,1.0,False
1.432,-0.00036610378018717127,0.04449320074479964,0.0441332434827228,0.002279975524624698,0.0,-0.029995000000000018,False,True,True,NORMAL,1.0,False
1.433,-0.0003215901921328951,0.0445322963617112,0.019337468491465174,0.001102249584330446,0.0,-0.029995000000000018,False,False,True,NORMAL,1.0,False
1.434,-0.00027704990138565933,0.044546611324335864,-0.004026200607722661,3.659908536062244e-05,0.0,-0.029995000000000018,False,False,True,NORMAL,1.0,False
1.435,-0.00023250697198919695,0.04453757939773738,-0.026087817407236317,-0.0009276413606559646,0.0,-0.029995000000000018,False,False,True,NORMAL,1.0,False
1.436,-0.00018798409926899898,0.044506504234536955,-0.04696486146872385,-0.0018001221961954552,0.0,-0.029995000000000018,False,False,True,NORMAL,1.0,False
1.437,-0.00014350273365612448,0.04445457195367711,-0.07787174560967183,-0.0034782402201427344,0.0,-0.03923999999999998,False,True,True,NORMAL,1.0,False
1.438,-9.90887438058745e-05,0.04437176295474454,-0.10672097957693,-0.004996664200090797,0.0,-0.03923999999999998,False,False,True,NORMAL,1.0,False
1.439,-5.477197698730232e-05,0.044260136740172124,-0.13369889820800124,-0.006370591033590887,0.0,-0.03923999999999998,False,False,True,NORMAL,1.0,False
1.44,-1.0580314163336327e-05,0.04412156639264493,-0.15897392192953458,-0.007613771442185431,0.0,-0.03923999999999998,False,False,True,NORMAL,1.0,False
1.441,3.346015254902084e-05,0.04395775649637209,-0.18269826398372538,-0.008738647593251006,0.0,-0.03923999999999998,False,False,True,NORMAL,1.0,False
1.442,7.732495948592266e-05,0.043770259350460826,-0.21603968359143022,-0.010638894294512515,0.0,-0.04842,False,True,True,NORMAL,1.0,False
1.443,0.00012098561424042062,0.04354946811036438,-0.24702482303605777,-0.012358308613313326,0.0,-0.04842,False,False,True,NORMAL,1.0,False
1.444,0.00016441000149553214,0.04329774094526802,-0.2758650995802856,-0.01391409902607111,0.0,-0.04842,False,False,True,NORMAL,1.0,False
1.445,0.0002075682583612469,0.04301722450834378,-0.3027516499707458,-0.015321836406155963,0.0,-0.04842,False,False,True,NORMAL,1.0,False
1.446,0.0002504325730014422,0.04270987422508695,-0.32785726354326306,-0.01659560986242465,0.0,-0.04842,False,False,True,NORMAL,1.0,False
1.447,0.00029297700258232285,0.042377472647787705,-0.3635698875157585,-0.018726708237044348,0.0,-0.0586,False,False,True,NORMAL,1.0,False
1.448,0.0003351711959939165,0.042009423931601425,-0.3966152273449816,-0.020655005787915865,0.0,-0.0586,False,False,True,NORMAL,1.0,False
1.449,0.00037698084038409745,0.041608397269483524,-0.4272308045537911,-0.022399801565051513,0.0,-0.0586,False,False,True,NORMAL,1.0,False
1.45,0.0004183741732944616,0.041176824219690544,-0.4556314012087268,-0.023978558071034977,0.0,-0.0586,False,False,True,NORMAL,1.0,False
1.451,0.0004593217563983678,0.04071692145405837,-0.4820112277659269,-0.02540707603161653,0.0,-0.0586,False,False,True,NORMAL,1.0,False
1.452,0.0004997962709030441,0.04023071133758295,-0.4601661414131995,-0.022989273076291214,0.0,-0.00196,False,False,True,NORMAL,1.0,False
1.453,0.000539795510396442,0.03976638378353142,-0.44112299667543337,-0.020801554492874942,0.0,-0.00196,False,False,True,NORMAL,1.0,False
1.454,0.0005793399563763807,0.03932113659517703,-0.4246085058082921,-0.018822024858467276,0.0,-0.00196,False,False,True,NORMAL,1.0,False
1.455,0.0006184474248220089,0.03889244096351704,-0.4103752367195297,-0.017030872375144175,0.0,-0.00196,False,False,True,NORMAL,1.0,False
1.456,0.0006571333266501594,0.03847801560123138,-0.39819915423345054,-0.015410170586825405,0.0,-0.00196,False,False,True,NORMAL,1.0,False
1.457,0.0006954109035353605,0.03807580333635001,-0.38787739536594096,-0.013943698965276786,0.0,-0.00196,False,True,True,NORMAL,1.0,False
1.458,0.0007332914414361793,0.037683949931525976,-0.3792262563405759,-0.012616780569611727,0.0,-0.00196,False,False,True,NORMAL,1.0,False
1.459,0.0007707844639476009,0.03730078491708959,-0.37207937119551626,-0.011416135154533737,0.0,-0.00196,False,False,True,NORMAL,1.0,False
1.46,0.0008078979073974051,0.036924804246217226,-0.3662860637484652,-0.010329746257177856,0.0,-0.00196,False,False,True,NORMAL,1.0,False
1.461,0.0008446382794219524,0.036554654598788316,-0.36170985642201464,-0.009346740932311429,0.0,-0.00196,False,False,True,NORMAL,1.0,False
1.462,0.0008810108025916158,0.03618911917700817,-0.5457106244961044,-0.02345596121179829,0.0,-0.17603499999999997,False,True,True,NORMAL,1.0,False
1.463,0.0009169258513658491,0.035639768915019604,-0.7125493656797177,-0.036222511659989784,0.0,-0.17603499999999997,False,False,True,NORMAL,1.0,False
1.464,0.000952208194358569,0.03492377299997902,-0.8638095557901114,-0.04777416420475719,0.0,-0.17603499999999997,False,False,True,NORMAL,1.0,False
1.465,0.0009866989773999024,0.034056716459042735,-1.0009239904462053,-0.05822653166741305,0.0,-0.17603499999999997,False,False,True,NORMAL,1.0,False
1.466,0.0010202542147366008,0.03305275089909094,-1.1251891353479422,-0.06768422485468566,0.0,-0.17603499999999997,False,False,True,NORMAL,1.0,False
1.467,0.001052743423795109,0.03192473089051797,-1.1176894208443395,-0.06663480433237305,0.0,-0.07609,False,True,True,NORMAL,1.0,False
1.468,0.001084108403042648,0.030804331529889917,-1.1111965051860528,-0.06568524937652977,0.0,-0.07609,False,False,True,NORMAL,1.0,False
1.469,0.0011143562697031172,0.029690545953931512,-1.1055916861391146,-0.06482605652200128,0.0,-0.07609,False,False,True,NORMAL,1.0,False
1.47,0.0011434931934952235,0.028582486021384662,-1.1007675310424372,-0.06404862667791479,0.0,-0.07609,False,False,True,NORMAL,1.0,False
1.471,0.0011715245097181839,0.027479371038956507,-1.0966268095586194,-0.06334517906508746,0.0,-0.07609,False,False,True,NORMAL,1.0,False
1.472,0.0011984548215971456,0.02638051755494434,-1.0940908280956796,-0.06278941735231242,0.0,-0.07693000000000003,False,True,True,NORMAL,1.0,False
1.473,0.0012242875885168474,0.0252843216132434,-1.0919729818246782,-0.0622865433590818,0.0,-0.07693000000000003,False,False,True,NORMAL,1.0,False
1.474,0.0012490252589607983,0.024190365108956235,-1.0902102828477336,-0.06183152415344957,0.0,-0.07693000000000003,False,False,True,NORMAL,1.0,False
1.475,0.001272669894800901,0.0230982929225181,-1.0887457375923364,-0.061419805750268536,0.0,-0.07693000000000003,False,False,True,NORMAL,1.0,False
1.476,0.0012952232312848139,0.022007806923007522,-1.0875277815907982,-0.06104726753337632,0.0,-0.07693000000000003,False,False,True,NORMAL,1.0,False
1.477,0.0013166867313093137,0.020918660536906816,-1.088288058711569,-0.06085244426892907,0.0,-0.07840999999999995,False,True,True,NORMAL,1.0,False
1.478,0.0013370607458339516,0.019828876937526697,-1.0890339943358454,-0.060676160889353285,0.0,-0.07840999999999995,False,False,True,NORMAL,1.0,False
1.479,0.0013563446448363642,0.018738470526724837,-1.08974341451996,-0.060516653091335276,0.0,-0.07840999999999995,False,False,True,NORMAL,1.0,False
1.48,0.0013745378237767288,0.01764747786123015,-1.0903962829818599,-0.06037232446722006,0.0,-0.07840999999999995,False,False,True,NORMAL,1.0,False
1.481,0.0013916397246835272,0.016555955514172615,-1.0909745029203897,-0.06024173052762697,0.0,-0.07840999999999995,False,False,True,NORMAL,1.0,False
1.482,0.0014076498551999588,0.015463978134878242,-1.0945497154015615,-0.060370602462340266,0.0,-0.08098000000000005,False,True,True,NORMAL,1.0,False
1.483,0.0014225662625916367,0.014368551140892858,-1.0977203684320016,-0.06048721061100354,0.0,-0.08098000000000005,False,False,True,NORMAL,1.0,False
1.484,0.0014363856995480127,0.013270079161120068,-1.1005009264795076,-0.06059272202716197,0.0,-0.08098000000000005,False,False,True,NORMAL,1.0,False
1.485,0.0014491053161437908,0.012168952325883468,-1.102904533427829,-0.06068819270453208,0.0,-0.08098000000000005,False,False,True,NORMAL,1.0,False
1.486,0.00146072264600084,0.01106554758810152,-1.1049431435541137,-0.060774578145741796,0.0,-0.08098000000000005,False,False,True,NORMAL,1.0,False
1.487,0.0014712355937057788,0.0099602299134395,-1.0940954969663803,-0.05985017148099366,0.0,-0.07054999999999997,False,True,True,NORMAL,1.0,False
1.488,0.001480648686180627,0.008865875630971024,-1.0841164396026943,-0.05901373374124773,0.0,-0.07054999999999997,False,False,True,NORMAL,1.0,False
1.489,0.0014889724523372025,0.007781615602393993,-1.0749023948853138,-0.05825689357646818,0.0,-0.07054999999999997,False,False,True,NORMAL,1.0,False
1.49,0.0014962166037430344,0.006706684282186591,-1.066359715714252,-0.05757207627590315,0.0,-0.07054999999999997,False,False,True,NORMAL,1.0,False
1.491,0.001502390133248096,0.005640409784296849,-1.0584037441301861,-0.05695242795783353,0.0,-0.07054999999999997,False,False,True,NORMAL,1.0,False
1.492,0.001507501404148525,0.0045822048895460725,-1.0489573834308024,-0.0562317008130452,0.0,-0.06888500000000002,False,False,True,NORMAL,1.0,False
1.493,0.0015115592305530912,0.0035335579066091702,-1.0401456627874406,-0.055579559924246506,0.0,-0.06888500000000002,False,False,True,NORMAL,1.0,False
1.494,0.0015145728528598433,0.0024938336202459267,-1.0318881229017114,-0.05498947844623022,0.0,-0.06888500000000002,False,False,True,NORMAL,1.0,False
1.495,0.0015165509164841895,0.0014624772826098997,-1.0241120551982466,-0.054455550645231124,0.0,-0.06888500000000002,False,False,True,NORMAL,1.0,False
1.496,0.001517501548449922,0.0004390068595780828,-1.016751768595068,-0.05397243279235748,0.0,-0.06888500000000002,False,False,True,NORMAL,1.0,False
1.497,0.0015174324265932885,-0.0005769939893950895,-0.9898502952470505,-0.051943479219812266,0.0,-0.052325,False,False,True,NORMAL,1.0,False
1.498,0.0015163607857350523,-0.0015660002982658661,-0.9651772526919332,-0.05010760610791562,0.0,-0.052325,False,False,True,NORMAL,1.0,False
1.499,0.0015143125057657943,-0.002530241779146867,-0.942505443897401,-0.048446439421505415,0.0,-0.052325,False,False,True,NORMAL,1.0,False
1.5,0.0015113113504871736,-0.0034717208752319687,-0.9216293931223493,-0.046943353646046654,0.0,-0.052325,False,False,True,NORMAL,1.0,False
1.5010000000000001,0.0015073791840173132,-0.004392234490545244,-0.9023632820917521,-0.04558330539389397,0.0,-0.052325,False,False,True,NORMAL,1.0,False
1.502,0.0015025361664986294,-0.005293393655045877,-0.8845390825422705,-0.044352682845011815,0.0,-0.052325,False,True,True,NORMAL,1.0,False
1.5030000000000001,0.0014968009310745351,-0.006176641321537371,-0.8680048664507701,-0.04323916951530446,0.0,-0.052325,False,False,True,NORMAL,1.0,False
1.504,0.0014901907439143498,-0.007043268472134175,-0.8526232770363201,-0.04223162098910343,0.0,-0.052325,False,False,True,NORMAL,1.0,False
1.5050000000000001,0.0014827216488964483,-0.00789442869512275,-0.8382701452353886,-0.04131995338210975,0.0,-0.052325,False,False,True,NORMAL,1.0,False
1.506,0.0014744085984064997,-0.008731151377747735,-0.824833237805973,-0.04049504241849057,0.0,-0.052325,False,False,True,NORMAL,1.0,False
1.5070000000000001,0.0014652655715690368,-0.009554353646604211,-0.8257585754384777,-0.040832428184428074,0.0,-0.0636,False,True,True,NORMAL,1.0,False
1.508,0.0014552989108923325,-0.010378387962531661,-0.8260960161289904,-0.04113770744976105,0.0,-0.0636,False,False,True,NORMAL,1.0,False
1.5090000000000001,0.0014445080781565465,-0.011202666797763269,-0.8258845117883887,-0.04141393555198485,0.0,-0.0636,False,False,True,NORMAL,1.0,False
1.51,0.001432893103181725,-0.012026641611846757,-0.8251594492329931,-0.041663877074790016,0.0,-0.0636,False,False,True,NORMAL,1.0,False
1.5110000000000001,0.001420454546623571,-0.012849799284972112,-0.823952993024658,-0.041890033516945015,0.0,-0.0636,False,False,True,NORMAL,1.0,False
1.512,0.0014071934661644215,-0.013671658894270591,-0.8005583968123299,-0.04035578842133927,0.0,-0.04550999999999998,False,True,True,NORMAL,1.0,False
1.5130000000000001,0.0013931222481364774,-0.014470049909913433,-0.7788417565958003,-0.03896754605039704,0.0,-0.04550999999999998,False,False,True,NORMAL,1.0,False
1.514,0.0013782635217107167,-0.015246651606029948,-0.7586319700741856,-0.03771141240786555,0.0,-0.04550999999999998,False,False,True,NORMAL,1.0,False
1.5150000000000001,0.0013626383223537244,-0.016002972100302302,-0.7397743604547501,-0.03657481568604925,0.0,-0.04550999999999998,False,False,True,NORMAL,1.0,False
1.516,0.0013462662547692277,-0.016740364785790305,-0.7221291156810513,-0.03554638044293285,0.0,-0.04550999999999998,False,False,True,NORMAL,1.0,False
1.5170000000000001,0.0013291656401884047,-0.017460043201365214,-0.6983605896395937,-0.03403907083194004,0.0,-0.039509999999999976,False,True,True,NORMAL,1.0,False
1.518,0.0013113572522701145,-0.01815589087719763,-0.6762615541368358,-0.03267520069534852,0.0,-0.039509999999999976,False,False,True,NORMAL,1.0,False
1.5190000000000001,0.0012928640865483801,-0.01882957866934321,-0.6556640509996046,-0.031441119962418704,0.0,-0.039509999999999976,False,False,True,NORMAL,1.0,False
1.52,0.001273707551699341,-0.019482609420009973,-0.6364162542321687,-0.03032447753838656,0.0,-0.039509999999999976,False,False,True,NORMAL,1.0,False
1.5210000000000001,0.0012539076294868958,-0.020116334095929937,-0.6183809366226053,-0.029314097690555898,0.0,-0.039509999999999976,False,False,True,NORMAL,1.0,False
1.522,0.0012334830193368794,-0.02073196639272937,-0.5918156924789892,-0.027630397017382836,0.0,-0.031505000000000026,False,True,True,NORMAL,1.0,False
1.5230000000000001,0.0012124560757018196,-0.021320985132091113,-0.5671576599288167,-0.026106921647523512,0.0,-0.031505000000000026,False,False,True,NORMAL,1.0,False
1.524,0.001190852458030227,-0.021885299016920677,-0.5442191561241528,-0.024728424127418623,0.0,-0.031505000000000026,False,False,True,NORMAL,1.0,False
1.5250000000000001,0.0011686960109320186,-0.022426629000382524,-0.5228305088411046,-0.023481107990557942,0.0,-0.031505000000000026,False,False,True,NORMAL,1.0,False
1.526,0.0011460089429205765,-0.02294652630345889,-0.5028383436745206,-0.02235248967780634,0.0,-0.031505000000000026,False,False,True,NORMAL,1.0,False
1.5270000000000001,0.0011228119879938855,-0.02344638871902553,-0.47186627033709144,-0.020352252489360442,0.0,-0.021319999999999964,False,True,True,NORMAL,1.0,False
1.528,0.00109913066739563,-0.023915247233920592,-0.44321106726698023,-0.01854236303630755,0.0,-0.021319999999999964,False,False,True,NORMAL,1.0,False
1.5290000000000001,0.0010749948260298584,-0.024355420380939838,-0.4166495469937666,-0.016904707336676657,0.0,-0.021319999999999964,False,False,True,NORMAL,1.0,False
1.53,0.0010504321018906032,-0.02476900342037911,-0.39197990756720164,-0.015422895181790765,0.0,-0.021319999999999964,False,False,True,NORMAL,1.0,False
1.5310000000000001,0.001025468138638795,-0.025157889733827175,-0.369019697812357,-0.014082096097549514,0.0,-0.021319999999999964,False,False,True,NORMAL,1.0,False
1.532,0.0010001267778030323,-0.02552379018240967,-0.3460179331500798,-0.012742007473440963,0.0,-0.011804999999999989,False,True,True,NORMAL,1.0,False
1.5330000000000001,0.0009744310251532134,-0.02586666582849574,-0.3245650462025197,-0.01152944514286322,0.0,-0.011804999999999989,False,False,True,NORMAL,1.0,False
1.534,0.0009484031305914658,-0.02618806691963014,-0.30451202118432946,-0.01043227337445559,0.0,-0.011804999999999989,False,False,True,NORMAL,1.0,False
1.5350000000000001,0.0009220638682997408,-0.026489394630549726,-0.28572416972646314,-0.009439511304387683,0.0,-0.011804999999999989,False,False,True,NORMAL,1.0,False
1.536,0.0008954326786470392,-0.026771915396084724,-0.26807976755374924,-0.008541223036183404,0.0,-0.011804999999999989,False,False,True,NORMAL,1.0,False
1.537,0.0008685277964455821,-0.027036773880198952,-0.2514688208665757,-0.00772841819892945,0.0,-0.003720000000000022,False,True,True,NORMAL,1.0,False
1.538,0.000841366366854916,-0.027285004710924498,-0.2357919500837374,-0.006992961968621444,0.0,-0.003720000000000022,False,False,True,NORMAL,1.0,False
1.539,0.0008139645501093625,-0.027517543098598315,-0.22095937977809768,-0.006327493652111088,0.0,-0.003720000000000022,False,False,True,NORMAL,1.0,False
1.54,0.0007863376161324001,-0.02773523444363559,-0.20689002469952564,-0.005725353018815121,0.0,-0.003720000000000022,False,False,True,NORMAL,1.0,False
1.541,0.0007585000300003839,-0.02793884302996511,-0.19351066274125195,-0.005180513642889061,0.0,-0.003720000000000022,False,False,True,NORMAL,1.0,False
1.542,0.0007304655291264583,-0.028129059891104438,-0.18075518657594397,-0.004687522588731801,0.0,-0.00036999999999999186,False,True,True,NORMAL,1.0,False
1.543,0.0007022471929526776,-0.02830650992757573,-0.16856392647515536,-0.00424144583617332,0.0,-0.00036999999999999186,False,False,True,NORMAL,1.0,False
1.544,0.0006738575058633919,-0.0284717583468737,-0.1568830375382331,-0.0038378188991424382,0.0,-0.00036999999999999186,False,False,True,NORMAL,1.0,False
1.545,0.000645308413965133,-0.028625316490420705,-0.14566394520139453,-0.0034726021435896523,0.0,-0.00036999999999999186,False,False,True,NORMAL,1.0,False
1.546,0.0006166113763168663,-0.02876764710581214,-0.1348628434809742,-0.0031421403574717994,0.0,-0.00036999999999999186,False,False,True,NORMAL,1.0,False
1.547,0.0005877774111389417,-0.028899169117107177,-0.12444024093261824,-0.00284312616816137,0.0,0.007204999999999989,False,True,True,NORMAL,1.0,False
1.548,0.0005588171374788368,-0.029020261940899714,-0.11436054978575878,-0.0025725669411496054,0.0,0.007204999999999989,False,False,True,NORMAL,1.0,False
1.549,0.0005297408127663158,-0.02913126939136188,-0.10459171414480918,-0.0023277548287544752,0.0,0.007204999999999989,False,False,True,NORMAL,1.0,False
1.55,0.0005005583666494956,-0.029232503213342288,-0.09510487353950978,-0.0021062396690709364,0.0,0.007204999999999989,False,False,True,NORMAL,1.0,False
1.551,0.0004712794314660825,-0.029324246278882155,-0.08587405846063358,-0.00190580446392706,0.0,0.007204999999999989,False,False,True,NORMAL,1.0,False
1.552,0.00044191336967036647,-0.02940675547914741,-0.07687591483737592,-0.0017244431904211669,0.0,0.014339999999999978,False,True,True,NORMAL,1.0,False
1.553,0.0004124692985060816,-0.02948026434072981,-0.06808945470240342,-0.0015603407239703812,0.0,0.014339999999999978,False,False,True,NORMAL,1.0,False
1.554,0.0003829561121876661,-0.029544985392515242,-0.05949583055262351,-0.0014118546719337195,0.0,0.014339999999999978,False,False,True,NORMAL,1.0,False
1.555,0.0003533825018275037,-0.029601112306824204,-0.05107813115088344,-0.0012774989359945134,0.0,0.014339999999999978,False,False,True,NORMAL,1.0,False
1.556,0.0003237569733241516,-0.029648821836273993,-0.042821196728385136,-0.001155928838788961,0.0,0.014339999999999978,False,False,True,NORMAL,1.0,False
1.557,0.00029408786340612915,-0.029688275565770954,-0.03471145174176148,-0.0010459276659231084,0.0,0.019280000000000002,False,True,True,NORMAL,1.0,False
1.558,0.00026438335400735824,-0.02971962149719446,-0.026736753514441953,-0.0009463944886862431,0.0,0.019280000000000002,False,False,True,NORMAL,1.0,False
1.559,0.0002346514851336194,-0.029742995482663206,-0.018886255250898588,-0.0008563331455863223,0.0,0.019280000000000002,False,False,True,NORMAL,1.0,False
1.56,0.00020490016636425234,-0.029758522520762398,-0.011150282056199924,-0.0007748422724309393,0.0,0.019280000000000002,False,False,True,NORMAL,1.0,False
1.561,0.0001751371871196362,-0.029766317928742337,-0.0035202187234487266,-0.0007011062811715267,0.0,0.019280000000000002,False,False,True,NORMAL,1.0,False
1.562,0.00014537022581259234,-0.02976648840246098,0.0077183666456974226,-0.00033784521201286156,0.0,0.023084999999999994,False,True,True,NORMAL,1.0,False
1.563,0.0001156087104169503,-0.02975542911749913,0.018506771280905457,-9.15300412235293e-06,0.0,0.023084999999999994,False,False,True,NORMAL,1.0,False
1.564,8.586364529678903e-05,-0.02973359116294754,0.028884316610066695,0.00028826000459383376,0.0,0.023084999999999994,False,False,True,NORMAL,1.0,False
1.565,5.614560339452479e-05,-0.029701386286697648,0.03888644895991457,0.0005573704234908944,0.0,0.023084999999999994,False,False,True,NORMAL,1.0,False
1.566,2.6464763634090003e-05,-0.02965919077191623,0.04854510934135767,0.0008008716000922863,0.0,0.023084999999999994,False,False,True,NORMAL,1.0,False
1.567,-3.1690553674206055e-06,-0.02960734894358993,0.06621579399512069,0.0016873386497652926,0.0,0.030015000000000007,False,True,True,NORMAL,1.0,False
1.568,-3.274220372329478e-05,-0.029537856168334348,0.08279187016730997,0.0024894472061653705,0.0,0.030015000000000007,False,False,True,NORMAL,1.0,False
1.569,-6.223757816869485e-05,-0.029451808177769788,0.09837148037114811,0.0032152250413229676,0.0,0.030015000000000007,False,False,True,NORMAL,1.0,False
1.57,-9.163912208351884e-05,-0.029350202515045134,0.11304330603829314,0.0038719359837546957,0.0,0.030015000000000007,False,False,True,NORMAL,1.0,False
1.571,-0.00012093173203569744,-0.029233947999513087,0.12688746942355883,0.004466152617300582,0.0,0.030015000000000007,False,False,True,NORMAL,1.0,False
1.572,-0.00015010117333809285,-0.029103873289146365,0.14661490103688718,0.005534906168167739,0.0,0.035539999999999995,False,True,True,NORMAL,1.0,False
1.573,-0.00017913068620524047,-0.02895410130038545,0.16500998599239652,0.006501954371651141,0.0,0.035539999999999995,False,False,True,NORMAL,1.0,False
1.574,-0.00020800123992499345,-0.028785965545996786,0.1821914244422109,0.007376975771207376,0.0,0.035539999999999995,False,False,True,NORMAL,1.0,False
1.575,-0.00023669507792868405,-0.028600680782080855,0.1982665121459258,0.008168727875108051,0.0,0.035539999999999995,False,False,True,NORMAL,1.0,False
1.576,-0.0002651956047381488,-0.028399354416841514,0.2133322277479217,0.008885134804526077,0.0,0.035539999999999995,False,False,True,NORMAL,1.0,False
1.577,-0.00029348728377773833,-0.02818299683165102,0.23415682210903052,0.010067815040925032,0.0,0.04109999999999999,False,True,True,NORMAL,1.0,False
1.578,-0.0003215522064447506,-0.027945855370681897,0.253492384160972,0.011137948372390419,0.0,0.04109999999999999,False,False,True,NORMAL,1.0,False
1.579,-0.0003493703337725864,-0.02768942023120395,0.2714705186079851,0.012106245052987779,0.0,0.04109999999999999,False,False,True,NORMAL,1.0,False
1.58,-0.00037692305116782555,-0.027415049941808167,0.2882102129423766,0.012982396121352286,0.0,0.04109999999999999,False,False,True,NORMAL,1.0,False
1.581,-0.00040419304305181814,-0.02712398398449271,0.30381904056165654,0.013775170391860674,0.0,0.04109999999999999,False,False,True,NORMAL,1.0,False
1.582,-0.00043116417952264224,-0.02681735421315952,0.32049095023810836,0.014660238282061967,0.0,0.042844999999999994,False,False,True,NORMAL,1.0,False
1.583,-0.00045782036608431293,-0.02649410013252125,0.33601424290048026,0.015461080826618238,0.0,0.042844999999999994,False,False,True,NORMAL,1.0,False
1.584,-0.0004841455530613952,-0.026155371324783922,0.35048722051208836,0.016185713126887883,0.0,0.042844999999999994,False,False,True,NORMAL,1.0,False
1.585,-0.0005101247911920729,-0.025802219018302482,0.3639987508767867,0.016841387546489325,0.0,0.042844999999999994,False,False,True,NORMAL,1.0,False
1.586,-0.0005357441379926186,-0.02543560552537375,0.37662916802882135,0.01743466629539372,0.0,0.042844999999999994,False,False,True,NORMAL,1.0,False
1.587,-0.0005609905731093404,-0.025056412779286986,0.3610017285565648,0.015775538435042622,0.0,0.009484999999999999,False,True,True,NORMAL,1.0,False
1.588,-0.0005858656393622051,-0.024692877809423988,0.3472878038917698,0.014274297465691008,0.0,0.009484999999999999,False,False,True,NORMAL,1.0,False
1.589,-0.0006103840376792248,-0.024343086846512714,0.3353000195367583,0.012915918463133093,0.0,0.009484999999999999,False,False,True,NORMAL,1.0,False
1.59,-0.0006345586489295452,-0.024005313563484287,0.32486874527617815,0.011686806313744327,0.0,0.009484999999999999,False,False,True,NORMAL,1.0,False
1.591,-0.0006584007124910818,-0.02367800132408083,0.31584040792179924,0.010574659650014766,0.0,0.009484999999999999,False,False,True,NORMAL,1.0,False
1.592,-0.0006819199879106198,-0.02335974711938646,0.38399575935269414,0.015641931311498,0.0,0.08318500000000001,False,True,True,NORMAL,1.0,False
1.593,-0.0007050869610512098,-0.02297342699316653,0.4459420607032879,0.020226988318161273,0.0,0.08318500000000001,False,False,True,NORMAL,1.0,False
1.594,-0.0007278366714579912,-0.022525252761821875,0.5022476234910077,0.024375719461618154,0.0,0.08318500000000001,False,False,True,NORMAL,1.0,False
1.595,-0.0007501100862512421,-0.02202086767908525,0.5534266538950205,0.028129646637589052,0.0,0.08318500000000001,False,False,True,NORMAL,1.0,False
1.596,-0.0007718535586236649,-0.021465400562703553,0.5999444066717498,0.03152634041098958,0.0,0.08318500000000001,False,False,True,NORMAL,1.0,False
1.597,-0.0007930183378867043,-0.020863514765175107,0.6065719268029698,0.031747802290455894,0.0,0.05351500000000001,False,True,True,NORMAL,1.0,False
1.598,-0.0008135779418727948,-0.020255074341055997,0.6127900145037826,0.03194818928566558,0.0,0.05351500000000001,False,False,True,NORMAL,1.0,False
1.599,-0.000833526020811109,-0.01964048913752669,0.6186229251015284,0.0321295069370191,0.0,0.05351500000000001,False,False,True,NORMAL,1.0,False
1.6,-0.0008528566226412619,-0.019020144719447712,0.6240925813298825,0.032293569932514164,0.0,0.05351500000000001,False,False,True,NORMAL,1.0,False
1.601,-0.0008715641698975931,-0.018394404702847682,0.6292187986531445,0.03244202026975316,0.0,0.05351500000000001,False,False,True,NORMAL,1.0,False
1.602,-0.0008896434388142458,-0.01776361286300202,0.6330402277298586,0.03249800277617202,0.0,0.0527,False,True,True,NORMAL,1.0,False
1.603,-0.0009070900298131628,-0.017129073529197732,0.6366470900359488,0.032548657842735244,0.0,0.0527,False,False,True,NORMAL,1.0,False
1.604,-0.0009239003027686161,-0.01649100152069503,0.6400452259336655,0.03259449244237475,0.0,0.0527,False,False,True,NORMAL,1.0,False
1.605,-0.0009400708294474183,-0.015849605796834167,0.6432399116105363,0.03263596530316927,0.0,0.0527,False,False,True,NORMAL,1.0,False
1.606,-0.0009555983879311632,-0.015205090021425007,0.6462359160597636,0.03267349149944915,0.0,0.0527,False,False,True,NORMAL,1.0,False
1.607,-0.0009704799575743602,-0.014557653070137571,0.6538677745977605,0.03309386436306585,0.0,0.05671999999999998,False,True,True,NORMAL,1.0,False
1.608,-0.0009847103005855796,-0.013902663066211879,0.6608417304759878,0.03347423345959316,0.0,0.05671999999999998,False,False,True,NORMAL,1.0,False
1.609,-0.0009982821929760647,-0.013240778243752268,0.667204731420188,0.03381840565079561,0.0,0.05671999999999998,False,False,True,NORMAL,1.0,False
1.61,-0.0010111890455047979,-0.012572609852076816,0.6729992691122323,0.03412982552764301,0.0,0.05671999999999998,False,False,True,NORMAL,1.0,False
1.611,-0.0010234248589223432,-0.01189872661353691,0.6782638067395161,0.034411609884934684,0.0,0.05671999999999998,False,False,True,NORMAL,1.0,False
1.612,-0.0010349841834586758,-0.011219658753622722,0.6789839499245237,0.03434264164127101,0.0,0.05335000000000001,False,True,True,NORMAL,1.0,False
1.613,-0.0010458641057057168,-0.010539947672864666,0.6796323027149319,0.0342802365937479,0.0,0.05335000000000001,False,False,True,NORMAL,1.0,False
1.614,-0.0010560640183433173,-0.009859665177476157,0.6802010290393941,0.034223770171674675,0.0,0.05335000000000001,False,False,True,NORMAL,1.0,False
1.615,-0.0010655833897708542,-0.009178890895500199,0.680683064543195,0.03417267724012021,0.0,0.05335000000000001,False,False,True,NORMAL,1.0,False
1.616,-0.0010744217715431081,-0.008497711504820666,0.6810720464025874,0.03412644644385258,0.0,0.05335000000000001,False,False,True,NORMAL,1.0,False
1.617,-0.0010825788050692568,-0.00781622003139082,0.6831585636960659,0.03422832020067175,0.0,0.054845000000000005,False,True,True,NORMAL,1.0,False
1.618,-0.0010900533299506702,-0.007132720310992748,0.6849673220523603,0.03432049938775763,0.0,0.054845000000000005,False,False,True,NORMAL,1.0,False
1.619,-0.0010968434768231124,-0.006447490109751033,0.6865098495172902,0.03440390656539707,0.0,0.054845000000000005,False,False,True,NORMAL,1.0,False
1.62,-0.0011029476483170255,-0.00576079564358564,0.6877966205949343,0.03447937650065801,0.0,0.054845000000000005,False,False,True,NORMAL,1.0,False
1.621,-0.0011083645080342556,-0.005072892632223146,0.6888371597812779,0.03454766452201886,0.0,0.054845000000000005,False,False,True,NORMAL,1.0,False
1.622,-0.0011130929705270118,-0.004384027249637296,0.6852785168898876,0.03426052461174831,0.0,0.051215,False,True,True,NORMAL,1.0,False
1.623,-0.0011171343718587032,-0.0036987951661139546,0.6819122973764296,0.034000709676724035,0.0,0.051215,False,False,True,NORMAL,1.0,False
1.624,-0.0011204922490303975,-0.003017003701196873,0.6787065041055033,0.033765619401749485,0.0,0.051215,False,False,True,NORMAL,1.0,False
1.625,-0.0011231699623602002,-0.002338492168045662,0.6756322413373155,0.03355290092433615,0.0,0.051215,False,False,True,NORMAL,1.0,False
1.6260000000000001,-0.001125170725925778,-0.0016631287708838722,0.6726634225704374,0.03336042528646493,0.0,0.051215,False,False,True,NORMAL,1.0,False
1.627,-0.0011264976350504486,-0.0009908077947232098,0.663456364993275,0.03268065483318714,0.0,0.04595500000000001,False,True,True,NORMAL,1.0,False
1.6280000000000001,-0.0011271568495431117,-0.0003277622261799359,0.6549215981287967,0.032065573091386135,0.0,0.04595500000000001,False,False,True,NORMAL,1.0,False
1.629,-0.0011271573084926435,0.0003266807392428656,0.6469831747551537,0.03150902411625385,0.0,0.04595500000000001,False,False,True,NORMAL,1.0,False
1.6300000000000001,-0.001126507316162563,0.0009731179429468378,0.6395724414544638,0.031005437778584593,0.0,0.04595500000000001,False,False,True,NORMAL,1.0,False
1.631,-0.0011252146143062695,0.0016120775598428036,0.6326273470922684,0.03054977401704976,0.0,0.04595500000000001,False,False,True,NORMAL,1.0,False
1.6320000000000001,-0.0011232864475315286,0.0022440257031585246,0.6252867800905938,0.030073069436059006,0.0,0.04528499999999997,False,True,True,NORMAL,1.0,False
1.633,-0.00112073002468287,0.0028685679999115965,0.6183830197266461,0.029641729293829418,0.0,0.04528499999999997,False,False,True,NORMAL,1.0,False
1.6340000000000001,-0.0011175525330391783,0.0034861417456562393,0.6118630647308199,0.029251436593239134,0.0,0.04528499999999997,False,False,True,NORMAL,1.0,False
1.635,-0.0011137607490870685,0.00409713122722397,0.6056790361257386,0.028898285153758738,0.0,0.04528499999999997,False,False,True,NORMAL,1.0,False
1.6360000000000001,-0.0011093610889678044,0.004701872846944479,0.5997876922108845,0.028578740517083614,0.0,0.04528499999999997,False,False,True,NORMAL,1.0,False
1.637,-0.0011043596540425687,0.005300659761656715,0.5884666688133867,0.02783493890370351,0.0,0.04055500000000001,False,True,True,NORMAL,1.0,False
1.6380000000000001,-0.0010987651122250793,0.005888067235119478,0.5779140415519847,0.02716191937232168,0.0,0.04055500000000001,False,False,True,NORMAL,1.0,False
1.639,-0.0010925884585311792,0.006464864338189841,0.5680469331279602,0.02655294611725837,0.0,0.04055500000000001,False,False,True,NORMAL,1.0,False
1.6400000000000001,-0.0010858399603518448,0.007031737243183028,0.5587904393330647,0.02600192432949393,0.0,0.04055500000000001,False,False,True,NORMAL,1.0,False
1.641,-0.0010785292363641417,0.007589297200008541,0.550076872354064,0.025503339197771598,0.0,0.04055500000000001,False,False,True,NORMAL,1.0,False
1.6420000000000001,-0.0010706653278444956,0.008138087755309564,0.5366423742969892,0.02463598457319537,0.0,0.036224999999999966,False,False,True,NORMAL,1.0,False
1.643,-0.0010622593631071922,0.008673392679884866,0.5241378883564444,0.023851169654172267,0.0,0.036224999999999966,False,False,True,NORMAL,1.0,False
1.6440000000000001,-0.0010533243625125118,0.009196142770187944,0.5124667642751245,0.023141039749207303,0.0,0.036224999999999966,False,False,True,NORMAL,1.0,False
1.645,-0.0010438724639592427,0.009707172143827818,0.5015416416691963,0.02249848763952868,0.0,0.036224999999999966,False,False,True,NORMAL,1.0,False
1.6460000000000001,-0.0010339150149173723,0.010207227533001203,0.49128356765257597,0.02191708244765352,0.0,0.036224999999999966,False,False,True,NORMAL,1.0,False
1.647,-0.0010234626556086556,0.010696976695198502,0.4856583988536653,0.021713981310761243,0.0,0.039584999999999995,False,False,True,NORMAL,1.0,False
1.6480000000000001,-0.0010125233766223468,0.01118105004794084,0.48017378219881013,0.021530207802455466,0.0,0.039584999999999995,False,False,True,NORMAL,1.0,False
1.649,-0.0010011027833155082,0.011659588670941549,0.47480777643578526,0.021363922655696657,0.0,0.039584999999999995,False,False,True,NORMAL,1.0,False
1.6500000000000001,-0.0009892063509357148,0.012132711704068388,0.4695406318150044,0.02121346163284569,0.0,0.039584999999999995,False,False,True,NORMAL,1.0,False
1.651,-0.0009768394454648935,0.012600518539588216,0.4643545832878958,0.021077318869414167,0.0,0.039584999999999995,False,False,True,NORMAL,1.0,False
1.6520000000000001,-0.0009640073423743485,0.013063090807526304,0.4592336633587703,0.020954131802866507,0.0,0.039584999999999995,False,True,True,NORMAL,1.0,False
1.653,-0.0009507152434880267,0.013520494173801589,0.4541635327195549,0.0208426675356361,0.0,0.039584999999999995,False,False,True,NORMAL,1.0,False
1.6540000000000001,-0.0009369682921323534,0.013972779968927772,0.44913132697478875,0.02074181049587207,0.0,0.039584999999999995,False,False,True,NORMAL,1.0,False
1.655,-0.0009227715867340267,0.01441998666337694,0.444125517925356,0.02065055127242123,0.0,0.039584999999999995,False,False,True,NORMAL,1.0,False
1.6560000000000001,-0.0009081301930118253,0.014862141204170181,0.43913578802518055,0.020567976512302008,0.0,0.039584999999999995,False,False,True,NORMAL,1.0,False
1.657,-0.0008930491548946149,0.015299260225873457,0.41062060403267325,0.018610674761615608,0.0,0.001910000000000002,False,True,True,NORMAL,1.0,False
1.6580000000000001,-0.0008775452643400612,0.015707837357411276,0.38438136468048767,0.016839634899207263,0.0,0.001910000000000002,False,False,True,NORMAL,1.0,False
1.659,-0.0008616459247861998,0.016090149961332286,0.36019925517073326,0.015237131762866936,0.0,0.001910000000000002,False,False,True,NORMAL,1.0,False
1.6600000000000001,-0.0008453763717445512,0.01644825650154529,0.33787638592253394,0.013787126962586226,0.0,0.001910000000000002,False,False,True,NORMAL,1.0,False
1.661,-0.0008287598812333715,0.016784017476679403,0.3172338015994955,0.012475108362960481,0.0,0.001910000000000002,False,False,True,NORMAL,1.0,False
1.6620000000000001,-0.0008118179582732991,0.01709911436168501,0.29810967957971435,0.011287944840859968,0.0,0.014715000000000016,False,True,True,NORMAL,1.0,False
1.663,-0.0007945705073424069,0.017395066747192853,0.28035769984045306,0.010213754864736063,0.0,0.014715000000000016,False,False,True,NORMAL,1.0,False
1.6640000000000001,-0.0007770359865071736,0.01767324784811369,0.26384556994519354,0.00924178758026,0.0,0.014715000000000016,False,False,True,NORMAL,1.0,False
1.665,-0.0007592315467825608,0.017934898536642183,0.2484536903731036,0.008362315212159256,0.0,0.014715000000000016,False,False,True,NORMAL,1.0,False
1.666,-0.0007411731581266011,0.018181140040062858,0.23407394683555358,0.007566535705373008,0.0,0.014715000000000016,False,False,True,NORMAL,1.0,False
1.667,-0.0007228757233411852,0.018412985430395375,0.22060861749525623,0.006846484631126611,0.0,0.00500999999999999,False,True,True,NORMAL,1.0,False
1.668,-0.0007043531810297413,0.01863135002082718,0.20796938415359456,0.006194955476251481,0.0,0.00500999999999999,False,False,True,NORMAL,1.0,False
1.669,-0.0006856185986530217,0.01883706077294276,0.19607643751225473,0.005605427517979118,0.0,0.00500999999999999,False,False,True,NORMAL,1.0,False
1.67,-0.0006666842566251495,0.019030864808861007,0.1848576675568164,0.005072000562355942,0.0,0.00500999999999999,False,False,True,NORMAL,1.0,False
1.671,-0.000647561724302446,0.019213437113436323,0.17424793096188443,0.004589335893119086,0.0,0.00500999999999999,False,False,True,NORMAL,1.0,False
1.672,-0.0006282619286364529,0.019385387503575404,0.16418838818820913,0.0041526028400296275,0.0,0.0023700000000000145,False,True,True,NORMAL,1.0,False
1.673,-0.0006087952161891783,0.019547266934389306,0.15462590363974615,0.0037574304319012005,0.0,0.0023700000000000145,False,False,True,NORMAL,1.0,False
1.674,-0.0005891714091421933,0.019699573205265598,0.14551250287973538,0.0033998636504512223,0.0,0.0023700000000000145,False,False,True,NORMAL,1.0,False
1.675,-0.0005693998558711214,0.01984275612294223,0.13680488147594644,0.003076323847148596,0.0,0.0023700000000000145,False,False,True,NORMAL,1.0,False
1.676,-0.0005494894766026977,0.0199772221732327,0.12846396056196274,0.0027835729268963854,0.0,0.0023700000000000145,False,False,True,NORMAL,1.0,False
1.677,-0.0005294488046223821,0.020103338748137006,0.12045448466892703,0.002518680940087724,0.0,0.0003849999999999895,False,True,True,NORMAL,1.0,False
1.678,-0.0005092860234559999,0.020221437970625596,0.11274465780522858,0.0022789967586853595,0.0,0.0003849999999999895,False,False,True,NORMAL,1.0,False
1.679,-0.0004890090004086074,0.02033182015535938,0.10530581414441237,0.0020621215428411814,0.0,0.0003849999999999895,False,False,True,NORMAL,1.0,False
1.68,-0.0004686253168073385,0.020434756939967713,0.09811212002795891,0.0018658847325007438,0.0,0.0003849999999999895,False,False,True,NORMAL,1.0,False
1.681,-0.0004481422952620114,0.020530494118211652,0.09114030430299372,0.00168832232370869,0.0,0.0003849999999999895,False,False,True,NORMAL,1.0,False
1.682,-0.0004275670242274396,0.020619254203378568,0.08436941429856909,0.0015276572121970425,0.0,-0.0030749999999999944,False,True,True,NORMAL,1.0,False
1.683,-0.00040690638012439334,0.020701238747556902,0.07778059500075794,0.0013822814075283838,0.0,-0.0030749999999999944,False,False,True,NORMAL,1.0,False
1.684,-0.00038616704725172784,0.02077663043999905,0.07135688921897887,0.0012507399397870948,0.0,-0.0030749999999999944,False,False,True,NORMAL,1.0,False
1.685,-0.0003653555357000929,0.020845595005571888,0.06508305674605565,0.0011317162977514063,0.0,-0.0030749999999999944,False,False,True,NORMAL,1.0,False
1.686,-0.0003444781974576358,0.020908282922296267,0.05894541070460613,0.0010240192528065976,0.0,-0.0030749999999999944,False,False,True,NORMAL,1.0,False
1.687,-0.00032354124088001385,0.020964830975168554,0.052931669444358224,0.0009265709367286343,0.0,-0.011519999999999997,False,True,True,NORMAL,1.0,False
1.688,-0.0003025507436806562,0.02101536366182136,0.04703082251062432,0.0008383960540166978,0.0,-0.011519999999999997,False,False,True,NORMAL,1.0,False
1.689,-0.0002815126645823987,0.021059994464100184,0.04123300934498951,0.0007586121208080057,0.0,-0.011519999999999997,False,False,True,NORMAL,1.0,False
1.69,-0.00026043285375820845,0.02109882699829324,0.03552940950669078,0.0006864206326826993,0.0,-0.011519999999999997,False,False,True,NORMAL,1.0,False
1.691,-0.00023931706217658177,0.021131956055539736,0.02991214331846159,0.0006210990729632234,0.0,-0.011519999999999997,False,False,True,NORMAL,1.0,False
1.692,-0.00021817094995622467,0.021159468542845207,0.024374181944939885,0.0005619936815245712,0.0,-0.012105000000000008,False,True,True,NORMAL,1.0,False
1.693,-0.00019700009382469068,0.021181444334140237,0.01890926600613526,0.0005085129117432163,0.0,-0.012105000000000008,False,False,True,NORMAL,1.0,False
1.694,-0.00017580999376666398,0.021197957039920997,0.01351183191386389,0.00046012151009967964,0.0,-0.012105000000000008,False,False,True,NORMAL,1.0,False
1.695,-0.00015460607893944345,0.021209074703197675,0.00817694519634577,0.0004163351591814008,0.0,-0.012105000000000008,False,False,True,NORMAL,1.0,False
1.696,-0.00013339371292582492,0.021214860428741714,0.0029002401460891526,0.0003767156304712889,0.0,-0.012105000000000008,False,False,True,NORMAL,1.0,False
1.697,-0.00011217819838792016,0.0212153729519577,-0.0023221348105366443,0.0003408663984094297,0.0,-0.01611999999999999,False,True,True,NORMAL,1.0,False
1.698,-9.096478117942622e-05,0.02121066715310384,-0.007493566566384803,0.00030842867183200504,0.0,-0.01611999999999999,False,False,True,NORMAL,1.0,False
1.699,-6.97586539684075e-05,0.02120079452204048,-0.012617022101809885,0.0002790778030687317,0.0,-0.01611999999999999,False,False,True,NORMAL,1.0,False
1.7,-4.856495941771906e-05,0.021185803578193295,-0.017695089013804913,0.0002525200387598592,0.0,-0.01611999999999999,False,False,True,NORMAL,1.0,False
1.701,-2.7388792965736693e-05,0.021165740249972066,-0.0227300122092447,0.00022848957987381142,0.0,-0.01611999999999999,False,False,True,NORMAL,1.0,False
1.702,-6.235205246019423e-06,0.02114064821748238,-0.02772372712710494,0.00020674592150114065,0.0,-0.019655000000000002,False,True,True,NORMAL,1.0,False
1.703,1.4890795819124241e-05,0.021110569222002773,-0.032677889819800146,0.00018707144580055728,0.0,-0.019655000000000002,False,False,True,NORMAL,1.0,False
1.704,3.5984243219502786e-05,0.021075543345369378,-0.03759390419236182,0.00016926924400643018,0.0,-0.019655000000000002,False,False,True,NORMAL,1.0,False
1.705,5.704020932366983e-05,0.021035609262111434,-0.04247294666974689,0.00015316114569967712,0.0,-0.019655000000000002,False,False,True,NORMAL,1.0,False
1.706,7.805380458535103e-05,0.020990804466910557,-0.04731598853684075,0.00013858593561832524,0.0,-0.019655000000000002,False,False,True,NORMAL,1.0,False
1.707,9.90201764661575e-05,0.02094116547971201,-0.057278456028826676,-0.0002869734483498585,0.0,-0.024289999999999996,False,True,True,NORMAL,1.0,False
1.708,0.00011993193256986442,0.020881577447940117,-0.06670749478213721,-0.0006720355025606035,0.0,-0.024289999999999996,False,False,True,NORMAL,1.0,False
1.709,0.000140779390800909,0.020812574499160488,-0.0756499003973987,-0.0010204540574762766,0.0,-0.024289999999999996,False,False,True,NORMAL,1.0,False
1.71,0.00016155337978560465,0.020734643942112593,-0.08414792890370486,-0.0013357162031019945,0.0,-0.024289999999999996,False,False,True,NORMAL,1.0,False
1.711,0.0001822451943236787,0.020648230807972602,-0.09223972979671718,-0.0016209771889544456,0.0,-0.024289999999999996,False,False,True,NORMAL,1.0,False
1.712,0.00020284655516449582,0.02055374195840833,-0.10536670276968915,-0.0023116491936052085,0.0,-0.028789999999999996,False,True,True,NORMAL,1.0,False
1.713,0.00022334687061484327,0.020446147092555593,-0.11762970486471219,-0.002936595067003125,0.0,-0.028789999999999996,False,False,True,NORMAL,1.0,False
1.714,0.0002437334669111514,0.020326310974925696,-0.12910536498615663,-0.0035020694775007234,0.0,-0.028789999999999996,False,False,True,NORMAL,1.0,False
1.715,0.0002639944967273616,0.02019502170420439,-0.13986294285822262,-0.004013731883060777,0.0,-0.028789999999999996,False,False,True,NORMAL,1.0,False
1.716,0.0002841188661946541,0.02005299808525222,-0.14996503168434805,-0.004476703173013803,0.0,-0.028789999999999996,False,False,True,NORMAL,1.0,False
1.717,0.00030409616894175215,0.019900896298169612,-0.1636796188256542,-0.005232530909320446,0.0,-0.03229499999999999,False,False,True,NORMAL,1.0,False
1.718,0.0003239145218658103,0.019735107821233996,-0.17643883073565972,-0.005916432126720113,0.0,-0.03229499999999999,False,False,True,NORMAL,1.0,False
1.719,0.0003435607162299387,0.01955658881665783,-0.18832668860751892,-0.006535251538463677,0.0,-0.03229499999999999,False,False,True,NORMAL,1.0,False
1.72,0.0003630224574348059,0.019366211384080782,-0.19941915121415568,-0.007095182497216255,0.0,-0.03229499999999999,False,False,True,NORMAL,1.0,False
1.721,0.00038228828498833685,0.019164771626096182,-0.2097848838141743,-0.007601828980212337,0.0,-0.03229499999999999,False,False,True,NORMAL,1.0,False
1.722,0.00040134750015638146,0.018952996944569884,-0.20471292428711893,-0.006878419306806263,0.0,-0.006614999999999999,False,True,True,NORMAL,1.0,False
1.723,0.0004201974832461718,0.018746314042743534,-0.20046204436624487,-0.006223851165739274,0.0,-0.006614999999999999,False,False,True,NORMAL,1.0,False
1.724,0.00043884291551962506,0.018543901914752088,-0.196950176602139,-0.005631573419047621,0.0,-0.006614999999999999,False,False,True,NORMAL,1.0,False
1.725,0.00045728769827601585,0.018345021649900137,-0.19410299398659114,-0.00509565835197099,0.0,-0.006614999999999999,False,False,True,NORMAL,1.0,False
1.726,0.0004755350310758546,0.018149008689082254,-0.1918531743555757,-0.004610742346390803,0.0,-0.006614999999999999,False,False,True,NORMAL,1.0,False
1.727,0.0004935874825890846,0.017955265817092104,-0.24014214450984234,-0.008172164976132814,0.0,-0.06161499999999999,False,True,True,NORMAL,1.0,False
1.728,0.0005114220665283049,0.017713293767822456,-0.2840733235326449,-0.011394673432963413,0.0,-0.06161499999999999,False,False,True,NORMAL,1.0,False
1.729,0.0005289927332898243,0.017427452325369217,-0.3240460392862775,-0.014310519664641056,0.0,-0.06161499999999999,False,False,True,NORMAL,1.0,False
1.73,0.0005462575933302239,0.0171017017700544,-0.3604215916581587,-0.01694888644030214,0.0,-0.06161499999999999,False,False,True,NORMAL,1.0,False
1.731,0.0005631785366816863,0.01673964092139016,-0.3935268749032543,-0.01933617942142317,0.0,-0.06161499999999999,False,False,True,NORMAL,1.0,False
1.732,0.0005797208886986315,0.016344541557273932,-0.3980346494621354,-0.019446450973522596,0.0,-0.040290000000000006,False,True,True,NORMAL,1.0,False
1.733,0.0005958659034436326,0.01594498239228377,-0.4023151618633312,-0.01954622880000706,0.0,-0.040290000000000006,False,False,True,NORMAL,1.0,False
1.734,0.0006116092348551494,0.015541191011167419,-0.40638025824541596,-0.0196365115109005,0.0,-0.040290000000000006,False,False,True,NORMAL,1.0,False
1.735,0.0006269467585278605,0.015133383136268093,-0.41024062894715335,-0.01971820268591861,0.0,-0.040290000000000006,False,False,True,NORMAL,1.0,False
1.736,0.0006418745604283037,0.014721763783748404,-0.4139059207444699,-0.01979211991779832,0.0,-0.040290000000000006,False,False,True,NORMAL,1.0,False
1.737,0.0006563889267106073,0.014306528307535626,-0.4158468572865479,-0.019735964505228628,0.0,-0.039009999999999996,False,True,True,NORMAL,1.0,False
1.738,0.0006704871031171666,0.01388940011225308,-0.4177581107036211,-0.019685152986710322,0.0,-0.039009999999999996,False,False,True,NORMAL,1.0,False
1.739,0.0006841672118337285,0.013470409070482749,-0.41963294656190975,-0.019639176823487734,0.0,-0.039009999999999996,False,False,True,NORMAL,1.0,False
1.74,0.0006974274082829727,0.01304959178058082,-0.4214652529178677,-0.01959757587066621,0.0,-0.039009999999999996,False,False,True,NORMAL,1.0,False
1.741,0.0007102658875389503,0.012626990943921154,-0.4232494832612373,-0.019559933771927343,0.0,-0.039009999999999996,False,False,True,NORMAL,1.0,False
1.742,0.0007226808901473026,0.012202654799220815,-0.4299970667530593,-0.0199271907416868,0.0,-0.043185,False,False,True,NORMAL,1.0,False
1.743,0.0007346682004753687,0.01177162409509272,-0.43620151362409265,-0.020259498589959655,0.0,-0.043185,False,False,True,NORMAL,1.0,False
1.744,0.000746221395642158,0.011334442293403831,-0.4419037670268907,-0.020560183165383952,0.0,-0.043185,False,False,True,NORMAL,1.0,False
1.745,0.000757334575747214,0.010891611883987035,-0.4471408701222801,-0.020832253820254113,0.0,-0.043185,False,False,True,NORMAL,1.0,False
1.746,0.0007680023248491013,0.01044359828617016,-0.4519463396344303,-0.02107843352913018,0.0,-0.043185,False,False,True,NORMAL,1.0,False
1.747,0.0007782196756585936,0.009990833376605258,-0.4318389297118691,-0.01934026020990222,0.0,-0.022785,False,False,True,NORMAL,1.0,False
1.748,0.0007879943270223249,0.009558210960119376,-0.4137297394156147,-0.017767495951632996,0.0,-0.022785,False,False,True,NORMAL,1.0,False
1.749,0.0007973454220866018,0.009143732125023516,-0.3974233181695385,-0.01634440000100143,0.0,-0.022785,False,False,True,NORMAL,1.0,False
1.75,0.0008062902028355842,0.0087455934811272,-0.382742805052379,-0.015056729535414535,0.0,-0.022785,False,False,True,NORMAL,1.0,False
1.7510000000000001,0.0008148441963154475,0.008362168562730695,-0.36952816096571833,-0.013891597116051728,0.0,-0.022785,False,False,True,NORMAL,1.0,False
1.752,0.0008230213831456907,0.007991991000148897,-0.35763456903357244,-0.012837341706045493,0.0,-0.022785,False,True,True,NORMAL,1.0,False
1.7530000000000001,0.0008308343500019857,0.0076337392914687975,-0.3469309872239626,-0.011883411962905011,0.0,-0.022785,False,False,True,NORMAL,1.0,False
1.754,0.0008382944275946686,0.0072862230222584465,-0.337298838706364,-0.011020260637134072,0.0,-0.022785,False,False,True,NORMAL,1.0,False
1.7550000000000001,0.0008454118155219375,0.006948370395437126,-0.32863082683745637,-0.01023924902014918,0.0,-0.022785,False,False,True,NORMAL,1.0,False
1.756,0.0008521956952455891,0.006619216946629216,-0.32082986291495735,-0.00953256048518048,0.0,-0.022785,False,False,True,NORMAL,1.0,False
1.7570000000000001,0.000858654332318376,0.0062978953321891264,-0.3719630071682125,-0.01354551515186354,0.0,-0.07118499999999998,False,True,True,NORMAL,1.0,False
1.758,0.0008647661065075037,0.005925516950177297,-0.4181679830289592,-0.017176586691160397,0.0,-0.07118499999999998,False,False,True,NORMAL,1.0,False
1.7590000000000001,0.0008704824257657257,0.005507011830947389,-0.4598955146372296,-0.02046211608748162,0.0,-0.07118499999999998,False,False,True,NORMAL,1.0,False
1.76,0.0008757594026461371,0.005046859081135853,-0.4975534795087116,-0.023434986023330162,0.0,-0.07118499999999998,False,False,True,NORMAL,1.0,False
1.7610000000000001,0.0008805574248075626,0.004549129747264433,-0.5315109899555992,-0.026124949980240085,0.0,-0.07118499999999998,False,False,True,NORMAL,1.0,False
1.762,0.0008848407663422898,0.004017525596314644,-0.5229136061579376,-0.02542385162691603,0.0,-0.03856999999999999,False,True,True,NORMAL,1.0,False
1.7630000000000001,0.0008885968201165055,0.0034945718366414954,-0.5150445373199889,-0.02478947160310503,0.0,-0.03856999999999999,False,False,True,NORMAL,1.0,False
1.764,0.000891833872228577,0.0029795397538754376,-0.5078251911360716,-0.024215460820306296,0.0,-0.03856999999999999,False,False,True,NORMAL,1.0,False
1.7650000000000001,0.0008945595193655938,0.0024717792460306853,-0.5011844905472281,-0.02369607438567389,0.0,-0.03856999999999999,False,False,True,NORMAL,1.0,False
1.766,0.0008967807436571297,0.0019707113053344188,-0.4950581605958333,-0.0232261141051982,0.0,-0.03856999999999999,False,False,True,NORMAL,1.0,False
1.7670000000000001,0.0008985039803675041,0.0014758212134854116,-0.48854699970688076,-0.022733589784317134,0.0,-0.03787,False,True,True,NORMAL,1.0,False
1.768,0.0008997355994296711,0.0009874928038743486,-0.4825209409461274,-0.022287935349491195,0.0,-0.03787,False,False,True,NORMAL,1.0,False
1.7690000000000001,0.0009004819198546116,0.0005052406183890135,-0.4769249246617088,-0.021884690541347018,0.0,-0.03787,False,False,True,NORMAL,1.0,False
1.77,0.0009007488027289422,2.8634269817483552e-05,-0.47170917639760607,-0.021519819550309432,0.0,-0.03787,False,False,True,NORMAL,1.0,False
1.7710000000000001,0.0009005417036425233,-0.00044270684538001747,-0.46682870586228226,-0.021189670624862763,0.0,-0.03787,False,False,True,NORMAL,1.0,False
1.772,0.0008998657200794236,-0.0009091183330677587,-0.45978568841021117,-0.020694366311355402,0.0,-0.03582499999999999,False,True,True,NORMAL,1.0,False
1.7730000000000001,0.0008987268621951118,-0.001368439902758726,-0.45323833957950366,-0.020246196435179328,0.0,-0.03582499999999999,False,False,True,NORMAL,1.0,False
1.774,0.0008971319719360192,-0.0018211676301371513,-0.447131386760132,-0.01984067556157867,0.0,-0.03582499999999999,False,False,True,NORMAL,1.0,False
1.7750000000000001,0.0008950874228134628,-0.002267742306002571,-0.4414148704409024,-0.01947374510135017,0.0,-0.03582499999999999,False,False,True,NORMAL,1.0,False
1.776,0.0008925991725312855,-0.00270855475140306,-0.4360436403314129,-0.01914173269111826,0.0,-0.03582499999999999,False,False,True,NORMAL,1.0,False
1.7770000000000001,0.000889672810550371,-0.003143950628689382,-0.424752882063672,-0.018343394050629815,0.0,-0.030645000000000006,False,True,True,NORMAL,1.0,False
1.778,0.0008863167114650447,-0.0035680156779941525,-0.41433207876829276,-0.017621027376451912,0.0,-0.030645000000000006,False,False,True,NORMAL,1.0,False
1.7790000000000001,0.0008825417709266184,-0.003981620443607897,-0.40469200504449676,-0.016967402980113556,0.0,-0.030645000000000006,False,False,True,NORMAL,1.0,False
1.78,0.0008783580586643122,-0.004385546216763963,-0.3957519834863924,-0.016375979168965445,0.0,-0.030645000000000006,False,False,True,NORMAL,1.0,False
1.7810000000000001,0.0008737749034631854,-0.004780493586941069,-0.3874390725828201,-0.0158408367747212,0.0,-0.030645000000000006,False,False,True,NORMAL,1.0,False
1.782,0.0008688009699969237,-0.005167090180743371,-0.38381464841195306,-0.015686805234700826,0.0,-0.03408,False,True,True,NORMAL,1.0,False
1.7830000000000001,0.0008634422657011358,-0.005550021733584832,-0.3802923738540369,-0.01554743173373269,0.0,-0.03408,False,False,True,NORMAL,1.0,False
1.784,0.0008577024044310738,-0.005929390726780044,-0.3768554720939971,-0.015421321374974048,0.0,-0.03408,False,False,True,NORMAL,1.0,False
1.7850000000000001,0.0008515849059485748,-0.0063052828665103346,-0.37348882958325497,-0.015307212003567291,0.0,-0.03408,False,False,True,NORMAL,1.0,False
1.786,0.0008450932118653629,-0.006677768747667338,-0.3701788392303293,-0.015203961574569895,0.0,-0.03408,False,False,True,NORMAL,1.0,False
1.7870000000000001,0.0008382307000009345,-0.0070469053608235,-0.3613440846654347,-0.014665002816516778,0.0,-0.029445,False,True,True,NORMAL,1.0,False
1.788,0.0008310034804473781,-0.007407172666889536,-0.35308168366847736,-0.014177332765452128,0.0,-0.029445,False,False,True,NORMAL,1.0,False
1.7890000000000001,0.0008234201361509263,-0.007759143566215224,-0.34533169847955214,-0.013736070655593326,0.0,-0.029445,False,False,True,NORMAL,1.0,False
1.79,0.0008154887071322765,-0.008103331004149401,-0.33803996494143296,-0.013336800187431587,0.0,-0.029445,False,False,True,NORMAL,1.0,False
1.7910000000000001,0.0008072167475540406,-0.008440193746839703,-0.33115754417842597,-0.012975525327922111,0.0,-0.029445,False,False,True,NORMAL,1.0,False
1.792,0.000798611377286629,-0.008770141608493282,-0.31534024683624856,-0.011904631948759754,0.0,-0.021704999999999995,False,False,True,NORMAL,1.0,False
1.793,0.0007896839760735112,-0.009084247522666372,-0.300748117689624,-0.010935647548566681,0.0,-0.021704999999999995,False,False,True,NORMAL,1.0,False
1.794,0.0007804497730018828,-0.009383737474523195,-0.28726152028587454,-0.01005887420577886,0.0,-0.021704999999999995,False,False,True,NORMAL,1.0,False
1.795,0.0007709228310069392,-0.009669717769088981,-0.2747722712990275,-0.00926553687808797,0.0,-0.021704999999999995,False,False,True,NORMAL,1.0,False
1.796,0.0007611161608239346,-0.009943186488818985,-0.26318255118801426,-0.008547695578868598,0.0,-0.021704999999999995,False,False,True,NORMAL,1.0,False
1.797,0.0007510418240274897,-0.010205043861394812,-0.26278529108103027,-0.008728675717354988,0.0,-0.030344999999999997,False,True,True,NORMAL,1.0,False
1.798,0.0007407058382014895,-0.010466474842867795,-0.2621145178132685,-0.008892433318578804,0.0,-0.030344999999999997,False,False,True,NORMAL,1.0,False
1.799,0.0007301087664067167,-0.010727206183302671,-0.26119125471223126,-0.009040607323653924,0.0,-0.030344999999999997,False,False,True,NORMAL,1.0,False
1.8,0.0007192514344374335,-0.010986985670268961,-0.26003460309084586,-0.009174680707826142,0.0,-0.030344999999999997,False,False,True,NORMAL,1.0,False
1.801,0.0007081349107451742,-0.01124558020597371,-0.2586619261410521,-0.009295995322587876,0.0,-0.030344999999999997,False,False,True,NORMAL,1.0,False
1.802,0.0006967604881934342,-0.011502774068359289,-0.2446590038130434,-0.00841136440576477,0.0,-0.0044949999999999955,False,False,True,NORMAL,1.0,False
1.803,0.0006851358792509305,-0.011745947110769964,-0.23167311780370153,-0.007610917251071768,0.0,-0.0044949999999999955,False,False,True,NORMAL,1.0,False
1.804,0.0006732745959575936,-0.011976117145542446,-0.21960564230145888,-0.0068866427143451205,0.0,-0.0044949999999999955,False,False,True,NORMAL,1.0,False
1.805,0.0006611891818665047,-0.012194203322385452,-0.20836741109368775,-0.006231292012584191,0.0,-0.0044949999999999955,False,False,True,NORMAL,1.0,False
1.806,0.0006488913059754788,-0.01240103559162681,-0.19787781765322723,-0.005638306175694777,0.0,-0.0044949999999999955,False,False,True,NORMAL,1.0,False
1.807,0.0006363918476454784,-0.012597363267191347,-0.19654092023670636,-0.005779903953380862,0.0,-0.027054999999999996,False,True,True,NORMAL,1.0,False
1.808,0.0006236967371015163,-0.01279233302219725,-0.1949936028263199,-0.00590802692094197,0.0,-0.027054999999999996,False,False,True,NORMAL,1.0,False
1.809,0.0006108074373686872,-0.012985734754958443,-0.19325253847678026,-0.006023957376101067,0.0,-0.027054999999999996,False,False,True,NORMAL,1.0,False
1.81,0.0005977256132336915,-0.01317737504734444,-0.19133289527930092,-0.006128855589818958,0.0,-0.027054999999999996,False,False,True,NORMAL,1.0,False
1.811,0.000584453115313997,-0.013367075659125462,-0.18924848019041163,-0.0062237714186760395,0.0,-0.027054999999999996,False,False,True,NORMAL,1.0,False
1.812,0.0005709919655607216,-0.013554672166202472,-0.178534949763369,-0.005631501260920828,0.0,0.005394999999999983,False,True,True,NORMAL,1.0,False
1.813,0.0005573485803199961,-0.013731542481777277,-0.16850103010680634,-0.005095593060597852,0.0,0.005394999999999983,False,False,True,NORMAL,1.0,False
1.814,0.0005435333457520664,-0.013898366887771544,-0.15908099331647405,-0.004610683268313313,0.0,0.005394999999999983,False,False,True,NORMAL,1.0,False
1.815,0.0005295560006076679,-0.014055759913444899,-0.15021544456508565,-0.004171918743882217,0.0,0.005394999999999983,False,False,True,NORMAL,1.0,False
1.816,0.0005154256988133263,-0.01420427667088048,-0.14185071953255532,-0.003774908184470209,0.0,0.005394999999999983,False,False,True,NORMAL,1.0,False
1.817,0.000501151066022539,-0.01434441858766264,-0.13393833916056277,-0.0034156781749588357,0.0,-0.007799999999999991,False,True,True,NORMAL,1.0,False
1.818,0.00048674025070697476,-0.014476638594093786,-0.1264345162763228,-0.003090633420671531,0.0,-0.007799999999999991,False,False,True,NORMAL,1.0,False
1.819,0.0004722009703072118,-0.014601345816840054,-0.11929970914956349,-0.002796520764456074,0.0,-0.007799999999999991,False,False,True,NORMAL,1.0,False
1.82,0.0004575405529131114,-0.014718909825957605,-0.11249821751644343,-0.0025303966279943816,0.0,-0.007799999999999991,False,False,True,NORMAL,1.0,False
1.821,0.0004427659748992078,-0.014829664477783258,-0.10599781702916354,-0.0022895975514813345,0.0,-0.007799999999999991,False,False,True,NORMAL,1.0,False
1.822,0.0004278838949000322,-0.014933911392130362,-0.09976942847460953,-0.0020717135368238256,0.0,-0.0020250000000000164,False,True,True,NORMAL,1.0,False
1.823,0.00041290068447367577,-0.015031923098572677,-0.09378681845334073,-0.0018745639275698162,0.0,-0.0020250000000000164,False,False,True,NORMAL,1.0,False
1.824,0.0003978224557687697,-0.015123945883289075,-0.08802632852510983,-0.0016961755841656198,0.0,-0.0020250000000000164,False,False,True,NORMAL,1.0,False
1.825,0.00038265508648008473,-0.015210202364946844,-0.08246663011199949,-0.0015347631361120548,0.0,-0.0020250000000000164,False,False,True,NORMAL,1.0,False
1.826,0.00036740424235082804,-0.015290893825391401,-0.07708850270805426,-0.0013887111133764035,0.0,-0.0020250000000000164,False,False,True,NORMAL,1.0,False
1.827,0.0003520753974551762,-0.015366202318458142,-0.07187463317754429,-0.0012565577782253476,0.0,0.00396500000000001,False,True,True,NORMAL,1.0,False
1.828,0.0003366738524723738,-0.01543629257800342,-0.06680943413505928,-0.0011369804956624253,0.0,0.00396500000000001,False,False,True,NORMAL,1.0,False
1.829,0.00032120475114363526,-0.01550131374424401,-0.06187887959160735,-0.0010287824960524344,0.0,0.00396500000000001,False,False,True,NORMAL,1.0,False
1.83,0.00030567309508490687,-0.015561400925677933,-0.05707035622369558,-0.0009308808974486744,0.0,0.00396500000000001,False,False,True,NORMAL,1.0,False
1.831,0.0002900837571120929,-0.015616676612215809,-0.05237252877872789,-0.0008422958677464554,0.0,0.00396500000000001,False,False,True,NORMAL,1.0,False
1.832,0.00027444149322046593,-0.015667251953664633,-0.047775218271533644,-0.0007621408181940607,0.0,0.002984999999999991,False,True,True,NORMAL,1.0,False
1.833,0.00025875095334651135,-0.01571322791636021,-0.04326929175485634,-0.0006896135301145275,0.0,0.002984999999999991,False,False,True,NORMAL,1.0,False
1.834,0.00024301669102826936,-0.015754696329526776,-0.038846562562464104,-0.0006239881260314926,0.0,0.002984999999999991,False,False,True,NORMAL,1.0,False
1.835,0.0002272431720692086,-0.015791740831840612,-0.03449970002835393,-0.0005646078048434326,0.0,0.002984999999999991,False,False,True,NORMAL,1.0,False
1.836,0.000211434782300689,-0.01582443772767747,-0.030222147780357353,-0.0005108782683374825,0.0,0.002984999999999991,False,False,True,NORMAL,1.0,False
1.837,0.00019559583452904124,-0.01585285676162164,-0.026008049792266442,-0.00046226177325316977,0.0,0.009490000000000004,False,True,True,NORMAL,1.0,False
1.838,0.00017973057474512087,-0.015877061818998266,-0.02185218345624382,-0.0004182717493671223,0.0,0.009490000000000004,False,False,True,NORMAL,1.0,False
1.839,0.00016384318766680297,-0.015897111559451987,-0.017749899007536825,-0.0003784679297347309,0.0,0.009490000000000004,False,False,True,NORMAL,1.0,False
1.84,0.00014793780167819356,-0.015913059989926714,-0.013697064697085844,-0.00034245194435058885,0.0,0.009490000000000004,False,False,True,NORMAL,1.0,False
1.841,0.00013201849322328258,-0.015924956982796758,-0.009690017165138204,-0.0003098633331275809,0.0,0.009490000000000004,False,False,True,NORMAL,1.0,False
1.842,0.00011608929070628515,-0.015932848744352357,-0.005725516521025336,-0.0002803759382911767,0.0,0.012119999999999995,False,True,True,NORMAL,1.0,False
1.843,0.00010015417794596359,-0.015936778238347687,-0.0018007056813552512,-0.00025369464008279785,0.0,0.012119999999999995,False,False,True,NORMAL,1.0,False
1.844,8.421709722673744e-05,-0.01593678556887141,0.0020869264385151784,-0.00022955240310208085,0.0,0.012119999999999995,False,False,True,NORMAL,1.0,False
1.845,6.828195198533218e-05,-0.015932908326394647,0.005939578246306771,-0.00020770760372683663,0.0,0.012119999999999995,False,False,True,NORMAL,1.0,False
1.846,5.2352609168045125e-05,-0.01592518190048442,0.009759165639633636,-0.0001879416118626271,0.0,0.012119999999999995,False,False,True,NORMAL,1.0,False
1.847,3.6432901290385253e-05,-0.015913639762338873,0.013547349317930425,-0.00017005660281929594,0.0,0.018840000000000003,False,True,True,NORMAL,1.0,False
1.848,2.052662822783721e-05,-0.01589831372000029,0.01730555951104983,-0.00015387357741497842,0.0,0.018840000000000003,False,False,True,NORMAL,1.0,False
1.849,4.637558763779806e-06,-0.01587923414883028,0.021035018370243398,-0.0001392305704921254,0.0,0.018840000000000003,False,False,True,NORMAL,1.0,False
1.85,-1.1230568081872358e-05,-0.015856430199585703,0.02473676024385273,-0.0001259810299157684,0.0,0.018840000000000003,False,False,True,NORMAL,1.0,False
1.851,-2.7074041921962818e-05,-0.015829929986211445,0.028411650038877613,-0.00011399234983049486,0.0,0.018840000000000003,False,False,True,NORMAL,1.0,False
1.852,-4.288918004999687e-05,-0.015799760755264982,0.03206039985044081,-0.00010314454349647681,0.0,0.018075,False,True,True,NORMAL,1.0,False
1.853,-5.8672326649152995e-05,-0.015765949038705502,0.035683584023844556,-9.33290424218498e-05,0.0,0.018075,False,False,True,NORMAL,1.0,False
1.854,-7.441985214655055e-05,-0.015728520791615665,0.039281652798237934,-8.444760977275512e-05,0.0,0.018075,False,False,True,NORMAL,1.0,False
1.855,-9.012815269841578e-05,-0.015687501516274925,0.04285494466672984,-7.6411357186088e-05,0.0,0.018075,False,False,True,NORMAL,1.0,False
1.856,-0.00010579364979313959,-0.015642916373868544,0.04640369757494818,-6.913985514488332e-05,0.0,0.018075,False,False,True,NORMAL,1.0,False
1.857,-0.00012141278996044387,-0.015594790284994265,0.05267359568191554,0.0001570826010659421,0.0,0.022285,False,True,True,NORMAL,1.0,False
1.858,-0.00013698067251953895,-0.015540404644408513,0.05865347258657775,0.0003617771442454983,0.0,0.022285,False,False,True,NORMAL,1.0,False
1.859,-0.00015249118308876264,-0.015480049948873165,0.06436799644555807,0.0005469924261821381,0.0,0.022285,False,False,True,NORMAL,1.0,False
1.86,-0.00016793848544464273,-0.01541399201374577,0.06983942404154438,0.0007145821436704896,0.0,0.022285,False,False,True,NORMAL,1.0,False
1.861,-0.00018331699804647963,-0.015342474385230717,0.07508783102495431,0.0008662235909320255,0.0,0.022285,False,False,True,NORMAL,1.0,False
1.862,-0.00019862137285802864,-0.01526572052229872,0.08176542520106375,0.001134162841964738,0.0,0.023644999999999996,False,True,True,NORMAL,1.0,False
1.863,-0.00021384565961812309,-0.015182302951436952,0.08809628161697894,0.0013766043020596661,0.0,0.023644999999999996,False,False,True,NORMAL,1.0,False
1.864,-0.00022898336814760603,-0.015092568886767745,0.09410979124882334,0.0015959744068368292,0.0,0.023644999999999996,False,False,True,NORMAL,1.0,False
1.865,-0.00024402834078055967,-0.014996836135529521,0.09983248945439115,0.0017944686860376753,0.0,0.023644999999999996,False,False,True,NORMAL,1.0,False
1.866,-0.00025897472438559256,-0.014895395954754038,0.10528832863294785,0.001974073737124678,0.0,0.023644999999999996,False,False,True,NORMAL,1.0,False
1.867,-0.0002738169451074378,-0.014788515635177227,0.11088942796906821,0.0021678273493703094,0.0,0.023969999999999995,False,True,True,NORMAL,1.0,False
1.868,-0.00028854949041880716,-0.014676050642673605,0.11622699715336435,0.0023431428676097873,0.0,0.023969999999999995,False,False,True,NORMAL,1.0,False
1.869,-0.00030316690755286804,-0.014558264927921104,0.12132213794721737,0.0025017749084752326,0.0,0.023969999999999995,False,False,True,NORMAL,1.0,False
1.87,-0.0003176639971381619,-0.014435401326766358,0.12619389028060718,0.0026453111147496967,0.0,0.023969999999999995,False,False,True,NORMAL,1.0,False
1.871,-0.00033203579311494563,-0.014307683622807422,0.1308594294479459,0.00277518804502976,0.0,0.023969999999999995,False,False,True,NORMAL,1.0,False
1.872,-0.00034627754461549146,-0.014175318412703966,0.1416243470307195,0.0033959137498542355,0.0,0.029205000000000002,False,True,True,NORMAL,1.0,False
1.873,-0.00036038155620011776,-0.014032211641416418,0.15160378753110318,0.003957569593916165,0.0,0.029205000000000002,False,False,True,NORMAL,1.0,False
1.874,-0.0003743374792451796,-0.013879149375579488,0.16086686711455925,0.0044657768176819684,0.0,0.029205000000000002,False,False,True,NORMAL,1.0,False
1.875,-0.00038813571662403817,-0.013716848531676915,0.169476080661192,0.004925621729861442,0.0,0.029205000000000002,False,False,True,NORMAL,1.0,False
1.8760000000000001,-0.00040176735686842774,-0.013545963499890585,0.17748793320641823,0.005341706612894889,0.0,0.029205000000000002,False,False,True,NORMAL,1.0,False
1.877,-0.0004152241146378672,-0.013367092136261194,0.18208181217224503,0.005488459853946651,0.0,0.026815,False,True,True,NORMAL,1.0,False
1.8780000000000001,-0.0004284997120004617,-0.01318365062208776,0.18645350710408973,0.005621247677668335,0.0,0.026815,False,False,True,NORMAL,1.0,False
1.879,-0.0004415896900113926,-0.012995861480399197,0.1906189608385531,0.005741399069231277,0.0,0.026815,False,False,True,NORMAL,1.0,False
1.8800000000000001,-0.00045448980427324374,-0.012803931278915518,0.1945925596816846,0.0058501165441465185,0.0,0.026815,False,False,True,NORMAL,1.0,False
1.881,-0.00046719600975915287,-0.012608052187147289,0.198387282769583,0.005948488183444214,0.0,0.026815,False,False,True,NORMAL,1.0,False
1.8820000000000001,-0.0004797044471183617,-0.012408403384076953,0.2062743240032681,0.0063782574660417035,0.0,0.030359999999999998,False,True,True,NORMAL,1.0,False
1.883,-0.0004920093016828679,-0.012200896196482725,0.21359254709909914,0.006767128794058382,0.0,0.030359999999999998,False,False,True,NORMAL,1.0,False
1.8840000000000001,-0.0005041029996243114,-0.011986099878397216,0.220389751263681,0.007118994122449209,0.0,0.030359999999999998,False,False,True,NORMAL,1.0,False
1.885,-0.0005159785124598161,-0.011764535858261175,0.22670915706193462,0.007437375037686739,0.0,0.030359999999999998,False,False,True,NORMAL,1.0,False
1.8860000000000001,-0.000527629311516324,-0.011536682319338926,0.23258984360745869,0.007725458002982191,0.0,0.030359999999999998,False,False,True,NORMAL,1.0,False
1.887,-0.0005390493267566921,-0.011302978342772527,0.24253690179062282,0.008343706860496665,0.0,0.034079999999999985,False,True,True,NORMAL,1.0,False
1.8880000000000001,-0.0005502306758311007,-0.01105936141538625,0.2516799636904988,0.008903121560433743,0.0,0.034079999999999985,False,False,True,NORMAL,1.0,False
1.889,-0.0005611638479500065,-0.01080663601526897,0.260088081225857,0.00940930091313617,0.0,0.034079999999999985,False,False,True,NORMAL,1.0,False
1.8900000000000001,-0.000571840102263743,-0.010545537532484498,0.26782371595430077,0.009867310931698547,0.0,0.034079999999999985,False,False,True,NORMAL,1.0,False
1.891,-0.0005822514020705574,-0.010276738862013869,0.27494336793801033,0.01028173553432913,0.0,0.034079999999999985,False,False,True,NORMAL,1.0,False
1.8920000000000001,-0.0005923903553030717,-0.010000856367585534,0.2815522144152122,0.010661047993651423,0.0,0.034125,False,False,True,NORMAL,1.0,False
1.893,-0.000602250133673183,-0.009718401249169449,0.2876371831998888,0.011004264099973477,0.0,0.034125,False,False,True,NORMAL,1.0,False
1.8940000000000001,-0.0006118244266062991,-0.009429897711152333,0.2932405784962243,0.01131481887544628,0.0,0.034125,False,False,True,NORMAL,1.0,False
1.895,-0.0006211074265714308,-0.009135827628071823,0.2984006681287275,0.011595820456643828,0.0,0.034125,False,False,True,NORMAL,1.0,False
1.8960000000000001,-0.000630093788770073,-0.008836634582578764,0.30315206937011757,0.01185008120183864,0.0,0.034125,False,False,True,NORMAL,1.0,False
1.897,-0.0006387785946700825,-0.008532727517421262,0.2905542360542522,0.010722396878188135,0.0,0.019004999999999998,False,True,True,NORMAL,1.0,False
1.8980000000000001,-0.0006471658005474517,-0.008241442541678034,0.279249792765901,0.009702025906416585,0.0,0.019004999999999998,False,False,True,NORMAL,1.0,False
1.899,-0.0006552673816587821,-0.007961485864096287,0.2691118405553701,0.008778756070879972,0.0,0.019004999999999998,False,False,True,NORMAL,1.0,False
1.9000000000000001,-0.0006630940829344936,-0.0076916906379671775,0.26002554182649357,0.00794334697674254,0.0,0.019004999999999998,False,False,True,NORMAL,1.0,False
1.901,-0.0006706555398910605,-0.007431004894991882,0.2518869734304698,0.007187437568999464,0.0,0.019004999999999998,False,False,True,NORMAL,1.0,False
1.9020000000000001,-0.0006779603880507215,-0.007178480626507841,0.27545783517721456,0.008971922154083238,0.0,0.045679999999999985,False,True,True,NORMAL,1.0,False
1.903,-0.0006850009420886164,-0.006902432443080365,0.2968112428667518,0.01058659057857541,0.0,0.045679999999999985,False,False,True,NORMAL,1.0,False
1.9040000000000001,-0.0006917547871237023,-0.006605078698483276,0.31614748248527164,0.012047602986777097,0.0,0.045679999999999985,False,False,True,NORMAL,1.0,False
1.905,-0.0006982016264544901,-0.0062884373687133255,0.3336477930294904,0.01336958168193281,0.0,0.045679999999999985,False,False,True,NORMAL,1.0,False
1.9060000000000001,-0.0007043230907073354,-0.005954345106518646,0.3494761814583791,0.014565757471156054,0.0,0.045679999999999985,False,False,True,NORMAL,1.0,False
1.907,-0.0007101025651315375,-0.005604474480261501,0.34836520726333875,0.014414833471068044,0.0,0.03285000000000002,False,True,True,NORMAL,1.0,False
1.9080000000000001,-0.0007155327372437536,-0.005255753293789526,0.3473568931768882,0.014278271788508752,0.0,0.03285000000000002,False,False,True,NORMAL,1.0,False
1.909,-0.0007206147051372447,-0.004908078838552677,0.34643424776694853,0.014154705668259155,0.0,0.03285000000000002,False,False,True,NORMAL,1.0,False
1.9100000000000001,-0.0007253494726918821,-0.004561365395607802,0.34558190968728253,0.014042898419055788,0.0,0.03285000000000002,False,False,True,NORMAL,1.0,False
1.911,-0.0007297379657484976,-0.0042155426049055,0.3447859941553816,0.013941731036368912,0.0,0.03285000000000002,False,False,True,NORMAL,1.0,False
1.9120000000000001,-0.0007337810467293024,-0.0038705539881616056,0.341997330594438,0.013687261127848203,0.0,0.031155000000000002,False,True,True,NORMAL,1.0,False
1.913,-0.0007374805456343172,-0.0035283906311232294,0.3394382991250872,0.013457007232854479,0.0,0.031155000000000002,False,False,True,NORMAL,1.0,False
1.9140000000000001,-0.0007408391728608337,-0.003188822764764616,0.3370803592035299,0.013248664893015634,0.0,0.031155000000000002,False,False,True,NORMAL,1.0,False
1.915,-0.0007438594233086026,-0.0028516491639752443,0.33489770584250206,0.013060148948168284,0.0,0.031155000000000002,False,False,True,NORMAL,1.0,False
1.9160000000000001,-0.00074654360355561,-0.0025166944109469144,0.3328670107586076,0.012889572667373998,0.0,0.031155000000000002,False,False,True,NORMAL,1.0,False
1.917,-0.0007488938564267028,-0.0021838064175174698,0.3344156301942527,0.013011104229757469,0.0,0.034024999999999986,False,True,True,NORMAL,1.0,False
1.9180000000000001,-0.0007509104598747949,-0.0018494084540452637,0.33574234783882684,0.013121070534874405,0.0,0.034024999999999986,False,False,True,NORMAL,1.0,False
1.919,-0.0007525920148798066,-0.0015137224174466702,0.3368609390049686,0.01322057216246737,0.0,0.034024999999999986,False,False,True,NORMAL,1.0,False
1.92,-0.0007539373374261723,-0.0011769564152174744,0.337783897522077,0.013310604958268963,0.0,0.034024999999999986,False,False,True,NORMAL,1.0,False
1.921,-0.0007549454453543452,-0.0008393060474579657,0.3385225592854225,0.013392070000760634,0.0,0.034024999999999986,False,False,True,NORMAL,1.0,False
1.922,-0.0007556155464325388,-0.0005009555653020118,0.3345693944908488,0.013104357055645966,0.0,0.030264999999999986,False,True,True,NORMAL,1.0,False
1.923,-0.0007559492852693772,-0.00016659318110687633,0.3308887741729313,0.012844023617252887,0.0,0.030264999999999986,False,False,True,NORMAL,1.0,False
1.924,-0.000755950513611751,0.00016405388351351435,0.3274485870002346,0.01260846418102887,0.0,0.030264999999999986,False,False,True,NORMAL,1.0,False
1.925,-0.00075562282648573,0.0004912262902168768,0.324219811385988,0.012395321188961925,0.0,0.030264999999999986,False,False,True,NORMAL,1.0,False
1.926,-0.0007549695927680161,0.0008151356748565644,0.3211762227898639,0.012202461434347611,0.0,0.030264999999999986,False,False,True,NORMAL,1.0,False
1.927,-0.000753993982812862,0.0011359674455901736,0.3143410367594362,0.011711707343594203,0.0,0.02697500000000001,False,True,True,NORMAL,1.0,False
1.928,-0.0007527009689344337,0.0014499333353904474,0.3080285014974907,0.011267654679226306,0.0,0.02697500000000001,False,False,True,NORMAL,1.0,False
1.929,-0.0007510971555664198,0.0017575563556600693,0.3021837656305502,0.010865859212927669,0.0,0.02697500000000001,False,False,True,NORMAL,1.0,False
1.93,-0.0007491886515621766,0.0020593046507933264,0.29675723513309293,0.010502299640623455,0.0,0.02697500000000001,False,False,True,NORMAL,1.0,False
1.931,-0.0007469811224323691,0.0023555967575553606,0.29170407410991817,0.010173337335917453,0.0,0.02697500000000001,False,False,True,NORMAL,1.0,False
1.932,-0.0007444798375729086,0.0026468063650453423,0.28607658452222406,0.009803106449271012,0.0,0.026219999999999993,False,True,True,NORMAL,1.0,False
1.933,-0.0007416901663079146,0.0029323601682357155,0.28083309328843575,0.009468107689720683,0.0,0.026219999999999993,False,False,True,NORMAL,1.0,False
1.934,-0.0007386175723300602,0.003212642499184461,0.2759323434890358,0.009164988277083914,0.0,0.026219999999999993,False,False,True,NORMAL,1.0,False
1.935,-0.0007352671556321301,0.0034879964222883056,0.27133704651376034,0.008890714490397083,0.0,0.026219999999999993,False,False,True,NORMAL,1.0,False
1.936,-0.0007316436917900093,0.003758727704108735,0.2670135054142943,0.008642541305416427,0.0,0.026219999999999993,False,False,True,NORMAL,1.0,False
1.937,-0.0007277516674642207,0.004025108406400788,0.2599153892308093,0.008176714132876867,0.0,0.02370999999999999,False,True,True,NORMAL,1.0,False
1.938,-0.0007235968196393537,0.004284366627126605,0.25332293793847943,0.007755216276825181,0.0,0.02370999999999999,False,False,True,NORMAL,1.0,False
1.939,-0.0007191860178286455,0.004537008434033677,0.24718420692349075,0.007373829245047681,0.0,0.02370999999999999,False,False,True,NORMAL,1.0,False
1.94,-0.0007145256514553948,0.0047834879342380345,0.24145223952537836,0.007028735987941729,0.0,0.02370999999999999,False,False,True,NORMAL,1.0,False
1.941,-0.0007096216793189622,0.0050242122640941295,0.23608459315312977,0.00671648269620036,0.0,0.02370999999999999,False,False,True,NORMAL,1.0,False
1.942,-0.0007044796743079069,0.005259546104992751,0.2306223687726634,0.006400300896869879,0.0,0.02336000000000002,False,True,True,NORMAL,1.0,False
1.943,-0.0006991050739736004,0.005489395559483285,0.22549214547900667,0.006114207773933723,0.0,0.02336000000000002,False,False,True,NORMAL,1.0,False
1.944,-0.0006935031965824018,0.005714092984008999,0.22065882989575597,0.005855340011258326,0.0,0.02336000000000002,False,False,True,NORMAL,1.0,False
1.945,-0.0006876790455942746,0.005933935631887936,0.21609071647670958,0.005621106773266375,0.0,0.02336000000000002,False,False,True,NORMAL,1.0,False
1.946,-0.0006816373430715597,0.00614918904242362,0.2117591658147597,0.005409163774983536,0.0,0.02336000000000002,False,False,True,NORMAL,1.0,False
1.947,-0.000675382559859526,0.006360090108196784,0.20360111310472004,0.004894413783889747,0.0,0.01888499999999998,False,False,True,NORMAL,1.0,False
1.948,-0.0006689209603986683,0.006562815828372554,0.19602110148482163,0.004428648731014409,0.0,0.01888499999999998,False,False,True,NORMAL,1.0,False
1.949,-0.0006622604308574535,0.006757944708316101,0.1889617684199442,0.004007207083159306,0.0,0.01888499999999998,False,False,True,NORMAL,1.0,False
1.95,-0.0006554083075870639,0.006945997870959248,0.18237125878391644,0.0036258709106612753,0.0,0.01888499999999998,False,False,True,NORMAL,1.0,False
1.951,-0.0006483714317494027,0.007127444566326734,0.17620270120580606,0.0032808236729344417,0.0,0.01888499999999998,False,False,True,NORMAL,1.0,False
1.952,-0.0006411561986974713,0.00730270715720143,0.17628329500561246,0.0034381768827586854,0.0,0.024884999999999997,False,True,True,NORMAL,1.0,False
1.953,-0.0006337656693485441,0.007478030571623838,0.17613717918168323,0.0035805559548557245,0.0,0.024884999999999997,False,False,True,NORMAL,1.0,False
1.954,-0.0006261998961773841,0.007653188271573589,0.17578251756798058,0.003709385866834365,0.0,0.024884999999999997,False,False,True,NORMAL,1.0,False
1.955,-0.0006184591491110746,0.00782797189403989,0.1752358006058684,0.0038259559917549184,0.0,0.024884999999999997,False,False,True,NORMAL,1.0,False
1.956,-0.0006105438981909544,0.008002189576902418,0.17451200526021313,0.003931433002608161,0.0,0.024884999999999997,False,False,True,NORMAL,1.0,False
1.957,-0.0006024547978286911,0.008175664444790684,0.16775517893503605,0.003557307687261328,0.0,0.008660000000000022,False,True,True,NORMAL,1.0,False
1.958,-0.0005941956057626518,0.008342368298829199,0.1614152726346155,0.0032187851029010107,0.0,0.008660000000000022,False,False,True,NORMAL,1.0,False
1.959,-0.0005857728844009556,0.008502718492230258,0.15545078627338912,0.0029124772017215606,0.0,0.008660000000000022,False,False,True,NORMAL,1.0,False
1.96,-0.0005771927995534368,0.008657090863857301,0.14982422299491652,0.0026353183512943332,0.0,0.008660000000000022,False,False,True,NORMAL,1.0,False
1.961,-0.0005684611599438609,0.008805823742971047,0.14450170853151145,0.002384534652687946,0.0,0.008660000000000022,False,False,True,NORMAL,1.0,False
1.962,-0.0005595834529077662,0.008949221573184557,0.13945264677391347,0.0021576161783554344,0.0,0.012094999999999979,False,True,True,NORMAL,1.0,False
1.963,-0.0005505648766386118,0.009087558191851596,0.13464940810510706,0.0019522918519357456,0.0,0.012094999999999979,False,False,True,NORMAL,1.0,False
1.964,-0.0005414103693104129,0.00922107979766537,0.1300670473803221,0.0017665067185581819,0.0,0.012094999999999979,False,False,True,NORMAL,1.0,False
1.965,-0.000532124635373825,0.009350007636125576,0.12568304873196426,0.0015984013781633606,0.0,0.012094999999999979,False,False,True,NORMAL,1.0,False
1.966,-0.0005227121692943932,0.00947454042970928,0.12147709464670525,0.0014462933760024546,0.0,0.012094999999999979,False,False,True,NORMAL,1.0,False
1.967,-0.000513177276976124,0.009594856577027385,0.11743085700489396,0.0013086603640645722,0.0,0.008530000000000013,False,True,True,NORMAL,1.0,False
1.968,-0.0005035240950904075,0.009711116142937714,0.11352780799226245,0.0011841248649061863,0.0,0.008530000000000013,False,False,True,NORMAL,1.0,False
1.969,-0.0004937566085093984,0.00982346265949486,0.10975304899279602,0.001071440485393893,0.0,0.008530000000000013,False,False,True,NORMAL,1.0,False
1.97,-0.00048387866602402215,0.009932024755725072,0.10609315575160495,0.0009694794423830053,0.0,0.008530000000000013,False,False,True,NORMAL,1.0,False
1.971,-0.00047389399450964653,0.010036917632502642,0.10253603825947626,0.0008772212754847804,0.0,0.008530000000000013,False,False,True,NORMAL,1.0,False
1.972,-0.0004638062116869534,0.010138244397255277,0.09907081395812985,0.0007937426339558598,0.0,0.006059999999999996,False,True,True,NORMAL,1.0,False
1.973,-0.00045361883761151935,0.010236097271824467,0.09568769299852618,0.0007182080354936819,0.0,0.006059999999999996,False,False,True,NORMAL,1.0,False
1.974,-0.00044333530501292285,0.010330558685538643,0.09237787440520945,0.0006498615044487818,0.0,0.006059999999999996,False,False,True,NORMAL,1.0,False
1.975,-0.00043295896859270956,0.010421702264409513,0.08913345210882538,0.0005880190057664,0.0,0.006059999999999996,False,False,True,NORMAL,1.0,False
1.976,-0.00042249311338015826,0.010509593726323643,0.0859473299077219,0.0005320615989337414,0.0,0.006059999999999996,False,False,True,NORMAL,1.0,False
1.977,-0.00041194096223538546,0.010594291691161916,0.08281314450890999,0.00048142924341529076,0.0,0.005134999999999999,False,True,True,NORMAL,1.0,False
1.978,-0.00040130568258082093,0.010675848413929441,0.07972519587952677,0.00043561519357889714,0.0,0.005134999999999999,False,False,True,NORMAL,1.0,False
1.979,-0.0003905903924343866,0.0107543104482093,0.07667838421311259,0.00039416092701516397,0.0,0.005134999999999999,False,False,True,NORMAL,1.0,False
1.98,-0.0003797981658107474,0.0108297192465576,0.07366815288122003,0.00035665155549106123,0.0,0.005134999999999999,False,False,True,NORMAL,1.0,False
1.981,-0.00036893203755069875,0.010902111703827511,0.07069043680077897,0.00032271167260904056,0.0,0.005134999999999999,False,False,True,NORMAL,1.0,False
1.982,-0.00035799500763305364,0.010971520648840228,0.0677416157018471,0.00029200159661363015,0.0,0.001840000000000003,False,True,True,NORMAL,1.0,False
1.983,-0.0003469900450182306,0.011037975289305186,0.0648184718294223,0.0002642139707422549,0.0,0.001840000000000003,False,False,True,NORMAL,1.0,False
1.984,-0.00033592009106807693,0.011101501614425333,0.061918151657372446,0.00023907068709545044,0.0,0.001840000000000003,False,False,True,NORMAL,1.0,False
1.985,-0.0003247880625822343,0.011162122759201224,0.05903813123269502,0.00021632010323953017,0.0,0.001840000000000003,False,False,True,NORMAL,1.0,False
1.986,-0.0003135968544875333,0.011219859334065664,0.05617618480465311,0.00019573452368452866,0.0,0.001840000000000003,False,False,True,NORMAL,1.0,False
1.987,-0.0003023493422134425,0.011274729723135136,0.05333035642621195,0.00017710792103120727,0.0,0.0010849999999999992,False,False,True,NORMAL,1.0,False
1.988,-0.0002910483837834695,0.011326750354051464,0.05049893424494836,0.0001602538739795942,0.0,0.0010849999999999992,False,False,True,NORMAL,1.0,False
1.989,-0.0002796968216495782,0.011375935942104292,0.0476804272275231,0.00014500370156195604,0.0,0.0010849999999999992,False,False,True,NORMAL,1.0,False
1.99,-0.00026829748429412463,0.011422299711068905,0.0448735440861619,0.00013120477492697713,0.0,0.0010849999999999992,False,False,True,NORMAL,1.0,False
1.991,-0.0002568531876214943,0.011465853592962275,0.04207717419762925,0.00011871898977891518,0.0,0.0010849999999999992,False,False,True,NORMAL,1.0,False
1.992,-0.00024536673615952674,0.01150660840871065,0.039290370325119936,0.00010742138418339109,0.0,0.012844999999999999,False,True,True,NORMAL,1.0,False
1.993,-0.00023384092408891351,0.011544574031532322,0.036512332971536415,9.719888790634845e-05,0.0,0.012844999999999999,False,False,True,NORMAL,1.0,False
1.994,-0.00022227853611703937,0.011579759534667602,0.033742396208946784,8.794919076914699e-05,0.0,0.012844999999999999,False,False,True,NORMAL,1.0,False
1.995,-0.00021068234821118015,0.011612173324932811,0.030980014843790156,7.9579718693907e-05,0.0,0.012844999999999999,False,False,True,NORMAL,1.0,False
1.996,-0.0001990551282045659,0.011641823263434553,0.028224752790763287,7.20067071910228e-05,0.0,0.012844999999999999,False,False,True,NORMAL,1.0,False
1.997,-0.0001873996362875444,0.011668716774653452,0.02396833011156789,-5.548103129195349e-05,0.0,-0.021254999999999996,False,True,True,NORMAL,1.0,False
1.998,-0.00017571937897516146,0.011691354189459652,0.019864370142570188,-0.00017083670741213338,0.0,-0.021254999999999996,False,False,True,NORMAL,1.0,False
1.999,-0.00016401853601246167,0.01170988832912296,0.015899152614763067,-0.00027521483954850935,0.0,-0.021254999999999996,False,False,True,NORMAL,1.0,False
2.0,-0.00015230114118552554,0.011724458288259881,0.012060318345225874,-0.00036966007913020397,0.0,-0.021254999999999996,False,False,True,NORMAL,1.0,False
2.001,-0.00014057109536741807,0.011735190796391846,0.008336739439842644,-0.00045511766585909215,0.0,-0.021254999999999996,False,False,True,NORMAL,1.0,False
2.0020000000000002,-0.00012883217826749528,0.011742201449655223,0.006226344264722433,-0.0004118074936784935,0.0,-0.004145000000000001,False,True,True,NORMAL,1.0,False
2.003,-0.00011708730542751166,0.011747102580539721,0.004066254484031697,-0.0003726188293079078,0.0,-0.004145000000000001,False,False,True,NORMAL,1.0,False
2.004,-0.00010533861112518662,0.011749844770752447,0.001861927104256455,-0.00033715945942254923,0.0,-0.004145000000000001,False,False,True,NORMAL,1.0,False
2.005,-9.358827632759153e-05,0.011750384060268475,-0.00038164510082335727,-0.0003050744947302993,0.0,-0.004145000000000001,False,False,True,NORMAL,1.0,False
2.0060000000000002,-8.183852346508253e-05,0.011748681482849802,-0.0026598896711359944,-0.0002760428181203889,0.0,-0.004145000000000001,False,False,True,NORMAL,1.0,False
2.007,-7.009161164774855e-05,0.011744702645500952,-0.004968614732700786,-0.0002497738708154227,0.0,-0.009329999999999998,False,False,True,NORMAL,1.0,False
2.008,-5.834983228253464e-05,0.011738417347668227,-0.007303973062450472,-0.0002260047443614744,0.0,-0.009329999999999998,False,False,True,NORMAL,1.0,False
2.009,-4.661550505319341e-05,0.011729799236388656,-0.009662429584513384,-0.00020449754935191356,0.0,-0.009329999999999998,False,False,True,NORMAL,1.0,False
2.0100000000000002,-3.4890974228831254e-05,0.011718825493955866,-0.012040731971325097,-0.00018503703455026666,0.0,-0.009329999999999998,False,False,True,NORMAL,1.0,False
2.011,-2.3178605270085057e-05,0.01170547655499681,-0.01443588405401975,-0.0001674284325834939,0.0,-0.009329999999999998,False,False,True,NORMAL,1.0,False
2.012,-1.1480781704923743e-05,0.011689735850148993,-0.016845121774673847,-0.00015149551064465636,0.0,0.00483,False,True,True,NORMAL,1.0,False
2.013,2.0009775125467315e-07,0.011671589573795351,-0.0192658914384222,-0.00013707880669575008,0.0,0.00483,False,False,True,NORMAL,1.0,False
2.0140000000000002,1.186162185413794e-05,0.011651026473556007,-0.021695830046490457,-0.0001240340335180329,0.0,0.00483,False,False,True,NORMAL,1.0,False
2.015,2.3501369288342436e-05,0.011628037659455182,-0.024132747512022854,-0.00011223063463704256,0.0,0.00483,False,False,True,NORMAL,1.0,False
2.016,3.51169109433176e-05,0.011602616430879748,-0.026574610579435068,-0.00010155047766951871,0.0,0.00483,False,False,True,NORMAL,1.0,False
2.017,4.670581202425151e-05,0.011574758119625219,-0.041810004105877596,-0.0011151247376786546,0.0,-0.030644999999999995,False,True,True,NORMAL,1.0,False
2.0180000000000002,5.825924209171447e-05,0.011531679539011833,-0.055808906955316366,-0.0020322446540930296,0.0,-0.030644999999999995,False,False,True,NORMAL,1.0,False
2.019,6.976259937163334e-05,0.011474617917870852,-0.06868462512655837,-0.0028620890712907675,0.0,-0.030644999999999995,False,False,True,NORMAL,1.0,False
2.02,8.120246264876626e-05,0.011404697129101476,-0.08053964167861868,-0.0036129633511195244,0.0,-0.030644999999999995,False,False,True,NORMAL,1.0,False
2.021,9.25664833236836e-05,0.011322938516837867,-0.09146664771995294,-0.004292382495749387,0.0,-0.030644999999999995,False,False,True,NORMAL,1.0,False
2.0220000000000002,0.00010384328778128269,0.011230270692220991,-0.08875899947257787,-0.003883908294676623,0.0,-0.013985,False,True,True,NORMAL,1.0,False
2.023,0.00011502878101008645,0.011140318804393824,-0.08652077334940571,-0.0035143055532436424,0.0,-0.013985,False,False,True,NORMAL,1.0,False
2.024,0.0001261254442557254,0.011052613495328469,-0.08470558473786106,-0.0031798751629864117,0.0,-0.013985,False,False,True,NORMAL,1.0,False
2.025,0.00013713531260367613,0.010966731807875812,-0.0832714184495571,-0.0028772700321533008,0.0,-0.013985,False,False,True,NORMAL,1.0,False
2.0260000000000002,0.0001480600191948215,0.010882292814563101,-0.08218021337675241,-0.0026034615868858347,0.0,-0.013985,False,False,True,NORMAL,1.0,False
2.027,0.0001589008352775364,0.010798953661899662,-0.08139748668321493,-0.0023557094602335805,0.0,-0.018830000000000003,False,True,True,NORMAL,1.0,False
2.028,0.0001696587064920345,0.010716405990640727,-0.0808919937671768,-0.002131534065640637,0.0,-0.018830000000000003,False,False,True,NORMAL,1.0,False
2.029,0.00018033428574504371,0.010634372696223192,-0.08063542059209419,-0.0019286917804099656,0.0,-0.018830000000000003,False,False,True,NORMAL,1.0,False
2.0300000000000002,0.00019092796299879325,0.010552604996992699,-0.08060210530488417,-0.001745152490773331,0.0,-0.018830000000000003,False,False,True,NORMAL,1.0,False
2.031,0.00020143989226745673,0.01047087978092303,-0.08076878635444186,-0.0015790792738303646,0.0,-0.018830000000000003,False,False,True,NORMAL,1.0,False
2.032,0.00021187001608628938,0.010388997204317059,-0.08111437458847526,-0.001428810013006765,0.0,-0.019659999999999997,False,True,True,NORMAL,1.0,False
2.033,0.00022221808769344874,0.010306778518501501,-0.0816197470466903,-0.0012928407630329669,0.0,-0.019659999999999997,False,False,True,NORMAL,1.0,False
2.0340000000000003,0.00023248369114164157,0.01022406410281054,-0.08226756038551503,-0.0011698106979543895,0.0,-0.019659999999999997,False,False,True,NORMAL,1.0,False
2.035,0.0002426662595360673,0.010140711684219048,-0.08304208206604238,-0.0010584884915278935,0.0,-0.019659999999999997,False,False,True,NORMAL,1.0,False
2.036,0.00025276509157642375,0.010056594725855187,-0.08392903761466408,-0.0009577599936948768,0.0,-0.019659999999999997,False,False,True,NORMAL,1.0,False
2.037,0.000262779366563816,0.009971600968313347,-0.08491547242674123,-0.0008666170797930092,0.0,-0.018389999999999997,False,False,True,NORMAL,1.0,False
2.0380000000000003,0.00027270815801809517,0.009885631109218659,-0.08598962672922152,-0.0007841475609057695,0.0,-0.018389999999999997,False,False,True,NORMAL,1.0,False
2.039,0.0002825504460372972,0.009798597607878951,-0.08714082244982496,-0.0007095260543691719,0.0,-0.018389999999999997,False,False,True,NORMAL,1.0,False
2.04,0.0002923051285183151,0.009710423603112873,-0.08835936085959824,-0.0006420057230646433,0.0,-0.018389999999999997,False,False,True,NORMAL,1.0,False
2.041,0.00030197103134659145,0.009621041933476583,-0.08963642996347446,-0.0005809108008221211,0.0,-0.018389999999999997,False,False,True,NORMAL,1.0,False
2.0420000000000003,0.0003115469176523553,0.009530394250137159,-0.0909640207110493,-0.0005256298291250896,0.0,-0.00735,False,True,True,NORMAL,1.0,False
2.043,0.00032103149622163875,0.00943843021356902,-0.0923348511880751,-0.00047560953742822865,0.0,-0.00735,False,False,True,NORMAL,1.0,False
2.044,0.0003304234291419043,0.009345106766089522,-0.09374229802906069,-0.00043034930583983545,0.0,-0.00735,False,False,True,NORMAL,1.0,False
2.045,0.00033972133875451134,0.00925038747300976,-0.09518033436365074,-0.0003893961547496842,0.0,-0.00735,False,False,True,NORMAL,1.0,False
2.0460000000000003,0.00034892381397936867,0.009154241925864226,-0.09664347367486473,-0.0003523402112568352,0.0,-0.00735,False,False,True,NORMAL,1.0,False
2.047,0.00035802941607089545,0.009056645201805151,-0.12125651323382865,-0.0021691941452135557,0.0,-0.03925000000000001,False,True,True,NORMAL,1.0,False
2.048,0.00036702512495878804,0.008934465784974926,-0.14364674639023256,-0.0038131515677634308,0.0,-0.03925000000000001,False,False,True,NORMAL,1.0,False
2.049,0.0003758874696986498,0.00878992749633065,-0.16401789389349858,-0.00530066575734451,0.0,-0.03925000000000001,False,False,True,NORMAL,1.0,False
2.05,0.0003845951012761255,0.00862505034637787,-0.1825542765059064,-0.006646624255936907,0.0,-0.03925000000000001,False,False,True,NORMAL,1.0,False
2.051,0.00039312859849905324,0.008441669942804837,-0.19942266293382932,-0.007864497868586808,0.0,-0.03925000000000001,False,False,True,NORMAL,1.0,False
2.052,0.0004014702923730366,0.0082414550494578,-0.19487030339194855,-0.007374184402706291,0.0,-0.02268499999999999,False,True,True,NORMAL,1.0,False
2.053,0.0004096140538583454,0.008045811444999345,-0.1908635096882605,-0.006930530432210701,0.0,-0.02268499999999999,False,False,True,NORMAL,1.0,False
2.054,0.00041756418143104504,0.0078541934790012,-0.1873469275285628,-0.00652909571904607,0.0,-0.02268499999999999,False,False,True,NORMAL,1.0,False
2.055,0.00042532445560002167,0.0076661108731139425,-0.18427045094062802,-0.006165862569676179,0.0,-0.02268499999999999,False,False,True,NORMAL,1.0,False
2.056,0.0004328981916541851,0.007481123470649825,-0.1815887236363571,-0.005837195624655257,0.0,-0.02268499999999999,False,False,True,NORMAL,1.0,False
2.057,0.00044028828740864115,0.00729883648500135,-0.18131533448459755,-0.005704177207212103,0.0,-0.024394999999999997,False,True,True,NORMAL,1.0,False
2.058,0.0004474962396343385,0.007116843169972425,-0.1811596332454549,-0.0055838171658216095,0.0,-0.024394999999999997,False,False,True,NORMAL,1.0,False
2.059,0.0004545222831774461,0.006935025897261426,-0.18110643877000668,-0.005474910896735134,0.0,-0.024394999999999997,False,False,True,NORMAL,1.0,False
2.06,0.000461366542846879,0.006753282220992935,-0.18114200083962465,-0.005376368429406999,0.0,-0.024394999999999997,False,False,True,NORMAL,1.0,False
2.061,0.00046802904788106127,0.006571523446206592,-0.18125386491383513,-0.005287203517702916,0.0,-0.024394999999999997,False,False,True,NORMAL,1.0,False
2.062,0.00047450974505082244,0.006389673332652585,-0.18154489678707555,-0.005215655532132931,0.0,-0.02449000000000001,False,True,True,NORMAL,1.0,False
2.063,0.00048080845348337406,0.00620755286382461,-0.18187968429954748,-0.005150916237604112,0.0,-0.02449000000000001,False,False,True,NORMAL,1.0,False
2.064,0.0004869248809671021,0.006025118348922562,-0.18224999700969663,-0.005092337701497186,0.0,-0.02449000000000001,False,False,True,NORMAL,1.0,False
2.065,0.000492858695714317,0.005842334326022405,-0.18264837865142827,-0.005039333650133869,0.0,-0.02449000000000001,False,False,True,NORMAL,1.0,False
2.066,0.0004986095342029342,0.005659172787584787,-0.18306807439144784,-0.00499137360115284,0.0,-0.02449000000000001,False,False,True,NORMAL,1.0,False
2.067,0.000504177008280045,0.00547561247873616,-0.18307641555742865,-0.004913853598105144,0.0,-0.024135,False,True,True,NORMAL,1.0,False
2.068,0.0005095609247608172,0.0052920644751130105,-0.18313568726761997,-0.0048437105987013266,0.0,-0.024135,False,False,True,NORMAL,1.0,False
2.069,0.0005147612704979482,0.005108477884874789,-0.18323703504219402,-0.0047802425882274785,0.0,-0.024135,False,False,True,NORMAL,1.0,False
2.07,0.0005197779858791467,0.0049248106694137995,-0.1833724422957092,-0.004722814357502443,0.0,-0.024135,False,False,True,NORMAL,1.0,False
2.071,0.0005246109732613037,0.00474102880512485,-0.18353465151011597,-0.004670851145490829,0.0,-0.024135,False,False,True,NORMAL,1.0,False
2.072,0.0005292601046058579,0.004557105524034097,-0.1830382184287162,-0.004569522928507764,0.0,-0.023569999999999987,False,True,True,NORMAL,1.0,False
2.073,0.0005337255676516828,0.004373698965923102,-0.18262176824899606,-0.00447783736627862,0.0,-0.023569999999999987,False,False,True,NORMAL,1.0,False
2.074,0.0005380078391316757,0.004190729152743296,-0.1822738180197423,-0.004394876838880027,0.0,-0.023569999999999987,False,False,True,NORMAL,1.0,False
2.075,0.0005421073215421813,0.004008127589351996,-0.18198397684939108,-0.004319811049469782,0.0,-0.023569999999999987,False,False,True,NORMAL,1.0,False
2.076,0.0005460243540797214,0.0038258361710211473,-0.18174284285443135,-0.004251888714396985,0.0,-0.023569999999999987,False,False,True,NORMAL,1.0,False
2.077,0.0005497592225367712,0.0036438061940394046,-0.18061071040526172,-0.004115934083474328,0.0,-0.022795000000000003,False,True,True,NORMAL,1.0,False
2.078,0.0005533126336130875,0.003462927926161854,-0.17960120003044044,-0.003992917246260239,0.0,-0.022795000000000003,False,False,True,NORMAL,1.0,False
2.079,0.000556685677695358,0.0032830787123295305,-0.178698983161206,-0.0038816070089004928,0.0,-0.022795000000000003,False,False,True,NORMAL,1.0,False
2.08,0.0005598793301801192,0.003104151227778698,-0.1778901928962815,-0.00378088934112693,0.0,-0.022795000000000003,False,False,True,NORMAL,1.0,False
2.081,0.0005628944660730225,0.0029260520158000767,-0.1771622857234814,-0.0036897562266680964,0.0,-0.022795000000000003,False,False,True,NORMAL,1.0,False
2.082,0.0005657318731950167,0.0027487001638320375,-0.17565081749420114,-0.0035390476623659442,0.0,-0.022085,False,True,True,NORMAL,1.0,False
2.083,0.0005683926904554626,0.0025728785321580904,-0.1742811845778022,-0.0034026809141668784,0.0,-0.022085,False,False,True,NORMAL,1.0,False
2.084,0.0005708783771364113,0.002398445225042993,-0.173036442416013,-0.003279291177820476,0.0,-0.022085,False,False,True,NORMAL,1.0,False
2.085,0.0005731902590973836,0.0022252752939277546,-0.1719012653299612,-0.0031676435273726594,0.0,-0.022085,False,False,True,NORMAL,1.0,False
2.086,0.0005753295449128908,0.002053259117918886,-0.1708617932274247,-0.0030666205556116755,0.0,-0.022085,False,False,True,NORMAL,1.0,False
2.087,0.0005772973404671123,0.001882300937631837,-0.1761114870345102,-0.0034716907218369747,0.0,-0.02725,False,True,True,NORMAL,1.0,False
2.088,0.0005790915607638181,0.0017061164183779067,-0.18083244286402178,-0.0038382133651676713,0.0,-0.02725,False,False,True,NORMAL,1.0,False
2.089,0.0005807072438918524,0.0015252344696248233,-0.1850701911727382,-0.0041698567674107335,0.0,-0.02725,False,False,True,NORMAL,1.0,False
2.09,0.0005821399340762773,0.001340138446748963,-0.18886594442734841,-0.004469940127205007,0.0,-0.02725,False,False,True,NORMAL,1.0,False
2.091,0.0005833856382838647,0.001151270470748941,-0.19225700906595314,-0.004741466779676814,0.0,-0.02725,False,False,True,NORMAL,1.0,False
2.092,0.0005844407869422655,0.0009590353358362378,-0.19393743250754655,-0.004879976195342598,0.0,-0.026135000000000005,False,True,True,NORMAL,1.0,False
2.093,0.0005853028678958492,0.0007651427153762276,-0.1954071680669716,-0.005005304697387296,0.0,-0.026135000000000005,False,False,True,NORMAL,1.0,False
2.094,0.0005859703290105147,0.0005698033177897043,-0.19668186169884702,-0.005118706615583735,0.0,-0.026135000000000005,False,False,True,NORMAL,1.0,False
2.095,0.0005864418210337624,0.00037321219416532286,-0.1977756894544061,-0.005221316914444926,0.0,-0.026135000000000005,False,False,True,NORMAL,1.0,False
2.096,0.0005867161826725195,0.00017555020876656384,-0.19870149831859654,-0.005314162552330384,0.0,-0.026135000000000005,False,False,True,NORMAL,1.0,False
2.097,0.0005867924270710355,-2.3014631352894708e-05,-0.19482094383832005,-0.005026173575549312,0.0,-0.02226499999999998,False,True,True,NORMAL,1.0,False
2.098,0.0005866720533439063,-0.00021767964440434518,-0.19124457220297128,-0.004765590373375909,0.0,-0.02226499999999998,False,False,True,NORMAL,1.0,False
2.099,0.0005863588091594578,-0.00040874921231434186,-0.1879401700116288,-0.0045298049415377845,0.0,-0.02226499999999998,False,False,True,NORMAL,1.0,False
2.1,0.0005858561539138473,-0.0005964954947383796,-0.18487860964079408,-0.004316457460182882,0.0,-0.02226499999999998,False,False,True,NORMAL,1.0,False
2.101,0.0005851672894100384,-0.0007811615160326364,-0.18203355629332513,-0.004123412676009237,0.0,-0.02226499999999998,False,False,True,NORMAL,1.0,False
2.102,0.0005842951875963189,-0.000962963959158126,-0.17996395357934225,-0.003995358584712614,0.0,-0.022750000000000013,False,True,True,NORMAL,1.0,False
2.103,0.0005832423244192567,-0.0011426779863789429,-0.17800913665694978,-0.0038794904513748366,0.0,-0.022750000000000013,False,False,True,NORMAL,1.0,False
2.104,0.0005820107308533364,-0.0013204185279640781,-0.17615489450971503,-0.0037746486287728357,0.0,-0.022750000000000013,False,False,True,NORMAL,1.0,False
2.105,0.0005806023300489051,-0.0014962863014285884,-0.17438839261770397,-0.003679783824707457,0.0,-0.022750000000000013,False,False,True,NORMAL,1.0,False
2.106,0.0005790189508565028,-0.0016703691885447637,-0.17269804266407665,-0.0035939466003344525,0.0,-0.022750000000000013,False,False,True,NORMAL,1.0,False
2.107,0.0005772623400393455,-0.0018427434820076113,-0.1677691283159131,-0.0032519373624057407,0.0,-0.018595,False,True,True,NORMAL,1.0,False
2.108,0.0005753358245695362,-0.0020101733586040745,-0.16321623307291303,-0.002942474606613879,0.0,-0.018595,False,False,True,NORMAL,1.0,False
2.109,0.0005732441607665374,-0.00217303509743425,-0.15900114759738052,-0.002662461125684878,0.0,-0.018595,False,False,True,NORMAL,1.0,False
2.11,0.0005709917477795787,-0.0023316667560255473,-0.1550893237486896,-0.002409094450585819,0.0,-0.018595,False,False,True,NORMAL,1.0,False
2.111,0.0005685826639781468,-0.002486371832945737,-0.1514495266765748,-0.002179838802472831,0.0,-0.018595,False,False,True,NORMAL,1.0,False
2.112,0.0005660206998538644,-0.0026374225823712996,-0.14805352001561398,-0.0019723997137641143,0.0,-0.018279999999999998,False,True,True,NORMAL,1.0,False
2.113,0.0005633093877652452,-0.0027850630137253403,-0.14487578103080698,-0.0017847010643371867,0.0,-0.018279999999999998,False,False,True,NORMAL,1.0,False
2.114,0.0005604520288252761,-0.002929511606348007,-0.1418932428639262,-0.001614864303020889,0.0,-0.018279999999999998,False,False,True,NORMAL,1.0,False
2.115,0.0005574517172032425,-0.0030709637663108957,-0.13908506130156148,-0.0014611896464238605,0.0,-0.018279999999999998,False,False,True,NORMAL,1.0,False
2.116,0.0005543113620863851,-0.0032095940499068266,-0.13643240373121443,-0.0013221390669310425,0.0,-0.018279999999999998,False,False,True,NORMAL,1.0,False
2.117,0.0005510337075236188,-0.0033455581760118156,-0.13391825817387598,-0.0011963208996063571,0.0,-0.019889999999999988,False,True,True,NORMAL,1.0,False
2.118,0.0005476213503523981,-0.0034789948474036577,-0.1315272604824625,-0.0010824759139422726,0.0,-0.019889999999999988,False,False,True,NORMAL,1.0,False
2.119,0.0005440767563906891,-0.003610027399210168,-0.1292455379773103,-0.0009794647110576414,0.0,-0.019889999999999988,False,False,True,NORMAL,1.0,False
2.12,0.0005404022750586964,-0.003738765290930636,-0.1270605679544449,-0.0008862563202107333,0.0,-0.019889999999999988,False,False,True,NORMAL,1.0,False
2.121,0.0005366001525793334,-0.003865305456909152,-0.12496104965120543,-0.0008019178804975305,0.0,-0.019889999999999988,False,False,True,NORMAL,1.0,False
2.122,0.0005326725438922546,-0.003989733528722482,-0.12293678838850174,-0.0007256053044662547,0.0,-0.016795,False,True,True,NORMAL,1.0,False
2.123,0.0005286215234034437,-0.004112124941663948,-0.12097859073085944,-0.0006565548302064422,0.0,-0.016795,False,False,True,NORMAL,1.0,False
2.124,0.0005244490946807531,-0.004232545936345453,-0.11907816961568922,-0.0005940753773630349,0.0,-0.016795,False,False,True,NORMAL,1.0,False
2.125,0.0005201571991952889,-0.004351054465390828,-0.11722805850300258,-0.0005375416305719069,0.0,-0.016795,False,False,True,NORMAL,1.0,False
2.126,0.0005157477241990398,-0.004467701014244518,-0.11542153368708623,-0.0004863877810935238,0.0,-0.016795,False,False,True,NORMAL,1.0,False
2.1270000000000002,0.0005112225098205523,-0.004582529344260796,-0.11365254399334436,-0.0004401018640089036,0.0,-0.015515000000000011,False,True,True,NORMAL,1.0,False
2.128,0.0005065833554526771,-0.004695577165461601,-0.11191564715744282,-0.00039822063430262927,0.0,-0.015515000000000011,False,False,True,NORMAL,1.0,False
2.129,0.0005018320254993778,-0.004806876745647951,-0.11020595225077598,-0.0003603249305510331,0.0,-0.015515000000000011,False,False,True,NORMAL,1.0,False
2.13,0.0004969702545422228,-0.004916455461913649,-0.10851906757680194,-0.00032603547981378323,0.0,-0.015515000000000011,False,False,True,NORMAL,1.0,False
2.1310000000000002,0.0004919997519814225,-0.005024336300034319,-0.10685105351755382,-0.0002950091017428188,0.0,-0.015515000000000011,False,False,True,NORMAL,1.0,False
2.132,0.0004869222062010606,-0.0051305383066839235,-0.10519837985918876,-0.00026693527391807983,0.0,-0.01247999999999998,False,True,True,NORMAL,1.0,False
2.133,0.0004817392883034528,-0.005235076998959561,-0.103557887170272,-0.00024153302403475695,0.0,-0.01247999999999998,False,False,True,NORMAL,1.0,False
2.134,0.00047645265545329574,-0.005337964735268908,-0.1019267518470635,-0.00021854811783802682,0.0,-0.01247999999999998,False,False,True,NORMAL,1.0,False
2.1350000000000002,0.00047106395386841137,-0.00543921105124875,-0.10030245447678417,-0.0001977505146611788,0.0,-0.01247999999999998,False,False,True,NORMAL,1.0,False
2.136,0.0004655748214903955,-0.005538822964033915,-0.0986827512030544,-0.0001789320651013032,0.0,-0.01247999999999998,False,False,True,NORMAL,1.0,False
2.137,0.0004599868903653186,-0.005636805247879962,-0.09706564780775305,-0.0001619044277901054,0.0,-0.011330000000000003,False,True,True,NORMAL,1.0,False
2.138,0.00045430178876176646,-0.005733160683857149,-0.0954493762507391,-0.00014649718441018844,0.0,-0.011330000000000003,False,False,True,NORMAL,1.0,False
2.1390000000000002,0.0004485211430509206,-0.005827890286074504,-0.09383237343348604,-0.00013255613409125273,0.0,-0.011330000000000003,False,False,True,NORMAL,1.0,False
2.14,0.00044264657937103546,-0.005920993506658811,-0.09221326197494424,-0.00011994175011595756,0.0,-0.011330000000000003,False,False,True,NORMAL,1.0,False
2.141,0.0004366797250965515,-0.0060124684215015385,-0.09059083280809224,-0.00010852778348963729,0.0,-0.011330000000000003,False,False,True,NORMAL,1.0,False
2.142,0.0004306222101301658,-0.006102311898595139,-0.0889640294238687,-9.819999939792904e-05,0.0,-0.010420000000000002,False,False,True,NORMAL,1.0,False
2.1430000000000002,0.0004244756680344459,-0.006190519750606746,-0.08733193360566964,-8.885503390635489e-05,0.0,-0.010420000000000002,False,False,True,NORMAL,1.0,False
2.144,0.0004182417370180057,-0.006277086873180445,-0.08569375251252216,-8.03993594593238e-05,0.0,-0.010420000000000002,False,False,True,NORMAL,1.0,False
2.145,0.00041192206078983845,-0.0063620073703173335,-0.08404880698254914,-7.274834882491954e-05,0.0,-0.010420000000000002,False,False,True,NORMAL,1.0,False
2.146,0.00040551828929412024,-0.0064452746680541545,-0.08239652094055981,-6.582542811711953e-05,0.0,-0.010420000000000002,False,False,True,NORMAL,1.0,False
2.1470000000000002,0.0003990320793366321,-0.006526881617545074,-0.08073641180465718,-5.9561310418606084e-05,0.0,-0.016659999999999998,False,True,True,NORMAL,1.0,False
2.148,0.0003924650951128989,-0.006606820588546029,-0.07906808179675832,-5.3893302334009824e-05,0.0,-0.016659999999999998,False,False,True,NORMAL,1.0,False
2.149,0.0003858190086471892,-0.00668508355420592,-0.0773912100709754,-4.87646765333368e-05,0.0,-0.016659999999999998,False,False,True,NORMAL,1.0,False
2.15,0.0003790955001506618,-0.00676166216798285,-0.07570554558199692,-4.412410400578321e-05,0.0,-0.016659999999999998,False,False,True,NORMAL,1.0,False
2.1510000000000002,0.0003722962583061619,-0.006836547833425704,-0.07401090062301965,-3.992514034174302e-05,0.0,-0.016659999999999998,False,False,True,NORMAL,1.0,False
2.152,0.0003654229804864683,-0.00690973176749091,-0.07230714496948833,-3.6125760901546087e-05,0.0,0.005064999999999995,False,True,True,NORMAL,1.0,False
2.153,0.00035847737291215277,-0.006981205058000417,-0.07059420057096799,-3.268794021873938e-05,0.0,0.005064999999999995,False,False,True,NORMAL,1.0,False
2.154,0.0003514611507546359,-0.007050958715789274,-0.06887203673896464,-2.9577271428437938e-05,0.0,0.005064999999999995,False,False,True,NORMAL,1.0,False
2.1550000000000002,0.00034437603818950264,-0.0071189837220389475,-0.06714066578347788,-2.676262191185654e-05,0.0,0.005064999999999995,False,False,True,NORMAL,1.0,False
2.156,0.00033722376840466655,-0.007185271071245306,-0.06540013905556448,-2.4215821710596865e-05,0.0,0.005064999999999995,False,False,True,NORMAL,1.0,False
2.157,0.00033000608356754555,-0.007249811810227448,-0.06365054335725952,-2.19113815922356e-05,0.0,-0.0053700000000000015,False,True,True,NORMAL,1.0,False
2.158,0.00032272473475502433,-0.007312597073544897,-0.06189199768388211,-1.9826237945519113e-05,0.0,-0.0053700000000000015,False,False,True,NORMAL,1.0,False
2.1590000000000003,0.0003153814818496289,-0.007373618115655682,-0.06012465026708285,-1.793952195199008e-05,0.0,-0.0053700000000000015,False,False,True,NORMAL,1.0,False
2.16,0.000307978093405022,-0.00743286634011617,-0.05834867589000367,-1.623235072383812e-05,0.0,-0.0053700000000000015,False,False,True,NORMAL,1.0,False
2.161,0.0003005163464836415,-0.007490333326094899,-0.05656427344864713,-1.4687638317611824e-05,0.0,-0.0053700000000000015,False,False,True,NORMAL,1.0,False
2.162,0.0002929980264690447,-0.007546010852446711,-0.05477166373601942,-1.3289924732353907e-05,0.0,-0.0026349999999999915,False,True,True,NORMAL,1.0,False
2.1630000000000003,0.00028542492685528664,-0.0075998909195700666,-0.05297108742784334,-1.202522118071535e-05,0.0,-0.0026349999999999915,False,False,True,NORMAL,1.0,False
2.164,0.00027779884901544844,-0.0076519657692492036,-0.051162803250657966,-1.088087008446981e-05,0.0,-0.0026349999999999915,False,False,True,NORMAL,1.0,False
2.165,0.00027012160195124006,-0.007702227902663603,-0.049347086314948815,-9.845418393216377e-06,0.0,-0.0026349999999999915,False,False,True,NORMAL,1.0,False
2.166,0.000262395002025427,-0.007750670096729871,-0.04752422659760629,-8.908502958401652e-06,0.0,-0.0026349999999999915,False,False,True,NORMAL,1.0,False
2.1670000000000003,0.000254620872678674,-0.007797285418925442,-0.04569452755950656,-8.060746815445859e-06,0.0,-0.001065,False,True,True,NORMAL,1.0,False
2.168,0.00024680104413225693,-0.007842067240729276,-0.04385830488536301,-7.293665335929614e-06,0.0,-0.001065,False,False,True,NORMAL,1.0,False
2.169,0.00023893735307796353,-0.007885009249801896,-0.042015885334221216,-6.599581310580931e-06,0.0,-0.001065,False,False,True,NORMAL,1.0,False
2.17,0.0002310316423563897,-0.007926105461015447,-0.040167605690079315,-5.9715481131844235e-06,0.0,-0.001065,False,False,True,NORMAL,1.0,False
2.1710000000000003,0.00022308576062473018,-0.007965350226433968,-0.038313811803118485,-5.403280176411299e-06,0.0,-0.001065,False,False,True,NORMAL,1.0,False
2.172,0.00021510156201506842,-0.008002738244334527,-0.03645485771293546,-4.889090083748884e-06,0.0,-0.004960000000000007,False,True,True,NORMAL,1.0,False
2.173,0.00020708090578408416,-0.008038264567351258,-0.03459110484599111,-4.4238316479245534e-06,0.0,-0.004960000000000007,False,False,True,NORMAL,1.0,False
2.174,0.00019902565595501798,-0.00807192460981657,-0.03272292128023086,-4.0028484061338165e-06,0.0,-0.004960000000000007,False,False,True,NORMAL,1.0,False
2.1750000000000003,0.00019093768095266266,-0.008103714154366722,-0.03085068107050646,-3.6219270165954783e-06,0.0,-0.004960000000000007,False,False,True,NORMAL,1.0,False
2.176,0.00018281885323208615,-0.008133629357872617,-0.02897476362903559,-3.2772550900109385e-06,0.0,-0.004960000000000007,False,False,True,NORMAL,1.0,False
2.177,0.0001746710489017337,-0.008161666756750868,-0.027095553155687416,-2.9653830338907036e-06,0.0,0.0028550000000000016,False,True,True,NORMAL,1.0,False
2.178,0.00016649614734150382,-0.008187823271705006,-0.02521343811337927,-2.6831895278733043e-06,0.0,0.0028550000000000016,False,False,True,NORMAL,1.0,False
2.179,0.00015829603081634532,-0.008212096211941963,-0.023328810744321027,-2.427850284502006e-06,0.0,0.0028550000000000016,False,False,True,NORMAL,1.0,False
2.18,0.00015007258408587974,-0.008234483278904704,-0.021442066623250967,-2.196809782806665e-06,0.0,0.0028550000000000016,False,False,True,NORMAL,1.0,False
2.181,0.0001418276940105148,-0.008254982569558032,-0.01955360424417617,-1.9877556917909197e-06,0.0,0.0028550000000000016,False,False,True,NORMAL,1.0,False
2.182,0.00013356324915447828,-0.008273592579261082,-0.01766382463746407,-1.7985957278463783e-06,0.0,0.00553,False,True,True,NORMAL,1.0,False
2.183,0.00012528113938617132,-0.008290312204256894,-0.01577313101443414,-1.6274367144750242e-06,0.0,0.00553,False,False,True,NORMAL,1.0,False
2.184,0.00011698325547620947,-0.008305140743806566,-0.013881928436871563,-1.4725656347425059e-06,0.0,0.00553,False,False,True,NORMAL,1.0,False
2.185,0.00010867148869349508,-0.008318077901992953,-0.011990623509132325,-1.332432486828893e-06,0.0,0.00553,False,False,True,NORMAL,1.0,False
2.186,0.00010034773039963977,-0.0083291237892165,-0.010099624090732817,-1.2056347710894882e-06,0.0,0.00553,False,False,True,NORMAL,1.0,False
2.187,9.201387164203485e-05,-0.008338278923403731,-0.008209339027519334,-1.0909034533669875e-06,0.0,0.004769999999999997,False,True,True,NORMAL,1.0,False
2.188,8.367180274584762e-05,-0.00834554423094698,-0.006320177899696134,-9.870902640710969e-07,0.0,0.004769999999999997,False,False,True,NORMAL,1.0,False
2.189,7.532341290520387e-05,-0.008350921047392238,-0.004432550785156395,-8.931562059105248e-07,0.0,0.004769999999999997,False,False,True,NORMAL,1.0,False
2.19,6.69705897738008e-05,-0.00835441111789045,-0.002546868036710243,-8.08161155258873e-07,0.0,0.004769999999999997,False,False,True,NORMAL,1.0,False
2.191,5.8615219055180144e-05,-0.008356016597426153,-0.0006635400719398209,-7.312544530813968e-07,0.0,0.004769999999999997,False,False,True,NORMAL,1.0,False
2.192,5.025918409287744e-05,-0.008355740050836119,0.0012170228254660845,-6.616663912534688e-07,0.0,0.00562,False,True,True,NORMAL,1.0,False
2.193,4.190436546065216e-05,-0.00835358445262948,0.0030944106939341963,-5.987005090629597e-07,0.0,0.00562,False,False,True,NORMAL,1.0,False
2.194,3.355264055299167e-05,-0.008349553186619806,0.004968214072721616,-5.41726622797343e-07,0.0,0.00562,False,False,True,NORMAL,1.0,False
2.195,2.5205883176072375e-05,-0.008343650045378641,0.006838024171968509,-4.90174518653288e-07,0.0,0.00562,False,False,True,NORMAL,1.0,False
2.196,1.6865963139352386e-05,-0.00833587922951919,0.008703433034851429,-4.435282458452604e-07,0.0,0.00562,False,False,True,NORMAL,1.0,False
2.197,8.53474584796143e-06,-0.008326245346818051,0.010564033692525796,-4.013209527966437e-07,0.0,0.009424999999999998,False,False,True,NORMAL,1.0,False
2.198,2.140918960464619e-07,-0.008314753411182244,0.01241942031247876,-3.631302147322463e-07,0.0,0.009424999999999998,False,False,True,NORMAL,1.0,False
2.199,-8.094143338775667e-06,-0.008301408841468095,0.014269188340852801,-3.285738059091693e-07,0.0,0.009424999999999998,False,False,True,NORMAL,1.0,False
2.2,-1.6388110099713332e-05,-0.00828621746015806,0.016112934639245426,-2.9730587417310126e-07,0.0,0.009424999999999998,False,False,True,NORMAL,1.0,False
2.201,-2.466596465370378e-05,-0.008269185491901,0.01795025761644043,-2.690134795537128e-07,0.0,0.009424999999999998,False,False,True,NORMAL,1.0,False
2.202,-3.292586969279127e-05,-0.008250319561920988,0.019780757355481314,-2.434134622562509e-07,0.0,-0.001855,False,True,True,NORMAL,1.0,False
2.203,-4.116599473385056e-05,-0.008229626694299335,0.02160403573645659,-2.2024960870313956e-07,0.0,-0.001855,False,False,True,NORMAL,1.0,False
2.204,-4.9384516516531145e-05,-0.0082071143101341,0.023419696555329876,-1.9929008726237918e-07,0.0,-0.001855,False,False,True,NORMAL,1.0,False
2.205,-5.757961939930169e-05,-0.008182790225581089,0.025227345639114527,-1.8032512799865225e-07,0.0,-0.001855,False,False,True,NORMAL,1.0,False
2.206,-6.574949575347797e-05,-0.008156662649779978,0.027026590957662192,-1.6316492322530442e-07,0.0,-0.001855,False,False,True,NORMAL,1.0,False
2.207,-7.38923463551211e-05,-0.008128740182668981,0.03196509784273425,0.00025169677110628216,0.0,0.02262,False,True,True,NORMAL,1.0,False
2.208,-8.20048075633728e-05,-0.008095886235405544,0.03658977437149124,0.00047958906532992365,0.0,0.02262,False,False,True,NORMAL,1.0,False
2.209,-9.008210491674961e-05,-0.008058414945834869,0.040928527780340146,0.0006857945404255346,0.0,0.02262,False,False,True,NORMAL,1.0,False
2.21,-9.811976413345515e-05,-0.008016612531209269,0.04500657785304038,0.0008723769700959256,0.0,0.02262,False,False,True,NORMAL,1.0,False
2.211,-0.00010611358453486335,-0.007970739976664976,0.04884671316046369,0.0010412037340097582,0.0,0.02262,False,False,True,NORMAL,1.0,False
2.212,-0.00011405961502932434,-0.00792103546735856,0.04932146781177068,0.0009421200983307896,0.0,0.013084999999999998,False,False,True,NORMAL,1.0,False
2.213,-0.00012195570562346838,-0.007870862165936427,0.04990214597985272,0.000852465517253416,0.0,0.013084999999999998,False,False,True,NORMAL,1.0,False
2.214,-0.00012980133460845845,-0.007820114284965651,0.050577255434305,0.0007713426975962697,0.0,0.013084999999999998,False,False,True,NORMAL,1.0,False
2.215,-0.00013759588023512563,-0.007768697532093125,0.051336366037466705,0.0006979397349139005,0.0,0.013084999999999998,False,False,True,NORMAL,1.0,False
2.216,-0.00014533863167784703,-0.007716528047496261,0.05217000904481242,0.0006315219876841958,0.0,0.013084999999999998,False,False,True,NORMAL,1.0,False
2.217,-0.00015302879898623794,-0.007663531442073513,0.05306958599462761,0.0005714247247691048,0.0,0.0027649999999999997,False,True,True,NORMAL,1.0,False
2.218,-0.00016066552212060206,-0.007609641926781661,0.05402728627433278,0.0005170464725619856,0.0,0.0027649999999999997,False,False,True,NORMAL,1.0,False
2.219,-0.0001682478791579472,-0.007554801524439786,0.05503601253766764,0.00046784299523758765,0.0,0.0027649999999999997,False,False,True,NORMAL,1.0,False
2.22,-0.00017577489374710653,-0.007498959356145975,0.056089313225530284,0.0004233218478569885,0.0,0.0027649999999999997,False,False,True,NORMAL,1.0,False
2.221,-0.00018324554188402524,-0.007442070995200327,0.057181321514370276,0.00038303744781312873,0.0,0.0027649999999999997,False,False,True,NORMAL,1.0,False
2.222,-0.0001906587580715047,-0.007384097882104141,0.06403207511899306,0.0008046166183798629,0.0,0.024764999999999995,False,True,True,NORMAL,1.0,False
2.223,-0.00019801057971853412,-0.00731928592620422,0.0703572746581416,0.001186077226573208,0.0,0.024764999999999995,False,False,True,NORMAL,1.0,False
2.224,-0.0002052944308794366,-0.0072481610368748525,0.07620395173285179,0.0015312370583733012,0.0,0.024764999999999995,False,False,True,NORMAL,1.0,False
2.225,-0.00021250423799458928,-0.007171202069773597,0.08161463902080578,0.0018435505893890235,0.0,0.024764999999999995,False,False,True,NORMAL,1.0,False
2.226,-0.00021963438508676553,-0.00708884532751435,0.08662779911593106,0.0021261435584109833,0.0,0.024764999999999995,False,False,True,NORMAL,1.0,False
2.227,-0.00022667967324367305,-0.00700148863133228,0.0855528375239046,0.0019238142477663814,0.0,0.016839999999999997,False,True,True,NORMAL,1.0,False
2.228,-0.0002336381451811248,-0.006915215873175257,0.08470064543463751,0.0017407391167297242,0.0,0.016839999999999997,False,False,True,NORMAL,1.0,False
2.229,-0.00024051077346952192,-0.006829804337001939,0.08404820413434434,0.0015750858878559205,0.0,0.016839999999999997,False,False,True,NORMAL,1.0,False
2.23,-0.0002472983194749616,-0.00674505433240937,0.08357466147988576,0.001425196647952428,0.0,0.016839999999999997,False,False,True,NORMAL,1.0,False
2.231,-0.00025400135530128856,-0.0066607870271785975,0.08326112617264257,0.0012895712551267793,0.0,0.016839999999999997,False,False,True,NORMAL,1.0,False
2.232,-0.0002606202836675835,-0.0065768424856281925,0.0830904816144274,0.0011668523248623067,0.0,0.016350000000000003,False,True,True,NORMAL,1.0,False
2.233,-0.00026715535591710204,-0.006493077893185924,0.08304721748184767,0.0010558116448576662,0.0,0.016350000000000003,False,False,True,NORMAL,1.0,False
2.234,-0.00027360668833502133,-0.0064093659494531335,0.08311727733287587,0.0009553378826653101,0.0,0.016350000000000003,False,False,True,NORMAL,1.0,False
2.235,-0.0002799742769354682,-0.0063255934137232735,0.0832879207198505,0.0008644254631028196,0.0,0.016350000000000003,False,False,True,NORMAL,1.0,False
2.236,-0.00028625801086302837,-0.006241659788442463,0.08354759842832625,0.0007821645041184938,0.0,0.016350000000000003,False,False,True,NORMAL,1.0,False
2.237,-0.0002924576845401137,-0.006157476127481027,0.08388583959257155,0.0007077317103859546,0.0,0.016715,False,True,True,NORMAL,1.0,False
2.238,-0.0002985730086790585,-0.006072963957334684,0.08429314955738769,0.0006403821334878006,0.0,0.016715,False,False,True,NORMAL,1.0,False
2.239,-0.00030460362026650035,-0.00598805430050483,0.08476091746348807,0.0005794417162214606,0.0,0.016715,False,False,True,NORMAL,1.0,False
2.24,-0.0003105490916173608,-0.005902686791330508,0.08528133263100383,0.0005243005464081516,0.0,0.016715,False,False,True,NORMAL,1.0,False
2.241,-0.0003164089385864782,-0.005816808875470484,0.08584730890374824,0.00047440675268679464,0.0,0.016715,False,False,True,NORMAL,1.0,False
2.242,-0.0003221826280175604,-0.005730375085071515,0.08645241619655765,0.0004292609811999433,0.0,0.01725,False,True,True,NORMAL,1.0,False
2.243,-0.0003278695845015419,-0.0056433463824169024,0.08709081856012901,0.00038841139789253925,0.0,0.01725,False,False,True,NORMAL,1.0,False
2.244,-0.00033346919650956527,-0.005555689565535257,0.08775721814301536,0.00035144916640482296,0.0,0.01725,False,False,True,NORMAL,1.0,False
2.245,-0.00033898082195959843,-0.005467376729869999,0.08844680448947252,0.0003180043563006303,0.0,0.01725,False,False,True,NORMAL,1.0,False
2.246,-0.00034440379327007936,-0.005378384780671632,0.08915520866526593,0.00028774224067924965,0.0,0.01725,False,False,True,NORMAL,1.0,False
2.247,-0.0003497374219488966,-0.0052886949912829325,0.0898784617518773,0.0002603599461160939,0.0,0.016615000000000005,False,True,True,NORMAL,1.0,False
2.248,-0.0003549810027614136,-0.005198292602946925,0.09061295729328428,0.00023558342140366794,0.0,0.016615000000000005,False,False,True,NORMAL,1.0,False
2.249,-0.00036013381751708306,-0.005107166462183527,0.09135541731905612,0.0002131646947549723,0.0,0.016615000000000005,False,False,True,NORMAL,1.0,False
2.25,-0.00036519513851043106,-0.005015308692157122,0.09210286160331407,0.0001928793920185126,0.0,0.016615000000000005,False,False,True,NORMAL,1.0,False
2.251,-0.0003701642316487834,-0.004922714394797928,0.09285257985150286,0.0001745244910663766,0.0,0.016615000000000005,False,False,True,NORMAL,1.0,False
2.2520000000000002,-0.0003750403592960244,-0.004829381380748201,0.09360210653623453,0.0001579162898805401,0.0,0.019344999999999994,False,True,True,NORMAL,1.0,False
2.253,-0.0003798227828588871,-0.004735309924483152,0.0943491981299909,0.00014288856800132602,0.0,0.019344999999999994,False,False,True,NORMAL,1.0,False
2.254,-0.0003845107651397514,-0.004640502542208774,0.09509181250647192,0.00012929092293717545,0.0,0.019344999999999994,False,False,True,NORMAL,1.0,False
2.255,-0.0003891035724776427,-0.00454496379036708,0.09582809030409471,0.00011698726488596005,0.0,0.019344999999999994,False,False,True,NORMAL,1.0,False
2.2560000000000002,-0.00039360047669705615,-0.004448700082785836,0.09655633806479764,0.00010585445470250096,0.0,0.019344999999999994,False,False,True,NORMAL,1.0,False
2.257,-0.00039800075688236437,-0.0043517195246967726,0.10006260376389008,0.00031878833426503413,0.0,0.022320000000000007,False,True,True,NORMAL,1.0,False
2.258,-0.0004023023079212501,-0.00425124636533499,0.10328812478104345,0.0005114588760607766,0.0,0.022320000000000007,False,False,True,NORMAL,1.0,False
2.259,-0.0004065017776429131,-0.004147561521123017,0.1062566721467253,0.0006857943916308256,0.0,0.022320000000000007,False,False,True,NORMAL,1.0,False
2.2600000000000002,-0.00041059608290309357,-0.004040922124576313,0.10898974795770049,0.0008435396894111966,0.0,0.022320000000000007,False,False,True,NORMAL,1.0,False
2.261,-0.0004145823869349349,-0.003931563794125401,0.11150680196857472,0.000986273537362101,0.0,0.022320000000000007,False,False,True,NORMAL,1.0,False
2.262,-0.00041845807886134435,-0.0038197026872617127,0.11103783678749402,0.0008924172010239159,0.0,0.01949,False,True,True,NORMAL,1.0,False
2.263,-0.0004222221482351052,-0.003708322754306748,0.11065612343417576,0.0008074924759853579,0.0,0.01949,False,False,True,NORMAL,1.0,False
2.2640000000000002,-0.00042587503260879786,-0.0035973367580044045,0.1103510050621618,0.0007306494070540553,0.0,0.01949,False,False,True,NORMAL,1.0,False
2.265,-0.00042941708762667683,-0.0034866681193661663,0.11011283343215525,0.0006611189229682961,0.0,0.01949,False,False,True,NORMAL,1.0,False
2.266,-0.0004328485971784968,-0.0033762499086593843,0.10993287346906769,0.0005982051392733475,0.0,0.01949,False,False,True,NORMAL,1.0,False
2.267,-0.00043616978259206144,-0.003266023931876836,0.10980321690197828,0.0005412783936759373,0.0,0.018884999999999992,False,True,True,NORMAL,1.0,False
2.2680000000000002,-0.0004393808109554336,-0.0031559399036010737,0.10971670412252901,0.0004897689441723868,0.0,0.018884999999999992,False,False,True,NORMAL,1.0,False
2.269,-0.00044248180265109164,-0.0030459546980418782,0.10966685347954769,0.00044316126687914044,0.0,0.018884999999999992,False,False,True,NORMAL,1.0,False
2.27,-0.0004454728381764852,-0.0029360316708076494,0.10964779730212647,0.0004009888964964662,0.0,0.018884999999999992,False,False,True,NORMAL,1.0,False
2.271,-0.00044835396431836,-0.002826140044679625,0.10965422401073732,0.00036282975776695113,0.0,0.018884999999999992,False,False,True,NORMAL,1.0,False
2.2720000000000002,-0.00045112519974180944,-0.0027162543532984833,0.10968132573691061,0.0003283019412044607,0.0,0.018929999999999995,False,True,True,NORMAL,1.0,False
2.273,-0.0004537865400492098,-0.002606353937252594,0.10972475092714656,0.0002970598808156376,0.0,0.018929999999999995,False,False,True,NORMAL,1.0,False
2.274,-0.0004563379623589486,-0.0024964224875817106,0.10978056145662714,0.0002687908955592914,0.0,0.018929999999999995,False,False,True,NORMAL,1.0,False
2.275,-0.00045877942944910587,-0.002386447632184524,0.10984519382344361,0.00024321205992944251,0.0,0.018929999999999995,False,False,True,NORMAL,1.0,False
2.2760000000000002,-0.000461110893506951,-0.0022764205610479515,0.10991542403490796,0.00022006737234176382,0.0,0.018929999999999995,False,False,True,NORMAL,1.0,False
2.277,-0.00046333229952123117,-0.0021663356866046175,0.10998833583447994,0.0001991251929836797,0.0,0.019180000000000003,False,True,True,NORMAL,1.0,False
2.278,-0.00046544358835070757,-0.0020561903358765838,0.11006129195128989,0.0001801759254852649,0.0,0.019180000000000003,False,False,True,NORMAL,1.0,False
2.279,-0.00046744469949921546,-0.0019459844713815486,0.11013190808449988,0.00016302991920832653,0.0,0.019180000000000003,False,False,True,NORMAL,1.0,False
2.2800000000000002,-0.0004693355736246413,-0.001835720438065586,0.1101980293621311,0.00014751557115907327,0.0,0.019180000000000003,False,False,True,NORMAL,1.0,False
2.281,-0.00047111615480660703,-0.0017254027337869865,0.110257709038763,0.00013347760852767571,0.0,0.019180000000000003,False,False,True,NORMAL,1.0,False
2.282,-0.0004727863925952922,-0.0016150378011114365,0.11030918921893036,0.00012077553466579667,0.0,0.018845,False,True,True,NORMAL,1.0,False
2.283,-0.00047434624386169256,-0.0015046338383920407,0.11035088341333028,0.00010928222294891198,0.0,0.018845,False,False,True,NORMAL,1.0,False
2.2840000000000003,-0.0004757956744676829,-0.0013942006283006495,0.11038136075330866,9.88826444503236e-05,0.0,0.018845,False,False,True,NORMAL,1.0,False
2.285,-0.00047713466077250647,-0.001283749382151555,0.11039933170570376,8.947271669299861e-05,0.0,0.018845,False,False,True,NORMAL,1.0,False
2.286,-0.0004783631909907328,-0.0011732925985166042,0.11040363514515424,8.095826195715576e-05,0.0,0.018845,False,False,True,NORMAL,1.0,False
2.287,-0.00047948126641529637,-0.0010628439347737273,0.11112016304458025,0.00013140897591823876,0.0,0.020605000000000002,False,True,True,NORMAL,1.0,False
2.2880000000000003,-0.0004804885392382213,-0.0009516917261396815,0.11175069228877002,0.00017705866967685584,0.0,0.020605000000000002,False,False,True,NORMAL,1.0,False
2.289,-0.0004813843489180192,-0.000839921982688175,0.11230091423948076,0.00021836422071153517,0.0,0.020605000000000002,False,False,True,NORMAL,1.0,False
2.29,-0.00048216811807584613,-0.0007276150179396964,0.11277598695472875,0.000255739028860307,0.0,0.020605000000000002,False,False,True,NORMAL,1.0,False
2.291,-0.00048283934706567626,-0.0006148459823860252,0.11318058648542158,0.000289557153765231,0.0,0.020605000000000002,False,False,True,NORMAL,1.0,False
2.2920000000000003,-0.00048339760905234544,-0.0005016853456984924,0.11279201689766011,0.00026200214738677293,0.0,0.01979,False,True,True,NORMAL,1.0,False
2.293,-0.0004838429088283047,-0.00038892569672678844,0.1124114098634753,0.00023706934656132452,0.0,0.01979,False,False,True,NORMAL,1.0,False
2.294,-0.00048417564338702626,-0.0002765590340969138,0.11203572350620151,0.00021450921543802095,0.0,0.01979,False,False,True,NORMAL,1.0,False
2.295,-0.00048439620324105783,-0.00016458039681697018,0.11166221588248669,0.00019409596464185826,0.0,0.01979,False,False,True,NORMAL,1.0,False
2.2960000000000003,-0.000484504975312402,-5.298756423805824e-05,0.11128841693536927,0.00017562529149773792,0.0,0.01979,False,False,True,NORMAL,1.0,False
2.297,-0.0004845023455368837,5.8219215926240896e-05,0.11091210311316729,0.00015891233530062593,0.0,0.01797499999999999,False,True,True,NORMAL,1.0,False
2.298,-0.0004843887012092315,0.0001690374741886684,0.11053127440038762,0.00014378982716748302,0.0,0.01797499999999999,False,False,True,NORMAL,1.0,False
2.299,-0.0004841644330930578,0.00027946274289835174,0.11014413353101625,0.0001301064159540622,0.0,0.01797499999999999,False,False,True,NORMAL,1.0,False
2.3000000000000003,-0.0004838299373176255,0.00038948875905537716,0.109749067176405,0.0001177251534817862,0.0,0.01797499999999999,False,False,True,NORMAL,1.0,False
2.301,-0.0004833856170812085,0.000499107648305251,0.10934462891974336,0.00010652212391434648,0.0,0.01797499999999999,False,False,True,NORMAL,1.0,False
2.302,-0.0004828318841789736,0.000608310091900545,0.10892952384699778,9.63852035663638e-05,0.0,0.016430000000000007,False,True,True,NORMAL,1.0,False
2.303,-0.00048216916037160674,0.0007170854782468358,0.10850259460038948,8.721293873185899e-05,0.0,0.016430000000000007,False,False,True,NORMAL,1.0,False
2.3040000000000003,-0.0004813978786093695,0.0008254220404960593,0.10806280875513233,7.891353030146361e-05,0.0,0.016430000000000007,False,False,True,NORMAL,1.0,False
2.305,-0.00048051848412487505,0.0009333069815110678,0.10760924739340626,7.140391500607879e-05,0.0,0.016430000000000007,False,False,True,NORMAL,1.0,False
2.306,-0.0004795314354066146,0.0010407265873991023,0.10714109476153665,6.460893409175944e-05,0.0,0.016430000000000007,False,False,True,NORMAL,1.0,False
2.307,-0.0004784372050641235,0.0011476663306978193,0.1066576289072016,5.8460581105643096e-05,0.0,0.015500000000000003,False,True,True,NORMAL,1.0,False
2.308,-0.0004772362805946438,0.001254110964194292,0.10615821320330981,5.28973212645119e-05,0.0,0.015500000000000003,False,False,True,NORMAL,1.0,False
2.309,-0.0004759291650602073,0.0013600446062640118,0.10564228867407563,4.7863475593999606e-05,0.0,0.015500000000000003,False,False,True,NORMAL,1.0,False
2.31,-0.000474516377683218,0.0014654508185324084,0.10510936704685919,4.330866367470177e-05,0.0,0.015500000000000003,False,False,True,NORMAL,1.0,False
2.311,-0.000472998454367848,0.001570312676584948,0.10455902446061342,3.91872994180049e-05,0.0,0.015500000000000003,False,False,True,NORMAL,1.0,False
2.312,-0.00047137594815387015,0.0016746128343826786,0.10399089576836164,3.545813482518961e-05,0.0,0.015564999999999996,False,True,True,NORMAL,1.0,False
2.313,-0.00046964942960892476,0.0017783335829774953,0.10340466937708676,3.208384716359551e-05,0.0,0.015564999999999996,False,False,True,NORMAL,1.0,False
2.314,-0.0004678194871646522,0.0018814569040647533,0.1028000825738017,2.9030665428168105e-05,0.0,0.015564999999999996,False,False,True,NORMAL,1.0,False
2.315,-0.0004658867274016104,0.0019839645188596097,0.10217691729144655,2.6268032349889423e-05,0.0,0.015564999999999996,False,False,True,NORMAL,1.0,False
2.316,-0.00046385177528743385,0.0020858379327370986,0.10153499627267146,2.3768298568359005e-05,0.0,0.015564999999999996,False,False,True,NORMAL,1.0,False
2.317,-0.00046171527437227156,0.0021870584760339895,0.10087417959355638,2.1506445907701754e-05,0.0,0.016215000000000004,False,False,True,NORMAL,1.0,False
2.318,-0.0004594778869451615,0.002287607341372513,0.10019436151293076,1.9459836986254882e-05,0.0,0.016215000000000004,False,False,True,NORMAL,1.0,False
2.319,-0.00045714029415465764,0.0023874656178316904,0.09949546761622595,1.7607988654043536e-05,0.0,0.016215000000000004,False,False,True,NORMAL,1.0,False
2.32,-0.000454703196096714,0.002486614322260922,0.0987774522257509,1.5932366990531222e-05,0.0,0.016215000000000004,False,False,True,NORMAL,1.0,False
2.321,-0.0004521673118725505,0.0025850344280023666,0.09804029605195673,1.4416201810913621e-05,0.0,0.016215000000000004,False,False,True,NORMAL,1.0,False
2.322,-0.0004495333796189717,0.002682706891263205,0.09728400406267973,1.3044318824472405e-05,0.0,0.016695,False,True,True,NORMAL,1.0,False
2.323,-0.00044680215651337815,0.002779612675355861,0.09650860354954097,1.1802987765173474e-05,0.0,0.016695,False,False,True,NORMAL,1.0,False
2.324,-0.0004439744187555059,0.0028757327730034145,0.09571414237266558,1.0679784974549587e-05,0.0,0.016695,False,False,True,NORMAL,1.0,False
2.325,-0.0004410509615277376,0.00297104822688861,0.09490068736667742,9.663469061550684e-06,0.0,0.016695,False,False,True,NORMAL,1.0,False
2.326,-0.00043803259893566266,0.0030655401486078026,0.09406832289254895,8.743868394923898e-06,0.0,0.016695,False,False,True,NORMAL,1.0,False
2.327,-0.0004349201639304073,0.003159189736175763,0.09321714952135438,7.91177930210917e-06,0.0,0.00872,False,True,True,NORMAL,1.0,False
2.328,-0.00043171450821411893,0.0032519782902133035,0.09234728283730419,7.158873955790807e-06,0.0,0.00872,False,False,True,NORMAL,1.0,False
2.329,-0.00042841650212986084,0.0033438872289370605,0.09145885234864062,6.477617026202629e-06,0.0,0.00872,False,False,True,NORMAL,1.0,False
2.33,-0.0004250270345370627,0.003434898102059343,0.09055200049606277,5.861190265014957e-06,0.0,0.00872,False,False,True,NORMAL,1.0,False
2.331,-0.00042154701267356677,0.0035249926036956267,0.08962688174933425,5.303424266013635e-06,0.0,0.00872,False,False,True,NORMAL,1.0,False
2.332,-0.0004179773620052188,0.0036141525843679106,0.08868366178361747,4.798736719609031e-06,0.0,0.013205,False,True,True,NORMAL,1.0,False
2.333,-0.00041431902606386766,0.003702360062183712,0.08772251672788473,4.3420765432053865e-06,0.0,0.013205,False,False,True,NORMAL,1.0,False
2.334,-0.00041057296627456167,0.003789597233262804,0.08674363247848552,3.928873328268467e-06,0.0,0.013205,False,False,True,NORMAL,1.0,False
2.335,-0.0004067401617726621,0.0038758464814768884,0.0857472040716104,3.5549915981407863e-06,0.0,0.013205,False,False,True,NORMAL,1.0,False
2.336,-0.00040282160921153065,0.003961090387561132,0.0847334351089877,3.2166894188012385e-06,0.0,0.013205,False,False,True,NORMAL,1.0,False
2.337,-0.0003988183225613927,0.004045311737650826,0.08370253723169126,2.910580948331704e-06,0.0,0.009039999999999994,False,False,True,NORMAL,1.0,False
2.338,-0.00039473133289992746,0.00412849353129131,0.08265472963742512,2.6336025502731137e-06,0.0,0.009039999999999994,False,False,True,NORMAL,1.0,False
2.339,-0.00039056168819508956,0.004210618988964657,0.08159023863709469,2.3829821317220426e-06,0.0,0.009039999999999994,False,False,True,NORMAL,1.0,False
2.34,-0.00038631045308062565,0.004291671559172433,0.08050929724687328,2.1562113992931998e-06,0.0,0.009039999999999994,False,False,True,NORMAL,1.0,False
2.341,-0.00038197870862471283,0.004371634925110049,0.07941214481233627,1.951020755276162e-06,0.0,0.009039999999999994,False,False,True,NORMAL,1.0,False
2.342,-0.00037756755209211035,0.004450493010964791,0.07829902666156188,1.7653565827386501e-06,0.0,0.014559999999999998,False,True,True,NORMAL,1.0,False
2.343,-0.00037307809670018713,0.004528229987866521,0.0771701937843953,1.597360692238025e-06,0.0,0.014559999999999998,False,False,True,NORMAL,1.0,False
2.344,-0.000368511471369159,0.004604830279517213,0.07602590253534042,1.4453517244367875e-06,0.0,0.014559999999999998,False,False,True,NORMAL,1.0,False
2.345,-0.00036386882046684523,0.004680278567522996,0.07486641435778685,1.3078083224932045e-06,0.0,0.014559999999999998,False,False,True,NORMAL,1.0,False
2.346,-0.0003591513035482307,0.004754559796450032,0.07369199552749948,1.1833539058106907e-06,0.0,0.014559999999999998,False,False,True,NORMAL,1.0,False
2.347,-0.000354360095090101,0.004827659178623522,0.0725029169134969,1.0707428927565134e-06,0.0,0.0035600000000000024,False,True,True,NORMAL,1.0,False
2.348,-0.00034949638422099793,0.004899562198687236,0.07129945375462445,9.68848234462158e-07,0.0,0.0035600000000000024,False,False,True,NORMAL,1.0,False
2.349,-0.0003445613744467272,0.004970254617939279,0.07008188545029144,8.766501349394369e-07,0.0,0.0035600000000000024,False,False,True,NORMAL,1.0,False
2.35,-0.00033955628337163564,0.005039722478458276,0.06885049536398835,7.932258446194756e-07,0.0,0.0035600000000000024,False,False,True,NORMAL,1.0,False
2.351,-0.0003344823424158597,0.00510795210703276,0.06760557063833385,7.177404251648794e-07,0.0,0.0035600000000000024,False,False,True,NORMAL,1.0,False
2.352,-0.00032934079652873806,0.00517493011890531,0.06634740202052217,6.494383931262214e-07,0.0,0.0054600000000000065,False,True,True,NORMAL,1.0,False
2.353,-0.0003241329038985668,0.0052406434213418595,0.06507628369714986,5.876361588097526e-07,0.0,0.0054600000000000065,False,False,True,NORMAL,1.0,False
2.354,-0.0003188599356588683,0.005305079217035553,0.06379251313750058,5.317151846819856e-07,0.0,0.0054600000000000065,False,False,True,NORMAL,1.0,False
2.355,-0.0003135231755913345,0.005368225007353631,0.06249639094445529,4.811157948381612e-07,0.0,0.0054600000000000065,False,False,True,NORMAL,1.0,False
2.356,-0.0003081239198255981,0.005430068595434979,0.06118822071227683,4.353315735776802e-07,0.0,0.0054600000000000065,False,False,True,NORMAL,1.0,False
2.357,-0.00030266347653597734,0.005490598089145224,0.05986830889058988,3.9390429702555945e-07,0.0,0.0055799999999999895,False,True,True,NORMAL,1.0,False
2.358,-0.0002971431656353336,0.0055498019038955826,0.05853696465394512,3.564193470738769e-07,0.0,0.0055799999999999895,False,False,True,NORMAL,1.0,False
2.359,-0.00029156431846617576,0.005607668765331061,0.057194499776414755,3.225015617443893e-07,0.0,0.0055799999999999895,False,False,True,NORMAL,1.0,False
2.36,-0.0002859282774891387,0.00566418771189305,0.05584122851072216,2.918114804413578e-07,0.0,0.0055799999999999895,False,False,True,NORMAL,1.0,False
2.361,-0.0002802363959689604,0.00571934809726085,0.054477467471456265,2.6404194651580907e-07,0.0,0.0055799999999999895,False,False,True,NORMAL,1.0,False
2.362,-0.000274490037658075,0.005773139592676237,0.05310353552196676,2.389150331385536e-07,0.0,0.002265000000000003,False,True,True,NORMAL,1.0,False
2.363,-0.0002686905764779388,0.005825552189154741,0.05171975366457557,2.161792617150645e-07,0.0,0.002265000000000003,False,False,True,NORMAL,1.0,False
2.364,-0.0002628393961981994,0.00587657619958698,0.050326444933776936,1.9560708500317892e-07,0.0,0.002265000000000003,False,False,True,NORMAL,1.0,False
2.365,-0.00025693789011381723,0.005926202260733045,0.048923934292131106,1.7699260974381686e-07,0.0,0.002265000000000003,False,False,True,NORMAL,1.0,False
2.366,-0.0002509874607202445,0.005974421335112624,0.047512548528586225,1.6014953601204145e-07,0.0,0.002265000000000003,False,False,True,NORMAL,1.0,False
2.367,-0.0002449895193867653,0.006021224712793331,0.04609261615899051,1.449092926647925e-07,0.0,0.001935000000000008,False,True,True,NORMAL,1.0,False
2.368,-0.00023894548602809685,0.006066604013079411,0.04466446732858048,1.3111935022422807e-07,0.0,0.001935000000000008,False,False,True,NORMAL,1.0,False
2.369,-0.00023285678877435094,0.0061105511861028325,0.04322843371625361,1.1864169431144323e-07,0.0,0.001935000000000008,False,False,True,NORMAL,1.0,False
2.37,-0.00022672486363945217,0.006153058514318535,0.04178484844045333,1.0735144435217788e-07,0.0,0.001935000000000008,False,False,True,NORMAL,1.0,False
2.371,-0.00022055115418810804,0.00619411861390548,0.040334045966512716,9.713560373005563e-08,0.0,0.001935000000000008,False,False,True,NORMAL,1.0,False
2.372,-0.0002143371112014244,0.0062337244360749534,0.038876362015319035,8.789192887846764e-08,0.0,0.0036349999999999933,False,True,True,NORMAL,1.0,False
2.373,-0.0002080841923412581,0.006271869268287463,0.03741213347317678,7.952790599259285e-08,0.0,0.0036349999999999933,False,False,True,NORMAL,1.0,False
2.374,-0.00020179386181339818,0.006308546735379426,0.03594169830275945,7.195982512014423e-08,0.0,0.0036349999999999933,False,False,True,NORMAL,1.0,False
2.375,-0.00019546759002966448,0.006343750800600758,0.03446539545505292,6.511194236403048e-08,0.0,0.0036349999999999933,False,False,True,NORMAL,1.0,False
2.376,-0.00018910685326901304,0.006377475766564357,0.032983564782204045,5.8915721811975554e-08,0.0,0.0036349999999999933,False,False,True,NORMAL,1.0,False
2.3770000000000002,-0.00018271313333773548,0.006409716276108392,0.03149654695119797,5.330914960607282e-08,0.0,0.001285000000000004,False,True,True,NORMAL,1.0,False
2.378,-0.00017628791722883926,0.006440467313072251,0.030004683358296546,4.823611328725162e-08,0.0,0.001285000000000004,False,False,True,NORMAL,1.0,False
2.379,-0.00016983269678069482,0.006469724202986894,0.028508316044178528,4.3645840202926795e-08,0.0,0.001285000000000004,False,False,True,NORMAL,1.0,False
2.38,-0.00016334896833503478,0.0064974826136803485,0.027007787609729265,3.949238935722636e-08,0.0,0.001285000000000004,False,False,True,NORMAL,1.0,False
2.3810000000000002,-0.00015683823239438967,0.006523738555798981,0.025503441132434426,3.573419161806351e-08,0.0,0.001285000000000004,False,False,True,NORMAL,1.0,False
2.382,-0.00015030199327904434,0.006548488383245179,0.023995620083338196,3.233363367929081e-08,0.0,-0.0007249999999999991,False,True,True,NORMAL,1.0,False
2.383,-0.00014374175878359812,0.006571728793532004,0.02248466824453175,2.9256681614090042e-08,0.0,-0.0007249999999999991,False,False,True,NORMAL,1.0,False
2.384,-0.00013715903983321155,0.006593456828055354,0.02097092962714272,2.647254025199336e-08,0.0,-0.0007249999999999991,False,False,True,NORMAL,1.0,False
2.3850000000000002,-0.00013055535013962205,0.006613669872284155,0.01945474838980086,2.395334497046668e-08,0.0,-0.0007249999999999991,False,False,True,NORMAL,1.0,False
2.386,-0.00012393220585700995,0.006632365655869059,0.01793646875755886,2.167388281640171e-08,0.0,-0.0007249999999999991,False,False,True,NORMAL,1.0,False
2.387,-0.00011729112523779661,0.006649542252670115,0.016416434941251144,1.9611340166406874e-08,0.0,-0.002324999999999997,False,True,True,NORMAL,1.0,False
2.388,-0.00011063362828845494,0.0066651980807038574,0.014894991057276579,1.77450744003965e-08,0.0,-0.002324999999999997,False,False,True,NORMAL,1.0,False
2.3890000000000002,-0.00010396123642541302,0.006679331902010246,0.013372481047793856,1.605640730331077e-08,0.0,-0.002324999999999997,False,False,True,NORMAL,1.0,False
2.39,-9.72754721311307e-05,0.006691942822439883,0.011849248601321175,1.4528438127261441e-08,0.0,-0.002324999999999997,False,False,True,NORMAL,1.0,False
2.391,-9.057785861042855e-05,0.006703030291361911,0.010325637073734096,1.3145874443166434e-08,0.0,-0.002324999999999997,False,False,True,NORMAL,1.0,False
2.392,-8.386991944714842e-05,0.0067125941012930075,0.008801989409657493,1.1894879088979623e-08,0.0,-0.002619999999999999,False,False,True,NORMAL,1.0,False
2.3930000000000002,-7.715317826122434e-05,0.006720634387447876,0.007278648064249695,1.0762931682722248e-08,0.0,-0.002619999999999999,False,False,True,NORMAL,1.0,False
2.394,-7.042915836624191e-05,0.006727151627211628,0.005755954925378416,9.738703314291825e-09,0.0,-0.002619999999999999,False,False,True,NORMAL,1.0,False
2.395,-6.369938242756424e-05,0.006732146639534465,0.004234251236189779,8.811943161922056e-09,0.0,-0.002619999999999999,False,False,True,NORMAL,1.0,False
2.396,-5.69653721211018e-05,0.00673562058424906,0.0027138775180730475,7.973375898513181e-09,0.0,-0.002619999999999999,False,False,True,NORMAL,1.0,False
2.3970000000000002,-5.022864779280351e-05,0.006737574961311038,0.0011951734940249955,7.214608861040815e-09,0.0,0.00434,False,True,True,NORMAL,1.0,False
2.398,-4.349072811894544e-05,0.0067380116099629685,-0.00032152198758105406,6.528048053963526e-09,0.0,0.00434,False,False,True,NORMAL,1.0,False
2.399,-3.6753129767293725e-05,0.00673693270782228,-0.0018358710288155064,5.906822145963028e-09,0.0,0.00434,False,False,True,NORMAL,1.0,False
2.4,-3.0017367059217342e-05,0.006734340769893517,-0.003347536757595131,5.344713699350812e-09,0.0,0.00434,False,False,True,NORMAL,1.0,False
2.4010000000000002,-2.328495163282631e-05,0.0067302386475053665,-0.00485618340266033,4.83609694386201e-09,0.0,0.00434,False,False,True,NORMAL,1.0,False
2.402,-1.6557392107210275e-05,0.00672462952717288,-0.006361476368118607,4.375881472055696e-09,0.0,-0.01656,False,True,True,NORMAL,1.0,False
2.403,-9.836193747852074e-06,0.006717516929385348,-0.007863082307545144,3.95946129280627e-09,0.0,-0.01656,False,False,True,NORMAL,1.0,False
2.404,-3.1228581332904585e-06,0.006708904707320257,-0.00936066919763087,3.5826687329961474e-09,0.0,-0.01656,False,False,True,NORMAL,1.0,False
2.4050000000000002,3.5811171768944413e-06,0.006698797045483812,-0.010853906411367893,3.2417327260423962e-09,0.0,-0.01656,False,False,True,NORMAL,1.0,False
2.406,1.027423897269962e-05,0.006687198458278478,-0.012342464790761757,2.933241069794874e-09,0.0,-0.01656,False,False,True,NORMAL,1.0,False
2.407,1.6955018722848958e-05,0.006674113788498026,-0.013826016719059602,2.6541062760702295e-09,0.0,-0.008495,False,True,True,NORMAL,1.0,False
2.408,2.362197290240201e-05,0.006659548205750585,-0.015304236192482955,2.401534670032422e-09,0.0,-0.008495,False,False,True,NORMAL,1.0,False
2.4090000000000003,3.0273623318750025e-05,0.006643507204810185,-0.016776798891453656,2.172998430155977e-09,0.0,-0.008495,False,False,True,NORMAL,1.0,False
2.41,3.690849743592801e-05,0.006625996603897321,-0.01824338225130117,1.9662102889385273e-09,0.0,-0.008495,False,False,True,NORMAL,1.0,False
2.411,4.352512869717207e-05,0.00660702254288906,-0.01970366553243929,1.779100641158875e-09,0.0,-0.008495,False,False,True,NORMAL,1.0,False
2.412,5.0122056845651835e-05,0.0065865914814592225,-0.021157329890000114,1.6097968305723167e-09,0.0,-0.0073149999999999995,False,True,True,NORMAL,1.0,False
2.4130000000000003,5.6697828243308386e-05,0.006564710197149199,-0.022604058442913088,1.456604407737526e-09,0.0,-0.0073149999999999995,False,False,True,NORMAL,1.0,False
2.414,6.32509961877285e-05,0.0065413857833699586,-0.024043536342416707,1.3179901713970208e-09,0.0,-0.0073149999999999995,False,False,True,NORMAL,1.0,False
2.415,6.978012122698678e-05,0.006516625647335817,-0.025475450839990452,1.192566823683652e-09,0.0,-0.0073149999999999995,False,False,True,NORMAL,1.0,False
2.416,7.628377147238762e-05,0.006490437507930569,-0.026899491354694494,1.0790790855772611e-09,0.0,-0.0073149999999999995,False,False,True,NORMAL,1.0,False
2.4170000000000003,8.276052290903981e-05,0.006462829393506568,-0.02831534953990464,9.763911336503332e-10,0.0,-0.011319999999999998,False,False,True,NORMAL,1.0,False
2.418,8.920895970419693e-05,0.0064338096396173725,-0.029722719349429962,8.834752323653709e-10,0.0,-0.011319999999999998,False,False,True,NORMAL,1.0,False
2.419,9.562767451329739e-05,0.006403386886684578,-0.031121297103000677,7.994014481522016e-10,0.0,-0.011319999999999998,False,False,True,NORMAL,1.0,False
2.42,0.00010201526878363866,0.006371570077599482,-0.03251078155111364,7.23328342320245e-10,0.0,-0.011319999999999998,False,False,True,NORMAL,1.0,False
2.4210000000000003,0.00010837035305562096,0.006338368455260221,-0.03389087393922317,6.544945496572812e-10,0.0,-0.011319999999999998,False,False,True,NORMAL,1.0,False
2.422,0.00011469154726149596,0.006303791560045037,-0.03526127807126466,5.922111584305024e-10,0.0,-0.00196,False,False,True,NORMAL,1.0,False
2.423,0.00012097748102155718,0.006267849227222369,-0.03662170037249872,5.358548155263403e-10,0.0,-0.00196,False,False,True,NORMAL,1.0,False
2.424,0.00012722679393770917,0.006230551584298429,-0.03797184995166361,4.848614877229892e-10,0.0,-0.00196,False,False,True,NORMAL,1.0,False
2.4250000000000003,0.0001334381358843532,0.006191909048302977,-0.03931143866242373,4.387208166563436e-10,0.0,-0.00196,False,False,True,NORMAL,1.0,False
2.426,0.00013961016729652836,0.0061519323230140015,-0.04064018116410224,3.969710109819535e-10,0.0,-0.00196,False,False,True,NORMAL,1.0,False
2.427,0.0001457415594552467,0.006110632396122027,-0.04195779498168574,3.5919422461203537e-10,0.0,-0.00196,False,False,True,NORMAL,1.0,False
2.428,0.00015183099476996333,0.006068020536334782,-0.043264000565089236,3.250123747713826e-10,0.0,-0.00196,False,False,True,NORMAL,1.0,False
2.4290000000000003,0.00015787716705812114,0.006024108290422972,-0.04455852134766974,2.940833580178735e-10,0.0,-0.00196,False,False,True,NORMAL,1.0,False
2.43,0.00016387878182171252,0.0059789074802079276,-0.045841083803976876,2.6609762635623733e-10,0.0,-0.00196,False,False,True,NORMAL,1.0,False
2.431,0.00016983455652079985,0.005932430199491868,-0.04711141750672915,2.4077508917767526e-10,0.0,-0.00196,False,False,True,NORMAL,1.0,False
2.432,0.00017574322084393788,0.005884688810931599,-0.04836925518300454,2.178623100189056e-10,0.0,-0.00196,False,True,True,NORMAL,1.0,False
2.433,0.00018160351697544194,0.005835695942856398,-0.0496143327696344,1.971299700848563e-10,0.0,-0.00196,False,False,True,NORMAL,1.0,False
2.434,0.00018741419985944635,0.005785464486030919,-0.050846389467789646,1.783705731490873e-10,0.0,-0.00196,False,False,True,NORMAL,1.0,False
2.435,0.00019317403746069866,0.005734007590363911,-0.05206516779674845,1.613963688618144e-10,0.0,-0.00196,False,False,True,NORMAL,1.0,False
2.436,0.00019888181102203583,0.0056813386615635845,-0.053270413646835026,1.460374736813035e-10,0.0,-0.00196,False,False,True,NORMAL,1.0,False
2.437,0.00020453631531848945,0.005627471357740459,-0.07508043575706078,-0.0016494846219031977,0.0,-0.03716,False,True,True,NORMAL,1.0,False
2.438,0.00021012605497426102,0.0055518172553395756,-0.09488109025742157,-0.003142000160416278,0.0,-0.03716,False,False,True,NORMAL,1.0,False
2.439,0.00021563024817028493,0.0054563865901473855,-0.11285743655682273,-0.004492484066663004,0.0,-0.03716,False,False,True,NORMAL,1.0,False
2.44,0.00022103003076620443,0.005343004458166892,-0.12917691907827644,-0.0057144524374904086,0.0,-0.03716,False,False,True,NORMAL,1.0,False
2.441,0.00022630827997045406,0.005213328437556263,-0.14399104493808013,-0.006820135143071485,0.0,-0.03716,False,False,True,NORMAL,1.0,False
2.442,0.00023144945479321543,0.005068864532227326,-0.13681834254572836,-0.006171113473513112,0.0,-0.012764999999999999,False,True,True,NORMAL,1.0,False
2.443,0.0002364497556174617,0.004931583927439667,-0.13039675067734496,-0.0055838543817805265,0.0,-0.012764999999999999,False,False,True,NORMAL,1.0,False
2.444,0.00024131599011394832,0.004800735296163921,-0.12465320548862265,-0.005052480381499071,0.0,-0.012764999999999999,False,False,True,NORMAL,1.0,False
2.445,0.0002460542511675436,0.004675640402187154,-0.11952158340439002,-0.004571673303072959,0.0,-0.012764999999999999,False,False,True,NORMAL,1.0,False
2.446,0.0002506699864969702,0.0045556871570879435,-0.114942041043156,-0.004136621067656463,0.0,-0.012764999999999999,False,False,True,NORMAL,1.0,False
2.447,0.00025516806166164856,0.004440323337548049,-0.11086041795833586,-0.0037429695262514284,0.0,-0.012744999999999998,False,True,True,NORMAL,1.0,False
2.448,0.0002595528170845621,0.004329050900159196,-0.10722769621827302,-0.003386778881920621,0.0,-0.012744999999999998,False,False,True,NORMAL,1.0,False
2.449,0.0002638281196602118,0.00422142083686373,-0.10399951141604034,-0.003064484258975769,0.0,-0.012744999999999998,False,False,True,NORMAL,1.0,False
2.45,0.00026799740946257313,0.00411702851957904,-0.10113571021474095,-0.0027728600245034755,0.0,-0.012744999999999998,False,False,True,NORMAL,1.0,False
2.451,0.0002720637420189644,0.004015509487451898,-0.09859994999978049,-0.002508987505146852,0.0,-0.012744999999999998,False,False,True,NORMAL,1.0,False
2.452,0.000276029826571397,0.003916535634619086,-0.09635933663101247,-0.0022702257760415616,0.0,-0.010695,False,True,True,NORMAL,1.0,False
2.453,0.00027989806070685984,0.0038198117603594262,-0.09438409666898422,-0.002054185229552129,0.0,-0.010695,False,False,True,NORMAL,1.0,False
2.454,0.00028367056170168644,0.003725072447149465,-0.09264728079454806,-0.0018587036592755532,0.0,-0.010695,False,False,True,NORMAL,1.0,False
2.455,0.00028734919489230846,0.0036320792354171557,-0.09112449545330616,-0.0016818246199528813,0.0,-0.010695,False,False,True,NORMAL,1.0,False
2.456,0.0002909355993549768,0.0035406180667575467,-0.08979366003884952,-0.001521777846707474,0.0,-0.010695,False,False,True,NORMAL,1.0,False
2.457,0.0002944312111501398,0.0034504969700615983,-0.08863478718436277,-0.001376961537639113,0.0,-0.014619999999999998,False,True,True,NORMAL,1.0,False
2.458,0.00029783728436283386,0.0033615439674406396,-0.08762978396345109,-0.0012459263224521998,0.0,-0.014619999999999998,False,False,True,NORMAL,1.0,False
2.459,0.00030115491014842563,0.0032736051790289863,-0.08676227201032283,-0.0011273607566706868,0.0,-0.014619999999999998,False,False,True,NORMAL,1.0,False
2.46,0.00030438503397312066,0.0031865431077378907,-0.0860174247588211,-0.00102007819626097,0.0,-0.014619999999999998,False,False,True,NORMAL,1.0,False
2.461,0.00030752847122062876,0.0031002350868352163,-0.08538182017113874,-0.0009230049212995548,0.0,-0.014619999999999998,False,False,True,NORMAL,1.0,False
2.462,0.0003105859213200648,0.0030145718748550406,-0.08484330748208681,-0.0008351693898231732,0.0,-0.01680000000000001,False,True,True,NORMAL,1.0,False
2.463,0.0003135579805354047,0.0029294563838160896,-0.08439088662506852,-0.0007556925143102677,0.0,-0.01680000000000001,False,False,True,NORMAL,1.0,False
2.464,0.00031644515354346396,0.0028448025280623005,-0.0840145991328429,-0.0006837788634776051,0.0,-0.01680000000000001,False,False,True,NORMAL,1.0,False
2.465,0.00031924786391528034,0.002760534182246187,-0.08370542942101535,-0.0006187087013366391,0.0,-0.01680000000000001,False,False,True,NORMAL,1.0,False
2.466,0.00032196646360485256,0.0026765842380681777,-0.08345521546611692,-0.0005598307838338262,0.0,-0.01680000000000001,False,False,True,NORMAL,1.0,False
2.467,0.0003246012415392908,0.0025928937503736336,-0.08325656798416646,-0.0005065558409812467,0.0,-0.015304999999999992,False,True,True,NORMAL,1.0,False
2.468,0.00032715243139548627,0.0025094111641037063,-0.0831027973006963,-0.0004583506792445053,0.0,-0.015304999999999992,False,False,True,NORMAL,1.0,False
2.469,0.00032962021864030674,0.002426091614405528,-0.08298784718021014,-0.0004147328451626264,0.0,-0.015304999999999992,False,False,True,NORMAL,1.0,False
2.47,0.0003320047469039963,0.002342896292939561,-0.08290623495270423,-0.00037526579679165827,0.0,-0.015304999999999992,False,False,True,NORMAL,1.0,False
2.471,0.0003343061237498277,0.0022597918740845523,-0.0828529973379152,-0.00033955453464617113,0.0,-0.015304999999999992,False,False,True,NORMAL,1.0,False
2.472,0.00033652442589705503,0.0021767499953401167,-0.0828236414249931,-0.00030724164841164326,0.0,-0.01872,False,False,True,NORMAL,1.0,False
2.473,0.00033865970394878565,0.00209374678676949,-0.08281410031690481,-0.0002780037398619034,0.0,-0.01872,False,False,True,NORMAL,1.0,False
2.474,0.00034071198667147895,0.0020107624448158735,-0.08282069299556889,-0.0002515481861809852,0.0,-0.01872,False,False,True,NORMAL,1.0,False
2.475,0.0003426812848683345,0.0019277808462699767,-0.08284008800597563,-0.0002276102112956315,0.0,-0.01872,False,False,True,NORMAL,1.0,False
2.476,0.00034456759488481073,0.0018447891985682605,-0.08286927059577678,-0.0002059502359073584,0.0,-0.01872,False,False,True,NORMAL,1.0,False
2.477,0.00034637090178087657,0.001761777722965049,-0.08290551298142368,-0.00018635147970231093,0.0,-0.01176,False,False,True,NORMAL,1.0,False
2.478,0.0003480911822013063,0.0016787393674507225,-0.08294634744323275,-0.00016861779174101954,0.0,-0.01176,False,False,True,NORMAL,1.0,False
2.479,0.00034972840697234905,0.0015956695465859504,-0.08298954198008082,-0.00015257168731386926,0.0,-0.01176,False,False,True,NORMAL,1.0,False
2.48,0.0003512825434504082,0.001512565905691318,-0.08303307828005972,-0.00013805257161447122,0.0,-0.01176,False,False,True,NORMAL,1.0,False
2.481,0.0003527535576459288,0.0014294281070754756,-0.08307513178660798,-0.00012491513245286253,0.0,-0.01176,False,False,True,NORMAL,1.0,False
2.482,0.00035414141614348234,0.0013462576362055024,-0.08311405366062012,-0.00011302788592226803,0.0,-0.01176,False,True,True,NORMAL,1.0,False
2.483,0.00035544608783704367,0.0012630576259227584,-0.08314835445801856,-0.00010227186046396798,0.0,-0.01176,False,False,True,NORMAL,1.0,False
2.484,0.00035666754549764745,0.0011798326969880827,-0.08317668935945219,-9.253940615995071e-05,0.0,-0.01176,False,False,True,NORMAL,1.0,False
2.485,0.00035780576718897705,0.0010965888134035955,-0.08319784480432961,-8.373311733635077e-05,0.0,-0.01176,False,False,True,NORMAL,1.0,False
2.486,0.00035886073754495996,0.0010133331511062165,-0.08321072639545939,-7.576485769472567e-05,0.0,-0.01176,False,False,True,NORMAL,1.0,False
2.487,0.00035983244892210645,0.0009300739787617858,-0.0832143479532961,-6.855487821435747e-05,0.0,-0.019185,False,True,True,NORMAL,1.0,False
2.488,0.0003607209024381167,0.0008468205495097276,-0.08320782161030646,-6.203101899724887e-05,0.0,-0.019185,False,False,True,NORMAL,1.0,False
2.489,0.0003615261089071871,0.0007635830026177228,-0.08319034884638882,-5.6127987067610224e-05,0.0,-0.019185,False,False,True,NORMAL,1.0,False
2.49,0.00036224808968145456,0.0006803722741049653,-0.08316121237570737,-5.0786702897812164e-05,0.0,-0.019185,False,False,True,NORMAL,1.0,False
2.491,0.0003628868774071222,0.0005972000154822469,-0.08311976880383357,-4.595370912061574e-05,0.0,-0.019185,False,False,True,NORMAL,1.0,False
2.492,0.0003634425167029976,0.000514078519838259,-0.08306544198180527,-4.158063550987347e-05,0.0,-0.012979999999999992,False,True,True,NORMAL,1.0,False
2.493,0.00036391506476844134,0.0004310206545749146,-0.08299771699069977,-3.7623714875048245e-05,0.0,-0.012979999999999992,False,False,True,NORMAL,1.0,False
2.494,0.0003643045919270594,0.0003480398001609264,-0.0829161346966355,-3.404334502445978e-05,0.0,-0.012979999999999992,False,False,True,NORMAL,1.0,False
2.495,0.0003646111821118729,0.00026514979433298345,-0.08282028682183636,-3.0803692413239514e-05,0.0,-0.012979999999999992,False,False,True,NORMAL,1.0,False
2.496,0.00036483493329715383,0.00018236488122825857,-0.08270981148256662,-2.7872333509169517e-05,0.0,-0.012979999999999992,False,False,True,NORMAL,1.0,False
2.497,0.00036497595788162555,9.969966498118831e-05,-0.08258438914942595,-2.52199302870741e-05,0.0,-0.012739999999999998,False,True,True,NORMAL,1.0,False
2.498,0.0003650343830272803,1.7169067361995794e-05,-0.08244373898973109,-2.2819936604003023e-05,0.0,-0.012739999999999998,False,False,True,NORMAL,1.0,False
2.499,0.00036501035095766454,-6.521171092528388e-05,-0.08228761555554298,-2.064833251651038e-05,0.0,-0.012739999999999998,False,False,True,NORMAL,1.0,False
2.5,0.00036490401921911945,-0.00014742722563106022,-0.08211580578436763,-1.8683383880987196e-05,0.0,-0.012739999999999998,False,False,False,NORMAL,1.0,False
2.501,0.00036471556090813276,-0.0002294618213475268,-0.08192812628269668,-1.690542483104712e-05,0.0,-0.012739999999999998,False,False,False,NORMAL,1.0,False
2.5020000000000002,0.00036444516486766235,-0.0003112996611780373,-0.08172442086539354,-1.5296660954925672e-05,0.0,-0.01219,False,False,False,NORMAL,1.0,False
2.503,0.0003640930358550213,-0.00039292475394446866,-0.08150455832650093,-1.384099120302642e-05,0.0,-0.01219,False,False,False,NORMAL,1.0,False
2.504,0.0003636593946836701,-0.000474320979164087,-0.0812684304193697,-1.2523846743204856e-05,0.0,-0.01219,False,False,False,NORMAL,1.0,False
2.505,0.00036314447834104313,-0.0005554721100053239,-0.08101595002611421,-1.1332045150999543e-05,0.0,-0.01219,False,False,False,NORMAL,1.0,False
2.5060000000000002,0.0003625485400843343,-0.0006363618344118671,-0.08074704949830114,-1.025365847549734e-05,0.0,-0.01219,False,False,False,NORMAL,1.0,False
2.507,0.0003618718495159892,-0.000716973774566372,-0.08046167915250291,-9.277893860391547e-06,0.0,-0.012669999999999999,False,False,False,NORMAL,1.0,False
2.508,0.0003611146926404854,-0.0007972915048487208,-0.08015980590590423,-8.394985525448368e-06,0.0,-0.012669999999999999,False,False,False,NORMAL,1.0,False
2.509,0.0003602773719038379,-0.000877298568428944,-0.07984141203856131,-7.5960970272959545e-06,0.0,-0.012669999999999999,False,False,False,NORMAL,1.0,False
2.5100000000000002,0.0003593602062171301,-0.0009569784926215088,-0.07950649407018862,-6.873232821329099e-06,0.0,-0.012669999999999999,False,False,False,NORMAL,1.0,False
2.511,0.0003583635309652526,-0.0010363148031155526,-0.07915506174050364,-6.219158239611435e-06,0.0,-0.012669999999999999,False,False,False,NORMAL,1.0,False
2.512,0.00035728769800192207,-0.0011152910371846625,-0.07878713708320406,-5.627327083887074e-06,0.0,-0.012669999999999999,False,False,False,NORMAL,1.0,False
2.513,0.0003561330756319533,-0.0011938907559698776,-0.07840275358459753,-5.091816109028205e-06,0.0,-0.012669999999999999,False,False,False,NORMAL,1.0,False
2.5140000000000002,0.00035490004858166935,-0.0012720975559206,-0.07800195541875979,-4.607265741206987e-06,0.0,-0.012669999999999999,False,False,False,NORMAL,1.0,False
2.515,0.00035358901795825334,-0.0013498950794699806,-0.07758479675187052,-4.168826437479261e-06,0.0,-0.012669999999999999,False,False,False,NORMAL,1.0,False
2.516,0.0003522004011987731,-0.0014272670250139881,-0.07715134110907707,-3.7721101499287824e-06,0.0,-0.012669999999999999,False,False,False,NORMAL,1.0,False
2.517,0.00035073463200954323,-0.001504197156256718,-0.07670166079786976,-3.413146408608796e-06,0.0,-0.012669999999999999,True,False,False,NORMAL,1.0,False
2.5180000000000002,0.00034919216029643066,-0.001580669310978478,-0.07623583638252598,-3.088342583744291e-06,0.0,-0.0063349999999999995,True,False,False,DEGRADED,0.5,True
2.519,0.00034757345208665484,-0.0016566674092777494,-0.0757539562046993,-2.7944479294856883e-06,0.0,-0.0063349999999999995,True,False,False,DEGRADED,0.5,False
2.52,0.00034587898944258617,-0.0017321754613331838,-0.075256115945699,-2.528521049351763e-06,0.0,-0.0063349999999999995,True,False,False,DEGRADED,0.5,False
2.521,0.00034410927036800104,-0.0018071775747273537,-0.07474241822643102,-2.2879004577450244e-06,0.0,-0.0,True,False,False,SAFE_STOP,0.0,True
2.5220000000000002,0.0003422648087072137,-0.001881657961369935,-0.07421297224135455,-2.070177942909298e-06,0.0,-0.0,True,False,False,SAFE_STOP,0.0,False
2.523,0.000340346134037468,-0.0019556009440543547,-0.07366789342315798,-1.873174464737043e-06,0.0,-0.0,True,False,False,SAFE_STOP,0.0,False
2.524,0.00033835379155494036,-0.002028990962678644,-0.07310730313517116,-1.6949183462035565e-06,0.0,-0.0,True,False,False,SAFE_STOP,0.0,False
2.525,0.0003362883419546755,-0.002101812580158241,-0.07253132838881664,-1.5336255401606046e-06,0.0,-0.0,True,False,False,SAFE_STOP,0.0,False
2.5260000000000002,0.0003341503613047513,-0.002174050488055809,-0.07194010158366025,-1.3876817739929252e-06,0.0,-0.0,True,False,False,SAFE_STOP,0.0,False
2.527,0.00033194044091494385,-0.002245689511950672,-0.07133376026785429,-1.2556263934353184e-06,0.0,-0.0,True,False,False,SAFE_STOP,0.0,False
2.528,0.0003296591872001425,-0.002316714616568278,-0.07071244691697781,-1.1361377438538175e-06,0.0,-0.0,True,False,False,SAFE_STOP,0.0,False
2.529,0.00032730722153874665,-0.002387110910688105,-0.07007630872946936,-1.0280199426818885e-06,0.0,-0.0,True,False,False,SAFE_STOP,0.0,False
2.5300000000000002,0.00032488518012625713,-0.0024568636518466024,-0.06942549743702077,-9.301909106257551e-07,0.0,-0.0,True,False,False,SAFE_STOP,0.0,False
2.531,0.00032239371382425906,-0.0025259582508501523,-0.0687601691284562,-8.416715418511262e-07,0.0,-0.0,True,False,False,SAFE_STOP,0.0,False
2.532,0.0003198334880049804,-0.002594380276111536,-0.06808048408576282,-7.61575904762918e-07,0.0,-0.0,True,False,False,SAFE_STOP,0.0,False
2.533,0.0003172051823915959,-0.0026621154578220763,-0.06738660663106726,-6.891023753040785e-07,0.0,-0.0,True,False,False,SAFE_STOP,0.0,False
2.5340000000000003,0.00031450949089443554,-0.0027291496919704065,-0.06667870498346778,-6.235256140325892e-07,0.0,-0.0,True,False,False,SAFE_STOP,0.0,False
2.535,0.00031174712144324616,-0.0027954690442177316,-0.0659569511247373,-5.641893066805342e-07,0.0,-0.0,True,False,False,SAFE_STOP,0.0,False
2.536,0.00030891879581564465,-0.0028610597536384637,-0.0652215206730066,-5.104995955403127e-07,0.0,-0.0,True,False,False,SAFE_STOP,0.0,False
2.537,0.0003060252494618942,-0.0029259082363342183,-0.06447259276362409,-4.619191359370982e-07,0.0,-0.0,True,False,False,SAFE_STOP,0.0,False
2.5380000000000003,0.0003030672313261259,-0.0029900010889283585,-0.06371034993646457,-4.1796171830272534e-07,0.0,-0.0,True,False,False,SAFE_STOP,0.0,False
2.539,0.00030004550366412243,-0.0030533250919475437,-0.06293497802903156,-3.7818740202691106e-07,0.0,-0.0,True,False,False,SAFE_STOP,0.0,False
2.54,0.0002969608418577737,-0.003115867213096084,-0.06214666607475974,-3.421981123837576e-07,0.0,-0.0,True,False,False,SAFE_STOP,0.0,False
2.541,0.0002938140342263091,-0.00317761461042831,-0.061345606205982915,-3.0963365646609833e-07,0.0,-0.0,True,False,False,SAFE_STOP,0.0,False
2.5420000000000003,0.00029060588183440594,-0.003238554635423628,-0.060531993561084074,-2.801681182538177e-07,0.0,-0.0,True,False,False,SAFE_STOP,0.0,False
2.543,0.00028733719829726937,-0.0032986748359684565,-0.059706026195392135,-2.535065967367778e-07,0.0,-0.0,True,False,False,SAFE_STOP,0.0,False
2.544,0.00028400880958277504,-0.0033579629592487893,-0.05886790499543177,-2.293822544463892e-07,0.0,-0.0,True,False,False,SAFE_STOP,0.0,False
2.545,0.00028062155381076216,-0.003416406954556755,-0.058017833596172054,-2.075536468565383e-07,0.0,-0.0,True,False,False,SAFE_STOP,0.0,False
2.5460000000000003,0.0002771762810495613,-0.003473994976014173,-0.057156018300954105,-1.8780230592561746e-07,0.0,-0.0,True,False,False,SAFE_STOP,0.0,False
2.547,0.00027367385310983906,-0.003530715385215792,-0.05628266800381004,-1.699305535949351e-07,0.0,-0.0,True,False,False,SAFE_STOP,0.0,False
2.548,0.0002701151433358381,-0.003586556753794615,-0.055397994113913655,-1.5375952336026231e-07,0.0,-0.0,True,False,False,SAFE_STOP,0.0,False
2.549,0.00026650103639409004,-0.003641507865911445,-0.05450221048192954,-1.3912737011573955e-07,0.0,-0.0,True,False,False,SAFE_STOP,0.0,False
2.5500000000000003,0.00026283242805967517,-0.0036955577206705544,-0.053595533328050504,-1.258876503536591e-07,0.0,-0.0,True,False,False,SAFE_STOP,0.0,False
2.551,0.0002591102250001032,-0.003748695534463182,-0.0526781811715348,-1.1390785650861855e-07,0.0,-0.0,True,False,False,SAFE_STOP,0.0,False
2.552,0.0002553353445568854,-0.0038009107432403553,-0.051750374761573396,-1.0306809077726897e-07,0.0,-0.0,True,False,False,SAFE_STOP,0.0,False
2.553,0.0002515087145248687,-0.0038521930047163816,-0.05081233700933514,-9.325986514079995e-08,0.0,-0.0,True,False,False,SAFE_STOP,0.0,False
2.5540000000000003,0.0002476312729294001,-0.003902532200504188,-0.0498642929210535,-8.438501558038322e-08,0.0,-0.0,True,False,False,SAFE_STOP,0.0,False
2.555,0.00024370396780138976,-0.003951918438183562,-0.04890646953203259,-7.635471961867817e-08,0.0,-0.0,True,False,False,SAFE_STOP,0.0,False
2.556,0.0002397277569503383,-0.004000342053303215,-0.047939095841463226,-6.908860735462438e-08,0.0,-0.0,True,False,False,SAFE_STOP,0.0,False
2.557,0.00023570360773539524,-0.004047793611317492,-0.046962402747951375,-6.251395709445852e-08,0.0,-0.0,True,False,False,SAFE_STOP,0.0,False
2.5580000000000003,0.00023163249683451258,-0.004094263909458443,-0.04597662298567177,-5.6564967528560606e-08,0.0,-0.0,True,False,False,SAFE_STOP,0.0,False
2.559,0.00022751541001175861,-0.00413974397854388,-0.044981991061069496,-5.118209916983067e-08,0.0,-0.0,True,False,False,SAFE_STOP,0.0,False
2.56,0.00022335334188285512,-0.0041842250847219905,-0.0439787431900402,-4.631147846249001e-08,0.0,-0.0,True,False,False,SAFE_STOP,0.0,False
2.561,0.00021914729567900162,-0.004227698731152983,-0.04296711723552835,-4.190435859742741e-08,0.0,-0.0,True,False,False,SAFE_STOP,0.0,False
2.562,0.00021489828300904915,-0.004270156659628188,-0.041947352645489246,-3.791663163774918e-08,0.0,-0.0,True,False,False,SAFE_STOP,0.0,False
2.563,0.00021060732362008591,-0.0043115908521269885,-0.04091969039116724,-3.430838707172154e-08,0.0,-0.0,True,False,False,SAFE_STOP,0.0,False
2.564,0.00020627544515649702,-0.004351993532311904,-0.039884372905648655,-3.104351237495481e-08,0.0,-0.0,True,False,False,SAFE_STOP,0.0,False
2.565,0.0002019036829175599,-0.004391357166962106,-0.038841644022652624,-2.8089331584121468e-08,0.0,-0.0,True,False,False,SAFE_STOP,0.0,False
2.566,0.00019749307961363678,-0.0044296744673456125,-0.037791748915528174,-2.5416278264932398e-08,0.0,-0.0,True,False,False,SAFE_STOP,0.0,False
2.567,0.00019304468512102552,-0.004466938390530373,-0.0367349340364302,-2.299759960132491e-08,0.0,-0.0,True,False,False,SAFE_STOP,0.0,False
2.568,0.00018855955623552987,-0.004503142140634428,-0.03567144705565063,-2.0809088644287643e-08,0.0,-0.0,True,False,False,SAFE_STOP,0.0,False
2.569,0.00018403875642480984,-0.004538279170015309,-0.034601536801084756,-1.8828842040578637e-08,0.0,-0.0,True,False,False,SAFE_STOP,0.0,False
2.57,0.00017948335557957303,-0.004572343180398821,-0.033525453197815906,-1.70370408166041e-08,0.0,-0.0,True,False,False,SAFE_STOP,0.0,False
2.571,0.0001748944297636674,-0.004605328123947325,-0.03244344720780447,-1.541575202346931e-08,0.0,-0.0,True,False,False,SAFE_STOP,0.0,False
2.572,0.00017027306096313593,-0.0046372282042676394,-0.03135577076966985,-1.3948749257998587e-08,0.0,-0.0,True,False,False,SAFE_STOP,0.0,False
2.573,0.00016562033683429353,-0.004668037877358657,-0.030262676738556354,-1.2621350263438447e-08,0.0,-0.0,True,False,False,SAFE_STOP,0.0,False
2.574,0.00016093735045088638,-0.004697751852498771,-0.02916441882607608,-1.1420269984497122e-08,0.0,-0.0,True,False,False,SAFE_STOP,0.0,False
2.575,0.00015622520005039386,-0.0047263650930731895,-0.02806125154032391,-1.0333487606045943e-08,0.0,-0.0,True,False,False,SAFE_STOP,0.0,False
2.576,0.00015148498877953336,-0.0047538728173412165,-0.02695343012596124,-9.3501262447612e-09,0.0,-0.0,True,False,False,SAFE_STOP,0.0,False
2.577,0.00014671782443902753,-0.004780270499143584,-0.025841210504366937,-8.460344089619987e-09,0.0,-0.0,True,False,False,SAFE_STOP,0.0,False
2.578,0.00014192481922769429,-0.004805553868549894,-0.024724849213855142,-7.655235901747539e-09,0.0,-0.0,True,False,False,SAFE_STOP,0.0,False
2.579,0.00013710708948591924,-0.004829718912446263,-0.02360460334996103,-6.926743887793423e-09,0.0,-0.0,True,False,False,SAFE_STOP,0.0,False
2.58,0.00013226575543857035,-0.004852761875063222,-0.02248073050579668,-6.267577054827365e-09,0.0,-0.0,True,False,False,SAFE_STOP,0.0,False
2.581,0.0001274019409374145,-0.004874679258443971,-0.021353488712480297,-5.671138239631417e-09,0.0,-0.0,True,False,False,SAFE_STOP,0.0,False
2.582,0.00012251677320309555,-0.004895467822853047,-0.020223136379642955,-5.131458082073088e-09,0.0,-0.0,True,False,False,SAFE_STOP,0.0,False
2.583,0.0001176113825667336,-0.004915124587125506,-0.019089932236017824,-4.64313528174277e-09,0.0,-0.0,True,False,False,SAFE_STOP,0.0,False
2.584,0.00011268690221120466,-0.004933646828956702,-0.01795413527011774,-4.201282539923795e-09,0.0,-0.0,True,False,False,SAFE_STOP,0.0,False
2.585,0.00010774446791216021,-0.004951032085132749,-0.0168160046710075,-3.801477645864205e-09,0.0,-0.0,True,False,False,SAFE_STOP,0.0,False
2.586,0.00010278521777884597,-0.00496727815170179,-0.01567579976917788,-3.439719217805185e-09,0.0,-0.0,True,False,False,SAFE_STOP,0.0,False
2.587,9.781029199477889e-05,-0.0049823830840861555,-0.014533779977529216,-3.112386655807514e-09,0.0,-0.0,True,False,False,SAFE_STOP,0.0,False
2.588,9.28208325583415e-05,-0.004996345197135545,-0.013390204732472337,-2.8162039055704454e-09,0.0,-0.0,True,False,False,SAFE_STOP,0.0,False
2.589,8.781798302335253e-05,-0.005009163065121347,-0.012245333435155681,-2.548206670579147e-09,0.0,-0.0,True,False,False,SAFE_STOP,0.0,False
2.59,8.280288823967255e-05,-0.005020835521672238,-0.011099425392827274,-2.3057127444288442e-09,0.0,-0.0,True,False,False,SAFE_STOP,0.0,False
2.591,7.777669409390336e-05,-0.00503136165965119,-0.00995273976034105,-2.0862951664016017e-09,0.0,-0.0,True,False,False,SAFE_STOP,0.0,False
2.592,7.274054725023952e-05,-0.005040740830974049,-0.008805535481816965,-1.887757931627728e-09,0.0,-0.0,True,False,False,SAFE_STOP,0.0,False
2.593,6.769559489153055e-05,-0.005048972646369839,-0.007658071232464774,-1.7081140127309367e-09,0.0,-0.0,True,False,False,SAFE_STOP,0.0,False
2.594,6.264298446061181e-05,-0.005056056975082961,-0.006510605360581629,-1.5455654729905027e-09,0.0,-0.0,True,False,False,SAFE_STOP,0.0,False
2.595,5.7583863401962224e-05,-0.00506199394451747,-0.005363395829733696,-1.398485471986253e-09,0.0,-0.0,True,False,False,SAFE_STOP,0.0,False
2.596,5.251937890374649e-05,-0.005066783939823621,-0.004216700161132323,-1.2654019836328415e-09,0.0,-0.0,True,False,False,SAFE_STOP,0.0,False
2.597,4.745067764029968e-05,-0.005070427603426877,-0.003070775376215408,-1.1449830636479218e-09,0.0,-0.0,True,False,False,SAFE_STOP,0.0,False
2.598,4.2378905515111414e-05,-0.005072925834499604,-0.0019258779394446493,-1.0360235190060882e-09,0.0,-0.0,True,False,False,SAFE_STOP,0.0,False
2.599,3.7305207404366904e-05,-0.005074279788375663,-0.000782263701329634,-9.374328459619977e-10,0.0,-0.0,True,False,False,SAFE_STOP,0.0,False
2.6,3.2230726901101893e-05,-0.005074490875908137,0.00035981215831033147,-8.482243159223554e-10,0.0,-0.0,True,False,False,SAFE_STOP,0.0,False
2.601,2.7156606060028185e-05,-0.005073560762770439,0.0015000951868355686,-7.67505099934502e-10,0.0,-0.0,True,False,False,SAFE_STOP,0.0,False
2.602,2.2083985143086263e-05,-0.0050714913687010515,0.0026383317150155063,-6.944673329541659e-10,0.0,-0.0,True,False,False,SAFE_STOP,0.0,False
2.603,1.7014002365781253e-05,-0.005068284866692166,0.003774268912987111,-6.283800284605665e-10,0.0,-0.0,True,False,False,SAFE_STOP,0.0,False
2.604,1.1947793644358165e-05,-0.005063943682122502,0.004907654845931134,-5.685817624976217e-10,0.0,-0.0,True,False,False,SAFE_STOP,0.0,False
2.605,6.886492343872117e-06,-0.005058470491834586,0.006038238529454978,-5.144740539206832e-10,0.0,-0.0,True,False,False,SAFE_STOP,0.0,False
2.606,1.8312290272089273e-06,-0.0050518682231568,0.007165769984671008,-4.65515374596084e-10,0.0,-0.0,True,False,False,SAFE_STOP,0.0,False
2.607,-3.2168687948888643e-06,-0.005044140052870502,0.008290000292959126,-4.212157296055632e-10,0.0,-0.0,True,False,False,SAFE_STOP,0.0,False
2.608,-8.256676912735761e-06,-0.005035289406122546,0.00941068165040245,-3.8113175321243066e-10,0.0,-0.0,True,False,False,SAFE_STOP,0.0,False
2.609,-1.3287074665502436e-05,-0.005025319955283526,0.010527567421884942,-3.4486227150825426e-10,0.0,-0.0,True,False,False,SAFE_STOP,0.0,False
2.61,-1.83069451878461e-05,-0.0050142356187521005,0.011640412194839932,-3.120442873295448e-10,0.0,-0.0,True,False,False,SAFE_STOP,0.0,False
2.611,-2.3315175655318388e-05,-0.005002040559705738,0.012748971832638402,-2.823493472601364e-10,0.0,-0.0,True,False,False,SAFE_STOP,0.0,False
2.612,-2.8310657528497367e-05,-0.004988739184798263,0.013853003527606125,-2.5548025435900035e-10,0.0,-0.0,True,False,False,SAFE_STOP,0.0,False
2.613,-3.329228679579061e-05,-0.004974336142804571,0.014952265853658574,-2.3116809371336808e-10,0.0,-0.0,True,False,False,SAFE_STOP,0.0,False
2.614,-3.825896421485678e-05,-0.004958836323212899,0.01604651881854286,-2.091695410478987e-10,0.0,-0.0,True,False,False,SAFE_STOP,0.0,False
2.615,-4.320959555259338e-05,-0.004942244854765056,0.017135523915675747,-1.892644274535473e-10,0.0,-0.0,True,False,False,SAFE_STOP,0.0,False
2.616,-4.814309182363892e-05,-0.004924567103945025,0.018219044175567096,-1.712535358631219e-10,0.0,-0.0,True,False,False,SAFE_STOP,0.0,False
2.617,-5.3058369527338036e-05,-0.004905808673416343,0.01929684421681798,-1.5495660721991583e-10,0.0,-0.0,True,False,False,SAFE_STOP,0.0,False
2.618,-5.795435088311854e-05,-0.004885975400408706,0.020368690296683024,-1.4021053638448097e-10,0.0,-0.0,True,False,False,SAFE_STOP,0.0,False
2.619,-6.28299640642299e-05,-0.004865073355054229,0.021434350361186322,-1.2686773972357073e-10,0.0,-0.0,True,False,False,SAFE_STOP,0.0,False
2.62,-6.768414342979297e-05,-0.004843108838673818,0.02249359409478067,-1.1479467804353387e-10,0.0,-0.0,True,False,False,SAFE_STOP,0.0,False
2.621,-7.251582975511136e-05,-0.004820088382014115,0.023546192969539727,-1.0387052008518044e-10,0.0,-0.0,True,False,False,SAFE_STOP,0.0,False
2.622,-7.732397046019521e-05,-0.004796018743435486,0.024591920293872988,-9.398593320392694e-11,0.0,-0.0,True,False,False,SAFE_STOP,0.0,False
2.623,-8.210751983644873e-05,-0.004770906907051538,0.025630551260753406,-8.504198913194141e-11,0.0,-0.0,True,False,False,SAFE_STOP,0.0,False
2.624,-8.686543927147312e-05,-0.004744760080820656,0.02666186299544776,-7.6949173870788e-11,0.0,-0.0,True,False,False,SAFE_STOP,0.0,False
2.625,-9.159669747193738e-05,-0.004717585694590059,0.027685634602739848,-6.962649180524393e-11,0.0,-0.0,True,False,False,SAFE_STOP,0.0,False
2.626,-9.630027068446952e-05,-0.0046893913980928905,0.02870164721363679,-6.300065507195882e-11,0.0,-0.0,True,False,False,SAFE_STOP,0.0,False
2.6270000000000002,-0.00010097514291452169,-0.004660185058898868,0.029709684031548802,-5.7005350069885294e-11,0.0,-0.0,True,False,False,SAFE_STOP,0.0,False
2.628,-0.00010562030614316294,-0.004629974760319016,0.030709530377933014,-5.158057377147101e-11,0.0,-0.0,True,False,False,SAFE_STOP,0.0,False
2.629,-0.00011023476054175393,-0.004598768799265029,0.03170097373739176,-4.6672033192191166e-11,0.0,-0.0,True,False,False,SAFE_STOP,0.0,False
2.63,-0.00011481751468445857,-0.004566575684063808,0.03268380380221636,-4.223060200811086e-11,0.0,-0.0,True,False,False,SAFE_STOP,0.0,False
2.6310000000000002,-0.0001193675857585481,-0.004533404132227743,0.033657812516367076,-3.8211828883123236e-11,0.0,-0.0,True,False,False,SAFE_STOP,0.0,False
2.632,-0.0001238839997724534,-0.0044992630681812895,0.034622794118880286,-3.457549258503713e-11,0.0,-0.0,True,False,False,SAFE_STOP,0.0,False
2.633,-0.00012836579176152242,-0.004464161620944437,0.035578545186694205,-3.128519943796646e-11,0.0,-0.0,True,False,False,SAFE_STOP,0.0,False
2.634,-0.00013281200599143966,-0.004428109121773639,0.03652486467688414,-2.8308019082189626e-11,0.0,-0.0,True,False,False,SAFE_STOP,0.0,False
2.6350000000000002,-0.00013722169615926566,-0.004391115101760814,0.03746155396829906,-2.5614154896041133e-11,0.0,-0.0,True,False,False,SAFE_STOP,0.0,False
2.636,-0.0001415939255920546,-0.004353189289391004,0.03838841690259072,-2.317664578130699e-11,0.0,-0.0,True,False,False,SAFE_STOP,0.0,False
2.637,-0.0001459277674430094,-0.004314341608059317,0.03930525982462739,-2.097109632749183e-11,0.0,-0.0,True,False,False,SAFE_STOP,0.0,False
2.638,-0.00015022230488513343,-0.004274582173547763,0.04021189162228375,-1.8975432654351103e-11,0.0,-0.0,True,False,False,SAFE_STOP,0.0,False
2.6390000000000002,-0.0001544766313023394,-0.00423392129146262,0.041108123765599275,-1.7169681489078286e-11,0.0,-0.0,True,False,False,SAFE_STOP,0.0,False
2.64,-0.00015868985047797602,-0.004192369454632957,0.04199377034529691,-1.5535770267077404e-11,0.0,-0.0,True,False,False,SAFE_STOP,0.0,False
2.641,-0.00016286107678073423,-0.0041499373404709555,0.04286864811065481,-1.4057346255662147e-11,0.0,-0.0,True,False,False,SAFE_STOP,0.0,False
2.642,-0.00016698943534789476,-0.004106635808294701,0.04373257650672321,-1.27196128904108e-11,0.0,-0.0,True,False,False,SAFE_STOP,0.0,False
2.6430000000000002,-0.00017107406226587996,-0.004062475896614073,0.04458537771087933,-1.1509181686176218e-11,0.0,-0.0,True,False,False,SAFE_STOP,0.0,False
2.644,-0.0001751141047480735,-0.004017468820380423,0.045426876668712944,-1.0413938240626439e-11,0.0,-0.0,True,False,False,SAFE_STOP,0.0,False
2.645,-0.00017910872130987184,-0.003971625968200699,0.0462569011292357,-9.42292098923437e-12,0.0,-0.0,True,False,False,SAFE_STOP,0.0,False
2.646,-0.00018305708194093224,-0.003924958899516704,0.047075281679407166,-8.526211498255677e-12,0.0,-0.0,True,False,False,SAFE_STOP,0.0,False
2.6470000000000002,-0.00018695836827458312,-0.0038774793417501773,0.04788185177797103,-7.714835197710176e-12,0.0,-0.0,True,False,False,SAFE_STOP,0.0,False
2.648,-0.00019081177375436243,-0.0038291991874143767,0.048676447788594715,-6.980671560869017e-12,0.0,-0.0,True,False,False,SAFE_STOP,0.0,False
2.649,-0.00019461650379765132,-0.003780130491192883,0.049458909012306214,-6.316372831293773e-12,0.0,-0.0,True,False,False,SAFE_STOP,0.0,False
2.65,-0.00019837177595637048,-0.0037302854669863128,0.050229077719221686,-5.715290484020341e-12,0.0,-0.0,True,False,True,SAFE_STOP,0.0,False
2.6510000000000002,-0.00020207682007470737,-0.003679676484927668,0.050986799179558055,-5.171408684886454e-12,0.0,-0.0,True,False,True,SAFE_STOP,0.0,False
2.652,-0.00020573087844384354,-0.0036283160683670277,0.051731921693924286,-4.6792840820413965e-12,0.0,-0.0,False,True,True,SAFE_STOP,0.0,False
2.653,-0.00020933320595365156,-0.003576216890826313,0.052464296622886174,-4.233991327051102e-12,0.0,-0.0,False,False,True,SAFE_STOP,0.0,False
2.654,-0.00021288307024133198,-0.003523391772924854,0.053183778415798556,-3.8310737803555654e-12,0.0,-0.0,False,False,True,SAFE_STOP,0.0,False
2.6550000000000002,-0.0002163797518369617,-0.0034698536792764924,0.05389022463889988,-3.4664989077221927e-12,0.0,-0.0,False,False,True,SAFE_STOP,0.0,False
2.656,-0.0002198225443059254,-0.0034156157153589586,0.05458349600266393,-3.1366179212878227e-12,0.0,-0.0,False,False,True,SAFE_STOP,0.0,False
2.657,-0.00022321075438820287,-0.003360691124356273,0.05526345638840344,-2.838129261263392e-12,0.0,0.0,False,True,True,SAFE_STOP,0.0,False
2.658,-0.00022654370213448554,-0.00330509328397492,0.055929972874121055,-2.568045552813873e-12,0.0,0.0,False,False,True,SAFE_STOP,0.0,False
2.6590000000000003,-0.0002298207210390964,-0.0032488357032345464,0.056582915759602705,-2.3236637074068332e-12,0.0,0.0,False,False,True,SAFE_STOP,0.0,False
2.66,-0.00023304115816968814,-0.0031919320192339506,0.05722215859074903,-2.1025378693938642e-12,0.0,0.0,False,False,True,SAFE_STOP,0.0,False
2.661,-0.00023620437429369535,-0.00313439599389312,0.057847578183140444,-1.9024549370651714e-12,0.0,0.0,False,False,True,SAFE_STOP,0.0,False
2.662,-0.00023930974400151697,-0.003076241510672091,0.058459054644831795,-1.7214124131838136e-12,0.0,0.00359625,False,True,True,RECOVERY,0.25,True
2.6630000000000003,-0.0002423566558264064,-0.003017482571267398,0.059056471398372556,-1.5575983633202922e-12,0.0,0.00359625,False,False,True,RECOVERY,0.25,False
2.664,-0.00024534451236104724,-0.002958133292286896,0.05963971520204881,-1.4093732814037695e-12,0.0,0.00359625,False,False,True,RECOVERY,0.25,False
2.665,-0.0002482727303707933,-0.002898207901903725,0.06020867617034341,-1.2752536809942545e-12,0.0,0.00359625,False,False,True,RECOVERY,0.25,False
2.666,-0.0002511407409035524,-0.0028377207364902136,0.0607632477936109,-1.1538972480516944e-12,0.0,0.00359625,False,False,True,RECOVERY,0.25,False
2.6670000000000003,-0.00025394798939629447,-0.0027766862372324962,0.06130332695696389,-1.0440894066058944e-12,0.0,0.0030162500000000007,False,True,True,RECOVERY,0.25,False
2.668,-0.000256693935778165,-0.0027151189467266423,0.06182881395836795,-9.447311628719746e-13,0.0,0.0030162500000000007,False,False,True,RECOVERY,0.25,False
2.669,-0.00025937805457018544,-0.0026530335055570866,0.062339612525942,-8.548281061511871e-13,0.0,0.0030162500000000007,False,False,True,RECOVERY,0.25,False
2.67,-0.00026199983498152404,-0.0025904446488581585,0.06283562983446164,-7.734804564344093e-13,0.0,0.0030162500000000007,False,False,True,RECOVERY,0.25,False
2.6710000000000003,-0.0002645587810023194,-0.0025273672028595065,0.06331677652106271,-6.998740591013863e-13,0.0,0.0030162500000000007,False,False,True,RECOVERY,0.25,False
2.672,-0.00026705441149304235,-0.0024638160814162194,0.06378296670014295,-6.332722365876449e-13,0.0,0.0021249999999999997,False,True,True,RECOVERY,0.25,False
2.673,-0.0002694862602703802,-0.00239980628252445,0.06423411797745962,-5.730084154678219e-13,0.0,0.0021249999999999997,False,False,True,RECOVERY,0.25,False
2.674,-0.00027185387618963003,-0.0023353528848233415,0.06467015146342078,-5.184794551647804e-13,0.0,0.0021249999999999997,False,False,True,RECOVERY,0.25,False
2.6750000000000003,-0.00027415682322358707,-0.0022704710440840685,0.06509099178556896,-4.691396115159908e-13,0.0,0.0021249999999999997,False,False,True,RECOVERY,0.25,False
2.676,-0.0002763946805379164,-0.0022051759896867967,0.0654965671002552,-4.244950747825223e-13,0.0,0.0021249999999999997,False,False,True,RECOVERY,0.25,False
2.677,-0.0002785670425629955,-0.002139483021086377,0.06588680910350232,-3.84099027435199e-13,0.0,0.0034399999999999995,False,False,True,RECOVERY,0.25,False
2.678,-0.0002806735190622176,-0.0020734075042675793,0.06626165304105598,-3.4754717225458866e-13,0.0,0.0034399999999999995,False,False,True,RECOVERY,0.25,False
2.6790000000000003,-0.00028271373519674477,-0.0020069648681906825,0.06662103771762268,-3.1447368598854087e-13,0.0,0.0034399999999999995,False,False,True,RECOVERY,0.25,False
2.68,-0.00028468733158670297,-0.0019401706012282347,0.06696490550529367,-2.845475580701224e-13,0.0,0.0034399999999999995,False,False,True,RECOVERY,0.25,False
2.681,-0.00028659396436880906,-0.0018730402475937958,0.06729320235115437,-2.574692777526068e-13,0.0,0.0034399999999999995,False,False,True,RECOVERY,0.25,False
2.682,-0.00028843330525042324,-0.0018055894037634784,0.06760587778407835,-2.329678365052521e-13,0.0,0.00224,False,False,True,RECOVERY,0.25,False
2.6830000000000003,-0.0002902050415600196,-0.0017378337148911017,0.06790288492070609,-2.1079801566883586e-13,0.0,0.00224,False,False,True,RECOVERY,0.25,False
2.684,-0.0002919088762940692,-0.0016697888712177758,0.06818418047060801,-1.9073793222489318e-13,0.0,0.00224,False,False,True,RECOVERY,0.25,False
2.685,-0.00029354452816032994,-0.0016014706044767298,0.068449724740632,-1.7258681811589018e-13,0.0,0.00224,False,False,True,RECOVERY,0.25,False
2.686,-0.0002951117316175396,-0.0015328946842942004,0.06869948163843567,-1.5616301089102383e-13,0.0,0.00224,False,False,True,RECOVERY,0.25,False
2.6870000000000003,-0.0002966102369115077,-0.0014640769145871954,0.06893341867520375,-1.4130213556735544e-13,0.0,0.00224,False,True,True,RECOVERY,0.25,False
2.688,-0.00029803981010760453,-0.0013950331299589474,0.06915150696755125,-1.2785545950973303e-13,0.0,0.00224,False,False,True,RECOVERY,0.25,False
2.689,-0.00029940023311964415,-0.001325779192092871,0.06935372123861314,-1.15688403864588e-13,0.0,0.00224,False,False,True,RECOVERY,0.25,False
2.69,-0.00030069130373516133,-0.0012563309861458362,0.06954003981832155,-1.0467919664953513e-13,0.0,0.00224,False,False,True,RECOVERY,0.25,False
2.691,-0.0003019128356370816,-0.001186704417141571,0.06971044464287175,-9.471765401844383e-14,0.0,0.00224,False,False,True,RECOVERY,0.25,False
2.692,-0.0003030646584217853,-0.0011169154063650033,0.0698649212533779,-8.570407750447204e-14,0.0,0.0048525,False,True,True,RECOVERY,0.25,False
2.693,-0.00030414661761356666,-0.0010469798877583499,0.07000345879372068,-7.754825620430024e-14,0.0,0.0048525,False,False,True,RECOVERY,0.25,False
2.694,-0.0003051585746754898,-0.0009769138043197634,0.07012605000758775,-7.016856391709011e-14,0.0,0.0048525,False,False,True,RECOVERY,0.25,False
2.695,-0.0003061004070166459,-0.0009067331045053405,0.0702326912347097,-6.349114220203101e-14,0.0,0.0048525,False,False,True,RECOVERY,0.25,False
2.696,-0.00030697200799581335,-0.000836453738635295,0.07032338240629282,-5.744916117823969e-14,0.0,0.0048525,False,False,True,RECOVERY,0.25,False
2.697,-0.0003077732869215274,-0.0007660916553050998,0.07039812703965152,-5.198215066885008e-14,0.0,0.011115000000000003,False,True,True,NORMAL,1.0,True
2.698,-0.00030850416904856315,-0.0006956627978023954,0.07045693223204236,-4.7035394995158537e-14,0.0,0.011115000000000003,False,False,True,NORMAL,1.0,False
2.699,-0.0003091645955708388,-0.0006251831005304622,0.07049980865370244,-4.255938536372074e-14,0.0,0.011115000000000003,False,False,True,NORMAL,1.0,False
2.7,-0.0003097545236107463,-0.0005546684854390511,0.07052677054009514,-3.850932436570648e-14,0.0,0.011115000000000003,False,False,True,NORMAL,1.0,False
2.701,-0.0003102739262049164,-0.0004841348584633639,0.07053783568336566,-3.484467762937512e-14,0.0,0.011115000000000003,False,False,True,NORMAL,1.0,False
2.702,-0.0003107227922864272,-0.0004135981059719717,0.07053302542300997,-3.1528768138459143e-14,0.0,0.01121999999999999,False,True,True,NORMAL,1.0,False
2.703,-0.0003111011266634659,-0.00034307409122445596,0.0705123646357599,-2.85284091562578e-14,0.0,0.01121999999999999,False,False,True,NORMAL,1.0,False
2.704,-0.00031140894999445257,-0.0002725786508395556,0.07047588172468848,-2.581357208162173e-14,0.0,0.01121999999999999,False,False,True,NORMAL,1.0,False
2.705,-0.00031164629875963824,-0.0002021275912745967,0.07042360860753853,-2.3357085912619735e-14,0.0,0.01121999999999999,False,False,True,NORMAL,1.0,False
2.706,-0.0003118132252291881,-0.00013173668531698057,0.0703555807042786,-2.1134365310018925e-14,0.0,0.01121999999999999,False,False,True,NORMAL,1.0,False
2.707,-0.0003119097974277627,-6.14216685885005e-05,0.07027183692389032,-1.9123164538946274e-14,0.0,0.012425000000000002,False,True,True,NORMAL,1.0,False
2.708,-0.0003119360990956101,8.80176393674615e-06,0.07017241965039087,-1.7303354826096965e-14,0.0,0.012425000000000002,False,False,True,NORMAL,1.0,False
2.709,-0.00031189222964618323,7.891796140008791e-05,0.0700573747280954,-1.5656722904205638e-14,0.0,0.012425000000000002,False,False,True,NORMAL,1.0,False
2.71,-0.00031177830412029657,0.000148911320510893,0.0699267514461233,-1.4166788727545898e-14,0.0,0.012425000000000002,False,False,True,NORMAL,1.0,False
2.711,-0.0003115944531368386,0.00021876628898331372,0.06978060252215347,-1.2818640534093566e-14,0.0,0.012425000000000002,False,False,True,NORMAL,1.0,False
2.712,-0.0003113408228400555,0.0002884673689564122,0.06961898408543288,-1.1598785603600315e-14,0.0,0.011295,False,True,True,NORMAL,1.0,False
2.713,-0.0003110175748434233,0.00035799912039692345,0.06944195565904367,-1.0495015217914368e-14,0.0,0.011295,False,False,True,NORMAL,1.0,False
2.714,-0.0003106248861701266,0.0004273461644839175,0.06924958014143391,-9.496282472025739e-15,0.0,0.011295,False,False,True,NORMAL,1.0,False
2.715,-0.00031016294919016126,0.0004964931869746251,0.06904192378721694,-8.592591712927908e-15,0.0,0.011295,False,False,True,NORMAL,1.0,False
2.716,-0.0003096319715540819,0.0005654249415507006,0.06881905618724518,-7.774898499762871e-15,0.0,0.011295,False,False,True,NORMAL,1.0,False
2.717,-0.0003090321761234125,0.0006341262531441975,0.06858105024796358,-7.035019084017092e-15,0.0,0.011640000000000005,False,True,True,NORMAL,1.0,False
2.718,-0.00030836380089774187,0.0007025820212425394,0.06832798217004855,-6.365548503815726e-15,0.0,0.011640000000000005,False,False,True,NORMAL,1.0,False
2.719,-0.0003076270989385247,0.000770777223171776,0.06805993142633839,-5.759786472575287e-15,0.0,0.011640000000000005,False,False,True,NORMAL,1.0,False
2.72,-0.0003068223382896106,0.0008386969173574167,0.06777698073906112,-5.21167032028347e-15,0.0,0.011640000000000005,False,False,True,NORMAL,1.0,False
2.721,-0.00030594980189452417,0.000906326246562144,0.06747921605636577,-4.715714316259937e-15,0.0,0.011640000000000005,False,False,True,NORMAL,1.0,False
2.722,-0.00030500978751051835,0.0009736504410997124,0.06716672652816372,-4.2669547661198515e-15,0.0,0.013395,False,False,True,NORMAL,1.0,False
2.723,-0.00030400260761942694,0.001040654822024346,0.06683960448128627,-3.860900333452118e-15,0.0,0.013395,False,False,True,NORMAL,1.0,False
2.724,-0.00030292858933533975,0.0011073248042949555,0.06649794539396535,-3.4934870890149893e-15,0.0,0.013395,False,False,True,NORMAL,1.0,False
2.725,-0.0003017880743091266,0.0011736458999134988,0.06614184786964372,-3.161037837566283e-15,0.0,0.013395,False,False,True,NORMAL,1.0,False
2.726,-0.0003005814186298361,0.0012396037210368207,0.06577141361012213,-2.8602253152574483e-15,0.0,0.013395,False,False,True,NORMAL,1.0,False
2.727,-0.0002993089927229962,0.0013051839830613106,0.06538674738804982,-2.588038889258638e-15,0.0,0.011235,False,True,True,NORMAL,1.0,False
2.728,-0.00029797118124584365,0.0013703725076797259,0.06498795701876596,-2.3417544263334386e-15,0.0,0.011235,False,False,True,NORMAL,1.0,False
2.729,-0.0002965683829795114,0.0014351552259095335,0.06457515333149928,-2.118907028797828e-15,0.0,0.011235,False,False,True,NORMAL,1.0,False
2.73,-0.0002951010107182017,0.0014995181810921363,0.06414845013993321,-1.9172663649956734e-15,0.0,0.011235,False,False,True,NORMAL,1.0,False
2.731,-0.00029356949115537476,0.001563447531862348,0.06370796421214411,-1.7348143473898747e-15,0.0,0.011235,False,False,True,NORMAL,1.0,False
2.732,-0.0002919742647669834,0.0016269295550874964,0.0632538152399204,-1.5697249348639924e-15,0.0,0.009309999999999999,False,True,True,NORMAL,1.0,False
2.733,-0.00029031578569178385,0.0016899506487755413,0.06278612580747031,-1.4203458570889996e-15,0.0,0.009309999999999999,False,False,True,NORMAL,1.0,False
2.734,-0.00028859452160875416,0.0017524973349515949,0.06230502135952622,-1.2851820780464823e-15,0.0,0.009309999999999999,False,False,True,NORMAL,1.0,False
2.735,-0.0002868109536116522,0.001814556262502251,0.061810630168853825,-1.1628808332056681e-15,0.0,0.009309999999999999,False,False,True,NORMAL,1.0,False
2.736,-0.0002849655760807456,0.001876114209987127,0.06130308330317392,-1.0522180906013222e-15,0.0,0.009309999999999999,False,False,True,NORMAL,1.0,False
2.737,-0.00028305889655174695,0.0019371580884170393,0.060782514591505604,-9.520863003104277e-16,0.0,0.008514999999999998,False,True,True,NORMAL,1.0,False
2.738,-0.00028109143558198755,0.0019976749439982342,0.06024906058993908,-8.614833097202966e-16,0.0,0.008514999999999998,False,False,True,NORMAL,1.0,False
2.739,-0.0002790637266138642,0.002057651960842112,0.05970286054684653,-7.79502333648386e-16,0.0,0.008514999999999998,False,False,True,NORMAL,1.0,False
2.74,-0.0002769763158355938,0.0021170764636398815,0.05914405636753997,-7.053228789314106e-16,0.0,0.008514999999999998,False,False,True,NORMAL,1.0,False
2.741,-0.00027482976203931103,0.0021759359203016053,0.05857279257838459,-6.382025326539872e-16,0.0,0.008514999999999998,False,False,True,NORMAL,1.0,False
2.742,-0.00027262463647654504,0.002234217944559082,0.05798921629037679,-5.774695318306439e-16,0.0,0.006824999999999996,False,True,True,NORMAL,1.0,False
2.743,-0.0002703615227111115,0.00229191029853205,0.05739347716219548,-5.225160401760741e-16,0.0,0.006824999999999996,False,False,True,NORMAL,1.0,False
2.744,-0.00026804101646945704,0.0023490008952571774,0.05678572736273616,-4.727920646752926e-16,0.0,0.006824999999999996,False,False,True,NORMAL,1.0,False
2.745,-0.00026566372548849363,0.0024054778011793347,0.056166121533136715,-4.277999510686821e-16,0.0,0.006824999999999996,False,False,True,NORMAL,1.0,False
2.746,-0.00026323026936096044,0.002461329238604641,0.055534816748304294,-3.8708940316089613e-16,0.0,0.006824999999999996,False,False,True,NORMAL,1.0,False
2.747,-0.00026074127937835236,0.002516543588114794,0.05489197247795271,-3.502529761051858e-16,0.0,0.004685,False,True,True,NORMAL,1.0,False
2.748,-0.0002581973983714535,0.002571109390942192,0.054237750547159784,-3.1692199855842697e-16,0.0,0.004685,False,False,True,NORMAL,1.0,False
2.749,-0.0002555992805485154,0.0026250153513053837,0.053572315096454305,-2.8676288289440316e-16,0.0,0.004685,False,False,True,NORMAL,1.0,False
2.75,-0.00025294759133112003,0.0026782503387043676,0.052895832541442214,-2.5947378654672e-16,0.0,0.004685,False,False,True,NORMAL,1.0,False
2.751,-0.00025024300718776735,0.002730803390175295,0.052208471531981784,-2.347815910669478e-16,0.0,0.004685,False,False,True,NORMAL,1.0,False
2.7520000000000002,-0.00024748621546522904,0.002782663712504125,0.05151040291091768,-2.1243916866339154e-16,0.0,0.00811000000000001,False,True,True,NORMAL,1.0,False
2.753,-0.00024467791421770913,0.0028338206843987993,0.05080179967238394,-1.9222290886308892e-16,0.0,0.00811000000000001,False,False,True,NORMAL,1.0,False
2.754,-0.00024181881203385333,0.002884263858619506,0.05008283691968556,-1.7393048054303894e-16,0.0,0.00811000000000001,False,False,True,NORMAL,1.0,False
2.755,-0.0002389096278616493,0.0029339829640666194,0.04935369182276919,-1.5737880693231705e-16,0.0,0.00811000000000001,False,False,True,NORMAL,1.0,False
2.7560000000000002,-0.00023595109083126022,0.002982967907825911,0.0486145435752929,-1.4240223331821752e-16,0.0,0.00811000000000001,False,False,True,NORMAL,1.0,False
2.757,-0.00023294394007583485,0.00303120877717063,0.047865573351305285,-1.2885086911821022e-16,0.0,0.004084999999999993,False,True,True,NORMAL,1.0,False
2.758,-0.00022988892455033704,0.003078695841520078,0.04710696426154426,-1.165890877246107e-16,0.0,0.004084999999999993,False,False,True,NORMAL,1.0,False
2.759,-0.00022678680284843867,0.0031254195543542894,0.04633890130936595,-1.0549416910790472e-16,0.0,0.004084999999999993,False,False,True,NORMAL,1.0,False
2.7600000000000002,-0.00022363834301752003,0.0031713705550844677,0.045561571346314104,-9.545507159344539e-17,0.0,0.004084999999999993,False,False,True,NORMAL,1.0,False
2.761,-0.000220444322371822,0.0032165396708788083,0.04477516302734066,-8.637132051905079e-17,0.0,0.004084999999999993,False,False,True,NORMAL,1.0,False
2.762,-0.00021720552730379483,0.003260917918443378,0.0439798667656878,-7.81520026508142e-17,0.0,0.0034199999999999994,False,True,True,NORMAL,1.0,False
2.763,-0.00021392275309368872,0.003304496505757709,0.04317587468744251,-7.071485629290218e-17,0.0,0.0034199999999999994,False,False,True,NORMAL,1.0,False
2.7640000000000002,-0.00021059680371743154,0.0033472668337647866,0.042363380585774116,-6.398544798485353e-17,0.0,0.0034199999999999994,False,False,True,NORMAL,1.0,False
2.765,-0.00020722849165283948,0.0033892204980151253,0.04154257987486547,-5.789642754648906e-17,0.0,0.0034199999999999994,False,False,True,NORMAL,1.0,False
2.766,-0.00020381863768420671,0.003430349290264622,0.04071366954354892,-5.238685401467116e-17,0.0,0.0034199999999999994,False,False,True,NORMAL,1.0,False
2.767,-0.00020036807070532054,0.0034706452000259048,0.039876848108657666,-4.740158572566179e-17,0.0,0.004405000000000002,False,True,True,NORMAL,1.0,False
2.7680000000000002,-0.00019687762752094838,0.0035101004160728966,0.03903231556810351,-4.289072843881801e-17,0.0,0.004405000000000002,False,False,True,NORMAL,1.0,False
2.769,-0.00019334815264684382,0.0035487073278983204,0.03818027335369189,-3.880913597826159e-17,0.0,0.004405000000000002,False,False,True,NORMAL,1.0,False
2.77,-0.00018978049810831874,0.0035864585271238973,0.03732092428368543,-3.511595839477668e-17,0.0,0.004405000000000002,False,False,True,NORMAL,1.0,False
2.771,-0.0001861755232374291,0.0036233468088629835,0.03645447251512667,-3.177423312578791e-17,0.0,0.004405000000000002,False,False,True,NORMAL,1.0,False
2.7720000000000002,-0.00018253409446882177,0.0036593651730354154,0.03558112349593141,-2.875051506161059e-17,0.0,0.0023,False,True,True,NORMAL,1.0,False
2.773,-0.00017885708513429074,0.003694506825634339,0.03470108391676358,-2.6014541815551693e-17,0.0,0.0023,False,False,True,NORMAL,1.0,False
2.774,-0.0001751453752560904,0.003728765179944807,0.03381456166270283,-2.3538930847772296e-17,0.0,0.0023,False,False,True,NORMAL,1.0,False
2.775,-0.00017139985133905454,0.0037621338577139484,0.03292176576471608,-2.1298905411625284e-17,0.0,0.0023,False,False,True,NORMAL,1.0,False
2.7760000000000002,-0.00016762140616156948,0.003794606690272512,0.03202290635094412,-1.9272046579647147e-17,0.0,0.0023,False,False,True,NORMAL,1.0,False
2.777,-0.0001638109385654499,0.0038261777196076127,0.03111819459781459,-1.743806886739667e-17,0.0,0.004110000000000001,False,True,True,NORMAL,1.0,False
2.778,-0.00015996935324476665,0.0038568411993865036,0.03020784268099254,-1.5778617209508452e-17,0.0,0.004110000000000001,False,False,True,NORMAL,1.0,False
2.779,-0.000156097560533675,0.0038865915959312293,0.029292063726179856,-1.4277083256029386e-17,0.0,0.004110000000000001,False,False,True,NORMAL,1.0,False
2.7800000000000002,-0.00015219647619329324,0.003915423589144,0.028371071759774814,-1.291843915047006e-17,0.0,0.004110000000000001,False,False,True,NORMAL,1.0,False
2.781,-0.00014826702119768024,0.003943332073383167,0.027445081659403157,-1.1689087125965983e-17,0.0,0.004110000000000001,False,False,True,NORMAL,1.0,False
2.782,-0.0001443101215189621,0.003970312158289662,0.026514309104331852,-1.0576723414256434e-17,0.0,0.001834999999999998,False,True,True,NORMAL,1.0,False
2.783,-0.00014032670791165692,0.003996359169563806,0.025578970525776974,-9.57021510543627e-18,0.0,0.001834999999999998,False,False,True,NORMAL,1.0,False
2.7840000000000003,-0.00013631771569624774,0.004021468649692369,0.024639283057117076,-8.659488726051693e-18,0.0,0.001834999999999998,False,False,True,NORMAL,1.0,False
2.785,-0.00013228408454205338,0.0040456363586258036,0.023695464484023206,-7.835429420392113e-18,0.0,0.001834999999999998,False,False,True,NORMAL,1.0,False
2.786,-0.0001282267582494469,0.004068858274405574,0.022747733194517103,-7.089789725950594e-18,0.0,0.001834999999999998,False,False,True,NORMAL,1.0,False
2.787,-0.00012414668453147174,0.004091130593741509,0.021796308128968798,-6.415107030047009e-18,0.0,0.0020650000000000035,False,True,True,NORMAL,1.0,False
2.7880000000000003,-0.0001200448147949055,0.004112449732539129,0.020841408730044968,-5.804628881492068e-18,0.0,0.0020650000000000035,False,False,True,NORMAL,1.0,False
2.789,-0.0001159221039208215,0.0041328123263769,0.019883254892619422,-5.252245409786243e-18,0.0,0.0020650000000000035,False,False,True,NORMAL,1.0,False
2.79,-0.00011177951004469803,0.0041522152309333826,0.018922066913656922,-4.7524281754822035e-18,0.0,0.0020650000000000035,False,False,True,NORMAL,1.0,False
2.791,-0.00010761799433612561,0.004170655522364263,0.017958065442081818,-4.300174839704663e-18,0.0,0.0020650000000000035,False,False,True,NORMAL,1.0,False
2.7920000000000003,-0.0001034385207781622,0.004188130497629237,0.01699147142864259,-3.890959099061564e-18,0.0,0.00047499999999999886,False,True,True,NORMAL,1.0,False
2.793,-9.924205594638668e-05,0.004204637674768779,0.016022506075783788,-3.520685384878388e-18,0.0,0.00047499999999999886,False,False,True,NORMAL,1.0,False
2.794,-9.502956878770049e-05,0.004220174793130771,0.015051390787536414,-3.1856478733702994e-18,0.0,0.00047499999999999886,False,False,True,NORMAL,1.0,False
2.795,-9.080203039892791e-05,0.004234739813547055,0.014078347119438162,-2.882493396512127e-18,0.0,0.00047499999999999886,False,False,True,NORMAL,1.0,False
2.7960000000000003,-8.656041380526456e-05,0.004248330918459909,0.013103596728494631,-2.608187882405736e-18,0.0,0.00047499999999999886,False,False,True,NORMAL,1.0,False
2.797,-8.230569373862463e-05,0.0042609465119985215,0.012127361323192731,-2.359985989268683e-18,0.0,-0.0037299999999999985,False,True,True,NORMAL,1.0,False
2.798,-7.803884641593655e-05,0.004272585220005506,0.011149862613577439,-2.1354036291309146e-18,0.0,-0.0037299999999999985,False,False,True,NORMAL,1.0,False
2.799,-7.37608493174371e-05,0.004283245890013523,0.01017132226140304,-1.9321931062474344e-18,0.0,-0.0037299999999999985,False,False,True,NORMAL,1.0,False
2.8000000000000003,-6.947268096501375e-05,0.004292927591172105,0.009191961830369914,-1.7483206214038088e-18,0.0,-0.0037299999999999985,False,False,True,NORMAL,1.0,False
2.801,-6.517532070064518e-05,0.004301629614124761,0.008212002736458005,-1.5819459169700466e-18,0.0,-0.0037299999999999985,False,False,True,NORMAL,1.0,False
2.802,-6.086974846498939e-05,0.004309351470836462,0.007231666198367903,-1.4314038589837052e-18,0.0,-0.004265,False,True,True,NORMAL,1.0,False
2.803,-5.65569445761691e-05,0.004316092894371636,0.006251173188080577,-1.2951877719295245e-18,0.0,-0.004265,False,False,True,NORMAL,1.0,False
2.8040000000000003,-5.22378895088039e-05,0.004321853838622781,0.005270744381546692,-1.1719343594244582e-18,0.0,-0.004265,False,False,True,NORMAL,1.0,False
2.805,-4.791356367333842e-05,0.0043266344779898346,0.004290600109516379,-1.0604100598892529e-18,0.0,-0.004265,False,False,True,NORMAL,1.0,False
2.806,-4.3584947195715614e-05,0.0043304352070104545,0.0033109603085203195,-9.594987006495488e-19,0.0,-0.004265,False,False,True,NORMAL,1.0,False
2.807,-3.9253019697444344e-05,0.004333256639941356,0.002332044472012933,-8.681903269045956e-19,0.0,-0.0036300000000000004,False,True,True,NORMAL,1.0,False
2.8080000000000003,-3.491876007610996e-05,0.004335099610290875,0.0013540716016884192,-7.855710937601499e-19,0.0,-0.0036300000000000004,False,False,True,NORMAL,1.0,False
2.809,-3.0583146286376664e-05,0.0043359651703029495,0.0003772601589803164,-7.108141201616187e-19,0.0,-0.0036300000000000004,False,False,True,NORMAL,1.0,False
2.81,-2.6247155121530084e-05,0.004335854590392681,-0.0005981719832447598,-6.431712131905414e-19,0.0,-0.0036300000000000004,False,False,True,NORMAL,1.0,False
2.811,-2.191176199560843e-05,0.004334769358533704,-0.001572007588788665,-5.819653798983852e-19,0.0,-0.0036300000000000004,False,False,True,NORMAL,1.0,False
2.8120000000000003,-1.757794072617028e-05,0.004332711179597556,-0.0025440301060080275,-5.265840517335711e-19,0.0,-0.002510000000000001,False,True,True,NORMAL,1.0,False
2.813,-1.3246663317746906e-05,0.004329681974645271,-0.0035140237154748575,-4.764729537495187e-19,0.0,-0.002510000000000001,False,False,True,NORMAL,1.0,False
2.814,-8.918899746026807e-06,0.004325683880171433,-0.004481773377401123,-4.311305572346816e-19,0.0,-0.002510000000000001,False,False,True,NORMAL,1.0,False
2.815,-4.595617742819847e-06,0.004320719247300925,-0.005447064878816927,-3.9010306024463376e-19,0.0,-0.002510000000000001,False,False,True,NORMAL,1.0,False
2.816,-2.777825818481988e-07,0.004314790640938632,-0.006409684880492106,-3.529798457996808e-19,0.0,-0.002510000000000001,False,False,True,NORMAL,1.0,False
2.817,4.033643134589004e-06,0.004307900838872345,-0.007369420963591047,-3.193893722921143e-19,0.0,-0.005545,False,True,True,NORMAL,1.0,False
2.818,8.33769968803063e-06,0.0043000528308291585,-0.008326061676050633,-2.889954549729225e-19,0.0,-0.005545,False,False,True,NORMAL,1.0,False
2.819,1.263343045530178e-05,0.004291249817485628,-0.009279396578671346,-2.614939013018266e-19,0.0,-0.005545,False,False,True,NORMAL,1.0,False
2.82,1.691988211894916e-05,0.004281495209431983,-0.010229216290911537,-2.3660946648609483e-19,0.0,-0.005545,False,False,True,NORMAL,1.0,False
2.821,2.1196104876617846e-05,0.0042707926260906965,-0.011175312536375062,-2.1409309873814395e-19,0.0,-0.005545,False,False,True,NORMAL,1.0,False
2.822,2.5461152649323902e-05,0.004259145894589734,-0.012117478187982481,-1.9371944668153992e-19,0.0,-0.0066949999999999996,False,False,True,NORMAL,1.0,False
2.823,2.971408328857773e-05,0.004246559048590779,-0.01305550731281616,-1.752846039586793e-19,0.0,-0.0066949999999999996,False,False,True,NORMAL,1.0,False
2.824,3.395395878231327e-05,0.004233036327072797,-0.013989195216629682,-1.586040684674271e-19,0.0,-0.0066949999999999996,False,False,True,NORMAL,1.0,False
2.825,3.817984545957858e-05,0.004218582173071241,-0.014918338488012044,-1.435108958020653e-19,0.0,-0.0066949999999999996,False,False,True,NORMAL,1.0,False
2.826,4.239081419394359e-05,0.0042032012323732935,-0.01584273504219725,-1.2985402841756837e-19,0.0,-0.0066949999999999996,False,False,True,NORMAL,1.0,False
2.827,4.658594060558123e-05,0.004186898352169461,-0.01676218416450997,-1.1749678379492068e-19,0.0,-0.00045499999999999995,False,True,True,NORMAL,1.0,False
2.828,5.0764305261978554e-05,0.004169678579661917,-0.017676486553438054,-1.0631548647652539e-19,0.0,-0.00045499999999999995,False,False,True,NORMAL,1.0,False
2.829,5.4924993877234647e-05,0.004151547160629962,-0.018585444363322736,-9.61982302806562e-20,0.0,-0.00045499999999999995,False,False,True,NORMAL,1.0,False
2.83,5.90670975099028e-05,0.004132509537952986,-0.01948886124665761,-8.704375830677762e-20,0.0,-0.00045499999999999995,False,False,True,NORMAL,1.0,False
2.831,6.318971275933451e-05,0.004112571350091338,-0.02038654239598727,-7.876044952245077e-20,0.0,-0.00045499999999999995,False,False,True,NORMAL,1.0,False
2.832,6.729194196048345e-05,0.004091738429525488,-0.021278294585397012,-7.126540178924587e-20,0.0,-0.010629999999999999,False,True,True,NORMAL,1.0,False
2.833,7.137289337712802e-05,0.004070016801153923,-0.02216392621158469,-6.448360215027649e-20,0.0,-0.010629999999999999,False,False,True,NORMAL,1.0,False
2.834,7.54316813934712e-05,0.004047412680650168,-0.023043247334506276,-5.834717607531422e-20,0.0,-0.010629999999999999,False,False,True,NORMAL,1.0,False
2.835,7.946742670407731e-05,0.0040239324727793955,-0.023916069717586485,-5.279470814967683e-20,0.0,-0.010629999999999999,False,False,True,NORMAL,1.0,False
2.836,8.347925650210518e-05,0.003999582769675026,-0.024782206867486205,-4.7770627408115614e-20,0.0,-0.010629999999999999,False,False,True,NORMAL,1.0,False
2.837,8.74663046657983e-05,0.003974370349075802,-0.025641474073418317,-4.322465116191717e-20,0.0,-0.008624999999999999,False,True,True,NORMAL,1.0,False
2.838,9.142771194319234e-05,0.003948302172523767,-0.02649368844600393,-3.9111281752854173e-20,0.0,-0.008624999999999999,False,False,True,NORMAL,1.0,False
2.839,9.53626261350013e-05,0.0039213853835236255,-0.027338668955660724,-3.538935119732951e-20,0.0,-0.008624999999999999,False,False,True,NORMAL,1.0,False
2.84,9.927020227564395e-05,0.003893627305663948,-0.02817623647051581,-3.2021609163359424e-20,0.0,-0.008624999999999999,False,False,True,NORMAL,1.0,False
2.841,0.00010314960281237262,0.0038650354407007074,-0.0290062137938349,-2.897435015673076e-20,0.0,-0.008624999999999999,False,False,True,NORMAL,1.0,False
2.842,0.00010699999778246682,0.00383561746660363,-0.02982842570096048,-2.621707618508606e-20,0.0,-0.010050000000000002,False,True,True,NORMAL,1.0,False
2.843,0.00011082056498845485,0.003805381235565857,-0.030642698975751125,-2.3722191523765314e-20,0.0,-0.010050000000000002,False,False,True,NORMAL,1.0,False
2.844,0.00011461049017132696,0.0037743347719774198,-0.031448862446514694,-2.146472652851833e-20,0.0,-0.010050000000000002,False,False,True,NORMAL,1.0,False
2.845,0.00011836896718170413,0.0037424862703630377,-0.032246747021427984,-1.9422087730912492e-20,0.0,-0.010050000000000002,False,False,True,NORMAL,1.0,False
2.846,0.0001220951981489269,0.003709844093284755,-0.03303618572343568,-1.7573831715306746e-20,0.0,-0.010050000000000002,False,False,True,NORMAL,1.0,False
2.847,0.00012578839364802964,0.003676416769209943,-0.033817013724621585,-1.5901460514276613e-20,0.0,-0.008244999999999997,False,True,True,NORMAL,1.0,False
2.848,0.00012944777286456562,0.003642212990345201,-0.034589068380045065,-1.438823647473881e-20,0.0,-0.008244999999999997,False,False,True,NORMAL,1.0,False
2.849,0.00013307256375724917,0.003607241610436683,-0.03535218926103609,-1.3019014741893481e-20,0.0,-0.008244999999999997,False,False,True,NORMAL,1.0,False
2.85,0.0001366620032183816,0.0035715116425374116,-0.03610621818794198,-1.1780091684426992e-20,0.0,-0.008244999999999997,False,False,True,NORMAL,1.0,False
2.851,0.0001402153372320282,0.0035350322567421163,-0.03685099926231952,-1.0659067743963796e-20,0.0,-0.008244999999999997,False,False,True,NORMAL,1.0,False
2.852,0.00014373182102991408,0.0034978127778901615,-0.037586378898565906,-9.644723336118582e-21,0.0,-0.009939999999999997,False,True,True,NORMAL,1.0,False
2.853,0.00014721071924500708,0.0034598626832371276,-0.03831220585498229,-8.726906561124703e-21,0.0,-0.009939999999999997,False,False,True,NORMAL,1.0,False
2.854,0.00015065130606275705,0.003421191600095614,-0.039028331264263756,-7.896431600209151e-21,0.0,-0.009939999999999997,False,False,True,NORMAL,1.0,False
2.855,0.00015405286536996054,0.00338180930344584,-0.03973460866340989,-7.144986780830809e-21,0.0,-0.009939999999999997,False,False,True,NORMAL,1.0,False
2.856,0.0001574146909012215,0.0033417257135166306,-0.04043089402304978,-6.4650513906680114e-21,0.0,-0.009939999999999997,False,False,True,NORMAL,1.0,False
2.857,0.0001607360863829781,0.0033009508933373693,-0.04111704577617613,-5.849820407801833e-21,0.0,-0.006825000000000002,False,True,True,NORMAL,1.0,False
2.858,0.00016401636567506755,0.003259495046261516,-0.04179292484628247,-5.2931363937694746e-21,0.0,-0.006825000000000002,False,False,True,NORMAL,1.0,False
2.859,0.00016725485290980014,0.0032173685134622887,-0.04245839467489847,-4.789427867850541e-21,0.0,-0.006825000000000002,False,False,True,NORMAL,1.0,False
2.86,0.00017045088262851563,0.003174581771401112,-0.04311332124851768,-4.333653545815355e-21,0.0,-0.006825000000000002,False,False,True,NORMAL,1.0,False
2.861,0.00017360379991559444,0.0031311454292694443,-0.043757573124912914,-3.921251885057946e-21,0.0,-0.006825000000000002,False,False,True,NORMAL,1.0,False
2.862,0.00017671296052989782,0.003087070226404599,-0.04439102145883391,-3.548095431144471e-21,0.0,-0.007070000000000002,False,True,True,NORMAL,1.0,False
2.863,0.00017977773103361098,0.0030423670296801765,-0.04501354002708273,-3.2104495088619475e-21,0.0,-0.007070000000000002,False,False,True,NORMAL,1.0,False
2.864,0.0001827974889184642,0.002997046830871736,-0.04562500525296205,-2.9049348443334588e-21,0.0,-0.007070000000000002,False,False,True,NORMAL,1.0,False
2.865,0.00018577162272930768,0.0029511207439983345,-0.04622529623009173,-2.6284937441093787e-21,0.0,-0.007070000000000002,False,False,True,NORMAL,1.0,False
2.866,0.0001886995321850158,0.0029046000026405642,-0.0468142947455894,-2.378359492743602e-21,0.0,-0.007070000000000002,False,False,True,NORMAL,1.0,False
2.867,0.00019158062829669826,0.0028574959572357323,-0.04739188530261071,-2.1520286625754354e-21,0.0,-0.011439999999999999,False,False,True,NORMAL,1.0,False
2.868,0.0001944143334831951,0.002809820072350822,-0.04795795514224512,-1.9472360585841363e-21,0.0,-0.011439999999999999,False,False,True,NORMAL,1.0,False
2.869,0.00019720008168383374,0.0027615839239338792,-0.04851239426476341,-1.7619320475557883e-21,0.0,-0.011439999999999999,False,False,True,NORMAL,1.0,False
2.87,0.00019993731846842708,0.0027127991965444796,-0.04905509545021281,-1.594262044665191e-21,0.0,-0.011439999999999999,False,False,True,NORMAL,1.0,False
2.871,0.0002026255011444918,0.002663477680563928,-0.04958595427835655,-1.4425479521675809e-21,0.0,-0.011439999999999999,False,False,True,NORMAL,1.0,False
2.872,0.00020526409886166688,0.0026136312693858478,-0.05010486914795381,-1.3052713644323747e-21,0.0,-0.00616,False,True,True,NORMAL,1.0,False
2.873,0.00020785259271331345,0.0025632719565878187,-0.05061174129537726,-1.1810583712292638e-21,0.0,-0.00616,False,False,True,NORMAL,1.0,False
2.874,0.00021039047583527678,0.002512411833084735,-0.051106474812564376,-1.0686658071728428e-21,0.0,-0.00616,False,False,True,NORMAL,1.0,False
2.875,0.00021287725350179295,0.0024610630842645405,-0.051588976664300214,-9.669688097055897e-22,0.0,-0.00616,False,False,True,NORMAL,1.0,False
2.876,0.00021531244321852273,0.0024092379871070227,-0.05205915670482815,-8.74949561095311e-22,0.0,-0.00616,False,False,True,NORMAL,1.0,False
2.8770000000000002,0.00021769557481269596,0.0023569489072863266,-0.05251692769378608,-7.916871017731772e-22,0.0,-0.013310000000000002,False,True,True,NORMAL,1.0,False
2.878,0.00022002619052035062,0.0023042082962578766,-0.0529622053114657,-7.163481130608135e-22,0.0,-0.013310000000000002,False,False,True,NORMAL,1.0,False
2.879,0.00022230384507065137,0.0022510286883303753,-0.05339490817339212,-6.481785770368782e-22,0.0,-0.013310000000000002,False,False,True,NORMAL,1.0,False
2.88,0.00022452810576727286,0.0021974226977235635,-0.053814957844221745,-5.864962300722711e-22,0.0,-0.013310000000000002,False,False,True,NORMAL,1.0,False
2.8810000000000002,0.00022669855256683395,0.002143403015612426,-0.05422227885095628,-5.306837345064179e-22,0.0,-0.013310000000000002,False,False,True,NORMAL,1.0,False
2.882,0.00022881477815436967,0.0020889824071585253,-0.05461679869547097,-4.801825001244678e-22,0.0,-0.010369999999999997,False,True,True,NORMAL,1.0,False
2.883,0.00023087638801582835,0.0020341737085291483,-0.054998447866355105,-4.3448709359867525e-22,0.0,-0.010369999999999997,False,False,True,NORMAL,1.0,False
2.884,0.00023288300050758212,0.001978989823904961,-0.055367159850063415,-3.9314017994177358e-22,0.0,-0.010369999999999997,False,False,True,NORMAL,1.0,False
2.8850000000000002,0.00023483424692293962,0.001923443722476855,-0.055722871141376695,-3.557279453447069e-22,0.0,-0.010369999999999997,False,False,True,NORMAL,1.0,False
2.886,0.00023672977155565032,0.0018675484354326779,-0.056065521253170346,-3.2187595558894156e-22,0.0,-0.010369999999999997,False,False,True,NORMAL,1.0,False
2.887,0.0002385692317603909,0.001811317052934545,-0.05639505272548976,-2.9124540858295503e-22,0.0,-0.00969,False,True,True,NORMAL,1.0,False
2.888,0.00024035229801022464,0.00175476272108742,-0.056711411133931675,-2.635297435170291e-22,0.0,-0.00969,False,False,True,NORMAL,1.0,False
2.8890000000000002,0.00024207865395102499,0.0016978986388996625,-0.05701454509733011,-2.3845157269962725e-22,0.0,-0.00969,False,False,True,NORMAL,1.0,False
2.89,0.00024374799645285626,0.0016407380552362378,-0.05730440628474701,-2.1575990536814463e-22,0.0,-0.00969,False,False,True,NORMAL,1.0,False
2.891,0.000245360035658304,0.0015832942657652838,-0.05758094942176632,-1.9522763568899495e-22,0.0,-0.00969,False,False,True,NORMAL,1.0,False
2.892,0.0002469144950277491,0.0015255806098987317,-0.057844132296091644,-1.7664926980609513e-22,0.0,-0.008045,False,True,True,NORMAL,1.0,False
2.8930000000000002,0.0002484111113815793,0.001467610467727679,-0.05809391576244685,-1.598388691892847e-22,0.0,-0.008045,False,False,True,NORMAL,1.0,False
2.894,0.0002498496349393346,0.0014093972569532076,-0.05833026374678009,-1.4462818969901986e-22,0.0,-0.008045,False,False,True,NORMAL,1.0,False
2.895,0.0002512298293557806,0.0013509544298133495,-0.058553143249770664,-1.308649977424761e-22,0.0,-0.008045,False,False,True,NORMAL,1.0,False
2.896,0.0002525514717539079,0.0012922954700068916,-0.05876252434963961,-1.1841154666858374e-22,0.0,-0.008045,False,False,True,NORMAL,1.0,False
2.8970000000000002,0.00025381435275485353,0.001233433889614719,-0.058958380204264124,-1.0714319815324584e-22,0.0,-0.012479999999999995,False,True,True,NORMAL,1.0,False
2.898,0.00025501827650474296,0.0011743832260193913,-0.059140687052596244,-9.694717477709815e-23,0.0,-0.012479999999999995,False,False,True,NORMAL,1.0,False
2.899,0.0002561630606984511,0.001115157038823648,-0.05930942421538697,-8.772143131119039e-23,0.0,-0.012479999999999995,False,False,True,NORMAL,1.0,False
2.9,0.00025724853660028164,0.0010557689067685367,-0.05946457409521617,-7.937363341403628e-23,0.0,-0.012479999999999995,False,False,True,NORMAL,1.0,False
2.9010000000000002,0.0002582745490615644,0.0009962324246518583,-0.059606122175829786,-7.182023351848935e-23,0.0,-0.012479999999999995,False,False,True,NORMAL,1.0,False
2.902,0.0002592409565351718,0.0009365612002476202,-0.05973405702078509,-6.498563465960958e-23,0.0,-0.009500000000000003,False,True,True,NORMAL,1.0,False
2.903,0.0002601476310869554,0.0008767688512271902,-0.05984837027140574,-5.88014338748293e-23,0.0,-0.009500000000000003,False,False,True,NORMAL,1.0,False
2.904,0.0002609944584041048,0.0008168690020828399,-0.05994905664404783,-5.320573760411275e-23,0.0,-0.009500000000000003,False,False,True,NORMAL,1.0,False
2.9050000000000002,0.0002617813378004316,0.0007568752810543654,-0.06003611392667866,-4.814254223840414e-23,0.0,-0.009500000000000003,False,False,True,NORMAL,1.0,False
2.906,0.0002625081822185818,0.0006968013170594726,-0.060109542974770114,-4.3561173616684726e-23,0.0,-0.009500000000000003,False,False,True,NORMAL,1.0,False
2.907,0.0002631749182291807,0.0006366607366286105,-0.06016934770650857,-3.9415779861937166e-23,0.0,-0.013765,False,True,True,NORMAL,1.0,False
2.908,0.00026378148602691515,0.0005764671608449362,-0.06021553509732332,-3.566487248014899e-23,0.0,-0.013765,False,False,True,NORMAL,1.0,False
2.9090000000000003,0.0002643278394235587,0.0005162342022900906,-0.06024811517373584,-3.227091112951976e-23,0.0,-0.013765,False,False,True,NORMAL,1.0,False
2.91,0.0002648139458379455,0.00045597546199646345,-0.060267101006532424,-2.919992790410257e-23,0.0,-0.013765,False,False,True,NORMAL,1.0,False
2.911,0.0002652397862829003,0.0003957045264066238,-0.060272508703262506,-2.6421187371584334e-23,0.0,-0.013765,False,False,True,NORMAL,1.0,False
2.912,0.00026560535534913155,0.00033543496434058705,-0.06026435740006548,-2.3906878962748668e-23,0.0,-0.007279999999999997,False,True,True,NORMAL,1.0,False
2.9130000000000003,0.0002659106611860959,0.0002751803239715907,-0.06024266925282896,-2.1631838633951704e-23,0.0,-0.007279999999999997,False,False,True,NORMAL,1.0,False
2.914,0.00026615572547984326,0.00021495412981104424,-0.06020746942768131,-1.9573297016915378e-23,0.0,-0.007279999999999997,False,False,True,NORMAL,1.0,False
2.915,0.00026634058342785133,0.00015476987970331854,-0.06015878609082152,-1.771065153523666e-23,0.0,-0.007279999999999997,False,False,True,NORMAL,1.0,False
2.916,0.0002664652837108605,9.464104183103488e-05,-0.06009665039769016,-1.6025260206878142e-23,0.0,-0.007279999999999997,False,False,True,NORMAL,1.0,False
2.9170000000000003,0.0002665298884617191,3.4581051731511524e-05,-0.06002109648148408,-1.4500255068946025e-23,0.0,-0.010335000000000004,False,True,True,NORMAL,1.0,False
2.918,0.0002665344732312517,-2.53966906749781e-05,-0.059932161441019156,-1.3120373357447956e-23,0.0,-0.010335000000000004,False,False,True,NORMAL,1.0,False
2.919,0.0002664791269511607,-8.527882404448545e-05,-0.05982988532794443,-1.1871804752421001e-23,0.0,-0.010335000000000004,False,False,True,NORMAL,1.0,False
2.92,0.0002663639518939764,-0.0001450520285555581,-0.05971431113331135,-1.0742053159607652e-23,0.0,-0.010335000000000004,False,False,True,NORMAL,1.0,False
2.9210000000000003,0.00026618906363006667,-0.00020470302884165986,-0.0595854847735025,-9.71981164534441e-24,0.0,-0.010335000000000004,False,False,True,NORMAL,1.0,False
2.922,0.00026595459098172216,-0.00026421859690920076,-0.05944345507552368,-8.794849272969288e-24,0.0,-0.00995999999999999,False,True,True,NORMAL,1.0,False
2.923,0.00026566067597433036,-0.0003235855550405426,-0.05928827376166352,-7.957908708168966e-24,0.0,-0.00995999999999999,False,False,True,NORMAL,1.0,False
2.924,0.00026530747378465463,-0.0003827907786813498,-0.059119995433525266,-7.200613568465486e-24,0.0,-0.00995999999999999,False,False,True,NORMAL,1.0,False
2.9250000000000003,0.00026489515268623406,-0.00044182119931166,-0.05893867755543517,-6.515384589565007e-24,0.0,-0.00995999999999999,False,False,True,NORMAL,1.0,False
2.926,0.00026442389399192054,-0.0005006638073000532,-0.05874438043723205,-5.895363769533281e-24,0.0,-0.00995999999999999,False,False,True,NORMAL,1.0,False
2.927,0.00026389389199357044,-0.0005593056547403032,-0.05853716721644289,-5.3343457316072355e-24,0.0,-0.009790000000000012,False,True,True,NORMAL,1.0,False
2.928,0.00026330535389890863,-0.0006177338582698991,-0.05831710383984959,-4.826715618698632e-24,0.0,-0.009790000000000012,False,False,True,NORMAL,1.0,False
2.9290000000000003,0.00026265849976558317,-0.0006759356018698327,-0.05808425904445147,-4.367392898017109e-24,0.0,-0.009790000000000012,False,False,True,NORMAL,1.0,False
2.93,0.0002619535624324301,-0.0007338981396450464,-0.0578387043378292,-3.951780513390388e-24,0.0,-0.009790000000000012,False,False,True,NORMAL,1.0,False
2.931,0.00026119078744796747,-0.0007916087985849496,-0.05758051397791526,-3.575718876380977e-24,0.0,-0.009790000000000012,False,False,True,NORMAL,1.0,False
2.932,0.00026037043299613916,-0.0008490549813034106,-0.05730976495217619,-3.2354442357270056e-24,0.0,-0.008759999999999987,False,True,True,NORMAL,1.0,False
2.9330000000000003,0.0002594927698193291,-0.0009062241687576385,-0.05702653695621259,-2.9275510084545523e-24,0.0,-0.008759999999999987,False,False,True,NORMAL,1.0,False
2.934,0.0002585580811386677,-0.0009631039229453766,-0.05673091237178217,-2.6489576956585864e-24,0.0,-0.008759999999999987,False,False,True,NORMAL,1.0,False
2.935,0.00025756666257165177,-0.0010196818895798333,-0.0564229762442519,-2.3968760418262003e-24,0.0,-0.008759999999999987,False,False,True,NORMAL,1.0,False
2.936,0.0002565188220471012,-0.001075945800741782,-0.0561028162594851,-2.1687831290382696e-24,0.0,-0.008759999999999987,False,False,True,NORMAL,1.0,False
2.9370000000000003,0.00025541487971747506,-0.0011318834775082664,-0.05577052272016949,-1.962396126758937e-24,0.0,-0.009239999999999998,False,True,True,NORMAL,1.0,False
2.938,0.0002542551678685708,-0.00118748283255736,-0.05542618852159239,-1.7756494445003242e-24,0.0,-0.009239999999999998,False,False,True,NORMAL,1.0,False
2.939,0.00025304003082663134,-0.0012427318727484243,-0.05506990912686942,-1.6066740586986592e-24,0.0,-0.009239999999999998,False,False,True,NORMAL,1.0,False
2.94,0.00025176982486288367,-0.0012976187016773264,-0.054701782541632826,-1.4537788068982505e-24,0.0,-0.009239999999999998,False,False,True,NORMAL,1.0,False
2.9410000000000003,0.00025044491809553563,-0.0013521315222060775,-0.0543219092881864,-1.3154334620292107e-24,0.0,-0.009239999999999998,False,False,True,NORMAL,1.0,False
2.942,0.0002490656903892557,-0.001406258638966361,-0.053930392379132996,-1.1902534173806143e-24,0.0,-0.00841500000000001,False,True,True,NORMAL,1.0,False
2.943,0.00024763253325216277,-0.001459988460836429,-0.05352733729048198,-1.0769858289911523e-24,0.0,-0.00841500000000001,False,False,True,NORMAL,1.0,False
2.944,0.00024614584973035224,-0.0015133095033908488,-0.05311285193424298,-9.744970767656717e-25,0.0,-0.00841500000000001,False,False,True,NORMAL,1.0,False
2.945,0.00024460605429998635,-0.001566210391322587,-0.052687046630513046,-8.817614188242407e-25,0.0,-0.00841500000000001,False,False,True,NORMAL,1.0,False
2.946,0.00024301357275697665,-0.0016186798608369335,-0.052250034079064346,-7.978507255326502e-25,0.0,-0.00841500000000001,False,False,True,NORMAL,1.0,False
2.947,0.00024136884210428642,-0.0016707067620167647,-0.051801929330439304,-7.219251904690802e-25,0.0,-0.005834999999999994,False,True,True,NORMAL,1.0,False
2.948,0.00023967231043688268,-0.0017222800611586585,-0.051342849756560616,-6.532249253591608e-25,0.0,-0.005834999999999994,False,False,True,NORMAL,1.0,False
2.949,0.00023792443682436673,-0.0017733888430793803,-0.05087291502086345,-5.910623548587154e-25,0.0,-0.005834999999999994,False,False,True,NORMAL,1.0,False
2.95,0.00023612569119131326,-0.0018240223133922653,-0.050392247047957084,-5.348153350686142e-25,0.0,-0.005834999999999994,False,False,True,NORMAL,1.0,False
2.951,0.00023427655419534825,-0.0018741698007530305,-0.04990096999282381,-4.839209269095214e-25,0.0,-0.005834999999999994,False,False,True,NORMAL,1.0,False
2.952,0.0002323775171029967,-0.0019238207590745564,-0.04939921020956242,-4.378697620383796e-25,0.0,-0.009264999999999999,False,True,True,NORMAL,1.0,False
2.953,0.00023042908166333108,-0.001972964769710189,-0.0488870962196842,-3.9620094491882744e-25,0.0,-0.009264999999999999,False,False,True,NORMAL,1.0,False
2.954,0.00022843175997945252,-0.002021591543605117,-0.048364758679969144,-3.5849744002375923e-25,0.0,-0.009264999999999999,False,False,True,NORMAL,1.0,False
2.955,0.00022638607437783676,-0.0020696909234153883,-0.047832330349890186,-3.2438189800359955e-25,0.0,-0.009264999999999999,False,False,True,NORMAL,1.0,False
2.956,0.00022429255727557742,-0.0021172528855941367,-0.04728994605861371,-2.93512879047181e-25,0.0,-0.009264999999999999,False,False,True,NORMAL,1.0,False
2.957,0.00022215175104555964,-0.0021642675424446037,-0.046737742671584016,-2.6558143563735214e-25,0.0,-0.0024600000000000012,False,True,True,NORMAL,1.0,False
2.958,0.00021996420787959742,-0.0022107251441395373,-0.046175859056700116,-2.403080205003851e-25,0.0,-0.0024600000000000012,False,False,True,NORMAL,1.0,False
2.959,0.00021773048964956858,-0.0022566160807065694,-0.045604436050093074,-2.1743968880290088e-25,0.0,-0.0024600000000000012,False,False,True,NORMAL,1.0,False
2.96,0.00021545116776658152,-0.002301930883979172,-0.045023616421512085,-1.9674756659495935e-25,0.0,-0.0024600000000000012,False,False,True,NORMAL,1.0,False
2.961,0.0002131268230382084,-0.0023466602295128098,-0.044433544839327675,-1.7802456016264103e-25,0.0,-0.0024600000000000012,False,False,True,NORMAL,1.0,False
2.962,0.00021075804552381968,-0.002390794938465905,-0.043834367835160565,-1.6108328336455144e-25,0.0,-0.00853,False,True,True,NORMAL,1.0,False
2.963,0.00020834543438805553,-0.002434325979445251,-0.04322623376814461,-1.4575418220833557e-25,0.0,-0.00853,False,False,True,NORMAL,1.0,False
2.964,0.00020588959775246965,-0.0024772444703155057,-0.04260929278883241,-1.3188383789733313e-25,0.0,-0.00853,False,False,True,NORMAL,1.0,False
2.965,0.00020339115254538182,-0.00251954167997242,-0.041983696802752275,-1.1933343136369593e-25,0.0,-0.00853,False,False,True,NORMAL,1.0,False
2.966,0.00020085072434997535,-0.002561209030079448,-0.04134959943362528,-1.07977353920498e-25,0.0,-0.00853,False,False,True,NORMAL,1.0,False
2.967,0.00019826894725067653,-0.0026022380967674107,-0.0407071559862511,-9.77019501277784e-26,0.0,-0.004750000000000002,False,True,True,NORMAL,1.0,False
2.968,0.00019564646367785293,-0.002642620612296882,-0.040056523409071586,-8.84043802906971e-26,0.0,-0.004750000000000002,False,False,True,NORMAL,1.0,False
2.969,0.00019298392425086807,-0.0026823484666829833,-0.039397860256420836,-7.999159120530343e-26,0.0,-0.004750000000000002,False,False,True,NORMAL,1.0,False
2.97,0.0001902819876195303,-0.0027214137092822716,-0.03873132665047091,-7.237938485079472e-26,0.0,-0.004750000000000002,False,False,True,NORMAL,1.0,False
2.971,0.0001875413203039738,-0.002759808550341429,-0.03805708424288196,-6.549157570742414e-26,0.0,-0.004750000000000002,False,False,True,NORMAL,1.0,False
2.972,0.00018476259653301013,-0.002797525362507454,-0.0373752961761661,-5.925922826621223e-26,0.0,-0.005704999999999997,False,True,True,NORMAL,1.0,False
2.973,0.000181946498080989,-0.002834556682299081,-0.0366861270447739,-5.361996709920303e-26,0.0,-0.005704999999999997,False,False,True,NORMAL,1.0,False
2.974,0.00017909371410320703,-0.0028708952115391495,-0.03598974285591286,-4.851735258521596e-26,0.0,-0.005704999999999997,False,False,True,NORMAL,1.0,False
2.975,0.00017620494096990392,-0.0029065338187476615,-0.03528631099010689,-4.3900316043147097e-26,0.0,-0.005704999999999997,False,False,True,NORMAL,1.0,False
2.976,0.0001732808820988851,-0.002941465540495274,-0.034576000161506235,-3.972264861944383e-26,0.0,-0.005704999999999997,False,False,True,NORMAL,1.0,False
2.977,0.00017032224778681102,-0.002975683582716979,-0.03385898037795701,-3.594253881436723e-26,0.0,-0.004910000000000006,False,True,True,NORMAL,1.0,False
2.978,0.00016732975503919262,-0.0030091813219857385,-0.033135422900839734,-3.25221540184493e-26,0.0,-0.004910000000000006,False,False,True,NORMAL,1.0,False
2.979,0.0001643041273991333,-0.0030419523067458445,-0.03240550020468622,-2.942726187102147e-26,0.0,-0.004910000000000006,False,False,True,NORMAL,1.0,False
2.98,0.00016124609477485776,-0.00307399025850579,-0.031669385936584304,-2.6626887651243106e-26,0.0,-0.004910000000000006,False,False,True,NORMAL,1.0,False
2.981,0.00015815639326606835,-0.0031052890729904433,-0.030927254875379714,-2.4093004272684385e-26,0.0,-0.004910000000000006,False,False,True,NORMAL,1.0,False
2.982,0.00015503576498916962,-0.003135842821252325,-0.030179282890684674,-2.180025177882508e-26,0.0,-0.0007449999999999957,False,True,True,NORMAL,1.0,False
2.983,0.00015188495790140216,-0.0031656457507418024,-0.02942564690170278,-1.972568353208592e-26,0.0,-0.0007449999999999957,False,False,True,NORMAL,1.0,False
2.984,0.00014870472562392677,-0.00319469228633602,-0.028666524835879493,-1.7848536556167068e-26,0.0,-0.0007449999999999957,False,False,True,NORMAL,1.0,False
2.985,0.00014549582726390057,-0.003222977031326397,-0.027902095587388036,-1.6150023733202646e-26,0.0,-0.0007449999999999957,False,False,True,NORMAL,1.0,False
2.986,0.00014225902723558626,-0.003250494768364535,-0.027132538975460103,-1.461314577597055e-26,0.0,-0.0007449999999999957,False,False,True,NORMAL,1.0,False
2.987,0.00013899509508053635,-0.003277240460366378,-0.02635803570257111,-1.322252109331228e-26,0.0,-0.0043399999999999975,False,True,True,NORMAL,1.0,False
2.988,0.0001357048052868942,-0.0033032092513744947,-0.025578767312489453,-1.1964231845998697e-26,0.0,-0.0043399999999999975,False,False,True,NORMAL,1.0,False
2.989,0.00013238893710785377,-0.00332839646737834,-0.024794916148199588,-1.0825684652317063e-26,0.0,-0.0043399999999999975,False,False,True,NORMAL,1.0,False
2.99,0.00012904827437932014,-0.0033527976170923857,-0.024006665309708453,-9.795484549274085e-27,0.0,-0.0043399999999999975,False,False,True,NORMAL,1.0,False
2.991,0.000125683605336813,-0.0033764083926920013,-0.02321419861174492,-8.863320947976297e-27,0.0,-0.0043399999999999975,False,False,True,NORMAL,1.0,False
2.992,0.00012229572243165556,-0.0033992246705069834,-0.022417700541362027,-8.019864441790907e-27,0.0,-0.0007950000000000066,False,True,True,NORMAL,1.0,False
2.993,0.00011888542214649086,-0.003421242511672645,-0.021617356215451477,-7.256673434508486e-27,0.0,-0.0007950000000000066,False,False,True,NORMAL,1.0,False
2.994,0.0001154535048101686,-0.003442458162738378,-0.020813351338180366,-6.566109654010797e-27,0.0,-0.0007950000000000066,False,False,True,NORMAL,1.0,False
2.995,0.00011200077441204442,-0.0034628680562336193,-0.020005872158359566,-5.941261705876117e-27,0.0,-0.0007950000000000066,False,False,True,NORMAL,1.0,False
2.996,0.00010852803841573469,-0.0034824688111911523,-0.019195105426753577,-5.375875901820866e-27,0.0,-0.0007950000000000066,False,False,True,NORMAL,1.0,False
2.997,0.0001050361075723693,-0.003501257233627696,-0.018381238353341548,-4.8642936706853276e-27,0.0,0.0006950000000000046,False,False,True,NORMAL,1.0,False
2.998,0.00010152579573338522,-0.003519230316981732,-0.017564458564539077,-4.401394925551572e-27,0.0,0.0006950000000000046,False,False,True,NORMAL,1.0,False
2.999,9.79979196629037e-05,-0.0035363852425085414,-0.01674495406039052,-3.9825468201926586e-27,0.0,0.0006950000000000046,False,False,True,NORMAL,1.0,False
3.0,9.445329884973376e-05,-0.003552719379632419,-0.01592291317174147,-3.603557381990446e-27,0.0,0.0006950000000000046,False,False,True,NORMAL,1.0,False
3.001,9.089275531904492e-05,-0.0035682302862560565,-0.015098524517401023,-3.260633557264657e-27,0.0,0.0006950000000000046,False,False,True,NORMAL,1.0,False
3.0020000000000002,8.731711344375197e-05,-0.003582915709027088,-0.01427197696130356,-2.9503432491167586e-27,0.0,-0.004585,False,True,True,NORMAL,1.0,False
3.003,8.37271997556546e-05,-0.0035967735835617967,-0.013443459569679591,-2.6695809678506315e-27,0.0,-0.004585,False,False,True,NORMAL,1.0,False
3.004,8.012384275637471e-05,-0.0036098020346260074,-0.012613161568245301,-2.4155367501879034e-27,0.0,-0.004585,False,False,True,NORMAL,1.0,False
3.005,7.650787272813434e-05,-0.0036219993762731757,-0.011781272299420461,-2.1856680362109952e-27,0.0,-0.004585,False,False,True,NORMAL,1.0,False
3.0060000000000002,7.288012154441671e-05,-0.0036333641119397166,-0.010947981179584183,-1.977674222568883e-27,0.0,-0.004585,False,False,True,NORMAL,1.0,False
3.007,6.924142248055345e-05,-0.0036438949344976116,-0.010113477656378109,-1.7894736372655017e-27,0.0,0.006139999999999996,False,True,True,NORMAL,1.0,False
3.008,6.559261002428055e-05,-0.0036535907262643455,-0.009277951166066606,-1.6191827055867337e-27,0.0,0.006139999999999996,False,False,True,NORMAL,1.0,False
3.009,6.193451968630557e-05,-0.0036624505589702367,-0.008441591090963397,-1.4650970986515794e-27,0.0,0.006139999999999996,False,False,True,NORMAL,1.0,False
3.0100000000000002,5.826798781092889e-05,-0.003670473693683232,-0.007604586716934152,-1.3256746759158706e-27,0.0,0.006139999999999996,False,False,True,NORMAL,1.0,False
3.011,5.4593851386761415e-05,-0.0036776595806912436,-0.006767127190984453,-1.1995200509113738e-27,0.0,0.006139999999999996,False,False,True,NORMAL,1.0,False
3.012,5.091294785758106e-05,-0.003684007859342123,-0.005929401478942555,-1.0853706257490101e-27,0.0,0.0022799999999999986,False,True,True,NORMAL,1.0,False
3.013,4.722611493337046e-05,-0.003689518357841368,-0.005091598323246303,-9.820839546148081e-28,0.0,0.0022799999999999986,False,False,True,NORMAL,1.0,False
3.0140000000000002,4.3534190401578015e-05,-0.0036941910930076718,-0.004253906200843546,-8.886263097882074e-28,0.0,0.0022799999999999986,False,False,True,NORMAL,1.0,False
3.015,3.9838011938644464e-05,-0.0036980262699864356,-0.003416513281215351,-8.040623357475843e-28,0.0,0.0022799999999999986,False,False,True,NORMAL,1.0,False
3.016,3.613841692183688e-05,-0.0037010242819213667,-0.0025796073845312495,-7.2754568781780695e-28,0.0,0.0022799999999999986,False,False,True,NORMAL,1.0,False
3.017,3.2436242241432e-05,-0.0037031857095843035,-0.0017433759399457442,-6.583105616682607e-28,0.0,0.001605000000000001,False,True,True,NORMAL,1.0,False
3.0180000000000002,2.8732324113290475e-05,-0.003704511320963411,-0.0009080059440452406,-5.956640288857113e-28,0.0,0.001605000000000001,False,False,True,NORMAL,1.0,False
3.019,2.5027497891863805e-05,-0.0037050020708099024,-7.368391945450259e-05,-5.389791019138442e-28,0.0,0.001605000000000001,False,False,True,NORMAL,1.0,False
3.02,2.1322597883675098e-05,-0.0037046591001434507,0.0007594041263882788,-4.87688458951063e-28,0.0,0.001605000000000001,False,False,True,NORMAL,1.0,False
3.021,1.7618457161315077e-05,-0.003703483735716462,0.001591072742278801,-4.412787660032159e-28,0.0,0.001605000000000001,False,False,True,NORMAL,1.0,False
3.0220000000000002,1.3915907377994274e-05,-0.003701477489437398,0.0024211370741073854,-3.9928553926444426e-28,0.0,0.005704999999999998,False,True,True,NORMAL,1.0,False
3.023,1.0215778582692309e-05,-0.0036986420577533293,0.0032494129055242243,-3.612884964071355e-28,0.0,0.005704999999999998,False,False,True,NORMAL,1.0,False
3.024,6.518899035944914e-06,-0.003694979320991929,0.004075716698400288,-3.269073502551265e-28,0.0,0.005704999999999998,False,False,True,NORMAL,1.0,False
3.025,2.826095026309155e-06,-0.00369049134266311,0.004899865633075104,-2.957980027418257e-28,0.0,0.005704999999999998,False,False,True,NORMAL,1.0,False
3.0260000000000002,-8.61809312452888e-07,-0.003685180368720524,0.005721677648382685,-2.6764910106110725e-28,0.0,0.005704999999999998,False,False,True,NORMAL,1.0,False
3.027,-4.543992183431975e-06,-0.0036790488267831505,0.006540971481446919,-2.421789215437779e-28,0.0,0.003659999999999999,False,True,True,NORMAL,1.0,False
3.028,-8.219634307831283e-06,-0.003672099325317208,0.007357566707237849,-2.1913255007240517e-28,0.0,0.003659999999999999,False,False,True,NORMAL,1.0,False
3.029,-1.1887919105388163e-05,-0.003664334652778633,0.008171283777880286,-1.982793308151507e-28,0.0,0.003659999999999999,False,False,True,NORMAL,1.0,False
3.0300000000000002,-1.5548032873918754e-05,-0.003655757776716376,0.008981944061706285,-1.7941055774467883e-28,0.0,0.003659999999999999,False,False,True,NORMAL,1.0,False
3.031,-1.919916496794643e-05,-0.00364637184283678,0.009789369882043117,-1.623373858380866e-28,0.0,0.003659999999999999,False,False,True,NORMAL,1.0,False
3.032,-2.2840507976375246e-05,-0.0036361801740293033,0.010593384555728386,-1.4688894105244161e-28,0.0,0.007279999999999999,False,True,True,NORMAL,1.0,False
3.033,-2.6471257899169933e-05,-0.0036251862693538676,0.011393812431344035,-1.3291061015992752e-28,0.0,0.007279999999999999,False,False,True,NORMAL,1.0,False
3.0340000000000003,-3.009061432300414e-05,-0.0036133938029901187,0.012190478927161108,-1.2026249332669277e-28,0.0,0.007279999999999999,False,False,True,NORMAL,1.0,False
3.035,-3.369778059583903e-05,-0.0036008066231488878,0.012983210568787113,-1.088180039482915e-28,0.0,0.007279999999999999,False,False,True,NORMAL,1.0,False
3.036,-3.7291964000394564e-05,-0.003587428750946158,0.013771835026508012,-9.846260172839893e-29,0.0,0.007279999999999999,False,False,True,NORMAL,1.0,False
3.037,-4.0872375926476123e-05,-0.003573264379239845,0.014556181152316895,-8.90926463210275e-29,0.0,0.00716,False,True,True,NORMAL,1.0,False
3.0380000000000003,-4.4438232042119464e-05,-0.0035583178714297097,0.015336079016621443,-8.061436006310945e-29,0.0,0.00716,False,False,True,NORMAL,1.0,False
3.039,-4.7988752463517265e-05,-0.0035425937602207268,0.016111359944622476,-7.294288941612513e-29,0.0,0.00716,False,False,True,NORMAL,1.0,False
3.04,-5.152316192369094e-05,-0.0035260967463502406,0.01688185655235582,-6.600145572336918e-29,0.0,0.00716,False,False,True,NORMAL,1.0,False
3.041,-5.504068993987162e-05,-0.0035088316972792548,0.017647402782389996,-5.972058678334808e-29,0.0,0.00716,False,False,True,NORMAL,1.0,False
3.0420000000000003,-5.854057097955463e-05,-0.003490803645848195,0.018407833939172086,-5.403742154863712e-29,0.0,0.004149999999999999,False,True,True,NORMAL,1.0,False
3.043,-6.202204462519214e-05,-0.0034720177888975076,0.01916298672401449,-4.8895080991389536e-29,0.0,0.004149999999999999,False,False,True,NORMAL,1.0,False
3.044,-6.548435573748896e-05,-0.0034524794858534534,0.019912699269715194,-4.424209883890803e-29,0.0,0.004149999999999999,False,False,True,NORMAL,1.0,False
3.045,-6.892675461726689e-05,-0.0034321942572794672,0.02065681117480425,-4.0031906481889267e-29,0.0,0.004149999999999999,False,False,True,NORMAL,1.0,False
3.0460000000000003,-7.234849716586336e-05,-0.003411167783393461,0.021395163537409445,-3.622236690012968e-29,0.0,0.004149999999999999,False,False,True,NORMAL,1.0,False
3.047,-7.574884504403054e-05,-0.0033894059025514544,0.022127598988734055,-3.277535294106454e-29,0.0,0.008899999999999998,False,True,True,NORMAL,1.0,False
3.048,-7.912706582930132e-05,-0.0033669146096979253,0.022853961726139686,-2.965636573041013e-29,0.0,0.008899999999999998,False,False,True,NORMAL,1.0,False
3.049,-8.248243317178932e-05,-0.003343700054783276,0.02357409754582751,-2.683418939583442e-29,0.0,0.008899999999999998,False,False,True,NORMAL,1.0,False
3.0500000000000003,-8.581422694838989e-05,-0.003319768541148824,0.02428785387511096,-2.428057864801474e-29,0.0,0.008899999999999998,False,False,True,NORMAL,1.0,False
3.051,-8.912173341535022e-05,-0.003295126523879726,0.024995079804273387,-2.1969976092288706e-29,0.0,0.008899999999999998,False,False,True,NORMAL,1.0,False
3.052,-9.240424535917642e-05,-0.0032697806081262533,0.025695626118004078,-1.9879256441658273e-29,0.0,0.008435000000000002,False,True,True,NORMAL,1.0,False
3.053,-9.566106224584622e-05,-0.0032437375473938477,0.02638934532640617,-1.7987495071144788e-29,0.0,0.008435000000000002,False,False,True,NORMAL,1.0,False
3.0540000000000003,-9.889149036829634e-05,-0.003217004241802384,0.027076091695570254,-1.6275758597109197e-29,0.0,0.008435000000000002,False,False,True,NORMAL,1.0,False
3.055,-0.0001020948429921539,-0.0031895877363150777,0.027755721277707243,-1.4726915385584857e-29,0.0,0.008435000000000002,False,False,True,NORMAL,1.0,False
3.056,-0.0001052704404996817,-0.0031614952189374856,0.02842809194083461,-1.3325464093126648e-29,0.0,0.008435000000000002,False,False,True,NORMAL,1.0,False
3.057,-0.00010841761053190779,-0.003132734018887044,0.02909306339800982,-1.2057378524155604e-29,0.0,0.008344999999999998,False,True,True,NORMAL,1.0,False
3.0580000000000003,-0.00011153568812891004,-0.0031033116047336036,0.02975049723610516,-1.0909967252079185e-29,0.0,0.008344999999999998,False,False,True,NORMAL,1.0,False
3.059,-0.00011462401586822684,-0.003073235582511419,0.03040025694411817,-9.871746599228202e-30,0.0,0.008344999999999998,False,False,True,NORMAL,1.0,False
3.06,-0.00011768194400136585,-0.003042513693803065,0.031042207941011913,-8.932325704350911e-30,0.0,0.008344999999999998,False,False,True,NORMAL,1.0,False
3.061,-0.00012070883058838271,-0.0030111538137957486,0.03167621760307974,-8.082302527381112e-30,0.0,0.008344999999999998,False,False,True,NORMAL,1.0,False
3.0620000000000003,-0.00012370404163050255,-0.0029791639493104965,0.03230215529082882,-7.313169750661035e-30,0.0,0.0070500000000000024,False,True,True,NORMAL,1.0,False
3.063,-0.00012666695120075724,-0.0029465522368047024,0.03291989237537742,-6.617229634846812e-30,0.0,0.0070500000000000024,False,False,True,NORMAL,1.0,False
3.064,-0.0001295969415726121,-0.0029133269403485208,0.0335293022643605,-5.9875169773458244e-30,0.0,0.0070500000000000024,False,False,True,NORMAL,1.0,False
3.065,-0.00013249340334655626,-0.0028794964495756055,0.03413026042733856,-5.4177294022280685e-30,0.0,0.0070500000000000024,False,False,True,NORMAL,1.0,False
3.0660000000000003,-0.00013535573557463084,-0.002845069277608688,0.034722644420704975,-4.902164283929548e-30,0.0,0.0070500000000000024,False,False,True,NORMAL,1.0,False
3.067,-0.00013818334588287069,-0.002810054058960502,0.03530633391208666,-4.4356616734589106e-30,0.0,0.010185,False,True,True,NORMAL,1.0,False
3.068,-0.0001409756505916347,-0.0027744595474105613,0.03588121070423365,-4.013552655893624e-30,0.0,0.010185,False,False,True,NORMAL,1.0,False
3.069,-0.00014373207483380111,-0.0027382946138583076,0.03644715875839272,-3.631612622310155e-30,0.0,0.010185,False,False,True,NORMAL,1.0,False
3.0700000000000003,-0.00014645205267080436,-0.002701568244153144,0.037004064217160695,-3.2860189884779204e-30,0.0,0.010185,False,False,True,NORMAL,1.0,False
3.071,-0.0001491350272064906,-0.0026642895369018756,0.0375518154268132,-2.9733129371514968e-30,0.0,0.010185,False,False,True,NORMAL,1.0,False
3.072,-0.00015178045069876963,-0.002626467701254087,0.038090302959104295,-2.6903648010650757e-30,0.0,0.00762,False,True,True,NORMAL,1.0,False
3.073,-0.00015438778466904144,-0.002588112054665986,0.0386194196325333,-2.434342740170551e-30,0.0,0.00762,False,False,True,NORMAL,1.0,False
3.074,-0.00015695650000937584,-0.00254923202064325,0.039139060533074435,-2.202684399630504e-30,0.0,0.00762,False,False,True,NORMAL,1.0,False
3.075,-0.0001594860770874249,-0.0025098371264634075,0.03964912303436571,-1.993071264909753e-30,0.0,0.00762,False,False,True,NORMAL,1.0,False
3.076,-0.00016197600584904766,-0.0024699370008783115,0.04014950681735319,-1.8034054573026047e-30,0.0,0.00762,False,False,True,NORMAL,1.0,False
3.077,-0.00016442578591862757,-0.0024295413717972335,0.040640113889387056,-1.6317887376576477e-30,0.0,0.008209999999999999,False,True,True,NORMAL,1.0,False
3.078,-0.00016683492669706363,-0.002388660063951144,0.04112084860276603,-1.4765035081623036e-30,0.0,0.008209999999999999,False,False,True,NORMAL,1.0,False
3.079,-0.00016920294745741656,-0.0023473029965387217,0.04159161767272681,-1.335995622046615e-30,0.0,0.008209999999999999,False,False,True,NORMAL,1.0,False
3.08,-0.0001715293774381921,-0.002305480180854652,0.042052330194875205,-1.2088588291600048e-30,0.0,0.008209999999999999,False,False,True,NORMAL,1.0,False
3.081,-0.00017381375593424409,-0.002263201717900778,0.04250289766205609,-1.0938207017471118e-30,0.0,0.008209999999999999,False,False,True,NORMAL,1.0,False
3.082,-0.00017605563238528012,-0.002220477795980662,0.04294323398065902,-9.897298995631381e-31,0.0,0.004434999999999996,False,True,True,NORMAL,1.0,False
3.083,-0.00017825456646195395,-0.0021773186882781204,0.04337325548635682,-8.955446468736993e-31,0.0,0.004434999999999996,False,False,True,NORMAL,1.0,False
3.084,-0.00018041012814952852,-0.0021337347504203135,0.04379288095927439,-8.103223060131233e-31,0.0,0.004434999999999996,False,False,True,NORMAL,1.0,False
3.085,-0.00018252189782909462,-0.0020897364180259433,0.0442020316385852,-7.332099431498592e-31,0.0,0.004434999999999996,False,False,True,NORMAL,1.0,False
3.086,-0.00018458946635633054,-0.0020453342042391484,0.044600631236533086,-6.634357918380112e-31,0.0,0.004434999999999996,False,False,True,NORMAL,1.0,False
3.087,-0.00018661243513778868,-0.0020005386972496617,0.044988605951876946,-6.003015289193484e-31,0.0,0.010035000000000002,False,True,True,NORMAL,1.0,False
3.088,-0.00018859041620469583,-0.001955360557799815,0.04536588448275628,-5.431752854704221e-31,0.0,0.010035000000000002,False,False,True,NORMAL,1.0,False
3.089,-0.00019052303228425383,-0.0019098105166789681,0.04573239803897556,-4.914853228460019e-31,0.0,0.010035000000000002,False,False,True,NORMAL,1.0,False
3.09,-0.000192409916868429,-0.0018638993722059432,0.046088080353705436,-4.447143105265463e-31,0.0,0.010035000000000002,False,False,True,NORMAL,1.0,False
3.091,-0.0001942507142802178,-0.0018176379877000526,0.04643286769459909,-4.023941485004821e-31,0.0,0.010035000000000002,False,False,True,NORMAL,1.0,False
3.092,-0.0001960450797373785,-0.0017710372889413028,0.04676669887432212,-3.641012823619547e-31,0.0,0.008944999999999998,False,True,True,NORMAL,1.0,False
3.093,-0.00019779267941361767,-0.0017241082616203608,0.04708951526049451,-3.2945246423597293e-31,0.0,0.008944999999999998,False,False,True,NORMAL,1.0,False
3.094,-0.00019949319049722162,-0.0016768619487788755,0.04740126078504318,-2.9810091710486203e-31,0.0,0.008944999999999998,False,False,True,NORMAL,1.0,False
3.095,-0.0002011463012471239,-0.0016293094482407395,0.04770188195296399,-2.6973286414731494e-31,0.0,0.008944999999999998,False,False,True,NORMAL,1.0,False
3.096,-0.00020275171104639959,-0.0015814619100348861,0.04799132785049223,-2.440643883545007e-31,0.0,0.008944999999999998,False,False,True,NORMAL,1.0,False
3.097,-0.00020430913045317838,-0.0015333305338102116,0.04826955015268045,-2.208385909932121e-31,0.0,0.008745000000000001,False,True,True,NORMAL,1.0,False
3.098,-0.000205818281248969,-0.001484926566243216,0.048536503130382845,-1.998230204769973e-31,0.0,0.008745000000000001,False,False,True,NORMAL,1.0,False
3.099,-0.00020727889648438776,-0.0014362612984389572,0.04879214365664568,-1.808073459125529e-31,0.0,0.008745000000000001,False,False,True,NORMAL,1.0,False
3.1,-0.00020869072052228513,-0.0013873460633259107,0.04903643121250302,-1.6360125203744896e-31,0.0,0.008745000000000001,False,False,True,NORMAL,1.0,False
3.101,-0.00021005350907826414,-0.0013381922330453326,0.04926932789217743,-1.4803253448101558e-31,0.0,0.008745000000000001,False,False,True,NORMAL,1.0,False
3.102,-0.00021136702925858588,-0.0012888112163357182,0.0494907984076854,-1.3394537628512128e-31,0.0,0.007099999999999999,False,True,True,NORMAL,1.0,False
3.103,-0.00021263105959545711,-0.0012392144559129539,0.049700810092847277,-1.2119878843568417e-31,0.0,0.007099999999999999,False,False,True,NORMAL,1.0,False
3.104,-0.00021384539007969616,-0.0011894134258467561,0.049899332906701774,-1.0966519879723097e-31,0.0,0.007099999999999999,False,False,True,NORMAL,1.0,False
3.105,-0.00021500982219077364,-0.001139419628933994,0.05008633943632507,-9.922917532808668e-32,0.0,0.007099999999999999,False,False,True,NORMAL,1.0,False
3.106,-0.00021612416892422516,-0.0010892445940694907,0.05026180489905489,-8.978627079770349e-32,0.0,0.007099999999999999,False,False,True,NORMAL,1.0,False
3.107,-0.00021718825481643395,-0.0010388998736148964,0.05042570714411999,-8.12419774436715e-32,0.0,0.008510000000000002,False,True,True,NORMAL,1.0,False
3.108,-0.00021820191596678143,-0.0009883970407662318,0.05057802665367517,-7.351078110626738e-32,0.0,0.008510000000000002,False,False,True,NORMAL,1.0,False
3.109,-0.0002191650000571651,-0.0009377476869206903,0.05071874654324318,-6.651530537400157e-32,0.0,0.008510000000000002,False,False,True,NORMAL,1.0,False
3.11,-0.00022007736636888299,-0.0008869634190432973,0.05084785256156362,-6.018553717448496e-32,0.0,0.008510000000000002,False,False,True,NORMAL,1.0,False
3.111,-0.00022093888579688498,-0.0008360558570340149,0.05096533308985014,-5.445812606006823e-32,0.0,0.008510000000000002,False,False,True,NORMAL,1.0,False
3.112,-0.00022174944086139175,-0.0007850366310958855,0.051071179140456974,-4.927575017526894e-32,0.0,0.010095,False,True,True,NORMAL,1.0,False
3.113,-0.0002225089257168825,-0.0007339173791048039,0.051165384354955774,-4.4586542560375326e-32,0.0,0.010095,False,False,True,NORMAL,1.0,False
3.114,-0.00022321724615845362,-0.0006827097439815065,0.05124794500162433,-4.034357204948043e-32,0.0,0.010095,False,False,True,NORMAL,1.0,False
3.115,-0.00022387431962555076,-0.000631425371066365,0.05131885997234847,-3.6504373567599574e-32,0.0,0.010095,False,False,True,NORMAL,1.0,False
3.116,-0.00022448007520307713,-0.000580075905497572,0.05137813077893871,-3.3030523125926926e-32,0.0,0.010095,False,False,True,NORMAL,1.0,False
3.117,-0.00022503445361988207,-0.0005286729895933006,0.05142576154886342,-2.988725326164077e-32,0.0,0.010204999999999999,False,True,True,NORMAL,1.0,False
3.118,-0.00022553740724463403,-0.0004772282602384229,0.051461759020400295,-2.704310507344984e-32,0.0,0.010204999999999999,False,False,True,NORMAL,1.0,False
3.119,-0.0002259889000790827,-0.000425753346276366,0.051486132537208164,-2.4469613370335512e-32,0.0,0.010204999999999999,False,False,True,NORMAL,1.0,False
3.12,-0.00022638890774871593,-0.0003742598659066863,0.05149889404232111,-2.2141021782352579e-32,0.0,0.010204999999999999,False,False,True,NORMAL,1.0,False
3.121,-0.00022673741749081714,-0.0003227594240889367,0.05150005807156726,-2.0034024982221845e-32,0.0,0.010204999999999999,False,False,True,NORMAL,1.0,False
3.122,-0.00022703442813993012,-0.0002712636099534021,0.05148964174641438,-1.8127535437781524e-32,0.0,0.010280000000000001,False,False,True,NORMAL,1.0,False
3.123,-0.00022727995011073826,-0.00021978399421927495,0.051467664766245015,-1.640247236087759e-32,0.0,0.010280000000000001,False,False,True,NORMAL,1.0,False
3.124,-0.0002274740053783658,-0.00016833212662083942,0.051434149400063564,-1.484157074042267e-32,0.0,0.010280000000000001,False,False,True,NORMAL,1.0,False
3.125,-0.00022761662745610957,-0.00011691953334223195,0.051389120477638,-1.3429208548362092e-32,0.0,0.010280000000000001,False,False,True,NORMAL,1.0,False
3.126,-0.00022770786137061005,-6.55577144613411e-05,0.05133260538007927,-1.2151250389166391e-32,0.0,0.010280000000000001,False,False,True,NORMAL,1.0,False
3.1270000000000002,-0.00022774776363447105,-1.4258141403408234e-05,0.051264634029861096,-1.0994906028041766e-32,0.0,0.00812,False,True,True,NORMAL,1.0,False
3.128,-0.00022773640221633812,3.696774559511328e-05,0.0511852388802834,-9.948602381961319e-33,0.0,0.00812,False,False,True,NORMAL,1.0,False
3.129,-0.00022767385650844619,8.810854001188526e-05,0.051094454904382566,-9.001867692360276e-33,0.0,0.00812,False,False,True,NORMAL,1.0,False
3.13,-0.00022756021729164748,0.00013915287155264703,0.05099231958329171,-8.145226720256594e-33,0.0,0.00812,False,False,True,NORMAL,1.0,False
3.1310000000000002,-0.0002273955866979314,0.0001900894086532646,0.05087887289405466,-7.370105914874482e-33,0.0,0.00812,False,False,True,NORMAL,1.0,False
3.132,-0.00022718007817044855,0.0002409068609693219,0.05075415729689694,-6.66874760666658e-33,0.0,0.004544999999999995,False,True,True,NORMAL,1.0,False
3.133,-0.00022691381642105167,0.00029159398185271305,0.050618217721957556,-6.034132365949672e-33,0.0,0.004544999999999995,False,False,True,NORMAL,1.0,False
3.134,-0.0002265969373853665,0.00034213957081469866,0.050471101555485405,-5.459908750093117e-33,0.0,0.004544999999999995,False,False,True,NORMAL,1.0,False
3.1350000000000002,-0.00022622958817540694,0.0003925324759748923,0.05031285862550423,-4.940329736146199e-33,0.0,0.004544999999999995,False,False,True,NORMAL,1.0,False
3.136,-0.00022581192702974805,0.0004427615964956476,0.05014354118694984,-4.4701952027007995e-33,0.0,0.004544999999999995,False,False,True,NORMAL,1.0,False
3.137,-0.0002253441232612725,0.0004928158850013211,0.04996320390628433,-4.044799885328524e-33,0.0,0.01014,False,True,True,NORMAL,1.0,False
3.138,-0.00022482635720250544,0.0005426843499818888,0.04977190384559089,-3.6598862847128066e-33,0.0,0.01014,False,False,True,NORMAL,1.0,False
3.1390000000000002,-0.00022425882014855383,0.0005923560581804002,0.04956970044615401,-3.311602056164756e-33,0.0,0.01014,False,False,True,NORMAL,1.0,False
3.14,-0.0002236417142976664,0.0006418201369637566,0.04935665551152931,-2.9964614540626927e-33,0.0,0.01014,False,False,True,NORMAL,1.0,False
3.141,-0.00022297525268943176,0.0006910657766763069,0.04913283319010768,-2.7113104453383636e-33,0.0,0.01014,False,False,True,NORMAL,1.0,False
3.142,-0.0002222596591406313,0.000740082232975755,0.04889829995717842,-2.4532951428538923e-33,0.0,0.009905,False,True,True,NORMAL,1.0,False
3.1430000000000002,-0.00022149516817876564,0.0007888588291508836,0.04865312459649594,-2.2198332427400765e-33,0.0,0.009905,False,False,True,NORMAL,1.0,False
3.144,-0.00022068202497327224,0.0008373849584205976,0.04839737818135536,-2.0085881798313222e-33,0.0,0.009905,False,False,True,NORMAL,1.0,False
3.145,-0.00021982048526445388,0.0008856500862137992,0.04813113405518142,-1.817445742536121e-33,0.0,0.009905,False,False,True,NORMAL,1.0,False
3.146,-0.00021891081529013686,0.000933643752429612,0.04785446781163638,-1.644492913096831e-33,0.0,0.009905,False,False,True,NORMAL,1.0,False
3.1470000000000002,-0.00021795329171007903,0.0009813555736774729,0.04756745727425157,-1.48799872146497e-33,0.0,0.003824999999999997,False,True,True,NORMAL,1.0,False
3.148,-0.0002169482015281479,0.0010287752454966217,0.04727018247558835,-1.3463969211711723e-33,0.0,0.003824999999999997,False,False,True,NORMAL,1.0,False
3.149,-0.00021589584201229004,0.0010758925445545167,0.04696272563593348,-1.2182703138040888e-33,0.0,0.003824999999999997,False,False,True,NORMAL,1.0,False
3.15,-0.00021479652061231244,0.001122697330823716,0.04664517114153473,-1.1023365652123499e-33,0.0,0.003824999999999997,False,False,True,NORMAL,1.0,False
3.1510000000000002,-0.0002136505548754982,0.001169179549736767,0.04631760552238194,-9.974353714733708e-34,0.0,0.003824999999999997,False,False,True,NORMAL,1.0,False
3.152,-0.00021245827236007845,0.0012153292343186513,0.045980117429539676,-9.02516846181703e-34,0.0,0.006565000000000002,False,False,True,NORMAL,1.0,False
3.153,-0.00021122001054658308,0.001261136507296342,0.04563279761203668,-8.166310128330093e-34,0.0,0.006565000000000002,False,False,True,NORMAL,1.0,False
3.154,-0.00020993611674709382,0.001306591583185029,0.04527573889331857,-7.389182971399107e-34,0.0,0.006565000000000002,False,False,True,NORMAL,1.0,False
3.1550000000000002,-0.00020860694801242273,0.0013516847703505834,0.04490903614726924,-6.6860092412360475e-34,0.0,0.006565000000000002,False,False,True,NORMAL,1.0,False
3.156,-0.00020723287103724037,0.0013964064730478283,0.044532786273807336,-6.04975133880459e-34,0.0,0.006565000000000002,False,False,True,NORMAL,1.0,False
3.157,-0.0002058142620631779,0.0014407471934341977,0.04414708817406373,-5.474041381163534e-34,0.0,0.007525,False,True,True,NORMAL,1.0,False
3.158,-0.00020435150677992813,0.0014846975335583647,0.04375204272514628,-4.9531174695540105e-34,0.0,0.007525,False,False,True,NORMAL,1.0,False
3.1590000000000003,-0.00020284500022437046,0.0015282481973234315,0.0433477527544982,-4.481766022380056e-34,0.0,0.007525,False,False,True,NORMAL,1.0,False
3.16,-0.0002012951466777457,0.001571389992424277,0.04293432301385637,-4.0552695959316624e-34,0.0,0.007525,False,False,True,NORMAL,1.0,False
3.161,-0.00019970235956090647,0.001614113832258665,0.04251186015281596,-3.669359670622534e-34,0.0,0.007525,False,False,True,NORMAL,1.0,False
3.162,-0.00019806706132766987,0.0016564107378117235,0.04208047269200813,-3.3201739302113726e-34,0.0,0.0020250000000000008,False,True,True,NORMAL,1.0,False
3.1630000000000003,-0.00019638968335629908,0.0016982718395134114,0.04164027099589717,-3.0042176064427622e-34,0.0,0.0020250000000000008,False,False,True,NORMAL,1.0,False
3.164,-0.00019467066583914126,0.0017396883790685928,0.04119136724520389,-2.7183285022318395e-34,0.0,0.0020250000000000008,False,False,True,NORMAL,1.0,False
3.165,-0.00019291045767044911,0.0017806517112593531,0.04073387540896202,-2.4596453433330147e-34,0.0,0.0020250000000000008,False,False,True,NORMAL,1.0,False
3.166,-0.00019110951633241418,0.0018211533057191896,0.040267911216214404,-2.225579141745616e-34,0.0,0.0020250000000000008,False,False,True,NORMAL,1.0,False
3.1670000000000003,-0.00018926830777944023,0.0018611847486787207,0.03979359212735597,-2.01378728425179e-34,0.0,0.00655,False,True,True,NORMAL,1.0,False
3.168,-0.0001873873063206853,0.0019007377446825652,0.03931103730513034,-1.8221500867560367e-34,0.0,0.00655,False,False,True,NORMAL,1.0,False
3.169,-0.00018546699450090135,0.001939804118277048,0.03882036758528723,-1.6487495797743318e-34,0.0,0.00655,False,False,True,NORMAL,1.0,False
3.17,-0.00018350786297960105,0.0019783758156683953,0.03832170544690764,-1.4918503127508797e-34,0.0,0.00655,False,False,True,NORMAL,1.0,False
3.1710000000000003,-0.00018151041040858108,0.002016444906351094,0.037815174982404096,-1.3498819850856448e-34,0.0,0.00655,False,False,True,NORMAL,1.0,False
3.172,-0.00017947514330783236,0.0020540035847060895,0.03730090186720315,-1.2214237300381504e-34,0.0,0.005139999999999997,False,True,True,NORMAL,1.0,False
3.173,-0.00017740257593986712,0.0020910441715685122,0.03677901332911734,-1.105189894215571e-34,0.0,0.005139999999999997,False,False,True,NORMAL,1.0,False
3.174,-0.00017529323018249373,0.002127559115764622,0.036249638117414155,-1.0000171703214524e-34,0.0,0.005139999999999997,False,False,True,NORMAL,1.0,False
3.1750000000000003,-0.00017314763540006992,0.002163540995617675,0.03571290647158922,-9.048529543852893e-35,0.0,0.005139999999999997,False,False,True,NORMAL,1.0,False
3.176,-0.00017096632831326602,0.0021989825204224173,0.03516895008985123,-8.187448109481951e-35,0.0,0.005139999999999997,False,False,True,NORMAL,1.0,False
3.177,-0.00016874985286736933,0.0022338765318879236,0.034617902097326216,-7.408309407687046e-35,0.0,0.0030050000000000025,False,False,True,NORMAL,1.0,False
3.178,-0.00016649876009916173,0.0022682160055485017,0.034059897013988635,-6.703315556463056e-35,0.0,0.0030050000000000025,False,False,True,NORMAL,1.0,False
3.1790000000000003,-0.00016421360800240233,0.002301994052142397,0.03349507072232693,-6.065410740390313e-35,0.0,0.0030050000000000025,False,False,True,NORMAL,1.0,False
3.18,-0.00016189496139194773,0.002335203918958031,0.03292356043475119,-5.488210593662348e-35,0.0,0.0030050000000000025,False,False,True,NORMAL,1.0,False
3.181,-0.00015954339176654238,0.0023678389911475205,0.03234550466075076,-4.96593830320704e-35,0.0,0.0030050000000000025,False,False,True,NORMAL,1.0,False
3.182,-0.0001571594771703118,0.002399892793007237,0.031761043173809296,-4.493366792399732e-35,0.0,0.006125,False,True,True,NORMAL,1.0,False
3.1830000000000003,-0.00015474380205299188,0.0024313589892251586,0.031170316978085432,-4.065766406723495e-35,0.0,0.006125,False,False,True,NORMAL,1.0,False
3.184,-0.00015229695712892755,0.002462231386094791,0.03057346827486651,-3.678857577797028e-35,0.0,0.006125,False,False,True,NORMAL,1.0,False
3.185,-0.00014981953923487424,0.0024925039326954327,0.029970640428803555,-3.328767992015887e-35,0.0,0.006125,False,False,True,NORMAL,1.0,False
3.186,-0.00014731215118663616,0.0025221707220385654,0.029361977933935288,-3.011993835136401e-35,0.0,0.006125,False,False,True,NORMAL,1.0,False
3.1870000000000003,-0.00014477540163457503,0.0025512259921801716,0.028747626379509124,-2.7253647249250487e-35,0.0,0.0019999999999999966,False,True,True,NORMAL,1.0,False
3.188,-0.0001422099049180237,0.0025796641272987702,0.028127732415607173,-2.466011980907464e-35,0.0,0.0019999999999999966,False,False,True,NORMAL,1.0,False
3.189,-0.000139616280918639,0.002607479658738987,0.027502443718585297,-2.2313399136500517e-35,0.0,0.0019999999999999966,False,False,True,NORMAL,1.0,False
3.19,-0.00013699515491272823,0.002634667266020473,0.02687190895633314,-2.0189998462276937e-35,0.0,0.0019999999999999966,False,False,True,NORMAL,1.0,False
3.1910000000000003,-0.0001343471574225842,0.002661221777811995,0.026236277753363457,-1.8268666078756656e-35,0.0,0.0019999999999999966,False,False,True,NORMAL,1.0,False
3.192,-0.00013167292406686366,0.0026871381728705386,0.02559570065573851,-1.653017264566329e-35,0.0,0.0023000000000000017,False,True,True,NORMAL,1.0,False
3.193,-0.00012897309541004412,0.0027124115809452525,0.024950329095842046,-1.4957118736390618e-35,0.0,0.0023000000000000017,False,False,True,NORMAL,1.0,False
3.194,-0.00012624831681099446,0.002737037283646098,0.024300315357004606,-1.353376069869296e-35,0.0,0.0023000000000000017,False,False,True,NORMAL,1.0,False
3.1950000000000003,-0.00012349923827069455,0.0027610107152770467,0.023645812537990706,-1.2245853086921883e-35,0.0,0.0023000000000000017,False,False,True,NORMAL,1.0,False
3.196,-0.00012072651427913945,0.002784327463633708,0.02298697451735581,-1.108050608881808e-35,0.0,0.0023000000000000017,False,False,True,NORMAL,1.0,False
3.197,-0.00011793080366146384,0.0028069832707652426,0.0223239559176815,-1.002605651993788e-35,0.0,0.00518,False,True,True,NORMAL,1.0,False
3.198,-0.0001151127694233224,0.0028289740337004627,0.02165691206969685,-9.07195109458319e-36,0.0,0.00518,False,False,True,NORMAL,1.0,False
3.1990000000000003,-0.00011227307859556213,0.0028502958051379933,0.02098599897629449,-8.208640804971151e-36,0.0,0.00518,False,False,True,NORMAL,1.0,False
3.2,-0.00010941240207822244,0.0028709447941004038,0.020311373276449444,-7.427485351554717e-36,0.0,0.00518,False,False,True,NORMAL,1.0,False
3.201,-0.00010653141448389919,0.0028909173665522124,0.019633192209049,-6.720666668000681e-36,0.0,0.00518,False,False,True,NORMAL,1.0,False
3.202,-0.00010363079398050879,0.0029102100459816797,0.018951613576641956,-6.081110675354071e-36,0.0,0.002704999999999999,False,True,True,NORMAL,1.0,False
3.203,-0.00010071122213348875,0.0029288195139463135,0.018266795709115498,-5.5024164822782884e-36,0.0,0.002704999999999999,False,False,True,NORMAL,1.0,False
3.204,-9.777338374747074e-05,0.002946742610582019,0.01757889742730789,-4.978792322783193e-36,0.0,0.002704999999999999,False,False,True,NORMAL,1.0,False
3.205,-9.48179667074629e-05,0.0029639763350758326,0.016888078006565402,-4.504997590284402e-36,0.0,0.002704999999999999,False,False,True,NORMAL,1.0,False
3.206,-9.18456618195774e-05,0.0029805178461021885,0.016194497140251632,-4.076290387851158e-36,0.0,0.002704999999999999,False,False,True,NORMAL,1.0,False
3.207,-8.885716265134024e-05,0.0029963644622226734,0.015498314903217543,-3.6883800697080416e-36,0.0,0.001290000000000002,False,True,True,NORMAL,1.0,False
3.208,-8.585316537161937e-05,0.003011513662249236,0.014799691715240506,-3.337384299009917e-36,0.0,0.001290000000000002,False,False,True,NORMAL,1.0,False
3.209,-8.283436859020801e-05,0.003025963085570823,0.01409878830444057,-3.019790192109884e-36,0.0,0.001290000000000002,False,False,True,NORMAL,1.0,False
3.21,-7.980147319709952e-05,0.003039710532443424,0.013395765670682258,-2.7324191604390218e-36,0.0,0.001290000000000002,False,False,True,NORMAL,1.0,False
3.211,-7.675518220149066e-05,0.0030527539642435132,0.012690785048970128,-2.4723950981236286e-36,0.0,0.001290000000000002,False,False,True,NORMAL,1.0,False
3.212,-7.369620057054958e-05,0.0030650915036848875,0.011984007872846324,-2.2371155969509468e-36,0.0,-0.0030150000000000016,False,True,True,NORMAL,1.0,False
3.213,-7.062523506798535e-05,0.0030767214349989077,0.011275595737798341,-2.0242259005930688e-36,0.0,-0.0030150000000000016,False,False,True,NORMAL,1.0,False
3.214,-6.754299409245551e-05,0.0030876422040781544,0.01056571036468526,-1.8315953374141473e-36,0.0,-0.0030150000000000016,False,False,True,NORMAL,1.0,False
3.215,-6.445018751584829e-05,0.003097852418583524,0.009854513563190578,-1.657295995992519e-36,0.0,-0.0030150000000000016,False,False,True,NORMAL,1.0,False
3.216,-6.134752652147591e-05,0.003107350848014794,0.00914216719530989,-1.4995834299352049e-36,0.0,-0.0030150000000000016,False,False,True,NORMAL,1.0,False
3.217,-5.823572344221568e-05,0.003116136423744694,0.008428833138881486,-1.356879198872079e-36,0.0,-0.0012099999999999975,False,True,True,NORMAL,1.0,False
3.218,-5.511549159863516e-05,0.0031242082390165386,0.007714673251168104,-1.2277550708941132e-36,0.0,-0.0012099999999999975,False,False,True,NORMAL,1.0,False
3.219,-5.198754513713795e-05,0.003131565548905464,0.006999849332497843,-1.1109187283283859e-36,0.0,-0.0012099999999999975,False,False,True,NORMAL,1.0,False
3.22,-4.885259886816636e-05,0.0031382077702433423,0.006284523089972419,-1.0052008337884482e-36,0.0,-0.0012099999999999975,False,False,True,NORMAL,1.0,False
3.221,-4.5711368104497374e-05,0.003144134481507441,0.005568856101250748,-9.09543327052733e-37,0.0,-0.0012099999999999975,False,False,True,NORMAL,1.0,False
3.222,-4.256456849966794e-05,0.0031493454226729062,0.004853009778415928,-8.229888356422312e-37,0.0,-0.0015300000000000027,False,True,True,NORMAL,1.0,False
3.223,-3.941291588656595e-05,0.003153840495029157,0.004137145331933604,-7.446710931149371e-37,0.0,-0.0015300000000000027,False,False,True,NORMAL,1.0,False
3.224,-3.625712611622272e-05,0.00315761976096029,0.003421423734709676,-6.738062691801353e-37,0.0,-0.0015300000000000027,False,False,True,NORMAL,1.0,False
3.225,-3.3097914896843105e-05,0.0031606834436895903,0.0027060056862553135,-6.096851248613964e-37,0.0,-0.0015300000000000027,False,False,True,NORMAL,1.0,False
3.226,-2.993599763310895e-05,0.00316303192698827,0.0019910515769671084,-5.516659141945175e-37,0.0,-0.0015300000000000027,False,False,True,NORMAL,1.0,False
3.227,-2.6772089265791665e-05,0.003164665754848543,0.00127672145253031,-4.991679614182144e-37,0.0,-0.006214999999999998,False,True,True,NORMAL,1.0,False
3.228,-2.3606904111709487e-05,0.0031655856311211686,0.0005631749784528817,-4.516658493759306e-37,0.0,-0.006214999999999998,False,False,True,NORMAL,1.0,False
3.229,-2.0441155704064923e-05,0.0031657924191176006,-0.0001494285952617931,-4.086841609643356e-37,0.0,-0.006214999999999998,False,False,True,NORMAL,1.0,False
3.23,-1.727555663319768e-05,0.003165287141176878,-0.0008609304692958389,-3.697927209991619e-37,0.0,-0.006214999999999998,False,False,True,NORMAL,1.0,False
3.231,-1.4110818387788266e-05,0.0031640709781974143,-0.0015711723300437617,-3.346022908773736e-37,0.0,-0.006214999999999998,False,False,True,NORMAL,1.0,False
3.232,-1.0947651196547283e-05,0.003162145269133838,-0.0022799963844776176,-3.027606729463998e-37,0.0,-0.0023499999999999992,False,True,True,NORMAL,1.0,False
3.233,-7.786763870425295e-06,0.003159511510459053,-0.002987245394842888,-2.7394918559165e-37,0.0,-0.0023499999999999992,False,False,True,NORMAL,1.0,False
3.234,-4.6288636453779546e-06,0.0031561713555916895,-0.0036927627131774945,-2.4787947376380247e-37,0.0,-0.0023499999999999992,False,False,True,NORMAL,1.0,False
3.235,-1.4746560257208967e-06,0.003152126614289131,-0.004396392315646495,-2.242906230245514e-37,0.0,-0.0023499999999999992,False,False,True,NORMAL,1.0,False
3.236,1.675155371891251e-06,0.0031473792520062974,-0.005097978836684978,-2.029465482272118e-37,0.0,-0.0023499999999999992,False,False,True,NORMAL,1.0,False
3.237,4.819868973827601e-06,0.0031419313892203857,-0.005797367602941789,-1.8363363069722066e-37,0.0,-0.001979999999999999,False,True,True,NORMAL,1.0,False
3.238,7.958785404151549e-06,0.0031357853007217724,-0.006494404667016756,-1.6615858026464207e-37,0.0,-0.001979999999999999,False,False,True,NORMAL,1.0,False
3.239,1.1091207638565376e-05,0.003128943414871281,-0.00718893684098413,-1.5034650075117947e-37,0.0,-0.001979999999999999,False,False,True,NORMAL,1.0,False
3.24,1.4216441157595405e-05,0.003121408312824038,-0.007880811729695023,-1.3603913955043867e-37,0.0,-0.001979999999999999,False,False,True,NORMAL,1.0,False
3.241,1.7333794098984386e-05,0.0031131827277201393,-0.008569877763851697,-1.230933037826525e-37,0.0,-0.001979999999999999,False,False,True,NORMAL,1.0,False
3.242,2.044257740925806e-05,0.0031042695438423607,-0.009255984232846605,-1.113794271722113e-37,0.0,-0.004254999999999999,False,True,True,NORMAL,1.0,False
3.243,2.3542104994433055e-05,0.0030946717957411477,-0.009938981317359158,-1.0078027330482788e-37,0.0,-0.004254999999999999,False,False,True,NORMAL,1.0,False
3.244,2.6631693869833504e-05,0.0030843926673271346,-0.01061872012170324,-9.11897622860988e-38,0.0,-0.004254999999999999,False,False,True,NORMAL,1.0,False
3.245,2.971066430898406e-05,0.0030734354909314416,-0.011295052705918577,-8.251190905826656e-38,0.0,-0.004254999999999999,False,False,True,NORMAL,1.0,False
3.246,3.277833999154721e-05,0.0030618037463340133,-0.011967832117599142,-7.465986274949981e-38,0.0,-0.004254999999999999,False,False,True,NORMAL,1.0,False
3.247,3.583404815027302e-05,0.003049501059760263,-0.012636912423451824,-6.755503744117652e-38,0.0,-0.007325000000000001,False,True,True,NORMAL,1.0,False
3.248,3.887711971692987e-05,0.003036531202846294,-0.01330214874057866,-6.112632565359673e-38,0.0,-0.007325000000000001,False,False,True,NORMAL,1.0,False
3.249,4.190688946718474e-05,0.0030228980915729814,-0.013963397267476039,-5.530938667842571e-38,0.0,-0.007325000000000001,False,False,True,NORMAL,1.0,False
3.25,4.4922696164402155e-05,0.0030086057851691998,-0.014620515314744283,-5.004600263525921e-38,0.0,-0.007325000000000001,False,False,True,NORMAL,1.0,False
3.251,4.7923882702331044e-05,0.0029936584849844855,-0.015273361335501213,-4.5283495807508773e-38,0.0,-0.007325000000000001,False,False,True,NORMAL,1.0,False
3.2520000000000002,5.090979624664913e-05,0.00297806053333144,-0.015921794955493215,-4.0974201426108435e-38,0.0,-0.005209999999999999,False,True,True,NORMAL,1.0,False
3.253,5.38797883753347e-05,0.002961816412298173,-0.016565677002897565,-3.7074990624485285e-38,0.0,-0.005209999999999999,False,False,True,NORMAL,1.0,False
3.254,5.6833215217835947e-05,0.0029449307425311014,-0.01720486953780974,-3.354683879036667e-38,0.0,-0.005209999999999999,False,False,True,NORMAL,1.0,False
3.255,5.976943759300847e-05,0.0029274082819884225,-0.017839235881409538,-3.035443499434395e-38,0.0,-0.005209999999999999,False,False,True,NORMAL,1.0,False
3.2560000000000002,6.268782114579167e-05,0.0029092539246645802,-0.018468640644799993,-2.746582858622255e-38,0.0,-0.005209999999999999,False,False,True,NORMAL,1.0,False
3.257,6.55877364825953e-05,0.0028904726992860633,-0.019092949757513036,-2.485210942217586e-38,0.0,-0.006559999999999999,False,True,True,NORMAL,1.0,False
3.258,6.846855930536753e-05,0.0028710697679788636,-0.019712030495675992,-2.2487118522308748e-38,0.0,-0.006559999999999999,False,False,True,NORMAL,1.0,False
3.259,7.132967054431659e-05,0.002851050424907941,-0.020325751509833144,-2.034718626279445e-38,0.0,-0.006559999999999999,False,False,True,NORMAL,1.0,False
3.2600000000000002,7.417045648925783e-05,0.002830420094889041,-0.02093398285241657,-1.8410895482323674e-38,0.0,-0.006559999999999999,False,False,True,NORMAL,1.0,False
3.261,7.699030891955913e-05,0.002809184331973221,-0.021536596004860634,-1.6658867131955665e-38,0.0,-0.006559999999999999,False,False,True,NORMAL,1.0,False
3.262,7.978862523265715e-05,0.0027873488180044413,-0.022133463904354517,-1.5073566323082874e-38,0.0,-0.005815000000000001,False,True,True,NORMAL,1.0,False
3.263,8.256480857111802e-05,0.0027649193611505854,-0.022724460970227435,-1.3639126832372098e-38,0.0,-0.005815000000000001,False,False,True,NORMAL,1.0,False
3.2640000000000002,8.531826794821578e-05,0.0027419018944082833,-0.023309463129960975,-1.2341192307268545e-38,0.0,-0.005815000000000001,False,False,True,NORMAL,1.0,False
3.265,8.804841837200278e-05,0.0027183024740819106,-0.023888347844823493,-1.1166772582794116e-38,0.0,-0.005815000000000001,False,False,True,NORMAL,1.0,False
3.266,9.075468096784633e-05,0.002694127278237144,-0.02446099413512114,-1.0104113671610172e-38,0.0,-0.005815000000000001,False,False,True,NORMAL,1.0,False
3.267,9.343648309940628e-05,0.0026693826051294592,-0.0250272826050606,-9.142580126161587e-39,0.0,-0.007644999999999997,False,True,True,NORMAL,1.0,False
3.2680000000000002,9.609325848802882e-05,0.002644074871607962,-0.025587095467218428,-8.272548595542928e-39,0.0,-0.007644999999999997,False,False,True,NORMAL,1.0,False
3.269,9.87244473305319e-05,0.002618210611494952,-0.0261403165666121,-7.485311511768066e-39,0.0,-0.007644999999999997,False,False,True,NORMAL,1.0,False
3.27,0.00010132949641535815,0.0025917964739416107,-0.026686831404368002,-6.772989941503062e-39,0.0,-0.007644999999999997,False,False,True,NORMAL,1.0,False
3.271,0.00010390785923707195,0.0025648392217602306,-0.027226527160981537,-6.128454731053155e-39,0.0,-0.007644999999999997,False,False,True,NORMAL,1.0,False
3.2720000000000002,0.00010645899610917692,0.0025373457297333873,-0.02775929271916489,-5.545255155396397e-39,0.0,-0.008,False,True,True,NORMAL,1.0,False
3.273,0.0001089823742752314,0.0025093229829004715,-0.02828501868627777,-5.017554357159469e-39,0.0,-0.008,False,False,True,NORMAL,1.0,False
3.274,0.00011147746801823923,0.002480778074822002,-0.028803597416336826,-4.540070929387253e-39,0.0,-0.008,False,False,True,NORMAL,1.0,False
3.275,0.00011394375876829394,0.0024517182058221426,-0.029314923031599348,-4.108026057446881e-39,0.0,-0.008,False,False,True,NORMAL,1.0,False
3.2760000000000002,0.00011638073520845474,0.002422150681209846,-0.029818891443717084,-3.717095691044678e-39,0.0,-0.008,False,False,True,NORMAL,1.0,False
3.277,0.00011878789337883312,0.002392082909479065,-0.030315400374456052,-3.3633672676774575e-39,0.0,-0.005294999999999999,False,True,True,NORMAL,1.0,False
3.278,0.00012116473677886942,0.0023615224004884606,-0.03080434937597831,-3.0433005543919305e-39,0.0,-0.005294999999999999,False,False,True,NORMAL,1.0,False
3.279,0.000123510776467779,0.002330476763621047,-0.03128563985068185,-2.7536922159433985e-39,0.0,-0.005294999999999999,False,False,True,NORMAL,1.0,False
3.2800000000000002,0.00012582553116314822,0.002298953705924225,-0.03175917507059469,-2.4916437547399446e-39,0.0,-0.005294999999999999,False,False,True,NORMAL,1.0,False
3.281,0.00012810852733766083,0.002266961030230639,-0.03222486019631964,-2.2545325017043152e-39,0.0,-0.005294999999999999,False,False,True,NORMAL,1.0,False
3.282,0.00013035929931393584,0.0022345066332603177,-0.03268260229552604,-2.039985367720285e-39,0.0,-0.006295000000000002,False,True,True,NORMAL,1.0,False
3.283,0.00013257738935745837,0.002201598503704556,-0.03313231036098496,-1.8458550929591604e-39,0.0,-0.006295000000000002,False,False,True,NORMAL,1.0,False
3.2840000000000003,0.00013476234776758537,0.002168244720291983,-0.03357389532814468,-1.6701987563816926e-39,0.0,-0.006295000000000002,False,False,True,NORMAL,1.0,False
3.285,0.00013691373296660875,0.0021344534498372912,-0.0340072700922429,-1.5112583303312813e-39,0.0,-0.006295000000000002,False,False,True,NORMAL,1.0,False
3.286,0.0001390311115868588,0.0021002329452730864,-0.03443234952495286,-1.3674430856022917e-39,0.0,-0.006295000000000002,False,False,True,NORMAL,1.0,False
3.287,0.00014111405855583113,0.0020655915436653227,-0.03484905049055999,-1.2373136708875031e-39,0.0,-0.008499999999999997,False,True,True,NORMAL,1.0,False
3.2880000000000003,0.00014316215717932103,0.002030537664212799,-0.03525729186166643,-1.1195677072664434e-39,0.0,-0.008499999999999997,False,False,True,NORMAL,1.0,False
3.289,0.00014517499922254973,0.0019950798062311893,-0.03565699453442048,-1.0130267535594075e-39,0.0,-0.008499999999999997,False,False,True,NORMAL,1.0,False
3.29,0.0001471521849892669,0.001959226547122079,-0.036048081443268175,-9.166245120920445e-40,0.0,-0.008499999999999997,False,False,True,NORMAL,1.0,False
3.291,0.00014909332339881507,0.001922986540327492,-0.03643047757522463,-8.293961568298368e-40,0.0,-0.008499999999999997,False,False,True,NORMAL,1.0,False
3.2920000000000003,0.00015099803206114145,0.0018863685132703874,-0.0368041099836624,-7.504686770748573e-40,0.0,-0.006275000000000003,False,True,True,NORMAL,1.0,False
3.293,0.00015286593734974347,0.0018493812652816098,-0.03716890780161469,-6.7905214008127615e-40,0.0,-0.006275000000000003,False,False,True,NORMAL,1.0,False
3.294,0.00015469667447253464,0.00181203366551378,-0.03752480225459096,-6.1443178514293465e-40,0.0,-0.006275000000000003,False,False,True,NORMAL,1.0,False
3.295,0.000156489887540618,0.0017743346508426149,-0.03787172667290297,-5.559608700279584e-40,0.0,-0.006275000000000003,False,False,True,NORMAL,1.0,False
3.2960000000000003,0.00015824522963495499,0.0017362932237561669,-0.03820961650349912,-5.030541981651235e-40,0.0,-0.006275000000000003,False,False,True,NORMAL,1.0,False
3.297,0.00015996236287091727,0.0016979184502324757,-0.038538409321305096,-4.551822617998803e-40,0.0,-0.008374999999999997,False,True,True,NORMAL,1.0,False
3.298,0.00016164095846071114,0.0016592194576061272,-0.038858044840069196,-4.118659425027718e-40,0.0,-0.008374999999999997,False,False,True,NORMAL,1.0,False
3.299,0.0001632806967736628,0.0016202054324242154,-0.03916846492271045,-3.72671715991155e-40,0.0,-0.008374999999999997,False,False,True,NORMAL,1.0,False
3.3000000000000003,0.00016488126739435462,0.0015808856182922047,-0.0394696135911681,-3.372073132724671e-40,0.0,-0.008374999999999997,False,False,True,NORMAL,1.0,False
3.301,0.0001664423691786025,0.0015412693137101942,-0.03976143703575086,-3.051177946843021e-40,0.0,-0.008374999999999997,False,False,True,NORMAL,1.0,False
3.302,0.00016796371030726475,0.0015013658699000814,-0.04004388362398469,-2.760819975389699e-40,0.0,-0.006594999999999997,False,True,True,NORMAL,1.0,False
3.303,0.00016944500833787388,0.0014611846886241318,-0.04031690390895782,-2.4980932181937167e-40,0.0,-0.006594999999999997,False,False,True,NORMAL,1.0,False
3.3040000000000003,0.00017088599025408285,0.001420735219995453,-0.04058045063716182,-2.2603682175635433e-40,0.0,-0.006594999999999997,False,False,True,NORMAL,1.0,False
3.305,0.00017228639251291804,0.0013800269602808818,-0.04083447875582788,-2.0452657417907406e-40,0.0,-0.006594999999999997,False,False,True,NORMAL,1.0,False
3.306,0.00017364596108983133,0.0013390694496967866,-0.04107894541975723,-1.850632972999335e-40,0.0,-0.006594999999999997,False,False,True,NORMAL,1.0,False
3.307,0.00017496445152154484,0.0012978722701982935,-0.04131380999764503,-1.6745219610209298e-40,0.0,-0.00811,False,True,True,NORMAL,1.0,False
3.3080000000000003,0.0001762416289466818,0.001256445043262442,-0.04153903407789707,-1.51517012765469e-40,0.0,-0.00811,False,False,True,NORMAL,1.0,False
3.309,0.00017747726814417762,0.0012147974276657768,-0.04175458147393862,-1.3709826261922848e-40,0.0,-0.00811,False,False,True,NORMAL,1.0,False
3.31,0.00017867115356946605,0.0011729391172568865,-0.04196041822901519,-1.240516379655986e-40,0.0,-0.00811,False,False,True,NORMAL,1.0,False
3.311,0.00017982307938843567,0.0011308798387243944,-0.04215651262048462,-1.1224656379992386e-40,0.0,-0.00811,False,False,True,NORMAL,1.0,False
3.3120000000000003,0.00018093284950915217,0.0010886293493609122,-0.04234283516360061,-1.015648909721317e-40,0.0,-0.009249999999999998,False,True,True,NORMAL,1.0,False
3.313,0.00018200027761134277,0.001046197434823464,-0.04251935861478732,-9.189971371032738e-41,0.0,-0.009249999999999998,False,False,True,NORMAL,1.0,False
3.314,0.00018302518717363964,0.001003593906890891,-0.04268605797440526,-8.315429967189649e-41,0.0,-0.009249999999999998,False,False,True,NORMAL,1.0,False
3.315,0.00018400741149857933,0.0009608286012187447,-0.042842910489008464,-7.524112181370726e-41,0.0,-0.009249999999999998,False,False,True,NORMAL,1.0,False
3.3160000000000003,0.00018494679373535605,0.0009179113750921749,-0.04298989565309337,-6.808098239204398e-41,0.0,-0.009249999999999998,False,False,True,NORMAL,1.0,False
3.317,0.00018584318690032713,0.0008748521051773261,-0.04312699521033959,-6.16022203249687e-41,0.0,-0.008844999999999999,False,True,True,NORMAL,1.0,False
3.318,0.00018669645389526916,0.0008316606852717452,-0.04325419315434318,-5.573999398412699e-41,0.0,-0.008844999999999999,False,False,True,NORMAL,1.0,False
3.319,0.00018750646752338453,0.0007883470240543089,-0.043371475728842986,-5.043563223793738e-41,0.0,-0.008844999999999999,False,False,True,NORMAL,1.0,False
3.3200000000000003,0.00018827311050305758,0.0007449210428351797,-0.043478831427440724,-4.563604725118646e-41,0.0,-0.008844999999999999,False,False,True,NORMAL,1.0,False
3.321,0.00018899627547936114,0.0007013926733062927,-0.043576250992815695,-4.1293203164130607e-41,0.0,-0.008844999999999999,False,False,True,NORMAL,1.0,False
3.322,0.00018967586503331393,0.0006577718552928816,-0.04366372741543495,-3.7363635333466254e-41,0.0,-0.008335000000000002,False,True,True,NORMAL,1.0,False
3.323,0.00019031179168889025,0.0006140685345065454,-0.04374125593176013,-3.3808015323570753e-41,0.0,-0.008335000000000002,False,False,True,NORMAL,1.0,False
3.3240000000000003,0.00019090397791778372,0.0005702926603003598,-0.043808834021951876,-3.0590757294299914e-41,0.0,-0.008335000000000002,False,False,True,NORMAL,1.0,False
3.325,0.00019145235614192733,0.0005264541834265344,-0.04386646140707345,-2.767966184593903e-41,0.0,-0.008335000000000002,False,False,True,NORMAL,1.0,False
3.326,0.00019195686873377265,0.0004825630537971172,-0.04391414004579452,-2.5045593756787934e-41,0.0,-0.008335000000000002,False,False,True,NORMAL,1.0,False
3.327,0.0001924174680143315,0.00043862921824824343,-0.04395187413059696,-2.266219038806954e-41,0.0,-0.007994999999999997,False,True,True,NORMAL,1.0,False
3.3280000000000003,0.00019283411624898387,0.00039466261830842757,-0.04397967008348401,-2.0505597837780184e-41,0.0,-0.007994999999999997,False,False,True,NORMAL,1.0,False
3.329,0.00019320678564105614,0.00035067318797139357,-0.04399753655119472,-1.8554232202820776e-41,0.0,-0.007994999999999997,False,False,True,NORMAL,1.0,False
3.33,0.000193535458323175,0.00030667085147393746,-0.044005484399925285,-1.6788563560040005e-41,0.0,-0.007994999999999997,False,False,True,NORMAL,1.0,False
3.331,0.00019382012634640161,0.00026266552107931406,-0.04400352670955933,-1.5190920504199194e-41,0.0,-0.007994999999999997,False,False,True,NORMAL,1.0,False
3.332,0.00019406079166715224,0.00021866709486663842,-0.04399167876740921,-1.3745313286609116e-41,0.0,-0.007035,False,True,True,NORMAL,1.0,False
3.333,0.0001942574661319116,0.00017468545452678936,-0.04396995806147029,-1.243727378435076e-41,0.0,-0.007035,False,False,True,NORMAL,1.0,False
3.334,0.0001944101714597453,0.00013073046316530132,-0.04393838427319065,-1.1253710698438269e-41,0.0,-0.007035,False,False,True,NORMAL,1.0,False
3.335,0.00019451893922261924,8.681196311272792e-05,-0.04389697926975842,-1.0182778531698538e-41,0.0,-0.007035,False,False,True,NORMAL,1.0,False
3.336,0.00019458381082353293,4.293977374295821e-05,-0.043845767095909344,-9.213759035054104e-42,0.0,-0.007035,False,False,True,NORMAL,1.0,False
3.337,0.00019460483747247556,-8.763107000356354e-07,-0.04378477396525695,-8.336953935683849e-42,0.0,-0.004835000000000005,False,True,True,NORMAL,1.0,False
3.338,0.00019458208016021316,-4.462652326654342e-05,-0.04371402825114814,-7.543587873448905e-42,0.0,-0.004835000000000005,False,False,True,NORMAL,1.0,False
3.339,0.000194515609629916,-8.830112645608132e-05,-0.04363356047704697,-6.825720574138881e-42,0.0,-0.004835000000000005,False,False,True,NORMAL,1.0,False
3.34,0.000194405506346636,-0.00013189041436250537,-0.04354340330644934,-6.176167380538753e-42,0.0,-0.004835000000000005,False,False,True,NORMAL,1.0,False
3.341,0.00019425186046464414,-0.00017538471480880636,-0.04344359153233172,-5.5884273459646004e-42,0.0,-0.004835000000000005,False,False,True,NORMAL,1.0,False
3.342,0.00019405477179263835,-0.00021877439147112177,-0.043334162066136946,-5.056618170604159e-42,0.0,-0.00703,False,True,True,NORMAL,1.0,False
3.343,0.00019381434975683303,-0.00026204984599150334,-0.043215153926300175,-4.575417329483184e-42,0.0,-0.00703,False,False,True,NORMAL,1.0,False
3.344,0.00019353071336194165,-0.0003052015200789819,-0.04308660822631839,-4.14000880284655e-42,0.0,-0.00703,False,False,True,NORMAL,1.0,False
3.345,0.00019320399115006426,-0.0003482198975984752,-0.042948568162366745,-3.746034875813816e-42,0.0,-0.00703,False,False,True,NORMAL,1.0,False
3.346,0.00019283432115749235,-0.0003910955066470865,-0.04280107900046515,-3.3895525249040293e-42,0.0,-0.00703,False,False,True,NORMAL,1.0,False
3.347,0.00019242185086944401,-0.0004338189216173467,-0.04264418806319888,-3.0669939549314296e-42,0.0,-0.0073399999999999984,False,True,True,NORMAL,1.0,False
3.348,0.00019196673717274243,-0.00047638076524695564,-0.042477944715996606,-2.7751308913120508e-42,0.0,-0.0073399999999999984,False,False,True,NORMAL,1.0,False
3.349,0.00019146914630645167,-0.0005187717106545812,-0.042302400352969755,-2.511042270406627e-42,0.0,-0.0073399999999999984,False,False,True,NORMAL,1.0,False
3.35,0.00019092925381048378,-0.0005609824833612807,-0.04211760838231693,-2.2720850045338863e-42,0.0,-0.0073399999999999984,False,False,True,NORMAL,1.0,False
3.351,0.0001903472444721918,-0.0006030038632971104,-0.04192362421129749,-2.055867529060663e-42,0.0,-0.0073399999999999984,False,False,True,NORMAL,1.0,False
3.352,0.00018972331227096387,-0.0006448266867924951,-0.04172050523077813,-1.8602258668192184e-42,0.0,-0.0038350000000000007,False,True,True,NORMAL,1.0,False
3.353,0.00018905766032083362,-0.0006864418485539322,-0.04150831079935667,-1.6832019702964063e-42,0.0,-0.0038350000000000007,False,False,True,NORMAL,1.0,False
3.354,0.00018835050081112296,-0.0007278403036236103,-0.041287102227067246,-1.52302412483604e-42,0.0,-0.0038350000000000007,False,False,True,NORMAL,1.0,False
3.355,0.00018760205494513341,-0.0007690130693225255,-0.04105694275867123,-1.3780892167231193e-42,0.0,-0.0038350000000000007,False,False,True,NORMAL,1.0,False
3.356,0.00018681255287690286,-0.0008099512271766827,-0.04081789755653811,-1.2469466886829451e-42,0.0,-0.0038350000000000007,False,False,True,NORMAL,1.0,False
3.357,0.0001859822336460445,-0.000850645924825975,-0.04057003368312105,-1.1282840222163655e-42,0.0,-0.007024999999999998,False,True,True,NORMAL,1.0,False
3.358,0.00018511134511068597,-0.0008910883779153386,-0.04031342008303134,-1.0209136014734833e-42,0.0,-0.007024999999999998,False,False,True,NORMAL,1.0,False
3.359,0.0001842001438785263,-0.0009312698719677819,-0.04004812756471675,-9.237608271950592e-43,0.0,-0.007024999999999998,False,False,True,NORMAL,1.0,False
3.36,0.00018324889523602898,-0.0009711817642388984,-0.039774228781748175,-8.358533617619396e-43,0.0,-0.007024999999999998,False,False,True,NORMAL,1.0,False
3.361,0.00018225787307576987,-0.0010108154855524717,-0.03949179821371951,-7.563113977133503e-43,0.0,-0.007024999999999998,False,False,True,NORMAL,1.0,False
3.362,0.00018122735982195945,-0.0010501625421167888,-0.039200912146765694,-6.843388523381155e-43,0.0,-0.005995000000000001,False,True,True,NORMAL,1.0,False
3.363,0.0001801576463541582,-0.0010892145173212837,-0.038901648653703665,-6.192154002113122e-43,0.0,-0.005995000000000001,False,False,True,NORMAL,1.0,False
3.364,0.00017904903192920548,-0.0011279630735131334,-0.03859408757380153,-5.602892639353071e-43,0.0,-0.005995000000000001,False,False,True,NORMAL,1.0,False
3.365,0.000177901824101382,-0.0011663999537534415,-0.038278310492180785,-5.069706909324915e-43,0.0,-0.005995000000000001,False,False,True,NORMAL,1.0,False
3.366,0.00017671633864082642,-0.001204516983552642,-0.03795440071885698,-4.58726051003262e-43,0.0,-0.005995000000000001,False,False,True,NORMAL,1.0,False
3.367,0.00017549289945022718,-0.0012423060725847642,-0.03762244326742397,-4.150724955756235e-43,0.0,-0.005099999999999996,False,True,True,NORMAL,1.0,False
3.368,0.00017423183847981063,-0.0012797592163802073,-0.037282524833387086,-3.7557312519438935e-43,0.0,-0.005099999999999996,False,False,True,NORMAL,1.0,False
3.369,0.00017293349564064737,-0.0013168684979966733,-0.036934733772150646,-3.3983261688458742e-43,0.0,-0.005099999999999996,False,False,True,NORMAL,1.0,False
3.37,0.00017159821871629878,-0.0013536260896679193,-0.03657916007666535,-3.074932676262535e-43,0.0,-0.005099999999999996,False,False,True,NORMAL,1.0,False
3.371,0.00017022636327282588,-0.001390024254429986,-0.03621589535474084,-2.7823141434237954e-43,0.0,-0.005099999999999996,False,False,True,NORMAL,1.0,False
3.372,0.00016881829256718347,-0.0014260553477245775,-0.035845032806029416,-2.5175419457005192e-43,0.0,-0.006574999999999999,False,False,True,NORMAL,1.0,False
3.373,0.00016737437745402244,-0.0014617118189792593,-0.03546666719868616,-2.2779661539448837e-43,0.0,-0.006574999999999999,False,False,True,NORMAL,1.0,False
3.374,0.00016589499629092352,-0.0014969862131641591,-0.03508089484571155,-2.061189013108794e-43,0.0,-0.006574999999999999,False,False,True,NORMAL,1.0,False
3.375,0.00016438053484208639,-0.001531871172324854,-0.034687813580982156,-1.8650409447054485e-43,0.0,-0.006574999999999999,False,False,True,NORMAL,1.0,False
3.376,0.00016283138618049774,-0.0015663594370911328,-0.03428752273497529,-1.6875588329386247e-43,0.0,-0.006574999999999999,False,False,True,NORMAL,1.0,False
3.3770000000000002,0.00016124795058860284,-0.0016004438481613348,-0.03388012311019364,-1.5269663771799622e-43,0.0,-0.0063349999999999995,False,True,True,NORMAL,1.0,False
3.378,0.00015963063545750515,-0.0016341173477619647,-0.033465716956295716,-1.38165631415524e-43,0.0,-0.0063349999999999995,False,False,True,NORMAL,1.0,False
3.379,0.00015797985518471873,-0.0016673729810822925,-0.03304440794493828,-1.250174331913308e-43,0.0,-0.0063349999999999995,False,False,True,NORMAL,1.0,False
3.38,0.00015629603107049874,-0.0017002038976836563,-0.03261630114433673,-1.1312045145832683e-43,0.0,-0.0063349999999999995,False,False,True,NORMAL,1.0,False
3.3810000000000002,0.00015457959121277528,-0.0017326033528831854,-0.03218150299354966,-1.0235561722461454e-43,0.0,-0.0063349999999999995,False,False,True,NORMAL,1.0,False
3.382,0.00015283097040071664,-0.001764564709111673,-0.031740121276493734,-9.26151924109972e-44,0.0,-0.0022100000000000036,False,True,True,NORMAL,1.0,False
3.383,0.00015105061000694745,-0.0017960814372453317,-0.03129226509569518,-8.38016915720703e-44,0.0,-0.0022100000000000036,False,False,True,NORMAL,1.0,False
3.384,0.00014923895787844838,-0.0018271471179111718,-0.030838044845784125,-7.582690622911793e-44,0.0,-0.0022100000000000036,False,False,True,NORMAL,1.0,False
3.3850000000000002,0.00014739646822616378,-0.0018577554427657475,-0.030377572186738228,-6.861102205000988e-44,0.0,-0.0022100000000000036,False,False,True,NORMAL,1.0,False
3.386,0.00014552360151334399,-0.0018879002157470238,-0.02991096001688186,-6.208182004053922e-44,0.0,-0.0022100000000000036,False,False,True,NORMAL,1.0,False
3.387,0.0001436208243426491,-0.0019175753542991242,-0.029438322445647366,-5.617395375245459e-44,0.0,-0.0022350000000000026,False,True,True,NORMAL,1.0,False
3.388,0.00014168860934204208,-0.0019467748905697213,-0.02895977476610489,-5.082829527424241e-44,0.0,-0.0022350000000000026,False,False,True,NORMAL,1.0,False
3.3890000000000002,0.00013972743504949778,-0.0019754929725798467,-0.028475433427267233,-4.599134345911487e-44,0.0,-0.0022350000000000026,False,False,True,NORMAL,1.0,False
3.39,0.00013773778579655638,-0.002003723865365894,-0.027985416006176343,-4.161468846755051e-44,0.0,-0.0022350000000000026,False,False,True,NORMAL,1.0,False
3.391,0.00013572015159074862,-0.0020314619520936036,-0.02748984117977803,-3.7654527265349227e-44,0.0,-0.0022350000000000026,False,False,True,NORMAL,1.0,False
3.392,0.00013367502799692128,-0.0020587017351438174,-0.02698882869659156,-3.4071225228143233e-44,0.0,-0.001504999999999996,False,True,True,NORMAL,1.0,False
3.3930000000000002,0.00013160291601749098,-0.002085437837169804,-0.026482499348180765,-3.082891946475477e-44,0.0,-0.001504999999999996,False,False,True,NORMAL,1.0,False
3.394,0.00012950432197165505,-0.0021116650021259587,-0.025970974940433447,-2.789515988932724e-44,0.0,-0.001504999999999996,False,False,True,NORMAL,1.0,False
3.395,0.000127379757373588,-0.0021373780962676914,-0.025454378264655762,-2.524058444995912e-44,0.0,-0.001504999999999996,False,False,True,NORMAL,1.0,False
3.396,0.00012522973880965273,-0.0021625721091223147,-0.024932833068488394,-2.28386252634196e-44,0.0,-0.001504999999999996,False,False,True,NORMAL,1.0,False
3.3970000000000002,0.00012305478781465522,-0.0021872421544307675,-0.02440646402665127,-2.0665242714843425e-44,0.0,-0.0029399999999999973,False,False,True,NORMAL,1.0,False
3.398,0.00012085543074717233,-0.002211383471059996,-0.02387539671152378,-1.8698684861185348e-44,0.0,-0.0029399999999999973,False,False,True,NORMAL,1.0,False
3.399,0.00011863219866398186,-0.002234991423885838,-0.02333975756356716,-1.6919269730463033e-44,0.0,-0.0029399999999999973,False,False,True,NORMAL,1.0,False
3.4,0.00011638562719362458,-0.0022580615046462523,-0.02279967386159615,-1.5309188337966136e-44,0.0,-0.0029399999999999973,False,False,True,NORMAL,1.0,False
3.4010000000000002,0.0001141162564091279,-0.0022805893327647493,-0.02225527369290665,-1.3852326447951502e-44,0.0,-0.0029399999999999973,False,False,True,NORMAL,1.0,False
3.402,0.00011182463069992107,-0.002302570656143876,-0.02170668592326643,-1.253410329695567e-44,0.0,-0.004619999999999999,False,True,True,NORMAL,1.0,False
3.403,0.00010951129864297193,-0.0023240013519286317,-0.021154040166775735,-1.1341325664613376e-44,0.0,-0.004619999999999999,False,False,True,NORMAL,1.0,False
3.404,0.00010717681287317531,-0.0023448774272396763,-0.02059746675560493,-1.026205583147373e-44,0.0,-0.004619999999999999,False,False,True,NORMAL,1.0,False
3.4050000000000002,0.00010482172995302345,-0.0023651950198762227,-0.02003709670961594,-9.285492102291552e-45,0.0,-0.004619999999999999,False,False,True,NORMAL,1.0,False
3.406,0.00010244661024158859,-0.002384950398988493,-0.019473061705874692,-8.401860699030781e-45,0.0,-0.004619999999999999,False,False,True,NORMAL,1.0,False
3.407,0.00010005201776284853,-0.002404139965719635,-0.018905494048061466,-7.602317941608814e-45,0.0,-0.0007700000000000033,False,True,True,NORMAL,1.0,False
3.408,9.76385200733855e-05,-0.002422760253817002,-0.018334526635786233,-6.87886173737377e-45,0.0,-0.0007700000000000033,False,False,True,NORMAL,1.0,False
3.4090000000000003,9.520668812948904e-05,-0.002440807930212705,-0.017760292933815976,-6.224251493471637e-45,0.0,-0.0007700000000000033,False,False,True,NORMAL,1.0,False
3.41,9.27570961536939e-05,-0.002458279795573347,-0.017182926941221106,-5.631935650559341e-45,0.0,-0.0007700000000000033,False,False,True,NORMAL,1.0,False
3.411,9.029032150078349e-05,-0.002475172784818869,-0.016602563160447982,-5.095986112596786e-45,0.0,-0.0007700000000000033,False,False,True,NORMAL,1.0,False
3.412,8.780694452329004e-05,-0.002491483967610436,-0.016019336566324607,-4.6110389164691827e-45,0.0,0.000269999999999999,False,True,True,NORMAL,1.0,False
3.4130000000000003,8.530754843652235e-05,-0.002507210548807293,-0.015433382575006592,-4.1722405476413036e-45,0.0,0.000269999999999999,False,False,True,NORMAL,1.0,False
3.414,8.279271918315222e-05,-0.0025223498688925474,-0.014844837012870427,-3.7751993645526947e-45,0.0,0.000269999999999999,False,False,True,NORMAL,1.0,False
3.415,8.026304529739066e-05,-0.002536899404367813,-0.014253836085361179,-3.4159416455928554e-45,0.0,0.000269999999999999,False,False,True,NORMAL,1.0,False
3.416,7.771911776878513e-05,-0.00255085676811669,-0.01366051634580162,-3.090871818759746e-45,0.0,0.000269999999999999,False,False,True,NORMAL,1.0,False
3.4170000000000003,7.516152990566867e-05,-0.0025642197097370304,-0.013065014664169903,-2.7967364759666786e-45,0.0,-0.0008200000000000008,False,True,True,NORMAL,1.0,False
3.418,7.259087719829266e-05,-0.0025769861158419743,-0.012467468195852888,-2.5305918118406778e-45,0.0,-0.0008200000000000008,False,False,True,NORMAL,1.0,False
3.419,7.000775718167398e-05,-0.0025891540103297264,-0.011868014350382055,-2.2897741611288595e-45,0.0,-0.0008200000000000008,False,False,True,NORMAL,1.0,False
3.42,6.741276929818807e-05,-0.0026007215546220647,-0.011266790760159219,-2.0718733398412923e-45,0.0,-0.0008200000000000008,False,False,True,NORMAL,1.0,False
3.4210000000000003,6.480651475993917e-05,-0.0026116870478715714,-0.010663935249178956,-1.874708523319535e-45,0.0,-0.0008200000000000008,False,False,True,NORMAL,1.0,False
3.422,6.218959641093892e-05,-0.002622048927137589,-0.010059585801754872,-1.6963064198104542e-45,0.0,0.00035500000000000115,False,True,True,NORMAL,1.0,False
3.423,5.9562618589124636e-05,-0.0026318057675309057,-0.009453880531256686,-1.5348815210991138e-45,0.0,0.00035500000000000115,False,False,True,NORMAL,1.0,False
3.424,5.692618698824858e-05,-0.002640956282327188,-0.008846957648865148,-1.3888182325424283e-45,0.0,0.00035500000000000115,False,False,True,NORMAL,1.0,False
3.4250000000000003,5.4280908519669336e-05,-0.002649499323049179,-0.008238955432351834,-1.2566547036549557e-45,0.0,0.00035500000000000115,False,False,True,NORMAL,1.0,False
3.426,5.162739117407668e-05,-0.002657433879517692,-0.007630012194890715,-1.137068197417894e-45,0.0,0.00035500000000000115,False,False,True,NORMAL,1.0,False
3.427,4.8966243883180956e-05,-0.002664759079871434,-0.007020266253908563,-1.02886185188241e-45,0.0,0.0021849999999999994,False,True,True,NORMAL,1.0,False
3.428,4.62980763813983e-05,-0.0026714741905557045,-0.006409855899981061,-9.309527015729757e-46,0.0,0.0021849999999999994,False,False,True,NORMAL,1.0,False
3.4290000000000003,4.36234990675626e-05,-0.0026775786162800113,-0.005798919365781567,-8.423608388048925e-46,0.0,0.0021849999999999994,False,False,True,NORMAL,1.0,False
3.43,4.094312286669542e-05,-0.002683071899944669,-0.005187594795089466,-7.62199606438824e-46,0.0,0.0021849999999999994,False,False,True,NORMAL,1.0,False
3.431,3.8257559091864815e-05,-0.0026879537225364364,-0.0045760202118649285,-6.8966672391813e-46,0.0,0.0021849999999999994,False,False,True,NORMAL,1.0,False
3.432,3.5567419306163934e-05,-0.002692223902993264,-0.003964333489396989,-6.240362577753997e-46,0.0,0.002815000000000001,False,True,True,NORMAL,1.0,False
3.4330000000000003,3.287331518484028e-05,-0.002695882398038231,-0.0033526723195317167,-5.646513562463151e-46,0.0,0.002815000000000001,False,False,True,NORMAL,1.0,False
3.434,3.0175858377606433e-05,-0.002698929301982752,-0.00274117418198732,-5.109176752764185e-46,0.0,0.002815000000000001,False,False,True,NORMAL,1.0,False
3.435,2.7475660371162888e-05,-0.002701364846499145,-0.0021299763137629314,-4.622974301260494e-46,0.0,0.002815000000000001,False,False,True,NORMAL,1.0,False
3.436,2.4773332351963582e-05,-0.002703189400362659,-0.0015192156786478174,-4.1830401303991396e-46,0.0,0.002815000000000001,False,False,True,NORMAL,1.0,False
3.4370000000000003,2.2069485069254652e-05,-0.0027044034691630628,-0.0009090289368377028,-3.784971231131161e-46,0.0,0.0009699999999999986,False,True,True,NORMAL,1.0,False
3.438,1.936472869841675e-05,-0.0027050076949859067,-0.0002995524146649085,-3.4247835961171063e-46,0.0,0.0009699999999999986,False,False,True,NORMAL,1.0,False
3.439,1.6659672704641226e-05,-0.002705002856063574,0.0003090779255510846,-3.0988723464425107e-46,0.0,0.0009699999999999986,False,False,True,NORMAL,1.0,False
3.44,1.3954925706970316e-05,-0.0027043898663962457,0.0009167265155260469,-2.8039756527780767e-46,0.0,0.0009699999999999986,False,False,True,NORMAL,1.0,False
3.4410000000000003,1.1251095342731343e-05,-0.0027031697753429115,0.0015232582108998152,-2.537142089895409e-46,0.0,0.0009699999999999986,False,False,True,NORMAL,1.0,False
3.442,8.548788132394838e-06,-0.002701343767182556,0.0021285383209849952,-2.29570109781132e-46,0.0,0.0029350000000000005,False,True,True,NORMAL,1.0,False
3.443,5.848609344886322e-06,-0.0026989131606456754,0.0027324326383690906,-2.0772362539259123e-46,0.0,0.0029350000000000005,False,False,True,NORMAL,1.0,False
3.444,3.151162863381339e-06,-0.002695879408416264,0.0033348074683635944,-1.8795610886530114e-46,0.0,0.0029350000000000005,False,False,True,NORMAL,1.0,False
3.4450000000000003,4.570510516132195e-07,-0.0026922440966044305,0.0039355296582936706,-1.700697202497648e-46,0.0,0.0029350000000000005,False,False,True,NORMAL,1.0,False
3.446,-2.2331253792771734e-06,-0.002688008944189811,0.00453446662662208,-1.5388544655689514e-46,0.0,0.0029350000000000005,False,False,True,NORMAL,1.0,False
3.447,-4.918767503320566e-06,-0.0026831758024359388,0.005131486391901035,-1.3924131013585163e-46,0.0,0.0031849999999999995,False,True,True,NORMAL,1.0,False
3.448,-7.5992783116983296e-06,-0.002677746654275753,0.005726457601545754,-1.2599074754726826e-46,0.0,0.0031849999999999995,False,False,True,NORMAL,1.0,False
3.4490000000000003,-1.0274062844092672e-05,-0.002671723613668427,0.006319249560423491,-1.1400114270709062e-46,0.0,0.0031849999999999995,False,False,True,NORMAL,1.0,False
3.45,-1.2942528319379412e-05,-0.0026651089249276993,0.006909732259251916,-1.0315249962023283e-46,0.0,0.0031849999999999995,False,False,True,NORMAL,1.0,False
3.451,-1.5604084265634914e-05,-0.002657904962021907,0.007497776402800717,-9.333624142032678e-47,0.0,0.0031849999999999995,False,False,True,NORMAL,1.0,False
3.452,-1.8258142649428972e-05,-0.0026501142278459165,0.008083253437890393,-8.445412369594946e-47,0.0,0.0009249999999999999,False,True,True,NORMAL,1.0,False
3.4530000000000003,-2.0904118004375685e-05,-0.00264173935346516,0.00866603558118227,-7.641725122753246e-47,0.0,0.0009249999999999999,False,False,True,NORMAL,1.0,False
3.454,-2.35414275589145e-05,-0.0026327830973319898,0.009245995846753747,-6.914518829412573e-47,0.0,0.0009249999999999999,False,False,True,NORMAL,1.0,False
3.455,-2.6169491363293837e-05,-0.0026232483444745647,0.00982300807345296,-6.256515364566698e-47,0.0,0.0009249999999999999,False,False,True,NORMAL,1.0,False
3.456,-2.8787732415729998e-05,-0.0026131381056584972,0.010396946952026994,-5.661129208376841e-47,0.0,0.0009249999999999999,False,False,True,NORMAL,1.0,False
3.457,-3.1395576787714175e-05,-0.002602455516521487,0.01096768805201792,-5.122401536075656e-47,0.0,0.004365,False,True,True,NORMAL,1.0,False
3.458,-3.3992453748440686e-05,-0.0025912038366811764,0.011535107848420918,-4.63494058004613e-47,0.0,0.004365,False,False,True,NORMAL,1.0,False
3.459,-3.657779588832976e-05,-0.0025793864488164696,0.0120990837480989,-4.1938676671990326e-47,0.0,0.004365,False,False,True,NORMAL,1.0,False
3.46,-3.915103924161853e-05,-0.0025670068577225607,0.01265949411594801,-3.7947683915728653e-47,0.0,0.004365,False,False,True,NORMAL,1.0,False
3.461,-4.171162340799395e-05,-0.002554068689339925,0.013216218300808526,-3.4336484334752622e-47,0.0,0.004365,False,False,True,NORMAL,1.0,False
3.462,-4.425899167324181e-05,-0.0025405756897575256,0.013769136661115696,-3.1068935829889734e-47,0.0,0.0032749999999999993,False,True,True,NORMAL,1.0,False
3.463,-4.679259112888622e-05,-0.002526531724190505,0.014318130590285156,-2.811233567744234e-47,0.0,0.0032749999999999993,False,False,True,NORMAL,1.0,False
3.464,-4.9311872790794074e-05,-0.002511940775932624,0.014863082541827602,-2.5437093229337114e-47,0.0,0.0032749999999999993,False,False,True,NORMAL,1.0,False
3.465,-5.181629171671947e-05,-0.002496806945283723,0.015403876054187466,-2.3016433759973383e-47,0.0,0.0032749999999999993,False,False,True,NORMAL,1.0,False
3.466,-5.430530712276324e-05,-0.0024811344484524885,0.01594039577530046,-2.0826130495770008e-47,0.0,0.0032749999999999993,False,False,True,NORMAL,1.0,False
3.467,-5.677838249872295e-05,-0.002464927616434799,0.01647252748686486,-1.884426214547249e-47,0.0,0.0039000000000000007,False,True,True,NORMAL,1.0,False
3.468,-5.923498572230927e-05,-0.0024481908938679504,0.01700015812832151,-1.70509935045021e-47,0.0,0.0039000000000000007,False,False,True,NORMAL,1.0,False
3.469,-6.167458917220447e-05,-0.0024309288378610455,0.017523175820537574,-1.5428376937561597e-47,0.0,0.0039000000000000007,False,False,True,NORMAL,1.0,False
3.47,-6.409666983993969e-05,-0.0024131461168018513,0.01804146988918921,-1.396017275266878e-47,0.0,0.0039000000000000007,False,False,True,NORMAL,1.0,False
3.471,-6.65007094405673e-05,-0.002394847509140426,0.018554930887838283,-1.2631686668860774e-47,0.0,0.0039000000000000007,False,False,True,NORMAL,1.0,False
3.472,-6.888619452210543e-05,-0.0023760379021498237,0.019063450620698457,-1.1429622750891233e-47,0.0,0.004834999999999999,False,True,True,NORMAL,1.0,False
3.473,-7.125261657373192e-05,-0.002356722290664192,0.019566922165085966,-1.0341950339041484e-47,0.0,0.004834999999999999,False,False,True,NORMAL,1.0,False
3.474,-7.359947213270511e-05,-0.002336905775794575,0.020065239893550513,-9.357783642234412e-48,0.0,0.004834999999999999,False,False,True,NORMAL,1.0,False
3.475,-7.592626288998954e-05,-0.0023165935636227522,0.020558299495681776,-8.467272789378523e-48,0.0,0.004834999999999999,False,False,True,NORMAL,1.0,False
3.476,-7.823249579456451e-05,-0.0022957909638734292,0.02104599799958716,-7.6615052485474e-48,0.0,0.004834999999999999,False,False,True,NORMAL,1.0,False
3.477,-8.051768315639422e-05,-0.0022745033885651217,0.021528233793036384,-6.932416627364582e-48,0.0,0.003914999999999999,False,True,True,NORMAL,1.0,False
3.478,-8.278134274803833e-05,-0.0022527363506400604,0.022004906644268716,-6.272709961854123e-48,0.0,0.003914999999999999,False,False,True,NORMAL,1.0,False
3.479,-8.502299790488191e-05,-0.0022304954625734603,0.022475917722458622,-5.675782685972526e-48,0.0,0.003914999999999999,False,False,True,NORMAL,1.0,False
3.48,-8.724217762396468e-05,-0.002207786434962497,0.022941169617835797,-5.135660550908584e-48,0.0,0.003914999999999999,False,False,True,NORMAL,1.0,False
3.481,-8.943841666138907e-05,-0.002184615075095335,0.02340056636145554,-4.6469378327932564e-48,0.0,0.003914999999999999,False,False,True,NORMAL,1.0,False
3.482,-9.161125562828761e-05,-0.002160987285500567,0.023854013444615563,-4.204723230398268e-48,0.0,0.009145,False,True,True,NORMAL,1.0,False
3.483,-9.376024108532997e-05,-0.0021369090624774093,0.024301417837915357,-3.8045909113493877e-48,0.0,0.009145,False,False,True,NORMAL,1.0,False
3.484,-9.588492563575086e-05,-0.002112386494607023,0.024742688009954474,-3.442536216908458e-48,0.0,0.009145,False,False,True,NORMAL,1.0,False
3.485,-9.798486801687987e-05,-0.0020874257612453137,0.02517773394566594,-3.114935582002729e-48,0.0,0.009145,False,False,True,NORMAL,1.0,False
3.486,-0.00010005963319015505,-0.002062033130997588,0.025606467164281266,-2.818510269367688e-48,0.0,0.009145,False,False,True,NORMAL,1.0,False
3.487,-0.00010210879242960225,-0.0020362149601754237,0.02602880073692364,-2.5502935548424958e-48,0.0,0.0037299999999999976,False,True,True,NORMAL,1.0,False
3.488,-0.00010413192340876247,-0.0020099776912361417,0.026444649303825767,-2.3076010353974326e-48,0.0,0.0037299999999999976,False,False,True,NORMAL,1.0,False
3.489,-0.00010612861028605032,-0.001983327851205242,0.026853929091169185,-2.0880037627261196e-48,0.0,0.0037299999999999976,False,False,True,NORMAL,1.0,False
3.49,-0.0001080984437885264,-0.001956272050082196,0.027256557927541735,-1.8893039335144705e-48,0.0,0.0037299999999999976,False,False,True,NORMAL,1.0,False
3.491,-0.00011004102129406743,-0.00192881697922997,0.027652455260010124,-1.7095128930864156e-48,0.0,0.0037299999999999976,False,False,True,NORMAL,1.0,False
3.492,-0.00011195594691191784,-0.0019009694097486738,0.02804154216980452,-1.5468312322794956e-48,0.0,0.005210000000000001,False,True,True,NORMAL,1.0,False
3.493,-0.00011384283156160722,-0.0018727361908337159,0.0284237413876122,-1.3996307783531602e-48,0.0,0.005210000000000001,False,False,True,NORMAL,1.0,False
3.494,-0.00011570129305021853,-0.0018441242481188646,0.028798977308477462,-1.266438299688734e-48,0.0,0.005210000000000001,False,False,True,NORMAL,1.0,False
3.495,-0.00011753095614799168,-0.0018151405820046053,0.029167176006305032,-1.1459207611922047e-48,0.0,0.005210000000000001,False,False,True,NORMAL,1.0,False
3.496,-0.00011933145266224857,-0.0017857922659721952,0.02952826524796422,-1.0368719828309559e-48,0.0,0.005210000000000001,False,False,True,NORMAL,1.0,False
3.497,-0.00012110242150962504,-0.0017560864448838138,0.029882174506991353,-9.38200567778588e-49,0.0,0.004664999999999999,False,True,True,NORMAL,1.0,False
3.498,-0.0001228435087865962,-0.0017260303332692127,0.030228834976887966,-8.489189793486487e-49,0.0,0.004664999999999999,False,False,True,NORMAL,1.0,False
3.499,-0.0001245543678382819,-0.001695631213599271,0.030568179584012325,-7.681336573955534e-49,0.0,0.004664999999999999,False,False,True,NORMAL,1.0,False
3.5,-0.00012623465932551928,-0.001664896434546863,0.030900143000062136,-6.950360752643108e-49,0.0,0.004664999999999999,False,False,True,NORMAL,1.0,False
3.501,-0.00012788405129019012,-0.0016338334092354486,0.03122466165414595,-6.288946477840059e-49,0.0,0.004664999999999999,False,False,True,NORMAL,1.0,False
3.5020000000000002,-0.00012950221921879075,-0.0016024496134757985,0.03154167374444162,-5.690474093175141e-49,0.0,0.005940000000000001,False,True,True,NORMAL,1.0,False
3.503,-0.00013108884610423286,-0.001570752583991269,0.0318511192494393,-5.1489538858691124e-49,0.0,0.005940000000000001,False,False,True,NORMAL,1.0,False
3.504,-0.00013264362250586424,-0.0015387499166320423,0.032152939938767514,-4.658966139676028e-49,0.0,0.005940000000000001,False,False,True,NORMAL,1.0,False
3.505,-0.00013416624660769815,-0.0015064492645787484,0.032447079383600204,-4.215606892541419e-49,0.0,0.005940000000000001,False,False,True,NORMAL,1.0,False
3.5060000000000002,-0.00013565642427484142,-0.0014738583365358927,0.032733482966643156,-3.814438856101772e-49,0.0,0.005940000000000001,False,False,True,NORMAL,1.0,False
3.507,-0.00013711386910811088,-0.0014409848949155054,0.033012097891698206,-3.451447005811166e-49,0.0,0.008730000000000002,False,True,True,NORMAL,1.0,False
3.508,-0.00013853830249682884,-0.0014078367540114414,0.03328287319280365,-3.122998397226119e-49,0.0,0.008730000000000002,False,False,True,NORMAL,1.0,False
3.509,-0.00013992945366978827,-0.0013744217781647495,0.03354575974294949,-2.825805806276521e-49,0.0,0.008730000000000002,False,False,True,NORMAL,1.0,False
3.5100000000000002,-0.00014128705974437918,-0.0013407478799205412,0.03380071026236612,-2.5568948296222703e-49,0.0,0.008730000000000002,False,False,True,NORMAL,1.0,False
3.511,-0.0001426108657738677,-0.0013068230181767844,0.03404767932638541,-2.3135741158249097e-49,0.0,0.008730000000000002,False,False,True,NORMAL,1.0,False
3.512,-0.00014390062479282018,-0.0012726551963254497,0.034286623372872714,-2.093408429397839e-49,0.0,0.0030350000000000004,False,True,True,NORMAL,1.0,False
3.513,-0.0001451560978606646,-0.00123825246038644,0.034517500709229196,-1.894194278151054e-49,0.0,0.0030350000000000004,False,False,True,NORMAL,1.0,False
3.5140000000000002,-0.00014637705410338282,-0.0012036228971347327,0.03474027151896324,-1.7139378599006876e-49,0.0,0.0030350000000000004,False,False,True,NORMAL,1.0,False
3.515,-0.0001475632707533264,-0.0011687746322211676,0.03495489786783019,-1.5508351078266164e-49,0.0,0.0030350000000000004,False,False,True,NORMAL,1.0,False
3.516,-0.00014871453318715045,-0.001133715828287309,0.035161343709539813,-1.4032536347653544e-49,0.0,0.0030350000000000004,False,False,True,NORMAL,1.0,False
3.517,-0.00014983063496185945,-0.0010984546830748187,0.03535957489103061,-1.2697163957306586e-49,0.0,0.0056099999999999995,False,True,True,NORMAL,1.0,False
3.5180000000000002,-0.00015091137784895993,-0.001062999427529771,0.03554955915731064,-1.1488869051508537e-49,0.0,0.0056099999999999995,False,False,True,NORMAL,1.0,False
3.519,-0.00015195657186671508,-0.0010273583239023424,0.0357312661558644,-1.0395558608720228e-49,0.0,0.0056099999999999995,False,False,True,NORMAL,1.0,False
3.52,-0.00015296603531049692,-0.0009915396638423136,0.035904667440625274,-9.406290410555903e-50,0.0,0.0056099999999999995,False,False,True,NORMAL,1.0,False
3.521,-0.0001539395947812321,-0.0009555517664908154,0.036069736475513446,-8.511163528383809e-50,0.0,0.0056099999999999995,False,False,True,NORMAL,1.0,False
3.5220000000000002,-0.00015487708521193773,-0.0009194029765687536,0.03622644863753912,-7.701219231504633e-50,0.0,0.005784999999999997,False,True,True,NORMAL,1.0,False
3.523,-0.00015577834989234407,-0.0008831016624623493,0.03637478121947094,-6.968351325163529e-50,0.0,0.005784999999999997,False,False,True,NORMAL,1.0,False
3.524,-0.00015664324049160171,-0.0008466562143062263,0.03651471343206972,-6.305225021028424e-50,0.0,0.005784999999999997,False,False,True,NORMAL,1.0,False
3.525,-0.00015747161707907052,-0.0008100750420644842,0.0366462264058876,-5.705203528163088e-50,0.0,0.005784999999999997,False,False,True,NORMAL,1.0,False
3.5260000000000002,-0.00015826334814318907,-0.000773366573610188,0.03676930319263282,-5.162281629792734e-50,0.0,0.005784999999999997,False,False,True,NORMAL,1.0,False
3.527,-0.0001590183106084228,-0.0007365392528037103,0.0368839287661007,-4.671025581076123e-50,0.0,0.005135000000000006,False,True,True,NORMAL,1.0,False
3.528,-0.0001597363898502902,-0.0006996015375703595,0.03699009002267084,-4.226518726360837e-50,0.0,0.005135000000000006,False,False,True,NORMAL,1.0,False
3.529,-0.0001604174797084665,-0.0006625618979777279,0.03708777578137155,-3.8243122916409717e-50,0.0,0.005135000000000006,False,False,True,NORMAL,1.0,False
3.5300000000000002,-0.0001610614824979645,-0.0006254288143131898,0.0371769767835118,-3.4603808597316e-50,0.0,0.005135000000000006,False,False,True,NORMAL,1.0,False
3.531,-0.0001616683090183935,-0.0005882107751619862,0.03725768569188152,-3.131082082540595e-50,0.0,0.005135000000000006,False,False,True,NORMAL,1.0,False
3.532,-0.00016223787856129652,-0.0005509162754863217,0.037329897089521204,-2.833120227224687e-50,0.0,0.007954999999999997,False,False,True,NORMAL,1.0,False
3.533,-0.00016277011891556738,-0.0005135538147059096,0.03739360747806152,-2.5635131913874367e-50,0.0,0.007954999999999997,False,False,True,NORMAL,1.0,False
3.5340000000000003,-0.00016326496637094934,-0.00047613189478039,0.037448815275634185,-2.3195626571961307e-50,0.0,0.007954999999999997,False,False,True,NORMAL,1.0,False
3.535,-0.0001637223657196171,-0.00043865901829405154,0.03749552081435493,-2.0988270857099763e-50,0.0,0.007954999999999997,False,False,True,NORMAL,1.0,False
3.536,-0.00016414227025584493,-0.000401143686543284,0.03753372633738004,-1.8990972811377526e-50,0.0,0.007954999999999997,False,False,True,NORMAL,1.0,False
3.537,-0.00016452464177376384,-0.00036359439762718646,0.03756343599553764,-1.7183742804637948e-50,0.0,0.005075,False,True,True,NORMAL,1.0,False
3.5380000000000003,-0.00016486945056321103,-0.0003260196445417567,0.03758465584353512,-1.55484934715426e-50,0.0,0.005075,False,False,True,NORMAL,1.0,False
3.539,-0.00016517667540367554,-0.0002884279132780841,0.037597393835744126,-1.4068858687139578e-50,0.0,0.005075,False,False,True,NORMAL,1.0,False
3.54,-0.0001654463035563443,-0.0002508276809249683,0.037601659821564916,-1.2730029769184155e-50,0.0,0.005075,False,False,True,NORMAL,1.0,False
3.541,-0.00016567833075425306,-0.0002132274137763832,0.037597465540371515,-1.1518607267869494e-50,0.0,0.005075,False,False,True,NORMAL,1.0,False
3.5420000000000003,-0.00016587276119054762,-0.00017563556544420456,0.03758482461603953,-1.042246685962927e-50,0.0,0.008374999999999997,False,True,True,NORMAL,1.0,False
3.543,-0.0001660296075048603,-0.00013806057497661766,0.03756375255105849,-9.430638002832304e-51,0.0,0.008374999999999997,False,False,True,NORMAL,1.0,False
3.544,-0.000166148890767808,-0.00010051086498261957,0.03753426672023073,-8.53319414091458e-51,0.0,0.008374999999999997,False,False,True,NORMAL,1.0,False
3.545,-0.0001662306404636181,-6.299483976302857e-05,0.03749638636395862,-7.721153354064726e-51,0.0,0.008374999999999997,False,False,True,NORMAL,1.0,False
3.5460000000000003,-0.00016627489447088844,-2.5520883448411085e-05,0.037450132581122515,-6.986388465151615e-51,0.0,0.008374999999999997,False,False,True,NORMAL,1.0,False
3.547,-0.00016628169904148925,1.1902641855665537e-05,0.03739552832155158,-6.321545700203998e-51,0.0,0.005769999999999999,False,True,True,NORMAL,1.0,False
3.548,-0.00016625110877761383,4.926739791564841e-05,0.03733259837808964,-5.719971089368907e-51,0.0,0.005769999999999999,False,False,True,NORMAL,1.0,False
3.549,-0.00016618318660698651,8.656507220887894e-05,0.03726136937825864,-5.1756438717448965e-51,0.0,0.005769999999999999,False,False,True,NORMAL,1.0,False
3.5500000000000003,-0.00016607800375623583,0.00012378737975393588,0.03718186977552216,-4.683116237583289e-51,0.0,0.005769999999999999,False,False,True,NORMAL,1.0,False
3.551,-0.0001659356397224418,0.00016092606493204304,0.03709412984015134,-4.2374588047771404e-51,0.0,0.005769999999999999,False,False,True,NORMAL,1.0,False
3.552,-0.00016575618224286644,0.00019797290329914518,0.036998181649696225,-3.8342112839482904e-51,0.0,0.004980000000000001,False,True,True,NORMAL,1.0,False
3.553,-0.00016553972726287712,0.00023491970338825914,0.03689405907906496,-3.4693378383721125e-51,0.0,0.004980000000000001,False,False,True,NORMAL,1.0,False
3.5540000000000003,-0.0001652863789020724,0.00027175830850170924,0.036781797790213726,-3.1391866919670794e-51,0.0,0.004980000000000001,False,False,True,NORMAL,1.0,False
3.555,-0.00016499624941862106,0.00030848059849285914,0.03666143522145045,-2.840453581092337e-51,0.0,0.004980000000000001,False,False,True,NORMAL,1.0,False
3.556,-0.00016466945917182466,0.00034507849153695574,0.03653301057635511,-2.5701486843665852e-51,0.0,0.004980000000000001,False,False,True,NORMAL,1.0,False
3.557,-0.00016430613658291495,0.0003815439458907026,0.036396564812319815,-2.3255666995307792e-51,0.0,0.008209999999999999,False,True,True,NORMAL,1.0,False
3.5580000000000003,-0.00016390641809409741,0.00041786896164018497,0.03625214062871164,-2.1042597678738382e-51,0.0,0.008209999999999999,False,False,True,NORMAL,1.0,False
3.559,-0.000163470448125853,0.00045404558243677023,0.03609978245466177,-1.904012975239911e-51,0.0,0.008209999999999999,False,False,True,NORMAL,1.0,False
3.56,-0.00016299837903250994,0.000490065897220612,0.03593953643648382,-1.7228221844230464e-51,0.0,0.008209999999999999,False,False,True,NORMAL,1.0,False
3.561,-0.0001624903710560986,0.0005259220419313885,0.0357714504247251,-1.558873977088421e-51,0.0,0.008209999999999999,False,False,True,NORMAL,1.0,False
3.5620000000000003,-0.00016194659227850204,0.0005616062012059105,0.035595573960854096,-1.4105275044721345e-51,0.0,0.0063599999999999985,False,True,True,NORMAL,1.0,False
3.563,-0.00016136721857191557,0.0005971106100622354,0.035411958263587645,-1.2762980652152715e-51,0.0,0.0063599999999999985,False,False,True,NORMAL,1.0,False
3.564,-0.00016075243354762936,0.0006324275555699311,0.03522065621486171,-1.154842245973677e-51,0.0,0.0063599999999999985,False,False,True,NORMAL,1.0,False
3.565,-0.0001601024285031476,0.0006675493785061327,0.03502172234544901,-1.0449444760856704e-51,0.0,0.0063599999999999985,False,False,True,NORMAL,1.0,False
3.5660000000000003,-0.00015941740236765896,0.000702468474997043,0.0348152128202277,-9.455048617322964e-52,0.0,0.0063599999999999985,False,False,True,NORMAL,1.0,False
3.567,-0.00015869756164587305,0.0007371772981445279,0.03460118542310464,-8.55528177830298e-52,0.0,0.006154999999999999,False,True,True,NORMAL,1.0,False
3.568,-0.00015794312036023772,0.0007716683596374642,0.03437969954159729,-7.741139074849761e-52,0.0,0.006154999999999999,False,False,True,NORMAL,1.0,False
3.569,-0.00015715429999155282,0.0008059342313475008,0.03415081615107813,-7.004472293144334e-52,0.0,0.006154999999999999,False,False,True,NORMAL,1.0,False
3.5700000000000003,-0.0001563313294179963,0.0008399675469088966,0.033914597798685824,-6.337908624433136e-52,0.0,0.006154999999999999,False,False,True,NORMAL,1.0,False
3.571,-0.00015547444485257834,0.0008737610032821046,0.03367110858690697,-5.734776875479919e-52,0.0,0.006154999999999999,False,False,True,NORMAL,1.0,False
3.572,-0.00015458388977904026,0.000907307362300776,0.033420414156832896,-5.189040701021577e-52,0.0,0.002340000000000002,False,True,True,NORMAL,1.0,False
3.573,-0.0001536599148862149,0.0009405994522018583,0.03316258167109557,-4.6952381899958686e-52,0.0,0.002340000000000002,False,False,True,NORMAL,1.0,False
3.5740000000000003,-0.00015270277800086542,0.0009736301691384728,0.03289767979648701,-4.248427200899694e-52,0.0,0.002340000000000002,False,False,True,NORMAL,1.0,False
3.575,-0.00015171274401901992,0.0010063924786752536,0.03262577868626661,-3.844135899175817e-52,0.0,0.002340000000000002,False,False,True,NORMAL,1.0,False
3.576,-0.00015069008483581977,0.0010388794172658403,0.03234694996216069,-3.478318001589588e-52,0.0,0.002340000000000002,False,False,True,NORMAL,1.0,False
3.577,-0.0001496350792738994,0.0010710840937122185,0.032061266696059035,-3.1473122796663213e-52,0.0,0.005185,False,True,True,NORMAL,1.0,False
3.5780000000000003,-0.00014854801301031584,0.0011029996906056062,0.03176880339141265,-2.847805916886144e-52,0.0,0.005185,False,False,True,NORMAL,1.0,False
3.579,-0.00014742917850204705,0.0011346194657485926,0.031469635964337696,-2.576801352902787e-52,0.0,0.005185,False,False,True,NORMAL,1.0,False
3.58,-0.0001462788749100772,0.0011659367535582328,0.031163841724430024,-2.331586282952125e-52,0.0,0.005185,False,False,True,NORMAL,1.0,False
3.581,-0.00014509740802208886,0.001196944966449817,0.030851499355295266,-2.109706512194461e-52,0.0,0.005185,False,False,True,NORMAL,1.0,False
3.5820000000000003,-0.0001438850901737809,0.0012276375962010286,0.030532688894799164,-1.9089413933076857e-52,0.0,0.004599999999999995,False,True,True,NORMAL,1.0,False
3.583,-0.00014264224016883242,0.0012580082152962144,0.03020749171504297,-1.7272816015024935e-52,0.0,0.004599999999999995,False,False,True,NORMAL,1.0,False
3.584,-0.00014136918319753223,0.0012880504782504952,0.029875990502069006,-1.5629090245245333e-52,0.0,0.004599999999999995,False,False,True,NORMAL,1.0,False
3.585,-0.0001400662507540946,0.001317758122913449,0.029538269235301114,-1.4141785663758789e-52,0.0,0.004599999999999995,False,False,True,NORMAL,1.0,False
3.586,-0.0001387337805526815,0.0013471249717521045,0.029194413166725185,-1.279601682641345e-52,0.0,0.004599999999999995,False,False,True,NORMAL,1.0,False
3.587,-0.00013737211644215247,0.0013761449331129866,0.028844508799814827,-1.1578314826356639e-52,0.0,0.005045000000000001,False,True,True,NORMAL,1.0,False
3.588,-0.00013598160831956282,0.0014048120024629629,0.028488643868207188,-1.047649249268801e-52,0.0,0.005045000000000001,False,False,True,NORMAL,1.0,False
3.589,-0.00013456261204243186,0.0014331202636086427,0.028126907314134204,-9.479522417156932e-53,0.0,0.005045000000000001,False,False,True,NORMAL,1.0,False
3.59,-0.00013311548933980246,0.0014610638898940882,0.02775938926661442,-8.577426588154276e-53,0.0,0.005045000000000001,False,False,True,NORMAL,1.0,False
3.591,-0.00013164060772211388,0.0014886371453765982,0.027386181019410726,-7.761176527418504e-53,0.0,0.005045000000000001,False,False,True,NORMAL,1.0,False
3.592,-0.0001301383403899098,0.0015158343859803369,0.0270073750087592,-7.022602929990654e-53,0.0,0.0050100000000000006,False,True,True,NORMAL,1.0,False
3.593,-0.00012860906614140408,0.0015426500606275768,0.02662306479087455,-6.354313903064508e-53,0.0,0.0050100000000000006,False,False,True,NORMAL,1.0,False
3.594,-0.00012705316927892634,0.0015690787123473402,0.026233345019237415,-5.74962098543889e-53,0.0,0.0050100000000000006,False,False,True,NORMAL,1.0,False
3.595,-0.00012547103951427043,0.0015951149793612192,0.025838311421669015,-5.202472207149894e-53,0.0,0.0050100000000000006,False,False,True,NORMAL,1.0,False
3.596,-0.00012386307187296848,0.0016207535961461675,0.025438060777198655,-4.707391519321349e-53,0.0,0.0050100000000000006,False,False,True,NORMAL,1.0,False
3.597,-0.0001222296665975139,0.0016459893944740578,0.025032690892729543,-4.259423988027103e-53,0.0,0.002774999999999999,False,True,True,NORMAL,1.0,False
3.598,-0.00012057122904955644,0.0016708173044278065,0.02462230057950849,-3.8540862036468734e-53,0.0,0.002774999999999999,False,False,True,NORMAL,1.0,False
3.599,-0.00011888816961109281,0.0016952323553938728,0.02420698962940507,-3.4873214093958503e-53,0.0,0.002774999999999999,False,False,True,NORMAL,1.0,False
3.6,-0.00011718090358467689,0.0017192296770309435,0.023786858791005887,-3.1554588999392646e-53,0.0,0.002774999999999999,False,False,True,NORMAL,1.0,False
3.601,-0.00011544985109267314,0.0017428045002146225,0.023362009745529523,-2.8551772837396335e-53,0.0,0.002774999999999999,False,False,True,NORMAL,1.0,False
3.602,-0.00011369543697557741,0.0017659521579579472,0.022932545082568,-2.583471241453894e-53,0.0,0.0027350000000000057,False,False,True,NORMAL,1.0,False
3.603,-0.00011191809068942936,0.0017886680863075633,0.022498568275660262,-2.3376214476872967e-53,0.0,0.0027350000000000057,False,False,True,NORMAL,1.0,False
3.604,-0.00011011824620234096,0.0018109478252153902,0.02206018365770363,-2.1151673550708552e-53,0.0,0.0027350000000000057,False,False,True,NORMAL,1.0,False
3.605,-0.00010829634189016571,0.0018327870193856196,0.021617496396208854,-1.9138825682762623e-53,0.0,0.0027350000000000057,False,False,True,NORMAL,1.0,False
3.606,-0.00010645282043133313,0.0018541814190968936,0.021170612468404612,-1.7317525615031242e-53,0.0,0.0027350000000000057,False,False,True,NORMAL,1.0,False
3.607,-0.00010458812870087368,0.001875126880999514,0.02071963863619731,-1.5669545164276462e-53,0.0,0.004655,False,True,True,NORMAL,1.0,False
3.608,-0.00010270271766365895,0.0018956193688875428,0.020264682420991952,-1.4178390788241769e-53,0.0,0.004655,False,False,True,NORMAL,1.0,False
3.609,-0.00010079704226688229,0.0019156549544456546,0.019805852078380034,-1.2829138512737515e-53,0.0,0.004655,False,False,True,NORMAL,1.0,False
3.61,-9.887156133180541e-05,0.001935229817970614,0.019343256572700297,-1.1608284567491104e-53,0.0,0.004655,False,False,True,NORMAL,1.0,False
3.611,-9.69267374447962e-05,0.001954340249067253,0.018877005551478265,-1.0503610235875325e-53,0.0,0.004655,False,False,True,NORMAL,1.0,False
3.612,-9.496303684768324e-05,0.001972982647318829,0.018407209319750484,-9.504059565885504e-54,0.0,-0.002770000000000001,False,True,True,NORMAL,1.0,False
3.613,-9.298092932745299e-05,0.0019911535229316514,0.017933978814279446,-8.599628718455802e-54,0.0,-0.002770000000000001,False,False,True,NORMAL,1.0,False
3.614,-9.098088810531515e-05,0.002008849497353872,0.0174574255776651,-7.781265845675436e-54,0.0,-0.002770000000000001,False,False,True,NORMAL,1.0,False
3.615,-8.896338972516227e-05,0.0020260673038683392,0.016977661732359,-7.040780496852359e-54,0.0,-0.002770000000000001,False,False,True,NORMAL,1.0,False
3.616,-8.692891394144942e-05,0.0020428037881594155,0.016494799954586997,-6.370761645729828e-54,0.0,-0.002770000000000001,False,False,True,NORMAL,1.0,False
3.617,-8.487794360652019e-05,0.0020590559088536787,0.016008953448186522,-5.764503518444697e-54,0.0,-0.00041500000000000304,False,True,True,NORMAL,1.0,False
3.618,-8.281096455740498e-05,0.0020748207380344194,0.01552023591836449,-5.215938479888704e-54,0.0,-0.00041500000000000304,False,False,True,NORMAL,1.0,False
3.619,-8.072846550211806e-05,0.0020900954617298576,0.015028761545381776,-4.7195763067769025e-54,0.0,-0.00041500000000000304,False,False,True,NORMAL,1.0,False
3.62,-7.863093790547943e-05,0.002104877380375011,0.014534644958170355,-4.270449239647702e-54,0.0,-0.00041500000000000304,False,False,True,NORMAL,1.0,False
3.621,-7.651887587448817e-05,0.002119163909247148,0.014038001207889117,-3.864062263856453e-54,0.0,-0.00041500000000000304,False,False,True,NORMAL,1.0,False
3.622,-7.439277604327344e-05,0.0021329525788747706,0.013538945741424368,-3.4963481219580575e-54,0.0,0.0009850000000000024,False,True,True,NORMAL,1.0,False
3.623,-7.22531374576498e-05,0.002146241035420071,0.013037594374841097,-3.163626607227405e-54,0.0,0.0009850000000000024,False,False,True,NORMAL,1.0,False
3.624,-7.010046145930338e-05,0.002159027041034817,0.012534063266791037,-2.862567730913508e-54,0.0,0.0009850000000000024,False,False,True,NORMAL,1.0,False
3.625,-6.793525156963548e-05,0.0021713084741896275,0.01202846889188354,-2.5901583945928338e-54,0.0,0.0009850000000000024,False,False,True,NORMAL,1.0,False
3.626,-6.575801337329011e-05,0.0021830833299766018,0.011520928014025369,-2.3436722340675456e-54,0.0,0.0009850000000000024,False,False,True,NORMAL,1.0,False
3.6270000000000002,-6.356925440139238e-05,0.002194349720385277,0.01101155765973537,-2.120642332996247e-54,0.0,-0.0017700000000000016,False,True,True,NORMAL,1.0,False
3.628,-6.136948401452414e-05,0.002205105874551889,0.010500475091440099,-1.9188365331660775e-54,0.0,-0.0017700000000000016,False,False,True,NORMAL,1.0,False
3.629,-5.9159213285463835e-05,0.0022153501389819215,0.00998779778075648,-1.7362350943030655e-54,0.0,-0.0017700000000000016,False,False,True,NORMAL,1.0,False
3.63,-5.693895488171708e-05,0.0022250809777459362,0.009473643381767441,-1.5710104798326064e-54,0.0,-0.0017700000000000016,False,False,True,NORMAL,1.0,False
3.6310000000000002,-5.470922294786482e-05,0.0022342969726486745,0.008958129704296573,-1.4215090662791696e-54,0.0,-0.0017700000000000016,False,False,True,NORMAL,1.0,False
3.632,-5.247053298775574e-05,0.0022429968233714376,0.008441374687187886,-1.2862345932467515e-54,0.0,-0.00016499999999999891,False,True,True,NORMAL,1.0,False
3.633,-5.022340174656962e-05,0.002251179347587752,0.007923496371596537,-1.1638331883419233e-54,0.0,-0.00016499999999999891,False,False,True,NORMAL,1.0,False
3.634,-4.796834709277844e-05,0.002258843481052331,0.007404612874296654,-1.0530798171638644e-54,0.0,-0.00016499999999999891,False,False,True,NORMAL,1.0,False
3.6350000000000002,-4.5705887900031795e-05,0.0022659882776633606,0.006884842361012115,-9.528660227483313e-55,0.0,-0.00016499999999999891,False,False,True,NORMAL,1.0,False
3.636,-4.3436543928993415e-05,0.0022726129094981216,0.006364303019776337,-8.62188831757794e-55,0.0,-0.00016499999999999891,False,False,True,NORMAL,1.0,False
3.637,-4.116083570915533e-05,0.002278716666821997,0.005843113034326955,-7.801407163871626e-55,0.0,-0.0018550000000000007,False,True,True,NORMAL,1.0,False
3.638,-3.887928442065638e-05,0.002284298958070889,0.005321390557541352,-7.05900511520484e-55,0.0,-0.0018550000000000007,False,False,True,NORMAL,1.0,False
3.6390000000000002,-3.659241177613149e-05,0.0022893593098070953,0.004799253684918942,-6.3872519623445786e-55,0.0,-0.0018550000000000007,False,False,True,NORMAL,1.0,False
3.64,-3.430073990261843e-05,0.0022938973666486954,0.004276820428116103,-5.779424573952984e-55,0.0,-0.0018550000000000007,False,False,True,NORMAL,1.0,False
3.641,-3.200479122354834e-05,0.002297912891172498,0.003754208688539629,-5.2294396092291935e-55,0.0,-0.0018550000000000007,False,False,True,NORMAL,1.0,False
3.642,-2.970508834084651e-05,0.0023014057637906144,0.003231536231004544,-4.731792633789921e-55,0.0,-0.0012449999999999996,False,True,True,NORMAL,1.0,False
3.6430000000000002,-2.740215391716977e-05,0.002304375982600726,0.0027089206574621096,-4.281503029440045e-55,0.0,-0.0012449999999999996,False,False,True,NORMAL,1.0,False
3.644,-2.5096510558306707e-05,0.002306823663210115,0.002186479380803837,-3.874064146471669e-55,0.0,-0.0012449999999999996,False,False,True,NORMAL,1.0,False
3.645,-2.278868069576696e-05,0.0023087490385335398,0.0016643295987472564,-3.505398199599108e-55,0.0,-0.0012449999999999996,False,False,True,NORMAL,1.0,False
3.646,-2.0479186469585668e-05,0.0023101524585650425,0.001142588267809211,-3.171815456113158e-55,0.0,-0.0012449999999999996,False,False,True,NORMAL,1.0,False
3.6470000000000002,-1.816854961136911e-05,0.0023110343901237714,0.0006213720773723925,-2.8699773077959793e-55,0.0,-0.0035199999999999997,False,False,True,NORMAL,1.0,False
3.648,-1.5857291327607492e-05,0.0023113954165739216,0.00010079742385080354,-2.5968628570079083e-55,0.0,-0.0035199999999999997,False,False,True,NORMAL,1.0,False
3.649,-1.354593218328065e-05,0.002311236237518892,-0.000419019615040192,-2.349738682528521e-55,0.0,-0.0035199999999999997,False,False,True,NORMAL,1.0,False
3.65,-1.1234991985782496e-05,0.002310557668469769,-0.0009379633059035917,-2.1261314825583243e-55,0.0,-0.0035199999999999997,False,False,True,NORMAL,1.0,False
3.6510000000000002,-8.92498966918973e-06,0.002309360640488245,-0.0014559182851646782,-1.9238033210830407e-55,0.0,-0.0035199999999999997,False,False,True,NORMAL,1.0,False
3.652,-6.616443178900389e-06,0.002307646199804093,-0.0019727695844535516,-1.7407292298577826e-55,0.0,0.00056,False,True,True,NORMAL,1.0,False
3.653,-4.3098693566675766e-06,0.002305415507407327,-0.002488402655860786,-1.5750769418442403e-55,0.0,0.00056,False,False,True,NORMAL,1.0,False
3.654,-2.0057838260536514e-06,0.0023026698386151654,-0.0030027033970606767,-1.4251885532663176e-55,0.0,0.00056,False,False,True,NORMAL,1.0,False
3.6550000000000002,2.952991216700209e-07,0.0022994105826139436,-0.00351555817629667,-1.2895639307518994e-55,0.0,0.00056,False,False,True,NORMAL,1.0,False
3.656,2.5928666411527474e-06,0.002295639241976113,-0.004026853857223537,-1.1668456974938516e-55,0.0,0.00056,False,False,True,NORMAL,1.0,False
3.657,4.8864074460988035e-06,0.0022913574321524683,-0.004536477823600933,-1.0558056481667049e-55,0.0,-0.0032899999999999995,False,True,True,NORMAL,1.0,False
3.658,7.17541192188162e-06,0.002286566880939761,-0.005044318003833006,-9.553324566349439e-56,0.0,-0.0032899999999999995,False,False,True,NORMAL,1.0,False
3.6590000000000003,9.459372237613353e-06,0.0022812694279238507,-0.00555026289534878,-8.64420553427513e-56,0.0,-0.0032899999999999995,False,False,True,NORMAL,1.0,False
3.66,1.1737782457645436e-05,0.0022754670238985587,-0.0060542015888180615,-7.82160061660566e-56,0.0,-0.0032899999999999995,False,False,True,NORMAL,1.0,False
3.661,1.40101386524759e-05,0.00226916173026039,-0.006556023792197662,-7.077276906837935e-56,0.0,-0.0032899999999999995,False,False,True,NORMAL,1.0,False
3.662,1.627593900903944e-05,0.0022623557183792946,-0.007055619854602816,-6.403784963108759e-56,0.0,-0.0013049999999999997,False,True,True,NORMAL,1.0,False
3.6630000000000003,1.8534683940356304e-05,0.0022550512689456493,-0.007552880789998641,-5.794384251676832e-56,0.0,-0.0013049999999999997,False,False,True,NORMAL,1.0,False
3.664,2.0785876194516398e-05,0.0022472507712936384,-0.008047698300706648,-5.24297568539549e-56,0.0,-0.0013049999999999997,False,False,True,NORMAL,1.0,False
3.665,2.3029020962974997e-05,0.002238956722701224,-0.00853996480072121,-4.74404058199857e-56,0.0,-0.0013049999999999997,False,False,True,NORMAL,1.0,False
3.666,2.5263625988136837e-05,0.0022301717276668937,-0.009029573438831128,-4.292585431273397e-56,0.0,-0.0013049999999999997,False,False,True,NORMAL,1.0,False
3.6670000000000003,2.7489201670205404e-05,0.002220898497163392,-0.009516418121541304,-3.884091918332196e-56,0.0,-0.00258,False,True,True,NORMAL,1.0,False
3.668,2.9705261173274554e-05,0.002211139847868624,-0.010000393535789711,-3.5144717027980413e-56,0.0,-0.00258,False,False,True,NORMAL,1.0,False
3.669,3.1911320530639675e-05,0.0022008987013739543,-0.010481395171454857,-3.180025501320222e-56,0.0,-0.00258,False,False,True,NORMAL,1.0,False
3.67,3.410689874930598e-05,0.0021901780833701013,-0.010959319343648997,-2.8774060639030975e-56,0.0,-0.00258,False,False,True,NORMAL,1.0,False
3.6710000000000003,3.6291517913671526e-05,0.002178981122810847,-0.011434063214792362,-2.603584673503092e-56,0.0,-0.00258,False,False,True,NORMAL,1.0,False
3.672,3.8464703288362995e-05,0.002167311051054785,-0.01190552481646385,-2.3558208336105344e-56,0.0,-0.005095,False,True,True,NORMAL,1.0,False
3.673,4.06259834202023e-05,0.0021551712009853317,-0.012373603071023512,-2.131634840439478e-56,0.0,-0.005095,False,False,True,NORMAL,1.0,False
3.674,4.2774890239282446e-05,0.0021425650061092307,-0.012838197813002397,-1.9287829652187517e-56,0.0,-0.005095,False,False,True,NORMAL,1.0,False
3.6750000000000003,4.4910959159131245e-05,0.0021294959996337854,-0.013299209810255208,-1.7452349982002773e-56,0.0,-0.005095,False,False,True,NORMAL,1.0,False
3.676,4.7033729175941695e-05,0.0021159678135230595,-0.013756540784871471,-1.5791539296375314e-56,0.0,-0.005095,False,False,True,NORMAL,1.0,False
3.677,4.91427429668482e-05,0.002101984177533289,-0.01421009343384078,-1.4288775643745633e-56,0.0,-0.0037649999999999993,False,True,True,NORMAL,1.0,False
3.678,5.123754698722785e-05,0.0020875489182277536,-0.014659771449467895,-1.2929018860381902e-56,0.0,-0.0037649999999999993,False,False,True,NORMAL,1.0,False
3.6790000000000003,5.331769156700646e-05,0.0020726659579713585,-0.01510547953953349,-1.1698660043366184e-56,0.0,-0.0037649999999999993,False,False,True,NORMAL,1.0,False
3.68,5.538273100594911e-05,0.002057339313905188,-0.015547123447196332,-1.0585385348119904e-56,0.0,-0.0037649999999999993,False,False,True,NORMAL,1.0,False
3.681,5.743222366791537e-05,0.0020415730969012835,-0.015984609970632883,-9.57805274730849e-57,0.0,-0.0037649999999999993,False,False,True,NORMAL,1.0,False
3.682,5.9465732074059475e-05,0.0020253715104979184,-0.01641784698241026,-8.666580517686842e-57,0.0,-0.006039999999999999,False,True,True,NORMAL,1.0,False
3.6830000000000003,6.148282299495622e-05,0.0020087388498156327,-0.016846743448588598,-7.841846338824512e-57,0.0,-0.006039999999999999,False,False,True,NORMAL,1.0,False
3.684,6.348306754163329e-05,0.001991679500454303,-0.017271209447548945,-7.095595993856713e-57,0.0,-0.006039999999999999,False,False,True,NORMAL,1.0,False
3.685,6.546604125549132e-05,0.001974197937371524,-0.017691156188542834,-6.420360758507607e-57,0.0,-0.006039999999999999,False,False,True,NORMAL,1.0,False
3.686,6.743132419709317e-05,0.0019562987237425806,-0.018106496029959833,-5.809382651587418e-57,0.0,-0.006039999999999999,False,False,True,NORMAL,1.0,False
3.6870000000000003,6.9378501033804e-05,0.0019379865098022935,-0.018517142497309343,-5.256546798845256e-57,0.0,-0.0030599999999999985,False,True,True,NORMAL,1.0,False
3.688,7.130716112626431e-05,0.001919266031669031,-0.018923010300913014,-4.756320233252329e-57,0.0,-0.0030599999999999985,False,False,True,NORMAL,1.0,False
3.689,7.321689861367814e-05,0.0019001421101511715,-0.019324015353304337,-4.30369651920823e-57,0.0,-0.0030599999999999985,False,False,True,NORMAL,1.0,False
3.69,7.510731249789912e-05,0.0018806196495363143,-0.019720074786331775,-3.8941456464507214e-57,0.0,-0.0030599999999999985,False,False,True,NORMAL,1.0,False
3.6910000000000003,7.697800672629727e-05,0.00186070363636354,-0.020111106967962197,-3.523568692190443e-57,0.0,-0.0030599999999999985,False,False,True,NORMAL,1.0,False
3.692,7.882859027338957e-05,0.0018403991381790144,-0.020497031518781177,-3.1882567977139434e-57,0.0,-0.002375000000000001,False,True,True,NORMAL,1.0,False
3.693,8.065867722121808e-05,0.0018197113022752481,-0.02087776932818694,-2.884854048879081e-57,0.0,-0.002375000000000001,False,False,True,NORMAL,1.0,False
3.694,8.246788683845922e-05,0.001798645354414316,-0.021253242570274798,-2.6103238889983314e-57,0.0,-0.002375000000000001,False,False,True,NORMAL,1.0,False
3.6950000000000003,8.425584365824835e-05,0.0017772065975353475,-0.0216233747194089,-2.3619187279588348e-57,0.0,-0.002375000000000001,False,False,True,NORMAL,1.0,False
3.696,8.602217755470419e-05,0.0017554004104466036,-0.021988090565478347,-2.13715244341705e-57,0.0,-0.002375000000000001,False,False,True,NORMAL,1.0,False
3.697,8.776652381813759e-05,0.0017332322465024564,-0.02234731622883464,-1.9337754988507256e-57,0.0,-0.005709999999999999,False,True,True,NORMAL,1.0,False
3.698,8.948852322893005e-05,0.0017107076322655913,-0.022700979174907647,-1.74975242944129e-57,0.0,-0.005709999999999999,False,False,True,NORMAL,1.0,False
3.6990000000000003,9.118782213006706e-05,0.001687832166154757,-0.023049008228497227,-1.5832414704578045e-57,0.0,-0.005709999999999999,False,False,True,NORMAL,1.0,False
3.7,9.286407249831215e-05,0.0016646115170783848,-0.02339133358773781,-1.4325761242564957e-57,0.0,-0.005709999999999999,False,False,True,NORMAL,1.0,False
3.701,9.451693201400758e-05,0.001641051423054409,-0.02372788683773332,-1.2962484814122095e-57,0.0,-0.005709999999999999,False,False,True,NORMAL,1.0,False
3.702,9.61460641294882e-05,0.0016171576898166185,-0.024058600963859773,-1.1728941290540572e-57,0.0,-0.005889999999999998,False,True,True,NORMAL,1.0,False
3.7030000000000003,9.775113813609494e-05,0.0015929361894078732,-0.02438341036473317,-1.0612784953628086e-57,0.0,-0.005889999999999998,False,False,True,NORMAL,1.0,False
3.704,9.933182922977512e-05,0.0015683928587605198,-0.024702250864840184,-9.602844935611717e-58,0.0,-0.005889999999999998,False,False,True,NORMAL,1.0,False
3.705,0.00010088781857525703,0.0015435336982643477,-0.025015059726829356,-8.689013417338596e-58,0.0,-0.005889999999999998,False,False,True,NORMAL,1.0,False
3.706,0.00010241879336878618,0.0015183647703224234,-0.025321775663460524,-7.862144465824465e-58,0.0,-0.005889999999999998,False,False,True,NORMAL,1.0,False
3.7070000000000003,0.00010392444689941163,0.0014928921978951475,-0.025622338849210335,-7.113962498682317e-58,0.0,-0.004384999999999999,False,True,True,NORMAL,1.0,False
3.708,0.00010540447860881059,0.0014671221630328806,-0.0259166909315317,-6.43697945931235e-58,0.0,-0.004384999999999999,False,False,True,NORMAL,1.0,False
3.709,0.00010685859414964002,0.0014410609053974802,-0.026204775041765223,-5.8244198739146936e-58,0.0,-0.004384999999999999,False,False,True,NORMAL,1.0,False
3.71,0.00010828650544240441,0.0014147147207731047,-0.02648653580570065,-5.2701530402703005e-58,0.0,-0.004384999999999999,False,False,True,NORMAL,1.0,False
3.7110000000000003,0.00010968793073082918,0.0013880899595666292,-0.026761919353786513,-4.768631669612541e-58,0.0,-0.004384999999999999,False,False,True,NORMAL,1.0,False
3.712,0.00011106259463572936,0.0013611930252980296,-0.02703087333098615,-4.314836367496718e-58,0.0,-0.006485000000000001,False,True,True,NORMAL,1.0,False
3.713,0.00011241022820736384,0.0013340303730810877,-0.027293346906278493,-3.9042253980133886e-58,0.0,-0.006485000000000001,False,False,True,NORMAL,1.0,False
3.714,0.0001137305689762657,0.001306608508094773,-0.027549290781801943,-3.532689228568851e-58,0.0,-0.006485000000000001,False,False,True,NORMAL,1.0,False
3.715,0.00011502336100253925,0.001278933984045662,-0.027798657201639824,-3.1965094003016846e-58,0.0,-0.006485000000000001,False,False,True,NORMAL,1.0,False
3.716,0.00011628835492361529,0.0012510134016217491,-0.02804139996024606,-2.8923213124966496e-58,0.0,-0.006485000000000001,False,False,True,NORMAL,1.0,False
3.717,0.00011752530800045596,0.0012228534069380148,-0.028277474410509613,-2.617080548529846e-58,0.0,-0.0030550000000000013,False,True,True,NORMAL,1.0,False
3.718,0.00011873398416220125,0.0011944606899741087,-0.028506837471456447,-2.3680324063238787e-58,0.0,-0.0030550000000000013,False,False,True,NORMAL,1.0,False
3.719,0.00011991415404924931,0.0011658419830045126,-0.028729447635587862,-2.1426843283635785e-58,0.0,-0.0030550000000000013,False,False,True,NORMAL,1.0,False
3.72,0.00012106559505476342,0.0011370040590215488,-0.02894526497585409,-1.9387809553426144e-58,0.0,-0.0030550000000000013,False,False,True,NORMAL,1.0,False
3.721,0.00012218809136459844,0.0011079537301515964,-0.029154251152262042,-1.754281553769502e-58,0.0,-0.0030550000000000013,False,False,True,NORMAL,1.0,False
3.722,0.0001232814339956403,0.0010786978460648833,-0.029356369418116392,-1.5873395916209075e-58,0.0,-0.008759999999999997,False,True,True,NORMAL,1.0,False
3.723,0.00012434542083255225,0.0010492432923792216,-0.029551584625893093,-1.4362842576285164e-58,0.0,-0.008759999999999997,False,False,True,NORMAL,1.0,False
3.724,0.00012537985666292184,0.001019596989058052,-0.029739863232744496,-1.2996037392382816e-58,0.0,-0.008759999999999997,False,False,True,NORMAL,1.0,False
3.725,0.00012638455321080342,0.00098976588880317,-0.029921173305635523,-1.1759300918822451e-58,0.0,-0.008759999999999997,False,False,True,NORMAL,1.0,False
3.726,0.00012735932916865074,0.0009597569754424978,-0.030095484526110165,-1.0640255481295194e-58,0.0,-0.008759999999999997,False,False,True,NORMAL,1.0,False
3.727,0.00012830401022763502,0.000929577262313277,-0.030262768194687796,-9.627701296938108e-59,0.0,-0.004750000000000002,False,True,True,NORMAL,1.0,False
3.728,0.00012921842910634416,0.0008992337906410493,-0.030422997234889008,-8.711504383142937e-59,0.0,-0.004750000000000002,False,False,True,NORMAL,1.0,False
3.729,0.00013010242557785884,0.0008687336279147969,-0.03057614619689043,-7.882495133252e-59,0.0,-0.004750000000000002,False,False,True,NORMAL,1.0,False
3.73,0.00013095584649520212,0.0008380838662586137,-0.0307221912608084,-7.132376544052756e-59,0.0,-0.004750000000000002,False,False,True,NORMAL,1.0,False
3.731,0.00013177854581515906,0.0008072916208002783,-0.030861110239611207,-6.453641176580936e-59,0.0,-0.004750000000000002,False,False,True,NORMAL,1.0,False
3.732,0.00013257038462046353,0.0007763640280371012,-0.030992882581659945,-5.839496019148046e-59,0.0,-0.0050950000000000014,False,True,True,NORMAL,1.0,False
3.733,0.0001333312311403497,0.0007453082441994157,-0.03111748937287781,-5.283794500597182e-59,0.0,-0.0050950000000000014,False,False,True,NORMAL,1.0,False
3.734,0.00013406096076946597,0.0007141314436120865,-0.031234913338547974,-4.780974973352956e-59,0.0,-0.0050950000000000014,False,False,True,NORMAL,1.0,False
3.735,0.0001347594560851495,0.0006828408170544052,-0.031345138844740245,-4.326005050583229e-59,0.0,-0.0050950000000000014,False,False,True,NORMAL,1.0,False
3.736,0.00013542660686306012,0.0006514435701187451,-0.031448151899366644,-3.9143312403802493e-59,0.0,-0.0050950000000000014,False,False,True,NORMAL,1.0,False
3.737,0.00013606231009117236,0.0006199469215683452,-0.031543940152866295,-3.5418333728831595e-59,0.0,-0.006575000000000001,False,True,True,NORMAL,1.0,False
3.738,0.00013666646998212494,0.0005883581016945958,-0.03163249289852001,-3.204783364233192e-59,0.0,-0.006575000000000001,False,False,True,NORMAL,1.0,False
3.739,0.00013723899798392754,0.0005566843506741927,-0.031713801072394986,-2.8998079046573572e-59,0.0,-0.006575000000000001,False,False,True,NORMAL,1.0,False
3.74,0.00013777981278902473,0.0005249329169265333,-0.03178785725292036,-2.623854697250429e-59,0.0,-0.006575000000000001,False,False,True,NORMAL,1.0,False
3.741,0.00013828884034171765,0.0004931110554717197,-0.03185465566009405,-2.3741619095616023e-59,0.0,-0.006575000000000001,False,False,True,NORMAL,1.0,False
3.742,0.00013876601384394405,0.0004612260262895404,-0.03191419215432172,-2.1482305322470436e-59,0.0,-0.003554999999999996,False,True,True,NORMAL,1.0,False
3.743,0.00013921127375941808,0.0004292850926797955,-0.03196646423488876,-1.94379936814443e-59,0.0,-0.003554999999999996,False,False,True,NORMAL,1.0,False
3.744,0.00013962456781613109,0.0003972955196243341,-0.032011471038065994,-1.7588224014517355e-59,0.0,-0.003554999999999996,False,False,True,NORMAL,1.0,False
3.745,0.00014000585100721558,0.00036526457215116793,-0.03204921333485026,-1.5914483205133943e-59,0.0,-0.003554999999999996,False,False,True,NORMAL,1.0,False
3.746,0.0001403550855901745,0.000333199513701027,-0.0320796935283408,-1.4400019892710037e-59,0.0,-0.003554999999999996,False,False,True,NORMAL,1.0,False
3.747,0.00014067224108447825,0.0003011076044967201,-0.032102915650752684,-1.3029676819386204e-59,0.0,-0.0053399999999999975,False,True,True,NORMAL,1.0,False
3.748,0.00014095729426753285,0.0002689960999156632,-0.032118885360068385,-1.1789739131096405e-59,0.0,-0.0053399999999999975,False,False,True,NORMAL,1.0,False
3.749,0.00014121022916902223,0.00023687224886593657,-0.032127609936328905,-1.0667797114698788e-59,0.0,-0.0053399999999999975,False,False,True,NORMAL,1.0,False
3.75,0.00014143103706362856,0.00020474329216623016,-0.03212909827756577,-9.652621997395511e-60,0.0,-0.0053399999999999975,False,False,True,NORMAL,1.0,False
3.751,0.00014161971646213452,0.00017261646093003644,-0.03212336089537532,-8.734053565400461e-60,0.0,-0.0053399999999999975,False,False,True,NORMAL,1.0,False
3.7520000000000002,0.00014177627310091217,0.00014049897495444673,-0.03211040991013691,-7.90289847710472e-60,0.0,-0.0051700000000000045,False,False,True,NORMAL,1.0,False
3.753,0.00014190071992980298,0.00010839804111390693,-0.03209025904587653,-7.150838253023751e-60,0.0,-0.0051700000000000045,False,False,True,NORMAL,1.0,False
3.754,0.00014199307709839425,7.632085175928612e-05,-0.03206292362477763,-6.470346021658783e-60,0.0,-0.0051700000000000045,False,False,True,NORMAL,1.0,False
3.755,0.00014205337194069737,4.427458312261016e-05,-0.03202842056134083,-5.854611188036976e-60,0.0,-0.0051700000000000045,False,False,True,NORMAL,1.0,False
3.7560000000000002,0.000142081638958234,1.2266393727810142e-05,-0.031986768356194364,-5.297471270987819e-60,0.0,-0.0051700000000000045,False,False,True,NORMAL,1.0,False
3.757,0.00014207791980153572,-1.969657719216562e-05,-0.031937987089557286,-4.7933502269602906e-60,0.0,-0.00469,False,False,True,NORMAL,1.0,False
3.758,0.00014204226325006464,-5.160721127152999e-05,-0.03188209841435725,-4.33720264310483e-60,0.0,-0.00469,False,False,True,NORMAL,1.0,False
3.759,0.00014197472519056096,-8.34584125807814e-05,-0.031819125549005046,-3.9244632410857136e-60,0.0,-0.00469,False,False,True,NORMAL,1.0,False
3.7600000000000002,0.00014187536859382516,-0.00011524310918843204,-0.03174909326982801,-3.5510011862410304e-60,0.0,-0.00469,False,False,True,NORMAL,1.0,False
3.761,0.0001417442634899424,-0.00014695425471499977,-0.031672027903164535,-3.2130787448009633e-60,0.0,-0.00469,False,False,True,NORMAL,1.0,False
3.762,0.0001415814869419568,-0.00017858482987892613,-0.03158795731712189,-2.907313875391925e-60,0.0,-0.00469,False,True,True,NORMAL,1.0,False
3.763,0.00014138712301800416,-0.00021012784403408468,-0.031496910912999804,-2.630646380429749e-60,0.0,-0.00469,False,False,True,NORMAL,1.0,False
3.7640000000000002,0.00014116126276191124,-0.00024157633669854688,-0.031398919616382207,-2.3803072786336964e-60,0.0,-0.00469,False,False,True,NORMAL,1.0,False
3.765,0.00014090400416227108,-0.0002729233790742749,-0.03129401586789958,-2.153791092131115e-60,0.0,-0.00469,False,False,True,NORMAL,1.0,False
3.766,0.00014061545212000313,-0.00030416207555741294,-0.03118223361366458,-1.9488307707927675e-60,0.0,-0.00469,False,False,True,NORMAL,1.0,False
3.767,0.00014029571841440796,-0.0003352855652388522,-0.031063608295383512,-1.7633750028331566e-60,0.0,-0.0019400000000000008,False,True,True,NORMAL,1.0,False
3.7680000000000002,0.00013994492166772635,-0.00036628702339474607,-0.03093817684014631,-1.595567684592706e-60,0.0,-0.0019400000000000008,False,False,True,NORMAL,1.0,False
3.769,0.00013956318730821318,-0.0003971596629666561,-0.030805977649897977,-1.4437293440284783e-60,0.0,-0.0019400000000000008,False,False,True,NORMAL,1.0,False
3.77,0.00013915064753173626,-0.0004278967360310108,-0.03066705059059414,-1.3063403319934778e-60,0.0,-0.0019400000000000008,False,False,True,NORMAL,1.0,False
3.771,0.00013870744126191146,-0.0004584915352575637,-0.03052143698104373,-1.1820256130772166e-60,0.0,-0.0019400000000000008,False,False,True,NORMAL,1.0,False
3.7720000000000002,0.00013823371410878475,-0.0004889373953565387,-0.03036917958144176,-1.0695410037891608e-60,0.0,-0.007364999999999999,False,True,True,NORMAL,1.0,False
3.773,0.00013772961832607297,-0.0005192276945141546,-0.030210322581595183,-9.677607203521726e-61,0.0,-0.007364999999999999,False,False,True,NORMAL,1.0,False
3.774,0.00013719531276697514,-0.0005493558558162231,-0.030044911588845074,-8.756661114800801e-61,0.0,-0.007364999999999999,False,False,True,NORMAL,1.0,False
3.775,0.000136630962838566,-0.000579315348659519,-0.029872993615688077,-7.923354633732244e-61,0.0,-0.007364999999999999,False,False,True,NORMAL,1.0,False
3.7760000000000002,0.00013603674045478472,-0.0006090996901506219,-0.029694617067100627,-7.169347748969539e-61,0.0,-0.007364999999999999,False,False,True,NORMAL,1.0,False
3.777,0.0001354128239880309,-0.000638702446491936,-0.029509831727569047,-6.487094106179515e-61,0.0,-0.0066499999999999945,False,True,True,NORMAL,1.0,False
3.778,0.00013475939821938122,-0.0006681172343545933,-0.029318688747828885,-5.8697654815917636e-61,0.0,-0.0066499999999999945,False,False,True,NORMAL,1.0,False
3.779,0.00013407665428743986,-0.000697337722237953,-0.02912124063131704,-5.311183442840092e-61,0.0,-0.0066499999999999945,False,False,True,NORMAL,1.0,False
3.7800000000000002,0.00013336478963583618,-0.0007263576318154102,-0.02891754122034003,-4.805757513134767e-61,0.0,-0.0066499999999999945,False,False,True,NORMAL,1.0,False
3.781,0.0001326240079593836,-0.0007551707392662331,-0.02870764568196196,-4.348429219891776e-61,0.0,-0.0066499999999999945,False,False,True,NORMAL,1.0,False
3.782,0.0001318545191489138,-0.0007837708765931487,-0.028491610493615878,-3.934621467838996e-61,0.0,-0.006070000000000004,False,True,True,NORMAL,1.0,False
3.783,0.0001310565392348003,-0.0008121519329254038,-0.028269493428441962,-3.560192729908294e-61,0.0,-0.006070000000000004,False,False,True,NORMAL,1.0,False
3.7840000000000003,0.00013023029032918688,-0.0008403078558070287,-0.028041353540356508,-3.221395597440615e-61,0.0,-0.006070000000000004,False,False,True,NORMAL,1.0,False
3.785,0.00012937600056693463,-0.0008682326524700373,-0.027807251148855232,-2.9148392748605732e-61,0.0,-0.006070000000000004,False,False,True,NORMAL,1.0,False
3.786,0.00012849390404530395,-0.0008959203910922983,-0.027567247823554943,-2.6374556434546497e-61,0.0,-0.006070000000000004,False,False,True,NORMAL,1.0,False
3.787,0.00012758424076238613,-0.0009233652020398202,-0.02732140636847715,-2.3864685546078755e-61,0.0,-0.0031849999999999977,False,True,True,NORMAL,1.0,False
3.7880000000000003,0.00012664725655430072,-0.0009505612790931914,-0.027069790806077878,-2.1593660451753983e-61,0.0,-0.0031849999999999977,False,False,True,NORMAL,1.0,False
3.789,0.0001256832030311744,-0.0009775028806579256,-0.02681246636102735,-1.9538751969110285e-61,0.0,-0.0031849999999999977,False,False,True,NORMAL,1.0,False
3.79,0.00012469233751191764,-0.0010041843309584627,-0.02654949944374378,-1.767939388337477e-61,0.0,-0.0031849999999999977,False,False,True,NORMAL,1.0,False
3.791,0.00012367492295781577,-0.0010306000212155831,-0.026280957633685174,-1.5996977113873562e-61,0.0,-0.0031849999999999977,False,False,True,NORMAL,1.0,False
3.7920000000000003,0.00012263122790495088,-0.0010567444108069942,-0.026006909662403453,-1.447466346809769e-61,0.0,-0.0015650000000000022,False,True,True,NORMAL,1.0,False
3.793,0.00012156152639547167,-0.0010826120284108537,-0.025727425396364842,-1.309721711941294e-61,0.0,-0.0015650000000000022,False,False,True,NORMAL,1.0,False
3.794,0.00012046609790772848,-0.0011081974731319982,-0.02544257581954091,-1.1850852121785973e-61,0.0,-0.0015650000000000022,False,False,True,NORMAL,1.0,False
3.795,0.0001193452272852908,-0.0011334954156106503,-0.02515243301577445,-1.0723094435402792e-61,0.0,-0.0015650000000000022,False,False,True,NORMAL,1.0,False
3.7960000000000003,0.00011819920466486483,-0.0011585005991133805,-0.024857070150924514,-9.702657082285628e-62,0.0,-0.0015650000000000022,False,False,True,NORMAL,1.0,False
3.797,0.00011702832540312927,-0.0011832078406061055,-0.024556561454794925,-8.779327182423644e-62,0.0,-0.002795000000000001,False,True,True,NORMAL,1.0,False
3.798,0.00011583289000250687,-0.0012076120318089089,-0.02425098220285068,-7.943863739837125e-62,0.0,-0.002795000000000001,False,False,True,NORMAL,1.0,False
3.799,0.00011461320403589066,-0.0012317081402324736,-0.02394040869772669,-7.187905155583706e-62,0.0,-0.002795000000000001,False,False,True,NORMAL,1.0,False
3.8000000000000003,0.00011336957807034278,-0.0012554912101959213,-0.023624918250533245,-6.503885542065722e-62,0.0,-0.002795000000000001,False,False,True,NORMAL,1.0,False
3.801,0.00011210232758978496,-0.0012789563638258574,-0.02330458916196283,-5.8849590010841545e-62,0.0,-0.002795000000000001,False,False,True,NORMAL,1.0,False
3.802,0.00011081177291669945,-0.0013020988020364262,-0.02297950070320274,-5.324931107788466e-62,0.0,-0.004784999999999994,False,True,True,NORMAL,1.0,False
3.803,0.0001094982391328594,-0.001324913805490182,-0.02264973309665809,-4.818196914790677e-62,0.0,-0.004784999999999994,False,False,True,NORMAL,1.0,False
3.8040000000000003,0.0001081620559991081,-0.0013473967355395915,-0.022315367496489935,-4.359684855968022e-62,0.0,-0.004784999999999994,False,False,True,NORMAL,1.0,False
3.805,0.00010680355787420645,-0.001369543035148984,-0.021976485968972975,-3.944805988524579e-62,0.0,-0.004784999999999994,False,False,True,NORMAL,1.0,False
3.806,0.00010542308363276835,-0.0013913482297967694,-0.021633171472677723,-3.569408065309371e-62,0.0,-0.004784999999999994,False,False,True,NORMAL,1.0,False
3.807,0.00010402097658230376,-0.0014128079283577547,-0.021285507838481717,-3.229733977731261e-62,0.0,-0.0026550000000000037,False,True,True,NORMAL,1.0,False
3.8080000000000003,0.00010259758437938954,-0.0014339178239653866,-0.020933579749414566,-2.922384153353363e-62,0.0,-0.0026550000000000037,False,False,True,NORMAL,1.0,False
3.809,0.0001011532589449881,-0.0014546736948537592,-0.020577472720341685,-2.6442825318294606e-62,0.0,-0.0026550000000000037,False,False,True,NORMAL,1.0,False
3.81,9.968835637893423e-05,-0.0014750714051792258,-0.02021727307749136,-2.392645778658159e-62,0.0,-0.0026550000000000037,False,False,True,NORMAL,1.0,False
3.811,9.820323687361059e-05,-0.0014951069058214616,-0.01985306793783019,-2.1649554286356865e-62,0.0,-0.0026550000000000037,False,False,True,NORMAL,1.0,False
3.8120000000000003,9.669826462683252e-05,-0.0015147762351638292,-0.019484945188291573,-1.9589326802096484e-62,0.0,-0.00272,False,True,True,NORMAL,1.0,False
3.813,9.517380775396276e-05,-0.0015340755198528996,-0.019112993464862272,-1.7725155884671603e-62,0.0,-0.00272,False,False,True,NORMAL,1.0,False
3.814,9.363023819927733e-05,-0.0015530009755369918,-0.018737302131531908,-1.6038384284971147e-62,0.0,-0.00272,False,False,True,NORMAL,1.0,False
3.815,9.206793164660319e-05,-0.001571548907583595,-0.018357961259110326,-1.4512130225881802e-62,0.0,-0.00272,False,False,True,NORMAL,1.0,False
3.8160000000000003,9.048726742924931e-05,-0.0015897157117755443,-0.017975061603917777,-1.3131118443788495e-62,0.0,-0.00272,False,False,True,NORMAL,1.0,False
3.817,8.888862843925206e-05,-0.0016074978749858256,-0.017588694586352975,-1.188152730860195e-62,0.0,-0.0036450000000000007,False,True,True,NORMAL,1.0,False
3.818,8.727240103595665e-05,-0.0016248919758308882,-0.017198952269343915,-1.0750850492239131e-62,0.0,-0.0036450000000000007,False,False,True,NORMAL,1.0,False
3.819,8.563897495395598e-05,-0.0016418946853023531,-0.016805927336686566,-9.72777180108828e-63,0.0,-0.0036450000000000007,False,False,True,NORMAL,1.0,False
3.8200000000000003,8.398874321040868e-05,-0.0016585027673770055,-0.016409713071276446,-8.802051919739735e-63,0.0,-0.0036450000000000007,False,False,True,NORMAL,1.0,False
3.821,8.232210201175804e-05,-0.0016747130796049673,-0.016010403333238107,-7.964425932475763e-63,0.0,-0.0036450000000000007,False,False,True,NORMAL,1.0,False
3.822,8.063945065987367e-05,-0.00169052257367595,-0.015608092537957653,-7.206510596880009e-63,0.0,-0.0022349999999999974,False,True,True,NORMAL,1.0,False
3.823,7.894119145763803e-05,-0.0017059282959634942,-0.015202875634023316,-6.520720441529688e-63,0.0,-0.0022349999999999974,False,False,True,NORMAL,1.0,False
3.8240000000000003,7.722772961399961e-05,-0.0017209273880471059,-0.014794848081079255,-5.900191848048025e-63,0.0,-0.0022349999999999974,False,False,True,NORMAL,1.0,False
3.825,7.549947314851518e-05,-0.0017355170872122045,-0.014384105827597608,-5.338714357704591e-63,0.0,-0.0022349999999999974,False,False,True,NORMAL,1.0,False
3.826,7.375683279540317e-05,-0.0017496947269278053,-0.013970745288574006,-4.8306685150569284e-63,0.0,-0.0022349999999999974,False,False,True,NORMAL,1.0,False
3.827,7.200022190713056e-05,-0.0017634577373018604,-0.013554863323151587,-4.370969626551714e-63,0.0,-0.0014750000000000024,False,True,True,NORMAL,1.0,False
3.8280000000000003,7.023005635755555e-05,-0.00177680364551419,-0.013136557212178716,-3.9550168712026546e-63,0.0,-0.0014750000000000024,False,False,True,NORMAL,1.0,False
3.829,6.844675444464866e-05,-0.0017897300762269419,-0.012715924635705537,-3.578647254027669e-63,0.0,-0.0014750000000000024,False,False,True,NORMAL,1.0,False
3.83,6.665073679281447e-05,-0.0018022347519725168,-0.01229306365042448,-3.2380939413958727e-63,0.0,-0.0014750000000000024,False,False,True,NORMAL,1.0,False
3.831,6.484242625483693e-05,-0.0018143154935189101,-0.011868072667059944,-2.929948561290525e-63,0.0,-0.0014750000000000024,False,False,True,NORMAL,1.0,False
3.8320000000000003,6.30222478134704e-05,-0.0018259702202124194,-0.01144105042771221,-2.651127091176293e-63,0.0,0.00045500000000000054,False,True,True,NORMAL,1.0,False
3.833,6.119062848269953e-05,-0.0018371969502976747,-0.011012095983160882,-2.3988389920651407e-63,0.0,0.00045500000000000054,False,False,True,NORMAL,1.0,False
3.834,5.9347997208690345e-05,-0.0018479938012149553,-0.010581308670132893,-2.1705592798642056e-63,0.0,0.00045500000000000054,False,False,True,NORMAL,1.0,False
3.835,5.7494784770455396e-05,-0.001858358989874758,-0.010148788088540327,-1.9640032544863196e-63,0.0,0.00045500000000000054,False,False,True,NORMAL,1.0,False
3.8360000000000003,5.563142368025578e-05,-0.0018682908329095901,-0.009714634078693165,-1.777103633803623e-63,0.0,0.00045500000000000054,False,False,True,NORMAL,1.0,False
3.837,5.37583480837627e-05,-0.0018777877469029658,-0.00927894669849216,-1.6079898635931917e-63,0.0,-0.001804999999999999,False,True,True,NORMAL,1.0,False
3.838,5.187599366000151e-05,-0.0018868482485955866,-0.008841826200606959,-1.4549693964016584e-63,0.0,-0.001804999999999999,False,False,True,NORMAL,1.0,False
3.839,4.998479752110089e-05,-0.0018954709550686951,-0.008403373009644659,-1.316510751961415e-63,0.0,-0.001804999999999999,False,False,True,NORMAL,1.0,False
3.84,4.808519811187019e-05,-0.001903654583904595,-0.007963687699313899,-1.1912281896213461e-63,0.0,-0.001804999999999999,False,False,True,NORMAL,1.0,False
3.841,4.6177635109227594e-05,-0.0019113979533243348,-0.007522870969589706,-1.0778678393886293e-63,0.0,-0.001804999999999999,False,False,True,NORMAL,1.0,False
3.842,4.426254932150207e-05,-0.001918699982302558,-0.007081023623884128,-9.752951527764056e-64,0.0,0.0019099999999999976,False,True,True,NORMAL,1.0,False
3.843,4.234038258763184e-05,-0.0019255596906595303,-0.006638246546227869,-8.824835478611895e-64,0.0,0.0019099999999999976,False,False,True,NORMAL,1.0,False
3.844,4.0411577676282274e-05,-0.0019319761991303563,-0.0061946406784679775,-7.985041349059318e-64,0.0,0.0019099999999999976,False,False,True,NORMAL,1.0,False
3.845,3.8476578184905913e-05,-0.001937948729411402,-0.005750306997486727,-7.225164197193208e-64,0.0,0.0019099999999999976,False,False,True,NORMAL,1.0,False
3.846,3.6535828438767505e-05,-0.0019434766041839513,-0.005305346492446761,-6.537598917074158e-64,0.0,0.0019099999999999976,False,False,True,NORMAL,1.0,False
3.847,3.4589773389956715e-05,-0.001948559247115121,-0.004859860142067579,-5.915464124280066e-64,0.0,0.0014050000000000009,False,True,True,NORMAL,1.0,False
3.848,3.2638858516411324e-05,-0.0019531961828360713,-0.004413948891938441,-5.352533284697923e-64,0.0,0.0014050000000000009,False,False,True,NORMAL,1.0,False
3.849,3.0683529720973504e-05,-0.001957387036897549,-0.003967713631872715,-4.8431723972776026e-64,0.0,0.0014050000000000009,False,False,True,NORMAL,1.0,False
3.85,2.8724233230501896e-05,-0.0019611315357028077,-0.003521255173308714,-4.382283607055694e-64,0.0,0.0014050000000000009,False,False,True,NORMAL,1.0,False
3.851,2.6761415495062052e-05,-0.0019644295064179546,-0.00307467422676203,-3.965254184109586e-64,0.0,0.0014050000000000009,False,False,True,NORMAL,1.0,False
3.852,2.4795523087217793e-05,-0.0019672808768597776,-0.002628071379334337,-3.587910357806003e-64,0.0,0.0026850000000000008,False,True,True,NORMAL,1.0,False
3.853,2.2827002601445975e-05,-0.001969685675361111,-0.002181547072283678,-3.2464755443016595e-64,0.0,0.0026850000000000008,False,False,True,NORMAL,1.0,False
3.854,2.0856300553697095e-05,-0.0019716440306138034,-0.001735201578661141,-2.9375325492228e-64,0.0,0.0026850000000000008,False,False,True,NORMAL,1.0,False
3.855,1.88838632811241e-05,-0.0019731561714893603,-0.001289134981018882,-2.6579893672353485e-64,0.0,0.0026850000000000008,False,False,True,NORMAL,1.0,False
3.856,1.691013684200168e-05,-0.00197422242683733,-0.000843447149194383,-2.4050482362162666e-64,0.0,0.0026850000000000008,False,False,True,NORMAL,1.0,False
3.857,1.493556691585829e-05,-0.0019748432252615143,-0.0003982377181758435,-2.1761776363098653e-64,0.0,-0.0006050000000000014,False,True,True,NORMAL,1.0,False
3.858,1.2960598703842975e-05,-0.0019750190948740884,4.639393394646327e-05,-1.9690869536262158e-64,0.0,-0.0006050000000000014,False,False,True,NORMAL,1.0,False
3.859,1.0985676829349134e-05,-0.001974750663027715,0.0004903487079380176,-1.7817035550074383e-64,0.0,-0.0006050000000000014,False,False,True,NORMAL,1.0,False
3.86,9.011245238917094e-06,-0.0019740386560257507,0.0009335278052822798,-1.6121520444184205e-64,0.0,-0.0006050000000000014,False,False,True,NORMAL,1.0,False
3.861,7.03774710343741e-06,-0.0019728838988106374,0.0013758327499425384,-1.4587354933529571e-64,0.0,-0.0006050000000000014,False,False,True,NORMAL,1.0,False
3.862,5.065624719676634e-06,-0.001971287314630586,0.001817165410018636,-1.3199184574029013e-64,0.0,0.00304,False,False,True,NORMAL,1.0,False
3.863,3.0953194121472096e-06,-0.0019692499246846563,0.002257428019293862,-1.1943116090144478e-64,0.0,0.00304,False,False,True,NORMAL,1.0,False
3.864,1.1272714353430403e-06,-0.0019667728477463483,0.0026965231986673384,-1.0806578326310054e-64,0.0,0.00304,False,False,True,NORMAL,1.0,False
3.865,-8.380801236378324e-07,-0.001963857299765819,0.0031343539774672407,-9.77819643058175e-65,0.0,0.00304,False,False,True,NORMAL,1.0,False
3.866,-2.8002974420621374e-06,-0.0019605045934508493,0.0035708238146402544,-8.847678011296026e-65,0.0,0.00304,False,False,True,NORMAL,1.0,False
3.867,-4.75894405810067e-06,-0.001956716137826682,0.004005836619812674,-8.005710127354629e-65,0.0,-0.00056,False,True,True,NORMAL,1.0,False
3.868,-6.713584966916924e-06,-0.001952493437774869,0.004439296774218611,-7.243866081179895e-65,0.0,-0.00056,False,False,True,NORMAL,1.0,False
3.869,-8.663786716284123e-06,-0.0019478380935512543,0.00487110915149081,-6.554521081493081e-65,0.0,-0.00056,False,False,True,NORMAL,1.0,False
3.87,-1.0609117501709867e-05,-0.0019427518002832415,0.005301179138309582,-5.930775931840464e-65,0.0,-0.00056,False,False,True,NORMAL,1.0,False
3.871,-1.2549147261047745e-05,-0.00193723634744648,0.005729412654905462,-5.366387981116338e-65,0.0,-0.00056,False,False,True,NORMAL,1.0,False
3.872,-1.4483447768575404e-05,-0.0019312936183211275,0.006155716175411157,-4.855708645012513e-65,0.0,0.005489999999999999,False,True,True,NORMAL,1.0,False
3.873,-1.641159272851874e-05,-0.0019249255894278363,0.006579996748058471,-4.39362687308801e-65,0.0,0.005489999999999999,False,False,True,NORMAL,1.0,False
3.874,-1.833315786800199e-05,-0.0019181343299436208,0.007002162015215879,-3.975517995658361e-65,0.0,0.005489999999999999,False,False,True,NORMAL,1.0,False
3.875,-2.0247721029403715e-05,-0.0019109220010977714,0.007422120233262493,-3.5971974385470045e-65,0.0,0.005489999999999999,False,False,True,NORMAL,1.0,False
3.876,-2.2154862262098767e-05,-0.0019032908555479758,0.007839780292294186,-3.2548788424604385e-65,0.0,0.005489999999999999,False,False,True,NORMAL,1.0,False
3.8770000000000002,-2.4054163913566575e-05,-0.001895243236736821,0.008255051735657711,-2.9451361678317757e-65,0.0,0.003784999999999999,False,True,True,NORMAL,1.0,False
3.878,-2.594521071984618e-05,-0.0018867815782288482,0.008667844779308662,-2.6648694058652243e-65,0.0,0.003784999999999999,False,False,True,NORMAL,1.0,False
3.879,-2.7827589895318685e-05,-0.001877908403028341,0.009078070330989216,-2.411273552606111e-65,0.0,0.003784999999999999,False,False,True,NORMAL,1.0,False
3.88,-2.9700891221797926e-05,-0.0018686263228780248,0.00948564000922157,-2.181810535518509e-65,0.0,0.003784999999999999,False,False,True,NORMAL,1.0,False
3.8810000000000002,-3.1564707136910386e-05,-0.00185893803753887,0.009890466162113141,-1.9741838116022216e-65,0.0,0.003784999999999999,False,False,True,NORMAL,1.0,False
3.882,-3.341863282174554e-05,-0.0018488463340511833,0.010292461885969521,-1.7863153828185433e-65,0.0,0.002040000000000001,False,True,True,NORMAL,1.0,False
3.883,-3.526226628775799e-05,-0.0018383540859771843,0.010691541043711325,-1.6163249987874474e-65,0.0,0.002040000000000001,False,False,True,NORMAL,1.0,False
3.884,-3.709520846290308e-05,-0.0018274642526252662,0.011087618283091091,-1.4625113386098093e-65,0.0,0.002040000000000001,False,False,True,NORMAL,1.0,False
3.8850000000000002,-3.8917063276987566e-05,-0.0018161798782561393,0.01148060905470641,-1.3233349834760146e-65,0.0,0.002040000000000001,False,False,True,NORMAL,1.0,False
3.886,-4.0727437746217616e-05,-0.0018045040912710662,0.011870429629805562,-1.1974030096450961e-65,0.0,0.002040000000000001,False,False,True,NORMAL,1.0,False
3.887,-4.252594205692603e-05,-0.0017924401033823957,0.01225699711788195,-1.083455047595756e-65,0.0,0.0033149999999999985,False,True,True,NORMAL,1.0,False
3.888,-4.431218964846133e-05,-0.0017799912087666102,0.012640229484053715,-9.803506678245714e-66,0.0,0.0033149999999999985,False,False,True,NORMAL,1.0,False
3.8890000000000002,-4.608579729522121e-05,-0.0017671607832001018,0.013020045566224924,-8.870579670442138e-66,0.0,0.0033149999999999985,False,False,True,NORMAL,1.0,False
3.89,-4.7846385187813214e-05,-0.001753952283177898,0.013396365092024819,-8.026432405485137e-66,0.0,0.0033149999999999985,False,False,True,NORMAL,1.0,False
3.891,-4.959357701332572e-05,-0.0017403692450155615,0.013769108695521629,-7.262616373819327e-66,0.0,0.0033149999999999985,False,False,True,NORMAL,1.0,False
3.892,-5.132700003469249e-05,-0.0017264152839344881,0.014138197933707543,-6.571487047872363e-66,0.0,0.006105000000000001,False,True,True,NORMAL,1.0,False
3.8930000000000002,-5.3046285169134326e-05,-0.0017120940931308383,0.014503555302751481,-5.94612737305358e-66,0.0,0.006105000000000001,False,False,True,NORMAL,1.0,False
3.894,-5.475106706566157e-05,-0.001697409442828331,0.014865104254016347,-5.380278539546743e-66,0.0,0.006105000000000001,False,False,True,NORMAL,1.0,False
3.895,-5.644098418162142e-05,-0.0016823651793151412,0.015222769209837533,-4.868277342037758e-66,0.0,0.006105000000000001,False,False,True,NORMAL,1.0,False
3.896,-5.811567885827431e-05,-0.0016669652239651384,0.015576475579059426,-4.404999500452409e-66,0.0,0.006105000000000001,False,False,True,NORMAL,1.0,False
3.8970000000000002,-5.977479739538378e-05,-0.001651213572243711,0.015926149772326918,-3.9858083744390494e-66,0.0,0.003434999999999999,False,True,True,NORMAL,1.0,False
3.898,-6.141799012480459e-05,-0.0016351142926984248,0.01627171921712867,-3.6065085583135346e-66,0.0,0.003434999999999999,False,False,True,NORMAL,1.0,False
3.899,-6.304491148305397e-05,-0.0016186715259347598,0.01661311237258928,-3.2633038920290095e-66,0.0,0.003434999999999999,False,False,True,NORMAL,1.0,False
3.9,-6.465522008285131e-05,-0.0016018894835771863,0.016950258744007324,-2.952759467930227e-66,0.0,0.003434999999999999,False,False,True,NORMAL,1.0,False
3.9010000000000002,-6.62485787836117e-05,-0.0015847724472158272,0.017283088897136374,-2.67176725304322e-66,0.0,0.003434999999999999,False,False,True,NORMAL,1.0,False
3.902,-6.782465476087894e-05,-0.0015673247673389716,0.01761153447220622,-2.417514982836655e-66,0.0,0.004745000000000001,False,True,True,NORMAL,1.0,False
3.903,-6.938311957468422e-05,-0.0015495508622516965,0.017935528197681492,-2.187458015133166e-66,0.0,0.004745000000000001,False,False,True,NORMAL,1.0,False
3.904,-7.092364923681647e-05,-0.0015314552169808638,0.018255003903755004,-1.979293862475159e-66,0.0,0.004745000000000001,False,False,True,NORMAL,1.0,False
3.9050000000000002,-7.244592427699114e-05,-0.0015130423821667564,0.018569896535573144,-1.7909391480564445e-66,0.0,0.004745000000000001,False,False,True,NORMAL,1.0,False
3.906,-7.394962980790393e-05,-0.0014943169729416251,0.018880142166190824,-1.6205087545869142e-66,0.0,0.004745000000000001,False,False,True,NORMAL,1.0,False
3.907,-7.543445558915666e-05,-0.0014752836677954157,0.01918567800925337,-1.4662969574050918e-66,0.0,0.0061949999999999965,False,True,True,NORMAL,1.0,False
3.908,-7.690009609004266e-05,-0.0014559472074289527,0.019486442431403028,-1.3267603530124065e-66,0.0,0.0061949999999999965,False,False,True,NORMAL,1.0,False
3.9090000000000003,-7.834625055117905e-05,-0.0014363123935948545,0.019782374964407566,-1.2005024121722242e-66,0.0,0.0061949999999999965,False,False,True,NORMAL,1.0,False
3.91,-7.977262304497399e-05,-0.0014163840879264603,0.02007341631700884,-1.0862595029758566e-66,0.0,0.0061949999999999965,False,False,True,NORMAL,1.0,False
3.911,-8.117892253491703e-05,-0.0013961672107550495,0.020359508386488905,-9.828882439896988e-67,0.0,0.0061949999999999965,False,False,True,NORMAL,1.0,False
3.912,-8.256486293368082e-05,-0.0013756667399156366,0.020640594269951636,-8.893540609095372e-67,0.0,0.005584999999999999,False,True,True,NORMAL,1.0,False
3.9130000000000003,-8.393016316002312e-05,-0.0013548877095416283,0.020916618275317645,-8.047208321931812e-67,0.0,0.005584999999999999,False,False,True,NORMAL,1.0,False
3.914,-8.527454719447803e-05,-0.001333835208848629,0.0211875259320305,-7.281415200414267e-67,0.0,0.005584999999999999,False,False,True,NORMAL,1.0,False
3.915,-8.659774413382557e-05,-0.0013125143809076861,0.021453264001472284,-6.588496929590633e-67,0.0,0.005584999999999999,False,False,True,NORMAL,1.0,False
3.916,-8.789948824432958e-05,-0.0012909304214082657,0.02171378048708655,-5.961518550508636e-67,0.0,0.005584999999999999,False,False,True,NORMAL,1.0,False
3.9170000000000003,-8.917951901373335e-05,-0.001269088577411252,0.021969024644206882,-5.39420505281571e-67,0.0,0.00566,False,True,True,NORMAL,1.0,False
3.918,-9.043758120200357e-05,-0.0012469941460922665,0.022218946989589206,-4.880878572346294e-67,0.0,0.00566,False,False,True,NORMAL,1.0,False
3.919,-9.167342489081277e-05,-0.001224652473475603,0.022463499310646277,-4.416401565148861e-67,0.0,0.00566,False,False,True,NORMAL,1.0,False
3.92,-9.288680553175116e-05,-0.0012020689531590792,0.02270263467438263,-3.9961253892192656e-67,0.0,0.00566,False,False,True,NORMAL,1.0,False
3.9210000000000003,-9.40774839932589e-05,-0.0011792490250301017,0.022936307436028404,-3.615843779329104e-67,0.0,0.00566,False,False,True,NORMAL,1.0,False
3.922,-9.52452266062702e-05,-0.0011561981739732512,0.02316447324737067,-3.271750749309532e-67,0.0,0.006525000000000002,False,False,True,NORMAL,1.0,False
3.923,-9.638980520856085e-05,-0.0011329219285696843,0.02338708906478072,-2.960402500462453e-67,0.0,0.006525000000000002,False,False,True,NORMAL,1.0,False
3.924,-9.751099718779122e-05,-0.0011094258597886646,0.02360411315693602,-2.6786829548656444e-67,0.0,0.006525000000000002,False,False,True,NORMAL,1.0,False
3.9250000000000003,-9.860858552323694e-05,-0.0010857155796715225,0.023815505112235597,-2.4237725686175642e-67,0.0,0.006525000000000002,False,False,True,NORMAL,1.0,False
3.926,-9.968235882619991e-05,-0.0010617967400083541,0.02402122584590751,-2.193120112894302e-67,0.0,0.006525000000000002,False,False,True,NORMAL,1.0,False
3.927,-0.00010073211137909254,-0.0010376750310077676,0.024221237606807472,-1.9844171403940123e-67,0.0,0.003885,False,True,True,NORMAL,1.0,False
3.928,-0.0001017576431731883,-0.0010133561799599846,0.024415503983907343,-1.7955748816204204e-67,0.0,0.003885,False,False,True,NORMAL,1.0,False
3.9290000000000003,-0.0001027587599450323,-0.0009888459498936103,0.024603989912472684,-1.624703339775645e-67,0.0,0.003885,False,False,True,NORMAL,1.0,False
3.93,-0.00010373527321150546,-0.0009641501382263803,0.0247866616799283,-1.4700923750369949e-67,0.0,0.003885,False,False,True,NORMAL,1.0,False
3.931,-0.00010468700030353668,-0.000939274575410199,0.024963486931411052,-1.330194588902826e-67,0.0,0.003885,False,False,True,NORMAL,1.0,False
3.932,-0.00010561376439845724,-0.0009142251235707819,0.025134434675009053,-1.2036098373082376e-67,0.0,0.003885,False,True,True,NORMAL,1.0,False
3.9330000000000003,-0.00010651539455099232,-0.0008890076751422157,0.025299475286686593,-1.089071217512667e-67,0.0,0.003885,False,False,True,NORMAL,1.0,False
3.934,-0.00010739172572288462,-0.0008636281514967504,0.025458580514894164,-9.854323885114404e-68,0.0,0.003885,False,False,True,NORMAL,1.0,False
3.935,-0.00010824259881114559,-0.0008380925015701403,0.02561172348486297,-8.916560980697003e-68,0.0,0.003885,False,False,True,NORMAL,1.0,False
3.936,-0.00010906786067492985,-0.0008124067004828466,0.025758878702583487,-8.06803801553406e-68,0.0,0.003885,False,False,True,NORMAL,1.0,False
3.9370000000000003,-0.00010986736416102887,-0.0007865767481574221,0.02590002205846763,-7.300262686591805e-68,0.0,0.006084999999999997,False,True,True,NORMAL,1.0,False
3.938,-0.00011064096812798033,-0.0007606086679323892,0.02603513083069416,-6.605550840319986e-68,0.0,0.006084999999999997,False,False,True,NORMAL,1.0,False
3.939,-0.00011138853746878965,-0.0007345085051729333,0.02616418368823707,-5.976949567060399e-68,0.0,0.006084999999999997,False,False,True,NORMAL,1.0,False
3.94,-0.0001121099431322608,-0.0007082823258787252,0.026287160693576766,-5.408167613990077e-68,0.0,0.006084999999999997,False,False,True,NORMAL,1.0,False
3.9410000000000003,-0.00011280506214293362,-0.0006819362152891918,0.02640404330509385,-4.893512420148478e-68,0.0,0.006084999999999997,False,False,True,NORMAL,1.0,False
3.942,-0.00011347377761962527,-0.0006554762764865506,0.026514814379145508,-4.427833143374048e-68,0.0,0.008565000000000003,False,True,True,NORMAL,1.0,False
3.943,-0.00011411597879257373,-0.0006289086289969273,0.026619458171824477,-4.0064691089446204e-68,0.0,0.008565000000000003,False,False,True,NORMAL,1.0,False
3.944,-0.00011473156101918157,-0.0006022394073898738,0.026717960340400665,-3.625203163978282e-68,0.0,0.008565000000000003,False,False,True,NORMAL,1.0,False
3.9450000000000003,-0.00011532042579835862,-0.0005754747598766012,0.026810307944445597,-3.2802194707499e-68,0.0,0.008565000000000003,False,False,True,NORMAL,1.0,False
3.946,-0.00011588248078346228,-0.000548620846907249,0.026896489446639884,-2.968065316504621e-68,0.0,0.008565000000000003,False,False,True,NORMAL,1.0,False
3.947,-0.00011641763979383483,-0.0005216838397675035,0.026976494713264094,-2.685616557548124e-68,0.0,0.004999999999999999,False,True,True,NORMAL,1.0,False
3.948,-0.00011692582282493717,-0.000494669919174885,0.02705031501437319,-2.4300463517664666e-68,0.0,0.004999999999999999,False,False,True,NORMAL,1.0,False
3.9490000000000003,-0.00011740695605707869,-0.000467585273875017,0.027117943023655226,-2.198796866640073e-68,0.0,0.004999999999999999,False,False,True,NORMAL,1.0,False
3.95,-0.00011786097186274368,-0.00044043609923819584,0.02717937281797462,-1.9895536795961616e-68,0.0,0.004999999999999999,False,False,True,NORMAL,1.0,False
3.951,-0.00011828780881251456,-0.0004132285958565735,0.02723459987660063,-1.8002226144897336e-68,0.0,0.004999999999999999,False,False,True,NORMAL,1.0,False
3.952,-0.00011868741167959262,-0.0003859689681422697,0.027283621080121744,-1.6289087823848351e-68,0.0,0.005309999999999999,False,False,True,NORMAL,1.0,False
3.9530000000000003,-0.00011905973144291759,-0.00035866342292672576,0.02732643470904654,-1.4738976168691928e-68,0.0,0.005309999999999999,False,False,True,NORMAL,1.0,False
3.954,-0.00011940472528888728,-0.00033131816806161474,0.02736304044209206,-1.3336377140972744e-68,0.0,0.005309999999999999,False,False,True,NORMAL,1.0,False
3.955,-0.00011972235661167905,-0.00030393941102161863,0.02739343935416021,-1.2067253058191569e-68,0.0,0.005309999999999999,False,False,True,NORMAL,1.0,False
3.956,-0.00012001259501217502,-0.0002765333575093847,0.027417633914003457,-1.0918902099960595e-68,0.0,0.005309999999999999,False,False,True,NORMAL,1.0,False
3.9570000000000003,-0.00012027541629549364,-0.00024910621006297144,0.027435627981580526,-9.87983118391576e-69,0.0,0.00483,False,True,True,NORMAL,1.0,False
3.958,-0.00012051080246712992,-0.0002216641666660931,0.02744742680510337,-8.939640939085494e-69,0.0,0.00483,False,False,True,NORMAL,1.0,False
3.959,-0.0001207187417277075,-0.00019421341936147116,0.02745303701777639,-8.088921625490678e-69,0.0,0.00483,False,False,True,NORMAL,1.0,False
3.96,-0.00012089922846634573,-0.0001667601528676002,0.027452466634229195,-7.319158958304222e-69,0.0,0.00483,False,False,True,NORMAL,1.0,False
3.9610000000000003,-0.00012105226325264541,-0.00013931054319923344,0.027445725046644068,-6.622648894026755e-69,0.0,0.00483,False,False,True,NORMAL,1.0,False
3.962,-0.00012117785282729691,-0.000111870756291893,0.027432823020579644,-5.992420525829872e-69,0.0,0.0031799999999999966,False,True,True,NORMAL,1.0,False
3.963,-0.00012127601009131497,-8.444694663070783e-05,0.02741377269049193,-5.422166316377589e-69,0.0,0.0031799999999999966,False,False,True,NORMAL,1.0,False
3.964,-0.00012134675409390472,-5.704525588388138e-05,0.027388587554954387,-4.906178969872647e-69,0.0,0.0031799999999999966,False,False,True,NORMAL,1.0,False
3.9650000000000003,-0.00012139011001896345,-2.9671811541088925e-05,0.02735728247157841,-4.4392943115218897e-69,0.0,0.0031799999999999966,False,False,True,NORMAL,1.0,False
3.966,-0.00012140610917022348,-2.3327255571036226e-06,0.027319873651635934,-4.016839602739189e-69,0.0,0.0031799999999999966,False,False,True,NORMAL,1.0,False
3.967,-0.00012139478895504135,2.496590699905183e-05,0.027276378654385727,-3.6345867748071173e-69,0.0,0.0021449999999999985,False,True,True,NORMAL,1.0,False
3.968,-0.00012135619286683908,5.2218009289132344e-05,0.027226816381105096,-3.2887101129441175e-69,0.0,0.0021449999999999985,False,False,True,NORMAL,1.0,False
3.969,-0.00012129037046620342,7.941752404458278e-05,0.027171207068828893,-2.975747967265104e-69,0.0,0.0021449999999999985,False,False,True,NORMAL,1.0,False
3.97,-0.0001211973773606493,0.00010655841489904372,0.02710957228379753,-2.692568107425912e-69,0.0,0.0021449999999999985,False,False,True,NORMAL,1.0,False
3.971,-0.00012107727518305423,0.00013363466771416043,0.02704193491461596,-2.436336374209232e-69,0.0,0.0021449999999999985,False,False,True,NORMAL,1.0,False
3.972,-0.00012093013156877025,0.00016064029189840736,0.026968319165125692,-2.2044883143065727e-69,0.0,0.004304999999999999,False,True,True,NORMAL,1.0,False
3.973,-0.00012075602013142072,0.00018756932171864172,0.026888750546991698,-1.9947035144076042e-69,0.0,0.004304999999999999,False,False,True,NORMAL,1.0,False
3.974,-0.0001205550204373893,0.0002144158176041025,0.026803255872006437,-1.804882377723831e-69,0.0,0.004304999999999999,False,False,True,NORMAL,1.0,False
3.975,-0.00012032721797900883,0.00024117386744257287,0.02671186324411313,-1.6331251105182345e-69,0.0,0.004304999999999999,False,False,True,NORMAL,1.0,False
3.976,-0.00012007270414645802,0.0002678375878684264,0.026614602051150415,-1.4777127083310105e-69,0.0,0.004304999999999999,False,False,True,NORMAL,1.0,False
3.977,-0.00011979157619837438,0.00029440112554227966,0.026511502956320817,-1.3370897516051564e-69,0.0,0.004030000000000003,False,True,True,NORMAL,1.0,False
3.978,-0.00011948393723119175,0.000320858658421976,0.02640259788938518,-1.2098488385247523e-69,0.0,0.004030000000000003,False,False,True,NORMAL,1.0,False
3.979,-0.00011914989614721128,0.0003472043970246279,0.026287920037585597,-1.0947164992645414e-69,0.0,0.004030000000000003,False,False,True,NORMAL,1.0,False
3.98,-0.00011878956762141495,0.0003734325856794474,0.02616750383629919,-9.90540450675892e-70,0.0,0.004030000000000003,False,False,True,NORMAL,1.0,False
3.981,-0.00011840307206703102,0.000399537503771097,0.02604138495942533,-8.962780638497498e-70,0.0,0.004030000000000003,False,False,True,NORMAL,1.0,False
3.982,-0.00011799053559986096,0.000425513466973295,0.02590960030950877,-8.109859291360764e-70,0.0,0.004820000000000002,False,True,True,NORMAL,1.0,False
3.983,-0.00011755209000137769,0.00045135482847241394,0.025772188007601362,-7.33810414182981e-70,0.0,0.004820000000000002,False,False,True,NORMAL,1.0,False
3.984,-0.00011708787268060549,0.00047705598018081015,0.02562918738286502,-6.639791204972267e-70,0.0,0.004820000000000002,False,False,True,NORMAL,1.0,False
3.985,-0.00011659802663479165,0.0005026113539396288,0.025480638961918673,-6.007931530204979e-70,0.0,0.004820000000000002,False,False,True,NORMAL,1.0,False
3.986,-0.00011608270040888077,0.0005280154227108286,0.02532658445793193,-5.436201253527504e-70,0.0,0.004820000000000002,False,False,True,NORMAL,1.0,False
3.987,-0.0001155420480538026,0.000553262701758175,0.02516706675946832,-4.918878306165674e-70,0.0,0.004064999999999993,False,False,True,NORMAL,1.0,False
3.988,-0.00011497622908358427,0.0005783477498169522,0.02500212991908103,-4.450785146184042e-70,0.0,0.004064999999999993,False,False,True,NORMAL,1.0,False
3.989,-0.00011438540843129888,0.0006032651702521489,0.024831819141664026,-4.027236939905969e-70,0.0,0.004064999999999993,False,False,True,NORMAL,1.0,False
3.99,-0.00011376975640386148,0.0006280096122048738,0.024656180772561525,-3.643994674523556e-70,0.0,0.004064999999999993,False,False,True,NORMAL,1.0,False
3.991,-0.00011312944863568476,0.0006525757717267609,0.02447526228543893,-3.297222732632681e-70,0.0,0.004064999999999993,False,False,True,NORMAL,1.0,False
3.992,-0.00011246466604120648,0.000676958392902128,0.024289112269918263,-2.9834505040848257e-70,0.0,0.004304999999999999,False,True,True,NORMAL,1.0,False
3.993,-0.00011177559476630079,0.000701152268957654,0.0240977804189812,-2.6995376509541955e-70,0.0,0.004304999999999999,False,False,True,NORMAL,1.0,False
3.994,-0.00011106242613858641,0.0007251522433593448,0.02390131751614293,-2.4426426779802536e-70,0.0,0.004304999999999999,False,False,True,NORMAL,1.0,False
3.995,-0.00011032535661664416,0.0007489532108965588,0.023699775422400097,-2.2101944939280943e-70,0.0,0.004304999999999999,False,False,True,NORMAL,1.0,False
3.996,-0.00010956458773815705,0.0007725501187528702,0.023493207062956028,-1.999866679243191e-70,0.0,0.004304999999999999,False,False,True,NORMAL,1.0,False
3.997,-0.00010878032606698626,0.0007959379675635459,0.02328166641372659,-1.8095542024625576e-70,0.0,-0.0009199999999999968,False,True,True,NORMAL,1.0,False
3.998,-0.00010797278313919633,0.0008191118124594215,0.02306520848763004,-1.6373523523523406e-70,0.0,-0.0009199999999999968,False,False,True,NORMAL,1.0,False
3.999,-0.0001071421754080434,0.0008420667640969598,0.022843889320664324,-1.4815376749175964e-70,0.0,-0.0009199999999999968,False,False,True,NORMAL,1.0,False
4.0,-0.00010628872418794036,0.0008647979896742814,0.02261776595777516,-1.3405507244954366e-70,0.0,-0.0009199999999999968,False,False,True,NORMAL,1.0,False
4.001,-0.00010541265559741322,0.0008873007139329611,0.02238689643851853,-1.2129804562986859e-70,0.0,-0.0009199999999999968,False,False,True,NORMAL,1.0,False
4.002,-0.0001045142005010626,0.000909570220145385,0.022151339782521005,-1.097550104205383e-70,0.0,0.003914999999999999,False,True,True,NORMAL,1.0,False
4.003,-0.00010359359445054544,0.000931601851087468,0.021911155974741522,-9.931044024542972e-71,0.0,0.003914999999999999,False,False,True,NORMAL,1.0,False
4.0040000000000004,-0.00010265107762459127,0.0009533910099965363,0.02166640595053823,-8.985980233568907e-71,0.0,0.003914999999999999,False,False,True,NORMAL,1.0,False
4.005,-0.0001016868947680681,0.0009749331615141798,0.021417151580544053,-8.130851153064659e-71,0.0,0.003914999999999999,False,False,True,NORMAL,1.0,False
4.006,-0.00010070129513011304,0.0009962238326138863,0.021163455655354605,-7.35709836377373e-71,0.0,0.003914999999999999,False,False,True,NORMAL,1.0,False
4.007,-9.969453240134303e-05,0.0010172586135132713,0.020905381870032276,-6.656977887713605e-71,0.0,0.004225000000000002,False,True,True,NORMAL,1.0,False
4.008,-9.86668646501611e-05,0.001038033158570722,0.020642994808430164,-6.023482683841254e-71,0.0,0.004225000000000002,False,False,True,NORMAL,1.0,False
4.009,-9.761855425817377e-05,0.0010585431871662759,0.020376359927339684,-5.450272519231232e-71,0.0,0.004225000000000002,False,False,True,NORMAL,1.0,False
4.01,-9.654986785473565e-05,0.0010787844845665613,0.02010554354046568,-4.931610513893533e-71,0.0,0.004225000000000002,False,False,True,NORMAL,1.0,False
4.011,-9.546107625063708e-05,0.0010987529027736277,0.019830612802232906,-4.462305724150415e-71,0.0,0.004225000000000002,False,False,True,NORMAL,1.0,False
4.0120000000000005,-9.435245437095105e-05,0.0011184443613574998,0.019551635691427736,-4.0376611899273445e-71,0.0,0.00016999999999999914,False,True,True,NORMAL,1.0,False
4.013,-9.32242811870558e-05,0.0011378548482722933,0.019268680994679117,-3.653426925997858e-71,0.0,0.00016999999999999914,False,False,True,NORMAL,1.0,False
4.014,-9.20768396478496e-05,0.001156980420655732,0.01898181828978256,-3.3057573867029543e-71,0.0,0.00016999999999999914,False,False,True,NORMAL,1.0,False
4.015,-9.091041661017429e-05,0.001175817205611913,0.018691117928871348,-2.991172978437602e-71,0.0,0.00016999999999999914,False,False,True,NORMAL,1.0,False
4.016,-8.972530276846465e-05,0.0011943614009771672,0.018396651021438795,-2.7065252347084107e-71,0.0,0.00016999999999999914,False,False,True,NORMAL,1.0,False
4.017,-8.852179258364027e-05,0.0012126092760688708,0.018098489417215754,-2.4489653052227275e-71,0.0,0.0005400000000000005,False,True,True,NORMAL,1.0,False
4.018,-8.730018421125729e-05,0.0012305571724170621,0.017796705688907295,-2.2159154436373784e-71,0.0,0.0005400000000000005,False,False,True,NORMAL,1.0,False
4.019,-8.606077942893712e-05,0.0012482015044787272,0.01749137311479276,-2.005043208606853e-71,0.0,0.0005400000000000005,False,False,True,NORMAL,1.0,False
4.0200000000000005,-8.480388356308967e-05,0.0012655387603346187,0.01718256566119325,-1.814238119926361e-71,0.0,0.0005400000000000005,False,False,True,NORMAL,1.0,False
4.021,-8.352980541494843e-05,0.0012825655023684778,0.01687035796481068,-1.6415905361365819e-71,0.0,0.0005400000000000005,False,False,True,NORMAL,1.0,False
4.022,-8.223885718593532e-05,0.0012992783679285323,0.016554825314942647,-1.4853725421900912e-71,0.0,0.004589999999999999,False,True,True,NORMAL,1.0,False
4.023,-8.09313544023728e-05,0.0013156740699711504,0.016236043635577155,-1.3440206558967914e-71,0.0,0.004589999999999999,False,False,True,NORMAL,1.0,False
4.024,-7.960761583956151e-05,0.0013317493976865286,0.015914089467371547,-1.2161201800686495e-71,0.0,0.004589999999999999,False,False,True,NORMAL,1.0,False
4.025,-7.8267963445241e-05,0.0013475012171063052,0.015589039949519769,-1.100391043754743e-71,0.0,0.004589999999999999,False,False,True,NORMAL,1.0,False
4.026,-7.69127222624521e-05,0.0013629264716929848,0.015260972801512245,-9.956749908609361e-72,0.0,0.004589999999999999,False,False,True,NORMAL,1.0,False
4.027,-7.5542220351819e-05,0.0013780221829110717,0.014929966304792668,-9.009239879335871e-72,0.0,0.0028750000000000004,False,True,True,NORMAL,1.0,False
4.0280000000000005,-7.415678871326928e-05,0.0013927854507798107,0.014596099284315872,-8.151897350884869e-72,0.0,0.0028750000000000004,False,False,True,NORMAL,1.0,False
4.029,-7.275676120721054e-05,0.0014072134544074368,0.014259451090011215,-7.376141751068843e-72,0.0,0.0028750000000000004,False,False,True,NORMAL,1.0,False
4.03,-7.1342474475182e-05,0.0014213034525068441,0.013920101578155682,-6.674209057104373e-72,0.0,0.0028750000000000004,False,False,True,NORMAL,1.0,False
4.031,-6.99142678599998e-05,0.001435052783892584,0.01357813109266108,-6.039074090662537e-72,0.0,0.0028750000000000004,False,False,True,NORMAL,1.0,False
4.032,-6.847248332541466e-05,0.0014484588679591092,0.013233620446279635,-5.46438020752295e-72,0.0,0.0025650000000000013,False,False,True,NORMAL,1.0,False
4.033,-6.701746537530066e-05,0.001461519205140185,0.01288665090173237,-4.944375678141866e-72,0.0,0.0025650000000000013,False,False,True,NORMAL,1.0,False
4.034,-6.554956097239414e-05,0.0014742313773493914,0.012537304152764592,-4.4738561224096827e-72,0.0,0.0025650000000000013,False,False,True,NORMAL,1.0,False
4.035,-6.406911945660152e-05,0.0014865930484016462,0.012185662305132874,-4.048112422465547e-72,0.0,0.0025650000000000013,False,False,True,NORMAL,1.0,False
4.0360000000000005,-6.257649246289516e-05,0.0014986019644156834,0.011831807857527887,-3.6628835922630186e-72,0.0,0.0025650000000000013,False,False,True,NORMAL,1.0,False
4.037,-6.107203383881622e-05,0.0015102559541974234,0.011475823682437514,-3.31431413218955e-72,0.0,0.003045,False,False,True,NORMAL,1.0,False
4.038,-5.955609956160379e-05,0.001521552929604178,0.011117793006954585,-2.998915441930484e-72,0.0,0.003045,False,False,True,NORMAL,1.0,False
4.039,-5.8029047654969424e-05,0.0015324908858896386,0.010757799393533662,-2.713530905384548e-72,0.0,0.003045,False,False,True,NORMAL,1.0,False
4.04,-5.649123810553626e-05,0.0015430679020295966,0.010395926720701262,-2.455304298188934e-72,0.0,0.003045,False,False,True,NORMAL,1.0,False
4.041,-5.494303277896213e-05,0.0015532821410283522,0.010032259163723951,-2.2216512016658687e-72,0.0,0.003045,False,False,True,NORMAL,1.0,False
4.042,-5.338479533576587e-05,0.0015631318502057731,0.00966688117523866,-2.0102331370918313e-72,0.0,0.003045,False,True,True,NORMAL,1.0,False
4.043,-5.181689114687635e-05,0.0015726153614649657,0.00929987746584973,-1.8189341614164997e-72,0.0,0.003045,False,False,True,NORMAL,1.0,False
4.0440000000000005,-5.0239687208923465e-05,0.001581731091540529,0.008931332984696986,-1.6458396901935088e-72,0.0,0.003045,False,False,True,NORMAL,1.0,False
4.045,-4.8653552059290605e-05,0.0015904775422273631,0.00856133289999934,-1.489217335775798e-72,0.0,0.003045,False,False,True,NORMAL,1.0,False
4.046,-4.705885569094808e-05,0.0015988533005900126,0.0081899625795783,-1.3474995689977636e-72,0.0,0.003045,False,False,True,NORMAL,1.0,False
4.047,-4.545596946708691e-05,0.0016068570391525236,0.007817307571365768,-1.2192680308165048e-72,0.0,-0.0057550000000000014,False,True,True,NORMAL,1.0,False
4.048,-4.384526603557252e-05,0.0016144875160688029,0.007443453583900613,-1.1032393368977949e-72,0.0,-0.0057550000000000014,False,False,True,NORMAL,1.0,False
4.049,-4.222711924323784e-05,0.0016217435752734707,0.0070684864668183085,-9.982522330743048e-73,0.0,-0.0057550000000000014,False,False,True,NORMAL,1.0,False
4.05,-4.060190405003527e-05,0.0016286241466132005,0.006692492191338135,-9.032559731235849e-73,0.0,-0.0057550000000000014,False,False,True,NORMAL,1.0,False
4.051,-3.8969996443067116e-05,0.0016351282459585472,0.006315556830752281,-8.172998025467027e-73,0.0,-0.0057550000000000014,False,False,True,NORMAL,1.0,False
4.0520000000000005,-3.7331773350513896e-05,0.0016412549752962671,0.005937766540921225,-7.395234430976579e-73,0.0,-0.0049499999999999995,False,True,True,NORMAL,1.0,False
4.053,-3.568761255548013e-05,0.0016470035228021381,0.005559207540779821,-6.691484828295477e-73,0.0,-0.0049499999999999995,False,False,True,NORMAL,1.0,False
4.054,-3.4037892609777e-05,0.0016523731628942928,0.005179966092858386,-6.054705854861674e-73,0.0,-0.0049499999999999995,False,False,True,NORMAL,1.0,False
4.055,-3.238299274766147e-05,0.001657363256267083,0.004800128483823206,-5.4785244126802444e-73,0.0,-0.0049499999999999995,False,False,True,NORMAL,1.0,False
4.056,-3.072329279955123e-05,0.0016619732499054958,0.004419781005040783,-4.9571738842165636e-73,0.0,-0.0049499999999999995,False,False,True,NORMAL,1.0,False
4.057,-2.905917310573493e-05,0.0016662026770801464,0.004039009933170139,-4.485436418149804e-73,0.0,-0.000599999999999999,False,True,True,NORMAL,1.0,False
4.058,-2.7391014430097158e-05,0.001670051157322881,0.003657901510787539,-4.058590707363131e-73,0.0,-0.000599999999999999,False,False,True,NORMAL,1.0,False
4.059,-2.5719197873877466e-05,0.0016735183963830212,0.003276541927047898,-3.672364736515194e-73,0.0,-0.000599999999999999,False,False,True,NORMAL,1.0,False
4.0600000000000005,-2.404410478948282e-05,0.0016766041861642905,0.0028950172983871984,-3.322893026274715e-73,0.0,-0.000599999999999999,False,False,True,NORMAL,1.0,False
4.061,-2.236611669437277e-05,0.001679308404642465,0.002513413649270176,-3.006677946304109e-73,0.0,-0.000599999999999999,False,False,True,NORMAL,1.0,False
4.062,-2.0685615185036602e-05,0.0016816310157637966,0.00213181689298754,-2.7205547097994716e-73,0.0,0.0002899999999999997,False,True,True,NORMAL,1.0,False
4.063,-1.9002981851081615e-05,0.0016835720693242596,0.001750312812506974,-2.461659699240523e-73,0.0,0.0002899999999999997,False,False,True,NORMAL,1.0,False
4.064,-1.731859818945176e-05,0.0016851317008296774,0.00136898704138213,-2.2274018063439715e-73,0.0,0.0002899999999999997,False,False,True,NORMAL,1.0,False
4.065,-1.563284551879568e-05,0.0016863101313367886,0.000987925044723845,-2.0154364993809117e-73,0.0,0.0002899999999999997,False,False,True,NORMAL,1.0,False
4.066,-1.3946104894003158e-05,0.0016871076672753174,0.0006072121002377347,-1.823642358315257e-73,0.0,0.0002899999999999997,False,False,True,NORMAL,1.0,False
4.067,-1.2258757020929006e-05,0.0016875247002511163,0.00022693327933235194,-1.6500998429189853e-73,0.0,-0.0003299999999999997,False,False,True,NORMAL,1.0,False
4.0680000000000005,-1.057118217132321e-05,0.0016875617068304542,-0.00015282657169795875,-1.493072081368357e-73,0.0,-0.0003299999999999997,False,False,True,NORMAL,1.0,False
4.069,-8.88376009798621e-06,0.0016872192483055257,-0.0005319828504113911,-1.3509874870469204e-73,0.0,-0.0003299999999999997,False,False,True,NORMAL,1.0,False
4.07,-7.196869950168002e-06,0.0016864979704412648,-0.0009104512168740968,-1.2224240295784247e-73,0.0,-0.0003299999999999997,False,False,True,NORMAL,1.0,False
4.071,-5.5108901892297585e-06,0.0016853986032035447,-0.0012881476122286212,-1.1060950026688552e-73,0.0,-0.0003299999999999997,False,False,True,NORMAL,1.0,False
4.072,-3.826198504586507e-06,0.0016839219604688547,-0.001664988277171318,-1.0008361463173646e-73,0.0,0.00063,False,True,True,NORMAL,1.0,False
4.073,-2.1431717299493616e-06,0.0016820689397155477,-0.002040889770334715,-9.05593994510864e-74,0.0,0.00063,False,False,True,NORMAL,1.0,False
4.074,-4.6218575988567534e-07,0.0016798405216967532,-0.002415768986570853,-8.194153317820811e-74,0.0,0.00063,False,False,True,NORMAL,1.0,False
4.075,1.2163845332845885e-06,0.00167723777009506,-0.0027895431751316225,-7.414376531087774e-74,0.0,0.00063,False,False,True,NORMAL,1.0,False
4.0760000000000005,2.8921653822381014e-06,0.0016742618311590695,-0.003162129957742177,-6.708805316735876e-74,0.0,0.00063,False,False,True,NORMAL,1.0,False
4.077,4.564784207024947e-06,0.0016709139333219323,-0.0035334473465635117,-6.070378080901207e-74,0.0,-0.0023949999999999996,False,True,True,NORMAL,1.0,False
4.078,6.23386969705497e-06,0.0016671953868019785,-0.003903413762040336,-5.492705229224731e-74,0.0,-0.0023949999999999996,False,False,True,NORMAL,1.0,False
4.079,7.899051892675858e-06,0.0016631075831855591,-0.004271948050630406,-4.970005217644319e-74,0.0,-0.0023949999999999996,False,False,True,NORMAL,1.0,False
4.08,9.559962266325213e-06,0.0016586519949922198,-0.004638969502411502,-4.497046688758532e-74,0.0,-0.0023949999999999996,False,False,True,NORMAL,1.0,False
4.081,1.121623380323902e-05,0.0016538301752223293,-0.005004397868562273,-4.069096114643432e-74,0.0,-0.0023949999999999996,False,False,True,NORMAL,1.0,False
4.082,1.2867501081699019e-05,0.0016486437568872918,-0.005368153378713217,-3.6818704221141174e-74,0.0,-0.003055,False,True,True,NORMAL,1.0,False
4.083,1.4513400352801642e-05,0.0016430944525224758,-0.005730156758164084,-3.3314941262887064e-74,0.0,-0.003055,False,False,True,NORMAL,1.0,False
4.0840000000000005,1.615356961973129e-05,0.0016371840536829926,-0.006090329244964029,-3.014460543433038e-74,0.0,-0.003055,False,False,True,NORMAL,1.0,False
4.085,1.7787648716520868e-05,0.001630914430422466,-0.006448592606850894,-2.7275966948912255e-74,0.0,-0.003055,False,False,True,NORMAL,1.0,False
4.086,1.9415279386282653e-05,0.0016242875307549331,-0.006804869158045997,-2.468031550848793e-74,0.0,-0.003055,False,False,True,NORMAL,1.0,False
4.087,2.1036105358892685e-05,0.001617305380100026,-0.0071590817759008924,-2.233167296101307e-74,0.0,-0.004299999999999999,False,True,True,NORMAL,1.0,False
4.088,2.2649772428112035e-05,0.0016099700807115805,-0.007511153917392578,-2.020653330246652e-74,0.0,-0.004299999999999999,False,False,True,NORMAL,1.0,False
4.089,2.4255928528128474e-05,0.0016022838110898276,-0.007861009635463647,-1.8283627420861435e-74,0.0,-0.004299999999999999,False,False,True,NORMAL,1.0,False
4.09,2.5854223809502175e-05,0.001594248825377324,-0.008208573595203975,-1.654371022782373e-74,0.0,-0.004299999999999999,False,False,True,NORMAL,1.0,False
4.091,2.7444310714499293e-05,0.0015858674527387806,-0.008553771089870512,-1.496936804727912e-74,0.0,-0.004299999999999999,False,False,True,NORMAL,1.0,False
4.0920000000000005,2.9025844051797382e-05,0.0015771420967249556,-0.008896528056741845,-1.3544844333530032e-74,0.0,-0.0012500000000000002,False,True,True,NORMAL,1.0,False
4.093,3.0598481070546816e-05,0.0015680752346207744,-0.009236771092804194,-1.225588197445031e-74,0.0,-0.0012500000000000002,False,False,True,NORMAL,1.0,False
4.094,3.2161881533772505e-05,0.0015586694167778505,-0.00957442747026559,-1.1089580601515076e-74,0.0,-0.0012500000000000002,False,False,True,NORMAL,1.0,False
4.095,3.3715707791100406e-05,0.0015489272659315804,-0.009909425151894961,-1.0034267478576564e-74,0.0,-0.0012500000000000002,False,False,True,NORMAL,1.0,False
4.096,3.52596248507935e-05,0.0015388514765029863,-0.010241692806183016,-9.079380677197415e-75,0.0,-0.0012500000000000002,False,False,True,NORMAL,1.0,False
4.097,3.6793300451082035e-05,0.0015284448138854897,-0.010571159822321692,-8.215363369320891e-75,0.0,-0.004070000000000001,False,True,True,NORMAL,1.0,False
4.098,3.831640513077313e-05,0.0015177101137167973,-0.01089775632499915,-7.433568179323516e-75,0.0,-0.004070000000000001,False,False,True,NORMAL,1.0,False
4.099,3.982861229912485e-05,0.001506650281136085,-0.011221413189007217,-6.726170638173358e-75,0.0,-0.004070000000000001,False,False,True,NORMAL,1.0,False
4.1,4.1329598304970194e-05,0.00149526829002667,-0.011542062053658297,-6.086090873514064e-75,0.0,-0.004070000000000001,False,False,True,NORMAL,1.0,False
4.101,4.2819042505076645e-05,0.0014835671822443623,-0.011859635337008788,-5.506922751922683e-75,0.0,-0.004070000000000001,False,False,True,NORMAL,1.0,False
4.102,4.429662733172691e-05,0.0014715500668316906,-0.01217406624988609,-4.982869764173202e-75,0.0,-0.0022899999999999986,False,False,True,NORMAL,1.0,False
4.103,4.5762038359506936e-05,0.001459220119218201,-0.012485288809716362,-4.50868701182393e-75,0.0,-0.0022899999999999986,False,False,True,NORMAL,1.0,False
4.104,4.721496437128738e-05,0.0014465805804070278,-0.012793237854150203,-4.079628714511031e-75,0.0,-0.0022899999999999986,False,False,True,NORMAL,1.0,False
4.105,4.865509742338481e-05,0.0014336347561479418,-0.013097849054483496,-3.691400712583522e-75,0.0,-0.0022899999999999986,False,False,True,NORMAL,1.0,False
4.106,5.008213290988932e-05,0.0014203860160970812,-0.01339905892887072,-3.340117489710175e-75,0.0,-0.0022899999999999986,False,False,True,NORMAL,1.0,False
4.107,5.1495769626145285e-05,0.0014068377929635735,-0.013696804855328048,-3.022263285326105e-75,0.0,-0.0013299999999999998,False,True,True,NORMAL,1.0,False
4.108,5.28957098313723e-05,0.001392993581643261,-0.01399102508452366,-2.7346569077193496e-75,0.0,-0.0013299999999999998,False,False,True,NORMAL,1.0,False
4.109,5.428165931041343e-05,0.0013788569383397435,-0.014281658752352636,-2.4744198955949774e-75,0.0,-0.0013299999999999998,False,False,True,NORMAL,1.0,False
4.11,5.565332743459832e-05,0.0013644314796729536,-0.014568645892294051,-2.238947709466968e-75,0.0,-0.0013299999999999998,False,False,True,NORMAL,1.0,False
4.111,5.701042722170867e-05,0.0013497208817754873,-0.014851927447547682,-2.0258836645516167e-75,0.0,-0.0013299999999999998,False,False,True,NORMAL,1.0,False
4.112,5.835267539503408e-05,0.0013347288793769064,-0.015131445282948028,-1.8330953442741127e-75,0.0,-0.001605000000000001,False,True,True,NORMAL,1.0,False
4.113,5.967979244150621e-05,0.0013194592648762416,-0.015407142196653258,-1.6586532583267263e-75,0.0,-0.001605000000000001,False,False,True,NORMAL,1.0,False
4.114,6.0991502668899675e-05,0.0013039158874029178,-0.015678961931606804,-1.5008115316812865e-75,0.0,-0.001605000000000001,False,False,True,NORMAL,1.0,False
4.115,6.228753426208818e-05,0.0012881026518663343,-0.015946849186769342,-1.357990431285089e-75,0.0,-0.001605000000000001,False,False,True,NORMAL,1.0,False
4.116,6.356761933834462e-05,0.0012720235179943284,-0.016210749628119032,-1.228760555561539e-75,0.0,-0.001605000000000001,False,False,True,NORMAL,1.0,False
4.117,6.483149400167422e-05,0.001255682499360754,-0.01647060989941783,-1.111828528478734e-75,0.0,-0.005489999999999999,False,True,True,NORMAL,1.0,False
4.118,6.60788983961699e-05,0.0012390836624024144,-0.01672637763274185,-1.006024055007418e-75,0.0,-0.005489999999999999,False,False,True,NORMAL,1.0,False
4.119,6.730957675837933e-05,0.0012222311254255804,-0.016978001458773716,-9.102882084149782e-76,0.0,-0.005489999999999999,False,False,True,NORMAL,1.0,False
4.12,6.852327746867338e-05,0.0012051290576023388,-0.01722543101685502,-8.236628321707882e-76,0.0,-0.005489999999999999,False,False,True,NORMAL,1.0,False
4.121,6.971975310160605e-05,0.0011877816779570075,-0.01746861696479687,-7.452809503936019e-76,0.0,-0.005489999999999999,False,False,True,NORMAL,1.0,False
4.122,7.089876047525575e-05,0.0011701932543428622,-0.017707510988446837,-6.743580908655327e-76,0.0,-0.004365000000000001,False,True,True,NORMAL,1.0,False
4.123,7.206006069953878e-05,0.0011523681024094182,-0.017942065811010353,-6.101844337704276e-76,0.0,-0.004365000000000001,False,False,True,NORMAL,1.0,False
4.124,7.320341922348528e-05,0.0011343105845605151,-0.01817223520212496,-5.521177075785676e-76,0.0,-0.004365000000000001,False,False,True,NORMAL,1.0,False
4.125,7.432860588146892e-05,0.0011160251089034519,-0.018397973986685686,-4.9957676097732406e-76,0.0,-0.004365000000000001,False,False,True,NORMAL,1.0,False
4.126,7.543539493838125e-05,0.0010975161281894198,-0.01861923805341991,-4.520357465134896e-76,0.0,-0.004365000000000001,False,False,True,NORMAL,1.0,False
4.127,7.652356513374229e-05,0.0010787881387454882,-0.01883598436321025,-4.0901885773522337e-76,0.0,-0.0011049999999999994,False,True,True,NORMAL,1.0,False
4.128,7.7592899724739e-05,0.0010598456793983937,-0.019048170957163865,-3.7009556716115697e-76,0.0,-0.0011049999999999994,False,False,True,NORMAL,1.0,False
4.1290000000000004,7.86431865281835e-05,0.0010406933303903864,-0.019255756964426864,-3.348763174166553e-76,0.0,-0.0011049999999999994,False,False,True,NORMAL,1.0,False
4.13,7.967421796138326e-05,0.0010213357122873911,-0.01945870260974232,-3.030086224126768e-76,0.0,-0.0011049999999999994,False,False,True,NORMAL,1.0,False
4.131,8.068579108191584e-05,0.0010017774848797385,-0.01965696922075067,-2.7417353954651947e-76,0.0,-0.0011049999999999994,False,False,True,NORMAL,1.0,False
4.132,8.167770762630057e-05,0.0009820233460757254,-0.019850519235031217,-2.480824776170527e-76,0.0,-0.002615,False,True,True,NORMAL,1.0,False
4.133,8.264977404756045e-05,0.0009620780307882633,-0.020039316206883498,-2.244743085069777e-76,0.0,-0.002615,False,False,True,NORMAL,1.0,False
4.134,8.36018015516673e-05,0.0009419463098148765,-0.020223324813847456,-2.0311275372486112e-76,0.0,-0.002615,False,False,True,NORMAL,1.0,False
4.135,8.45336061328637e-05,0.0009216329887113106,-0.020402510862961295,-1.8378401965057706e-76,0.0,-0.002615,False,False,True,NORMAL,1.0,False
4.136,8.544500860785543e-05,0.0009011429066590152,-0.020576841296755993,-1.662946578168982e-76,0.0,-0.002615,False,False,True,NORMAL,1.0,False
4.1370000000000005,8.633583464886853e-05,0.0008804809353267641,-0.020746284198985564,-1.5046962881221556e-76,0.0,-0.0026850000000000003,False,True,True,NORMAL,1.0,False
4.138,8.720591481556499e-05,0.000859651977726677,-0.020910808800092138,-1.3615055042727436e-76,0.0,-0.0026850000000000003,False,False,True,NORMAL,1.0,False
4.139,8.805508458581196e-05,0.0008386609670649103,-0.021070385482405057,-1.2319411251278964e-76,0.0,-0.0026850000000000003,False,False,True,NORMAL,1.0,False
4.14,8.888318438529895e-05,0.0008175128655872812,-0.021224985785073185,-1.1147064268330407e-76,0.0,-0.0026850000000000003,False,False,True,NORMAL,1.0,False
4.141,8.969005961599835e-05,0.000796212663420093,-0.02137458240872977,-1.0086280851236988e-76,0.0,-0.0026850000000000003,False,False,True,NORMAL,1.0,False
4.142,9.047556068346438e-05,0.0007747653774064309,-0.021519149219889133,-9.126444323018816e-77,0.0,-0.004954999999999999,False,True,True,NORMAL,1.0,False
4.143,9.123954302296626e-05,0.0007531760499381938,-0.021658661255074697,-8.257948317089286e-77,0.0,-0.004954999999999999,False,False,True,NORMAL,1.0,False
4.144,9.198186712445134e-05,0.0007314497477841336,-0.02179309472467775,-7.472100633509466e-77,0.0,-0.004954999999999999,False,False,True,NORMAL,1.0,False
4.1450000000000005,9.270239855633445e-05,0.0007095915609141702,-0.02192242701654651,-6.761036244529563e-77,0.0,-0.004954999999999999,False,False,True,NORMAL,1.0,False
4.146,9.340100798810974e-05,0.0006876066013202529,-0.02204663669930507,-6.11763857874767e-77,0.0,-0.004954999999999999,False,False,True,NORMAL,1.0,False
4.147,9.407757121178177e-05,0.0006655000018340372,-0.022165703525401956,-5.535468296071219e-77,0.0,-0.0033799999999999976,False,True,True,NORMAL,1.0,False
4.148,9.473196916211295e-05,0.0006432769149416493,-0.022279608433887887,-5.008698840636994e-77,0.0,-0.0033799999999999976,False,False,True,NORMAL,1.0,False
4.149,9.536408793568414e-05,0.0006209425115958077,-0.022388333552922645,-4.5320581266816814e-77,0.0,-0.0033799999999999976,False,False,True,NORMAL,1.0,False
4.15,9.597381880876642e-05,0.0005985019800255737,-0.022491862202010805,-4.1007757737355405e-77,0.0,-0.0033799999999999976,False,False,True,NORMAL,1.0,False
4.151,9.656105825400131e-05,0.0005759605245440019,-0.022590178893966296,-3.71053536305128e-77,0.0,-0.0033799999999999976,False,False,True,NORMAL,1.0,False
4.152,9.712570795588793e-05,0.0005533233643539614,-0.022683269336605725,-3.357431237434442e-77,0.0,-0.003210000000000002,False,True,True,NORMAL,1.0,False
4.1530000000000005,9.766767482507496e-05,0.0005305957323523993,-0.022771120434170466,-3.037929412113457e-77,0.0,-0.003210000000000002,False,False,True,NORMAL,1.0,False
4.154,9.818687101145637e-05,0.0005077828739333184,-0.022853720288477663,-2.748832205432241e-77,0.0,-0.003210000000000002,False,False,True,NORMAL,1.0,False
4.155,9.868321391606954e-05,0.00048489004578973835,-0.022931058199800253,-2.4872462353774013e-77,0.0,-0.003210000000000002,False,False,True,NORMAL,1.0,False
4.156,9.915662620179486e-05,0.0004619225147149128,-0.02300312466747621,-2.2505534616385482e-77,0.0,-0.003210000000000002,False,False,True,NORMAL,1.0,False
4.157,9.960703580285643e-05,0.00043888555640307257,-0.023069911390247305,-2.036384983380915e-77,0.0,-0.003279999999999998,False,True,True,NORMAL,1.0,False
4.158,0.0001000343759331233,0.00041578445424996494,-0.02313141126632769,-1.8425973304895873e-77,0.0,-0.003279999999999998,False,False,True,NORMAL,1.0,False
4.159,0.00010043858509321127,0.0003926244981534595,-0.023187618393202724,-1.6672510110001498e-77,0.0,-0.003279999999999998,False,False,True,NORMAL,1.0,False
4.16,0.00010081960707638542,0.00036941098331448965,-0.02323852806715845,-1.5085911000112187e-77,0.0,-0.003279999999999998,False,False,True,NORMAL,1.0,False
4.1610000000000005,0.00010117739097326389,0.00034614920903859933,-0.023284136782542274,-1.3650296758061791e-77,0.0,-0.003279999999999998,False,False,True,NORMAL,1.0,False
4.162,0.00010151189117532369,0.0003228444775383631,-0.023324442230755377,-1.235129927398926e-77,0.0,-0.007475000000000001,False,True,True,NORMAL,1.0,False
4.163,0.00010182306737720931,0.00029950209273694756,-0.023359443298977517,-1.1175917744465862e-77,0.0,-0.007475000000000001,False,False,True,NORMAL,1.0,False
4.164,0.0001021108845778457,0.00027612735907308174,-0.023389140068624907,-1.0112388556084755e-77,0.0,-0.007475000000000001,False,False,True,NORMAL,1.0,False
4.165,0.00010237531308035702,0.0002527255803077027,-0.023413533813541883,-9.150067551264115e-78,0.0,-0.007475000000000001,False,False,True,NORMAL,1.0,False
4.166,0.00010261632849079295,0.00022930205833254205,-0.02343262699792723,-8.279323497940437e-78,0.0,-0.007475000000000001,False,False,True,NORMAL,1.0,False
4.167,0.00010283391171566473,0.00020586209198091872,-0.02344642327399594,-7.491441696960874e-78,0.0,-0.005044999999999999,False,True,True,NORMAL,1.0,False
4.168,0.00010302804895829307,0.0001824109758410016,-0.02345492747937744,-6.778536762445004e-78,0.0,-0.005044999999999999,False,False,True,NORMAL,1.0,False
4.1690000000000005,0.00010319873171397086,0.00015895399907180557,-0.02345814563425115,-6.13347370219257e-78,0.0,-0.005044999999999999,False,False,True,NORMAL,1.0,False
4.17,0.0001033459567639432,0.00013549644422218275,-0.023456084938220493,-5.549796508283382e-78,0.0,-0.005044999999999999,False,False,True,NORMAL,1.0,False
4.171,0.00010346972616820805,0.00011204358605307006,-0.023448753766926417,-5.021663543180119e-78,0.0,-0.005044999999999999,False,False,True,NORMAL,1.0,False
4.172,0.00010357004725714098,8.860069036325297e-05,-0.0234361616684016,-4.543789074656407e-78,0.0,-0.005254999999999999,False,True,True,NORMAL,1.0,False
4.173,0.00010364693262194738,6.51730128189044e-05,-0.023418319359166516,-4.1113903744121054e-78,0.0,-0.005254999999999999,False,False,True,NORMAL,1.0,False
4.174,0.00010370040010394633,4.176579778715587e-05,-0.023395238720068656,-3.720139850920946e-78,0.0,-0.005254999999999999,False,False,True,NORMAL,1.0,False
4.175,0.0001037304727826901,1.8384277173957416e-05,-0.023366932791866208,-3.366121737439988e-78,0.0,-0.005254999999999999,False,False,True,NORMAL,1.0,False
4.176,0.0001037371789629238,-4.966330733518944e-06,-0.023333415770557576,-3.045792901699917e-78,0.0,-0.005254999999999999,False,False,True,NORMAL,1.0,False
4.1770000000000005,0.00010372055216038977,-2.8280822419678854e-05,-0.02329470300245818,-2.755947385046406e-78,0.0,-0.002990000000000002,False,True,True,NORMAL,1.0,False
4.178,0.00010368063108648172,-5.155401028825629e-05,-0.023250810979026003,-2.4936843161283443e-78,0.0,-0.002990000000000002,False,False,True,NORMAL,1.0,False
4.179,0.0001036174596317537,-7.478072380476477e-05,-0.023201757331437436,-2.2563788780023385e-78,0.0,-0.002990000000000002,False,False,True,NORMAL,1.0,False
4.18,0.00010353108684828939,-9.795581063340023e-05,-0.023147560824915012,-2.0416560380825112e-78,0.0,-0.002990000000000002,False,False,True,NORMAL,1.0,False
4.181,0.00010342156693093743,-0.00012107413776814833,-0.023088241352808698,-1.8473667780161061e-78,0.0,-0.002990000000000002,False,False,True,NORMAL,1.0,False
4.182,0.00010328895919741852,-0.00014413059265785038,-0.023023819930432392,-1.671566585585503e-78,0.0,-0.00371,False,True,True,NORMAL,1.0,False
4.183,0.00010313332806731065,-0.0001671200843249843,-0.02295431868865742,-1.5124959933763714e-78,0.0,-0.00371,False,False,True,NORMAL,1.0,False
4.184,0.00010295474303991882,-0.0001900375444779181,-0.022879760867264856,-1.3685629694364096e-78,0.0,-0.00371,False,False,True,NORMAL,1.0,False
4.1850000000000005,0.00010275327867103579,-0.00021287792861639606,-0.02280017080805846,-1.2383269836844667e-78,0.0,-0.00371,False,False,True,NORMAL,1.0,False
4.186,0.00010252901454860088,-0.00023563621713001889,-0.02271557394774017,-1.1204845906013106e-78,0.0,-0.00371,False,False,True,NORMAL,1.0,False
4.187,0.00010228203526726392,-0.00025830741638948137,-0.022625996810550157,-1.013856383908769e-78,0.0,-0.00371,False,True,True,NORMAL,1.0,False
4.188,0.00010201243040186156,-0.0002808865598303333,-0.02253146700067335,-9.173751926752851e-79,0.0,-0.00371,False,False,True,NORMAL,1.0,False
4.189,0.00010172029447981385,-0.00030336870902903095,-0.02243201319441457,-8.300754007105458e-79,0.0,-0.00371,False,False,True,NORMAL,1.0,False
4.19,0.0001014057269524485,-0.00032574895477104906,-0.022327665132144337,-7.510832823540947e-79,0.0,-0.00371,False,False,True,NORMAL,1.0,False
4.191,0.00010106883216526126,-0.0003480224181108244,-0.022218453610017546,-6.796082579352527e-79,0.0,-0.00371,False,False,True,NORMAL,1.0,False
4.192,0.00010070971932712047,-0.00037018425142330597,-0.022104410471467148,-6.149349813860505e-79,0.0,-0.004259999999999998,False,True,True,NORMAL,1.0,False
4.1930000000000005,0.00010032850247842431,-0.00039222963944688673,-0.021985568598475138,-5.564161808173448e-79,0.0,-0.004259999999999998,False,False,True,NORMAL,1.0,False
4.194,9.992530045821964e-05,-0.0004141538003174964,-0.021861961902623173,-5.034661804041959e-79,0.0,-0.004259999999999998,False,False,True,NORMAL,1.0,False
4.195,9.950023687029112e-05,-0.00043595198659363547,-0.021733625315925046,-4.555550387453592e-79,0.0,-0.004259999999999998,False,False,True,NORMAL,1.0,False
4.196,9.905344004822998e-05,-0.00045761948627213344,-0.021600594781443543,-4.122032450316223e-79,0.0,-0.004259999999999998,False,False,True,NORMAL,1.0,False
4.197,9.85850430194918e-05,-0.00047915162379441747,-0.02146290724369403,-3.729769199404571e-79,0.0,-0.006529999999999999,False,True,True,NORMAL,1.0,False
4.198,9.809518346845278e-05,-0.0005005437610430787,-0.021320600638837256,-3.374834732259279e-79,0.0,-0.006529999999999999,False,False,True,NORMAL,1.0,False
4.199,9.758400369847441e-05,-0.0005217912983285272,-0.02117371388466395,-3.053676745435565e-79,0.0,-0.006529999999999999,False,False,True,NORMAL,1.0,False
4.2,9.705165059298655e-05,-0.0005428896753655284,-0.02102228687037368,-2.763080981856369e-79,0.0,-0.006529999999999999,False,False,True,NORMAL,1.0,False
4.2010000000000005,9.64982755755991e-05,-0.0005638343722394167,-0.020866360446150672,-2.5001390614471807e-79,0.0,-0.006529999999999999,False,False,True,NORMAL,1.0,False
4.202,9.592403456925266e-05,-0.0005846209103617845,-0.020705976412539174,-2.2622193730907142e-79,0.0,-0.001105000000000001,False,True,True,NORMAL,1.0,False
4.203,9.532908795441897e-05,-0.0006052448534154472,-0.020541177509621096,-2.0469407365783287e-79,0.0,-0.001105000000000001,False,False,True,NORMAL,1.0,False
4.204,9.471360052636164e-05,-0.0006257018082884882,-0.020372007405998635,-1.85214857095816e-79,0.0,-0.001105000000000001,False,False,True,NORMAL,1.0,False
4.205,9.407774145146858e-05,-0.000645987425997191,-0.020198510687584645,-1.675893330764774e-79,0.0,-0.001105000000000001,False,False,True,NORMAL,1.0,False
4.206,9.342168422266698e-05,-0.0006660974025976648,-0.020020732846203575,-1.5164109943128823e-79,0.0,-0.001105000000000001,False,False,True,NORMAL,1.0,False
4.207,9.274560661393246e-05,-0.0006860274800859798,-0.019838720268005833,-1.3721054087754105e-79,0.0,-0.0015449999999999986,False,False,True,NORMAL,1.0,False
4.208,9.20496906339039e-05,-0.0007057734472866234,-0.019652520221698444,-1.2415323153495173e-79,0.0,-0.0015449999999999986,False,False,True,NORMAL,1.0,False
4.2090000000000005,9.133412247861578e-05,-0.0007253311407290959,-0.019462180846594908,-1.1233848946290638e-79,0.0,-0.0015449999999999986,False,False,True,NORMAL,1.0,False
4.21,9.059909248335977e-05,-0.0007446964455124689,-0.019267751140487246,-1.0164806875167605e-79,0.0,-0.0015449999999999986,False,False,True,NORMAL,1.0,False
4.211,8.984479507368807e-05,-0.0007638652961577262,-0.019069280947343226,-9.197497607760826e-80,0.0,-0.0015449999999999986,False,False,True,NORMAL,1.0,False
4.212,8.907142871557042e-05,-0.0007828336774477164,-0.01886682094483177,-8.32223998779822e-80,0.0,-0.0034649999999999998,False,True,True,NORMAL,1.0,False
4.213,8.827919586471751e-05,-0.0008015976252545466,-0.018660422631679618,-7.530274142834956e-80,0.0,-0.0034649999999999998,False,False,True,NORMAL,1.0,False
4.214,8.746830291508331e-05,-0.0008201532273542491,-0.01845013831486237,-6.81367381250573e-80,0.0,-0.0034649999999999998,False,False,True,NORMAL,1.0,False
4.215,8.663896014655918e-05,-0.0008384966242285583,-0.018236021096632974,-6.1652670198469175e-80,0.0,-0.0034649999999999998,False,False,True,NORMAL,1.0,False
4.216,8.57913816718727e-05,-0.0008566240098536354,-0.018018124861390903,-5.578564291740539e-80,0.0,-0.0034649999999999998,False,False,True,NORMAL,1.0,False
4.2170000000000005,8.49257853827044e-05,-0.0008745316324755846,-0.017796504262395114,-5.0476937100861105e-80,0.0,-0.0012649999999999983,False,True,True,NORMAL,1.0,False
4.218,8.404239289503562e-05,-0.000892215795372605,-0.017571214708324106,-4.567342143670669e-80,0.0,-0.0012649999999999983,False,False,True,NORMAL,1.0,False
4.219,8.31414294937409e-05,-0.0009096728576036279,-0.01734231234968626,-4.132702072565793e-80,0.0,-0.0012649999999999983,False,False,True,NORMAL,1.0,False
4.22,8.222312407643874e-05,-0.0009268992347432903,-0.017109854065083783,-3.7394234728522906e-80,0.0,-0.0012649999999999983,False,False,True,NORMAL,1.0,False
4.221,8.128770909661404e-05,-0.0009438913996031012,-0.016873897447333506,-3.383570280118728e-80,0.0,-0.0012649999999999983,False,False,True,NORMAL,1.0,False
4.222,8.03354205060265e-05,-0.0009606458829386586,-0.01663450078944798,-3.061580996005838e-80,0.0,-0.0012600000000000016,False,True,True,NORMAL,1.0,False
4.223,7.936649769641881e-05,-0.000977159274142778,-0.016391723070480067,-2.7702330435338837e-80,0.0,-0.0012600000000000016,False,False,True,NORMAL,1.0,False
4.224,7.838118344053871e-05,-0.0009934282219243998,-0.01614562394123461,-2.5066105144690972e-80,0.0,-0.0012600000000000016,False,False,True,NORMAL,1.0,False
4.225,7.737972383248949e-05,-0.0010094494349731434,-0.01589626370985042,-2.268074985934006e-80,0.0,-0.0012600000000000016,False,False,True,NORMAL,1.0,False
4.226,7.636236822742297e-05,-0.0010252196826093787,-0.015643703327256103,-2.0522391141844714e-80,0.0,-0.0012600000000000016,False,False,True,NORMAL,1.0,False
4.227,7.532936918058986e-05,-0.0010407357954196933,-0.015388004372503176,-1.8569427412710817e-80,0.0,-0.0023900000000000015,False,True,True,NORMAL,1.0,False
4.228,7.42809823857619e-05,-0.0010559946658776312,-0.01512922903797998,-1.6802312754523423e-80,0.0,-0.0023900000000000015,False,False,True,NORMAL,1.0,False
4.229,7.321746661304074e-05,-0.0010709932489495894,-0.014867440114509783,-1.5203361289835645e-80,0.0,-0.0023900000000000015,False,False,True,NORMAL,1.0,False
4.23,7.213908364606835e-05,-0.0010857285626857537,-0.014602700976336749,-1.375657017496274e-80,0.0,-0.0023900000000000015,False,False,True,NORMAL,1.0,False
4.231,7.104609821865403e-05,-0.001100197688795968,-0.014335075566003207,-1.2447459438143774e-80,0.0,-0.0023900000000000015,False,False,True,NORMAL,1.0,False
4.232,6.993877795083317e-05,-0.0011143977732104272,-0.014064628379121822,-1.1262927059117348e-80,0.0,-0.0017699999999999992,False,True,True,NORMAL,1.0,False
4.233,6.881739328437288e-05,-0.0011283260266250904,-0.013791424449046262,-1.0191117839699083e-80,0.0,-0.0017699999999999992,False,False,True,NORMAL,1.0,False
4.234,6.768221741773996e-05,-0.0011419797250317174,-0.013515529331443914,-9.221304752973523e-81,0.0,-0.0017699999999999992,False,False,True,NORMAL,1.0,False
4.235,6.653352624054645e-05,-0.0011553562102324282,-0.013237009088774312,-8.343781583603284e-81,0.0,-0.0017699999999999992,False,False,True,NORMAL,1.0,False
4.236,6.537159826748859e-05,-0.0011684528903386972,-0.012955930274676885,-7.549765784763585e-81,0.0,-0.0017699999999999992,False,False,True,NORMAL,1.0,False
4.237,6.419671457179437e-05,-0.0011812672402546904,-0.012672359918271701,-6.8313105794617125e-81,0.0,-0.003004999999999999,False,True,True,NORMAL,1.0,False
4.238,6.30091587181958e-05,-0.0011937968021448614,-0.012386365508376766,-6.181225426521871e-81,0.0,-0.003004999999999999,False,False,True,NORMAL,1.0,False
4.239,6.180921669544141e-05,-0.0012060391858857245,-0.01209801497764573,-5.593004055232273e-81,0.0,-0.003004999999999999,False,False,True,NORMAL,1.0,False
4.24,6.059717684836485e-05,-0.0012179920695017273,-0.011807376686629501,-5.06075934840102e-81,0.0,-0.003004999999999999,False,False,True,NORMAL,1.0,False
4.241,5.937332980952579e-05,-0.0012296531995851494,-0.011514519407765577,-4.579164422108524e-81,0.0,-0.003004999999999999,False,False,True,NORMAL,1.0,False
4.242,5.813796843043873e-05,-0.0012410203916999537,-0.011219512309298784,-4.143399312462804e-81,0.0,-0.0016649999999999992,False,True,True,NORMAL,1.0,False
4.243,5.689138771240614e-05,-0.0012520915307695276,-0.010922424939137091,-3.749102735780813e-81,0.0,-0.0016649999999999992,False,False,True,NORMAL,1.0,False
4.244,5.5633884736971904e-05,-0.001262864571448248,-0.010623327208646305,-3.392328439395463e-81,0.0,-0.0016649999999999992,False,False,True,NORMAL,1.0,False
4.245,5.436575859601129e-05,-0.0012733375384768129,-0.01032228937638732,-3.069505706232547e-81,0.0,-0.0016649999999999992,False,False,True,NORMAL,1.0,False
4.246,5.308731032147376e-05,-0.0012835085270212823,-0.010019382031799673,-2.7774036178741024e-81,0.0,-0.0016649999999999992,False,False,True,NORMAL,1.0,False
4.247,5.17988428147949e-05,-0.001293375702995778,-0.009714676078835185,-2.5130987184409357e-81,0.0,0.0006749999999999981,False,True,True,NORMAL,1.0,False
4.248,5.0500660775993825e-05,-0.0013029373033687922,-0.009408242719545422,-2.273945755663575e-81,0.0,0.0006749999999999981,False,False,True,NORMAL,1.0,False
4.249,4.9193070632472515e-05,-0.0013121916364530646,-0.00910015343762672,-2.0575512063084582e-81,0.0,0.0006749999999999981,False,False,True,NORMAL,1.0,False
4.25,4.787638046753347e-05,-0.0013211370821789826,-0.008790479981926556,-1.8617493209929192e-81,0.0,0.0006749999999999981,False,False,True,NORMAL,1.0,False
4.251,4.655089994863225e-05,-0.001329772092351471,-0.00847929434991505,-1.6845804486374337e-81,0.0,0.0006749999999999981,False,False,True,NORMAL,1.0,False
4.252,4.52169402553814e-05,-0.0013380951908903375,-0.00816666877112531,-1.5242714236189538e-81,0.0,-0.00027999999999999965,False,True,True,NORMAL,1.0,False
4.253,4.387481400732228e-05,-0.001346104974054044,-0.007852675690566448,-1.3792178193333703e-81,0.0,-0.00027999999999999965,False,False,True,NORMAL,1.0,False
4.2540000000000004,4.2524835191481446e-05,-0.001353800110646879,-0.007537387752113007,-1.2479678905547932e-81,0.0,-0.00027999999999999965,False,False,True,NORMAL,1.0,False
4.255,4.1167319089728165e-05,-0.0013611793422095106,-0.007220877781874572,-1.129208043881382e-81,0.0,-0.00027999999999999965,False,False,True,NORMAL,1.0,False
4.256,3.9802582205949686e-05,-0.0013682414831928977,-0.006903218771549333,-1.0217496908510661e-81,0.0,-0.00027999999999999965,False,False,True,NORMAL,1.0,False
4.257,3.8430942193060926e-05,-0.0013749854211155509,-0.0065844838617653825,-9.245173521487185e-82,0.0,0.0007899999999999993,False,True,True,NORMAL,1.0,False
4.258,3.705271777986526e-05,-0.0013814101167041299,-0.006264746325413488,-8.365378938476885e-82,0.0,0.0007899999999999993,False,False,True,NORMAL,1.0,False
4.259,3.566822869778298e-05,-0.0013875146040173696,-0.005944079550975116,-7.56930787958382e-82,0.0,0.0007899999999999993,False,False,True,NORMAL,1.0,False
4.26,3.4277795607464225e-05,-0.0013932979905533348,-0.005622557025849449,-6.848992998081867e-82,0.0,0.0007899999999999993,False,False,True,NORMAL,1.0,False
4.261,3.288174002530297e-05,-0.0013987594573400019,-0.005300252319683166,-6.197225140530762e-82,0.0,0.0007899999999999993,False,False,True,NORMAL,1.0,False
4.2620000000000005,3.148038424986877e-05,-0.0014038982590091741,-0.004977239067706712,-5.60748119514539e-82,0.0,0.0011399999999999993,False,True,True,NORMAL,1.0,False
4.263,3.0074051288272905e-05,-0.0014087137238537376,-0.004653590954080797,-5.073858806300552e-82,0.0,0.0011399999999999993,False,False,True,NORMAL,1.0,False
4.264,2.8663064782485613e-05,-0.0014132052538682704,-0.0043293816952568575,-4.591017301772007e-82,0.0,0.0011399999999999993,False,False,True,NORMAL,1.0,False
4.265,2.724774893562103e-05,-0.0014173723247730208,-0.004004685023355201,-4.1541242414938e-82,0.0,0.0011399999999999993,False,False,True,NORMAL,1.0,False
4.266,2.5828428438206452e-05,-0.001421214486021274,-0.0036795746695645407,-3.758807052873839e-82,0.0,0.0011399999999999993,False,False,True,NORMAL,1.0,False
4.267,2.4405428394452512e-05,-0.0014247313607901305,-0.003354124347566619,-3.4011092686177185e-82,0.0,0.000390000000000001,False,True,True,NORMAL,1.0,False
4.268,2.2979074248540897e-05,-0.001427922645954723,-0.0030284077369896177,-3.077450929074227e-82,0.0,0.000390000000000001,False,False,True,NORMAL,1.0,False
4.269,2.1549691710946083e-05,-0.0014307881120459037,-0.0027024984668940133,-2.784592752795888e-82,0.0,0.000390000000000001,False,False,True,NORMAL,1.0,False
4.2700000000000005,2.0117606684807657e-05,-0.0014333276031914337,-0.0023764700992945724,-2.5196037167214762e-82,0.0,0.000390000000000001,False,False,True,NORMAL,1.0,False
4.271,1.8683145192369663e-05,-0.0014355410370407151,-0.0020503961127221015,-2.2798317215120678e-82,0.0,0.000390000000000001,False,False,True,NORMAL,1.0,False
4.272,1.7246633301503446e-05,-0.0014374284046731057,-0.0017243498858286169,-2.062877048449456e-82,0.0,0.0019749999999999998,False,True,True,NORMAL,1.0,False
4.273,1.5808397052330357e-05,-0.0014389897704898621,-0.0013984046810395373,-1.8665683422446468e-82,0.0,0.0019749999999999998,False,False,True,NORMAL,1.0,False
4.274,1.4368762383960689e-05,-0.0014402252720897605,-0.001072633628256514,-1.6889408793843076e-82,0.0,0.0019749999999999998,False,False,True,NORMAL,1.0,False
4.275,1.2928055061365124e-05,-0.0014411351201284463,-0.0007471097086144835,-1.5282169045174797e-82,0.0,0.0019749999999999998,False,False,True,NORMAL,1.0,False
4.276,1.1486600602394953e-05,-0.0014417195981615703,-0.00042190573829650903,-1.382787838082503e-82,0.0,0.0019749999999999998,False,False,True,NORMAL,1.0,False
4.277,1.0044724204967231e-05,-0.0014419790624717696,-9.709435240997273e-05,-1.2511981771020985e-82,0.0,-0.0017650000000000005,False,True,True,NORMAL,1.0,False
4.2780000000000005,8.602750674431014e-06,-0.0014419139418795567,0.0002272520110723568,-1.132130928020362e-82,0.0,-0.0017650000000000005,False,False,True,NORMAL,1.0,False
4.279,7.161004351130713e-06,-0.0014415247375381838,0.0005510611273028651,-1.0243944257885991e-82,0.0,-0.0017650000000000005,False,False,True,NORMAL,1.0,False
4.28,5.7198090381825795e-06,-0.0014408120227125522,0.0008742610004777476,-9.269104072809854e-83,0.0,-0.0017650000000000005,False,False,True,NORMAL,1.0,False
4.281,4.2794879294802135e-06,-0.0014397764425422407,0.001196779879680313,-8.387032196747866e-83,0.0,-0.0017650000000000005,False,False,True,NORMAL,1.0,False
4.282,2.8403635379449687e-06,-0.0014384187137887292,0.0015185462746454756,-7.5889005578898e-83,0.0,0.0011200000000000003,False,True,True,NORMAL,1.0,False
4.283,1.40275762403699e-06,-0.0014367396245668989,0.0018394889714420251,-6.866721186532659e-83,0.0,0.0011200000000000003,False,False,True,NORMAL,1.0,False
4.284,-3.3008875457417324e-08,-0.001434740034060893,0.002159537048069258,-6.2132662687950315e-83,0.0,0.0011200000000000003,False,False,True,NORMAL,1.0,False
4.285,-1.4666159183464956e-06,-0.0014324208722244253,0.0024786198899645995,-5.621995808226417e-83,0.0,0.0011200000000000003,False,False,True,NORMAL,1.0,False
4.2860000000000005,-2.897744427646312e-06,-0.0014297831394656255,0.002796667205418858,-5.0869921713245785e-83,0.0,0.0011200000000000003,False,False,True,NORMAL,1.0,False
4.287,-4.326076361871192e-06,-0.0014268279063165187,0.0031136090408957957,-4.602900861870471e-83,0.0,0.0005399999999999997,False,True,True,NORMAL,1.0,False
4.288,-5.751294784985988e-06,-0.001423556313087234,0.0034293757962526976,-4.164876931330369e-83,0.0,0.0005399999999999997,False,False,True,NORMAL,1.0,False
4.289,-7.173083936004959e-06,-0.0014199695695050422,0.0037438982398586783,-3.7685364889825014e-83,0.0,0.0005399999999999997,False,False,True,NORMAL,1.0,False
4.29,-8.591129298222153e-06,-0.0014160689543383296,0.004057107523607479,-3.409912826465227e-83,0.0,0.0005399999999999997,False,False,True,NORMAL,1.0,False
4.291,-1.000511766805827e-05,-0.0014118558150056119,0.004368935197821528,-3.085416717626497e-83,0.0,0.0005399999999999997,False,False,True,NORMAL,1.0,False
4.292,-1.141473722350911e-05,-0.0014073315671696996,0.004679313226044098,-2.791800496342145e-83,0.0,0.0026049999999999997,False,False,True,NORMAL,1.0,False
4.293,-1.2819677592180802e-05,-0.0014024976943171291,0.004988173999716374,-2.5261255527817366e-83,0.0,0.0026049999999999997,False,False,True,NORMAL,1.0,False
4.2940000000000005,-1.421962991889715e-05,-0.0013973557473229757,0.005295450352736322,-2.2857329228136876e-83,0.0,0.0026049999999999997,False,False,True,NORMAL,1.0,False
4.295,-1.5614286932864536e-05,-0.0013919073440011671,0.00560107557589627,-2.0682166761985244e-83,0.0,0.0026049999999999997,False,False,True,NORMAL,1.0,False
4.296,-1.7003343014379927e-05,-0.001386154168640423,0.005904983431196118,-1.871399837230387e-83,0.0,0.0026049999999999997,False,False,True,NORMAL,1.0,False
4.297,-1.8386494261067705e-05,-0.0013800979715259424,0.006207108166029148,-1.6933125968324583e-83,0.0,-3.5e-05,False,True,True,NORMAL,1.0,False
4.298,-1.9763438553631094e-05,-0.0013737405684469733,0.006507384527237456,-1.5321725980456473e-83,0.0,-3.5e-05,False,False,True,NORMAL,1.0,False
4.299,-2.1133875621104153e-05,-0.0013670838401903902,0.00680574777503402,-1.3863670976010716e-83,0.0,-3.5e-05,False,False,True,NORMAL,1.0,False
4.3,-2.2497507105590428e-05,-0.0013601297320204192,0.007102133696788474,-1.2544368250433606e-83,0.0,-3.5e-05,False,False,True,NORMAL,1.0,False
4.301,-2.385403662647443e-05,-0.0013528802531446466,0.007396478620673716,-1.135061377861461e-83,0.0,-3.5e-05,False,False,True,NORMAL,1.0,False
4.3020000000000005,-2.5203169844092345e-05,-0.0013453374761664514,0.0076887194291704545,-1.027046006456503e-83,0.0,0.004365,False,True,True,NORMAL,1.0,False
4.303,-2.654461452284845e-05,-0.001337503536524005,0.007978793572426908,-9.293096566862455e-84,0.0,0.004365,False,False,True,NORMAL,1.0,False
4.304,-2.7878080593763837e-05,-0.0013293806319159857,0.008266639081470841,-8.408741503118663e-84,0.0,0.004365,False,False,True,NORMAL,1.0,False
4.305,-2.920328021644432e-05,-0.0013209710217141559,0.008552194581271206,-7.608543950613704e-84,0.0,0.004365,False,False,True,NORMAL,1.0,False
4.306,-3.051992784045438e-05,-0.0013122770263629528,0.008835399303646664,-6.884495263286422e-84,0.0,0.004365,False,False,True,NORMAL,1.0,False
4.307,-3.182774026608429e-05,-0.0013033010267662502,0.00911619310001834,-6.22934891851288e-84,0.0,0.002175,False,True,True,NORMAL,1.0,False
4.308,-3.312643670449764e-05,-0.0012940454636614454,0.009394516454004137,-5.636547991472291e-84,0.0,0.002175,False,False,True,NORMAL,1.0,False
4.309,-3.4415738837246675e-05,-0.0012845128369810316,0.00967031049385205,-5.100159531239561e-84,0.0,0.002175,False,False,True,NORMAL,1.0,False
4.3100000000000005,-3.5695370875143045e-05,-0.0012747057052018202,0.009943517004709915,-4.614815181818294e-84,0.0,0.002175,False,False,True,NORMAL,1.0,False
4.311,-3.6965059616471633e-05,-0.0012646266846819743,0.010214078440729078,-4.175657453829612e-84,0.0,0.002175,False,False,True,NORMAL,1.0,False
4.312,-3.8224534504535405e-05,-0.0012542784489860239,0.010481937936999502,-3.7782911091257945e-84,0.0,0.00101,False,True,True,NORMAL,1.0,False
4.313,-3.947352768451935e-05,-0.0012436637281980306,0.010747039321313899,-3.4187391717696057e-84,0.0,0.00101,False,False,True,NORMAL,1.0,False
4.314,-4.071177405966173e-05,-0.0012327853082230754,0.011009327125758502,-3.093403125122405e-84,0.0,0.00101,False,False,True,NORMAL,1.0,False
4.315,-4.193901134672101e-05,-0.0012216460300772426,0.011268746598128088,-2.799026896680125e-84,0.0,0.00101,False,False,True,NORMAL,1.0,False
4.316,-4.3154980130727156e-05,-0.0012102487891662778,0.011525243713163028,-2.5326642702052486e-84,0.0,0.00101,False,False,True,NORMAL,1.0,False
4.317,-4.435942391900598e-05,-0.0011985965345530987,0.011778765183605993,-2.291649399004445e-84,0.0,0.0024200000000000003,False,True,True,NORMAL,1.0,False
4.3180000000000005,-4.555208919446545e-05,-0.001186692268214341,0.012029258471076236,-2.07357012523884e-84,0.0,0.0024200000000000003,False,False,True,NORMAL,1.0,False
4.319,-4.673272546813323e-05,-0.0011745390442861206,0.012276671796759158,-1.8762438382376134e-84,0.0,0.0024200000000000003,False,False,True,NORMAL,1.0,False
4.32,-4.790108533093458e-05,-0.0011621399682992014,0.012520954151909083,-1.6976956301968005e-84,0.0,0.0024200000000000003,False,False,True,NORMAL,1.0,False
4.321,-4.905692450470025e-05,-0.0011494981964037527,0.012762055308163184,-1.5361385306382042e-84,0.0,0.0024200000000000003,False,False,True,NORMAL,1.0,False
4.322,-5.020000189239403e-05,-0.0011366169345838895,0.012999925827664491,-1.3899556218082254e-84,0.0,0.004829999999999999,False,True,True,NORMAL,1.0,False
4.323,-5.133007962754974e-05,-0.001123499437862185,0.013234517072991966,-1.2576838560215212e-84,0.0,0.004829999999999999,False,False,True,NORMAL,1.0,False
4.324,-5.2446923122907846e-05,-0.001110149009494351,0.013465781216895793,-1.1379994129880228e-84,0.0,0.004829999999999999,False,False,True,NORMAL,1.0,False
4.325,-5.355030111824195e-05,-0.001096569000154281,0.013693671251835859,-1.02970445057452e-84,0.0,0.004829999999999999,False,False,True,NORMAL,1.0,False
4.3260000000000005,-5.4639985727365506e-05,-0.0010827628071096538,0.013918140999321722,-9.31715116397985e-85,0.0,0.004829999999999999,False,False,True,NORMAL,1.0,False
4.327,-5.571575248430958e-05,-0.001068733873388297,0.014139145119052102,-8.430507002666262e-85,0.0,0.004495000000000001,False,True,True,NORMAL,1.0,False
4.328,-5.677738038866239e-05,-0.0010544856869355126,0.014356639117852305,-7.628238189026617e-85,0.0,0.004495000000000001,False,False,True,NORMAL,1.0,False
4.329,-5.782465195006176e-05,-0.0010400217797625667,0.014570579358407748,-6.902315347122148e-85,0.0,0.004495000000000001,False,False,True,NORMAL,1.0,False
4.33,-5.885735323183172e-05,-0.0010253457270865476,0.014780923067791957,-6.245473197159982e-85,0.0,0.004495000000000001,False,False,True,NORMAL,1.0,False
4.331,-5.987527389375474e-05,-0.0010104611464618006,0.014987628345787516,-5.651137842131027e-85,0.0,0.004495000000000001,False,False,True,NORMAL,1.0,False
4.332,-6.087820723397128e-05,-0.0009953716969031449,0.015190654172998252,-5.1133609740391426e-85,0.0,0.004605,False,True,True,NORMAL,1.0,False
4.333,-6.18659502299985e-05,-0.000980081078001084,0.015389960418751292,-4.626760341235417e-85,0.0,0.004605,False,False,True,NORMAL,1.0,False
4.3340000000000005,-6.283830357886036e-05,-0.0009645930290292193,0.015585507848787409,-4.1864658810346294e-85,0.0,0.004605,False,False,True,NORMAL,1.0,False
4.335,-6.379507173632114e-05,-0.0009489113280440803,0.015777258132738378,-3.7880709784910124e-85,0.0,0.004605,False,False,True,NORMAL,1.0,False
4.336,-6.473606295521533e-05,-0.0009330397909775839,0.015965173851389822,-3.427588363514758e-85,0.0,0.004605,False,False,True,NORMAL,1.0,False
4.337,-6.566108932286615e-05,-0.0009169822707223392,0.016149218503728392,-3.1014102049327937e-85,0.0,0.0030299999999999975,False,True,True,NORMAL,1.0,False
4.338,-6.65699667975861e-05,-0.0009007426562100131,0.01632935651377189,-2.806272002101765e-85,0.0,0.0030299999999999975,False,False,True,NORMAL,1.0,False
4.339,-6.746251524425228e-05,-0.0008843248714829751,0.016505553237181225,-2.539219912688364e-85,0.0,0.0030299999999999975,False,False,True,NORMAL,1.0,False
4.34,-6.833855846895028e-05,-0.0008677328747594393,0.01667777496765297,-2.2975811896224338e-85,0.0,0.0030299999999999975,False,False,True,NORMAL,1.0,False
4.341,-6.919792425267992e-05,-0.0008509706574923247,0.01684598894309147,-2.0789374313459513e-85,0.0,0.0030299999999999975,False,False,True,NORMAL,1.0,False
4.3420000000000005,-7.00404443841169e-05,-0.0008340422434220532,0.01701016335155938,-1.8811003776373803e-85,0.0,0.0006600000000000009,False,True,True,NORMAL,1.0,False
4.343,-7.086595469142418e-05,-0.0008169516876235091,0.0171702673370057,-1.7020900087678755e-85,0.0,0.0006600000000000009,False,False,True,NORMAL,1.0,False
4.344,-7.167429507310766e-05,-0.0007997030755473815,0.017326271004770296,-1.540114728798328e-85,0.0,0.0006600000000000009,False,False,True,NORMAL,1.0,False
4.345,-7.246530952791036e-05,-0.0007823005220561148,0.017478145426864003,-1.393553434685031e-85,0.0,0.0006600000000000009,False,False,True,NORMAL,1.0,False
4.346,-7.323884618373996e-05,-0.0007647481704546915,0.017625862647023528,-1.2609392917355467e-85,0.0,0.0006600000000000009,False,False,True,NORMAL,1.0,False
4.347,-7.399475732562472e-05,-0.0007470501915164729,0.01776939568554027,-1.1409450530340836e-85,0.0,0.0037499999999999986,False,True,True,NORMAL,1.0,False
4.348,-7.473289942269277e-05,-0.0007292107825043248,0.01790871854386236,-1.0323697759082611e-85,0.0,0.0037499999999999986,False,False,True,NORMAL,1.0,False
4.349,-7.545313315417028e-05,-0.000711234166187254,0.01804380620896919,-9.34126802491193e-86,0.0,0.0037499999999999986,False,False,True,NORMAL,1.0,False
4.3500000000000005,-7.615532343439417e-05,-0.0006931245898527851,0.018174634657517865,-8.452328840843178e-86,0.0,0.0037499999999999986,False,False,True,NORMAL,1.0,False
4.351,-7.683933943683513e-05,-0.0006748863243153052,0.01830118085976086,-7.647983404739416e-86,0.0,0.0037499999999999986,False,False,True,NORMAL,1.0,False
4.352,-7.750505461712702e-05,-0.0006565236629206042,0.018423422783234486,-6.92018155712628e-86,0.0,0.0034100000000000007,False,True,True,NORMAL,1.0,False
4.353,-7.81523467350991e-05,-0.0006380409205468435,0.018541339396217563,-6.261639212490209e-86,0.0,0.0034100000000000007,False,False,True,NORMAL,1.0,False
4.354,-7.878109787580741e-05,-0.0006194424326021796,0.018654910670959937,-5.6657654577023595e-86,0.0,0.0034100000000000007,False,False,True,NORMAL,1.0,False
4.355,-7.939119446956236e-05,-0.0006007325540192746,0.018764117586680444,-5.126596587944729e-86,0.0,0.0034100000000000007,False,False,True,NORMAL,1.0,False
4.356,-7.998252731094919e-05,-0.000581915658246925,0.018868942132333956,-4.638736419947869e-86,0.0,0.0034100000000000007,False,False,True,NORMAL,1.0,False
4.357,-8.055499157683886e-05,-0.0005629961362390379,0.0189693673091473,-4.197302285175e-86,0.0,0.0049250000000000006,False,False,True,NORMAL,1.0,False
4.358,-8.11084868433866e-05,-0.000543978395441188,0.01906537713292377,-3.7978761624341794e-86,0.0,0.0049250000000000006,False,False,True,NORMAL,1.0,False
4.359,-8.164291710201601e-05,-0.0005248668587749849,0.01915695663611608,-3.436460460837261e-86,0.0,0.0049250000000000006,False,False,True,NORMAL,1.0,False
4.36,-8.215819077438633e-05,-0.0005056659636204837,0.019244091869667652,-3.109438010566651e-86,0.0,0.0049250000000000006,False,False,True,NORMAL,1.0,False
4.361,-8.265422072634146e-05,-0.000486380160796871,0.01932676990462213,-2.813535861023999e-86,0.0,0.0049250000000000006,False,False,True,NORMAL,1.0,False
4.362,-8.313092428083877e-05,-0.0004670139135416554,0.019404978833501205,-2.5457925240405354e-86,0.0,0.0027649999999999997,False,True,True,NORMAL,1.0,False
4.363,-8.358822322985646e-05,-0.00044757169648859793,0.0194787077714506,-2.3035283343080865e-86,0.0,0.0027649999999999997,False,False,True,NORMAL,1.0,False
4.364,-8.402604384527839e-05,-0.000428057994644611,0.019547946857154552,-2.0843186303880035e-86,0.0,0.0027649999999999997,False,False,True,NORMAL,1.0,False
4.365,-8.444431688875529e-05,-0.0004084773023658595,0.019612687253518727,-1.8859694878845284e-86,0.0,0.0027649999999999997,False,False,True,NORMAL,1.0,False
4.366,-8.484297762054182e-05,-0.00038883412233329395,0.01967292114812185,-1.7064957619120375e-86,0.0,0.0027649999999999997,False,False,True,NORMAL,1.0,False
4.367,-8.522196580730904e-05,-0.0003691329645278483,0.019728641753436305,-1.5441012190977955e-86,0.0,-0.0005349999999999982,False,True,True,NORMAL,1.0,False
4.368,-8.558122572893182e-05,-0.0003493783452055318,0.01977984330681796,-1.3971605602746268e-86,0.0,-0.0005349999999999982,False,False,True,NORMAL,1.0,False
4.369,-8.592070618425164e-05,-0.0003295747858726467,0.019826521070265588,-1.2642031539405678e-86,0.0,-0.0005349999999999982,False,False,True,NORMAL,1.0,False
4.37,-8.624036049581449e-05,-0.0003097268122613616,0.019868671329950304,-1.1438983176845e-86,0.0,-0.0005349999999999982,False,False,True,NORMAL,1.0,False
4.371,-8.654014651358488e-05,-0.00028983895330587,0.0199062913955154,-1.0350420002693207e-86,0.0,-0.0005349999999999982,False,False,True,NORMAL,1.0,False
4.372,-8.682002661763622e-05,-0.00026991574011936366,0.019939379599147194,-9.36544731082467e-87,0.0,0.004819999999999996,False,True,True,NORMAL,1.0,False
4.373,-8.707996771981872e-05,-0.0002499617049720493,0.019967935294417285,-8.474207163478415e-87,0.0,0.004819999999999996,False,False,True,NORMAL,1.0,False
4.374,-8.731994126440593e-05,-0.00022998138027043735,0.01999195885489699,-7.667779729703642e-87,0.0,0.004819999999999996,False,False,True,NORMAL,1.0,False
4.375,-8.753992322772135e-05,-0.00020997929753812955,0.0200114516725445,-6.938094012693511e-87,0.0,0.004819999999999996,False,False,True,NORMAL,1.0,False
4.376,-8.773989411674659e-05,-0.00018995998639833312,0.020026416155865482,-6.2778470725363455e-87,0.0,0.004819999999999996,False,False,True,NORMAL,1.0,False
4.377,-8.791983896671303e-05,-0.0001699279735583269,0.020036855727847924,-5.680430935938393e-87,0.0,0.001010000000000001,False,True,True,NORMAL,1.0,False
4.378,-8.807974733767904e-05,-0.00014988778179610547,0.020042774823671942,-5.139866461406085e-87,0.0,0.001010000000000001,False,False,True,NORMAL,1.0,False
4.3790000000000004,-8.8219613310095e-05,-0.00012984392894942559,0.020044178888195513,-4.650743497988305e-87,0.0,0.001010000000000001,False,False,True,NORMAL,1.0,False
4.38,-8.833943547935868e-05,-0.00010980092690747846,0.02004107437321692,-4.208166738667265e-87,0.0,0.001010000000000001,False,False,True,NORMAL,1.0,False
4.381,-8.843921694936368e-05,-8.976328060541088e-05,0.020033468734514944,-3.8077067264804923e-87,0.0,0.001010000000000001,False,False,True,NORMAL,1.0,False
4.382,-8.851896532504392e-05,-6.97354870219169e-05,0.020021370428667758,-3.4453555230267643e-87,0.0,0.003275000000000001,False,True,True,NORMAL,1.0,False
4.383,-8.857869270391734e-05,-4.9722034180120766e-05,0.020004788909651582,-3.1174865956714704e-87,0.0,0.003275000000000001,False,False,True,NORMAL,1.0,False
4.384,-8.861841566663224e-05,-2.9727400151970927e-05,0.019983734625220212,-2.8208185219890864e-87,0.0,0.003275000000000001,False,False,True,NORMAL,1.0,False
4.385,-8.863815526651983e-05,-9.756052066363607e-06,0.01995821901306651,-2.5523821481846165e-87,0.0,0.003275000000000001,False,False,True,NORMAL,1.0,False
4.386,-8.863793701815687e-05,1.0187554878786679e-05,0.019928254496767116,-2.3094908728044442e-87,0.0,0.003275000000000001,False,False,True,NORMAL,1.0,False
4.3870000000000005,-8.861779088494248e-05,3.0098978400313352e-05,0.019893854481511587,-2.089713758325988e-87,0.0,0.004204999999999999,False,True,True,NORMAL,1.0,False
4.388,-8.85777512656933e-05,4.99737901091859e-05,0.01985503334961721,-1.890851201517908e-87,0.0,0.004204999999999999,False,False,True,NORMAL,1.0,False
4.389,-8.851785698026154e-05,6.980757648530623e-05,0.019811806455830888,-1.7109129190716555e-87,0.0,0.004204999999999999,False,False,True,NORMAL,1.0,False
4.39,-8.843815125418071e-05,8.959593984750102e-05,0.01976419012241941,-1.5480980281771634e-87,0.0,0.004204999999999999,False,False,True,NORMAL,1.0,False
4.391,-8.833868170234372e-05,0.00010933449931849913,0.01971220163404959,-1.4007770226823847e-87,0.0,0.004204999999999999,False,False,True,NORMAL,1.0,False
4.392,-8.82195003117187e-05,0.0001290188917846846,0.019655859232459678,-1.2674754644480277e-87,0.0,0.003590000000000001,False,True,True,NORMAL,1.0,False
4.393,-8.808066342310764e-05,0.00014864477285041747,0.019595182110923592,-1.146859226675082e-87,0.0,0.003590000000000001,False,False,True,NORMAL,1.0,False
4.394,-8.792223171195373e-05,0.0001682078177867158,0.019530190408509517,-1.0377211415153985e-87,0.0,0.003590000000000001,False,False,True,NORMAL,1.0,False
4.3950000000000005,-8.774427016820269e-05,0.00018770372247409417,0.01946090520413446,-9.389689183301218e-88,0.0,0.003590000000000001,False,False,True,NORMAL,1.0,False
4.396,-8.754684807522436e-05,0.00020712820433935533,0.01938734851041645,-8.496142116778451e-88,0.0,0.003590000000000001,False,False,True,NORMAL,1.0,False
4.397,-8.733003898780068e-05,0.00022647700328613362,0.01930954326732595,-7.687627296212385e-88,0.0,0.0025949999999999975,False,True,True,NORMAL,1.0,False
4.398,-8.70939207091862e-05,0.0002457458826189902,0.019227513335638408,-6.956052833527578e-88,0.0,0.0025949999999999975,False,False,True,NORMAL,1.0,False
4.399,-8.683857526724787e-05,0.00026493062996086204,0.019141283490189478,-6.294096885610814e-88,0.0,0.0025949999999999975,False,False,True,NORMAL,1.0,False
4.4,-8.656408888969086e-05,0.0002840270581636682,0.019050879412934943,-5.695134374844262e-88,0.0,0.0025949999999999975,False,False,True,NORMAL,1.0,False
4.401,-8.627055197837711e-05,0.00030303100621187915,0.01895632768581703,-5.15317068310192e-88,0.0,0.0025949999999999975,False,False,True,NORMAL,1.0,False
4.402,-8.595805908274402e-05,0.0003219383401188567,0.01885765578343912,-4.6627816555965433e-88,0.0,0.004760000000000002,False,True,True,NORMAL,1.0,False
4.4030000000000005,-8.56267088723305e-05,0.0003407449538157731,0.018754892065550702,-4.219059314115413e-88,0.0,0.004760000000000002,False,False,True,NORMAL,1.0,False
4.404,-8.527660410841786e-05,0.0003594467700329213,0.018648065769344635,-3.817562736324757e-88,0.0,0.004760000000000002,False,False,True,NORMAL,1.0,False
4.405,-8.490785161479323e-05,0.00037803974117322977,0.01853720700156863,-3.4542736095263855e-88,0.0,0.004760000000000002,False,False,True,NORMAL,1.0,False
4.406,-8.452056224764353e-05,0.0003965198501777962,0.0184223467304531,-3.125556014033609e-88,0.0,0.004760000000000002,False,False,True,NORMAL,1.0,False
4.407,-8.411485086458791e-05,0.00041488311138325847,0.018303516777457392,-2.828120033664936e-88,0.0,0.005280000000000002,False,False,True,NORMAL,1.0,False
4.408,-8.369083629285702e-05,0.0004331255713708219,0.018180749808836594,-2.5589888291571513e-88,0.0,0.005280000000000002,False,False,True,NORMAL,1.0,False
4.409,-8.324864129662741e-05,0.0004512433098067643,0.01805407932703102,-2.3154688449574198e-88,0.0,0.005280000000000002,False,False,True,NORMAL,1.0,False
4.41,-8.27883925435199e-05,0.00046923244027424304,0.01792353966188061,-2.0951228512139773e-88,0.0,0.005280000000000002,False,False,True,NORMAL,1.0,False
4.4110000000000005,-8.231022057027041e-05,0.00048708911109622956,0.0177891659616665,-1.895745551160593e-88,0.0,0.005280000000000002,False,False,True,NORMAL,1.0,False
4.412,-8.18142597475825e-05,0.0005048095061494004,0.017650994183981965,-1.715341509765308e-88,0.0,0.00336,False,True,True,NORMAL,1.0,False
4.413,-8.130064824417055e-05,0.0005223898456688145,0.01750906108643515,-1.552105182745946e-88,0.0,0.00336,False,False,True,NORMAL,1.0,False
4.414,-8.076952799000287e-05,0.0005398263870432102,0.017363404217185834,-1.4044028460760728e-88,0.0,0.00336,False,False,True,NORMAL,1.0,False
4.415,-8.022104463875442e-05,0.0005571154256007568,0.017214061905318608,-1.2707562451258267e-88,0.0,0.00336,False,False,True,NORMAL,1.0,False
4.416,-7.965534752947851e-05,0.0005742532953850993,0.017061073251055013,-1.1498277997927239e-88,0.0,0.00336,False,False,True,NORMAL,1.0,False
4.417,-7.907258964750742e-05,0.0005912363699215346,0.016904478115806868,-1.0404072175504166e-88,0.0,-0.0010400000000000027,False,True,True,NORMAL,1.0,False
4.418,-7.847292758459181e-05,0.0006080610629731633,0.01674431711207341,-9.413993804342957e-89,0.0,-0.0010400000000000027,False,False,True,NORMAL,1.0,False
4.4190000000000005,-7.785652149828909e-05,0.0006247238292868619,0.01658063159318475,-8.5181338473282e-89,0.0,-0.0010400000000000027,False,False,True,NORMAL,1.0,False
4.42,-7.722353507061094e-05,0.0006412211653289222,0.016413463642894078,-7.707526236901163e-89,0.0,-0.0010400000000000027,False,False,True,NORMAL,1.0,False
4.421,-7.657413546594047e-05,0.000657549610010208,0.016242856064821294,-6.974058139642064e-89,0.0,-0.0010400000000000027,False,False,True,NORMAL,1.0,False
4.422,-7.590849328822946e-05,0.0006737057454006834,0.0160688523717506,-6.310388760306392e-89,0.0,0.0025250000000000003,False,False,True,NORMAL,1.0,False
4.423,-7.52267825374865e-05,0.0006896861974331653,0.015891496774784714,-5.709875872678775e-89,0.0,0.0025250000000000003,False,False,True,NORMAL,1.0,False
4.424,-7.452918056556678e-05,0.0007054876365961609,0.01571083417235828,-5.166509341940484e-89,0.0,0.0025250000000000003,False,False,True,NORMAL,1.0,False
4.425,-7.381586803127461e-05,0.0007211067786156482,0.015526910139113314,-4.674850973220092e-89,0.0,0.0025250000000000003,False,False,True,NORMAL,1.0,False
4.426,-7.30870288547897e-05,0.0007365403851256649,0.015339770914639188,-4.229980084311361e-89,0.0,0.0025250000000000003,False,False,True,NORMAL,1.0,False
4.4270000000000005,-7.234285017142854e-05,0.0007517852643275703,0.015149463392080068,-3.827444257831822e-89,0.0,0.0027649999999999997,False,True,True,NORMAL,1.0,False
4.428,-7.158352228475217e-05,0.0007668382716378495,0.014956035106612465,-3.4632147799331055e-89,0.0,0.0027649999999999997,False,False,True,NORMAL,1.0,False
4.429,-7.080923861903202e-05,0.0007816963103243315,0.014759534223795709,-3.1336463195786448e-89,0.0,0.0027649999999999997,False,False,True,NORMAL,1.0,False
4.43,-7.002019567108532e-05,0.0007963563321306954,0.014560009527798153,-2.8354404448454283e-89,0.0,0.0027649999999999997,False,False,True,NORMAL,1.0,False
4.431,-6.921659296149189e-05,0.0008108153378891417,0.01435751040950196,-2.56561261110867e-89,0.0,0.0027649999999999997,False,False,True,NORMAL,1.0,False
4.432,-6.839863298520432e-05,0.0008250703781211092,0.014152086854489309,-2.3214622907160653e-89,0.0,1.500000000000069e-05,False,True,True,NORMAL,1.0,False
4.433,-6.756652116156336e-05,0.0008391185536259197,0.013943789430912876,-2.1005459451993687e-89,0.0,1.500000000000069e-05,False,False,True,NORMAL,1.0,False
4.434,-6.67204657837308e-05,0.0008529570160572363,0.013732669277253574,-1.900652569520101e-89,0.0,1.500000000000069e-05,False,False,True,NORMAL,1.0,False
4.4350000000000005,-6.586067796755198e-05,0.0008665829684872251,0.013518778089968356,-1.71978156358798e-89,0.0,1.500000000000069e-05,False,False,True,NORMAL,1.0,False
4.436,-6.498737159986045e-05,0.00087999366595831,0.013302168111031137,-1.5561227095827933e-89,0.0,1.500000000000069e-05,False,False,True,NORMAL,1.0,False
4.437,-6.410076328623696e-05,0.0008931864160224173,0.01308289211536969,-1.408038054686016e-89,0.0,-0.0011599999999999991,False,True,True,NORMAL,1.0,False
4.438,-6.320107229823564e-05,0.000906158579267605,0.012861003398201612,-1.27404551789847e-89,0.0,-0.0011599999999999991,False,False,True,NORMAL,1.0,False
4.439,-6.228852052008984e-05,0.0009189075698319804,0.012636555762272244,-1.1528040568755385e-89,0.0,-0.0011599999999999991,False,False,True,NORMAL,1.0,False
4.44,-6.136333239491043e-05,0.0009314308559048065,0.012409603504997637,-1.0431002463246417e-89,0.0,-0.0011599999999999991,False,False,True,NORMAL,1.0,False
4.441,-6.042573487038948e-05,0.0009437259602147062,0.012180201405515574,-9.438361336370622e-90,0.0,-0.0011599999999999991,False,False,True,NORMAL,1.0,False
4.442,-5.947595734402222e-05,0.0009557904605048722,0.011948404711647691,-8.540182502092023e-90,0.0,3.499999999999966e-05,False,True,True,NORMAL,1.0,False
4.4430000000000005,-5.85142316078603e-05,0.0009676219899951957,0.011714269126775773,-7.727476684748827e-90,0.0,3.499999999999966e-05,False,False,True,NORMAL,1.0,False
4.444,-5.75407917928095e-05,0.0009792182378312309,0.01147785079663529,-6.992110051361204e-90,0.0,3.499999999999966e-05,False,False,True,NORMAL,1.0,False
4.445,-5.655587431248512e-05,0.0009905769495199112,0.011239206296029284,-6.326722805496952e-90,0.0,3.499999999999966e-05,False,False,True,NORMAL,1.0,False
4.446,-5.555971780663827e-05,0.0010016959273519426,0.010998392615465697,-5.724655527955084e-90,0.0,3.499999999999966e-05,False,False,True,NORMAL,1.0,False
4.447,-5.45525630841665e-05,0.0010125730308107957,0.010755467147721269,-5.179882527060161e-90,0.0,6.499999999999887e-05,False,True,True,NORMAL,1.0,False
4.448,-5.353465306572216e-05,0.0010232061769682274,0.010510487674335146,-4.686951531514697e-90,0.0,6.499999999999887e-05,False,False,True,NORMAL,1.0,False
4.449,-5.2506232725931945e-05,0.001033593340866262,0.010263512352035294,-4.240929122235445e-90,0.0,6.499999999999887e-05,False,False,True,NORMAL,1.0,False
4.45,-5.146754903524136e-05,0.0010437325558855669,0.010014599699100955,-3.8373513570370282e-90,0.0,6.499999999999887e-05,False,False,True,NORMAL,1.0,False
4.4510000000000005,-5.0418850901397523e-05,0.0010536219141001582,0.009763808581664205,-3.47217909399817e-90,0.0,6.499999999999887e-05,False,False,True,NORMAL,1.0,False
4.452,-4.936038911058425e-05,0.001063259566618382,0.009511198199953884,-3.1417575663717413e-90,0.0,0.0006800000000000003,False,True,True,NORMAL,1.0,False
4.453,-4.829241626822291e-05,0.0010726437239101088,0.009256828074484993,-2.842779804450746e-90,0.0,0.0006800000000000003,False,False,True,NORMAL,1.0,False
4.454,-4.721518673945311e-05,0.0010817726561200935,0.00900075803219681,-2.572253538303983e-90,0.0,0.0006800000000000003,False,False,True,NORMAL,1.0,False
4.455,-4.612895658930689e-05,0.0010906446933674487,0.008743048192542877,-2.327471250132837e-90,0.0,0.0006800000000000003,False,False,True,NORMAL,1.0,False
4.456,-4.5033983522590444e-05,0.0010992582260311847,0.008483758953536072,-2.1059830765231232e-90,0.0,0.0006800000000000003,False,False,True,NORMAL,1.0,False
4.457,-4.3930526823487275e-05,0.0011076117050217743,0.008222950977751975,-1.9055722893886093e-90,0.0,-0.0002499999999999989,False,True,True,NORMAL,1.0,False
4.458,-4.281884729489678e-05,0.0011157036420387004,0.007960685178293726,-1.7242331102112614e-90,0.0,-0.0002499999999999989,False,False,True,NORMAL,1.0,False
4.4590000000000005,-4.169920719752233e-05,0.0011235326098139515,0.0076970227047215975,-1.5601506355356697e-90,0.0,-0.0002499999999999989,False,False,True,NORMAL,1.0,False
4.46,-4.057187018872288e-05,0.0011310972423414303,0.007432024928950502,-1.4116826728052566e-90,0.0,-0.0002499999999999989,False,False,True,NORMAL,1.0,False
4.461,-3.943710126114222e-05,0.0011383962350922448,0.0071657534311186325,-1.2773433047472108e-90,0.0,-0.0002499999999999989,False,False,True,NORMAL,1.0,False
4.462,-3.8295166681130044e-05,0.001145428345215855,0.006898269985430477,-1.155788017812986e-90,0.0,0.0020149999999999994,False,True,True,NORMAL,1.0,False
4.463,-3.71463339269689e-05,0.0011521923917270512,0.006629636545977426,-1.0458002458348018e-90,0.0,0.0020149999999999994,False,False,True,NORMAL,1.0,False
4.464,-3.5990871626921294e-05,0.0011586872556787432,0.006359915232539177,-9.462791942225338e-91,0.0,0.0020149999999999994,False,False,True,NORMAL,1.0,False
4.465,-3.48290494971111e-05,0.0011649118803205424,0.006089168316369184,-8.562288228414657e-91,0.0,0.0020149999999999994,False,False,True,NORMAL,1.0,False
4.466,-3.366113827925349e-05,0.001170865271243123,0.00581745820596735,-7.747478773078409e-91,0.0,0.0020149999999999994,False,False,True,NORMAL,1.0,False
4.4670000000000005,-3.2487409678247593e-05,0.0011765464965083504,0.005544847432843183,-7.010208689320671e-91,0.0,0.0001949999999999992,False,True,True,NORMAL,1.0,False
4.468,-3.130813629964623e-05,0.0011819546867651704,0.005271398637272646,-6.343099130338164e-91,0.0,0.0001949999999999992,False,False,True,NORMAL,1.0,False
4.469,-3.012359158701677e-05,0.0011870890353512513,0.004997174554051896,-5.739473439441324e-91,0.0,0.0001949999999999992,False,False,True,NORMAL,1.0,False
4.47,-2.8934049759207542e-05,0.0011919487983803822,0.004722237998251124,-5.193290327830056e-91,0.0,0.0001949999999999992,False,False,True,NORMAL,1.0,False
4.471,-2.7739785747533963e-05,0.0011965332948156242,0.004446651850971705,-4.699083411344869e-91,0.0,0.0001949999999999992,False,False,True,NORMAL,1.0,False
4.472,-2.654107513289861e-05,0.0012008419065282236,0.004170479045109851,-4.2519065010569e-91,0.0,-0.0021449999999999993,False,False,True,NORMAL,1.0,False
4.473,-2.5338194082859505e-05,0.0012048740783422917,0.0038937825511299504,-3.847284100146636e-91,0.0,-0.0021449999999999993,False,False,True,NORMAL,1.0,False
4.474,-2.4131419288660852e-05,0.0012086293180652654,0.0036166253628507937,-3.4811666116274823e-91,0.0,-0.0021449999999999993,False,False,True,NORMAL,1.0,False
4.4750000000000005,-2.2921027902240383e-05,0.0012121071965041613,0.0033390704832478445,-3.149889808618001e-91,0.0,-0.0021449999999999993,False,False,True,NORMAL,1.0,False
4.476,-2.1707297473227577e-05,0.0012153073474676407,0.0030611809102747438,-2.850138161527695e-91,0.0,-0.0021449999999999993,False,False,True,NORMAL,1.0,False
4.477,-2.049050588594688e-05,0.0012182294677539084,0.002783019622707186,-2.5789116551224756e-91,0.0,0.000735,False,True,True,NORMAL,1.0,False
4.478,-1.9270931296440115e-05,0.0012208733171244672,0.002504649566012325,-2.3334957633638637e-91,0.0,0.000735,False,False,True,NORMAL,1.0,False
4.479,-1.8048852069522172e-05,0.0012232387182637553,0.0022261336382468555,-2.1114342815200088e-91,0.0,0.000735,False,False,True,NORMAL,1.0,False
4.48,-1.6824546715884146e-05,0.0012253255567246989,0.0019475346759868849,-1.910504743643176e-91,0.0,0.000735,False,False,True,NORMAL,1.0,False
4.481,-1.5598293829257917e-05,0.0012271337808602099,0.001668915440292717,-1.7286961793835442e-91,0.0,0.000735,False,False,True,NORMAL,1.0,False
4.482,-1.4370372023656255e-05,0.001228663401740669,0.0013903386027116539,-1.564188987522034e-91,0.0,-0.0031149999999999993,False,True,True,NORMAL,1.0,False
4.483,-1.3141059870702448e-05,0.001229914493057431,0.0011118667313219043,-1.415336724789719e-91,0.0,-0.0031149999999999993,False,False,True,NORMAL,1.0,False
4.484,-1.191063583706337e-05,0.0012308871910123955,0.0008335622768206647,-1.2806496277102007e-91,0.0,-0.0031149999999999993,False,False,True,NORMAL,1.0,False
4.485,-1.0679378221999944e-05,0.00123158169419369,0.0005554875586594523,-1.1587797025460108e-91,0.0,-0.0031149999999999993,False,False,True,NORMAL,1.0,False
4.486,-9.447565095048847e-06,0.0012319982634375122,0.00027770475122972213,-1.0485072341242096e-91,0.0,-0.0031149999999999993,False,False,True,NORMAL,1.0,False
4.487,-8.215474233849258e-06,0.0012321372216761856,2.7587010180445603e-07,-9.487285785169751e-92,0.0,-0.0008549999999999999,False,True,True,NORMAL,1.0,False
4.488,-6.983383062128432e-06,0.00123199895377248,-0.00027673724167982285,-8.584451174022258e-92,0.0,-0.0008549999999999999,False,False,True,NORMAL,1.0,False
4.489,-5.751568587859795e-06,0.0012315839063402594,-0.000553272927241935,-7.767532635558061e-92,0.0,-0.0008549999999999999,False,False,True,NORMAL,1.0,False
4.49,-4.520307341607199e-06,0.0012308925875515124,-0.0008292697294656487,-7.028354174468408e-92,0.0,-0.0008549999999999999,False,False,True,NORMAL,1.0,False
4.491,-3.2898753150689336e-06,0.0012299255669298344,-0.0011046664045042415,-6.359517844268251e-92,0.0,-0.0008549999999999999,False,False,True,NORMAL,1.0,False
4.492,-2.060547899834997e-06,0.0012286834751304245,-0.0013794019352327625,-5.7543297061612954e-92,0.0,0.000105,False,False,True,NORMAL,1.0,False
4.493,-8.325998263710867e-07,0.0012271670037066684,-0.001653415544626508,-5.206732833850608e-92,0.0,0.000105,False,False,True,NORMAL,1.0,False
4.494,3.936948967573144e-07,0.0012253769048633793,-0.001926646709065465,-4.711246693784439e-92,0.0,0.000105,False,False,True,NORMAL,1.0,False
4.495,1.6180630434074585e-06,0.0012233139911967741,-0.002199035171561839,-4.262912294134363e-92,0.0,0.000105,False,False,True,NORMAL,1.0,False
4.496,2.8402322301152233e-06,0.0012209791354212591,-0.002470520954907814,-3.8572425535382855e-92,0.0,0.000105,False,False,True,NORMAL,1.0,False
4.497,4.059930976071231e-06,0.0012183732700831113,-0.0027410443747406935,-3.4901773928820137e-92,0.0,0.000105,False,True,True,NORMAL,1.0,False
4.498,5.27688876280413e-06,0.0012154973872611358,-0.0030105460525226327,-3.158043100662838e-92,0.0,0.000105,False,False,True,NORMAL,1.0,False
4.499,6.490836093558058e-06,0.001212352538254388,-0.0032789669284321444,-2.8575155652500377e-92,0.0,0.000105,False,False,True,NORMAL,1.0,False
4.5,7.701504552351396e-06,0.0012089398332570493,-0.003546248274164638,-2.5855870060584096e-92,0.0,0.000105,False,False,True,NORMAL,1.0,False
4.501,8.908626862704018e-06,0.0012052604410205485,-0.0038123317056392263,-2.3395358706692182e-92,0.0,0.000105,False,False,True,NORMAL,1.0,False
4.502,1.0111936946020313e-05,0.001201315588503025,-0.004077159195609108,-2.116899596618846e-92,0.0,-0.000995,False,True,True,NORMAL,1.0,False
4.503,1.1311169979615397e-05,0.0011971065605062311,-0.004340673086172811,-1.915449965245961e-92,0.0,-0.000995,False,False,True,NORMAL,1.0,False
4.5040000000000004,1.2506062454371978e-05,0.0011926346992999725,-0.0046028161011836535,-1.7331708009302237e-92,0.0,-0.000995,False,False,True,NORMAL,1.0,False
4.505,1.3696352232015472e-05,0.0011879014042341929,-0.00486353135855477,-1.5682377925290196e-92,0.0,-0.000995,False,False,True,NORMAL,1.0,False
4.506,1.4881778601995083e-05,0.0011829081313388056,-0.005122762382457102,-1.4190002350583709e-92,0.0,-0.000995,False,False,True,NORMAL,1.0,False
4.507,1.6062082337958615e-05,0.0011776563929113831,-0.005380453115407763,-1.2839645088826359e-92,0.0,0.001615,False,True,True,NORMAL,1.0,False
4.508,1.7237005753808963e-05,0.0011721477570928126,-0.0056365479302462355,-1.1617791310671731e-92,0.0,0.001615,False,False,True,NORMAL,1.0,False
4.509,1.8406292759330284e-05,0.0011663838474310333,-0.0058909916419958635,-1.0512212292828815e-92,0.0,0.001615,False,False,True,NORMAL,1.0,False
4.51,1.956968891537199e-05,0.001160366342432971,-0.006143729519608154,-9.511843028889098e-93,0.0,0.001615,False,False,True,NORMAL,1.0,False
4.511,2.0726941488578838e-05,0.001154096975104787,-0.0063947072975874195,-8.606671487023352e-93,0.0,0.001615,False,False,True,NORMAL,1.0,False
4.5120000000000005,2.1877799505655454e-05,0.0011475775324805639,-0.006643871187493323,-7.787638406201922e-93,0.0,-0.0028499999999999997,False,True,True,NORMAL,1.0,False
4.513,2.302201380715384e-05,0.0011408098551395512,-0.006891167889318941,-7.046546628065422e-93,0.0,-0.0028499999999999997,False,False,True,NORMAL,1.0,False
4.514,2.4159337100772427e-05,0.0011337958367120952,-0.007136544602741939,-6.375979057008714e-93,0.0,-0.0028499999999999997,False,False,True,NORMAL,1.0,False
4.515,2.5289524014155484e-05,0.0011265374233743821,-0.007379949038246556,-5.7692244273951165e-93,0.0,-0.0028499999999999997,False,False,True,NORMAL,1.0,False
4.516,2.641233114718171e-05,0.0011190366133321265,-0.007621329428114075,-5.220210134954184e-93,0.0,-0.0028499999999999997,False,False,True,NORMAL,1.0,False
4.517,2.7527517123731053e-05,0.0011112954562933332,-0.007860634537279487,-4.7234414601170915e-93,0.0,-0.00186,False,True,True,NORMAL,1.0,False
4.518,2.8634842642918875e-05,0.0011033160529302728,-0.008097813674052157,-4.273946575016352e-93,0.0,-0.00186,False,False,True,NORMAL,1.0,False
4.519,2.973407052978677e-05,0.0010951005543308042,-0.00833281670069823,-3.867226783761429e-93,0.0,-0.00186,False,False,True,NORMAL,1.0,False
4.5200000000000005,3.082496578543942e-05,0.0010866511614391848,-0.008565594043882647,-3.4992114979781993e-93,0.0,-0.00186,False,False,True,NORMAL,1.0,False
4.521,3.190729563661707e-05,0.0010779701244865104,-0.008796096704968608,-3.166217496992336e-93,0.0,-0.00186,False,False,True,NORMAL,1.0,False
4.522,3.298082958469333e-05,0.001069059742410927,-0.00902427627017239,-2.8649120649188237e-93,0.0,0.0026049999999999997,False,True,True,NORMAL,1.0,False
4.523,3.404533945408812e-05,0.0010599223622677618,-0.00925008492057147,-2.5922796357212176e-93,0.0,0.0026049999999999997,False,False,True,NORMAL,1.0,False
4.524,3.510059944008575e-05,0.0010505603786297195,-0.009473475441963872,-2.3455916124131844e-93,0.0,0.0026049999999999997,False,False,True,NORMAL,1.0,False
4.525,3.614638615604835e-05,0.0010409762329772945,-0.00969440123457682,-2.1223790583427487e-93,0.0,0.0026049999999999997,False,False,True,NORMAL,1.0,False
4.526,3.718247868001482e-05,0.001031172413079552,-0.009912816322622663,-1.920407987244444e-93,0.0,0.0026049999999999997,False,False,True,NORMAL,1.0,False
4.527,3.820865860067584e-05,0.0010211514523654282,-0.010128675363700206,-1.7376570047538965e-93,0.0,-0.002235,False,True,True,NORMAL,1.0,False
4.5280000000000005,3.92247100627155e-05,0.0010109159292857085,-0.010341933658039551,-1.5722970776136148e-93,0.0,-0.002235,False,False,True,NORMAL,1.0,False
4.529,4.0230419811510336e-05,0.00100046846666584,-0.010552547157588585,-1.422673228093388e-93,0.0,-0.002235,False,False,True,NORMAL,1.0,False
4.53,4.122557723717659e-05,0.0009898117310497374,-0.010760472474939338,-1.2872879704169048e-93,0.0,-0.002235,False,False,True,NORMAL,1.0,False
4.531,4.220997441795692e-05,0.0009789484320347419,-0.01096566689209242,-1.1647863234207827e-93,0.0,-0.002235,False,False,True,NORMAL,1.0,False
4.532,4.31834061629377e-05,0.0009678813215978995,-0.01116808836905783,-1.0539422494476591e-93,0.0,-0.00279,False,True,True,NORMAL,1.0,False
4.533,4.414567005408825e-05,0.0009566131934137202,-0.011367695552290436,-9.536463837492311e-94,0.0,-0.00279,False,False,True,NORMAL,1.0,False
4.534,4.509656648761376e-05,0.0009451468821635839,-0.011564447782958471,-8.628949315909841e-94,0.0,-0.00279,False,False,True,NORMAL,1.0,False
4.535,4.6035898714613385e-05,0.0009334852628369641,-0.011758305105043458,-7.80779621937102e-94,0.0,-0.00279,False,False,True,NORMAL,1.0,False
4.5360000000000005,4.696347288103565e-05,0.0009216312500246343,-0.011949228273269974,-7.064786171686599e-94,0.0,-0.00279,False,False,True,NORMAL,1.0,False
4.537,4.787909806692306e-05,0.0009095877972040325,-0.012137178760863737,-6.392482878565054e-94,0.0,-0.0066799999999999984,False,True,True,NORMAL,1.0,False
4.538,4.878258632493822e-05,0.0008973578960169528,-0.012322118767136528,-5.784157702679881e-94,0.0,-0.0066799999999999984,False,False,True,NORMAL,1.0,False
4.539,4.967375271816396e-05,0.0008849445755397395,-0.012504011224896501,-5.233722321205671e-94,0.0,-0.0066799999999999984,False,False,True,NORMAL,1.0,False
4.54,5.055241535716986e-05,0.0008723509015461587,-0.012682819807682457,-4.735667791836908e-94,0.0,-0.0066799999999999984,False,False,True,NORMAL,1.0,False
4.541,5.1418395436338176e-05,0.0008595799757631249,-0.012858508936820778,-4.285009417441762e-94,0.0,-0.0066799999999999984,False,False,True,NORMAL,1.0,False
4.542,5.2271517269441915e-05,0.0008466349351194587,-0.01303104378830362,-3.8772368575377747e-94,0.0,-0.003600000000000001,False,True,True,NORMAL,1.0,False
4.543,5.311160832446828e-05,0.0008335189509878574,-0.013200390299487148,-3.5082689872883375e-94,0.0,-0.003600000000000001,False,False,True,NORMAL,1.0,False
4.5440000000000005,5.393849925768079e-05,0.0008202352284202569,-0.013366515175608563,-3.1744130522336096e-94,0.0,-0.003600000000000001,False,False,True,NORMAL,1.0,False
4.545,5.47520239469135e-05,0.0008067870053767685,-0.013529385896120688,-2.872327709962709e-94,0.0,-0.003600000000000001,False,False,True,NORMAL,1.0,False
4.546,5.555201952409103e-05,0.0007931775519483722,-0.013688970720843038,-2.598989588835798e-94,0.0,-0.003600000000000001,False,False,True,NORMAL,1.0,False
4.547,5.633832640696828e-05,0.0007794101695735514,-0.01384523869592819,-2.3516630290645234e-94,0.0,-0.0025049999999999994,False,True,True,NORMAL,1.0,False
4.548,5.711078833008376e-05,0.0007654881902490541,-0.013998159659642429,-2.127872703309367e-94,0.0,-0.0025049999999999994,False,False,True,NORMAL,1.0,False
4.549,5.786925237492087e-05,0.0007514149757349663,-0.014147704247959646,-1.925378842771645e-94,0.0,-0.0025049999999999994,False,False,True,NORMAL,1.0,False
4.55,5.861356899927148e-05,0.0007371939167542861,-0.014293843899967512,-1.7421548208345588e-94,0.0,-0.0025049999999999994,False,False,True,NORMAL,1.0,False
4.551,5.934359206579641e-05,0.0007228284321871852,-0.014436550863084971,-1.5763668699028418e-94,0.0,-0.0025049999999999994,False,False,True,NORMAL,1.0,False
4.5520000000000005,6.005917886977757e-05,0.0007083219682601479,-0.014575798198090175,-1.4263557284403146e-94,0.0,-0.0023350000000000003,False,True,True,NORMAL,1.0,False
4.553,6.076019016605682e-05,0.0006936779977301767,-0.014711559783958049,-1.2906200345227346e-94,0.0,-0.0023350000000000003,False,False,True,NORMAL,1.0,False
4.554,6.144649019515655e-05,0.0006789000190642572,-0.01484381032250661,-1.167801299703032e-94,0.0,-0.0023350000000000003,False,False,True,NORMAL,1.0,False
4.555,6.211794670857757e-05,0.0006639915556142714,-0.01497252534285136,-1.0566703128023292e-94,0.0,-0.0023350000000000003,False,False,True,NORMAL,1.0,False
4.556,6.277443099326955e-05,0.0006489561547875533,-0.015097681205666978,-9.561148375513093e-95,0.0,-0.0023350000000000003,False,False,True,NORMAL,1.0,False
4.557,6.341581789527007e-05,0.0006337973872132793,-0.015219255107255686,-8.651284809557976e-95,0.0,-0.00323,False,True,True,NORMAL,1.0,False
4.558,6.404198584250796e-05,0.0006185188459048873,-0.015337225083421622,-7.828006209774157e-95,0.0,-0.00323,False,False,True,NORMAL,1.0,False
4.559,6.465281686676723e-05,0.000603124145418719,-0.015451570013150706,-7.083072927221505e-95,0.0,-0.00323,False,False,True,NORMAL,1.0,False
4.5600000000000005,6.524819662480774e-05,0.0005876169210090788,-0.01556226962209536,-6.409029419227512e-95,0.0,-0.00323,False,False,True,NORMAL,1.0,False
4.561,6.582801441863932e-05,0.000572000827779907,-0.01566930448586371,-5.7991296318103276e-95,0.0,-0.00323,False,False,True,NORMAL,1.0,False
4.562,6.639216321494587e-05,0.000556279539833261,-0.01577265603311271,-5.247269482903081e-95,0.0,-0.0039549999999999984,False,True,True,NORMAL,1.0,False
4.563,6.694053966365649e-05,0.0005404567494148014,-0.015872306548444914,-4.747925770648908e-95,0.0,-0.0039549999999999984,False,False,True,NORMAL,1.0,False
4.564,6.747304411566062e-05,0.0005245361660564806,-0.01596823917510836,-4.2961008953403514e-95,0.0,-0.0039549999999999984,False,False,True,NORMAL,1.0,False
4.565,6.798958063966462e-05,0.0005085215157166287,-0.016060437917499486,-3.8872728417617374e-95,0.0,-0.0039549999999999984,False,False,True,NORMAL,1.0,False
4.566,6.849005703818716e-05,0.0004924165399176368,-0.016148887643468567,-3.517349921340997e-95,0.0,-0.0039549999999999984,False,False,True,NORMAL,1.0,False
4.567,6.89743848626912e-05,0.000476224994881432,-0.016233574086427664,-3.1826298211551734e-95,0.0,0.0001999999999999988,False,True,True,NORMAL,1.0,False
4.5680000000000005,6.944247942785041e-05,0.0004599506506629442,-0.01631448384726076,-2.8797625499382946e-95,0.0,0.0001999999999999988,False,False,True,NORMAL,1.0,False
4.569,6.989425982494814e-05,0.0004435972902817619,-0.016391604396035975,-2.6057169102428173e-95,0.0,0.0001999999999999988,False,False,True,NORMAL,1.0,False
4.57,7.032964893440727e-05,0.00042716870885217413,-0.016464924073519894,-2.357750161196749e-95,0.0,0.0001999999999999988,False,False,True,NORMAL,1.0,False
4.571,7.074857343744925e-05,0.0004106687127117974,-0.016534432092493778,-2.1333805682311337e-95,0.0,0.0001999999999999988,False,False,True,NORMAL,1.0,False
4.572,7.115096382688132e-05,0.00039410111854898546,-0.016600118538871778,-1.930362565046347e-95,0.0,-0.00196,False,True,True,NORMAL,1.0,False
4.573,7.153675441701046e-05,0.0003774697525292198,-0.016661974372621183,-1.7466642792298085e-95,0.0,-0.00196,False,False,True,NORMAL,1.0,False
4.574,7.190588335268336e-05,0.00036077844942067875,-0.016719991428484772,-1.58044719659394e-95,0.0,-0.00196,False,False,True,NORMAL,1.0,False
4.575,7.225829261745166e-05,0.0003440310517191834,-0.0167741624165054,-1.4300477607082313e-95,0.0,-0.00196,False,False,True,NORMAL,1.0,False
4.5760000000000005,7.259392804086188e-05,0.0003272314087727175,-0.016824480922353,-1.2939607234673416e-95,0.0,-0.00196,False,False,True,NORMAL,1.0,False
4.577,7.291273930486972e-05,0.00031038337590571895,-0.01687094140745427,-1.1708240800621317e-95,0.0,-0.004434999999999998,False,True,True,NORMAL,1.0,False
4.578,7.321467994937866e-05,0.00029349081354334053,-0.016913539208925205,-1.0594054375777468e-95,0.0,-0.004434999999999998,False,False,True,NORMAL,1.0,False
4.579,7.349970737690283e-05,0.0002765575863358763,-0.016952270539306948,-9.585896807911043e-96,0.0,-0.004434999999999998,False,False,True,NORMAL,1.0,False
4.58,7.376778285635456e-05,0.0002595875622835504,-0.016987132486105103,-8.673678117229374e-96,0.0,-0.004434999999999998,False,False,True,NORMAL,1.0,False
4.581,7.401887152595687e-05,0.00024258461186186443,-0.01701812301113309,-7.848268512468829e-96,0.0,-0.004434999999999998,False,False,True,NORMAL,1.0,False
4.582,7.425294239528177e-05,0.0002255526071476998,-0.017045240949659948,-7.101407016875216e-96,0.0,-0.005299999999999999,False,True,True,NORMAL,1.0,False
4.583,7.446996834641509e-05,0.00020849542094636926,-0.01706848600936295,-6.425618789571816e-96,0.0,-0.005299999999999999,False,False,True,NORMAL,1.0,False
4.5840000000000005,7.466992613424885e-05,0.00019141692591981356,-0.017087858769085713,-5.814140314839509e-96,0.0,-0.005299999999999999,False,False,True,NORMAL,1.0,False
4.585,7.485279638590258e-05,0.00017432099371613688,-0.017103360677402285,-5.260851710578162e-96,0.0,-0.005299999999999999,False,False,True,NORMAL,1.0,False
4.586,7.501856359927488e-05,0.00015721149410067502,-0.017114994050987865,-4.760215478469605e-96,0.0,-0.005299999999999999,False,False,True,NORMAL,1.0,False
4.587,7.516721614072686e-05,0.00014009229408878916,-0.017122762072796727,-4.3072210828332474e-96,0.0,-0.0048600000000000015,False,True,True,NORMAL,1.0,False
4.588,7.529874624189943e-05,0.00012296725708057786,-0.01712666879004824,-3.897334803500885e-96,0.0,-0.0048600000000000015,False,False,True,NORMAL,1.0,False
4.589,7.541314999566616e-05,0.00010584024199769873,-0.017126719112021432,-3.5264543608214246e-96,0.0,-0.0048600000000000015,False,False,True,NORMAL,1.0,False
4.59,7.551042735122429e-05,8.871510242249088e-05,-0.0171229188076592,-3.1908678586673076e-96,0.0,-0.0048600000000000015,False,False,True,NORMAL,1.0,False
4.591,7.559058210832595e-05,7.159568573958805e-05,-0.01711527450298272,-2.8872166345304576e-96,0.0,-0.0048600000000000015,False,False,True,NORMAL,1.0,False
4.5920000000000005,7.565362191065241e-05,5.4485832280211774e-05,-0.01710379367831711,-2.612461644899012e-96,0.0,0.0009100000000000007,False,True,True,NORMAL,1.0,False
4.593,7.569955823833397e-05,3.7389374469333015e-05,-0.01708848466532914,-2.3638530494883976e-96,0.0,0.0009100000000000007,False,False,True,NORMAL,1.0,False
4.594,7.572840639961855e-05,2.031013597588955e-05,-0.017069356643878007,-2.138902689915511e-96,0.0,0.0009100000000000007,False,False,True,NORMAL,1.0,False
4.595,7.574018552169214e-05,3.2519308662457117e-06,-0.0170464196386801,-1.9353591873733195e-96,0.0,0.0009100000000000007,False,False,True,NORMAL,1.0,False
4.596,7.573491854065436e-05,-1.3781437238920084e-05,-0.017019684515788853,-1.751185410075047e-96,0.0,0.0009100000000000007,False,False,True,NORMAL,1.0,False
4.597,7.571263219065272e-05,-3.078617600411566e-05,-0.016989162978890686,-1.5845380849545486e-96,0.0,-0.00355,False,True,True,NORMAL,1.0,False
4.598,7.567335699217923e-05,-4.775850521473983e-05,-0.016954867565418218,-1.4337493495699176e-96,0.0,-0.00355,False,False,True,NORMAL,1.0,False
4.599,7.561712723953338e-05,-6.469465760880944e-05,-0.016916811642481797,-1.2973100595755805e-96,0.0,-0.00355,False,False,True,NORMAL,1.0,False
4.6000000000000005,7.55439809874553e-05,-8.159087970452768e-05,-0.016875009402620652,-1.1738546846984452e-96,0.0,-0.00355,False,False,True,NORMAL,1.0,False
4.601,7.54539600369336e-05,-9.844343262351381e-05,-0.01682947585937479,-1.0621476420519565e-96,0.0,-0.00355,False,False,True,NORMAL,1.0,False
4.602,7.53471099201923e-05,-0.00011524859290951568,-0.016780226842678995,-9.610709300072749e-97,0.0,-0.0017649999999999986,False,False,True,NORMAL,1.0,False
4.603,7.522347988486119e-05,-0.00013200265334242778,-0.016727278994080125,-8.69612938857201e-97,0.0,-0.0017649999999999986,False,False,True,NORMAL,1.0,False
4.604,7.508312287733474e-05,-0.00014870192374743903,-0.01667064976177916,-7.868583262862125e-97,0.0,-0.0017649999999999986,False,False,True,NORMAL,1.0,False
4.605,7.492609552532434e-05,-0.00016534273179913522,-0.016610357395499275,-7.119788563169131e-97,0.0,-0.0017649999999999986,False,False,True,NORMAL,1.0,False
4.606,7.4752458119609e-05,-0.00018192142382038342,-0.016546420941181448,-6.442251100459911e-97,0.0,-0.0017649999999999986,False,False,True,NORMAL,1.0,False
4.607,7.456227459498985e-05,-0.0001984343655758262,-0.016478860235508975,-5.829189852079465e-97,0.0,-0.002485,False,True,True,NORMAL,1.0,False
4.6080000000000005,7.435561251045398e-05,-0.00021487794305981544,-0.016407695900262424,-5.274469094997e-97,0.0,-0.002485,False,False,True,NORMAL,1.0,False
4.609,7.413254302855307e-05,-0.00023124856327861714,-0.016332949336506516,-4.77253699742755e-97,0.0,-0.002485,False,False,True,NORMAL,1.0,False
4.61,7.389314089400292e-05,-0.0002475426550267194,-0.016254642718610577,-4.318370054233435e-97,0.0,-0.002485,False,False,True,NORMAL,1.0,False
4.611,7.363748441150947e-05,-0.0002637566696570786,-0.01617279898810401,-3.907422809996388e-97,0.0,-0.002485,False,False,True,NORMAL,1.0,False
4.612,7.336565542282791e-05,-0.00027988708184513916,-0.016087441847368572,-3.535582366571945e-97,0.0,-0.0035850000000000005,False,True,True,NORMAL,1.0,False
4.613,7.307773928306077e-05,-0.0002959303903464643,-0.015998595753168976,-3.199127219822426e-97,0.0,-0.0035850000000000005,False,False,True,NORMAL,1.0,False
4.614,7.277382483620174e-05,-0.00031188311874781816,-0.015906285910023667,-2.8946900135526813e-97,0.0,-0.0035850000000000005,False,False,True,NORMAL,1.0,False
4.615,7.24540043899317e-05,-0.00032774181621153834,-0.015810538263417325,-2.6192238378774846e-97,0.0,-0.0035850000000000005,False,False,True,NORMAL,1.0,False
4.616,7.211837368967383e-05,-0.00034350305821304354,-0.015711379492857044,-2.3699717347233e-97,0.0,-0.0035850000000000005,False,False,True,NORMAL,1.0,False
4.617,7.176703189191464e-05,-0.00035916344727131945,-0.015608837004773814,-2.1444391052652346e-97,0.0,-0.0023500000000000005,False,True,True,NORMAL,1.0,False
4.618,7.140008153679824e-05,-0.0003747196136722296,-0.01550293892527126,-1.9403687431435382e-97,0.0,-0.0023500000000000005,False,False,True,NORMAL,1.0,False
4.619,7.101762852000078e-05,-0.00039016821618449943,-0.015393714092723425,-1.755718243583679e-97,0.0,-0.0023500000000000005,False,False,True,NORMAL,1.0,False
4.62,7.061978206389271e-05,-0.0004055059427682235,-0.015281192050223524,-1.588639562322886e-97,0.0,-0.0023500000000000005,False,False,True,NORMAL,1.0,False
4.621,7.020665468799639e-05,-0.0004207295112757474,-0.015165403037885565,-1.437460519762017e-97,0.0,-0.0023500000000000005,False,False,True,NORMAL,1.0,False
4.622,6.977836217874652e-05,-0.0004358356701447791,-0.0150463779850008,-1.3006680652300918e-97,0.0,-0.0031399999999999983,False,True,True,NORMAL,1.0,False
4.623,6.933502355856162e-05,-0.0004508211990835846,-0.014924148502050988,-1.1768931338646233e-97,0.0,-0.0031399999999999983,False,False,True,NORMAL,1.0,False
4.624,6.887676105423418e-05,-0.0004656829097481259,-0.014798746872580502,-1.0648969445503146e-97,0.0,-0.0031399999999999983,False,False,True,NORMAL,1.0,False
4.625,6.84037000646478e-05,-0.0004804176464110019,-0.014670206044929253,-9.63558601781289e-98,0.0,-0.0031399999999999983,False,False,True,NORMAL,1.0,False
4.626,6.791596912782956e-05,-0.0004950222866220532,-0.01453855962382857,-8.718638773621209e-98,0.0,-0.0031399999999999983,False,False,True,NORMAL,1.0,False
4.627,6.7413699887346e-05,-0.0005094937418604948,-0.014403841861862105,-7.888950596711619e-98,0.0,-0.00018500000000000287,False,True,True,NORMAL,1.0,False
4.628,6.689702705805125e-05,-0.0005238289581784438,-0.014266087650793865,-7.138217688941784e-98,0.0,-0.00018500000000000287,False,False,True,NORMAL,1.0,False
4.6290000000000004,6.636608839119604e-05,-0.000538024916835709,-0.014125332512765544,-6.458926463040698e-98,0.0,-0.00018500000000000287,False,False,True,NORMAL,1.0,False
4.63,6.582102463890622e-05,-0.000552078634925714,-0.01398161259136533,-5.8442783441018773e-98,0.0,-0.00018500000000000287,False,False,True,NORMAL,1.0,False
4.631,6.526197951804003e-05,-0.0005659871659924246,-0.01383496464257037,-5.288121727160616e-98,0.0,-0.00018500000000000287,False,False,True,NORMAL,1.0,False
4.632,6.468909967343277e-05,-0.0005797476006381578,-0.013685426025565137,-4.7848904098638706e-98,0.0,-0.002345,False,True,True,NORMAL,1.0,False
4.633,6.410253464053852e-05,-0.0005933570671221474,-0.013533034693437947,-4.329547884046249e-98,0.0,-0.002345,False,False,True,NORMAL,1.0,False
4.634,6.350243680747774e-05,-0.000606812731949746,-0.013377829183757874,-3.9175369286634596e-98,0.0,-0.002345,False,False,True,NORMAL,1.0,False
4.635,6.288896137650053e-05,-0.0006201118004521453,-0.0132198486090344,-3.5447339995923674e-98,0.0,-0.002345,False,False,True,NORMAL,1.0,False
4.636,6.226226632487494e-05,-0.0006332515173564983,-0.013059132647062112,-3.207407959815438e-98,0.0,-0.002345,False,False,True,NORMAL,1.0,False
4.6370000000000005,6.162251236520994e-05,-0.0006462291673463297,-0.01289572153115274,-2.9021827369473856e-98,0.0,-0.003444999999999997,False,False,True,NORMAL,1.0,False
4.638,6.096986290522301e-05,-0.0006590420756121234,-0.012729656040256993,-2.626003534368007e-98,0.0,-0.003444999999999997,False,False,True,NORMAL,1.0,False
4.639,6.030448400696194e-05,-0.0006716876083919768,-0.012560977488978472,-2.3761062577908513e-98,0.0,-0.003444999999999997,False,False,True,NORMAL,1.0,False
4.64,5.962654434549113e-05,-0.0006841631735022168,-0.01238972771748218,-2.14998985127856e-98,0.0,-0.003444999999999997,False,False,True,NORMAL,1.0,False
4.641,5.8936215167052225e-05,-0.0006964662208578728,-0.01221594908129994,-1.9453912658344087e-98,0.0,-0.003444999999999997,False,False,True,NORMAL,1.0,False
4.642,5.8233670246709475e-05,-0.0007085942429829035,-0.012039684441035276,-1.7602628100473134e-98,0.0,-0.002485,False,True,True,NORMAL,1.0,False
4.643,5.7519085845489994e-05,-0.0007205447755100809,-0.011860977151970127,-1.5927516561079336e-98,0.0,-0.002485,False,False,True,NORMAL,1.0,False
4.644,5.679264066702933e-05,-0.0007323153976704312,-0.011679871053575952,-1.4411812960852011e-98,0.0,-0.002485,False,False,True,NORMAL,1.0,False
4.6450000000000005,5.60545158137329e-05,-0.0007439037327721417,-0.01149641045893169,-1.304034762871451e-98,0.0,-0.002485,False,False,True,NORMAL,1.0,False
4.646,5.53048947424638e-05,-0.000755307448668839,-0.011310640144051098,-1.1799394478657385e-98,0.0,-0.002485,False,False,True,NORMAL,1.0,False
4.647,5.454396321976766e-05,-0.0007665242582171511,-0.011122605337121998,-1.0676533634456105e-98,0.0,0.0010899999999999977,False,False,True,NORMAL,1.0,False
4.648,5.37719092766454e-05,-0.0007775519197234646,-0.010932351707660019,-9.66052712737534e-99,0.0,0.0010899999999999977,False,False,True,NORMAL,1.0,False
4.649,5.298892316288459e-05,-0.0007883882373797955,-0.01073992535557934,-8.741206422800648e-99,0.0,0.0010899999999999977,False,False,True,NORMAL,1.0,False
4.65,5.219519730096047e-05,-0.000799031061688689,-0.010545372800183073,-7.909370650126285e-99,0.0,0.0010899999999999977,False,False,True,NORMAL,1.0,False
4.651,5.1390926239517574e-05,-0.0008094782898770712,-0.010348740969075848,-7.156694517349666e-99,0.0,0.0010899999999999977,False,False,True,NORMAL,1.0,False
4.652,5.057630660644304e-05,-0.0008197278662989758,-0.010150077187001219,-6.47564498875078e-99,0.0,-0.00203,False,True,True,NORMAL,1.0,False
4.6530000000000005,4.9751537061542826e-05,-0.0008297777828270709,-0.009949429164606529,-5.859405891738756e-99,0.0,-0.00203,False,False,True,NORMAL,1.0,False
4.654,4.891681824883199e-05,-0.0008396260792329165,-0.009746844987137824,-5.301809698305585e-99,0.0,-0.00203,False,False,True,NORMAL,1.0,False
4.655,4.807235274845039e-05,-0.0008492708435558818,-0.009542373103067514,-4.7972757983328345e-99,0.0,-0.00203,False,False,True,NORMAL,1.0,False
4.656,4.721834502821516e-05,-0.0008587102124606591,-0.009336062312657422,-4.340754646969878e-99,0.0,-0.00203,False,False,True,NORMAL,1.0,False
4.657,4.635500139482143e-05,-0.0008679423715833086,-0.009127961756459859,-3.9276772270918175e-99,0.0,-0.0012049999999999986,False,True,True,NORMAL,1.0,False
4.658,4.548252994470272e-05,-0.0008769655558657743,-0.00891812090375945,-3.553909321040397e-99,0.0,-0.0012049999999999986,False,False,True,NORMAL,1.0,False
4.659,4.460114051456262e-05,-0.0008857780498788137,-0.008706589540958369,-3.215710133984123e-99,0.0,-0.0012049999999999986,False,False,True,NORMAL,1.0,False
4.66,4.371104463158936e-05,-0.0008943781881332857,-0.008493417759907678,-2.909694854786263e-99,0.0,-0.0012049999999999986,False,False,True,NORMAL,1.0,False
4.6610000000000005,4.2812455463364956e-05,-0.0009027643553797433,-0.008278655946187501,-2.6328007796773185e-99,0.0,-0.0012049999999999986,False,False,True,NORMAL,1.0,False
4.662,4.190558776748059e-05,-0.0009109349868962829,-0.008062354767338707,-2.382256659686286e-99,0.0,-0.0011000000000000003,False,False,True,NORMAL,1.0,False
4.663,4.099065784087004e-05,-0.0009188885687646009,-0.007844565161048858,-2.1555549650495084e-99,0.0,-0.0011000000000000003,False,False,True,NORMAL,1.0,False
4.664,4.006788346887303e-05,-0.0009266236381342164,-0.007625338323295107,-1.9504267890099903e-99,0.0,-0.0011000000000000003,False,False,True,NORMAL,1.0,False
4.665,3.91374838740402e-05,-0.0009341387834748144,-0.007404725696446824,-1.7648191398359667e-99,0.0,-0.0011000000000000003,False,False,True,NORMAL,1.0,False
4.666,3.8199679664691753e-05,-0.0009414326448166742,-0.007182778957330633,-1.596874393789619e-99,0.0,-0.0011000000000000003,False,False,True,NORMAL,1.0,False
4.667,3.725469278324161e-05,-0.0009485039139791442,-0.006959550005260646,-1.444911703404337e-99,0.0,-0.0018199999999999998,False,True,True,NORMAL,1.0,False
4.668,3.6302746454299094e-05,-0.0009553513347871311,-0.0067350909500366,-1.3074101749983205e-99,0.0,-0.0018199999999999998,False,False,True,NORMAL,1.0,False
4.6690000000000005,3.534406513256017e-05,-0.0009619737032755723,-0.00650945409991268,-1.1829936470594224e-99,0.0,-0.0018199999999999998,False,False,True,NORMAL,1.0,False
4.67,3.437887445050016e-05,-0.0009683698678818636,-0.006282691949539739,-1.0704169171581909e-99,0.0,-0.0018199999999999998,False,False,True,NORMAL,1.0,False
4.671,3.340740116588009e-05,-0.0009745387296262167,-0.006054857167883695,-9.68553279543429e-100,0.0,-0.0018199999999999998,False,False,True,NORMAL,1.0,False
4.672,3.2429873109078774e-05,-0.000980479242279925,-0.005826002586122837,-8.763832486923372e-100,0.0,0.003129999999999999,False,True,True,NORMAL,1.0,False
4.673,3.144651913026262e-05,-0.0009861904125215166,-0.005596181185526814,-7.929843559567406e-100,0.0,0.003129999999999999,False,False,True,NORMAL,1.0,False
4.674,3.0457569046405357e-05,-0.0009916713000807783,-0.005365446085320039,-7.175219171868055e-100,0.0,0.003129999999999999,False,False,True,NORMAL,1.0,False
4.675,2.946325358816986e-05,-0.0009969210178706373,-0.005133850530532264,-6.492406789315207e-100,0.0,0.003129999999999999,False,False,True,NORMAL,1.0,False
4.676,2.8463804346664108e-05,-0.0010019387321068866,-0.004901447879839095,-5.874572596083105e-100,0.0,0.003129999999999999,False,False,True,NORMAL,1.0,False
4.6770000000000005,2.7459453720083527e-05,-0.0010067236624157487,-0.0046682915933951704,-5.315533099904641e-100,0.0,0.002660000000000001,False,True,True,NORMAL,1.0,False
4.678,2.6450434860251848e-05,-0.001011275081929269,-0.004434435220662763,-4.809693245602395e-100,0.0,0.002660000000000001,False,False,True,NORMAL,1.0,False
4.679,2.5436981619072673e-05,-0.0010155923173685367,-0.0041999323882385454,-4.351990417895865e-100,0.0,0.002660000000000001,False,False,True,NORMAL,1.0,False
4.68,2.441932849490387e-05,-0.0010196747491147328,-0.003964836787681272,-3.9378437730461313e-100,0.0,0.002660000000000001,False,False,True,NORMAL,1.0,False
4.681,2.339771057886705e-05,-0.001023521811268008,-0.0037292021633430743,-3.5631083922320423e-100,0.0,0.002660000000000001,False,False,True,NORMAL,1.0,False
4.682,2.237236350110422e-05,-0.0010271329916941932,-0.0034930823002071597,-3.2240337978095e-100,0.0,-0.0031750000000000007,False,True,True,NORMAL,1.0,False
4.683,2.13435233769938e-05,-0.0010305078320593543,-0.0032565310117345725,-2.9172264172706166e-100,0.0,-0.0031750000000000007,False,False,True,NORMAL,1.0,False
4.684,2.0311426753338196e-05,-0.0010336459278521973,-0.0030196021277227978,-2.6396156192294373e-100,0.0,-0.0031750000000000007,False,False,True,NORMAL,1.0,False
4.6850000000000005,1.9276310554535e-05,-0.0010365469283943405,-0.0027823494821788645,-2.3884229815109544e-100,0.0,-0.0031750000000000007,False,False,True,NORMAL,1.0,False
4.686,1.8238412028743993e-05,-0.0010392105368384674,-0.0025448269012096967,-2.1611344837681203e-100,0.0,-0.0031750000000000007,False,False,True,NORMAL,1.0,False
4.687,1.7197968694062052e-05,-0.0010416365101543802,-0.0023070881909323915,-1.9554753463212223e-100,0.0,0.0011850000000000003,False,True,True,NORMAL,1.0,False
4.688,1.6155218284718033e-05,-0.001043824659102974,-0.0020691871254070963,-1.7693872633982686e-100,0.0,0.0011850000000000003,False,False,True,NORMAL,1.0,False
4.689,1.5110398697299712e-05,-0.0010457748481981575,-0.001831177434595199,-1.6010078029190015e-100,0.0,0.0011850000000000003,False,False,True,NORMAL,1.0,False
4.69,1.406374793702483e-05,-0.0010474869956567437,-0.0015931127923454714,-1.4486517666486536e-100,0.0,0.0011850000000000003,False,False,True,NORMAL,1.0,False
4.691,1.3015504064068241e-05,-0.0010489610733363443,-0.0013550468044108378,-1.310794324167599e-100,0.0,0.0011850000000000003,False,False,True,NORMAL,1.0,False
4.692,1.1965905139957155e-05,-0.0010501971066612951,-0.0011170329964984172,-1.186055751856001e-100,0.0,0.0009150000000000001,False,True,True,NORMAL,1.0,False
4.6930000000000005,1.0915189174046426e-05,-0.0010511951745366505,-0.0008791248023554702,-1.0731876241560826e-100,0.0,0.0009150000000000001,False,False,True,NORMAL,1.0,False
4.694,9.863594070085788e-06,-0.0010519554092502821,-0.0006413755518938794,-9.710603189095355e-101,0.0,0.0009150000000000001,False,False,True,NORMAL,1.0,False
4.695,8.811357572890938e-06,-0.001052477996363123,-0.0004038384593557767,-8.786517117192795e-101,0.0,0.0009150000000000001,False,False,True,NORMAL,1.0,False
4.696,7.758717215130269e-06,-0.0010527631745875993,-0.00016656661152291156,-7.95036946184949e-101,0.0,0.0009150000000000001,False,False,True,NORMAL,1.0,False
4.697,6.705910264239072e-06,-0.0010528112356542924,7.03870440276472e-05,-7.193791776291834e-101,0.0,0.0019499999999999995,False,True,True,NORMAL,1.0,False
4.698,5.653173669472932e-06,-0.001052622524166884,0.000306969710618916,-6.509211976748222e-101,0.0,0.0019499999999999995,False,False,True,NORMAL,1.0,False
4.699,4.600744009112019e-06,-0.0010521974374454283,0.0005431287541179384,-5.889778558489606e-101,0.0,0.0019499999999999995,False,False,True,NORMAL,1.0,False
4.7,3.5488574378279253e-06,-0.0010515364253580093,0.0007788117145257306,-5.3292920236672904e-101,0.0,0.0019499999999999995,False,False,True,NORMAL,1.0,False
4.7010000000000005,2.497749634224624e-06,-0.0010506399901408347,0.0010139663175107118,-4.822142834654745e-101,0.0,0.0019499999999999995,False,False,True,NORMAL,1.0,False
4.702,1.4476557485650956e-06,-0.0010495086862068268,0.0012485404858830935,-4.363255271909602e-101,0.0,0.002265,False,True,True,NORMAL,1.0,False
4.703,3.988103506950894e-07,-0.0010481431199427687,0.0014824823510077578,-3.948036634466473e-101,0.0,0.002265,False,False,True,NORMAL,1.0,False
4.704,-6.485526218245671e-07,-0.0010465439494950696,0.001715740264153132,-3.572331274642023e-101,0.0,0.002265,False,False,True,NORMAL,1.0,False
4.705,-1.6941999153657588e-06,-0.001044711884544215,0.001948262807773618,-3.232379006916196e-101,0.0,0.002265,False,False,True,NORMAL,1.0,False
4.706,-2.7378990116496937e-06,-0.0010426476860679677,0.0021799988067231326,-2.92477747473169e-101,0.0,0.002265,False,False,True,NORMAL,1.0,False
4.707,-3.779418178921121e-06,-0.0010403521660933908,0.0024108973393973383,-2.6464480985659564e-101,0.0,0.0014799999999999995,False,True,True,NORMAL,1.0,False
4.708,-4.818526522869013e-06,-0.001037826187437766,0.0026409077488021766,-2.3946052644725946e-101,0.0,0.0014799999999999995,False,False,True,NORMAL,1.0,False
4.7090000000000005,-5.8549940372826415e-06,-0.0010350706634384807,0.0028699796535463155,-2.1667284447206986e-101,0.0,0.0014799999999999995,False,False,True,NORMAL,1.0,False
4.71,-6.888591654432063e-06,-0.0010320865576719613,0.003098062958755156,-1.960536971506147e-101,0.0,0.0014799999999999995,False,False,True,NORMAL,1.0,False
4.711,-7.919091295162089e-06,-0.001028874883661733,0.0033251078669040693,-1.7739672112616616e-101,0.0,0.0014799999999999995,False,False,True,NORMAL,1.0,False
4.712,-8.94626591868891e-06,-0.001025436704575688,0.0035510648885685365,-1.6051519111184533e-101,0.0,0.001105,False,True,True,NORMAL,1.0,False
4.713,-9.969889572088639e-06,-0.0010217731329126456,0.003775884853088912,-1.4524015108119073e-101,0.0,0.001105,False,False,True,NORMAL,1.0,False
4.714,-1.0989737439467085e-05,-0.0010178853301782917,0.003999518919147532,-1.314187232994573e-101,0.0,0.001105,False,False,True,NORMAL,1.0,False
4.715,-1.2005585890800198e-05,-0.001013774506550585,0.004221918585255922,-1.1891257827186314e-101,0.0,0.001105,False,False,True,NORMAL,1.0,False
4.716,-1.3017212530434692e-05,-0.0010094419205347231,0.004443035700149891,-1.0759655029551158e-101,0.0,0.001105,False,False,True,NORMAL,1.0,False
4.7170000000000005,-1.4024396245238447e-05,-0.0010048888786077597,0.00466282247309029,-9.735738475896696e-102,0.0,0.0023100000000000004,False,True,True,NORMAL,1.0,False
4.718,-1.5026917252390404e-05,-0.001000116734852969,0.004881231484067294,-8.809260465203713e-102,0.0,0.0023100000000000004,False,False,True,NORMAL,1.0,False
4.719,-1.6024557146799725e-05,-0.0009951268905840558,0.005098215693906022,-7.970948494141183e-102,0.0,0.0023100000000000004,False,False,True,NORMAL,1.0,False
4.72,-1.7017098948144142e-05,-0.0009899207939593091,0.005313728454271396,-7.212412454736328e-102,0.0,0.0023100000000000004,False,False,True,NORMAL,1.0,False
4.721,-1.800432714751746e-05,-0.0009844999395858033,0.005527723517570133,-6.5260606633540156e-102,0.0,0.0023100000000000004,False,False,True,NORMAL,1.0,False
4.722,-1.8986027753676338e-05,-0.000978865868113748,0.005740155046747798,-5.905023880575289e-102,0.0,0.0017299999999999998,False,True,True,NORMAL,1.0,False
4.723,-1.9961988338876534e-05,-0.0009730201658210962,0.005950977624978864,-5.343086561540427e-102,0.0,0.0017299999999999998,False,False,True,NORMAL,1.0,False
4.724,-2.0931998084288936e-05,-0.0009669644641885153,0.006160146265247783,-4.834624648686872e-102,0.0,0.0017299999999999998,False,False,True,NORMAL,1.0,False
4.7250000000000005,-2.189584782498578e-05,-0.0009607004394648324,0.006367616419819049,-4.374549284290838e-102,0.0,0.0017299999999999998,False,False,True,NORMAL,1.0,False
4.726,-2.285333009448762e-05,-0.0009542298122230666,0.006573343989594313,-3.958255879468776e-102,0.0,0.0017299999999999998,False,False,True,NORMAL,1.0,False
4.727,-2.3804239168861634e-05,-0.0009475543469071613,0.006777285333354609,-3.5815780299041835e-102,0.0,0.0018699999999999997,False,False,True,NORMAL,1.0,False
4.728,-2.4748371110362104e-05,-0.0009406758513695315,0.00697939727688577,-3.24074581707282e-102,0.0,0.0018699999999999997,False,False,True,NORMAL,1.0,False
4.729,-2.568552381060387e-05,-0.0009335961763995465,0.007179637121985189,-2.9323480776310065e-102,0.0,0.0018699999999999997,False,False,True,NORMAL,1.0,False
4.73,-2.661549703325979e-05,-0.0009263172152430647,0.007377962655348049,-2.6532982633463492e-102,0.0,0.0018699999999999997,False,False,True,NORMAL,1.0,False
4.731,-2.7538092456273326e-05,-0.0009188409031131434,0.007574332157331214,-2.400803549885606e-102,0.0,0.0018699999999999997,False,False,True,NORMAL,1.0,False
4.732,-2.8453113713577447e-05,-0.0009111692166920473,0.007768704410592997,-2.172336885290058e-102,0.0,0.0009099999999999999,False,True,True,NORMAL,1.0,False
4.7330000000000005,-2.936036643631128e-05,-0.0009033041736246794,0.007961038708607055,-1.9656116983901343e-102,0.0,0.0009099999999999999,False,False,True,NORMAL,1.0,False
4.734,-3.0259658293525928e-05,-0.0008952478320035613,0.008151294864048676,-1.7785590140326063e-102,0.0,0.0009099999999999999,False,False,True,NORMAL,1.0,False
4.735,-3.115079903237111e-05,-0.000887002289845493,0.00833943321705174,-1.6093067460818453e-102,0.0,0.0009099999999999999,False,False,True,NORMAL,1.0,False
4.736,-3.203360051775435e-05,-0.0008785696845600198,0.008525414643334757,-1.4561609609525485e-102,0.0,0.0009099999999999999,False,False,True,NORMAL,1.0,False
4.737,-3.290787677146458e-05,-0.0008699521924098401,0.00870920056219429,-1.3175889241530656e-102,0.0,0.0006349999999999997,False,True,True,NORMAL,1.0,False
4.738,-3.377344401075222e-05,-0.0008611520279632864,0.008890752944364179,-1.1922037601634375e-102,0.0,0.0006349999999999997,False,False,True,NORMAL,1.0,False
4.739,-3.4630120686357764e-05,-0.0008521714435390147,0.00907003431973902,-1.078750572119047e-102,0.0,0.0006349999999999997,False,False,True,NORMAL,1.0,False
4.74,-3.5477727519981276e-05,-0.0008430127286430396,0.009247007784960347,-9.760938823810127e-103,0.0,0.0006349999999999997,False,False,True,NORMAL,1.0,False
4.741,-3.631608754118511e-05,-0.0008336782093982516,0.009421637010864027,-8.832062682943311e-103,0.0,0.0006349999999999997,False,False,True,NORMAL,1.0,False
4.742,-3.71450261237225e-05,-0.0008241702479665577,0.009593886249787398,-7.991580793966175e-103,0.0,0.005824999999999999,False,True,True,NORMAL,1.0,False
4.743,-3.7964371021284575e-05,-0.0008144912419637852,0.009763720342734707,-7.231081331638117e-103,0.0,0.005824999999999999,False,False,True,NORMAL,1.0,False
4.744,-3.8773952402658816e-05,-0.0008046436238674919,0.009931104726399471,-6.542952961727461e-103,0.0,0.005824999999999999,False,False,True,NORMAL,1.0,False
4.745,-3.957360288629176e-05,-0.0007946298604178254,0.010096005440042384,-5.9203086642202105e-103,0.0,0.005824999999999999,False,False,True,NORMAL,1.0,False
4.746,-4.0363157574249194e-05,-0.0007844524520115778,0.010258389132223435,-5.356916805708936e-103,0.0,0.005824999999999999,False,False,True,NORMAL,1.0,False
4.747,-4.1142454085567026e-05,-0.0007741139320895819,0.010418223067386954,-4.847138771111113e-103,0.0,0.004255000000000002,False,True,True,NORMAL,1.0,False
4.748,-4.191133258898634e-05,-0.0007636168665175957,0.01057547513229832,-4.385872530514173e-103,0.0,0.004255000000000002,False,False,True,NORMAL,1.0,False
4.749,-4.2669635835066064e-05,-0.0007529638529608251,0.010730113842331102,-3.9685015763452846e-103,0.0,0.004255000000000002,False,False,True,NORMAL,1.0,False
4.75,-4.341720918766712e-05,-0.0007421575202522355,0.010882108347603454,-3.5908487198119026e-103,0.0,0.004255000000000002,False,False,True,NORMAL,1.0,False
4.751,-4.415390065480179e-05,-0.000731200527754802,0.011031428438962605,-3.2491342841923324e-103,0.0,0.004255000000000002,False,False,True,NORMAL,1.0,False
4.752,-4.487956091884238e-05,-0.0007200955647178514,0.011178044553816312,-2.9399382765607056e-103,0.0,-0.0011700000000000005,False,True,True,NORMAL,1.0,False
4.753,-4.559404336608336e-05,-0.0007088453496276508,0.01132192778181023,-2.6601661593482773e-103,0.0,-0.0011700000000000005,False,False,True,NORMAL,1.0,False
4.7540000000000004,-4.629720411565122e-05,-0.000697452629552395,0.011463049870350118,-2.4070178791713303e-103,0.0,-0.0011700000000000005,False,False,True,NORMAL,1.0,False
4.755,-4.698890204775666e-05,-0.0006859201794817509,0.011601383229967874,-2.1779598429557776e-103,0.0,-0.0011700000000000005,False,False,True,NORMAL,1.0,False
4.756,-4.766899883128359e-05,-0.0006742508016611131,0.011736900939530477,-1.9706995608861095e-103,0.0,-0.0011700000000000005,False,False,True,NORMAL,1.0,False
4.757,-4.8337358950709876e-05,-0.0006624473249207308,0.011869576751290817,-1.7831627023967865e-103,0.0,0.0009199999999999995,False,True,True,NORMAL,1.0,False
4.758,-4.899384973235464e-05,-0.0006505126039998624,0.011999385095779587,-1.6134723355747324e-103,0.0,0.0009199999999999995,False,False,True,NORMAL,1.0,False
4.759,-4.963834136994736e-05,-0.0006384495188661183,0.012126301086537334,-1.45993014219389e-103,0.0,0.0009199999999999995,False,False,True,NORMAL,1.0,False
4.76,-5.0270706949513955e-05,-0.0006262609740301519,0.012250300524685868,-1.3209994203755907e-103,0.0,0.0009199999999999995,False,False,True,NORMAL,1.0,False
4.761,-5.0890822473575265e-05,-0.00061394989785586,0.012371359903338224,-1.1952897047596486e-103,0.0,0.0009199999999999995,False,False,True,NORMAL,1.0,False
4.7620000000000005,-5.149856688465361e-05,-0.0006015192418662539,0.012489456411846444,-1.0815428502596848e-103,0.0,0.004149999999999999,False,True,True,NORMAL,1.0,False
4.763,-5.209382208808311e-05,-0.0005889719800451648,0.012604567939886449,-9.786204401242255e-104,0.0,0.004149999999999999,False,False,True,NORMAL,1.0,False
4.764,-5.267647297411963e-05,-0.000576311108134945,0.012716673081379333,-8.854923922792186e-104,0.0,0.004149999999999999,False,False,True,NORMAL,1.0,False
4.765,-5.3246407439346596e-05,-0.0005635396429303311,0.01282575113824848,-8.012266499204131e-104,0.0,0.004149999999999999,False,False,True,NORMAL,1.0,False
4.766,-5.3803516407372755e-05,-0.0005506606215686312,0.012931782124011816,-7.249798531755883e-104,0.0,0.004149999999999999,False,False,True,NORMAL,1.0,False
4.767,-5.434769384881837e-05,-0.0005376771008164037,0.013034746767208739,-6.559888984754883e-104,0.0,0.003400000000000001,False,True,True,NORMAL,1.0,False
4.768,-5.487883680058641e-05,-0.0005245921563527909,0.01313462651466113,-5.935633011568139e-104,0.0,0.003400000000000001,False,False,True,NORMAL,1.0,False
4.769,-5.539684538441546e-05,-0.0005114088820496759,0.013231403534567993,-5.370782848596322e-104,0.0,0.003400000000000001,False,False,True,NORMAL,1.0,False
4.7700000000000005,-5.590162282471131e-05,-0.0004981303892488271,0.013325060719433285,-4.8596852855557114e-104,0.0,0.003400000000000001,False,False,True,NORMAL,1.0,False
4.771,-5.6393075465654186e-05,-0.0004847598060361994,0.01341558168882649,-4.397225086249574e-104,0.0,0.003400000000000001,False,False,True,NORMAL,1.0,False
4.772,-5.687111278757897e-05,-0.0004713002765135579,0.013502950791975603,-3.978773793565014e-104,0.0,0.0025100000000000005,False,True,True,NORMAL,1.0,False
4.773,-5.733564742262579e-05,-0.0004577549600675931,0.013587153110192193,-3.6001434063185074e-104,0.0,0.0025100000000000005,False,False,True,NORMAL,1.0,False
4.774,-5.7786595169658503e-05,-0.00044412703063669473,0.013668174459128206,-3.2575444643324224e-104,0.0,0.0025100000000000005,False,False,True,NORMAL,1.0,False
4.775,-5.822387500844888e-05,-0.00043041967597555334,0.013746001390864328,-2.947548122243882e-104,0.0,0.0025100000000000005,False,False,True,NORMAL,1.0,False
4.776,-5.864740911312435e-05,-0.0004166360969177574,0.013820621195829616,-2.6670518324678947e-104,0.0,0.0025100000000000005,False,False,True,NORMAL,1.0,False
4.777,-5.905712286487744e-05,-0.00040277950663655565,0.013892021904552255,-2.4132482938583244e-104,0.0,0.0017549999999999987,False,True,True,NORMAL,1.0,False
4.7780000000000005,-5.945294486393511e-05,-0.000388853129903953,0.01396019228924133,-2.1835973552944506e-104,0.0,0.0017549999999999987,False,False,True,NORMAL,1.0,False
4.779,-5.9834806940786425e-05,-0.00037486020234830914,0.014025121865199408,-1.9758005929947805e-104,0.0,0.0017549999999999987,False,False,True,NORMAL,1.0,False
4.78,-6.020264416666715e-05,-0.0003608039697106093,0.014086800892066023,-1.7877783071193148e-104,0.0,0.0017549999999999987,False,False,True,NORMAL,1.0,False
4.781,-6.055639486330001e-05,-0.00034668768709957617,0.014145220374891868,-1.6176487074345395e-104,0.0,0.0017549999999999987,False,False,True,NORMAL,1.0,False
4.782,-6.089600061188959e-05,-0.0003325146182457918,0.014200372065043846,-1.463709079724276e-104,0.0,-0.00020499999999999945,False,True,True,NORMAL,1.0,False
4.783,-6.122140626137089e-05,-0.0003182880347549998,0.01425224846094095,-1.3244187444535043e-104,0.0,-0.00020499999999999945,False,False,True,NORMAL,1.0,False
4.784,-6.153255993591084e-05,-0.00030401121536075535,0.01430084280862107,-1.1983836371297361e-104,0.0,-0.00020499999999999945,False,False,True,NORMAL,1.0,False
4.785,-6.182941304166227e-05,-0.00028968744517659357,0.014346149102138902,-1.0843423560370127e-104,0.0,-0.00020499999999999945,False,False,True,NORMAL,1.0,False
4.7860000000000005,-6.21119202727698e-05,-0.000275320014947884,0.01438816208379503,-9.811535377035597e-105,0.0,-0.00020499999999999945,False,False,True,NORMAL,1.0,False
4.787,-6.238003961662756e-05,-0.00026091222030354025,0.014426877244196511,-8.877844337525364e-105,0.0,0.001715,False,True,True,NORMAL,1.0,False
4.788,-6.263373235838858e-05,-0.0002464673610077538,0.01446229082214906,-8.033005748091615e-105,0.0,0.001715,False,False,True,NORMAL,1.0,False
4.789,-6.287296308472601e-05,-0.0002319887402119188,0.01449439980438123,-7.268564180171239e-105,0.0,0.001715,False,False,True,NORMAL,1.0,False
4.79,-6.309769968684642e-05,-0.0002174796637069174,0.014523201925100822,-6.5768688456148044e-105,0.0,0.001715,False,False,True,NORMAL,1.0,False
4.791,-6.330791336275566e-05,-0.00020294343917593192,0.014548695665383922,-5.9509970250272415e-105,0.0,0.001715,False,False,True,NORMAL,1.0,False
4.792,-6.350357861877783e-05,-0.0001883833754479516,0.014570880252396938,-5.384684782865325e-105,0.0,0.002265,False,False,True,NORMAL,1.0,False
4.793,-6.368467327032818e-05,-0.00017380278175214078,0.014589755658452053,-4.8722642758653825e-105,0.0,0.002265,False,False,True,NORMAL,1.0,False
4.7940000000000005,-6.385117844194097e-05,-0.00015920496697323464,0.01460532259989657,-4.408607027362876e-105,0.0,0.002265,False,False,True,NORMAL,1.0,False
4.795,-6.400307856655312e-05,-0.00014459323890812835,0.014617582535836643,-3.989072599774212e-105,0.0,0.002265,False,False,True,NORMAL,1.0,False
4.796,-6.414036138404528e-05,-0.00012997090352382518,0.014626537666695926,-3.6094621515376905e-105,0.0,0.002265,False,False,True,NORMAL,1.0,False
4.797,-6.426301793904156e-05,-0.00011534126421690833,0.014632190932609715,-3.265976413695883e-105,0.0,0.001785,False,True,True,NORMAL,1.0,False
4.798,-6.43710425779695e-05,-0.00010070762107470044,0.014634546011655187,-2.9551776655349257e-105,0.0,0.001785,False,False,True,NORMAL,1.0,False
4.799,-6.446443294538217e-05,-8.607327013827467e-05,0.014633607317918402,-2.6739553287201566e-105,0.0,0.001785,False,False,True,NORMAL,1.0,False
4.8,-6.454318997954426e-05,-7.144150266748012e-05,0.014629379999398678,-2.419494835582642e-105,0.0,0.001785,False,False,True,NORMAL,1.0,False
4.801,-6.460731790728426e-05,-5.68156044081438e-05,0.014621869935751175,-2.189249459979936e-105,0.0,0.001785,False,False,True,NORMAL,1.0,False
4.8020000000000005,-6.465682423811506e-05,-4.2198854861610704e-05,0.0146110837358683,-1.980914828804864e-105,0.0,-0.0006900000000000005,False,True,True,NORMAL,1.0,False
4.803,-6.469171975762514e-05,-2.759452655678268e-05,0.014597028735300832,-1.7924058590449377e-105,0.0,-0.0006900000000000005,False,False,True,NORMAL,1.0,False
4.804,-6.471201852014344e-05,-1.3005884324816008e-05,0.014579712993519497,-1.6218358895707474e-105,0.0,-0.0006900000000000005,False,False,True,NORMAL,1.0,False
4.805,-6.471773784067994e-05,1.5638154233632229e-06,0.014559145291017941,-1.4674977987972486e-105,0.0,-0.0006900000000000005,False,False,True,NORMAL,1.0,False
4.806,-6.470889828614555e-05,1.611132541656773e-05,0.014535335126257898,-1.3278469192371565e-105,0.0,-0.0006900000000000005,False,False,True,NORMAL,1.0,False
4.807,-6.468552366585385e-05,3.063340823972431e-05,0.01450829271245753,-1.201485577949552e-105,0.0,0.00477,False,True,True,NORMAL,1.0,False
4.808,-6.46476410213082e-05,4.5126837046959463e-05,0.014478028974223905,-1.0871491081593152e-105,0.0,0.00477,False,False,True,NORMAL,1.0,False
4.809,-6.459528061527737e-05,5.9588396271239956e-05,0.014444555544030548,-9.836931920469709e-106,0.0,0.00477,False,False,True,NORMAL,1.0,False
4.8100000000000005,-6.452847592016343e-05,7.401488233041388e-05,0.014407884758541151,-8.900824080313324e-106,0.0,0.00477,False,False,True,NORMAL,1.0,False
4.811,-6.444726360566537e-05,8.840310432949897e-05,0.01436802965478046,-8.053798679223002e-106,0.0,0.00477,False,False,True,NORMAL,1.0,False
4.812,-6.435168352574242e-05,0.00010274988475906583,0.014325003966153445,-7.287378402289562e-106,0.0,0.0010650000000000004,False,True,True,NORMAL,1.0,False
4.813,-6.424177870488097e-05,0.00011705206018956498,0.01427882211831387,-6.593892657778703e-106,0.0,0.0010650000000000004,False,False,True,NORMAL,1.0,False
4.814,-6.41175953236693e-05,0.00013130648196144756,0.014229499224883424,-5.966400807270752e-106,0.0,0.0010650000000000004,False,False,True,NORMAL,1.0,False
4.815,-6.397918270368434e-05,0.00014551001687093107,0.01417705108302258,-5.398622701418531e-106,0.0,0.0010650000000000004,False,False,True,NORMAL,1.0,False
4.816,-6.382659329169482e-05,0.00015965954785126214,0.014121494168854443,-4.884875826101861e-106,0.0,0.0010650000000000004,False,False,True,NORMAL,1.0,False
4.817,-6.365988264318563e-05,0.00017375197464933046,0.01406284563274277,-4.420018429916283e-106,0.0,0.004259999999999998,False,True,True,NORMAL,1.0,False
4.8180000000000005,-6.347910940520779e-05,0.00018778421449748803,0.01400112329442552,-3.999398063796805e-106,0.0,0.004259999999999998,False,False,True,NORMAL,1.0,False
4.819,-6.328433529855917e-05,0.00020175320278043046,0.013936345638005165,-3.6188050177439164e-106,0.0,0.004259999999999998,False,False,True,NORMAL,1.0,False
4.82,-6.30756250993008e-05,0.00021565589369699752,0.013868531806797183,-3.27443018863098e-106,0.0,0.004259999999999998,False,False,True,NORMAL,1.0,False
4.821,-6.285304661961402e-05,0.00022948926091675173,0.013797701598038028,-2.9628269574198557e-106,0.0,0.004259999999999998,False,False,True,NORMAL,1.0,False
4.822,-6.261667068800365e-05,0.00024325029823119536,0.013723875457454028,-2.68087669423912e-106,0.0,0.002650000000000002,False,True,True,NORMAL,1.0,False
4.823,-6.23665711288528e-05,0.0002569360201994873,0.013647074473692648,-2.425757546088104e-106,0.0,0.002650000000000002,False,False,True,NORMAL,1.0,False
4.824,-6.210282474133459e-05,0.00027054346278852304,0.013567320372617498,-2.194916194783605e-106,0.0,0.002650000000000002,False,False,True,NORMAL,1.0,False
4.825,-6.182551127768688e-05,0.00028406968400724214,0.013484635511468685,-1.9860423024933103e-106,0.0,0.002650000000000002,False,False,True,NORMAL,1.0,False
4.8260000000000005,-6.153471342085547e-05,0.0002975117645350293,0.013399042872889937,-1.797045389098239e-106,0.0,0.002650000000000002,False,False,True,NORMAL,1.0,False
4.827,-6.1230516761512e-05,0.00031086680834407655,0.013310566058824082,-1.6260339099650768e-106,0.0,0.001619999999999998,False,True,True,NORMAL,1.0,False
4.828,-6.091300977445246e-05,0.00032413194331557606,0.013219229284278438,-1.471296324731716e-106,0.0,0.001619999999999998,False,False,True,NORMAL,1.0,False
4.829,-6.058228379438281e-05,0.00033730432184961344,0.013125057370961713,-1.3312839676360423e-106,0.0,0.001619999999999998,False,False,True,NORMAL,1.0,False
4.83,-6.0238432991097724e-05,0.0003503811214686349,0.013028075740794036,-1.2045955479484644e-106,0.0,0.001619999999999998,False,False,True,NORMAL,1.0,False
4.831,-5.9881554344059274e-05,0.0003633595454143612,0.012928310409291793,-1.0899631253833003e-106,0.0,0.001619999999999998,False,False,True,NORMAL,1.0,False
4.832,-5.951174761638196e-05,0.000376236823238025,0.012825787978828903,-9.862394201262303e-107,0.0,0.0015500000000000015,False,True,True,NORMAL,1.0,False
4.833,-5.91291153282309e-05,0.00038901021138380804,0.01272053563177624,-8.923863304723001e-107,0.0,0.0015500000000000015,False,False,True,NORMAL,1.0,False
4.8340000000000005,-5.8733762729640055e-05,0.0004016769937653578,0.012612581123520978,-8.074645431551405e-107,0.0,0.0015500000000000015,False,False,True,NORMAL,1.0,False
4.835,-5.832579777275742e-05,0.000414234482335264,0.012501952775367524,-7.30624132384083e-107,0.0,0.0015500000000000015,False,False,True,NORMAL,1.0,False
4.836,-5.7905331083524334e-05,0.00042668001764737757,0.01238867946732191,-6.610960535011767e-107,0.0,0.0015500000000000015,False,False,True,NORMAL,1.0,False
4.837,-5.747247593279607e-05,0.00043901096941185676,0.012272790630761329,-5.981844461237673e-107,0.0,0.0034049999999999996,False,True,True,NORMAL,1.0,False
4.838,-5.702734820691109e-05,0.0004512247370428258,0.012154316240990757,-5.412596697399002e-107,0.0,0.0034049999999999996,False,False,True,NORMAL,1.0,False
4.839,-5.657006637771637e-05,0.00046331875019853464,0.01203328680968838,-4.897520020544474e-107,0.0,0.0034049999999999996,False,False,True,NORMAL,1.0,False
4.84,-5.610075147205635e-05,0.0004752904693139092,0.011909733377241813,-4.4314593701688814e-107,0.0,0.0034049999999999996,False,False,True,NORMAL,1.0,False
4.841,-5.5619527040733203e-05,0.00048713738612538417,0.011783687504976893,-4.00975025463487e-107,0.0,0.0034049999999999996,False,False,True,NORMAL,1.0,False
4.8420000000000005,-5.512651912694617e-05,0.0004988570241879116,0.01165518126728102,-3.628172067372847e-107,0.0,0.002205,False,True,True,NORMAL,1.0,False
4.843,-5.4621856234217816e-05,0.0005104469393840407,0.011524247243622948,-3.282905845631836e-107,0.0,0.002205,False,False,True,NORMAL,1.0,False
4.844,-5.410566929381526e-05,0.0005219047204249673,0.011390918510470983,-2.9704960490166685e-107,0.0,0.002205,False,False,True,NORMAL,1.0,False
4.845,-5.3578091631674376e-05,0.00053322798934345,0.01125522863311156,-2.6878159752782614e-107,0.0,0.002205,False,False,True,NORMAL,1.0,False
4.846,-5.30392589348352e-05,0.0005444144019784975,0.011117211657370174,-2.4320364672265865e-107,0.0,0.002205,False,False,True,NORMAL,1.0,False
4.847,-5.2489309217396797e-05,0.000555461648451728,0.010976902101236686,-2.200597597574601e-107,0.0,0.00358,False,True,True,NORMAL,1.0,False
4.848,-5.192838278599999e-05,0.0005663674536353071,0.010834334946397036,-1.9911830483255372e-107,0.0,0.00358,False,False,True,NORMAL,1.0,False
4.849,-5.135662220484636e-05,0.0005771295776113714,0.010689545629673374,-1.8016969282838504e-107,0.0,0.00358,False,False,True,NORMAL,1.0,False
4.8500000000000005,-5.0774172260262185e-05,0.0005877458161228476,0.01054257003437472,-1.6302427966716787e-107,0.0,0.00358,False,False,True,NORMAL,1.0,False
4.851,-5.0181179924815816e-05,0.0005982140010155782,0.010393444481560191,-1.4751046829121234e-107,0.0,0.00358,False,False,True,NORMAL,1.0,False
4.852,-4.957779432099739e-05,0.0006085320006716672,0.010242205721216912,-1.3347299126189585e-107,0.0,-0.001195000000000001,False,True,True,NORMAL,1.0,False
4.853,-4.896416668446956e-05,0.000618697720433963,0.010088890923354707,-1.2077135679095003e-107,0.0,-0.001195000000000001,False,False,True,NORMAL,1.0,False
4.854,-4.834045032689825e-05,0.0006287091030215937,0.009933537669019716,-1.0927844265142287e-107,0.0,-0.001195000000000001,False,False,True,NORMAL,1.0,False
4.855,-4.770680059837235e-05,0.0006385641289364781,0.00977618394122906,-9.887922389570414e-108,0.0,-0.001195000000000001,False,False,True,NORMAL,1.0,False
4.856,-4.706337484942148e-05,0.0006482608168607313,0.009616868115828738,-8.946962164718848e-108,0.0,-0.001195000000000001,False,False,True,NORMAL,1.0,False
4.857,-4.641033239264089e-05,0.0006577972240448915,0.009455628952276862,-8.095546144389621e-108,0.0,0.00027500000000000094,False,True,True,NORMAL,1.0,False
4.8580000000000005,-4.574783446393278e-05,0.0006671714466868936,0.009292505584354536,-7.325153070880472e-108,0.0,0.00027500000000000094,False,False,True,NORMAL,1.0,False
4.859,-4.507604418337333e-05,0.0006763816203017182,0.009127537510806421,-6.628072591373666e-108,0.0,0.00027500000000000094,False,False,True,NORMAL,1.0,False
4.86,-4.439512651571469e-05,0.0006854259200816471,0.008960764585913335,-5.9973280901334596e-108,0.0,0.00027500000000000094,False,False,True,NORMAL,1.0,False
4.861,-4.370524823053153e-05,0.000694302561247058,0.008792227009999007,-5.426606864190892e-108,0.0,0.00027500000000000094,False,False,True,NORMAL,1.0,False
4.862,-4.30065778620215e-05,0.0007030097993876945,0.008621965319873295,-4.9101969436907016e-108,0.0,0.0014400000000000007,False,True,True,NORMAL,1.0,False
4.863,-4.2299285668469216e-05,0.000711545930794348,0.008450020379214052,-4.4429299245771545e-108,0.0,0.0014400000000000007,False,False,True,NORMAL,1.0,False
4.864,-4.15835435913834e-05,0.0007199092927808919,0.008276433368889925,-4.020129241469093e-108,0.0,0.0014400000000000007,False,False,True,NORMAL,1.0,False
4.865,-4.0859525214316804e-05,0.0007280982639966101,0.008101245777226365,-3.637563363021754e-108,0.0,0.0014400000000000007,False,False,True,NORMAL,1.0,False
4.866,-4.012740572137873e-05,0.0007361112647287641,0.007924499390217069,-3.291403441338806e-108,0.0,0.0014400000000000007,False,False,True,NORMAL,1.0,False
4.867,-3.938736185544983e-05,0.0007439467571953448,0.007746236281683194,-2.978184991575677e-108,0.0,-0.0002450000000000002,False,True,True,NORMAL,1.0,False
4.868,-3.863957187610911e-05,0.0007516032458279591,0.007566498803382611,-2.6947732182107813e-108,0.0,-0.0002450000000000002,False,False,True,NORMAL,1.0,False
4.869,-3.788421551728303e-05,0.0007590792775448008,0.0073853295750714795,-2.4383316409582968e-108,0.0,-0.0002450000000000002,False,False,True,NORMAL,1.0,False
4.87,-3.712147394462653e-05,0.0007663734420136609,0.007202771474520479,-2.2062937063200895e-108,0.0,-0.0002450000000000002,False,False,True,NORMAL,1.0,False
4.871,-3.635152971264615e-05,0.0007734843719049325,0.007018867627487984,-1.9963371006556572e-108,0.0,-0.0002450000000000002,False,False,True,NORMAL,1.0,False
4.872,-3.5574566721575066e-05,0.0007804107431345673,0.006833661397652539,-1.8063605076866584e-108,0.0,-0.000215000000000001,False,True,True,NORMAL,1.0,False
4.873,-3.4790770174010285e-05,0.0007871512750969467,0.0066471963765068936,-1.634462577817321e-108,0.0,-0.000215000000000001,False,False,True,NORMAL,1.0,False
4.874,-3.4000326531321973e-05,0.0007937047308876274,0.006459516373216002,-1.4789228987886233e-108,0.0,-0.000215000000000001,False,False,True,NORMAL,1.0,False
4.875,-3.3203423469845155e-05,0.0008000699175159286,0.006270665404441267,-1.3381847772141545e-108,0.0,-0.000215000000000001,False,False,True,NORMAL,1.0,False
4.876,-3.240024983686389e-05,0.0008062456861073273,0.006080687684133385,-1.2108396586694813e-108,0.0,-0.000215000000000001,False,False,True,NORMAL,1.0,False
4.877,-3.15909956063982e-05,0.0008122309320956321,0.005889627613296146,-1.095613030406036e-108,0.0,0.001775,False,True,True,NORMAL,1.0,False
4.878,-3.077585183480389e-05,0.0008180245954049065,0.005697529769723516,-9.913516655991509e-109,0.0,0.001775,False,False,True,NORMAL,1.0,False
4.8790000000000004,-2.995501061619562e-05,0.0008236256606211176,0.005504438897712337,-8.970120814663836e-109,0.0,0.001775,False,False,True,NORMAL,1.0,False
4.88,-2.912866503770348e-05,0.0008290331571534865,0.005310399897753054,-8.116500957411043e-109,0.0,0.001775,False,False,True,NORMAL,1.0,False
4.881,-2.8297009134573357e-05,0.000834246159385518,0.005115457816200728,-7.344113769790202e-109,0.0,0.001775,False,False,True,NORMAL,1.0,False
4.882,-2.7460237845121427e-05,0.0008392637868156942,0.00491965783492878,-6.645228941219304e-109,0.0,0.0004700000000000006,False,True,True,NORMAL,1.0,False
4.883,-2.661854696555316e-05,0.0008440852041878133,0.004723045260967741,-6.012851797430708e-109,0.0,0.0004700000000000006,False,False,True,NORMAL,1.0,False
4.884,-2.5772133104657152e-05,0.0008487096216109604,0.004525665516131419,-5.440653295420081e-109,0.0,0.0004700000000000006,False,False,True,NORMAL,1.0,False
4.885,-2.492119363838417e-05,0.0008531362946690998,0.004327564126632789,-4.922906680256741e-109,0.0,0.0004700000000000006,False,False,True,NORMAL,1.0,False
4.886,-2.4065926664321812e-05,0.0008573645245202784,0.004128786712691989,-4.4544301697954865e-109,0.0,0.0004700000000000006,False,False,True,NORMAL,1.0,False
4.8870000000000005,-2.320653095607515e-05,0.0008613936579854349,0.0039293789781387565,-4.030535093659229e-109,0.0,-0.0010100000000000005,False,True,True,NORMAL,1.0,False
4.888,-2.2343205917563765e-05,0.0008652230876268088,0.0037293867000116336,-3.646978967449941e-109,0.0,-0.0010100000000000005,False,False,True,NORMAL,1.0,False
4.889,-2.147615153724558e-05,0.0008688522518159486,0.003528855718156332,-3.2999230325388545e-109,0.0,-0.0010100000000000005,False,False,True,NORMAL,1.0,False
4.89,-2.0605568342277883e-05,0.0008722806347913183,0.003327831924825546,-2.985893836479851e-109,0.0,-0.0010100000000000005,False,False,True,NORMAL,1.0,False
4.891,-1.973165735262593e-05,0.0008755077667055062,0.003126361254282575,-2.701748469529914e-109,0.0,-0.0010100000000000005,False,False,True,NORMAL,1.0,False
4.892,-1.885462003512956e-05,0.0008785332236620398,0.002924489672411091,-2.4446431093520527e-109,0.0,0.0006349999999999997,False,False,True,NORMAL,1.0,False
4.893,-1.7974658257538166e-05,0.0008813566277418137,0.0027222631663333667,-2.2120045590855113e-109,0.0,0.0006349999999999997,False,False,True,NORMAL,1.0,False
4.894,-1.7091974242524446e-05,0.000883977647019143,0.0025197277340392853,-2.0015044939267052e-109,0.0,0.0006349999999999997,False,False,True,NORMAL,1.0,False
4.8950000000000005,-1.6206770521687267e-05,0.0008863959955674496,0.0023169293740284607,-1.81103615847201e-109,0.0,0.0006349999999999997,False,False,True,NORMAL,1.0,False
4.896,-1.5319249889554036e-05,0.0008886114334545999,0.002113914074967758,-1.6386932816015761e-109,0.0,0.0006349999999999997,False,False,True,NORMAL,1.0,False
4.897,-1.4429615357592893e-05,0.000890623766727908,0.001910727805366539,-1.4827509978772438e-109,0.0,0.0008749999999999999,False,True,True,NORMAL,1.0,False
4.898,-1.353807010824505e-05,0.0008924328473888242,0.0017074165032718999,-1.3416485845094878e-109,0.0,0.0008749999999999999,False,False,True,NORMAL,1.0,False
4.899,-1.2644817448987616e-05,0.0008940385733573292,0.0015040260659862198,-1.2139738411191647e-109,0.0,0.0008749999999999999,False,False,True,NORMAL,1.0,False
4.9,-1.1750060766437136e-05,0.0008954408884260585,0.0013006023398092676,-1.098448955961461e-109,0.0,0.0008749999999999999,False,False,True,NORMAL,1.0,False
4.901,-1.0854003480504152e-05,0.000896639782204182,0.0010971911098071612,-9.939177171564639e-110,0.0,0.0008749999999999999,False,False,True,NORMAL,1.0,False
4.902,-9.956848998608984e-06,0.000897635290051067,0.0008938380896104211,-8.993339409320499e-110,0.0,-0.0029749999999999993,False,True,True,NORMAL,1.0,False
4.9030000000000005,-9.05880066996895e-06,0.0008984274929997539,0.0006905889112433827,-8.137510010650602e-110,0.0,-0.0029749999999999993,False,False,True,NORMAL,1.0,False
4.904,-8.160061739967181e-06,0.0008990165176702796,0.00048748911498719665,-7.363123547278864e-110,0.0,-0.0029749999999999993,False,False,True,NORMAL,1.0,False
4.905,-7.260835304613188e-06,0.0008994025361728797,0.0002845841392786477,-6.662429699199583e-110,0.0,-0.0029749999999999993,False,False,True,NORMAL,1.0,False
4.906,-6.361324265105258e-06,0.0008995857660011104,8.19193106470176e-05,-6.028415686869845e-110,0.0,-0.0029749999999999993,False,False,True,NORMAL,1.0,False
4.907,-5.461731282504766e-06,0.0008995664699149248,-0.00012046016630881482,-5.454736084954786e-110,0.0,-0.0040149999999999995,False,True,True,NORMAL,1.0,False
4.908,-4.562258732532401e-06,0.0008993449558137496,-0.000322509218900834,-4.935649315178067e-110,0.0,-0.0040149999999999995,False,False,True,NORMAL,1.0,False
4.909,-3.663108660496313e-06,0.0008989215765996024,-0.0005241829162877332,-4.465960182676674e-110,0.0,-0.0040149999999999995,False,False,True,NORMAL,1.0,False
4.91,-2.76448273636209e-06,0.000898296730030296,-0.0007254364793639736,-4.040967880744564e-110,0.0,-0.0040149999999999995,False,False,True,NORMAL,1.0,False
4.9110000000000005,-1.8665822099744773e-06,0.0008974708585627789,-0.0009262252905999108,-3.656418943579154e-110,0.0,-0.0040149999999999995,False,False,True,NORMAL,1.0,False
4.912,-9.696078664406595e-07,0.00089644444918666,-0.0011265049038308415,-3.3084646761659327e-110,0.0,-0.002375,False,True,True,NORMAL,1.0,False
4.913,-7.375998168490971e-08,0.000895218033247972,-0.0013262310539928534,-2.9936226352451594e-110,0.0,-0.002375,False,False,True,NORMAL,1.0,False
4.914,8.207617218156682e-07,0.0008937921862632248,-0.0015253596668033625,-2.708741775849235e-110,0.0,-0.002375,False,False,True,NORMAL,1.0,False
4.915,1.7137581191046202e-06,0.0008921675277238083,-0.0017238468683842515,-2.4509709145855616e-110,0.0,-0.002375,False,False,True,NORMAL,1.0,False
4.916,2.6050307266192233e-06,0.0008903447208908008,-0.0019216489948255262,-2.2177301940348337e-110,0.0,-0.002375,False,False,True,NORMAL,1.0,False
4.917,3.494381745853604e-06,0.0008883244725802447,-0.0021187226016874277,-2.0066852626708664e-110,0.0,-0.0023799999999999993,False,True,True,NORMAL,1.0,False
4.918,4.381614106802391e-06,0.0008861075329389517,-0.0023150244734389653,-1.8157239118859182e-110,0.0,-0.0023799999999999993,False,False,True,NORMAL,1.0,False
4.9190000000000005,5.2665315111754645e-06,0.0008836946952109017,-0.002510511632830832,-1.6429349362970063e-110,0.0,-0.0023799999999999993,False,False,True,NORMAL,1.0,False
4.92,6.148938475374431e-06,0.0008810867954943032,-0.0027051413502007017,-1.486589005760057e-110,0.0,-0.0023799999999999993,False,False,True,NORMAL,1.0,False
4.921,7.028640373221517e-06,0.0008782847124893823,-0.002898871152708915,-1.345121357652574e-110,0.0,-0.0023799999999999993,False,False,True,NORMAL,1.0,False
4.922,7.90544347843164e-06,0.0008752893672369719,-0.003091658833502577,-1.2171161362033794e-110,0.0,0.0009499999999999997,False,True,True,NORMAL,1.0,False
4.923,8.779155006818513e-06,0.0008721017228479736,-0.0032834624608061255,-1.101292222132169e-110,0.0,0.0009499999999999997,False,False,True,NORMAL,1.0,False
4.924,9.649583158225658e-06,0.0008687227842237665,-0.003474240386936423,-9.964904107771563e-111,0.0,0.0009499999999999997,False,False,True,NORMAL,1.0,False
4.925,1.0516537158173352e-05,0.0008651535977676391,-0.0036639512572404624,-9.016618103851948e-111,0.0,0.0009499999999999997,False,False,True,NORMAL,1.0,False
4.926,1.1379827299212538e-05,0.0008613952510873237,-0.0038525540189538066,-8.158573444505686e-111,0.0,0.0009499999999999997,False,False,True,NORMAL,1.0,False
4.9270000000000005,1.2239264981976861e-05,0.0008574488726887119,-0.004040007929977861,-7.38218253038327e-111,0.0,-0.0021399999999999995,False,False,True,NORMAL,1.0,False
4.928,1.3094662755924038e-05,0.0008533156316608349,-0.004226272567574161,-6.679674980262164e-111,0.0,-0.0021399999999999995,False,False,True,NORMAL,1.0,False
4.929,1.3945834359757884e-05,0.0008489967373521913,-0.004411307836973811,-6.0440198624598155e-111,0.0,-0.0021399999999999995,False,False,True,NORMAL,1.0,False
4.93,1.4792594761522364e-05,0.0008444934390385093,-0.004595073979900295,-5.4688553269061944e-111,0.0,-0.0021399999999999995,False,False,True,NORMAL,1.0,False
4.931,1.5634760198359174e-05,0.000839807025582029,-0.004777531583003858,-4.948424933610004e-111,0.0,-0.0021399999999999995,False,False,True,NORMAL,1.0,False
4.932,1.647214821592039e-05,0.0008349388250823967,-0.004958641586205683,-4.47752004027244e-111,0.0,-0.0006999999999999999,False,True,True,NORMAL,1.0,False
4.933,1.7304577707427858e-05,0.0008298902045192594,-0.005138365290950157,-4.05142767244438e-111,0.0,-0.0006999999999999999,False,False,True,NORMAL,1.0,False
4.934,1.813186895237108e-05,0.0008246625693866547,-0.005316664368363476,-3.6658833544940105e-111,0.0,-0.0006999999999999999,False,False,True,NORMAL,1.0,False
4.9350000000000005,1.89538436548354e-05,0.0008192573633192896,-0.0054935008673169,-3.3170284293013626e-111,0.0,-0.0006999999999999999,False,False,True,NORMAL,1.0,False
4.936,1.9770324981452487e-05,0.0008136760677108037,-0.005668837222393015,-3.0013714395209192e-111,0.0,-0.0006999999999999999,False,False,True,NORMAL,1.0,False
4.937,2.0581137598965074e-05,0.0008079202013241163,-0.005842636261753316,-2.7157531839029795e-111,0.0,-0.0029000000000000002,False,True,True,NORMAL,1.0,False
4.938,2.1386107711398176e-05,0.0008019913198939549,-0.006014861214905522,-2.457315098945708e-111,0.0,-0.0029000000000000002,False,False,True,NORMAL,1.0,False
4.939,2.2185063096828918e-05,0.0007958910157216682,-0.006185475720369009,-2.223470649430813e-111,0.0,-0.0029000000000000002,False,False,True,NORMAL,1.0,False
4.94,2.2977833143747406e-05,0.0007896209172624241,-0.006354443833236803,-2.0118794415097146e-111,0.0,-0.0029000000000000002,False,False,True,NORMAL,1.0,False
4.941,2.3764248887001e-05,0.0007831826887048995,-0.0065217300326325745,-1.8204237992552785e-111,0.0,-0.0029000000000000002,False,False,True,NORMAL,1.0,False
4.942,2.4544143043314577e-05,0.0007765780295435651,-0.006687299229061127,-1.647187570249358e-111,0.0,-0.0031800000000000005,False,True,True,NORMAL,1.0,False
4.9430000000000005,2.5317350046379434e-05,0.0007698086741436736,-0.006851116771650883,-1.4904369480853548e-111,0.0,-0.0031800000000000005,False,False,True,NORMAL,1.0,False
4.944,2.6083706081503555e-05,0.0007628763912990612,-0.007013148455286892,-1.348603119850948e-111,0.0,-0.0031800000000000005,False,False,True,NORMAL,1.0,False
4.945,2.6843049119816145e-05,0.0007557829837828699,-0.007173360527632938,-1.2202665649211714e-111,0.0,-0.0031800000000000005,False,False,True,NORMAL,1.0,False
4.946,2.759521895201939e-05,0.0007485302878913049,-0.0073317196960413205,-1.1041428479188822e-111,0.0,-0.0031800000000000005,False,False,True,NORMAL,1.0,False
4.947,2.8340057221680532e-05,0.0007411201729805385,-0.007488193134348927,-9.990697636537925e-112,0.0,0.00011499999999999965,False,True,True,NORMAL,1.0,False
4.948,2.9077407458057487e-05,0.0007335545409968748,-0.007642748489558247,-9.039957053822939e-112,0.0,0.00011499999999999965,False,False,True,NORMAL,1.0,False
4.949,2.980711510845129e-05,0.0007258353260002928,-0.007795353888401978,-8.179691399737108e-112,0.0,0.00011499999999999965,False,False,True,NORMAL,1.0,False
4.95,3.0529027570078814e-05,0.0007179644936814825,-0.007945977943789958,-7.401290846469068e-112,0.0,0.00011499999999999965,False,False,True,NORMAL,1.0,False
4.9510000000000005,3.1242994221459355e-05,0.0007099440408724938,-0.008094589761137095,-6.696964899652253e-112,0.0,0.00011499999999999965,False,False,True,NORMAL,1.0,False
4.952,3.1948866453308684e-05,0.0007017759950511173,-0.00824115894457113,-6.059664428478793e-112,0.0,-0.001085,False,True,True,NORMAL,1.0,False
4.953,3.264649769893442e-05,0.0006934624138391188,-0.008385655603018922,-5.4830111156291e-112,0.0,-0.001085,False,False,True,NORMAL,1.0,False
4.954,3.333574346412659e-05,0.0006850053844944476,-0.008528050356170155,-4.9612336209283e-112,0.0,-0.001085,False,False,True,NORMAL,1.0,False
4.955,3.401646135653748e-05,0.0006764070233975431,-0.008668314340317248,-4.489109819833957e-112,0.0,-0.001085,False,False,True,NORMAL,1.0,False
4.956,3.4688511114544836e-05,0.0006676694755318645,-0.008806419214070384,-4.061914538658429e-112,0.0,-0.001085,False,False,True,NORMAL,1.0,False
4.957,3.535175463559282e-05,0.0006587949139587681,-0.008942337163946537,-3.6753722634424183e-112,0.0,-0.004109999999999999,False,True,True,NORMAL,1.0,False
4.958,3.6006056004005e-05,0.0006497855392868587,-0.009076040909831416,-3.325614349174218e-112,0.0,-0.004109999999999999,False,False,True,NORMAL,1.0,False
4.9590000000000005,3.665128151826406e-05,0.0006406435791359429,-0.009207503710313328,-3.0091403010901374e-112,0.0,-0.004109999999999999,False,False,True,NORMAL,1.0,False
4.96,3.728729971775275e-05,0.0006313712875957138,-0.00933669936788794,-2.72278274054635e-112,0.0,-0.004109999999999999,False,False,True,NORMAL,1.0,False
4.961,3.7913981408950974e-05,0.0006219709446792953,-0.009463602234032911,-2.463675704828833e-112,0.0,-0.004109999999999999,False,False,True,NORMAL,1.0,False
4.962,3.8531199691083914e-05,0.0006124448557717773,-0.009588187214151547,-2.229225963635244e-112,0.0,-9.500000000000025e-05,False,True,True,NORMAL,1.0,False
4.963,3.91388299812162e-05,0.0006027953510738731,-0.009710429772384455,-2.017087065154438e-112,0.0,-9.500000000000025e-05,False,False,True,NORMAL,1.0,False
4.964,3.973675003878739e-05,0.0005930247850408319,-0.00983030593628841,-1.8251358519880728e-112,0.0,-9.500000000000025e-05,False,False,True,NORMAL,1.0,False
4.965,4.032483998958406e-05,0.0005831355358167382,-0.009947792301381523,-1.651451211877749e-112,0.0,-9.500000000000025e-05,False,False,True,NORMAL,1.0,False
4.966,4.0902982349143886e-05,0.0005731300046643347,-0.010062866035553876,-1.4942948505678186e-112,0.0,-9.500000000000025e-05,False,False,True,NORMAL,1.0,False
4.9670000000000005,4.1471062045587394e-05,0.0005630106153905007,-0.010175504883342915,-1.352093894372215e-112,0.0,-0.0018450000000000003,False,True,True,NORMAL,1.0,False
4.968,4.202896644187311e-05,0.0005527798137675242,-0.010285687170072735,-1.2234251483259404e-112,0.0,-0.0018450000000000003,False,False,True,NORMAL,1.0,False
4.969,4.257658535747187e-05,0.000542440066950302,-0.010393391805856625,-1.1070008523715048e-112,0.0,-0.0018450000000000003,False,False,True,NORMAL,1.0,False
4.97,4.311381108945642e-05,0.0005319938628896072,-0.010498598289462105,-1.0016557930234388e-112,0.0,-0.0018450000000000003,False,False,True,NORMAL,1.0,False
4.971,4.364053843300229e-05,0.0005214437097415595,-0.010601286712037854,-9.063356415200899e-113,0.0,-0.0018450000000000003,False,False,True,NORMAL,1.0,False
4.972,4.415666470129639e-05,0.0005107921352734383,-0.010701437760701845,-8.200864017470031e-113,0.0,-0.0038400000000000005,False,True,True,NORMAL,1.0,False
4.973,4.466208974484957e-05,0.0005000416862659779,-0.01079903272199012,-7.420448623231589e-113,0.0,-0.0038400000000000005,False,False,True,NORMAL,1.0,False
4.974,4.515671597020986e-05,0.0004891949279122825,-0.010894053485165643,-6.714299572913362e-113,0.0,-0.0038400000000000005,False,False,True,NORMAL,1.0,False
4.9750000000000005,4.5640448358072874e-05,0.0004782544432135042,-0.010986482545386653,-6.075349489474873e-113,0.0,-0.0038400000000000005,False,False,True,NORMAL,1.0,False
4.976,4.6113194480786446e-05,0.00046722283237142194,-0.011076303006734083,-5.497203545722529e-113,0.0,-0.0038400000000000005,False,False,True,NORMAL,1.0,False
4.977,4.6574864519246296e-05,0.0004561027121780638,-0.011163498585097511,-4.974075462729694e-113,0.0,-0.003604999999999998,False,True,True,NORMAL,1.0,False
4.978,4.702537127917992e-05,0.00044489671540251486,-0.011248053610919254,-4.500729598812357e-113,0.0,-0.003604999999999998,False,False,True,NORMAL,1.0,False
4.979,4.74646302068159e-05,0.0004336074901750513,-0.011329953031796154,-4.072428549467393e-113,0.0,-0.003604999999999998,False,False,True,NORMAL,1.0,False
4.98,4.7892559403936166e-05,0.00042223769936874467,-0.011409182414938754,-3.684885733836004e-113,0.0,-0.003604999999999998,False,False,True,NORMAL,1.0,False
4.981,4.830907964230851e-05,0.0004107900199786781,-0.011485727949487433,-3.334222493161712e-113,0.0,-0.003604999999999998,False,False,True,NORMAL,1.0,False
4.982,4.871411437749733e-05,0.0003992671424989181,-0.011559576448685277,-3.016929271869863e-113,0.0,-0.003850000000000002,False,True,True,NORMAL,1.0,False
4.9830000000000005,4.9107589762050186e-05,0.0003876717702973852,-0.01163071535190737,-2.729830492755834e-113,0.0,-0.003850000000000002,False,False,True,NORMAL,1.0,False
4.984,4.948943465805828e-05,0.0003760066189887672,-0.011699132726546263,-2.4700527747410202e-113,0.0,-0.003850000000000002,False,False,True,NORMAL,1.0,False
4.985,4.985958064908891e-05,0.0003642744158056191,-0.011764817269753433,-2.2349961751092222e-113,0.0,-0.003850000000000002,False,False,True,NORMAL,1.0,False
4.986,5.0217962051488194e-05,0.00035247789896779324,-0.011827758310036534,-2.022308168406074e-113,0.0,-0.003850000000000002,False,False,True,NORMAL,1.0,False
4.987,5.0564515925052435e-05,0.000340619817050345,-0.011887945808712315,-1.8298601015735824e-113,0.0,-0.00217,False,True,True,NORMAL,1.0,False
4.988,5.08991820830667e-05,0.00032870292835005714,-0.011945370361215093,-1.655725889674859e-113,0.0,-0.00217,False,False,True,NORMAL,1.0,False
4.989,5.122190310170928e-05,0.0003167300002507284,-0.012000023198260679,-1.4981627389886916e-113,0.0,-0.00217,False,False,True,NORMAL,1.0,False
4.99,5.1532624328820895e-05,0.00030470380858737016,-0.012051896186865757,-1.3555937045442088e-113,0.0,-0.00217,False,False,True,NORMAL,1.0,False
4.9910000000000005,5.183129389203762e-05,0.0002926271370094561,-0.012100981831222648,-1.2265919075255832e-113,0.0,-0.00217,False,False,True,NORMAL,1.0,False
4.992,5.2117862706286586e-05,0.0002805027763433696,-0.012147273273429536,-1.109866254589251e-113,0.0,-0.003269999999999997,False,True,True,NORMAL,1.0,False
4.993,5.23922844806439e-05,0.0002683335239541928,-0.012190764294076166,-1.0042485161677789e-113,0.0,-0.003269999999999997,False,False,True,NORMAL,1.0,False
4.994,5.265451572455395e-05,0.00025612218310698244,-0.01223144931268511,-9.086816344356965e-114,0.0,-0.003269999999999997,False,False,True,NORMAL,1.0,False
4.995,5.290451575340991e-05,0.00024387156232767653,-0.012269323388008744,-8.222091439194912e-114,0.0,-0.003269999999999997,False,False,True,NORMAL,1.0,False
4.996,5.3142246693494944e-05,0.00023158447476377615,-0.012304382218182027,-7.439655988696691e-114,0.0,-0.003269999999999997,False,False,True,NORMAL,1.0,False
4.997,5.336767348628408e-05,0.00021926373754494645,-0.012336622140731338,-6.731679115888078e-114,0.0,0.0015399999999999986,False,True,True,NORMAL,1.0,False
4.998,5.3580763892106714e-05,0.00020691217114368076,-0.012366040132439532,-6.091075150266759e-114,0.0,0.0015399999999999986,False,False,True,NORMAL,1.0,False
4.999,5.37814884931698e-05,0.00019453259873617135,-0.012392633809067462,-5.511432712030369e-114,0.0,0.0015399999999999986,False,False,True,NORMAL,1.0,False
5.0,5.3969820695942186e-05,0.00018212784556353038,-0.012416401424932286,-4.986950544832485e-114,0.0,0.0015399999999999986,False,False,True,NORMAL,1.0,False
