time_s,displacement_m,velocity_m_s,acceleration_m_s2,control_force_n,disturbance_force_n,requested_force_n,communication_timeout,valid_frame_received,bus_connected,safety_state,safety_force_scale,safety_state_changed
0.0,0.0,0.0,0.0,0.0,0.0,0.0,True,False,True,RECOVERY,0.25,False
0.001,0.0,0.0,0.0,0.0,0.0,0.0,True,False,True,DEGRADED,0.5,True
0.002,0.0,0.0,0.0,0.0,0.0,0.0,False,True,True,DEGRADED,0.5,False
0.003,0.0,0.0,0.0,0.0,0.0,0.0,False,False,True,DEGRADED,0.5,False
0.004,0.0,0.0,0.0,0.0,0.0,0.0,False,False,True,DEGRADED,0.5,False
0.005,0.0,0.0,0.0,0.0,0.0,0.0,False,False,True,DEGRADED,0.5,False
0.006,0.0,0.0,0.0,0.0,0.0,0.0,False,False,True,DEGRADED,0.5,False
0.007,0.0,0.0,0.0,0.0,0.0,-0.00013749999999999998,False,True,True,DEGRADED,0.5,False
0.008,0.0,0.0,0.0,0.0,0.0,-0.00013749999999999998,False,False,True,DEGRADED,0.5,False
0.009000000000000001,0.0,0.0,0.0,0.0,0.0,-0.00013749999999999998,False,False,True,DEGRADED,0.5,False
0.01,0.0,0.0,0.0,0.0,0.0,-0.00013749999999999998,False,False,True,DEGRADED,0.5,False
0.011,0.0,0.0,0.0,0.0,0.0,-0.00013749999999999998,False,False,True,DEGRADED,0.5,False
0.012,0.0,0.0,0.0,0.0,0.0,0.0003349999999999999,False,True,True,RECOVERY,0.25,True
0.013000000000000001,0.0,0.0,0.0,0.0,0.0,0.0003349999999999999,False,False,True,RECOVERY,0.25,False
0.014,0.0,0.0,0.0,0.0,0.0,0.0003349999999999999,False,False,True,RECOVERY,0.25,False
0.015,0.0,0.0,0.0,0.0,0.0,0.0003349999999999999,False,False,True,RECOVERY,0.25,False
0.016,0.0,0.0,0.0,0.0,0.0,0.0003349999999999999,False,False,True,RECOVERY,0.25,False
0.017,0.0,0.0,0.0,0.0,0.0,-3.374999999999998e-05,False,True,True,RECOVERY,0.25,False
0.018000000000000002,0.0,0.0,0.0,0.0,0.0,-3.374999999999998e-05,False,False,True,RECOVERY,0.25,False
0.019,0.0,0.0,0.0,0.0,0.0,-3.374999999999998e-05,False,False,True,RECOVERY,0.25,False
0.02,0.0,0.0,0.0,0.0,0.0,-3.374999999999998e-05,False,False,True,RECOVERY,0.25,False
0.021,0.0,0.0,0.0,0.0,0.0,-3.374999999999998e-05,False,False,True,RECOVERY,0.25,False
0.022,0.0,0.0,0.0,0.0,0.0,-0.00045499999999999995,False,True,True,RECOVERY,0.25,False
0.023,0.0,0.0,0.0,0.0,0.0,-0.00045499999999999995,False,False,True,RECOVERY,0.25,False
0.024,0.0,0.0,0.0,0.0,0.0,-0.00045499999999999995,False,False,True,RECOVERY,0.25,False
0.025,0.0,0.0,0.0,0.0,0.0,-0.00045499999999999995,False,False,True,RECOVERY,0.25,False
0.026000000000000002,0.0,0.0,0.0,0.0,0.0,-0.00045499999999999995,False,False,True,RECOVERY,0.25,False
0.027,0.0,0.0,0.0,0.0,0.0,-0.00010374999999999997,False,True,True,RECOVERY,0.25,False
0.028,0.0,0.0,0.0,0.0,0.0,-0.00010374999999999997,False,False,True,RECOVERY,0.25,False
0.029,0.0,0.0,0.0,0.0,0.0,-0.00010374999999999997,False,False,True,RECOVERY,0.25,False
0.03,0.0,0.0,0.0,0.0,0.0,-0.00010374999999999997,False,False,True,RECOVERY,0.25,False
0.031,0.0,0.0,0.0,0.0,0.0,-0.00010374999999999997,False,False,True,RECOVERY,0.25,False
0.032,0.0,0.0,0.0,0.0,0.0,0.00078125,False,True,True,RECOVERY,0.25,False
0.033,0.0,0.0,0.0,0.0,0.0,0.00078125,False,False,True,RECOVERY,0.25,False
0.034,0.0,0.0,0.0,0.0,0.0,0.00078125,False,False,True,RECOVERY,0.25,False
0.035,0.0,0.0,0.0,0.0,0.0,0.00078125,False,False,True,RECOVERY,0.25,False
0.036000000000000004,0.0,0.0,0.0,0.0,0.0,0.00078125,False,False,True,RECOVERY,0.25,False
0.037,0.0,0.0,0.0,0.0,0.0,-0.0038799999999999993,False,True,True,NORMAL,1.0,True
0.038,0.0,0.0,0.0,0.0,0.0,-0.0038799999999999993,False,False,True,NORMAL,1.0,False
0.039,0.0,0.0,0.0,0.0,0.0,-0.0038799999999999993,False,False,True,NORMAL,1.0,False
0.04,0.0,0.0,0.0,0.0,0.0,-0.0038799999999999993,False,False,True,NORMAL,1.0,False
0.041,0.0,0.0,0.0,0.0,0.0,-0.0038799999999999993,False,False,True,NORMAL,1.0,False
0.042,0.0,0.0,0.0,0.0,0.0,-5.000000000000067e-06,False,True,True,NORMAL,1.0,False
0.043000000000000003,0.0,0.0,0.0,0.0,0.0,-5.000000000000067e-06,False,False,True,NORMAL,1.0,False
0.044,0.0,0.0,0.0,0.0,0.0,-5.000000000000067e-06,False,False,True,NORMAL,1.0,False
0.045,0.0,0.0,0.0,0.0,0.0,-5.000000000000067e-06,False,False,True,NORMAL,1.0,False
0.046,0.0,0.0,0.0,0.0,0.0,-5.000000000000067e-06,False,False,True,NORMAL,1.0,False
0.047,0.0,0.0,0.0,0.0,0.0,0.00058,False,True,True,NORMAL,1.0,False
0.048,0.0,0.0,0.0,0.0,0.0,0.00058,False,False,True,NORMAL,1.0,False
0.049,0.0,0.0,0.0,0.0,0.0,0.00058,False,False,True,NORMAL,1.0,False
0.05,0.0,0.0,0.0,0.0,0.0,0.00058,False,False,True,NORMAL,1.0,False
0.051000000000000004,0.0,0.0,0.0,0.0,0.0,0.00058,False,False,True,NORMAL,1.0,False
0.052000000000000005,0.0,0.0,0.0,0.0,0.0,0.0009599999999999999,False,True,True,NORMAL,1.0,False
0.053,0.0,0.0,0.0,0.0,0.0,0.0009599999999999999,False,False,True,NORMAL,1.0,False
0.054,0.0,0.0,0.0,0.0,0.0,0.0009599999999999999,False,False,True,NORMAL,1.0,False
0.055,0.0,0.0,0.0,0.0,0.0,0.0009599999999999999,False,False,True,NORMAL,1.0,False
0.056,0.0,0.0,0.0,0.0,0.0,0.0009599999999999999,False,False,True,NORMAL,1.0,False
0.057,0.0,0.0,0.0,0.0,0.0,0.0,False,True,True,NORMAL,1.0,False
0.058,0.0,0.0,0.0,0.0,0.0,0.0,False,False,True,NORMAL,1.0,False
0.059000000000000004,0.0,0.0,0.0,0.0,0.0,0.0,False,False,True,NORMAL,1.0,False
0.06,0.0,0.0,0.0,0.0,0.0,0.0,False,False,True,NORMAL,1.0,False
0.061,0.0,0.0,0.0,0.0,0.0,0.0,False,False,True,NORMAL,1.0,False
0.062,0.0,0.0,0.0,0.0,0.0,-0.00027499999999999996,False,True,True,NORMAL,1.0,False
0.063,0.0,0.0,0.0,0.0,0.0,-0.00027499999999999996,False,False,True,NORMAL,1.0,False
0.064,0.0,0.0,0.0,0.0,0.0,-0.00027499999999999996,False,False,True,NORMAL,1.0,False
0.065,0.0,0.0,0.0,0.0,0.0,-0.00027499999999999996,False,False,True,NORMAL,1.0,False
0.066,0.0,0.0,0.0,0.0,0.0,-0.00027499999999999996,False,False,True,NORMAL,1.0,False
0.067,0.0,0.0,0.0,0.0,0.0,-3.5e-05,False,True,True,NORMAL,1.0,False
0.068,0.0,0.0,0.0,0.0,0.0,-3.5e-05,False,False,True,NORMAL,1.0,False
0.069,0.0,0.0,0.0,0.0,0.0,-3.5e-05,False,False,True,NORMAL,1.0,False
0.07,0.0,0.0,0.0,0.0,0.0,-3.5e-05,False,False,True,NORMAL,1.0,False
0.07100000000000001,0.0,0.0,0.0,0.0,0.0,-3.5e-05,False,False,True,NORMAL,1.0,False
0.07200000000000001,0.0,0.0,0.0,0.0,0.0,0.001615,False,True,True,NORMAL,1.0,False
0.073,0.0,0.0,0.0,0.0,0.0,0.001615,False,False,True,NORMAL,1.0,False
0.074,0.0,0.0,0.0,0.0,0.0,0.001615,False,False,True,NORMAL,1.0,False
0.075,0.0,0.0,0.0,0.0,0.0,0.001615,False,False,True,NORMAL,1.0,False
0.076,0.0,0.0,0.0,0.0,0.0,0.001615,False,False,True,NORMAL,1.0,False
0.077,0.0,0.0,0.0,0.0,0.0,-0.00065,False,True,True,NORMAL,1.0,False
0.078,0.0,0.0,0.0,0.0,0.0,-0.00065,False,False,True,NORMAL,1.0,False
0.079,0.0,0.0,0.0,0.0,0.0,-0.00065,False,False,True,NORMAL,1.0,False
0.08,0.0,0.0,0.0,0.0,0.0,-0.00065,False,False,True,NORMAL,1.0,False
0.081,0.0,0.0,0.0,0.0,0.0,-0.00065,False,False,True,NORMAL,1.0,False
0.082,0.0,0.0,0.0,0.0,0.0,0.0006199999999999999,False,True,True,NORMAL,1.0,False
0.083,0.0,0.0,0.0,0.0,0.0,0.0006199999999999999,False,False,True,NORMAL,1.0,False
0.084,0.0,0.0,0.0,0.0,0.0,0.0006199999999999999,False,False,True,NORMAL,1.0,False
0.085,0.0,0.0,0.0,0.0,0.0,0.0006199999999999999,False,False,True,NORMAL,1.0,False
0.08600000000000001,0.0,0.0,0.0,0.0,0.0,0.0006199999999999999,False,False,True,NORMAL,1.0,False
0.08700000000000001,0.0,0.0,0.0,0.0,0.0,-0.0026099999999999995,False,True,True,NORMAL,1.0,False
0.088,0.0,0.0,0.0,0.0,0.0,-0.0026099999999999995,False,False,True,NORMAL,1.0,False
0.089,0.0,0.0,0.0,0.0,0.0,-0.0026099999999999995,False,False,True,NORMAL,1.0,False
0.09,0.0,0.0,0.0,0.0,0.0,-0.0026099999999999995,False,False,True,NORMAL,1.0,False
0.091,0.0,0.0,0.0,0.0,0.0,-0.0026099999999999995,False,False,True,NORMAL,1.0,False
0.092,0.0,0.0,0.0,0.0,0.0,0.0025399999999999993,False,True,True,NORMAL,1.0,False
0.093,0.0,0.0,0.0,0.0,0.0,0.0025399999999999993,False,False,True,NORMAL,1.0,False
0.094,0.0,0.0,0.0,0.0,0.0,0.0025399999999999993,False,False,True,NORMAL,1.0,False
0.095,0.0,0.0,0.0,0.0,0.0,0.0025399999999999993,False,False,True,NORMAL,1.0,False
0.096,0.0,0.0,0.0,0.0,0.0,0.0025399999999999993,False,False,True,NORMAL,1.0,False
0.097,0.0,0.0,0.0,0.0,0.0,-0.00041,False,True,True,NORMAL,1.0,False
0.098,0.0,0.0,0.0,0.0,0.0,-0.00041,False,False,True,NORMAL,1.0,False
0.099,0.0,0.0,0.0,0.0,0.0,-0.00041,False,False,True,NORMAL,1.0,False
0.1,0.0,0.0,0.0,0.0,0.0,-0.00041,False,False,True,NORMAL,1.0,False
0.101,0.0,0.0,0.0,0.0,0.0,-0.00041,False,False,True,NORMAL,1.0,False
0.10200000000000001,0.0,0.0,0.0,0.0,0.0,0.0030949999999999997,False,True,True,NORMAL,1.0,False
0.10300000000000001,0.0,0.0,0.0,0.0,0.0,0.0030949999999999997,False,False,True,NORMAL,1.0,False
0.10400000000000001,0.0,0.0,0.0,0.0,0.0,0.0030949999999999997,False,False,True,NORMAL,1.0,False
0.105,0.0,0.0,0.0,0.0,0.0,0.0030949999999999997,False,False,True,NORMAL,1.0,False
0.106,0.0,0.0,0.0,0.0,0.0,0.0030949999999999997,False,False,True,NORMAL,1.0,False
0.107,0.0,0.0,0.0,0.0,0.0,0.0007300000000000002,False,True,True,NORMAL,1.0,False
0.108,0.0,0.0,0.0,0.0,0.0,0.0007300000000000002,False,False,True,NORMAL,1.0,False
0.109,0.0,0.0,0.0,0.0,0.0,0.0007300000000000002,False,False,True,NORMAL,1.0,False
0.11,0.0,0.0,0.0,0.0,0.0,0.0007300000000000002,False,False,True,NORMAL,1.0,False
0.111,0.0,0.0,0.0,0.0,0.0,0.0007300000000000002,False,False,True,NORMAL,1.0,False
0.112,0.0,0.0,0.0,0.0,0.0,-0.0006100000000000002,False,True,True,NORMAL,1.0,False
0.113,0.0,0.0,0.0,0.0,0.0,-0.0006100000000000002,False,False,True,NORMAL,1.0,False
0.114,0.0,0.0,0.0,0.0,0.0,-0.0006100000000000002,False,False,True,NORMAL,1.0,False
0.115,0.0,0.0,0.0,0.0,0.0,-0.0006100000000000002,False,False,True,NORMAL,1.0,False
0.116,0.0,0.0,0.0,0.0,0.0,-0.0006100000000000002,False,False,True,NORMAL,1.0,False
0.117,0.0,0.0,0.0,0.0,0.0,0.001175,False,True,True,NORMAL,1.0,False
0.11800000000000001,0.0,0.0,0.0,0.0,0.0,0.001175,False,False,True,NORMAL,1.0,False
0.11900000000000001,0.0,0.0,0.0,0.0,0.0,0.001175,False,False,True,NORMAL,1.0,False
0.12,0.0,0.0,0.0,0.0,0.0,0.001175,False,False,True,NORMAL,1.0,False
0.121,0.0,0.0,0.0,0.0,0.0,0.001175,False,False,True,NORMAL,1.0,False
0.122,0.0,0.0,0.0,0.0,0.0,-0.0014699999999999995,False,True,True,NORMAL,1.0,False
0.123,0.0,0.0,0.0,0.0,0.0,-0.0014699999999999995,False,False,True,NORMAL,1.0,False
0.124,0.0,0.0,0.0,0.0,0.0,-0.0014699999999999995,False,False,True,NORMAL,1.0,False
0.125,0.0,0.0,0.0,0.0,0.0,-0.0014699999999999995,False,False,True,NORMAL,1.0,False
0.126,0.0,0.0,0.0,0.0,0.0,-0.0014699999999999995,False,False,True,NORMAL,1.0,False
0.127,0.0,0.0,0.0,0.0,0.0,0.00241,False,True,True,NORMAL,1.0,False
0.128,0.0,0.0,0.0,0.0,0.0,0.00241,False,False,True,NORMAL,1.0,False
0.129,0.0,0.0,0.0,0.0,0.0,0.00241,False,False,True,NORMAL,1.0,False
0.13,0.0,0.0,0.0,0.0,0.0,0.00241,False,False,True,NORMAL,1.0,False
0.131,0.0,0.0,0.0,0.0,0.0,0.00241,False,False,True,NORMAL,1.0,False
0.132,0.0,0.0,0.0,0.0,0.0,-0.0014349999999999999,False,True,True,NORMAL,1.0,False
0.133,0.0,0.0,0.0,0.0,0.0,-0.0014349999999999999,False,False,True,NORMAL,1.0,False
0.134,0.0,0.0,0.0,0.0,0.0,-0.0014349999999999999,False,False,True,NORMAL,1.0,False
0.135,0.0,0.0,0.0,0.0,0.0,-0.0014349999999999999,False,False,True,NORMAL,1.0,False
0.136,0.0,0.0,0.0,0.0,0.0,-0.0014349999999999999,False,False,True,NORMAL,1.0,False
0.137,0.0,0.0,0.0,0.0,0.0,0.0007950000000000001,False,True,True,NORMAL,1.0,False
0.138,0.0,0.0,0.0,0.0,0.0,0.0007950000000000001,False,False,True,NORMAL,1.0,False
0.139,0.0,0.0,0.0,0.0,0.0,0.0007950000000000001,False,False,True,NORMAL,1.0,False
0.14,0.0,0.0,0.0,0.0,0.0,0.0007950000000000001,False,False,True,NORMAL,1.0,False
0.14100000000000001,0.0,0.0,0.0,0.0,0.0,0.0007950000000000001,False,False,True,NORMAL,1.0,False
0.14200000000000002,0.0,0.0,0.0,0.0,0.0,-0.0024349999999999997,False,True,True,NORMAL,1.0,False
0.14300000000000002,0.0,0.0,0.0,0.0,0.0,-0.0024349999999999997,False,False,True,NORMAL,1.0,False
0.14400000000000002,0.0,0.0,0.0,0.0,0.0,-0.0024349999999999997,False,False,True,NORMAL,1.0,False
0.145,0.0,0.0,0.0,0.0,0.0,-0.0024349999999999997,False,False,True,NORMAL,1.0,False
0.146,0.0,0.0,0.0,0.0,0.0,-0.0024349999999999997,False,False,True,NORMAL,1.0,False
0.147,0.0,0.0,0.0,0.0,0.0,-0.0014099999999999998,False,True,True,NORMAL,1.0,False
0.148,0.0,0.0,0.0,0.0,0.0,-0.0014099999999999998,False,False,True,NORMAL,1.0,False
0.149,0.0,0.0,0.0,0.0,0.0,-0.0014099999999999998,False,False,True,NORMAL,1.0,False
0.15,0.0,0.0,0.0,0.0,0.0,-0.0014099999999999998,False,False,True,NORMAL,1.0,False
0.151,0.0,0.0,0.0,0.0,0.0,-0.0014099999999999998,False,False,True,NORMAL,1.0,False
0.152,0.0,0.0,0.0,0.0,0.0,0.002265,False,True,True,NORMAL,1.0,False
0.153,0.0,0.0,0.0,0.0,0.0,0.002265,False,False,True,NORMAL,1.0,False
0.154,0.0,0.0,0.0,0.0,0.0,0.002265,False,False,True,NORMAL,1.0,False
0.155,0.0,0.0,0.0,0.0,0.0,0.002265,False,False,True,NORMAL,1.0,False
0.156,0.0,0.0,0.0,0.0,0.0,0.002265,False,False,True,NORMAL,1.0,False
0.157,0.0,0.0,0.0,0.0,0.0,-0.000995,False,True,True,NORMAL,1.0,False
0.158,0.0,0.0,0.0,0.0,0.0,-0.000995,False,False,True,NORMAL,1.0,False
0.159,0.0,0.0,0.0,0.0,0.0,-0.000995,False,False,True,NORMAL,1.0,False
0.16,0.0,0.0,0.0,0.0,0.0,-0.000995,False,False,True,NORMAL,1.0,False
0.161,0.0,0.0,0.0,0.0,0.0,-0.000995,False,False,True,NORMAL,1.0,False
0.162,0.0,0.0,0.0,0.0,0.0,0.00023999999999999998,False,True,True,NORMAL,1.0,False
0.163,0.0,0.0,0.0,0.0,0.0,0.00023999999999999998,False,False,True,NORMAL,1.0,False
0.164,0.0,0.0,0.0,0.0,0.0,0.00023999999999999998,False,False,True,NORMAL,1.0,False
0.165,0.0,0.0,0.0,0.0,0.0,0.00023999999999999998,False,False,True,NORMAL,1.0,False
0.166,0.0,0.0,0.0,0.0,0.0,0.00023999999999999998,False,False,True,NORMAL,1.0,False
0.167,0.0,0.0,0.0,0.0,0.0,0.0,False,True,True,NORMAL,1.0,False
0.168,0.0,0.0,0.0,0.0,0.0,0.0,False,False,True,NORMAL,1.0,False
0.169,0.0,0.0,0.0,0.0,0.0,0.0,False,False,True,NORMAL,1.0,False
0.17,0.0,0.0,0.0,0.0,0.0,0.0,False,False,True,NORMAL,1.0,False
0.171,0.0,0.0,0.0,0.0,0.0,0.0,False,False,True,NORMAL,1.0,False
0.17200000000000001,0.0,0.0,0.0,0.0,0.0,0.0,False,True,True,NORMAL,1.0,False
0.17300000000000001,0.0,0.0,0.0,0.0,0.0,0.0,False,False,True,NORMAL,1.0,False
0.17400000000000002,0.0,0.0,0.0,0.0,0.0,0.0,False,False,True,NORMAL,1.0,False
0.17500000000000002,0.0,0.0,0.0,0.0,0.0,0.0,False,False,True,NORMAL,1.0,False
0.176,0.0,0.0,0.0,0.0,0.0,0.0,False,False,True,NORMAL,1.0,False
0.177,0.0,0.0,0.0,0.0,0.0,-0.00165,False,True,True,NORMAL,1.0,False
0.178,0.0,0.0,0.0,0.0,0.0,-0.00165,False,False,True,NORMAL,1.0,False
0.179,0.0,0.0,0.0,0.0,0.0,-0.00165,False,False,True,NORMAL,1.0,False
0.18,0.0,0.0,0.0,0.0,0.0,-0.00165,False,False,True,NORMAL,1.0,False
0.181,0.0,0.0,0.0,0.0,0.0,-0.00165,False,False,True,NORMAL,1.0,False
0.182,0.0,0.0,0.0,0.0,0.0,6.500000000000017e-05,False,True,True,NORMAL,1.0,False
0.183,0.0,0.0,0.0,0.0,0.0,6.500000000000017e-05,False,False,True,NORMAL,1.0,False
0.184,0.0,0.0,0.0,0.0,0.0,6.500000000000017e-05,False,False,True,NORMAL,1.0,False
0.185,0.0,0.0,0.0,0.0,0.0,6.500000000000017e-05,False,False,True,NORMAL,1.0,False
0.186,0.0,0.0,0.0,0.0,0.0,6.500000000000017e-05,False,False,True,NORMAL,1.0,False
0.187,0.0,0.0,0.0,0.0,0.0,0.00037499999999999985,False,True,True,NORMAL,1.0,False
0.188,0.0,0.0,0.0,0.0,0.0,0.00037499999999999985,False,False,True,NORMAL,1.0,False
0.189,0.0,0.0,0.0,0.0,0.0,0.00037499999999999985,False,False,True,NORMAL,1.0,False
0.19,0.0,0.0,0.0,0.0,0.0,0.00037499999999999985,False,False,True,NORMAL,1.0,False
0.191,0.0,0.0,0.0,0.0,0.0,0.00037499999999999985,False,False,True,NORMAL,1.0,False
0.192,0.0,0.0,0.0,0.0,0.0,0.00072,False,True,True,NORMAL,1.0,False
0.193,0.0,0.0,0.0,0.0,0.0,0.00072,False,False,True,NORMAL,1.0,False
0.194,0.0,0.0,0.0,0.0,0.0,0.00072,False,False,True,NORMAL,1.0,False
0.195,0.0,0.0,0.0,0.0,0.0,0.00072,False,False,True,NORMAL,1.0,False
0.196,0.0,0.0,0.0,0.0,0.0,0.00072,False,False,True,NORMAL,1.0,False
0.197,0.0,0.0,0.0,0.0,0.0,0.0,False,True,True,NORMAL,1.0,False
0.198,0.0,0.0,0.0,0.0,0.0,0.0,False,False,True,NORMAL,1.0,False
0.199,0.0,0.0,0.0,0.0,0.0,0.0,False,False,True,NORMAL,1.0,False
0.2,0.0,0.0,0.0,0.0,0.0,0.0,False,False,True,NORMAL,1.0,False
0.201,0.0,0.0,0.0,0.0,0.0,0.0,False,False,True,NORMAL,1.0,False
0.202,0.0,0.0,0.0,0.0,0.0,0.0019249999999999998,False,True,True,NORMAL,1.0,False
0.203,0.0,0.0,0.0,0.0,0.0,0.0019249999999999998,False,False,True,NORMAL,1.0,False
0.20400000000000001,0.0,0.0,0.0,0.0,0.0,0.0019249999999999998,False,False,True,NORMAL,1.0,False
0.20500000000000002,0.0,0.0,0.0,0.0,0.0,0.0019249999999999998,False,False,True,NORMAL,1.0,False
0.20600000000000002,0.0,0.0,0.0,0.0,0.0,0.0019249999999999998,False,False,True,NORMAL,1.0,False
0.20700000000000002,0.0,0.0,0.0,0.0,0.0,0.000245,False,True,True,NORMAL,1.0,False
0.20800000000000002,0.0,0.0,0.0,0.0,0.0,0.000245,False,False,True,NORMAL,1.0,False
0.209,0.0,0.0,0.0,0.0,0.0,0.000245,False,False,True,NORMAL,1.0,False
0.21,0.0,0.0,0.0,0.0,0.0,0.000245,False,False,True,NORMAL,1.0,False
0.211,0.0,0.0,0.0,0.0,0.0,0.000245,False,False,True,NORMAL,1.0,False
0.212,0.0,0.0,0.0,0.0,0.0,0.0018949999999999998,False,True,True,NORMAL,1.0,False
0.213,0.0,0.0,0.0,0.0,0.0,0.0018949999999999998,False,False,True,NORMAL,1.0,False
0.214,0.0,0.0,0.0,0.0,0.0,0.0018949999999999998,False,False,True,NORMAL,1.0,False
0.215,0.0,0.0,0.0,0.0,0.0,0.0018949999999999998,False,False,True,NORMAL,1.0,False
0.216,0.0,0.0,0.0,0.0,0.0,0.0018949999999999998,False,False,True,NORMAL,1.0,False
0.217,0.0,0.0,0.0,0.0,0.0,0.0018300000000000005,False,True,True,NORMAL,1.0,False
0.218,0.0,0.0,0.0,0.0,0.0,0.0018300000000000005,False,False,True,NORMAL,1.0,False
0.219,0.0,0.0,0.0,0.0,0.0,0.0018300000000000005,False,False,True,NORMAL,1.0,False
0.22,0.0,0.0,0.0,0.0,0.0,0.0018300000000000005,False,False,True,NORMAL,1.0,False
0.221,0.0,0.0,0.0,0.0,0.0,0.0018300000000000005,False,False,True,NORMAL,1.0,False
0.222,0.0,0.0,0.0,0.0,0.0,-0.00267,False,True,True,NORMAL,1.0,False
0.223,0.0,0.0,0.0,0.0,0.0,-0.00267,False,False,True,NORMAL,1.0,False
0.224,0.0,0.0,0.0,0.0,0.0,-0.00267,False,False,True,NORMAL,1.0,False
0.225,0.0,0.0,0.0,0.0,0.0,-0.00267,False,False,True,NORMAL,1.0,False
0.226,0.0,0.0,0.0,0.0,0.0,-0.00267,False,False,True,NORMAL,1.0,False
0.227,0.0,0.0,0.0,0.0,0.0,-0.00199,False,True,True,NORMAL,1.0,False
0.228,0.0,0.0,0.0,0.0,0.0,-0.00199,False,False,True,NORMAL,1.0,False
0.229,0.0,0.0,0.0,0.0,0.0,-0.00199,False,False,True,NORMAL,1.0,False
0.23,0.0,0.0,0.0,0.0,0.0,-0.00199,False,False,True,NORMAL,1.0,False
0.231,0.0,0.0,0.0,0.0,0.0,-0.00199,False,False,True,NORMAL,1.0,False
0.232,0.0,0.0,0.0,0.0,0.0,-0.00034500000000000004,False,True,True,NORMAL,1.0,False
0.233,0.0,0.0,0.0,0.0,0.0,-0.00034500000000000004,False,False,True,NORMAL,1.0,False
0.234,0.0,0.0,0.0,0.0,0.0,-0.00034500000000000004,False,False,True,NORMAL,1.0,False
0.23500000000000001,0.0,0.0,0.0,0.0,0.0,-0.00034500000000000004,False,False,True,NORMAL,1.0,False
0.23600000000000002,0.0,0.0,0.0,0.0,0.0,-0.00034500000000000004,False,False,True,NORMAL,1.0,False
0.23700000000000002,0.0,0.0,0.0,0.0,0.0,-0.001205,False,True,True,NORMAL,1.0,False
0.23800000000000002,0.0,0.0,0.0,0.0,0.0,-0.001205,False,False,True,NORMAL,1.0,False
0.23900000000000002,0.0,0.0,0.0,0.0,0.0,-0.001205,False,False,True,NORMAL,1.0,False
0.24,0.0,0.0,0.0,0.0,0.0,-0.001205,False,False,True,NORMAL,1.0,False
0.241,0.0,0.0,0.0,0.0,0.0,-0.001205,False,False,True,NORMAL,1.0,False
0.242,0.0,0.0,0.0,0.0,0.0,2.9999999999999916e-05,False,True,True,NORMAL,1.0,False
0.243,0.0,0.0,0.0,0.0,0.0,2.9999999999999916e-05,False,False,True,NORMAL,1.0,False
0.244,0.0,0.0,0.0,0.0,0.0,2.9999999999999916e-05,False,False,True,NORMAL,1.0,False
0.245,0.0,0.0,0.0,0.0,0.0,2.9999999999999916e-05,False,False,True,NORMAL,1.0,False
0.246,0.0,0.0,0.0,0.0,0.0,2.9999999999999916e-05,False,False,True,NORMAL,1.0,False
0.247,0.0,0.0,0.0,0.0,0.0,0.0028149999999999994,False,True,True,NORMAL,1.0,False
0.248,0.0,0.0,0.0,0.0,0.0,0.0028149999999999994,False,False,True,NORMAL,1.0,False
0.249,0.0,0.0,0.0,0.0,0.0,0.0028149999999999994,False,False,True,NORMAL,1.0,False
0.25,0.0,0.0,0.0,0.0,0.0,0.0028149999999999994,False,False,True,NORMAL,1.0,False
0.251,0.0,0.0,0.0,0.0,0.0,0.0028149999999999994,False,False,True,NORMAL,1.0,False
0.252,0.0,0.0,0.0,0.0,0.0,0.001275,False,True,True,NORMAL,1.0,False
0.253,0.0,0.0,0.0,0.0,0.0,0.001275,False,False,True,NORMAL,1.0,False
0.254,0.0,0.0,0.0,0.0,0.0,0.001275,False,False,True,NORMAL,1.0,False
0.255,0.0,0.0,0.0,0.0,0.0,0.001275,False,False,True,NORMAL,1.0,False
0.256,0.0,0.0,0.0,0.0,0.0,0.001275,False,False,True,NORMAL,1.0,False
0.257,0.0,0.0,0.0,0.0,0.0,0.0008649999999999999,False,True,True,NORMAL,1.0,False
0.258,0.0,0.0,0.0,0.0,0.0,0.0008649999999999999,False,False,True,NORMAL,1.0,False
0.259,0.0,0.0,0.0,0.0,0.0,0.0008649999999999999,False,False,True,NORMAL,1.0,False
0.26,0.0,0.0,0.0,0.0,0.0,0.0008649999999999999,False,False,True,NORMAL,1.0,False
0.261,0.0,0.0,0.0,0.0,0.0,0.0008649999999999999,False,False,True,NORMAL,1.0,False
0.262,0.0,0.0,0.0,0.0,0.0,-0.001265,False,True,True,NORMAL,1.0,False
0.263,0.0,0.0,0.0,0.0,0.0,-0.001265,False,False,True,NORMAL,1.0,False
0.264,0.0,0.0,0.0,0.0,0.0,-0.001265,False,False,True,NORMAL,1.0,False
0.265,0.0,0.0,0.0,0.0,0.0,-0.001265,False,False,True,NORMAL,1.0,False
0.266,0.0,0.0,0.0,0.0,0.0,-0.001265,False,False,True,NORMAL,1.0,False
0.267,0.0,0.0,0.0,0.0,0.0,0.0007250000000000001,False,True,True,NORMAL,1.0,False
0.268,0.0,0.0,0.0,0.0,0.0,0.0007250000000000001,False,False,True,NORMAL,1.0,False
0.269,0.0,0.0,0.0,0.0,0.0,0.0007250000000000001,False,False,True,NORMAL,1.0,False
0.27,0.0,0.0,0.0,0.0,0.0,0.0007250000000000001,False,False,True,NORMAL,1.0,False
0.271,0.0,0.0,0.0,0.0,0.0,0.0007250000000000001,False,False,True,NORMAL,1.0,False
0.272,0.0,0.0,0.0,0.0,0.0,0.0010699999999999998,False,True,True,NORMAL,1.0,False
0.273,0.0,0.0,0.0,0.0,0.0,0.0010699999999999998,False,False,True,NORMAL,1.0,False
0.274,0.0,0.0,0.0,0.0,0.0,0.0010699999999999998,False,False,True,NORMAL,1.0,False
0.275,0.0,0.0,0.0,0.0,0.0,0.0010699999999999998,False,False,True,NORMAL,1.0,False
0.276,0.0,0.0,0.0,0.0,0.0,0.0010699999999999998,False,False,True,NORMAL,1.0,False
0.277,0.0,0.0,0.0,0.0,0.0,-0.0026749999999999994,False,True,True,NORMAL,1.0,False
0.278,0.0,0.0,0.0,0.0,0.0,-0.0026749999999999994,False,False,True,NORMAL,1.0,False
0.279,0.0,0.0,0.0,0.0,0.0,-0.0026749999999999994,False,False,True,NORMAL,1.0,False
0.28,0.0,0.0,0.0,0.0,0.0,-0.0026749999999999994,False,False,True,NORMAL,1.0,False
0.281,0.0,0.0,0.0,0.0,0.0,-0.0026749999999999994,False,False,True,NORMAL,1.0,False
0.28200000000000003,0.0,0.0,0.0,0.0,0.0,-3.5e-05,False,True,True,NORMAL,1.0,False
0.28300000000000003,0.0,0.0,0.0,0.0,0.0,-3.5e-05,False,False,True,NORMAL,1.0,False
0.28400000000000003,0.0,0.0,0.0,0.0,0.0,-3.5e-05,False,False,True,NORMAL,1.0,False
0.28500000000000003,0.0,0.0,0.0,0.0,0.0,-3.5e-05,False,False,True,NORMAL,1.0,False
0.28600000000000003,0.0,0.0,0.0,0.0,0.0,-3.5e-05,False,False,True,NORMAL,1.0,False
0.28700000000000003,0.0,0.0,0.0,0.0,0.0,-0.0014099999999999998,False,True,True,NORMAL,1.0,False
0.28800000000000003,0.0,0.0,0.0,0.0,0.0,-0.0014099999999999998,False,False,True,NORMAL,1.0,False
0.289,0.0,0.0,0.0,0.0,0.0,-0.0014099999999999998,False,False,True,NORMAL,1.0,False
0.29,0.0,0.0,0.0,0.0,0.0,-0.0014099999999999998,False,False,True,NORMAL,1.0,False
0.291,0.0,0.0,0.0,0.0,0.0,-0.0014099999999999998,False,False,True,NORMAL,1.0,False
0.292,0.0,0.0,0.0,0.0,0.0,0.0025399999999999993,False,True,True,NORMAL,1.0,False
0.293,0.0,0.0,0.0,0.0,0.0,0.0025399999999999993,False,False,True,NORMAL,1.0,False
0.294,0.0,0.0,0.0,0.0,0.0,0.0025399999999999993,False,False,True,NORMAL,1.0,False
0.295,0.0,0.0,0.0,0.0,0.0,0.0025399999999999993,False,False,True,NORMAL,1.0,False
0.296,0.0,0.0,0.0,0.0,0.0,0.0025399999999999993,False,False,True,NORMAL,1.0,False
0.297,0.0,0.0,0.0,0.0,0.0,-0.0006850000000000001,False,True,True,NORMAL,1.0,False
0.298,0.0,0.0,0.0,0.0,0.0,-0.0006850000000000001,False,False,True,NORMAL,1.0,False
0.299,0.0,0.0,0.0,0.0,0.0,-0.0006850000000000001,False,False,True,NORMAL,1.0,False
0.3,0.0,0.0,0.0,0.0,0.0,-0.0006850000000000001,False,False,True,NORMAL,1.0,False
0.301,0.0,0.0,0.0,0.0,0.0,-0.0006850000000000001,False,False,True,NORMAL,1.0,False
0.302,0.0,0.0,0.0,0.0,0.0,3.5e-05,False,True,True,NORMAL,1.0,False
0.303,0.0,0.0,0.0,0.0,0.0,3.5e-05,False,False,True,NORMAL,1.0,False
0.304,0.0,0.0,0.0,0.0,0.0,3.5e-05,False,False,True,NORMAL,1.0,False
0.305,0.0,0.0,0.0,0.0,0.0,3.5e-05,False,False,True,NORMAL,1.0,False
0.306,0.0,0.0,0.0,0.0,0.0,3.5e-05,False,False,True,NORMAL,1.0,False
0.307,0.0,0.0,0.0,0.0,0.0,-0.002165,False,True,True,NORMAL,1.0,False
0.308,0.0,0.0,0.0,0.0,0.0,-0.002165,False,False,True,NORMAL,1.0,False
0.309,0.0,0.0,0.0,0.0,0.0,-0.002165,False,False,True,NORMAL,1.0,False
0.31,0.0,0.0,0.0,0.0,0.0,-0.002165,False,False,True,NORMAL,1.0,False
0.311,0.0,0.0,0.0,0.0,0.0,-0.002165,False,False,True,NORMAL,1.0,False
0.312,0.0,0.0,0.0,0.0,0.0,-0.000245,False,True,True,NORMAL,1.0,False
0.313,0.0,0.0,0.0,0.0,0.0,-0.000245,False,False,True,NORMAL,1.0,False
0.314,0.0,0.0,0.0,0.0,0.0,-0.000245,False,False,True,NORMAL,1.0,False
0.315,0.0,0.0,0.0,0.0,0.0,-0.000245,False,False,True,NORMAL,1.0,False
0.316,0.0,0.0,0.0,0.0,0.0,-0.000245,False,False,True,NORMAL,1.0,False
0.317,0.0,0.0,0.0,0.0,0.0,-0.0005199999999999998,False,True,True,NORMAL,1.0,False
0.318,0.0,0.0,0.0,0.0,0.0,-0.0005199999999999998,False,False,True,NORMAL,1.0,False
0.319,0.0,0.0,0.0,0.0,0.0,-0.0005199999999999998,False,False,True,NORMAL,1.0,False
0.32,0.0,0.0,0.0,0.0,0.0,-0.0005199999999999998,False,False,True,NORMAL,1.0,False
0.321,0.0,0.0,0.0,0.0,0.0,-0.0005199999999999998,False,False,True,NORMAL,1.0,False
0.322,0.0,0.0,0.0,0.0,0.0,0.00302,False,True,True,NORMAL,1.0,False
0.323,0.0,0.0,0.0,0.0,0.0,0.00302,False,False,True,NORMAL,1.0,False
0.324,0.0,0.0,0.0,0.0,0.0,0.00302,False,False,True,NORMAL,1.0,False
0.325,0.0,0.0,0.0,0.0,0.0,0.00302,False,False,True,NORMAL,1.0,False
0.326,0.0,0.0,0.0,0.0,0.0,0.00302,False,False,True,NORMAL,1.0,False
0.327,0.0,0.0,0.0,0.0,0.0,-0.0037099999999999993,False,True,True,NORMAL,1.0,False
0.328,0.0,0.0,0.0,0.0,0.0,-0.0037099999999999993,False,False,True,NORMAL,1.0,False
0.329,0.0,0.0,0.0,0.0,0.0,-0.0037099999999999993,False,False,True,NORMAL,1.0,False
0.33,0.0,0.0,0.0,0.0,0.0,-0.0037099999999999993,False,False,True,NORMAL,1.0,False
0.331,0.0,0.0,0.0,0.0,0.0,-0.0037099999999999993,False,False,True,NORMAL,1.0,False
0.332,0.0,0.0,0.0,0.0,0.0,0.0007499999999999997,False,True,True,NORMAL,1.0,False
0.333,0.0,0.0,0.0,0.0,0.0,0.0007499999999999997,False,False,True,NORMAL,1.0,False
0.334,0.0,0.0,0.0,0.0,0.0,0.0007499999999999997,False,False,True,NORMAL,1.0,False
0.335,0.0,0.0,0.0,0.0,0.0,0.0007499999999999997,False,False,True,NORMAL,1.0,False
0.336,0.0,0.0,0.0,0.0,0.0,0.0007499999999999997,False,False,True,NORMAL,1.0,False
0.337,0.0,0.0,0.0,0.0,0.0,0.0008900000000000002,False,True,True,NORMAL,1.0,False
0.338,0.0,0.0,0.0,0.0,0.0,0.0008900000000000002,False,False,True,NORMAL,1.0,False
0.339,0.0,0.0,0.0,0.0,0.0,0.0008900000000000002,False,False,True,NORMAL,1.0,False
0.34,0.0,0.0,0.0,0.0,0.0,0.0008900000000000002,False,False,True,NORMAL,1.0,False
0.341,0.0,0.0,0.0,0.0,0.0,0.0008900000000000002,False,False,True,NORMAL,1.0,False
0.342,0.0,0.0,0.0,0.0,0.0,0.0010299999999999999,False,True,True,NORMAL,1.0,False
0.343,0.0,0.0,0.0,0.0,0.0,0.0010299999999999999,False,False,True,NORMAL,1.0,False
0.34400000000000003,0.0,0.0,0.0,0.0,0.0,0.0010299999999999999,False,False,True,NORMAL,1.0,False
0.34500000000000003,0.0,0.0,0.0,0.0,0.0,0.0010299999999999999,False,False,True,NORMAL,1.0,False
0.34600000000000003,0.0,0.0,0.0,0.0,0.0,0.0010299999999999999,False,False,True,NORMAL,1.0,False
0.34700000000000003,0.0,0.0,0.0,0.0,0.0,0.0017200000000000002,False,True,True,NORMAL,1.0,False
0.34800000000000003,0.0,0.0,0.0,0.0,0.0,0.0017200000000000002,False,False,True,NORMAL,1.0,False
0.34900000000000003,0.0,0.0,0.0,0.0,0.0,0.0017200000000000002,False,False,True,NORMAL,1.0,False
0.35000000000000003,0.0,0.0,0.0,0.0,0.0,0.0017200000000000002,False,False,True,NORMAL,1.0,False
0.35100000000000003,0.0,0.0,0.0,0.0,0.0,0.0017200000000000002,False,False,True,NORMAL,1.0,False
0.352,0.0,0.0,0.0,0.0,0.0,-0.0005450000000000001,False,True,True,NORMAL,1.0,False
0.353,0.0,0.0,0.0,0.0,0.0,-0.0005450000000000001,False,False,True,NORMAL,1.0,False
0.354,0.0,0.0,0.0,0.0,0.0,-0.0005450000000000001,False,False,True,NORMAL,1.0,False
0.355,0.0,0.0,0.0,0.0,0.0,-0.0005450000000000001,False,False,True,NORMAL,1.0,False
0.356,0.0,0.0,0.0,0.0,0.0,-0.0005450000000000001,False,False,True,NORMAL,1.0,False
0.357,0.0,0.0,0.0,0.0,0.0,0.002375,False,True,True,NORMAL,1.0,False
0.358,0.0,0.0,0.0,0.0,0.0,0.002375,False,False,True,NORMAL,1.0,False
0.359,0.0,0.0,0.0,0.0,0.0,0.002375,False,False,True,NORMAL,1.0,False
0.36,0.0,0.0,0.0,0.0,0.0,0.002375,False,False,True,NORMAL,1.0,False
0.361,0.0,0.0,0.0,0.0,0.0,0.002375,False,False,True,NORMAL,1.0,False
0.362,0.0,0.0,0.0,0.0,0.0,-0.0017449999999999998,False,True,True,NORMAL,1.0,False
0.363,0.0,0.0,0.0,0.0,0.0,-0.0017449999999999998,False,False,True,NORMAL,1.0,False
0.364,0.0,0.0,0.0,0.0,0.0,-0.0017449999999999998,False,False,True,NORMAL,1.0,False
0.365,0.0,0.0,0.0,0.0,0.0,-0.0017449999999999998,False,False,True,NORMAL,1.0,False
0.366,0.0,0.0,0.0,0.0,0.0,-0.0017449999999999998,False,False,True,NORMAL,1.0,False
0.367,0.0,0.0,0.0,0.0,0.0,-0.00065,False,True,True,NORMAL,1.0,False
0.368,0.0,0.0,0.0,0.0,0.0,-0.00065,False,False,True,NORMAL,1.0,False
0.369,0.0,0.0,0.0,0.0,0.0,-0.00065,False,False,True,NORMAL,1.0,False
0.37,0.0,0.0,0.0,0.0,0.0,-0.00065,False,False,True,NORMAL,1.0,False
0.371,0.0,0.0,0.0,0.0,0.0,-0.00065,False,False,True,NORMAL,1.0,False
0.372,0.0,0.0,0.0,0.0,0.0,0.0017200000000000002,False,True,True,NORMAL,1.0,False
0.373,0.0,0.0,0.0,0.0,0.0,0.0017200000000000002,False,False,True,NORMAL,1.0,False
0.374,0.0,0.0,0.0,0.0,0.0,0.0017200000000000002,False,False,True,NORMAL,1.0,False
0.375,0.0,0.0,0.0,0.0,0.0,0.0017200000000000002,False,False,True,NORMAL,1.0,False
0.376,0.0,0.0,0.0,0.0,0.0,0.0017200000000000002,False,False,True,NORMAL,1.0,False
0.377,0.0,0.0,0.0,0.0,0.0,-0.00026999999999999984,False,True,True,NORMAL,1.0,False
0.378,0.0,0.0,0.0,0.0,0.0,-0.00026999999999999984,False,False,True,NORMAL,1.0,False
0.379,0.0,0.0,0.0,0.0,0.0,-0.00026999999999999984,False,False,True,NORMAL,1.0,False
0.38,0.0,0.0,0.0,0.0,0.0,-0.00026999999999999984,False,False,True,NORMAL,1.0,False
0.381,0.0,0.0,0.0,0.0,0.0,-0.00026999999999999984,False,False,True,NORMAL,1.0,False
0.382,0.0,0.0,0.0,0.0,0.0,-0.001715,False,True,True,NORMAL,1.0,False
0.383,0.0,0.0,0.0,0.0,0.0,-0.001715,False,False,True,NORMAL,1.0,False
0.384,0.0,0.0,0.0,0.0,0.0,-0.001715,False,False,True,NORMAL,1.0,False
0.385,0.0,0.0,0.0,0.0,0.0,-0.001715,False,False,True,NORMAL,1.0,False
0.386,0.0,0.0,0.0,0.0,0.0,-0.001715,False,False,True,NORMAL,1.0,False
0.387,0.0,0.0,0.0,0.0,0.0,0.0013399999999999996,False,True,True,NORMAL,1.0,False
0.388,0.0,0.0,0.0,0.0,0.0,0.0013399999999999996,False,False,True,NORMAL,1.0,False
0.389,0.0,0.0,0.0,0.0,0.0,0.0013399999999999996,False,False,True,NORMAL,1.0,False
0.39,0.0,0.0,0.0,0.0,0.0,0.0013399999999999996,False,False,True,NORMAL,1.0,False
0.391,0.0,0.0,0.0,0.0,0.0,0.0013399999999999996,False,False,True,NORMAL,1.0,False
0.392,0.0,0.0,0.0,0.0,0.0,0.00234,False,True,True,NORMAL,1.0,False
0.393,0.0,0.0,0.0,0.0,0.0,0.00234,False,False,True,NORMAL,1.0,False
0.394,0.0,0.0,0.0,0.0,0.0,0.00234,False,False,True,NORMAL,1.0,False
0.395,0.0,0.0,0.0,0.0,0.0,0.00234,False,False,True,NORMAL,1.0,False
0.396,0.0,0.0,0.0,0.0,0.0,0.00234,False,False,True,NORMAL,1.0,False
0.397,0.0,0.0,0.0,0.0,0.0,0.00014499999999999984,False,True,True,NORMAL,1.0,False
0.398,0.0,0.0,0.0,0.0,0.0,0.00014499999999999984,False,False,True,NORMAL,1.0,False
0.399,0.0,0.0,0.0,0.0,0.0,0.00014499999999999984,False,False,True,NORMAL,1.0,False
0.4,0.0,0.0,0.0,0.0,0.0,0.00014499999999999984,False,False,True,NORMAL,1.0,False
0.401,0.0,0.0,0.0,0.0,0.0,0.00014499999999999984,False,False,True,NORMAL,1.0,False
0.402,0.0,0.0,0.0,0.0,0.0,-0.0037399999999999994,False,True,True,NORMAL,1.0,False
0.403,0.0,0.0,0.0,0.0,0.0,-0.0037399999999999994,False,False,True,NORMAL,1.0,False
0.404,0.0,0.0,0.0,0.0,0.0,-0.0037399999999999994,False,False,True,NORMAL,1.0,False
0.405,0.0,0.0,0.0,0.0,0.0,-0.0037399999999999994,False,False,True,NORMAL,1.0,False
0.406,0.0,0.0,0.0,0.0,0.0,-0.0037399999999999994,False,False,True,NORMAL,1.0,False
0.40700000000000003,0.0,0.0,0.0,0.0,0.0,-0.00014,False,True,True,NORMAL,1.0,False
0.40800000000000003,0.0,0.0,0.0,0.0,0.0,-0.00014,False,False,True,NORMAL,1.0,False
0.40900000000000003,0.0,0.0,0.0,0.0,0.0,-0.00014,False,False,True,NORMAL,1.0,False
0.41000000000000003,0.0,0.0,0.0,0.0,0.0,-0.00014,False,False,True,NORMAL,1.0,False
0.41100000000000003,0.0,0.0,0.0,0.0,0.0,-0.00014,False,False,True,NORMAL,1.0,False
0.41200000000000003,0.0,0.0,0.0,0.0,0.0,0.001785,False,True,True,NORMAL,1.0,False
0.41300000000000003,0.0,0.0,0.0,0.0,0.0,0.001785,False,False,True,NORMAL,1.0,False
0.41400000000000003,0.0,0.0,0.0,0.0,0.0,0.001785,False,False,True,NORMAL,1.0,False
0.41500000000000004,0.0,0.0,0.0,0.0,0.0,0.001785,False,False,True,NORMAL,1.0,False
0.41600000000000004,0.0,0.0,0.0,0.0,0.0,0.001785,False,False,True,NORMAL,1.0,False
0.417,0.0,0.0,0.0,0.0,0.0,-0.0012699999999999996,False,True,True,NORMAL,1.0,False
0.418,0.0,0.0,0.0,0.0,0.0,-0.0012699999999999996,False,False,True,NORMAL,1.0,False
0.419,0.0,0.0,0.0,0.0,0.0,-0.0012699999999999996,False,False,True,NORMAL,1.0,False
0.42,0.0,0.0,0.0,0.0,0.0,-0.0012699999999999996,False,False,True,NORMAL,1.0,False
0.421,0.0,0.0,0.0,0.0,0.0,-0.0012699999999999996,False,False,True,NORMAL,1.0,False
0.422,0.0,0.0,0.0,0.0,0.0,0.003505,False,True,True,NORMAL,1.0,False
0.423,0.0,0.0,0.0,0.0,0.0,0.003505,False,False,True,NORMAL,1.0,False
0.424,0.0,0.0,0.0,0.0,0.0,0.003505,False,False,True,NORMAL,1.0,False
0.425,0.0,0.0,0.0,0.0,0.0,0.003505,False,False,True,NORMAL,1.0,False
0.426,0.0,0.0,0.0,0.0,0.0,0.003505,False,False,True,NORMAL,1.0,False
0.427,0.0,0.0,0.0,0.0,0.0,0.0028599999999999997,False,True,True,NORMAL,1.0,False
0.428,0.0,0.0,0.0,0.0,0.0,0.0028599999999999997,False,False,True,NORMAL,1.0,False
0.429,0.0,0.0,0.0,0.0,0.0,0.0028599999999999997,False,False,True,NORMAL,1.0,False
0.43,0.0,0.0,0.0,0.0,0.0,0.0028599999999999997,False,False,True,NORMAL,1.0,False
0.431,0.0,0.0,0.0,0.0,0.0,0.0028599999999999997,False,False,True,NORMAL,1.0,False
0.432,0.0,0.0,0.0,0.0,0.0,0.00042499999999999976,False,True,True,NORMAL,1.0,False
0.433,0.0,0.0,0.0,0.0,0.0,0.00042499999999999976,False,False,True,NORMAL,1.0,False
0.434,0.0,0.0,0.0,0.0,0.0,0.00042499999999999976,False,False,True,NORMAL,1.0,False
0.435,0.0,0.0,0.0,0.0,0.0,0.00042499999999999976,False,False,True,NORMAL,1.0,False
0.436,0.0,0.0,0.0,0.0,0.0,0.00042499999999999976,False,False,True,NORMAL,1.0,False
0.437,0.0,0.0,0.0,0.0,0.0,0.0003900000000000007,False,True,True,NORMAL,1.0,False
0.438,0.0,0.0,0.0,0.0,0.0,0.0003900000000000007,False,False,True,NORMAL,1.0,False
0.439,0.0,0.0,0.0,0.0,0.0,0.0003900000000000007,False,False,True,NORMAL,1.0,False
0.44,0.0,0.0,0.0,0.0,0.0,0.0003900000000000007,False,False,True,NORMAL,1.0,False
0.441,0.0,0.0,0.0,0.0,0.0,0.0003900000000000007,False,False,True,NORMAL,1.0,False
0.442,0.0,0.0,0.0,0.0,0.0,-0.004044999999999999,False,True,True,NORMAL,1.0,False
0.443,0.0,0.0,0.0,0.0,0.0,-0.004044999999999999,False,False,True,NORMAL,1.0,False
0.444,0.0,0.0,0.0,0.0,0.0,-0.004044999999999999,False,False,True,NORMAL,1.0,False
0.445,0.0,0.0,0.0,0.0,0.0,-0.004044999999999999,False,False,True,NORMAL,1.0,False
0.446,0.0,0.0,0.0,0.0,0.0,-0.004044999999999999,False,False,True,NORMAL,1.0,False
0.447,0.0,0.0,0.0,0.0,0.0,0.000585,False,True,True,NORMAL,1.0,False
0.448,0.0,0.0,0.0,0.0,0.0,0.000585,False,False,True,NORMAL,1.0,False
0.449,0.0,0.0,0.0,0.0,0.0,0.000585,False,False,True,NORMAL,1.0,False
0.45,0.0,0.0,0.0,0.0,0.0,0.000585,False,False,True,NORMAL,1.0,False
0.451,0.0,0.0,0.0,0.0,0.0,0.000585,False,False,True,NORMAL,1.0,False
0.452,0.0,0.0,0.0,0.0,0.0,-0.000995,False,True,True,NORMAL,1.0,False
0.453,0.0,0.0,0.0,0.0,0.0,-0.000995,False,False,True,NORMAL,1.0,False
0.454,0.0,0.0,0.0,0.0,0.0,-0.000995,False,False,True,NORMAL,1.0,False
0.455,0.0,0.0,0.0,0.0,0.0,-0.000995,False,False,True,NORMAL,1.0,False
0.456,0.0,0.0,0.0,0.0,0.0,-0.000995,False,False,True,NORMAL,1.0,False
0.457,0.0,0.0,0.0,0.0,0.0,-0.0025099999999999996,False,True,True,NORMAL,1.0,False
0.458,0.0,0.0,0.0,0.0,0.0,-0.0025099999999999996,False,False,True,NORMAL,1.0,False
0.459,0.0,0.0,0.0,0.0,0.0,-0.0025099999999999996,False,False,True,NORMAL,1.0,False
0.46,0.0,0.0,0.0,0.0,0.0,-0.0025099999999999996,False,False,True,NORMAL,1.0,False
0.461,0.0,0.0,0.0,0.0,0.0,-0.0025099999999999996,False,False,True,NORMAL,1.0,False
0.462,0.0,0.0,0.0,0.0,0.0,-0.00034999999999999994,False,True,True,NORMAL,1.0,False
0.463,0.0,0.0,0.0,0.0,0.0,-0.00034999999999999994,False,False,True,NORMAL,1.0,False
0.464,0.0,0.0,0.0,0.0,0.0,-0.00034999999999999994,False,False,True,NORMAL,1.0,False
0.465,0.0,0.0,0.0,0.0,0.0,-0.00034999999999999994,False,False,True,NORMAL,1.0,False
0.466,0.0,0.0,0.0,0.0,0.0,-0.00034999999999999994,False,False,True,NORMAL,1.0,False
0.467,0.0,0.0,0.0,0.0,0.0,0.0013,False,True,True,NORMAL,1.0,False
0.468,0.0,0.0,0.0,0.0,0.0,0.0013,False,False,True,NORMAL,1.0,False
0.46900000000000003,0.0,0.0,0.0,0.0,0.0,0.0013,False,False,True,NORMAL,1.0,False
0.47000000000000003,0.0,0.0,0.0,0.0,0.0,0.0013,False,False,True,NORMAL,1.0,False
0.47100000000000003,0.0,0.0,0.0,0.0,0.0,0.0013,False,False,True,NORMAL,1.0,False
0.47200000000000003,0.0,0.0,0.0,0.0,0.0,0.00151,False,True,True,NORMAL,1.0,False
0.47300000000000003,0.0,0.0,0.0,0.0,0.0,0.00151,False,False,True,NORMAL,1.0,False
0.47400000000000003,0.0,0.0,0.0,0.0,0.0,0.00151,False,False,True,NORMAL,1.0,False
0.47500000000000003,0.0,0.0,0.0,0.0,0.0,0.00151,False,False,True,NORMAL,1.0,False
0.47600000000000003,0.0,0.0,0.0,0.0,0.0,0.00151,False,False,True,NORMAL,1.0,False
0.47700000000000004,0.0,0.0,0.0,0.0,0.0,-0.000205,False,True,True,NORMAL,1.0,False
0.47800000000000004,0.0,0.0,0.0,0.0,0.0,-0.000205,False,False,True,NORMAL,1.0,False
0.47900000000000004,0.0,0.0,0.0,0.0,0.0,-0.000205,False,False,True,NORMAL,1.0,False
0.48,0.0,0.0,0.0,0.0,0.0,-0.000205,False,False,True,NORMAL,1.0,False
0.481,0.0,0.0,0.0,0.0,0.0,-0.000205,False,False,True,NORMAL,1.0,False
0.482,0.0,0.0,0.0,0.0,0.0,0.001135,False,True,True,NORMAL,1.0,False
0.483,0.0,0.0,0.0,0.0,0.0,0.001135,False,False,True,NORMAL,1.0,False
0.484,0.0,0.0,0.0,0.0,0.0,0.001135,False,False,True,NORMAL,1.0,False
0.485,0.0,0.0,0.0,0.0,0.0,0.001135,False,False,True,NORMAL,1.0,False
0.486,0.0,0.0,0.0,0.0,0.0,0.001135,False,False,True,NORMAL,1.0,False
0.487,0.0,0.0,0.0,0.0,0.0,0.00265,False,True,True,NORMAL,1.0,False
0.488,0.0,0.0,0.0,0.0,0.0,0.00265,False,False,True,NORMAL,1.0,False
0.489,0.0,0.0,0.0,0.0,0.0,0.00265,False,False,True,NORMAL,1.0,False
0.49,0.0,0.0,0.0,0.0,0.0,0.00265,False,False,True,NORMAL,1.0,False
0.491,0.0,0.0,0.0,0.0,0.0,0.00265,False,False,True,NORMAL,1.0,False
0.492,0.0,0.0,0.0,0.0,0.0,0.0024149999999999996,False,True,True,NORMAL,1.0,False
0.493,0.0,0.0,0.0,0.0,0.0,0.0024149999999999996,False,False,True,NORMAL,1.0,False
0.494,0.0,0.0,0.0,0.0,0.0,0.0024149999999999996,False,False,True,NORMAL,1.0,False
0.495,0.0,0.0,0.0,0.0,0.0,0.0024149999999999996,False,False,True,NORMAL,1.0,False
0.496,0.0,0.0,0.0,0.0,0.0,0.0024149999999999996,False,False,True,NORMAL,1.0,False
0.497,0.0,0.0,0.0,0.0,0.0,-0.0006399999999999997,False,True,True,NORMAL,1.0,False
0.498,0.0,0.0,0.0,0.0,0.0,-0.0006399999999999997,False,False,True,NORMAL,1.0,False
0.499,0.0,0.0,0.0,0.0,0.0,-0.0006399999999999997,False,False,True,NORMAL,1.0,False
0.5,0.0,0.0,18.75,0.0,1.5,-0.0006399999999999997,False,False,True,NORMAL,1.0,False
0.501,9.3701384765625e-06,0.01873524193095703,18.71978885594634,0.0,1.5,-0.0006399999999999997,False,False,True,NORMAL,1.0,False
0.502,3.7459718837130325e-05,0.037438189875226305,18.685414278448807,0.0,1.5,0.0024850000000000002,False,True,True,NORMAL,1.0,False
0.503,8.423436766836438e-05,0.05610468730757952,18.646890236313247,0.0,1.5,0.0024850000000000002,False,False,True,NORMAL,1.0,False
0.504,0.00014965556216828957,0.074730592127966,18.604231610320184,0.0,1.5,0.0024850000000000002,False,False,True,NORMAL,1.0,False
0.505,0.00023368064502668262,0.09331177757114761,18.557454188512274,0.0,1.5,0.0024850000000000002,False,False,True,NORMAL,1.0,False
0.506,0.0003362628402127055,0.11184413311152248,18.50657466128486,0.0,1.5,0.0024850000000000002,False,False,True,NORMAL,1.0,False
0.507,0.00045735126966487544,0.13032356536294146,18.451610616280988,0.0,1.5,0.000805,False,True,True,NORMAL,1.0,False
0.508,0.0005968909708782663,0.14874599897332239,18.392580533092406,0.0,1.5,0.000805,False,False,True,NORMAL,1.0,False
0.509,0.0007548229153836426,0.16710737751386898,18.329503777767876,0.0,1.5,0.000805,False,False,True,NORMAL,1.0,False
0.51,0.0009310840281130349,0.18540366436270236,18.26240059713051,0.0,1.5,0.000805,False,False,True,NORMAL,1.0,False
0.511,0.0011256072076460731,0.20363084358271505,18.19129211290556,0.0,1.5,0.000805,False,False,True,NORMAL,1.0,False
0.512,0.0013383213473312072,0.22178492079345855,18.11620031566029,0.0,1.5,-0.007445,False,True,True,NORMAL,1.0,False
0.513,0.0015691513572757534,0.23986192403687773,18.03714805855764,0.0,1.5,-0.007445,False,False,True,NORMAL,1.0,False
0.514,0.001818018187198522,0.2578579046367063,17.954159050925274,0.0,1.5,-0.007445,False,False,True,NORMAL,1.0,False
0.515,0.0020848388501385922,0.2757689380513399,17.867257851641803,0.0,1.5,-0.007445,False,False,True,NORMAL,1.0,False
0.516,0.002369526447013627,0.29359112472000437,17.776469862341926,0.0,1.5,-0.007445,False,False,True,NORMAL,1.0,False
0.517,0.002671990192020924,0.3113205909020399,17.649385538875066,-0.0025948625253730023,1.5,-0.046994999999999995,False,True,True,NORMAL,1.0,False
0.518,0.002992119229393444,0.3289210792576614,17.52160666408761,-0.00494279123298978,1.5,-0.046994999999999995,False,False,True,NORMAL,1.0,False
0.519,0.0033297842390440516,0.34639191028470867,17.3928696185065,-0.007067284982522251,1.5,-0.046994999999999995,False,False,True,NORMAL,1.0,False
0.52,0.003684855089667538,0.36373214114544694,17.2629393128381,-0.008989606421482747,1.5,-0.046994999999999995,False,False,True,NORMAL,1.0,False
0.521,0.004057200589672611,0.3809405942039001,17.131606541155975,-0.010728994788946932,1.5,-0.046994999999999995,False,False,True,NORMAL,1.0,False
0.522,0.004446688265327425,0.39801588291524626,16.918842736949266,-0.01869028631833561,1.5,-0.11344500000000002,False,True,True,NORMAL,1.0,False
0.523,0.004853144262873942,0.414876655314304,16.712053048006666,-0.02589396079001921,1.5,-0.11344500000000002,False,False,True,NORMAL,1.0,False
0.524,0.0052763570595498735,0.43152890493469975,16.510374866707366,-0.03241211499934896,1.5,-0.11344500000000002,False,False,True,NORMAL,1.0,False
0.525,0.005716120694821734,0.44797776270747214,16.31303138929791,-0.0383099848244791,1.5,-0.11344500000000002,False,False,True,NORMAL,1.0,False
0.526,0.006172233950694271,0.46422758279439585,16.11932351029017,-0.04364659812896206,1.5,-0.11344500000000002,False,False,True,NORMAL,1.0,False
0.527,0.006644499613799308,0.4802820203124321,15.81805005538657,-0.05732116008319508,1.5,-0.20547,False,True,True,NORMAL,1.0,False
0.528,0.0071326685539938465,0.4960336163193695,15.529918958189379,-0.06969441541463606,1.5,-0.20547,False,False,True,NORMAL,1.0,False
0.529,0.007636444508890372,0.5114955368806067,15.253429182410793,-0.08089019982143678,1.5,-0.20547,False,False,True,NORMAL,1.0,False
0.53,0.008155543631544271,0.5266794467263014,14.98722645685092,-0.0910205644769736,1.5,-0.20547,False,False,True,NORMAL,1.0,False
0.531,0.008689693062519366,0.5415956560697526,14.730089358382859,-0.10018689747565228,1.5,-0.20547,False,False,True,NORMAL,1.0,False
0.532,0.009238629641811415,0.5562532535032134,14.341837566047438,-0.11960727074321398,1.5,-0.32122,False,True,True,NORMAL,1.0,False
0.533,0.009802029243853386,0.5705212566115537,13.974017145866544,-0.13717955114792907,1.5,-0.32122,False,False,True,NORMAL,1.0,False
0.534,0.010379512499313072,0.5844201244920892,13.624484401187232,-0.15307960797833536,1.5,-0.32122,False,False,True,NORMAL,1.0,False
0.535,0.010970719425896149,0.5979681719323251,13.291303691932562,-0.1674665743473852,1.5,-0.32122,False,False,True,NORMAL,1.0,False
0.536,0.011575307388091085,0.611181777543881,12.972727673237106,-0.18048443985012647,1.5,-0.32122,False,False,True,NORMAL,1.0,False
0.537,0.012192949255164624,0.6240755721272028,12.50608189878863,-0.20515129284868214,1.5,-0.4552949999999999,False,True,True,NORMAL,1.0,False
0.538,0.012823251231590782,0.6365016384318837,12.06663120990715,-0.2274707844269678,1.5,-0.4552949999999999,False,False,True,NORMAL,1.0,False
0.539,0.013465759197115758,0.6484872027304649,11.651644682071517,-0.24766629555853917,1.5,-0.4552949999999999,False,False,True,NORMAL,1.0,False
0.54,0.01412004489198351,0.6600567594591017,11.258655388780722,-0.26593994970674667,1.5,-0.4552949999999999,False,False,True,NORMAL,1.0,False
0.541,0.014785703317132328,0.6712323353149637,10.88543530386912,-0.2824746357442929,1.5,-0.4552949999999999,False,False,True,NORMAL,1.0,False
0.542,0.015462350385936584,0.6820337282460093,10.352786351954304,-0.31161073750727597,1.5,-0.6027600000000001,False,True,True,NORMAL,1.0,False
0.543,0.016149532256401474,0.6923016769449704,9.85322556941563,-0.33797417259812657,1.5,-0.6027600000000001,False,False,True,NORMAL,1.0,False
0.544,0.016846732039797117,0.7020693035189797,9.383521396563548,-0.36182879513629046,1.5,-0.6027600000000001,False,False,True,NORMAL,1.0,False
0.545,0.01755346435331719,0.7113664973347266,8.940753896977231,-0.38341335020194506,1.5,-0.6027600000000001,False,False,True,NORMAL,1.0,False
0.546,0.0182692722431905,0.7202202267599427,8.522285114179635,-0.402943863277007,1.5,-0.6027600000000001,False,False,True,NORMAL,1.0,False
0.547,0.01899372440470839,0.7286548212498423,7.93431367592384,-0.4359292880913608,1.5,-0.7620699999999999,False,True,True,NORMAL,1.0,False
0.548,0.019726317011268337,0.7365009586922301,7.38463055051128,-0.46577573471319994,1.5,-0.7620699999999999,False,False,True,NORMAL,1.0,False
0.549,0.020466480762110675,0.7437969634304208,6.869572428228804,-0.492781916412053,1.5,-0.7620699999999999,False,False,True,NORMAL,1.0,False
0.55,0.0212136828486774,0.7505774950721432,-12.364171385203793,-0.5172181201314532,0.0,-0.7620699999999999,False,False,True,NORMAL,1.0,False
0.551,0.021958053327753684,0.7381386593085428,-12.789381382851344,-0.539328911611516,0.0,-0.7620699999999999,False,False,True,NORMAL,1.0,False
0.552,0.022689772942597945,0.7252763468721781,-13.369516149143296,-0.5741122173400393,0.0,-0.9157950000000001,False,True,True,NORMAL,1.0,False
0.553,0.0234083408101966,0.7118358025516486,-13.904448559699103,-0.6055854538861917,0.0,-0.9157950000000001,False,False,True,NORMAL,1.0,False
0.554,0.0241132013097988,0.6978622581414049,-14.398058881664927,-0.6340636159798473,0.0,-0.9157950000000001,False,False,True,NORMAL,1.0,False
0.555,0.024803842111625084,0.6833970631369604,-14.853856602809588,-0.6598317226390802,0.0,-0.9157950000000001,False,False,True,NORMAL,1.0,False
0.556,0.02547979048000755,0.6684780556589606,-15.275015813193837,-0.6831476697362957,0.0,-0.9157950000000001,False,False,True,NORMAL,1.0,False
0.557,0.02614060992975849,0.6531398979817261,-15.855819784646993,-0.7195578162782995,0.0,-1.0750999999999995,False,True,True,NORMAL,1.0,False
0.558,0.026785801545403273,0.6372231181300481,-16.388928515731774,-0.7525030792656772,0.0,-1.0750999999999995,False,False,True,NORMAL,1.0,False
0.559,0.027414810561711345,0.6207754388647522,-16.878410359228326,-0.7823131859636916,0.0,-1.0750999999999995,False,False,True,NORMAL,1.0,False
0.56,0.028027127901302518,0.603840512430046,-17.327945620684382,-0.8092864859396995,0.0,-1.0750999999999995,False,False,True,NORMAL,1.0,False
0.561,0.02862228629820591,0.5864583087530159,-17.740863593299604,-0.8336929370459,0.0,-1.0750999999999995,False,False,True,NORMAL,1.0,False
0.562,0.029199856791096056,0.5686654665937402,-18.28949216997353,-0.8693220953669045,0.0,-1.216015,False,True,True,NORMAL,1.0,False
0.5630000000000001,0.029759360936769064,0.550326428338445,-18.790854490641667,-0.9015606909888767,0.0,-1.216015,False,False,True,NORMAL,1.0,False
0.5640000000000001,0.030300276180476333,0.5314884844552039,-19.24893709994707,-0.9307313786125674,0.0,-1.216015,False,False,True,NORMAL,1.0,False
0.5650000000000001,0.030822125263925925,0.5121949366878257,-19.66734694296909,-0.9571261082843212,0.0,-1.216015,False,False,True,NORMAL,1.0,False
0.5660000000000001,0.03132447242640918,0.4924854778051356,-20.04934760427812,-0.9810090473302681,0.0,-1.216015,False,False,True,NORMAL,1.0,False
0.5670000000000001,0.03180691996755224,0.4723965350970252,-20.521987950075115,-1.012546892378426,0.0,-1.3192950000000003,False,True,True,NORMAL,1.0,False
0.5680000000000001,0.03226904312141393,0.4518375828910238,-20.951835009932413,-1.0410835146622195,0.0,-1.3192950000000003,False,False,True,NORMAL,1.0,False
0.5690000000000001,0.032710393281662566,0.4308514336392523,-21.342422117444887,-1.0669045182889545,0.0,-1.3192950000000003,False,False,True,NORMAL,1.0,False
0.5700000000000001,0.033130562887063064,0.40947736442741,-21.696946803001136,-1.0902683285416666,0.0,-1.3192950000000003,False,False,True,NORMAL,1.0,False
0.5710000000000001,0.03352918205405757,0.3877514529111933,-22.0183028701074,-1.1114087782862128,0.0,-1.3192950000000003,False,False,True,NORMAL,1.0,False
0.5720000000000001,0.03390591552924007,0.36570688116386485,-22.37832457719771,-1.1360746609098318,0.0,-1.3769,False,True,True,NORMAL,1.0,False
0.5730000000000001,0.03426042534153002,0.3433050498097365,-22.703469207265925,-1.1583932744565653,0.0,-1.3769,False,False,True,NORMAL,1.0,False
0.5740000000000001,0.03459237167420835,0.3205808486450509,-22.99650478856863,-1.178587991112334,0.0,-1.3769,False,False,True,NORMAL,1.0,False
0.5750000000000001,0.03490144821574797,0.2975663976934343,-23.25993702494729,-1.1968609263891077,0.0,-1.3769,False,False,True,NORMAL,1.0,False
0.5760000000000001,0.03518737952123909,0.27429130963527465,-23.49603438129273,-1.2133949619648816,0.0,-1.3769,False,False,True,NORMAL,1.0,False
0.577,0.03544991862369799,0.25078292714187206,-23.72898929868901,-1.2301266574115326,0.0,-1.3953249999999993,False,True,True,NORMAL,1.0,False
0.578,0.035688833807839396,0.22704441641078532,-23.936380750365597,-1.2452661215188443,0.0,-1.3953249999999993,False,False,True,NORMAL,1.0,False
0.579,0.035903907729156914,0.203101346662808,-24.12009219820642,-1.2589648751321523,0.0,-1.3953249999999993,False,False,True,NORMAL,1.0,False
0.58,0.036094947670163885,0.1789774022642713,-24.281829578957385,-1.2713600199819286,0.0,-1.3953249999999993,False,False,True,NORMAL,1.0,False
0.581,0.036261783744326086,0.15469456032438872,-24.423138318509725,-1.2825756108439819,0.0,-1.3953249999999993,False,False,True,NORMAL,1.0,False
0.582,0.036404267269082434,0.13027325127173997,-24.51596879106477,-1.2903679022890888,0.0,-1.3708150000000008,False,True,True,NORMAL,1.0,False
0.583,0.03652228400907472,0.1057619307856953,-24.593890037731143,-1.2974186591608632,0.0,-1.3708150000000008,False,False,True,NORMAL,1.0,False
0.584,0.03661575140699098,0.08117550647817134,-24.65778792383921,-1.3037984478039186,0.0,-1.3708150000000008,False,False,True,NORMAL,1.0,False
0.585,0.03668460136986934,0.05652799911677964,-24.70846629798722,-1.309571119287316,0.0,-1.3708150000000008,False,False,True,NORMAL,1.0,False
0.586,0.03672877942327411,0.031832624676721905,-24.7466549128458,-1.3147944484475234,0.0,-1.3708150000000008,False,False,True,NORMAL,1.0,False
0.587,0.03674824394356225,0.007101868468889189,-24.703080504575496,-1.3139258251656527,0.0,-1.3126099999999998,False,True,True,NORMAL,1.0,False
0.588,0.03674300041060424,-0.01758256686063636,-24.655049521070488,-1.313139862318039,0.0,-1.3126099999999998,False,False,True,NORMAL,1.0,False
0.589,0.03671309737067413,-0.04221623345277363,-24.602481229776668,-1.312428693724332,0.0,-1.3126099999999998,False,False,True,NORMAL,1.0,False
0.59,0.036658587858083645,-0.06679460327955644,-24.54530538527716,-1.3117852017702138,0.0,-1.3126099999999998,False,False,True,NORMAL,1.0,False
0.591,0.03657952947010724,-0.09131307863203064,-24.483461339975115,-1.3112029461719226,0.0,-1.3126099999999998,False,False,True,NORMAL,1.0,False
0.592,0.03647598443186404,-0.11576700171835486,-24.30212539731063,-1.3014943522175004,0.0,-1.2170899999999996,False,True,True,NORMAL,1.0,False
0.593,0.03634807700816707,-0.1400369819512465,-24.127132518048487,-1.2927096531310216,0.0,-1.2170899999999996,False,False,True,NORMAL,1.0,False
0.594,0.03619598796508743,-0.16412937808434178,-23.957414833660522,-1.284760928691389,0.0,-1.2170899999999996,False,False,True,NORMAL,1.0,False
0.595,0.036019892243838336,-0.18804948112827596,-23.79200935058062,-1.2775686253927527,0.0,-1.2170899999999996,False,False,True,NORMAL,1.0,False
0.596,0.03581995997606779,-0.2118016192631576,-23.630048068799052,-1.2710607602462831,0.0,-1.2170899999999996,False,False,True,NORMAL,1.0,False
0.597,0.03559635739918089,-0.23538925286561796,-23.31818852181461,-1.2529673589037869,0.0,-1.0901200000000004,False,True,True,NORMAL,1.0,False
0.598,0.035349323921810255,-0.25866262015209435,-23.023051106548593,-1.2365957723495542,0.0,-1.0901200000000004,False,False,True,NORMAL,1.0,False
0.599,0.03507916544176117,-0.28163846542899196,-22.74263137928615,-1.22178214824267,0.0,-1.0901200000000004,False,False,True,NORMAL,1.0,False
0.6,0.03478617211486234,-0.3043315282539353,-22.47511926913864,-1.2083782268540417,0.0,-1.0901200000000004,False,False,True,NORMAL,1.0,False
0.601,0.0344706202625035,-0.3267547378810211,-22.218880667656734,-1.1962498572331983,0.0,-1.0901200000000004,False,False,True,NORMAL,1.0,False
0.602,0.03413277409393548,-0.348919389288312,-21.790111905821075,-1.1706893454894447,0.0,-0.9383750000000001,False,True,True,NORMAL,1.0,False
0.603,0.03377297837803213,-0.3706531171861444,-21.387455934772376,-1.147561238039549,0.0,-0.9383750000000001,False,False,True,NORMAL,1.0,False
0.604,0.03339165097252449,-0.39198206226576104,-21.008074138050958,-1.126634061010527,0.0,-0.9383750000000001,False,False,True,NORMAL,1.0,False
0.605,0.03298918501400452,-0.4129295258969088,-20.64940194156572,-1.1076983681808052,0.0,-0.9383750000000001,False,False,True,NORMAL,1.0,False
0.606,0.03256595162018997,-0.4335162442737673,-20.30912280778257,-1.0905646447720379,0.0,-0.9383750000000001,False,False,True,NORMAL,1.0,False
0.607,0.0321223023310499,-0.45376063654470966,-19.779686045822576,-1.058624718092273,0.0,-0.7673799999999997,False,True,True,NORMAL,1.0,False
0.608,0.031658673989626865,-0.4734737324586799,-19.28454451526673,-1.0297242773030968,0.0,-0.7673799999999997,False,False,True,NORMAL,1.0,False
0.609,0.031175580733638103,-0.49268985999325315,-18.82014683857016,-1.0035740770793173,0.0,-0.7673799999999997,False,False,True,NORMAL,1.0,False
0.61,0.03067350414887806,-0.5114397946838434,-18.383283709318164,-0.9799123974277094,0.0,-0.7673799999999997,False,False,True,NORMAL,1.0,False
0.611,0.030152896650580515,-0.5297511018250332,-17.97105539746,-0.9585024243053546,0.0,-0.7673799999999997,False,False,True,NORMAL,1.0,False
0.612,0.02961418453883115,-0.5476484461642357,-17.36411317002461,-0.9217915454427161,0.0,-0.5870050000000004,False,True,True,NORMAL,1.0,False
0.613,0.029057879067386296,-0.5649373135912809,-16.79779392726019,-0.8885741685988154,0.0,-0.5870050000000004,False,False,True,NORMAL,1.0,False
0.614,0.02848456838938922,-0.5816583635347646,-16.26801338107859,-0.8585178431014528,0.0,-0.5870050000000004,False,False,True,NORMAL,1.0,False
0.615,0.027894802041163822,-0.5978481697781124,-15.77108014387933,-0.831321755142771,0.0,-0.5870050000000004,False,False,True,NORMAL,1.0,False
0.616,0.02728909483135827,-0.6135396135102119,-15.303658380959773,-0.8067137171335583,0.0,-0.5870050000000004,False,False,True,NORMAL,1.0,False
0.617,0.026667930355716858,-0.6287622390136585,-14.624935700383034,-0.7654235783093783,0.0,-0.3890949999999993,False,True,True,NORMAL,1.0,False
0.618,0.026031883010566612,-0.6433049643998173,-13.993000177094771,-0.728062715705361,0.0,-0.3890949999999993,False,False,True,NORMAL,1.0,False
0.619,0.025381609289090515,-0.657214616449044,-13.40325528101112,-0.6942572092511456,0.0,-0.3890949999999993,False,False,True,NORMAL,1.0,False
0.62,0.024717721156519785,-0.6705334237642444,-12.851546150517029,-0.6636687220757155,0.0,-0.3890949999999993,False,False,True,NORMAL,1.0,False
0.621,0.02404079042741925,-0.6832994586087342,-12.334117587234644,-0.6359911143182733,0.0,-0.3890949999999993,False,False,True,NORMAL,1.0,False
0.622,0.023351352722143122,-0.695547036722248,-11.60486340120066,-0.5915303675041464,0.0,-0.18709500000000068,False,True,True,NORMAL,1.0,False
0.623,0.022650032335876508,-0.7070645575054862,-10.926918191225251,-0.5513006201529014,0.0,-0.18709500000000068,False,False,True,NORMAL,1.0,False
0.624,0.021937533657398228,-0.7179033716382248,-10.295330508349288,-0.5148992394313618,0.0,-0.18709500000000068,False,False,True,NORMAL,1.0,False
0.625,0.021214512201172913,-0.7281098764745956,-9.70562428163126,-0.48196190808634004,0.0,-0.18709500000000068,False,False,True,NORMAL,1.0,False
0.626,0.02048157932292522,-0.7377259916038954,-9.153753588191277,-0.45215897823511564,0.0,-0.18709500000000068,False,False,True,NORMAL,1.0,False
0.627,0.019739306482274316,-0.7467895891635666,-8.435289104866866,-0.4091303624080396,0.0,0.008545000000000802,False,True,True,NORMAL,1.0,False
0.628,0.018988329429778485,-0.7551342686151933,-7.767128478294957,-0.370196460761407,0.0,0.008545000000000802,False,False,True,NORMAL,1.0,False
0.629,0.018229341917710924,-0.7628103750578591,-7.144481490415694,-0.33496760972140194,0.0,0.008545000000000802,False,False,True,NORMAL,1.0,False
0.63,0.017462989748999992,-0.7698634614820676,-6.563017840126775,-0.3030912271059903,0.0,0.008545000000000802,False,False,True,NORMAL,1.0,False
0.631,0.01668987533931893,-0.7763347488635334,-6.018823370100645,-0.27424828336393486,0.0,0.008545000000000802,False,False,True,NORMAL,1.0,False
0.632,0.01591056184097427,-0.7822615424665096,-5.209096967397541,-0.2242090293502476,0.0,0.26906499999999955,False,True,True,NORMAL,1.0,False
0.633,0.015125726424452524,-0.7873785805814963,-4.45886607398029,-0.17893163994805733,0.0,0.26906499999999955,False,False,True,NORMAL,1.0,False
0.634,0.014336149082558668,-0.7917454029392944,-3.7625524869913933,-0.13796296382597076,0.0,0.26906499999999955,False,False,True,NORMAL,1.0,False
0.635,0.01354255305825388,-0.7954159687636875,-3.115112643752973,-0.10089297270331046,0.0,0.26906499999999955,False,False,True,NORMAL,1.0,False
0.636,0.012745610157771908,-0.7984391916182898,-2.5119867186870772,-0.0673506576492666,0.0,0.26906499999999955,False,False,True,NORMAL,1.0,False
0.637,0.011945945554346965,-0.8008594233302404,-1.7310737780509167,-0.019562013065456803,0.0,0.4504799999999999,False,True,True,NORMAL,1.0,False
0.638,0.011144251063928962,-0.8024990846209245,-1.0077211035626827,0.023678940711195785,0.0,0.4504799999999999,False,False,True,NORMAL,1.0,False
0.639,0.010341278462469974,-0.8034157782196114,-0.33660181572789727,0.06280497367987439,0.0,0.4504799999999999,False,False,True,NORMAL,1.0,False
0.64,0.009537724587410687,-0.8036617776919006,0.28710053848598865,0.09820767232924338,0.0,0.4504799999999999,False,False,True,NORMAL,1.0,False
0.641,0.008734236411563413,-0.8032845380636481,0.8677405990767488,0.13024135876664356,0.0,0.4504799999999999,False,False,True,NORMAL,1.0,False
0.642,0.007931415630684424,-0.8023271578123143,1.5245196568310966,0.1684477949613296,0.0,0.5464099999999998,False,True,True,NORMAL,1.0,False
0.643,0.0071298804134068555,-0.8007136231014889,2.134577442136753,0.20301840804008497,0.0,0.5464099999999998,False,False,True,NORMAL,1.0,False
0.644,0.006330263541071359,-0.7984906922085441,2.7021666455490876,0.23429919231818616,0.0,0.5464099999999998,False,False,True,NORMAL,1.0,False
0.645,0.005533153163736626,-0.7957008688099986,3.2311320463557953,0.2626032163985231,0.0,0.5464099999999998,False,False,True,NORMAL,1.0,False
0.646,0.004739096850770886,-0.7923828100501135,3.724949379494255,0.28821375646740277,0.0,0.5464099999999998,False,False,True,NORMAL,1.0,False
0.647,0.003948605252813482,-0.7885716957272798,4.370711457534158,0.3261032076661018,0.0,0.6995049999999999,False,True,True,NORMAL,1.0,False
0.648,0.0031622473399207395,-0.784115756131838,4.969505493459741,0.3603870008595321,0.0,0.6995049999999999,False,False,True,NORMAL,1.0,False
0.649,0.0023806444413502622,-0.779061994842722,5.525551240124704,0.3914082597731544,0.0,0.6995049999999999,False,False,True,NORMAL,1.0,False
0.65,0.0016043729933250175,-0.773453193722206,6.042664061994947,0.4194774555927814,0.0,0.6995049999999999,False,False,True,NORMAL,1.0,False
0.651,0.0008339685585023967,-0.7673283174606969,6.524293478834986,0.4448755142645584,0.0,0.6995049999999999,False,False,True,NORMAL,1.0,False
0.652,6.99294601754991e-05,-0.760722879562689,7.134090829423208,0.48069925108949296,0.0,0.83311,False,True,True,NORMAL,1.0,False
0.653,-0.000687199707298148,-0.7535088670101814,7.698807092439436,0.5131139086225665,0.0,0.83311,False,False,True,NORMAL,1.0,False
0.654,-0.0014368329209321416,-0.7457313938367018,8.222433293606192,0.5424439036513126,0.0,0.83311,False,False,True,NORMAL,1.0,False
0.655,-0.0021784272756044014,-0.7374315811186833,8.70857826649065,0.5689827806241308,0.0,0.83311,False,False,True,NORMAL,1.0,False
0.656,-0.002911479182246738,-0.7286469393157717,9.160505094251542,0.5929961495417895,0.0,0.83311,False,False,True,NORMAL,1.0,False
0.657,-0.0036355209301489684,-0.7194117141550785,9.7216430393444,0.6259626607062613,0.0,0.9500249999999999,False,True,True,NORMAL,1.0,False
0.658,-0.00435004737560158,-0.7096168311433578,10.240585825600087,0.6557919935499756,0.0,0.9500249999999999,False,False,True,NORMAL,1.0,False
0.659,-0.00505451996837185,-0.699304515156622,10.721007391393815,0.6827826900620173,0.0,0.9500249999999999,False,False,True,NORMAL,1.0,False
0.66,-0.0057484405455036245,-0.6885133152764188,11.166230123215009,0.7072048822049652,0.0,0.9500249999999999,False,False,True,NORMAL,1.0,False
0.661,-0.006431347831345436,-0.6772784564783244,11.579258390349816,0.7293029954863685,0.0,0.9500249999999999,False,False,True,NORMAL,1.0,False
0.662,-0.007102814272495285,-0.6656321577726041,12.072612329935616,0.7580824705572217,0.0,1.04141,False,True,True,NORMAL,1.0,False
0.663,-0.007762388302459473,-0.6534942029738908,12.52831887842375,0.7841232164727627,0.0,1.04141,False,False,True,NORMAL,1.0,False
0.664,-0.008409597097509481,-0.6409022651237611,12.94958596675917,0.8076858577707114,0.0,1.04141,False,False,True,NORMAL,1.0,False
0.665,-0.009044003902412445,-0.6278908076217802,13.339314805536157,0.8290062172848548,0.0,1.04141,False,False,True,NORMAL,1.0,False
0.666,-0.009665204974190104,-0.614491391065331,13.700129160031155,0.8482976763392307,0.0,1.04141,False,False,True,NORMAL,1.0,False
0.667,-0.010272826818076152,-0.6007329508029522,14.112141979082304,0.8719725215048593,0.0,1.1061099999999997,False,True,True,NORMAL,1.0,False
0.668,-0.010866484837865528,-0.5865643690374682,14.492235733037543,0.8933944072769276,0.0,1.1061099999999997,False,False,True,NORMAL,1.0,False
0.669,-0.011445784858686196,-0.5720175858275663,14.843049610550585,0.9127777310883873,0.0,1.1061099999999997,False,False,True,NORMAL,1.0,False
0.67,-0.012010363325617472,-0.5571219005291842,15.166970696043999,0.9303164877589034,0.0,1.1061099999999997,False,False,True,NORMAL,1.0,False
0.671,-0.012559884789073012,-0.5419042239982357,15.466158051791457,0.9461862110602142,0.0,1.1061099999999997,False,False,True,NORMAL,1.0,False
0.672,-0.013094039630342273,-0.5263893067018512,15.792434747793472,0.9645353496730946,0.0,1.147615,False,True,True,NORMAL,1.0,False
0.673,-0.013612517082155797,-0.5105501140439607,16.092870725535462,0.9811383368787573,0.0,1.147615,False,False,True,NORMAL,1.0,False
0.674,-0.014115005794966962,-0.4944125028657323,16.36951182008633,0.9961613409536131,0.0,1.147615,False,False,True,NORMAL,1.0,False
0.675,-0.014601219252713956,-0.47800028287615004,16.62420872082298,1.0097547171718493,0.0,1.147615,False,False,True,NORMAL,1.0,False
0.676,-0.015070893823286583,-0.4613354118742897,16.858635635695286,1.0220545126115497,0.0,1.147615,False,False,True,NORMAL,1.0,False
0.677,-0.01552378699488073,-0.44443817230006993,17.098163909910372,1.0350923662089684,0.0,1.1674699999999998,False,True,True,NORMAL,1.0,False
0.678,-0.015959663858277608,-0.42730349293732106,17.317998407453288,1.0468895039947876,0.0,1.1674699999999998,False,False,True,NORMAL,1.0,False
0.679,-0.016378296824371447,-0.40995107875992676,17.519593349737498,1.0575639956891227,0.0,1.1674699999999998,False,False,True,NORMAL,1.0,False
0.68,-0.016779477281558052,-0.39239917944931063,17.704264597432918,1.0672226751926712,0.0,1.1674699999999998,False,False,True,NORMAL,1.0,False
0.681,-0.017163014209641385,-0.37466472780991183,17.873202911587914,1.0759622098162989,0.0,1.1674699999999998,False,False,True,NORMAL,1.0,False
0.682,-0.017528732925523326,-0.35676346491841293,18.024758439222893,1.083651866688202,0.0,1.1652000000000005,False,True,True,NORMAL,1.0,False
0.683,-0.01787647531109108,-0.33871277863592897,18.162898062421352,1.0906097559577572,0.0,1.1652000000000005,False,False,True,NORMAL,1.0,False
0.684,-0.01820609865302866,-0.32052609110869246,18.28848026508701,1.0969055145194018,0.0,1.1652000000000005,False,False,True,NORMAL,1.0,False
0.685,-0.018517473230643813,-0.30221596516553395,18.402282330154385,1.102602152440898,0.0,1.1652000000000005,False,False,True,NORMAL,1.0,False
0.686,-0.018810481497162253,-0.28379418555156116,18.505008160054725,1.1077566835892703,0.0,1.1652000000000005,False,False,True,NORMAL,1.0,False
0.687,-0.01908501733834433,-0.2652718323383938,18.560311712885678,1.1094620050600492,0.0,1.13442,False,True,True,NORMAL,1.0,False
0.6880000000000001,-0.019341003883203776,-0.2466963017858311,18.609333373106974,1.1110050437365901,0.0,1.13442,False,False,True,NORMAL,1.0,False
0.6890000000000001,-0.019578391095712123,-0.2280738768213722,18.652264347624797,1.112401242868601,0.0,1.13442,False,False,True,NORMAL,1.0,False
0.6900000000000001,-0.019797135126979008,-0.20941064860964564,18.68927857756317,1.1136645760862738,0.0,1.13442,False,False,True,NORMAL,1.0,False
0.6910000000000001,-0.0199971981321249,-0.1907125338261638,18.720534471130744,1.1148076872530719,0.0,1.13442,False,False,True,NORMAL,1.0,False
0.6920000000000001,-0.020178548103560952,-0.17198529019763217,18.68236827784599,1.1107373615398661,0.0,1.0813149999999994,False,True,True,NORMAL,1.0,False
0.6930000000000001,-0.020341190606577624,-0.15329828844428148,18.644895050783433,1.1070543785309637,0.0,1.0813149999999994,False,False,True,NORMAL,1.0,False
0.6940000000000001,-0.02048516553523815,-0.13465083162045785,18.607661964040748,1.1037218776945181,0.0,1.0813149999999994,False,False,True,NORMAL,1.0,False
0.6950000000000001,-0.02061051231298178,-0.11604267532835755,18.570260611439263,1.100706506242066,0.0,1.0813149999999994,False,False,True,NORMAL,1.0,False
0.6960000000000001,-0.020717270322956328,-0.09747398328238072,18.53232286412137,1.09797808532261,0.0,1.0813149999999994,False,False,True,NORMAL,1.0,False
0.6970000000000001,-0.02080547929598684,-0.07894528701762368,18.403977783420803,1.0883461609037863,0.0,1.0067950000000003,False,True,True,NORMAL,1.0,False
0.6980000000000001,-0.020875224406581024,-0.06054691821093472,18.28313130982139,1.0796308352819404,0.0,1.0067950000000003,False,False,True,NORMAL,1.0,False
0.6990000000000001,-0.020926632229952197,-0.04227136950310799,18.16871033785549,1.0717448825489266,0.0,1.0067950000000003,False,False,True,NORMAL,1.0,False
0.7000000000000001,-0.02095982237051039,-0.024112206639907124,18.05974556131511,1.064609377439233,0.0,1.0067950000000003,False,False,True,NORMAL,1.0,False
0.7010000000000001,-0.02097490848305437,-0.006063964633843975,17.955361673380438,1.0581529054193952,0.0,1.0067950000000003,False,False,True,NORMAL,1.0,False
0.7020000000000001,-0.020971999195026746,0.011877946270208908,17.747824741144402,1.043755347333496,0.0,0.9177899999999994,False,True,True,NORMAL,1.0,False
0.7030000000000001,-0.0209512523833201,0.029610466175449292,17.5537148125967,1.030727898049028,0.0,0.9177899999999994,False,False,True,NORMAL,1.0,False
0.704,-0.020912870721063556,0.04714703506148283,17.371427540583024,1.0189401744748756,0.0,0.9177899999999994,False,False,True,NORMAL,1.0,False
0.705,-0.02085704424366804,0.06449948831232409,17.199513236250798,1.008274201111518,0.0,0.9177899999999994,False,False,True,NORMAL,1.0,False
0.706,-0.020783951876072668,0.08167821143339059,17.036662221373476,0.9986232293125772,0.0,0.9177899999999994,False,False,True,NORMAL,1.0,False
0.707,-0.020693762812599995,0.09869228011495362,16.757265296552905,0.9799365667112271,0.0,0.8142350000000005,False,True,True,NORMAL,1.0,False
0.708,-0.020586699944254102,0.11542525869402664,16.496721789057535,0.9630281751713123,0.0,0.8142350000000005,False,False,True,NORMAL,1.0,False
0.709,-0.020463034928780228,0.13189601735470455,16.25294920578343,0.9477288298271948,0.0,0.8142350000000005,False,False,True,NORMAL,1.0,False
0.71,-0.020323021595153482,0.14812134330530755,16.02406546505636,0.933885409688383,0.0,0.8142350000000005,False,False,True,NORMAL,1.0,False
0.711,-0.02016689792632279,0.1641161412662809,15.808369885938122,0.9213593651531935,0.0,0.8142350000000005,False,False,True,NORMAL,1.0,False
0.712,-0.019994887850974856,0.17989361493982106,15.45965362894359,0.8984515427907183,0.0,0.6938299999999997,False,True,True,NORMAL,1.0,False
0.713,-0.01980727516109969,0.19532087278453428,15.135201701463501,0.8777236879514299,0.0,0.6938299999999997,False,False,True,NORMAL,1.0,False
0.714,-0.01960439793352447,0.2104221994104034,14.8324606021427,0.8589683492972239,0.0,0.6938299999999997,False,False,True,NORMAL,1.0,False
0.715,-0.019386571237465334,0.22521932520530757,14.549122254308767,0.8419978170949621,0.0,0.6938299999999997,False,False,True,NORMAL,1.0,False
0.716,-0.019154089566005023,0.23973167185373276,14.283100701500176,0.8266422445543715,0.0,0.6938299999999997,False,False,True,NORMAL,1.0,False
0.717,-0.01890722903370721,0.25397657454174705,13.879650115056496,0.8005190755427997,0.0,0.5666100000000003,False,True,True,NORMAL,1.0,False
0.718,-0.018646325753390966,0.26781674247754095,13.504721365089805,0.776881854743452,0.0,0.5666100000000003,False,False,True,NORMAL,1.0,False
0.719,-0.018371770191113586,0.28128072055718717,13.15540237348758,0.7554940129058243,0.0,0.5666100000000003,False,False,True,NORMAL,1.0,False
0.72,-0.018083925724390337,0.2943941406810983,12.829060743467476,0.7361414933201038,0.0,0.5666100000000003,False,False,True,NORMAL,1.0,False
0.721,-0.017783131415312767,0.30718000154276287,12.523317184452104,0.7186306094656701,0.0,0.5666100000000003,False,False,True,NORMAL,1.0,False
0.722,-0.017469704517169452,0.3196589218318131,12.074377246170476,0.6898545690044056,0.0,0.43207999999999985,False,True,True,NORMAL,1.0,False
0.723,-0.017144023520088543,0.3316878523913336,11.657585149084628,0.6638169308521366,0.0,0.43207999999999985,False,False,True,NORMAL,1.0,False
0.724,-0.01680652233134602,0.34329896635664314,11.269732844701426,0.640257101574683,0.0,0.43207999999999985,False,False,True,NORMAL,1.0,False
0.725,-0.016457604289481044,0.35452122772201217,10.907920204574015,0.6189392864819038,0.0,0.43207999999999985,False,False,True,NORMAL,1.0,False
0.726,-0.016097645219436515,0.3653806993791868,10.569525746744254,0.5996501297151855,0.0,0.43207999999999985,False,False,True,NORMAL,1.0,False
0.727,-0.015726996194301863,0.37590082187076107,10.104696168462512,0.5703978606040587,0.0,0.309335,False,True,True,NORMAL,1.0,False
0.728,-0.015346059735299839,0.385955297749973,9.673046905690674,0.5439293129498537,0.0,0.309335,False,False,True,NORMAL,1.0,False
0.729,-0.014955284890032883,0.39557733357428404,9.271317857786736,0.519979580631261,0.0,0.309335,False,False,True,NORMAL,1.0,False
0.73,-0.014555089129995792,0.4047968746327286,8.896561825768126,0.49830896667745334,0.0,0.309335,False,False,True,NORMAL,1.0,False
0.731,-0.014145861455352193,0.4136409179679921,8.546114754255205,0.47870058430023593,0.0,0.309335,False,False,True,NORMAL,1.0,False
0.732,-0.013727965201571988,0.4221337956286579,8.035618428541726,0.4464021561304812,0.0,0.15790500000000018,False,True,True,NORMAL,1.0,False
0.733,-0.01330183150429533,0.4301156238204677,7.562455274970002,0.4171773297787404,0.0,0.15790500000000018,False,False,True,NORMAL,1.0,False
0.734,-0.012867952736927625,0.4376237637939864,7.1230238871187606,0.390733613360082,0.0,0.15790500000000018,False,False,True,NORMAL,1.0,False
0.735,-0.012426785712793674,0.44469197402705274,6.7140681902448485,0.366806349272548,0.0,0.15790500000000018,False,False,True,NORMAL,1.0,False
0.736,-0.011978755115199037,0.45135075568974975,6.332644585071649,0.3451560654149192,0.0,0.15790500000000018,False,False,True,NORMAL,1.0,False
0.737,-0.011524256598458973,0.4576276652401797,5.813072226398695,0.3125244791684557,0.0,0.022229999999999528,False,True,True,NORMAL,1.0,False
0.738,-0.011063741058928284,0.46338470559964934,5.331742166394239,0.28299819892278794,0.0,0.022229999999999528,False,False,True,NORMAL,1.0,False
0.739,-0.010597709235076323,0.4686601474213836,4.8850158035237445,0.25628171574109176,0.0,0.022229999999999528,False,False,True,NORMAL,1.0,False
0.74,-0.010126625414511176,0.47348862131778974,4.469603312287888,0.23210764207996465,0.0,0.022229999999999528,False,False,True,NORMAL,1.0,False
0.741,-0.009650920899586442,0.4779014667712636,4.082530448312795,0.2102340356850193,0.0,0.022229999999999528,False,False,True,NORMAL,1.0,False
0.742,-0.009170997140699135,0.48192704783698276,3.611281039517289,0.1816557803692366,0.0,-0.10917499999999974,False,True,True,NORMAL,1.0,False
0.743,-0.00868728345416705,0.48548129776988524,3.1738806507493997,0.15579710561733134,0.0,-0.10917499999999974,False,False,True,NORMAL,1.0,False
0.744,-0.008200234237721118,0.48859809194479187,2.7671456795823857,0.13239920912098574,0.0,-0.10917499999999974,False,False,True,NORMAL,1.0,False
0.745,-0.007710271605963063,0.49130812083089714,2.3881978909423407,0.11122791686775975,0.0,-0.10917499999999974,False,False,True,NORMAL,1.0,False
0.746,-0.00721778842254714,0.4936391954768847,2.0344353449686046,0.09207133944886603,0.0,-0.10917499999999974,False,False,True,NORMAL,1.0,False
0.747,-0.006723151041416739,0.4956165239124358,1.556442653819709,0.0629726764295677,0.0,-0.23157000000000005,False,True,True,NORMAL,1.0,False
0.748,-0.006226775278383829,0.49711601354936374,1.113389383748408,0.036643117314887355,0.0,-0.23157000000000005,False,False,True,NORMAL,1.0,False
0.749,-0.0057291214936833965,0.4981726300370205,0.7020327288674186,0.012819147027534818,0.0,-0.23157000000000005,False,False,True,NORMAL,1.0,False
0.75,-0.00523061670377394,0.498818094839678,0.31944070690663634,-0.008737672734638664,0.0,-0.23157000000000005,False,False,True,NORMAL,1.0,False
0.751,-0.004731657670069721,0.4990811961802784,-0.037037441871108634,-0.02824308986931027,0.0,-0.23157000000000005,False,False,True,NORMAL,1.0,False
0.752,-0.004232613691533792,0.49898807037143617,-0.5058252603135445,-0.05677449882811947,0.0,-0.34477999999999986,False,True,True,NORMAL,1.0,False
0.753,-0.003733897107677126,0.49842653619686506,-0.9398977706096499,-0.08259078524333643,0.0,-0.34477999999999986,False,False,True,NORMAL,1.0,False
0.754,-0.003235958960653681,0.49743133430901093,-1.3424353251484151,-0.10595032718655817,0.0,-0.34477999999999986,False,False,True,NORMAL,1.0,False
0.755,-0.0027392171426188433,0.4960340236048799,-1.7163136133801504,-0.12708691480496562,0.0,-0.34477999999999986,False,False,True,NORMAL,1.0,False
0.756,-0.002244059425113121,0.4942632860069396,-2.06413268550616,-0.14621209017169626,0.0,-0.34477999999999986,False,False,True,NORMAL,1.0,False
0.757,-0.0017508461981806792,0.49214520220890484,-2.511996625322451,-0.17341753732797974,0.0,-0.44777499999999987,False,True,True,NORMAL,1.0,False
0.758,-0.0012599747914951015,0.48957984514428615,-2.926300988247344,-0.19803404388938503,0.0,-0.44777499999999987,False,False,True,NORMAL,1.0,False
0.759,-0.0007718756904694373,0.4866007982674814,-3.310078918639002,-0.22030798012747224,0.0,-0.44777499999999987,False,False,True,NORMAL,1.0,False
0.76,-0.00028694731410698696,0.4832386104997299,-3.6660731586085307,-0.24046227108264068,0.0,-0.44777499999999987,False,False,True,NORMAL,1.0,False
0.761,0.00019444109570511902,0.4795210867439923,-3.9967637225604,-0.2586986276728608,0.0,-0.44777499999999987,False,False,True,NORMAL,1.0,False
0.762,0.0006719468615762375,0.4754735507144074,-4.407491743346967,-0.28344746987365627,0.0,-0.5335799999999999,False,True,True,NORMAL,1.0,False
0.763,0.001145199985627135,0.47101606505851235,-4.787208448728916,-0.3058411483500034,0.0,-0.5335799999999999,False,False,True,NORMAL,1.0,False
0.764,0.0016138060312158972,0.4661796627782152,-5.138673183226761,-0.32610378656286887,0.0,-0.5335799999999999,False,False,True,NORMAL,1.0,False
0.765,0.0020774002145824027,0.46099261621337295,-5.464381220176034,-0.3444381798059948,0.0,-0.5335799999999999,False,False,True,NORMAL,1.0,False
0.766,0.0025356447762568818,0.45548070121554046,-5.766588937098119,-0.3610278248493608,0.0,-0.5335799999999999,False,False,True,NORMAL,1.0,False
0.767,0.002988226604051163,0.4496674361364596,-6.1354701231872895,-0.38308943864568706,0.0,-0.60693,False,True,True,NORMAL,1.0,False
0.768,0.003434811039732985,0.4434862338697557,-6.476206988630323,-0.4030516123108614,0.0,-0.60693,False,False,True,NORMAL,1.0,False
0.769,0.003875044224770224,0.436965257955233,-6.79125951236169,-0.4211141339884432,0.0,-0.60693,False,False,True,NORMAL,1.0,False
0.77,0.004308599233763182,0.430130210723248,-7.082852387011648,-0.43745777946640485,0.0,-0.60693,False,False,True,NORMAL,1.0,False
0.771,0.004735173730909549,0.4230045686725631,-7.352997460488228,-0.4522461214419788,0.0,-0.60693,False,False,True,NORMAL,1.0,False
0.772,0.005154487850623417,0.41560979539781573,-7.674873963134875,-0.47133596029183067,0.0,-0.6663199999999999,False,True,True,NORMAL,1.0,False
0.773,0.005566246619467766,0.40789423044905143,-7.97186134489699,-0.4886091607874532,0.0,-0.6663199999999999,False,False,True,NORMAL,1.0,False
0.774,0.005970141695900913,0.3998827794273508,-8.246088537282853,-0.5042385989251297,0.0,-0.6663199999999999,False,False,True,NORMAL,1.0,False
0.775,0.0063658885791348895,0.3915982178775347,-8.499480999308872,-0.5183806993749777,0.0,-0.6663199999999999,False,False,True,NORMAL,1.0,False
0.776,0.006753224580842507,0.38306139484001045,-8.733780135844869,-0.5311770010316232,0.0,-0.6663199999999999,False,False,True,NORMAL,1.0,False
0.777,0.0071319069907045205,0.3742914169766695,-9.005321406962064,-0.5471364166870835,0.0,-0.711895,False,True,True,NORMAL,1.0,False
0.778,0.007501684051224036,0.3652510976824197,-9.255469222325695,-0.5615770931421327,0.0,-0.711895,False,False,True,NORMAL,1.0,False
0.779,0.007862296122285103,0.3559618439719291,-9.486003862727193,-0.5746435575404121,0.0,-0.711895,False,False,True,NORMAL,1.0,False
0.78,0.008213504080305172,0.3464432815732878,-9.698535633546221,-0.58646658344941,0.0,-0.711895,False,False,True,NORMAL,1.0,False
0.781,0.008555087621958928,0.3367134249699233,-9.894521098474144,-0.59716449968628,0.0,-0.711895,False,False,True,NORMAL,1.0,False
0.782,0.00888684372982501,0.32678883120245017,-10.103622279890843,-0.6091119355101232,0.0,-0.7354849999999999,False,True,True,NORMAL,1.0,False
0.783,0.009208571119581626,0.3166564167742913,-10.2959434082313,-0.6199224224931198,0.0,-0.7354849999999999,False,False,True,NORMAL,1.0,False
0.784,0.00952007036403423,0.30633297189869363,-10.472817235037315,-0.6297041556225258,0.0,-0.7354849999999999,False,False,True,NORMAL,1.0,False
0.785,0.009821158159541911,0.2958339531984477,-10.635449437835282,-0.6385550337712543,0.0,-0.7354849999999999,False,False,True,NORMAL,1.0,False
0.786,0.010111666055980986,0.2851736108298343,-10.784930772624234,-0.6465636395027008,0.0,-0.7354849999999999,False,False,True,NORMAL,1.0,False
0.787,0.010391439307754687,0.2743651034493549,-10.937429625701391,-0.6550246501026044,0.0,-0.7481199999999997,False,True,True,NORMAL,1.0,False
0.788,0.010660328247428496,0.263405432573721,-11.077188118129442,-0.662680489087796,0.0,-0.7481199999999997,False,False,True,NORMAL,1.0,False
0.789,0.010918188084050751,0.2523073455327565,-11.205150570561251,-0.6696077786680558,0.0,-0.7481199999999997,False,False,True,NORMAL,1.0,False
0.79,0.011164886301606287,0.24108264464557344,-11.322171503402844,-0.6758758494858454,0.0,-0.7481199999999997,False,False,True,NORMAL,1.0,False
0.791,0.01140030175891799,0.22974227705639583,-11.42902424259965,-0.6815474345006808,0.0,-0.7481199999999997,False,False,True,NORMAL,1.0,False
0.792,0.01162432387508014,0.21829641596126975,-11.51825620485808,-0.6860270967218516,0.0,-0.7413350000000001,False,True,True,NORMAL,1.0,False
0.793,0.011836855966361042,0.20676268012973778,-11.599442396622452,-0.690080462719729,0.0,-0.7413350000000001,False,False,True,NORMAL,1.0,False
0.794,0.012037814182117487,0.19514911888027342,-11.673083118591885,-0.6937480999436032,0.0,-0.7413350000000001,False,False,True,NORMAL,1.0,False
0.795,0.012227122470702373,0.18346328071935747,-11.739631418731397,-0.6970667153395461,0.0,-0.7413350000000001,False,False,True,NORMAL,1.0,False
0.796,0.012404712102285598,0.17171226061333184,-11.799497648007574,-0.7000695227258654,0.0,-0.7413350000000001,False,False,True,NORMAL,1.0,False
0.797,0.012570521236668356,0.15990274270278804,-11.828680186255822,-0.7008367035161007,0.0,-0.72105,False,True,True,NORMAL,1.0,False
0.798,0.012724506712128781,0.1480653931053027,-11.85424806740573,-0.701530877401504,0.0,-0.72105,False,False,True,NORMAL,1.0,False
0.799,0.012866642504414567,0.1362038267623295,-11.876287702482276,-0.7021589919076403,0.0,-0.72105,False,False,True,NORMAL,1.0,False
0.8,0.012996906160896238,0.12432157186584095,-11.894877911695461,-0.7027273334156037,0.0,-0.72105,False,False,True,NORMAL,1.0,False
0.801,0.013115278717614372,0.11242207745292292,-11.910090703620515,-0.7032415900782318,0.0,-0.72105,False,False,True,NORMAL,1.0,False
0.802,0.01322174462353172,0.10050872022094837,-11.886342058185258,-0.700854915004736,0.0,-0.6913800000000001,False,True,True,NORMAL,1.0,False
0.803,0.013316309486965598,0.08862043249960494,-11.862792309485956,-0.6986953620935431,0.0,-0.6913800000000001,False,False,True,NORMAL,1.0,False
0.804,0.013398998277090084,0.07675701272985026,-11.839176604105885,-0.6967413178132673,0.0,-0.6913800000000001,False,False,True,NORMAL,1.0,False
0.805,0.013469835893885809,0.06491852402025701,-11.815256180054377,-0.6949732254319747,0.0,-0.6913800000000001,False,False,True,NORMAL,1.0,False
0.806,0.013528847419758697,0.05310526804636363,-11.79081593760071,-0.6933733892868368,0.0,-0.6913800000000001,False,False,True,NORMAL,1.0,False
0.807,0.013576058346272997,0.041317761380214035,-11.70952593000485,-0.6874348928018482,0.0,-0.6446600000000001,False,True,True,NORMAL,1.0,False
0.808,0.013611522831913707,0.02961280614537499,-11.632780833590589,-0.6820615189753555,0.0,-0.6446600000000001,False,False,True,NORMAL,1.0,False
0.809,0.013635321153740443,0.017985851725730792,-11.55991965313082,-0.6771994892760499,0.0,-0.6446600000000001,False,False,True,NORMAL,1.0,False
0.81,0.013647529368693512,0.0064330084918043495,-11.490345406650198,-0.672800142876516,0.0,-0.6446600000000001,False,False,True,NORMAL,1.0,False
0.811,0.013648219942565756,-0.005049016236432443,-11.423519083214096,-0.6688194496393159,0.0,-0.6446600000000001,False,False,True,NORMAL,1.0,False
0.812,0.01363746231795913,-0.016462976182092533,-11.281196012599558,-0.6589969164265516,0.0,-0.5799449999999998,False,True,True,NORMAL,1.0,False
0.8130000000000001,0.013615362285903439,-0.027733441674579147,-11.14822036226317,-0.6501091208357413,0.0,-0.5799449999999998,False,False,True,NORMAL,1.0,False
0.8140000000000001,0.0135820586641863,-0.03886976891159859,-11.023497431341035,-0.6420671108213213,0.0,-0.5799449999999998,False,False,True,NORMAL,1.0,False
0.8150000000000001,0.013537681461814954,-0.04988021919960262,-10.906037990659637,-0.6347903992440541,0.0,-0.5799449999999998,False,False,True,NORMAL,1.0,False
0.8160000000000001,0.013482352921157964,-0.06077206446557382,-10.794948289670772,-0.6282061583286873,0.0,-0.5799449999999998,False,False,True,NORMAL,1.0,False
0.8170000000000001,0.01341618845957305,-0.07155168277174738,-10.608731074694724,-0.6157932956358727,0.0,-0.51279,False,True,True,NORMAL,1.0,False
0.8180000000000001,0.013339337844090918,-0.08214401835576401,-10.435155899967704,-0.6045616730064715,0.0,-0.51279,False,False,True,NORMAL,1.0,False
0.8190000000000001,0.013251982032670974,-0.09256172436574109,-10.27283937812898,-0.5943988805861298,0.0,-0.51279,False,False,True,NORMAL,1.0,False
0.8200000000000001,0.013154290021933818,-0.10281607022855431,-10.120531221248182,-0.5852032057324723,0.0,-0.51279,False,False,True,NORMAL,1.0,False
0.8210000000000001,0.013046420164315408,-0.11291707480009382,-9.97710161278071,-0.5768826150407907,0.0,-0.51279,False,False,True,NORMAL,1.0,False
0.8220000000000001,0.01292852135838671,-0.12287362688244358,-9.751365637532864,-0.5621407017775616,0.0,-0.43774999999999975,False,True,True,NORMAL,1.0,False
0.8230000000000001,0.012800779183064869,-0.1326035011343968,-9.541290902532392,-0.5488016670435513,0.0,-0.43774999999999975,False,False,True,NORMAL,1.0,False
0.8240000000000001,0.012663412481123593,-0.14212237195731733,-9.345234366513552,-0.5367320092957374,0.0,-0.43774999999999975,False,False,True,NORMAL,1.0,False
0.8250000000000001,0.01251662524261742,-0.1514442702420804,-9.161710916008644,-0.5258109313426277,0.0,-0.43774999999999975,False,False,True,NORMAL,1.0,False
0.8260000000000001,0.012360608169407643,-0.16058174135736525,-8.989378368147754,-0.5159291313653666,0.0,-0.43774999999999975,False,False,True,NORMAL,1.0,False
0.8270000000000001,0.012195540089200584,-0.1695459881347872,-8.72809446605609,-0.4990733542550511,0.0,-0.35541500000000037,False,True,True,NORMAL,1.0,False
0.8280000000000001,0.012021638672454326,-0.17824814871109332,-8.485266683430128,-0.48382161641556365,0.0,-0.35541500000000037,False,False,True,NORMAL,1.0,False
0.8290000000000001,0.011839156772271032,-0.18670669414840077,-8.259016149142386,-0.47002127332832044,0.0,-0.35541500000000037,False,False,True,NORMAL,1.0,False
0.8300000000000001,0.011648329710331558,-0.1949382160396361,-8.047644442280758,-0.45753420652124893,0.0,-0.35541500000000037,False,False,True,NORMAL,1.0,False
0.8310000000000001,0.011449377066115875,-0.20295760702804955,-7.849616444742695,-0.4462354412326958,0.0,-0.35541500000000037,False,False,True,NORMAL,1.0,False
0.8320000000000001,0.01124250429417999,-0.2107782241725221,-7.557922770060982,-0.4275621312103414,0.0,-0.2675099999999999,False,True,True,NORMAL,1.0,False
0.833,0.011027956969469437,-0.21830649787034634,-7.287153341119219,-0.41066582158352927,0.0,-0.2675099999999999,False,False,True,NORMAL,1.0,False
0.834,0.010806016967774494,-0.2255633687694338,-7.035226369675964,-0.3953774084064684,0.0,-0.2675099999999999,False,False,True,NORMAL,1.0,False
0.835,0.010576946265376853,-0.23256769501342264,-6.8002598684580295,-0.3815438801014697,0.0,-0.2675099999999999,False,False,True,NORMAL,1.0,False
0.836,0.01034098892162716,-0.23933645211954332,-6.580552655032387,-0.3690267860676473,0.0,-0.2675099999999999,False,False,True,NORMAL,1.0,False
0.837,0.010098372871145305,-0.2458849138528336,-6.271804791492181,-0.3494798613010989,0.0,-0.181985,False,True,True,NORMAL,1.0,False
0.838,0.009849362898284624,-0.2521241344171866,-5.985333855048163,-0.3317930723647921,0.0,-0.181985,False,False,True,NORMAL,1.0,False
0.839,0.009594257099934302,-0.2580764079771867,-5.718960784648404,-0.3157894039303173,0.0,-0.181985,False,False,True,NORMAL,1.0,False
0.84,0.009333332368620191,-0.26376184884470566,-5.4707155834845285,-0.3013086859049635,0.0,-0.181985,False,False,True,NORMAL,1.0,False
0.841,0.0090668464677979,-0.269198600623699,-5.2388174342639235,-0.2882059903955956,0.0,-0.181985,False,False,True,NORMAL,1.0,False
0.842,0.008795039907946119,-0.2744030254624085,-4.914598801654565,-0.2677855488448241,0.0,-0.09288499999999994,False,True,True,NORMAL,1.0,False
0.843,0.008518191143600865,-0.2792829016658497,-4.614023270272292,-0.2493083692368698,0.0,-0.09288499999999994,False,False,True,NORMAL,1.0,False
0.844,0.008236612895810997,-0.28386189021862296,-4.334814138077312,-0.23258952574782177,0.0,-0.09288499999999994,False,False,True,NORMAL,1.0,False
0.845,0.007950595363288439,-0.28816137453479407,-4.07491302709576,-0.21746169057264422,0.0,-0.09288499999999994,False,False,True,NORMAL,1.0,False
0.846,0.0076604083907879155,-0.2922006788662114,-3.8324591102812513,-0.203773459252263,0.0,-0.09288499999999994,False,False,True,NORMAL,1.0,False
0.847,0.007366303429467738,-0.2959972659294774,-3.518195506911943,-0.18438185073407345,0.0,-0.004035000000000066,False,True,True,NORMAL,1.0,False
0.848,0.007068559073721944,-0.29947940985076016,-3.2266516486976813,-0.16683559775091072,0.0,-0.004035000000000066,False,False,True,NORMAL,1.0,False
0.849,0.006767478400923548,-0.3026698478490805,-2.9556665122519274,-0.15095909150542,0.0,-0.004035000000000066,False,False,True,NORMAL,1.0,False
0.85,0.006463342832030249,-0.30558915526439717,-2.70328633664544,-0.13659343458681839,0.0,-0.004035000000000066,False,False,True,NORMAL,1.0,False
0.851,0.006156414189804964,-0.3082559529000135,-2.4677448967586026,-0.12359485067220048,0.0,-0.004035000000000066,False,False,True,NORMAL,1.0,False
0.852,0.005846936559559937,-0.3106870946305498,-2.1809159544826513,-0.10651086964219919,0.0,0.07537000000000005,False,True,True,NORMAL,1.0,False
0.853,0.005535171218819772,-0.31283135981939847,-1.9143245389708199,-0.0910526443572375,0.0,0.07537000000000005,False,False,True,NORMAL,1.0,False
0.854,0.00522139491985615,-0.3147090023213019,-1.6660686497728636,-0.0770654637029746,0.0,0.07537000000000005,False,False,True,NORMAL,1.0,False
0.855,0.0049058651123523155,-0.31633837321023384,-1.4344288313910305,-0.06440933927416882,0.0,0.07537000000000005,False,False,True,NORMAL,1.0,False
0.856,0.004588821754887374,-0.3177361033946234,-1.2178507938035537,-0.05295760432366636,0.0,0.07537000000000005,False,False,True,NORMAL,1.0,False
0.857,0.004270488952497438,-0.31891726884624794,-0.9243450015016721,-0.03534887123672964,0.0,0.15076,False,True,True,NORMAL,1.0,False
0.858,0.003951121705728575,-0.31980502671089767,-0.6519927269158508,-0.01941583065546144,0.0,0.15076,False,False,True,NORMAL,1.0,False
0.859,0.0036310028398949517,-0.3204205468476546,-0.39883256063543926,-0.004999019354444561,0.0,0.15076,False,False,True,NORMAL,1.0,False
0.86,0.0033103949914413773,-0.32078303686963544,-0.1630911807763668,0.008045850959479194,0.0,0.15076,False,False,True,NORMAL,1.0,False
0.861,0.00298954247612071,-0.32090993030411336,0.05683455999080898,0.0198493377329439,0.0,0.15076,False,False,True,NORMAL,1.0,False
0.862,0.002668672977970047,-0.32081705683260964,0.34788396562636226,0.03736878403365668,0.0,0.22190999999999997,False,True,True,NORMAL,1.0,False
0.863,0.0023480417990486024,-0.32043337348243645,0.6176035878103848,0.05322103458981327,0.0,0.22190999999999997,False,False,True,NORMAL,1.0,False
0.864,0.002027929078972452,-0.3197802259475824,0.8679455968163855,0.0675647440531051,0.0,0.22190999999999997,False,False,True,NORMAL,1.0,False
0.865,0.0017085945880428222,-0.3188770068881646,1.1006750916342125,0.08054346908892804,0.0,0.22190999999999997,False,False,True,NORMAL,1.0,False
0.866,0.0013902795867196116,-0.3177413430740718,1.317387921845954,0.09228710513974073,0.0,0.22190999999999997,False,False,True,NORMAL,1.0,False
0.867,0.0010732085068646032,-0.31638926469971557,1.598786911249317,0.10925399425954233,0.0,0.2878749999999999,False,True,True,NORMAL,1.0,False
0.868,0.0007576300812332457,-0.3147561608541999,1.8592458530388947,0.12460627040280602,0.0,0.2878749999999999,False,False,True,NORMAL,1.0,False
0.869,0.00044381486016774996,-0.3128629867022606,2.1006559403812943,0.1384975843092518,0.0,0.2878749999999999,False,False,True,NORMAL,1.0,False
0.87,0.0001320133847373475,-0.31072880534778574,2.3247272579243656,0.1510669649174872,0.0,0.2878749999999999,False,False,True,NORMAL,1.0,False
0.871,-0.0001775420117790887,-0.308370969012531,2.533006041336019,0.1624402108133542,0.0,0.2878749999999999,False,False,True,NORMAL,1.0,False
0.872,-0.0004846355749570532,-0.3058052829485091,2.796141499284457,0.17827124563970853,0.0,0.34551,False,True,True,NORMAL,1.0,False
0.873,-0.0007890320487452594,-0.3029769570296769,3.039444625472503,0.19259575831682435,0.0,0.34551,False,False,True,NORMAL,1.0,False
0.874,-0.0010904787141579268,-0.29990583750948735,3.2646803842273795,0.2055571133822092,0.0,0.34551,False,False,True,NORMAL,1.0,False
0.875,-0.0013887418156942305,-0.29661000483471867,3.4734448212060216,0.21728503243381933,0.0,0.34551,False,False,True,NORMAL,1.0,False
0.876,-0.001683604880013358,-0.2931059426297393,3.6671811672902765,0.22789689242741298,0.0,0.34551,False,False,True,NORMAL,1.0,False
0.877,-0.001974867195539723,-0.28940869057055263,3.9003388672335686,0.24175045699050415,0.0,0.38974,False,True,True,NORMAL,1.0,False
0.878,-0.002262315879205309,-0.28547888005431776,4.115810400157247,0.25428568058036605,0.0,0.38974,False,False,True,NORMAL,1.0,False
0.879,-0.0025457272197685578,-0.28133420947658444,4.315140187761804,0.2656280199279201,0.0,0.38974,False,False,True,NORMAL,1.0,False
0.88,-0.00282489443190961,-0.27699083203677455,4.499724907455432,0.27589099297764863,0.0,0.38974,False,False,True,NORMAL,1.0,False
0.881,-0.0030996261849259377,-0.2724635035399298,4.670827584584951,0.2851773150133376,0.0,0.38974,False,False,True,NORMAL,1.0,False
0.882,-0.003369745272181725,-0.26776571610070143,4.88340165980796,0.2978848319532816,0.0,0.434525,False,True,True,NORMAL,1.0,False
0.883,-0.0036350605161781105,-0.2628560501296963,5.079461050970479,0.30938306877086874,0.0,0.434525,False,False,True,NORMAL,1.0,False
0.884,-0.0038953682993858657,-0.2577510311362906,5.260423210127009,0.3197871036848603,0.0,0.434525,False,False,True,NORMAL,1.0,False
0.885,-0.004150480820807155,-0.25246576643532254,5.427570131504498,0.32920106377359243,0.0,0.434525,False,False,True,NORMAL,1.0,False
0.886,-0.004400224745527951,-0.24701408065776556,5.582061277652617,0.33771916711377437,0.0,0.434525,False,False,True,NORMAL,1.0,False
0.887,-0.004644439983316327,-0.24140863833018852,5.751343279687811,0.3475385060757084,0.0,0.45649499999999993,False,True,True,NORMAL,1.0,False
0.888,-0.004882965391793018,-0.2356346775271849,5.907411871804764,0.3564234113888447,0.0,0.45649499999999993,False,False,True,NORMAL,1.0,False
0.889,-0.00511563906207864,-0.22970542020693477,6.051361996426558,0.36446280617187693,0.0,0.45649499999999993,False,False,True,NORMAL,1.0,False
0.89,-0.0053423117595690385,-0.2236329927603222,6.184184027417611,0.3717371513899276,0.0,0.45649499999999993,False,False,True,NORMAL,1.0,False
0.891,-0.005562845880666227,-0.21742853062037554,6.306773758267098,0.37831925113493076,0.0,0.45649499999999993,False,False,True,NORMAL,1.0,False
0.892,-0.005777114509123343,-0.21110227287962377,6.444392936545019,0.3862311010138265,0.0,0.47684499999999996,False,True,True,NORMAL,1.0,False
0.893,-0.005984988343078344,-0.20463921561517143,6.570956685992068,0.3933900388301347,0.0,0.47684499999999996,False,False,True,NORMAL,1.0,False
0.894,-0.0061863361129835355,-0.1980504209361201,6.687347677322013,0.39986771363972295,0.0,0.47684499999999996,False,False,True,NORMAL,1.0,False
0.895,-0.0063810371698791585,-0.19134606773176321,6.794364417186798,0.4057289561893074,0.0,0.47684499999999996,False,False,True,NORMAL,1.0,False
0.896,-0.006568980644266892,-0.18453553586871316,6.892729295817569,0.4110324277643559,0.0,0.47684499999999996,False,False,True,NORMAL,1.0,False
0.897,-0.0067500646851556,-0.1776274823372546,6.9914406179409,0.4164987872220006,0.0,0.48379000000000005,False,True,True,NORMAL,1.0,False
0.898,-0.006924191601400646,-0.17062157193207808,7.081937390709666,0.42144495379971236,0.0,0.48379000000000005,False,False,True,NORMAL,1.0,False
0.899,-0.007091267644941367,-0.16352602374008038,7.164829635660238,0.42592043039506483,0.0,0.48379000000000005,False,False,True,NORMAL,1.0,False
0.9,-0.007251206981643296,-0.15634844638260023,7.2406693539696905,0.4299700090820839,0.0,0.48379000000000005,False,False,True,NORMAL,1.0,False
0.901,-0.007403931109850622,-0.1490958960587518,7.309956086371763,0.43363421940537966,0.0,0.48379000000000005,False,False,True,NORMAL,1.0,False
0.902,-0.0075493683342012985,-0.14177492902669167,7.369194859537917,0.436633967264207,0.0,0.4805049999999999,False,True,True,NORMAL,1.0,False
0.903,-0.007687455261926148,-0.13439559302982543,7.423123965622461,0.4393482513715472,0.0,0.4805049999999999,False,False,True,NORMAL,1.0,False
0.904,-0.007818136179705223,-0.12696320011911497,7.47207840555046,0.44180423719504897,0.0,0.4805049999999999,False,False,True,NORMAL,1.0,False
0.905,-0.007941360518656806,-0.1194827270109795,7.516361520543241,0.44402650506631924,0.0,0.4805049999999999,False,False,True,NORMAL,1.0,False
0.906,-0.008057082534837088,-0.11195884675978564,7.556248042842318,0.4460372961891437,0.0,0.4805049999999999,False,False,True,NORMAL,1.0,False
0.907,-0.008165261019886558,-0.10439595737845338,7.578914016461242,0.44681090807352697,0.0,0.4696249999999999,False,True,True,NORMAL,1.0,False
0.908,-0.008265865571946748,-0.09681127024767182,7.598922922228954,0.4475109010535543,0.0,0.4696249999999999,False,False,True,NORMAL,1.0,False
0.909,-0.008358875721930312,-0.08920744279489716,7.616361712804734,0.4481442808942455,0.0,0.4696249999999999,False,False,True,NORMAL,1.0,False
0.91,-0.008444273614623967,-0.08158704526456095,7.631309464611391,0.44871738667393263,0.0,0.4696249999999999,False,False,True,NORMAL,1.0,False
0.911,-0.008522043925444799,-0.0739525685979102,7.643838163970523,0.4492359542278862,0.0,0.4696249999999999,False,False,True,NORMAL,1.0,False
0.912,-0.008592173784683273,-0.06630643152644494,7.626564059878371,0.44750922488279743,0.0,0.4467800000000002,False,True,True,NORMAL,1.0,False
0.913,-0.008654666426046093,-0.058678414707034096,7.609652762427676,0.4459468155605404,0.0,0.4467800000000002,False,False,True,NORMAL,1.0,False
0.914,-0.008709539787796807,-0.05106815358112899,7.5929122969193985,0.444533089143474,0.0,0.4467800000000002,False,False,True,NORMAL,1.0,False
0.915,-0.008756811539591654,-0.043475475454768826,7.576169516870855,0.4432538965824464,0.0,0.4467800000000002,False,False,True,NORMAL,1.0,False
0.916,-0.008796499264927734,-0.03590038066361042,7.559268346708599,0.4420964352883554,0.0,0.4467800000000002,False,False,True,NORMAL,1.0,False
0.917,-0.00882862062563511,-0.028343025495999673,7.512534147760158,0.43868639749986066,0.0,0.4222,False,True,True,NORMAL,1.0,False
0.918,-0.008853208269451593,-0.02083321750456209,7.468232533282376,0.43560086771191403,0.0,0.4222,False,False,True,NORMAL,1.0,False
0.919,-0.008870308526109491,-0.013368520673223493,7.425984260700913,0.4328089649053154,0.0,0.4222,False,False,True,NORMAL,1.0,False
0.92,-0.008879965478939315,-0.005946878203893036,7.385446884797002,0.4302827467783853,0.0,0.4222,False,False,True,NORMAL,1.0,False
0.921,-0.008882221325684406,0.0014334242945691703,7.346311287974866,0.42799693009101825,0.0,0.4222,False,False,True,NORMAL,1.0,False
0.922,-0.008877116704239876,0.00877379214624379,7.2556286947915325,0.42171504996455417,0.0,0.37836499999999984,False,True,True,NORMAL,1.0,False
0.923,-0.008864717307888537,0.016022723417574672,7.1709144312799715,0.416030969770513,0.0,0.37836499999999984,False,False,True,NORMAL,1.0,False
0.924,-0.008845111587165787,0.02318619202186015,7.091468335627356,0.41088780132382746,0.0,0.37836499999999984,False,False,True,NORMAL,1.0,False
0.925,-0.008818382368817034,0.030269471589964268,7.016657701423942,0.4062340700660045,0.0,0.37836499999999984,False,False,True,NORMAL,1.0,False
0.926,-0.008784607522343658,0.037277202951366835,6.945910886730807,0.4020231998904427,0.0,0.37836499999999984,False,False,True,NORMAL,1.0,False
0.927,-0.008743860562264283,0.04421345522172382,6.827651759366396,0.3941282652551615,0.0,0.3358700000000001,False,True,True,NORMAL,1.0,False
0.928,-0.008696236708827777,0.051030761522391235,6.7174150295052995,0.38698463298421093,0.0,0.3358700000000001,False,False,True,NORMAL,1.0,False
0.929,-0.008641850894426336,0.057737151310949746,6.614320814339072,0.3805208072047657,0.0,0.3358700000000001,False,False,True,NORMAL,1.0,False
0.93,-0.008580810462008832,0.06433977395187915,6.517573890222396,0.37467209577585825,0.0,0.3358700000000001,False,False,True,NORMAL,1.0,False
0.931,-0.008513216002833291,0.07084498340804568,6.426455660871524,0.3693799628276882,0.0,0.3358700000000001,False,False,True,NORMAL,1.0,False
0.932,-0.008439162113544887,0.07725841489718666,6.280359656810503,0.35979486428869467,0.0,0.28597000000000006,False,True,True,NORMAL,1.0,False
0.933,-0.008358768043302909,0.08352514423710143,6.144458949325646,0.3511219084750515,0.0,0.28597000000000006,False,False,True,NORMAL,1.0,False
0.934,-0.008272175393752478,0.08965537519511212,6.017685069925323,0.34327429352989464,0.0,0.28597000000000006,False,False,True,NORMAL,1.0,False
0.935,-0.008179516097111102,0.09565824276370898,5.899072231269165,0.3361734778851785,0.0,0.28597000000000006,False,False,True,NORMAL,1.0,False
0.936,-0.00808091343358949,0.1015419158810565,5.787747576126852,0.32974839419126417,0.0,0.28597000000000006,False,False,True,NORMAL,1.0,False
0.937,-0.007976482950968708,0.10731369039658323,5.620219584568721,0.3189185164956509,0.0,0.23378500000000013,False,True,True,NORMAL,1.0,False
0.9380000000000001,-0.007866364630751691,0.11291741979341641,5.464546386277842,0.30911923792390694,0.0,0.23378500000000013,False,False,True,NORMAL,1.0,False
0.9390000000000001,-0.007750720587434895,0.1183649684292233,5.319520729559454,0.30025248400243504,0.0,0.23378500000000013,False,False,True,NORMAL,1.0,False
0.9400000000000001,-0.007629701674914685,0.12366699302615249,5.184051303288703,0.2922295132777702,0.0,0.23378500000000013,False,False,True,NORMAL,1.0,False
0.9410000000000001,-0.007503448636137362,0.1288330586559359,5.0571517196755815,0.28497002916228636,0.0,0.23378500000000013,False,False,True,NORMAL,1.0,False
0.9420000000000001,-0.007372093142274192,0.13387174370338578,4.876459362197637,0.2734836816592818,0.0,0.18262499999999968,False,True,True,NORMAL,1.0,False
0.9430000000000001,-0.007235789451572004,0.13872931205765343,4.708588716542213,0.26309040464199934,0.0,0.18262499999999968,False,False,True,NORMAL,1.0,False
0.9440000000000001,-0.007094712266403169,0.1434185957036922,4.552259600144537,0.253686178700749,0.0,0.18262499999999968,False,False,True,NORMAL,1.0,False
0.9450000000000001,-0.006949024097395479,0.14795114600866882,4.406314742668995,0.24517688318144126,0.0,0.18262499999999968,False,False,True,NORMAL,1.0,False
0.9460000000000001,-0.006798876482577682,0.15233735668144355,4.269708100988387,0.2374773541944459,0.0,0.18262499999999968,False,False,True,NORMAL,1.0,False
0.9470000000000001,-0.006644411089409629,0.15658657504240095,4.071444051929814,0.22490651355009988,0.0,0.12432500000000019,False,True,True,NORMAL,1.0,False
0.9480000000000001,-0.006485795717784932,0.16063720761816758,3.887497557060962,0.21353194655892832,0.0,0.12432500000000019,False,False,True,NORMAL,1.0,False
0.9490000000000001,-0.006323221790979785,0.16450358302294468,3.7164671875780297,0.2032398127313596,0.0,0.12432500000000019,False,False,True,NORMAL,1.0,False
0.9500000000000001,-0.006156867104544341,0.1681986279340569,3.5570859682806635,0.19392710493274176,0.0,0.12432500000000019,False,False,True,NORMAL,1.0,False
0.9510000000000001,-0.0059868971609950946,0.1717340015973639,3.408208589494314,0.18550061845331706,0.0,0.12432500000000019,False,False,True,NORMAL,1.0,False
0.9520000000000001,-0.005813466376397618,0.17512021753953558,3.2004497918055823,0.17240801467403374,0.0,0.06743999999999997,False,True,True,NORMAL,1.0,False
0.9530000000000001,-0.005636753328324332,0.17829845745860068,3.007838523622813,0.1605613368750192,0.0,0.06743999999999997,False,False,True,NORMAL,1.0,False
0.9540000000000001,-0.005456958415164885,0.18128388034665954,2.8289150669302967,0.14984201952305495,0.0,0.06743999999999997,False,False,True,NORMAL,1.0,False
0.9550000000000001,-0.005274267606365603,0.1840901849222342,2.662359685138854,0.14014278008719558,0.0,0.06743999999999997,False,False,True,NORMAL,1.0,False
0.9560000000000001,-0.005088853832693913,0.1867297496657116,2.506979304346813,0.13136654531914002,0.0,0.06743999999999997,False,False,True,NORMAL,1.0,False
0.9570000000000001,-0.004900878243128481,0.18921375953078498,2.3046940364436623,0.11886536568287452,0.0,0.010370000000000046,False,True,True,NORMAL,1.0,False
0.9580000000000001,-0.004710519826998588,0.19149536403988893,2.117046797244753,0.10755383057839232,0.0,0.010370000000000046,False,False,True,NORMAL,1.0,False
0.9590000000000001,-0.004517973666853865,0.19358921245897354,1.9426443858590283,0.09731873036042954,0.0,0.010370000000000046,False,False,True,NORMAL,1.0,False
0.96,-0.004323420892766346,0.19550856030249433,1.7802272192420463,0.0880576287058688,0.0,0.010370000000000046,False,False,True,NORMAL,1.0,False
0.961,-0.004127030009255441,0.19726540300280432,1.6286566150356119,0.07967783739658753,0.0,0.010370000000000046,False,False,True,NORMAL,1.0,False
0.962,-0.00392895809490381,0.1988705968573655,1.460889775542683,0.07001440795802992,0.0,-0.041650000000000104,False,True,True,NORMAL,1.0,False
0.963,-0.0037293648867907647,0.20030797543054804,1.3045273290755097,0.06127057541547277,0.0,-0.041650000000000104,False,False,True,NORMAL,1.0,False
0.964,-0.0035284124946674033,0.2015889530084431,1.1584947387115831,0.053358828553926554,0.0,-0.041650000000000104,False,False,True,NORMAL,1.0,False
0.965,-0.0033262521514164614,0.20272386890254282,1.0218207301095266,0.046199983951570975,0.0,-0.041650000000000104,False,False,True,NORMAL,1.0,False
0.966,-0.0031230252363820994,0.20372209075191572,0.8936274606262848,0.039722393485454886,0.0,-0.041650000000000104,False,False,True,NORMAL,1.0,False
0.967,-0.002918864200314277,0.2045921079906217,0.7094816470588285,0.028770029117923902,0.0,-0.09461499999999998,False,True,True,NORMAL,1.0,False
0.968,-0.0027139252047823875,0.20527802653019647,0.5384651315584691,0.018859920022218125,0.0,-0.09461499999999998,False,False,True,NORMAL,1.0,False
0.969,-0.002508385780339597,0.20579298603503948,0.37935835271891294,0.00989288249560503,0.0,-0.09461499999999998,False,False,True,NORMAL,1.0,False
0.97,-0.002302410927831718,0.20614890609061126,0.23105874228363069,0.0017791714125928795,0.0,-0.09461499999999998,False,False,True,NORMAL,1.0,False
0.971,-0.002096154279964174,0.2063566032416861,0.09256958344879022,-0.005562417974449583,0.0,-0.09461499999999998,False,False,True,NORMAL,1.0,False
0.972,-0.0018897591514030528,0.20642589688451687,-0.08794367996765341,-0.016280051496525203,0.0,-0.137005,False,True,True,NORMAL,1.0,False
0.973,-0.0016833849416246415,0.20631481155388978,-0.2554326972164872,-0.025977767340095756,0.0,-0.137005,False,False,True,NORMAL,1.0,False
0.974,-0.001477205514094582,0.20603638152673864,-0.4110911254293088,-0.03475262350483855,0.0,-0.137005,False,False,True,NORMAL,1.0,False
0.975,-0.0012713822950092578,0.2056024468967939,-0.5559981752253745,-0.04269244170058134,0.0,-0.137005,False,False,True,NORMAL,1.0,False
0.976,-0.001066065410240649,0.20502376806529043,-0.6911295134999419,-0.04987668629649218,0.0,-0.137005,False,False,True,NORMAL,1.0,False
0.977,-0.00086139471324334,0.20431012932459489,-0.8684449237876248,-0.06046348322243873,0.0,-0.1795149999999999,False,True,True,NORMAL,1.0,False
0.978,-0.000657526239965892,0.20341939498076778,-1.0327208537061163,-0.07004281321818324,0.0,-0.1795149999999999,False,False,True,NORMAL,1.0,False
0.979,-0.0004546305630135499,0.20236461416376614,-1.1851369125431894,-0.07871054943804712,0.0,-0.1795149999999999,False,False,True,NORMAL,1.0,False
0.98,-0.000252865795849554,0.20115765585546028,-1.3267596984601098,-0.08655344149944552,0.0,-0.1795149999999999,False,False,True,NORMAL,1.0,False
0.981,-5.237871642272578e-05,0.19980932194450743,-1.4585535679993475,-0.09364998370221597,0.0,-0.1795149999999999,False,False,True,NORMAL,1.0,False
0.982,0.00014669421687361992,0.19832944950748224,-1.623564706979913,-0.10344514671377,0.0,-0.21461499999999994,False,True,True,NORMAL,1.0,False
0.983,0.00034420487042215024,0.19668486221056747,-1.7763255981906585,-0.11230817672238588,0.0,-0.21461499999999994,False,False,True,NORMAL,1.0,False
0.984,0.0005399946574850919,0.19488781918021206,-1.9179277505964272,-0.1203277779113571,0.0,-0.21461499999999994,False,False,True,NORMAL,1.0,False
0.985,0.000733916704520101,0.19294948751458693,-2.049358154099702,-0.12758421314486393,0.0,-0.21461499999999994,False,False,True,NORMAL,1.0,False
0.986,0.0009258348114253524,0.19088004684317034,-2.1715092436566525,-0.1341501072656954,0.0,-0.21461499999999994,False,False,True,NORMAL,1.0,False
0.987,0.0011156225113608195,0.18868878391830277,-2.3211622549942263,-0.14296912112484703,0.0,-0.24455499999999994,False,True,True,NORMAL,1.0,False
0.988,0.0013031442428095151,0.18634823216278076,-2.459590988561126,-0.15094889485478513,0.0,-0.24455499999999994,False,False,True,NORMAL,1.0,False
0.989,0.0014882563317656573,0.18386962380606367,-2.587778269270037,-0.1581692927130935,0.0,-0.24455499999999994,False,False,True,NORMAL,1.0,False
0.99,0.0016708258448742443,0.18126320776330612,-2.7066128625966344,-0.16470257886839762,0.0,-0.24455499999999994,False,False,True,NORMAL,1.0,False
0.991,0.0018507296531589412,0.1785383437313267,-2.816898445613415,-0.17061414064445307,0.0,-0.24455499999999994,False,False,True,NORMAL,1.0,False
0.992,0.002027853585359217,0.1757035873100235,-2.953335487091412,-0.17868104395364426,0.0,-0.27282999999999996,False,True,True,NORMAL,1.0,False
0.993,0.002202074684256519,0.17273281998115303,-3.0793195328729284,-0.18598027991547855,0.0,-0.27282999999999996,False,False,True,NORMAL,1.0,False
0.994,0.0023732621678293595,0.16963650180618253,-3.1957500121811284,-0.1925849017368199,0.0,-0.27282999999999996,False,False,True,NORMAL,1.0,False
0.995,0.002541295264244205,0.16642419294914743,-3.3034403575379967,-0.1985610106927464,0.0,-0.27282999999999996,False,False,True,NORMAL,1.0,False
0.996,0.0027060623549678333,0.16310463970685074,-3.4031262105571445,-0.20396841769032847,0.0,-0.27282999999999996,False,False,True,NORMAL,1.0,False
0.997,0.0028674601998058932,0.15968585233005506,-3.520050506173653,-0.21082745461777957,0.0,-0.29328499999999996,False,True,True,NORMAL,1.0,False
0.998,0.0030253809535920767,0.1561506171025407,-3.627858738729875,-0.21703376788142772,0.0,-0.29328499999999996,False,False,True,NORMAL,1.0,False
0.999,0.0031797127285087276,0.15250805600573175,-3.7273158523034295,-0.22264947235042945,0.0,-0.29328499999999996,False,False,True,NORMAL,1.0,False
1.0,0.003330352376103965,0.14876652565336917,-3.8191137216361204,-0.22773077188261398,0.0,-0.29328499999999996,False,False,True,NORMAL,1.0,False
1.0010000000000001,0.0034772047584684133,0.1449336903893931,-3.9038781291342723,-0.23232852183158315,0.0,-0.29328499999999996,False,False,True,NORMAL,1.0,False
1.002,0.003620182089020381,0.14101658840609724,-3.9972965564008396,-0.23769845630096867,0.0,-0.30587000000000003,False,True,True,NORMAL,1.0,False
1.0030000000000001,0.003759195779433306,0.13700658197035623,-4.0832960975939,-0.24255737394126978,0.0,-0.30587000000000003,False,False,True,NORMAL,1.0,False
1.004,0.0038941566362568126,0.1329110945751915,-4.1624756904376845,-0.2469539044333692,0.0,-0.30587000000000003,False,False,True,NORMAL,1.0,False
1.0050000000000001,0.004024982589941701,0.1287369504126125,-4.235377130007762,-0.2509320497321568,0.0,-0.30587000000000003,False,False,True,NORMAL,1.0,False
1.006,0.004151598124117909,0.1244904315386748,-4.302490530895588,-0.2545316244528837,0.0,-0.30587000000000003,False,False,True,NORMAL,1.0,False
1.0070000000000001,0.004273933759305723,0.12017732957424554,-4.375277462456821,-0.25867010978013316,0.0,-0.31504,False,True,True,NORMAL,1.0,False
1.008,0.004391920079616285,0.1157919829409837,-4.442054569302906,-0.2624147661582213,0.0,-0.31504,False,False,True,NORMAL,1.0,False
1.0090000000000001,0.004505487846443042,0.11134040485659993,-4.5032837648196145,-0.2658030713668024,0.0,-0.31504,False,False,True,NORMAL,1.0,False
1.01,0.004614573603334818,0.1068281463128536,-4.559382989010274,-0.26886893670325274,0.0,-0.31504,False,False,True,NORMAL,1.0,False
1.0110000000000001,0.004719119235762471,0.10226034006629732,-4.610730417875157,-0.2716430463783324,0.0,-0.31504,False,False,True,NORMAL,1.0,False
1.012,0.004819071572771061,0.09764174041800895,-4.654544248021118,-0.2739032426816493,0.0,-0.3124399999999999,False,True,True,NORMAL,1.0,False
1.0130000000000001,0.0049143835877089315,0.09297988074832883,-4.694560539219465,-0.27594835286899694,0.0,-0.3124399999999999,False,False,True,NORMAL,1.0,False
1.014,0.005005013919961177,0.0882785604714017,-4.731031536329812,-0.2777988450905156,0.0,-0.3124399999999999,False,False,True,NORMAL,1.0,False
1.0150000000000001,0.005090924882127584,0.08354132652784142,-4.764185584449596,-0.2794732396943302,0.0,-0.3124399999999999,False,False,True,NORMAL,1.0,False
1.016,0.005172082219502249,0.07877149729407025,-4.794229427634351,-0.2809882945844191,0.0,-0.3124399999999999,False,False,True,NORMAL,1.0,False
1.0170000000000001,0.005248454892312877,0.0739721841920588,-4.814591582694959,-0.2818184764509179,0.0,-0.30681500000000017,False,True,True,NORMAL,1.0,False
1.018,0.005320018256130239,0.06915306460471851,-4.832854405380143,-0.28256965606750095,0.0,-0.30681500000000017,False,False,True,NORMAL,1.0,False
1.0190000000000001,0.005386753554333341,0.0643162384391207,-4.849110801036822,-0.28324935149225117,0.0,-0.30681500000000017,False,False,True,NORMAL,1.0,False
1.02,0.005448644083700958,0.05946371253399821,-4.863445054451626,-0.283864365345433,0.0,-0.30681500000000017,False,False,True,NORMAL,1.0,False
1.0210000000000001,0.005505675105654832,0.05459740928398531,-4.875933673853345,-0.28442085289240243,0.0,-0.30681500000000017,False,False,True,NORMAL,1.0,False
1.022,0.005557833765704997,0.04971917441954961,-4.871752970120668,-0.28373292889661755,0.0,-0.2944199999999999,False,True,True,NORMAL,1.0,False
1.0230000000000001,0.005605116463023821,0.04484566548506157,-4.867300571463784,-0.2831104695244666,0.0,-0.2944199999999999,False,False,True,NORMAL,1.0,False
1.024,0.005647528059141114,0.03997715343020371,-4.862500105868772,-0.2825472449933373,0.0,-0.2944199999999999,False,False,True,NORMAL,1.0,False
1.025,0.005685073724692413,0.03511398548609426,-4.85728279582013,-0.28203761836281566,0.0,-0.2944199999999999,False,False,True,NORMAL,1.0,False
1.026,0.0057177590119022875,0.030256577568189145,-4.851586758008951,-0.28157648911829214,0.0,-0.2944199999999999,False,False,True,NORMAL,1.0,False
1.027,0.005745589919820776,0.02540540737977878,-4.825500792967573,-0.27957079599505846,0.0,-0.2778949999999999,False,True,True,NORMAL,1.0,False
1.028,0.005768582875620435,0.02058084809786182,-4.800752041762131,-0.2777559698080592,0.0,-0.2778949999999999,False,False,True,NORMAL,1.0,False
1.029,0.005786763820950021,0.015781560568944815,-4.777117290152557,-0.2761138471668308,0.0,-0.2778949999999999,False,False,True,NORMAL,1.0,False
1.03,0.005800157469904239,0.01100642882865974,-4.754394988421984,-0.27462799315604325,0.0,-0.2778949999999999,False,False,True,NORMAL,1.0,False
1.031,0.00580878752137786,0.006254538429197162,-4.732403210570612,-0.27328353684934387,0.0,-0.2778949999999999,False,False,True,NORMAL,1.0,False
1.032,0.005812676850767955,0.0015251568083760603,-4.686490264399741,-0.27010801902115095,0.0,-0.25751500000000016,False,True,True,NORMAL,1.0,False
1.033,0.005811859920391253,-0.003157816224688731,-4.64336540360802,-0.26723469166856173,0.0,-0.25751500000000016,False,False,True,NORMAL,1.0,False
1.034,0.005806381743776048,-0.00779717177914141,-4.602675104251808,-0.26463479756567276,0.0,-0.25751500000000016,False,False,True,NORMAL,1.0,False
1.035,0.005796284720116429,-0.012395347404603217,-4.56409999214989,-0.2622823160984478,0.0,-0.25751500000000016,False,False,True,NORMAL,1.0,False
1.036,0.00578160897075252,-0.016954461253810515,-4.527351612059433,-0.26015370284166656,0.0,-0.25751500000000016,False,False,True,NORMAL,1.0,False
1.037,0.00576239264310394,-0.021476343013130485,-4.4561531102903995,-0.25534634240893667,0.0,-0.22753999999999994,False,True,True,NORMAL,1.0,False
1.038,0.005738690183993465,-0.025926573862910567,-4.389771215696878,-0.2509964628074171,0.0,-0.22753999999999994,False,False,True,NORMAL,1.0,False
1.039,0.005710570834590001,-0.030309974675736474,-4.327670088019281,-0.24706052898001088,0.0,-0.22753999999999994,False,False,True,NORMAL,1.0,False
1.04,0.005678099283151781,-0.03463083036362567,-4.269365452889465,-0.24349914877806025,0.0,-0.22753999999999994,False,False,True,NORMAL,1.0,False
1.041,0.005641336175197265,-0.03889294146359577,-4.214419711117526,-0.24027667871148287,0.0,-0.22753999999999994,False,False,True,NORMAL,1.0,False
1.042,0.005600338574536494,-0.043099670830568794,-4.130242041217395,-0.23478522945540295,0.0,-0.200745,False,True,True,NORMAL,1.0,False
1.043,0.005555176469211202,-0.04722181577199402,-4.0517864905302305,-0.2298163606892561,0.0,-0.200745,False,False,True,NORMAL,1.0,False
1.044,0.005505931580900244,-0.05126510341403482,-3.978441229385705,-0.22532034230433626,0.0,-0.200745,False,False,True,NORMAL,1.0,False
1.045,0.005452680210127194,-0.05523464889078598,-3.9096532819109795,-0.2212521766374832,0.0,-0.200745,False,False,True,NORMAL,1.0,False
1.046,0.0053954938188178385,-0.0591350142205609,-3.844922939394989,-0.21757114811934533,0.0,-0.200745,False,False,True,NORMAL,1.0,False
1.047,0.005334439556775453,-0.06297026159332027,-3.7384703161785686,-0.2106141446635258,0.0,-0.16301999999999994,False,True,True,NORMAL,1.0,False
1.048,0.0052696033898385905,-0.06669870888981755,-3.6396025446201414,-0.2043191876192948,0.0,-0.16301999999999994,False,False,True,NORMAL,1.0,False
1.049,0.005201088323620793,-0.07032794700047469,-3.5475438890732853,-0.19862327494074553,0.0,-0.16301999999999994,False,False,True,NORMAL,1.0,False
1.05,0.005128990160796421,-0.07386479083711409,-3.461593100165132,-0.19346940001932872,0.0,-0.16301999999999994,False,False,True,NORMAL,1.0,False
1.051,0.005053398239826343,-0.07731535384785654,-3.3811163374710627,-0.18880598114255365,0.0,-0.16301999999999994,False,False,True,NORMAL,1.0,False
1.052,0.004974396102708344,-0.08068511545188586,-3.2671332916224967,-0.18151374733527584,0.0,-0.13105499999999998,False,True,True,NORMAL,1.0,False
1.053,0.004892081292274246,-0.0839406048241875,-3.161250650092725,-0.17491546132538405,0.0,-0.13105499999999998,False,False,True,NORMAL,1.0,False
1.054,0.0048065640283702984,-0.08708992884223578,-3.0626555787290983,-0.16894508524873075,0.0,-0.13105499999999998,False,False,True,NORMAL,1.0,False
1.055,0.004717946830475495,-0.09014038127758098,-2.9706132846259665,-0.16354286557482814,0.0,-0.13105499999999998,False,False,True,NORMAL,1.0,False
1.056,0.004626325291776625,-0.09309852086709723,-2.8844595977669827,-0.15865473507343103,0.0,-0.13105499999999998,False,False,True,NORMAL,1.0,False
1.057,0.004531788778882269,-0.09597024196293327,-2.7601583072107863,-0.15075689559253408,0.0,-0.09490499999999993,False,True,True,NORMAL,1.0,False
1.058,0.0044344427709575186,-0.09871743670429593,-2.644806404766208,-0.1436106349085768,0.0,-0.09490499999999993,False,False,True,NORMAL,1.0,False
1.059,0.0043344073173152125,-0.1013490614372104,-2.53752343977377,-0.13714443084269304,0.0,-0.09490499999999993,False,False,True,NORMAL,1.0,False
1.06,0.004231793951254947,-0.103873191742976,-2.4375134445582134,-0.13129356745122514,0.0,-0.09490499999999993,False,False,True,NORMAL,1.0,False
1.061,0.004126706528575198,-0.10629710695368885,-2.3440569000839893,-0.1259994873268082,0.0,-0.09490499999999993,False,False,True,NORMAL,1.0,False
1.062,0.0040192419855881786,-0.10862736663024056,-2.2145213875565526,-0.11785063925956585,0.0,-0.059965000000000074,False,True,True,NORMAL,1.0,False
1.063,0.00390951200444671,-0.1108279307330099,-2.0943640125814316,-0.11047725661443496,0.0,-0.059965000000000074,False,False,True,NORMAL,1.0,False
1.064,0.0037976415892256132,-0.11290818460123092,-1.982676381919211,-0.10380554409962356,0.0,-0.059965000000000074,False,False,True,NORMAL,1.0,False
1.065,0.0036837468129733847,-0.11487660484058876,-1.878637237831171,-0.09776872897384342,0.0,-0.059965000000000074,False,False,True,NORMAL,1.0,False
1.066,0.003567935682866521,-0.11674084649231571,-1.781504168434895,-0.0923063927622721,0.0,-0.059965000000000074,False,False,True,NORMAL,1.0,False
1.067,0.003450308922340691,-0.11850782190936626,-1.6448451606268433,-0.08370299087713899,0.0,-0.02188000000000015,False,True,True,NORMAL,1.0,False
1.068,0.003330983546705326,-0.12013804720085386,-1.5182431138207857,-0.07591831092906945,0.0,-0.02188000000000015,False,False,True,NORMAL,1.0,False
1.069,0.003210091275086863,-0.12164158678838785,-1.400738672019736,-0.0688744412246219,0.0,-0.02188000000000015,False,False,True,NORMAL,1.0,False
1.07,0.0030877542419966587,-0.12302754536102657,-1.2914644407610565,-0.06250088434826785,0.0,-0.02188000000000015,False,False,True,NORMAL,1.0,False
1.071,0.002964085911070642,-0.12430415987234295,-1.189636235189409,-0.056733851600562324,0.0,-0.02188000000000015,False,False,True,NORMAL,1.0,False
1.072,0.0028391919011890427,-0.12547888278210736,-1.092286251062975,-0.0513349117974881,0.0,0.008935000000000082,False,True,True,NORMAL,1.0,False
1.073,0.002713171862184306,-0.1265562002438313,-1.0012512317000077,-0.04644974904594285,0.0,0.008935000000000082,False,False,True,NORMAL,1.0,False
1.074,0.0025861200400081083,-0.1275424332042187,-0.9159317466348614,-0.042029470995149205,0.0,0.008935000000000082,False,False,True,NORMAL,1.0,False
1.075,0.00245812465946218,-0.12844330294058015,-0.8357860691764709,-0.03802983801666806,0.0,0.008935000000000082,False,False,True,NORMAL,1.0,False
1.076,0.0023292684950082946,-0.1292639887866166,-0.7603246836885376,-0.0344108204393277,0.0,0.008935000000000082,False,False,True,NORMAL,1.0,False
1.077,0.002199629386599573,-0.13000918036331613,-0.6591447222272876,-0.028739350462988634,0.0,0.04493499999999999,False,True,True,NORMAL,1.0,False
1.078,0.00206929567829502,-0.13065318782642094,-0.5647066485408673,-0.023607592213129528,0.0,0.04493499999999999,False,False,True,NORMAL,1.0,False
1.079,0.0019383651812194074,-0.13120275913449597,-0.4763803436769012,-0.018964185328342282,0.0,0.04493499999999999,False,False,True,NORMAL,1.0,False
1.08,0.0018069292736879927,-0.1316640118643669,-0.3935962816810104,-0.014762657031820992,0.0,0.04493499999999999,False,False,True,NORMAL,1.0,False
1.081,0.001675073501283841,-0.13204249382730665,-0.3158397597502999,-0.010960957016191644,0.0,0.04493499999999999,False,False,True,NORMAL,1.0,False
1.082,0.001542878119204658,-0.1323432379131012,-0.21210834120628513,-0.005078049700391115,0.0,0.07035,False,True,True,NORMAL,1.0,False
1.083,0.0014104338431270144,-0.13254029841087694,-0.11547435501497917,0.0002450249657826916,0.0,0.07035,False,False,True,NORMAL,1.0,False
1.084,0.0012778408058763074,-0.1326407788249737,-0.02528373680050831,0.005061542102736026,0.0,0.07035,False,False,True,NORMAL,1.0,False
1.085,0.0011451923639024773,-0.13265112831143766,0.05905474849988452,0.009419707032862833,0.0,0.07035,False,False,True,NORMAL,1.0,False
1.086,0.0010125757202054059,-0.13257720453145788,0.13807549144614098,0.013363137735613642,0.0,0.07035,False,False,True,NORMAL,1.0,False
1.087,0.000880072487400088,-0.13242433051763544,0.24797145268917017,0.01978810132621894,0.0,0.10006999999999996,False,True,True,NORMAL,1.0,False
1.088,0.0007477770423646263,-0.13216166423076126,0.35001327172056695,0.025601648792517282,0.0,0.10006999999999996,False,False,True,NORMAL,1.0,False
1.089,0.0006157952482217319,-0.13179706597630067,0.44491621900896344,0.03086196407155217,0.0,0.10006999999999996,False,False,True,NORMAL,1.0,False
1.09,0.0004842254655330802,-0.13133768046841185,0.5333269680412898,0.035621694166689206,0.0,0.10006999999999996,False,False,True,NORMAL,1.0,False
1.091,0.0003531592335830875,-0.1307900054533973,0.6158301313304144,0.039928476056521056,0.0,0.10006999999999996,False,False,True,NORMAL,1.0,False
1.092,0.00022268188630811925,-0.130159953794576,0.7251736775163337,0.04640297369950372,0.0,0.12688500000000003,False,True,True,NORMAL,1.0,False
1.093,9.288921049625679e-05,-0.12942071549760317,0.8264977687579977,0.05226134142986005,0.0,0.12688500000000003,False,False,True,NORMAL,1.0,False
1.094,-3.611361895548967e-05,-0.128580315982461,0.9205236852499376,0.057562211760900865,0.0,0.12688500000000003,False,False,True,NORMAL,1.0,False
1.095,-0.00016422909181616882,-0.12764605905426316,1.0079036040473235,0.06235863758458326,0.0,0.12688500000000003,False,False,True,NORMAL,1.0,False
1.096,-0.00029136667546672285,-0.12662459603314272,1.0892271853132895,0.06669862314268503,0.0,0.12688500000000003,False,False,True,NORMAL,1.0,False
1.097,-0.0004174421936817022,-0.1255219882953039,1.1941590571376952,0.07295612648930852,0.0,0.15112999999999996,False,True,True,NORMAL,1.0,False
1.098,-0.0005423627067620822,-0.12431465525625009,1.2912304626660775,0.0786181496608187,0.0,0.15112999999999996,False,False,True,NORMAL,1.0,False
1.099,-0.0006660274215274504,-0.12301046297081465,1.3811388654022454,0.08374136008818775,0.0,0.15112999999999996,False,False,True,NORMAL,1.0,False
1.1,-0.0007883430620064486,-0.1216165796948263,1.464514965785481,0.08837703258334326,0.0,0.15112999999999996,False,False,True,NORMAL,1.0,False
1.101,-0.0009092232050281478,-0.12013954267408629,1.5419290665764636,0.09257156251472008,0.0,0.15112999999999996,False,False,True,NORMAL,1.0,False
1.102,-0.0010285876794188537,-0.11858531856546002,1.6381560816780205,0.09830767007684707,0.0,0.17131999999999997,False,True,True,NORMAL,1.0,False
1.103,-0.0011463498994047912,-0.11693511794127007,1.7270553396897155,0.1034979148329386,0.0,0.17131999999999997,False,False,True,NORMAL,1.0,False
1.104,-0.001262417554046761,-0.11519627358270945,1.8092663912472748,0.10819424249701515,0.0,0.17131999999999997,False,False,True,NORMAL,1.0,False
1.105,-0.0013767053453023865,-0.11337547839921375,1.8853676139772204,0.11244365549482901,0.0,0.17131999999999997,False,False,True,NORMAL,1.0,False
1.106,-0.001489134378748986,-0.11147884662526948,1.955882047405668,0.11628868337993936,0.0,0.17131999999999997,False,False,True,NORMAL,1.0,False
1.107,-0.0015996316125850177,-0.1095119691800252,2.0373954280041775,0.12105682891220088,0.0,0.18472999999999998,False,True,True,NORMAL,1.0,False
1.108,-0.0017081213071506419,-0.10746386367208936,2.1126634071724295,0.12537122540443207,0.0,0.18472999999999998,False,False,True,NORMAL,1.0,False
1.109,-0.0018145253585094769,-0.10534077972057374,2.1822175350810675,0.12927505278684595,0.0,0.18472999999999998,False,False,True,NORMAL,1.0,False
1.11,-0.0019187716464727155,-0.10314843511008344,2.246538546571579,0.1328073818760074,0.0,0.18472999999999998,False,False,True,NORMAL,1.0,False
1.111,-0.002020793528179044,-0.10089206662584989,2.306061211387779,0.13600356540869757,0.0,0.18472999999999998,False,False,True,NORMAL,1.0,False
1.112,-0.0021205293800839295,-0.09857647603673379,2.37181242047964,0.1397462876724524,0.0,0.19357999999999997,False,True,True,NORMAL,1.0,False
1.113,-0.0022179168696452927,-0.09619544635995998,2.4324850004853062,0.14313284282201402,0.0,0.19357999999999997,False,False,True,NORMAL,1.0,False
1.114,-0.0023128930982262716,-0.09375405958532063,2.488496094473639,0.14619712463957976,0.0,0.19357999999999997,False,False,True,NORMAL,1.0,False
1.115,-0.0024054000405259153,-0.09125698031644369,2.5402229981870024,0.14896980148752048,0.0,0.19357999999999997,False,False,True,NORMAL,1.0,False
1.116,-0.0024953841471219993,-0.08870849563368736,2.588006967148721,0.15147862324765923,0.0,0.19357999999999997,False,False,True,NORMAL,1.0,False
1.117,-0.002582795984972671,-0.08611255114844128,2.644076015184754,0.15470224734745933,0.0,0.20349999999999996,False,True,True,NORMAL,1.0,False
1.118,-0.002667583955663144,-0.0834608736392512,2.695636488666096,0.15761910305464094,0.0,0.20349999999999996,False,False,True,NORMAL,1.0,False
1.119,-0.0027496945813769674,-0.08075797439870004,2.74304803292675,0.16025838324151062,0.0,0.20349999999999996,False,False,True,NORMAL,1.0,False
1.12,-0.002829078715691746,-0.07800800484985529,2.786636002196316,0.16264650271127123,0.0,0.20349999999999996,False,False,True,NORMAL,1.0,False
1.121,-0.0029056912008597747,-0.07521479085084726,2.8266947385478556,0.16480736256625084,0.0,0.20349999999999996,False,False,True,NORMAL,1.0,False
1.122,-0.0029794905577533444,-0.0723818637192231,2.863238213772504,0.16674240341593335,0.0,0.20329,False,True,True,NORMAL,1.0,False
1.123,-0.003050438831447645,-0.06951274041466879,2.8967841074746503,0.1684933007821542,0.0,0.20329,False,False,True,NORMAL,1.0,False
1.124,-0.0031185013251401384,-0.0666104202292772,2.9275481564285895,0.1700775782342514,0.0,0.20329,False,False,True,NORMAL,1.0,False
1.125,-0.003183646233395497,-0.06367768655092727,2.955725579258623,0.17151109175345963,0.0,0.20329,False,False,True,NORMAL,1.0,False
1.1260000000000001,-0.0032458444365032397,-0.0607171273895609,2.9814930446088157,0.17280818842489964,0.0,0.20329,False,False,True,NORMAL,1.0,False
1.127,-0.003305069314377297,-0.05773115393453113,3.008092421971107,0.17422840762675348,0.0,0.20585499999999993,False,True,True,NORMAL,1.0,False
1.1280000000000001,-0.003361295037936378,-0.054718937786246744,3.032288228995105,0.175513475102404,0.0,0.20585499999999993,False,False,True,NORMAL,1.0,False
1.129,-0.0034144965666329276,-0.051682883573975026,3.054239205841791,0.1766762522390736,0.0,0.20585499999999993,False,False,True,NORMAL,1.0,False
1.1300000000000001,-0.0034646511851295974,-0.04862523704138568,3.0740890784808497,0.17772837650116896,0.0,0.20585499999999993,False,False,True,NORMAL,1.0,False
1.131,-0.003511738351922805,-0.045548100066789866,3.0919680030570196,0.1786803779019363,0.0,0.20585499999999993,False,False,True,NORMAL,1.0,False
1.1320000000000001,-0.0035557395622641628,-0.04245344423846082,3.0980270341558627,0.1787444373030988,0.0,0.19756000000000007,False,True,True,NORMAL,1.0,False
1.133,-0.0035966432048387103,-0.03935308211632201,3.1033043523412878,0.1788024006462476,0.0,0.19756000000000007,False,False,True,NORMAL,1.0,False
1.1340000000000001,-0.0036344439642203167,-0.03624779543962811,3.1078071857090523,0.1788548480480031,0.0,0.19756000000000007,False,False,True,NORMAL,1.0,False
1.135,-0.0036691373030806277,-0.0331383586373272,3.11154223639401,0.17890230441959026,0.0,0.19756000000000007,False,False,True,NORMAL,1.0,False
1.1360000000000001,-0.0037007194551418776,-0.030025539354429632,3.114515745442648,0.17894524472032652,0.0,0.19756000000000007,False,False,True,NORMAL,1.0,False
1.137,-0.00372918741862363,-0.026910098913496324,3.1058775675102774,0.17811561999597733,0.0,0.18852499999999994,False,True,True,NORMAL,1.0,False
1.1380000000000001,-0.003754544375298903,-0.02380364015671148,3.0975397509580502,0.1773649445024584,0.0,0.18852499999999994,False,False,True,NORMAL,1.0,False
1.139,-0.0037767991564123466,-0.020705861949193015,3.089409918455566,0.17668570522711988,0.0,0.18852499999999994,False,False,True,NORMAL,1.0,False
1.1400000000000001,-0.0037959603382497304,-0.017616555494539422,3.0814047107854226,0.17607110411499394,0.0,0.18852499999999994,False,False,True,NORMAL,1.0,False
1.141,-0.003812036329966244,-0.014535595313432225,3.0734489426072518,0.1755149900315759,0.0,0.18852499999999994,False,False,True,NORMAL,1.0,False
1.1420000000000001,-0.003825035452815639,-0.01146293106682426,3.0534052913167304,0.17404623342663803,0.0,0.17848,False,True,True,NORMAL,1.0,False
1.143,-0.003834972043228828,-0.008410640190682498,3.034450263668795,0.1727172474925028,0.0,0.17848,False,False,True,NORMAL,1.0,False
1.1440000000000001,-0.003841865929783001,-0.00537763262740114,3.0164204242829493,0.17151473129125377,0.0,0.17848,False,False,True,NORMAL,1.0,False
1.145,-0.003845735932713918,-0.0023629817486832765,2.9991681779407715,0.1704266496365692,0.0,0.17848,False,False,True,NORMAL,1.0,False
1.1460000000000001,-0.003846600019423119,0.000634091490529713,2.9825602751535585,0.1694421126415321,0.0,0.17848,False,False,True,NORMAL,1.0,False
1.147,-0.0038444754448864827,0.0036142329030909,2.950141418167687,0.1672444633938292,0.0,0.16488500000000006,False,True,True,NORMAL,1.0,False
1.1480000000000001,-0.0038393870416735714,0.006561645883399213,2.9197189670863177,0.16525594812278904,0.0,0.16488500000000006,False,False,True,NORMAL,1.0,False
1.149,-0.0038313665393044597,0.009478328946033334,2.891048291664653,0.163456665099216,0.0,0.16488500000000006,False,False,True,NORMAL,1.0,False
1.1500000000000001,-0.0038204437911112553,0.012366035943158582,2.8639083802584224,0.16182860649385022,0.0,0.16488500000000006,False,False,True,NORMAL,1.0,False
1.151,-0.0038066470070881628,0.015226299692047557,2.8380996039187636,0.16035547814895984,0.0,0.16488500000000006,False,False,True,NORMAL,1.0,False
1.1520000000000001,-0.0037900029642322875,0.01806045336579883,2.7916816633752264,0.15728173411773283,0.0,0.14677499999999996,False,True,True,NORMAL,1.0,False
1.153,-0.0037705480708785386,0.020847906957480393,2.748357649321625,0.15450049550481396,0.0,0.14677499999999996,False,False,True,NORMAL,1.0,False
1.154,-0.003748327479197341,0.02359175720939671,2.707785131247288,0.1519839267393585,0.0,0.14677499999999996,False,False,True,NORMAL,1.0,False
1.155,-0.0037233834158593706,0.02629475835466475,2.669654645477785,0.14970684115531388,0.0,0.14677499999999996,False,False,True,NORMAL,1.0,False
1.156,-0.003695755508057029,0.028959355096614438,2.63368656810291,0.14764644891480003,0.0,0.14677499999999996,False,False,True,NORMAL,1.0,False
1.157,-0.0036654810781104837,0.03158771245987014,2.5714880370284474,0.1435309090514715,0.0,0.12335499999999999,False,True,True,NORMAL,1.0,False
1.158,-0.003632609472465747,0.034153624711460044,2.5136943765840187,0.13980701458771327,0.0,0.12335499999999999,False,False,True,NORMAL,1.0,False
1.159,-0.003597200932600456,0.03666150027638579,2.4598466536216224,0.13643749553608786,0.0,0.12335499999999999,False,False,True,NORMAL,1.0,False
1.16,-0.0035593115210800826,0.03911528851203527,2.4095300171923677,0.13338862861739215,0.0,0.12335499999999999,False,False,True,NORMAL,1.0,False
1.161,-0.0035189935585786666,0.04151852380730315,2.3623695118035486,0.13062989974674427,0.0,0.12335499999999999,False,False,True,NORMAL,1.0,False
1.162,-0.0034762960188943703,0.04387436549330515,2.294031380381988,0.126214105949657,0.0,0.10338499999999998,False,True,True,NORMAL,1.0,False
1.163,-0.003431276877181921,0.04616165794187097,2.2305264415996424,0.12221853049172136,0.0,0.10338499999999998,False,False,True,NORMAL,1.0,False
1.164,-0.0033840022647659584,0.04838523824923848,2.1713624560834206,0.11860318431079503,0.0,0.10338499999999998,False,False,True,NORMAL,1.0,False
1.165,-0.003334533722048267,0.05054945111582148,2.116094458376371,0.11533188380713948,0.0,0.10338499999999998,False,False,True,NORMAL,1.0,False
1.166,-0.003282928667260439,0.052658196138282445,2.064320264748576,0.11237188870579205,0.0,0.10338499999999998,False,False,True,NORMAL,1.0,False
1.167,-0.00322924082017117,0.054714970607634444,1.9902276269993149,0.10765767186978029,0.0,0.08220499999999999,False,True,True,NORMAL,1.0,False
1.168,-0.0031735333028207113,0.05669747949019212,1.9213996748971438,0.10339207207982175,0.0,0.08220499999999999,False,False,True,NORMAL,1.0,False
1.169,-0.003115877747034153,0.058610991678330185,1.8573109778089507,0.09953239777950093,0.0,0.08220499999999999,False,False,True,NORMAL,1.0,False
1.17,-0.003056340778520801,0.06046025045491212,1.7974865501240482,0.0960400200511389,0.0,0.08220499999999999,False,False,True,NORMAL,1.0,False
1.171,-0.0029949845172545565,0.06224952395770786,1.7414970555032323,0.09287998600460151,0.0,0.08220499999999999,False,False,True,NORMAL,1.0,False
1.172,-0.0029318670297883947,0.06398265084616098,1.6579244966987445,0.08753827130124776,0.0,0.05638000000000003,False,True,True,NORMAL,1.0,False
1.173,-0.002867058245012271,0.06563207607985393,1.5804510905227351,0.08270488796118043,0.0,0.05638000000000003,False,False,True,NORMAL,1.0,False
1.174,-0.002800638813448392,0.0672039034223435,1.5084811511345715,0.0783314618593759,0.0,0.05638000000000003,False,False,True,NORMAL,1.0,False
1.175,-0.002732683579772683,0.0687036407338911,1.441476122816117,0.074374222277448,0.0,0.05638000000000003,False,False,True,NORMAL,1.0,False
1.176,-0.0026632621501454976,0.0701362571236226,1.3789491459921361,0.07079356383158666,0.0,0.05638000000000003,False,False,True,NORMAL,1.0,False
1.177,-0.0025924394051078884,0.07150623466555953,1.296687517983267,0.06565184030658652,0.0,0.036595,False,True,True,NORMAL,1.0,False
1.178,-0.0025202878433683413,0.07279386128481814,1.2203666786802825,0.060999416467970635,0.0,0.036595,False,False,True,NORMAL,1.0,False
1.179,-0.0024468868439085152,0.07400508235380188,1.149413532526569,0.056789729294228486,0.0,0.036595,False,False,True,NORMAL,1.0,False
1.18,-0.0023723101269597195,0.07514526993193178,1.083309958933046,0.052980646821200544,0.0,0.036595,False,False,True,NORMAL,1.0,False
1.181,-0.0022966262998211735,0.0762192777618077,1.0215875817073015,0.049534046471219915,0.0,0.036595,False,False,True,NORMAL,1.0,False
1.182,-0.0022198993502980996,0.0772314910327317,0.943883351191623,0.04482025871389186,0.0,0.014584999999999987,False,True,True,NORMAL,1.0,False
1.183,-0.0021421990574158733,0.07816594741896576,0.871683956419893,0.04055504717038162,0.0,0.014584999999999987,False,False,True,NORMAL,1.0,False
1.184,-0.002063600424153823,0.07902815616652738,0.8044644133095021,0.03669572416997465,0.0,0.014584999999999987,False,False,True,NORMAL,1.0,False
1.185,-0.001984173206807702,0.07982310133109606,0.7417501234215841,0.03320366431091962,0.0,0.014584999999999987,False,False,True,NORMAL,1.0,False
1.186,-0.001903982414980582,0.08055529218305195,0.6831120786513685,0.030043917884425245,0.0,0.014584999999999987,False,False,True,NORMAL,1.0,False
1.187,-0.0018230887635670061,0.08122880881531157,0.6281625221574555,0.027184861086227724,0.0,-0.007830000000000031,False,True,True,NORMAL,1.0,False
1.188,-0.0017415490812994303,0.08184734341037987,0.5765510221134085,0.024597879514928523,0.0,-0.007830000000000031,False,False,True,NORMAL,1.0,False
1.189,-0.001659416679991263,0.08241423757960409,0.5279609189967224,0.022257081789447547,0.0,-0.007830000000000031,False,False,True,NORMAL,1.0,False
1.19,-0.0015767416882174867,0.08293251614831437,0.48210611086869914,0.020139040419378893,0.0,-0.007830000000000031,False,False,True,NORMAL,1.0,False
1.191,-0.00149357135281793,0.08340491772497576,0.43872814448147845,0.018222557334792625,0.0,-0.007830000000000031,False,False,True,NORMAL,1.0,False
1.192,-0.0014099503112862282,0.08383392236029953,0.38595659313046726,0.01555749253052122,0.0,-0.029684999999999948,False,True,True,NORMAL,1.0,False
1.193,-0.0013259266532938453,0.08421014874260879,0.33634380105377415,0.013146042174125771,0.0,-0.029684999999999948,False,False,True,NORMAL,1.0,False
1.194,-0.0012415515765547235,0.08453675907940233,0.289594861854747,0.01096407165992302,0.0,-0.029684999999999948,False,False,True,NORMAL,1.0,False
1.195,-0.0011568732640705789,0.08481662054833837,0.2454433422636378,0.008989743093621206,0.0,-0.029684999999999948,False,False,True,NORMAL,1.0,False
1.196,-0.0010719371649205022,0.08505233378112398,0.2036485705771025,0.007203296731334036,0.0,-0.029684999999999948,False,False,True,NORMAL,1.0,False
1.197,-0.000986786247922814,0.08524625863477554,0.1380397516035112,0.003510578701843309,0.0,-0.051285000000000025,False,True,True,NORMAL,1.0,False
1.198,-0.0009014742007392792,0.08537460450472632,0.0768856540905494,0.0001692692545040837,0.0,-0.051285000000000025,False,False,True,NORMAL,1.0,False
1.199,-0.0008160643736896047,0.0854418299799489,0.01977583212666896,-0.0028540725586855002,0.0,-0.051285000000000025,False,False,True,NORMAL,1.0,False
1.2,-0.0007306158637881934,0.08545198302523388,-0.033660722170158766,-0.00558970535877212,0.0,-0.051285000000000025,False,False,True,NORMAL,1.0,False
1.201,-0.0006451839056441454,0.08540874043434916,-0.08375933536030326,-0.00806500827829698,0.0,-0.051285000000000025,False,False,True,NORMAL,1.0,False
1.202,-0.0005598202247869571,0.08531544352501201,-0.14899045398247845,-0.011758147141762064,0.0,-0.06640499999999996,False,True,True,NORMAL,1.0,False
1.203,-0.00047458243598788894,0.08515697733073099,-0.20970238509167233,-0.01509983737542807,0.0,-0.06640499999999996,False,False,True,NORMAL,1.0,False
1.204,-0.00038953344766693717,0.08493786480972278,-0.2663058182187033,-0.018123523738334403,0.0,-0.06640499999999996,False,False,True,NORMAL,1.0,False
1.205,-0.00030473185069370995,0.08466221804535679,-0.3191720144106643,-0.02085946829989711,0.0,-0.06640499999999996,False,False,True,NORMAL,1.0,False
1.206,-0.00022023230954285392,0.08433377768980432,-0.3686365632984522,-0.023335053312871033,0.0,-0.06640499999999996,False,False,True,NORMAL,1.0,False
1.207,-0.0001360859158848695,0.08395594864914223,-0.43416146160812935,-0.027107749576680926,0.0,-0.08235,False,True,True,NORMAL,1.0,False
1.208,-5.235008256404868e-05,0.08351268876834754,-0.4950080936138676,-0.03052142632306058,0.0,-0.08235,False,False,True,NORMAL,1.0,False
1.209,3.091209995237757e-05,0.08300867998862715,-0.5515963521755274,-0.03361024877626414,0.0,-0.08235,False,False,True,NORMAL,1.0,False
1.21,0.00011364201312531863,0.08244818416237926,-0.6043058655666699,-0.03640513090959235,0.0,-0.08235,False,False,True,NORMAL,1.0,False
1.211,0.00019578511039261624,0.08183508333332298,-0.6534798353736716,-0.03893404484282788,0.0,-0.08235,False,False,True,NORMAL,1.0,False
1.212,0.0002772905555785018,0.08117291617722061,-0.7183829250175657,-0.04273865405972575,0.0,-0.09812499999999998,False,True,True,NORMAL,1.0,False
1.213,0.0003581014237135739,0.08044597147167788,-0.7785068630453139,-0.04618120684017944,0.0,-0.09812499999999998,False,False,True,NORMAL,1.0,False
1.214,0.000438155328013303,0.07965903189035026,-0.8342754642572393,-0.04929615740949767,0.0,-0.09812499999999998,False,False,True,NORMAL,1.0,False
1.215,0.0005173944523900191,0.07881645608790448,-0.8860719514189763,-0.052114681239949216,0.0,-0.09812499999999998,False,False,True,NORMAL,1.0,False
1.216,0.0005957651477353104,0.07792221930778079,-0.9342428255192137,-0.054664987065367814,0.0,-0.09812499999999998,False,False,True,NORMAL,1.0,False
1.217,0.0006732175668745363,0.07697995011817763,-0.9895488254738168,-0.057808395819982386,0.0,-0.10681999999999998,False,True,True,NORMAL,1.0,False
1.218,0.0007497001134858345,0.07598252441012084,-1.0408146831662375,-0.06065266968133947,0.0,-0.10681999999999998,False,False,True,NORMAL,1.0,False
1.219,0.0008251596521419432,0.07493398534777927,-1.0883903384815685,-0.06322627509823699,0.0,-0.10681999999999998,False,False,True,NORMAL,1.0,False
1.22,0.0008995469155489977,0.07383802597625325,-1.132592214696728,-0.0655549695787059,0.0,-0.10681999999999998,False,False,True,NORMAL,1.0,False
1.221,0.0009728161711902008,0.07269802275116982,-1.1737064161421493,-0.06766205947980797,0.0,-0.10681999999999998,False,False,True,NORMAL,1.0,False
1.222,0.001044924919899829,0.07151706586936322,-1.226055738038135,-0.0706937625805303,0.0,-0.11852499999999999,False,True,True,NORMAL,1.0,False
1.223,0.0011158265949091763,0.07028393365840989,-1.2744488966726732,-0.07343696098643951,0.0,-0.11852499999999999,False,False,True,NORMAL,1.0,False
1.224,0.0011854709999008085,0.06900258503436767,-1.319223721894268,-0.07591910954920275,0.0,-0.11852499999999999,False,False,True,NORMAL,1.0,False
1.225,0.0012538117284976147,0.0676766409042037,-1.3606857308422078,-0.07816505044591511,0.0,-0.11852499999999999,False,False,True,NORMAL,1.0,False
1.226,0.0013208058424143633,0.06630941649107662,-1.3991112118793179,-0.08019726180795769,0.0,-0.11852499999999999,False,False,True,NORMAL,1.0,False
1.227,0.0013864135803921618,0.06490395057447884,-1.4470718872685904,-0.08302183246549087,0.0,-0.12877999999999995,False,True,True,NORMAL,1.0,False
1.228,0.0014505919372361795,0.06345071976511941,-1.491279386604736,-0.08557760968631332,0.0,-0.12877999999999995,False,False,True,NORMAL,1.0,False
1.229,0.0015132950254590645,0.0619534796557017,-1.53204875706031,-0.08789017254787743,0.0,-0.12877999999999995,False,False,True,NORMAL,1.0,False
1.23,0.0015744805555834866,0.06041567061744412,-1.5696649553897122,-0.08998266595658094,0.0,-0.12877999999999995,False,False,True,NORMAL,1.0,False
1.231,0.0016341095359698747,0.05884044790225825,-1.6043857210687278,-0.0918760322897695,0.0,-0.12877999999999995,False,False,True,NORMAL,1.0,False
1.232,0.0016921460013093813,0.05723070887066408,-1.6405775002938323,-0.09391988693545805,0.0,-0.13222,False,True,True,NORMAL,1.0,False
1.233,0.0017485547014541077,0.05558498754801787,-1.673917827847997,-0.09576924309590368,0.0,-0.13222,False,False,True,NORMAL,1.0,False
1.234,0.0018033010804483392,0.05390613718753006,-1.704634570746549,-0.0974426097491502,0.0,-0.13222,False,False,True,NORMAL,1.0,False
1.235,0.0018563533216081887,0.05219678303392467,-1.732933853301495,-0.09895673451110125,0.0,-0.13222,False,False,True,NORMAL,1.0,False
1.236,0.0019076821303873719,0.05045934407466668,-1.7590021360902757,-0.10032677125128935,0.0,-0.13222,False,False,True,NORMAL,1.0,False
1.237,0.0019572605379544476,0.048696052711411204,-1.7826115863223784,-0.10153471089724087,0.0,-0.13188999999999995,False,True,True,NORMAL,1.0,False
1.238,0.0020050639216532694,0.046909368748262424,-1.8043496840897155,-0.1026276998876269,0.0,-0.13188999999999995,False,False,True,NORMAL,1.0,False
1.239,0.0020510698249518633,0.045101164695051967,-1.8243509229521164,-0.10361667722362955,0.0,-0.13188999999999995,False,False,True,NORMAL,1.0,False
1.24,0.002095257596545986,0.043273178463362996,-1.8427369884533196,-0.10451154092283425,0.0,-0.13188999999999995,False,False,True,NORMAL,1.0,False
1.241,0.0021376082621666088,0.0414270261795996,-1.8596179867808458,-0.10532124708191676,0.0,-0.13188999999999995,False,False,True,NORMAL,1.0,False
1.242,0.00217810440858598,0.03956421376892265,-1.880031917749602,-0.1064489684131498,0.0,-0.136,False,True,True,NORMAL,1.0,False
1.243,0.002216727610751409,0.037681212952744014,-1.8986526927327676,-0.10746937287076677,0.0,-0.136,False,False,True,NORMAL,1.0,False
1.244,0.0022534585771272365,0.03577981774567942,-1.9156063190415136,-0.1083926730055493,0.0,-0.136,False,False,True,NORMAL,1.0,False
1.245,0.0022882797471541843,0.03386169605249142,-1.9310068561331557,-0.10922810951557818,0.0,-0.136,False,False,True,NORMAL,1.0,False
1.246,0.0023211751711150587,0.03192840162071912,-1.944957562560038,-0.10998404373024569,0.0,-0.136,False,False,True,NORMAL,1.0,False
1.247,0.0023521304013794583,0.02998138484591783,-1.9515682259395712,-0.11018934466882531,0.0,-0.13102000000000003,False,True,True,NORMAL,1.0,False
1.248,0.002381135384237137,0.028027981536771978,-1.9574862917586393,-0.11037510864001004,0.0,-0.13102000000000003,False,False,True,NORMAL,1.0,False
1.249,0.002408184079512358,0.026068884463813093,-1.962734679986762,-0.11054319483206095,0.0,-0.13102000000000003,False,False,True,NORMAL,1.0,False
1.25,0.0024332711283199054,0.024104763417747147,-1.9673342178496467,-0.11069528550808379,0.0,-0.13102000000000003,False,False,True,NORMAL,1.0,False
1.2510000000000001,0.002456391831131948,0.022136267303135077,-1.9713038484929362,-0.11083290284268364,0.0,-0.13102000000000003,False,False,True,NORMAL,1.0,False
1.252,0.00247754212783423,0.020164026023338364,-1.9713625711732734,-0.11069356427004512,0.0,-0.12827499999999997,False,True,True,NORMAL,1.0,False
1.2530000000000001,0.002496720227841914,0.01819194782916857,-1.9711435419550092,-0.11056748551574605,0.0,-0.12827499999999997,False,False,True,NORMAL,1.0,False
1.254,0.002513926433038447,0.01622031023556899,-1.9706314720524654,-0.1104534047412369,0.0,-0.12827499999999997,False,False,True,NORMAL,1.0,False
1.2550000000000001,0.0025291613304522457,0.014249406003030592,-1.969812660703582,-0.11035018018778249,0.0,-0.12827499999999997,False,False,True,NORMAL,1.0,False
1.256,0.0025424258067080706,0.012279541549104104,-1.968674853199933,-0.1102567787493569,0.0,-0.12827499999999997,False,False,True,NORMAL,1.0,False
1.2570000000000001,0.0025537210609609244,0.010311035501948935,-1.9573123666429628,-0.10938068597390652,0.0,-0.12003999999999992,False,True,True,NORMAL,1.0,False
1.258,0.0025630535612551166,0.008354104340062523,-1.9465677634050955,-0.10858796444900803,0.0,-0.12003999999999992,False,False,True,NORMAL,1.0,False
1.2590000000000001,0.0025704345732605665,0.006408129364960547,-1.9363434774210353,-0.10787068035119736,0.0,-0.12003999999999992,False,False,True,NORMAL,1.0,False
1.26,0.002575874792729637,0.00447258943699751,-1.9265513982713658,-0.1072216548601361,0.0,-0.12003999999999992,False,False,True,NORMAL,1.0,False
1.2610000000000001,0.002579384438326945,0.00254705151619369,-1.9171119797799119,-0.10663439231056471,0.0,-0.12003999999999992,False,False,True,NORMAL,1.0,False
1.262,0.0025809733354458255,0.0006311620948267179,-1.8971094649238742,-0.1052354977045059,0.0,-0.11101499999999999,False,True,True,NORMAL,1.0,False
1.2630000000000001,0.002580656411033401,-0.001264525129813757,-1.8783724738009848,-0.10396972552105521,0.0,-0.11101499999999999,False,False,True,NORMAL,1.0,False
1.264,0.00257845323409536,-0.003141276956939499,-1.8607451558205461,-0.10282440748675996,0.0,-0.11101499999999999,False,False,True,NORMAL,1.0,False
1.2650000000000001,0.0025743821847705518,-0.005000204315400103,-1.8440866960225017,-0.10178808087377822,0.0,-0.11101499999999999,False,False,True,NORMAL,1.0,False
1.266,0.0025684606026815907,-0.006842277305005455,-1.8282698918589233,-0.10085037377704587,0.0,-0.11101499999999999,False,False,True,NORMAL,1.0,False
1.2670000000000001,0.0025607049209559383,-0.008668338814058624,-1.8005636139568073,-0.09899260119702474,0.0,-0.100515,False,True,True,NORMAL,1.0,False
1.268,0.0025511370921280927,-0.01046651052734785,-1.7747013180930544,-0.09731161905242043,0.0,-0.100515,False,False,True,NORMAL,1.0,False
1.2690000000000001,0.0025397840834354337,-0.012238638111493717,-1.7504760054673836,-0.09579060350893212,0.0,-0.100515,False,False,True,NORMAL,1.0,False
1.27,0.0025266711199636365,-0.013986360189714843,-1.7277006083543658,-0.0944143317317696,0.0,-0.100515,False,False,True,NORMAL,1.0,False
1.2710000000000001,0.002511821881721942,-0.01571112828049535,-1.70620610009677,-0.0931690295304061,0.0,-0.100515,False,False,True,NORMAL,1.0,False
1.272,0.0024952586817250213,-0.017414224845491356,-1.6738062841560226,-0.0910795534428904,0.0,-0.09050000000000005,False,True,True,NORMAL,1.0,False
1.2730000000000001,0.0024770086405125815,-0.019084755597337213,-1.64356127690451,-0.08918891729481482,0.0,-0.09050000000000005,False,False,True,NORMAL,1.0,False
1.274,0.00245710324583137,-0.020724877310432814,-1.615238401398217,-0.08747819896414465,0.0,-0.09050000000000005,False,False,True,NORMAL,1.0,False
1.2750000000000001,0.0024355719450127253,-0.022336514022862065,-1.5886273791789987,-0.08593027700683427,0.0,-0.09050000000000005,False,False,True,NORMAL,1.0,False
1.276,0.002412442366506735,-0.023921379443418236,-1.5635382045446427,-0.08452965929966037,0.0,-0.09050000000000005,False,False,True,NORMAL,1.0,False
1.2770000000000001,0.002387740520072519,-0.02548099723205304,-1.522737242961897,-0.08189736974349279,0.0,-0.07629999999999998,False,True,True,NORMAL,1.0,False
1.278,0.0023614995042152706,-0.0269996708074044,-1.484782577961918,-0.0795155756579671,0.0,-0.07629999999999998,False,False,True,NORMAL,1.0,False
1.2790000000000001,0.0023337588392031406,-0.02848024882957891,-1.4493808561679222,-0.07736043924732672,0.0,-0.07629999999999998,False,False,True,NORMAL,1.0,False
1.28,0.0023045553433515852,-0.029925286515895877,-1.4162669122553577,-0.07541039118200758,0.0,-0.07629999999999998,False,False,True,NORMAL,1.0,False
1.281,0.002273923412368437,-0.031337073839748014,-1.3852010910925037,-0.07364591472553819,0.0,-0.07629999999999998,False,False,True,NORMAL,1.0,False
1.282,0.0022418952718394045,-0.032717661050539734,-1.3380817863544912,-0.07061854734131479,0.0,-0.06141500000000005,False,True,True,NORMAL,1.0,False
1.283,0.002208510143287403,-0.03405101080853745,-1.294329166700957,-0.06787927205392781,0.0,-0.06141500000000005,False,False,True,NORMAL,1.0,False
1.284,0.0021738135799248626,-0.035340492460375544,-1.2536057327375167,-0.06540067327559887,0.0,-0.06141500000000005,False,False,True,NORMAL,1.0,False
1.285,0.002137847934406071,-0.03658913774008385,-1.2156063830895978,-0.06315794435666862,0.0,-0.06141500000000005,False,False,True,NORMAL,1.0,False
1.286,0.0021006526802365157,-0.03779967317956879,-1.1800553346877278,-0.0611286393123092,0.0,-0.06141500000000005,False,False,True,NORMAL,1.0,False
1.287,0.0020622647023120118,-0.038974549438159575,-1.1265113260839523,-0.05767708737767912,0.0,-0.04460999999999998,False,True,True,NORMAL,1.0,False
1.288,0.0020227286502915993,-0.04009579172743713,-1.0768951841860968,-0.05455399403693142,0.0,-0.04460999999999998,False,False,True,NORMAL,1.0,False
1.289,0.0019820961932191412,-0.04116733085318785,-1.0308219262220746,-0.05172810232220397,0.0,-0.04460999999999998,False,False,True,NORMAL,1.0,False
1.29,0.0019404152618716314,-0.042192712499458496,-0.9879434871644389,-0.04917112975940077,0.0,-0.04460999999999998,False,False,True,NORMAL,1.0,False
1.291,0.0018977304154171966,-0.04317513416054672,-0.9479452085741134,-0.04685748530768514,0.0,-0.04460999999999998,False,False,True,NORMAL,1.0,False
1.292,0.0018540831728971622,-0.04411747856044625,-0.8929580101563989,-0.043357241127616554,0.0,-0.029974999999999932,False,True,True,NORMAL,1.0,False
1.293,0.0018095211006439508,-0.0450047730834176,-0.8420112032851113,-0.0401900892212279,0.0,-0.029974999999999932,False,False,True,NORMAL,1.0,False
1.294,0.0017640972273227189,-0.0458410611307267,-0.7947144302980658,-0.03732433166772353,0.0,-0.029974999999999932,False,False,True,NORMAL,1.0,False
1.295,0.0017178607334265466,-0.046629995598579915,-0.7507147591517729,-0.03473128700229358,0.0,-0.029974999999999932,False,False,True,NORMAL,1.0,False
1.296,0.0016708573230637526,-0.047374876318194134,-0.7096931227417286,-0.03238500316237403,0.0,-0.029974999999999932,False,False,True,NORMAL,1.0,False
1.297,0.0016231295600859603,-0.04807868393378,-0.6593756581752824,-0.029303162644528903,0.0,-0.016900000000000047,False,True,True,NORMAL,1.0,False
1.298,0.0015747231615613785,-0.048732134552227795,-0.6126469848675099,-0.026514598027563313,0.0,-0.016900000000000047,False,False,True,NORMAL,1.0,False
1.299,0.0015256866891343432,-0.04933881980229373,-0.5691637805958083,-0.023991400419521733,0.0,-0.016900000000000047,False,False,True,NORMAL,1.0,False
1.3,0.0014760652845271635,-0.049901987856890616,-0.5286156673666118,-0.02170831681066688,0.0,-0.016900000000000047,False,False,True,NORMAL,1.0,False
1.301,0.0014259009965195185,-0.05042457639000533,-0.49072207629276415,-0.019642497332870434,0.0,-0.016900000000000047,False,False,True,NORMAL,1.0,False
1.302,0.001375233076538919,-0.05090924239725559,-0.4552294107560322,-0.017773266570452705,0.0,-0.003260000000000006,False,True,True,NORMAL,1.0,False
1.303,0.0013240982458494147,-0.051358389178489,-0.42190847946930055,-0.016081916633673258,0.0,-0.003260000000000006,False,False,True,NORMAL,1.0,False
1.304,0.0012725309370415158,-0.05177419075243082,-0.3905521737542256,-0.01455151992388246,0.0,-0.003260000000000006,False,False,True,NORMAL,1.0,False
1.305,0.0012205635122691423,-0.052158613947692285,-0.36097336579432643,-0.013166759716424628,0.0,-0.003260000000000006,False,False,True,NORMAL,1.0,False
1.306,0.0011682264604467208,-0.05251343839120245,-0.3330030068350778,-0.011913776865709543,0.0,-0.003260000000000006,False,False,True,NORMAL,1.0,False
1.307,0.001115548575409006,-0.05284027459408938,-0.30648840630370694,-0.01078003109822517,0.0,0.00953500000000003,False,True,True,NORMAL,1.0,False
1.308,0.0010625571168456928,-0.05314058031600213,-0.2812916746320953,-0.009754175505265411,0.0,0.00953500000000003,False,False,True,NORMAL,1.0,False
1.309,0.001009277955650504,-0.05341567537164117,-0.2572883142045761,-0.008825942979253956,0.0,0.00953500000000003,False,False,True,NORMAL,1.0,False
1.31,0.0009557357051684648,-0.05366675502768087,-0.23436594433489272,-0.007986043457080753,0.0,0.00953500000000003,False,False,True,NORMAL,1.0,False
1.311,0.0009019538396839364,-0.05389490212416605,-0.21242314751798552,-0.007226070942027917,0.0,0.00953500000000003,False,False,True,NORMAL,1.0,False
1.312,0.0008479548013642831,-0.05410109804170556,-0.18587134445029477,-0.006098652896471152,0.0,0.024574999999999965,False,True,True,NORMAL,1.0,False
1.313,0.0007937628438736868,-0.05428073987001073,-0.1606570658550937,-0.005078522863082421,0.0,0.024574999999999965,False,False,True,NORMAL,1.0,False
1.314,0.0007394038518905356,-0.054435167066578444,-0.13665650404562812,-0.0041554710376100245,0.0,0.024574999999999965,False,False,True,NORMAL,1.0,False
1.315,0.000684902432557674,-0.054565595228056665,-0.11375789457259418,-0.0033202592071362017,0.0,0.024574999999999965,False,False,True,NORMAL,1.0,False
1.316,0.0006302820333201124,-0.05467312813792982,-0.09186036892684532,-0.0025645282909371805,0.0,0.024574999999999965,False,False,True,NORMAL,1.0,False
1.317,0.0005755650482888548,-0.05475876866645524,-0.06273843808370864,-0.0012299564174719337,0.0,0.03134499999999999,False,True,True,NORMAL,1.0,False
1.318,0.0005207769793540381,-0.05481530055635904,-0.03523169263639783,-2.2385849302226403e-05,0.0,0.03134499999999999,False,False,True,NORMAL,1.0,False
1.319,0.00046594612688920884,-0.05484434099475314,-0.009193002236733937,0.001070269185696668,0.0,0.03134499999999999,False,False,True,NORMAL,1.0,False
1.32,0.0004110992476684492,-0.05484735997236793,0.015510513562764063,0.002058944346369059,0.0,0.03134499999999999,False,False,True,NORMAL,1.0,False
1.321,0.00035626169493598525,-0.05482569453878792,0.03899884327293711,0.0029535346260281523,0.0,0.03134499999999999,False,False,True,NORMAL,1.0,False
1.322,0.00030145754489972385,-0.05478056169918931,0.07999829467562652,0.005252431978342435,0.0,0.04683999999999999,False,True,True,NORMAL,1.0,False
1.323,0.0002467190151065266,-0.054694466753545334,0.11818692576810196,0.007332560322940195,0.0,0.04683999999999999,False,False,True,NORMAL,1.0,False
1.324,0.00019208566144557378,-0.0545702229156252,0.15382028909130177,0.009214738283449446,0.0,0.04683999999999999,False,False,True,NORMAL,1.0,False
1.325,0.00013759435440774298,-0.05441038773147939,0.18712939347448723,0.010917803329520826,0.0,0.04683999999999999,False,False,True,NORMAL,1.0,False
1.326,8.327952247825162e-05,-0.054217287632580755,0.21832304274820635,0.012458800308555345,0.0,0.04683999999999999,False,False,True,NORMAL,1.0,False
1.327,2.9173372145829147e-05,-0.05399304014933265,0.25494943192595054,0.01444191043478105,0.0,0.052965,False,True,True,NORMAL,1.0,False
1.328,-2.4690235411419453e-05,-0.05373222032018807,0.2891074169613025,0.016236302681076082,0.0,0.052965,False,False,True,NORMAL,1.0,False
1.329,-7.827596278060667e-05,-0.053437298718671214,0.3210172388056111,0.017859935928157426,0.0,0.052965,False,False,True,NORMAL,1.0,False
1.33,-0.00013155083296638608,-0.053110525572910544,0.3508779763178508,0.01932906004328385,0.0,0.052965,False,False,True,NORMAL,1.0,False
1.331,-0.00018448401962937577,-0.05275395193585053,0.3788695637502504,0.020658378514389206,0.0,0.052965,False,False,True,NORMAL,1.0,False
1.332,-0.0002370466574857801,-0.05236944883718532,0.4205164042944551,0.023090138648350127,0.0,0.06574999999999999,False,True,True,NORMAL,1.0,False
1.333,-0.0002892039940349511,-0.05194337491224716,0.459117038641811,0.025290486209246107,0.0,0.06574999999999999,False,False,True,NORMAL,1.0,False
1.334,-0.00034091598232221154,-0.05147877864386587,0.4949423016761582,0.027281443015028946,0.0,0.06574999999999999,False,False,True,NORMAL,1.0,False
1.335,-0.00039214548841421916,-0.0509784375503843,0.5282370816012084,0.02908293523059461,0.0,0.06574999999999999,False,False,True,NORMAL,1.0,False
1.336,-0.0004428580334112498,-0.05044488414238357,0.5592227936753431,0.030712992795538928,0.0,0.06574999999999999,False,False,True,NORMAL,1.0,False
1.337,-0.0004930215601790065,-0.04988042940470202,0.5970271183683827,0.03290212985768426,0.0,0.07317999999999998,False,True,True,NORMAL,1.0,False
1.338,-0.0005426017610078028,-0.04927826356622724,0.6320395788851297,0.034882942984722665,0.0,0.07317999999999998,False,False,True,NORMAL,1.0,False
1.339,-0.0005915623214186914,-0.048641180533966405,0.664504003372703,0.03667525682020383,0.0,0.07317999999999998,False,False,True,NORMAL,1.0,False
1.34,-0.0006398695988841466,-0.047971730264544425,0.694640873188384,0.03829700944341074,0.0,0.07317999999999998,False,False,True,NORMAL,1.0,False
1.341,-0.0006874923905541683,-0.04727224212004779,0.7226495498008385,0.03976443189968632,0.0,0.07317999999999998,False,False,True,NORMAL,1.0,False
1.342,-0.0007344017232244806,-0.04654484599609379,0.7569288764211998,0.041749697576124074,0.0,0.08001999999999998,False,True,True,NORMAL,1.0,False
1.343,-0.0007805665562626411,-0.04578327931630402,0.7886278971948931,0.04354604024490742,0.0,0.08001999999999998,False,False,True,NORMAL,1.0,False
1.344,-0.0008259540098776276,-0.04499012419776819,0.8179678173595831,0.045171438307237174,0.0,0.08001999999999998,False,False,True,NORMAL,1.0,False
1.345,-0.0008705336757534504,-0.0441677414361108,0.845148680364146,0.04664215929323628,0.0,0.08001999999999998,False,False,True,NORMAL,1.0,False
1.346,-0.0009142774063113905,-0.04331829167550928,0.8703513873440643,0.047972922672859006,0.0,0.08001999999999998,False,False,True,NORMAL,1.0,False
1.347,-0.000957159124132249,-0.04244375455844593,0.9005462924490788,0.04972158861453232,0.0,0.085685,False,True,True,NORMAL,1.0,False
1.348,-0.000999151247995308,-0.041539144637003936,0.9284158351319929,0.05130384699020342,0.0,0.085685,False,False,True,NORMAL,1.0,False
1.349,-0.0010402248683017846,-0.04060678882475567,0.9541549482739279,0.052735533573511434,0.0,0.085685,False,False,True,NORMAL,1.0,False
1.35,-0.001080353304863343,-0.039648818994181455,0.9779399366478815,0.05403097716498858,0.0,0.085685,False,False,True,NORMAL,1.0,False
1.351,-0.0011195119211775389,-0.03866719061204628,0.9999302556769155,0.05520314299951199,0.0,0.085685,False,False,True,NORMAL,1.0,False
1.352,-0.0011576779564490228,-0.03766369959532303,1.021904225870983,0.056394490902157465,0.0,0.08704499999999997,False,True,True,NORMAL,1.0,False
1.353,-0.0011948295570329264,-0.03663836473824951,1.0422000357194046,0.057472467062369754,0.0,0.08704499999999997,False,False,True,NORMAL,1.0,False
1.354,-0.0012309457185527937,-0.035592865336454074,1.0609503375275666,0.05844786022788056,0.0,0.08704499999999997,False,False,True,NORMAL,1.0,False
1.355,-0.0012660070495730882,-0.03452874794884714,1.0782751138438564,0.059330432461331274,0.0,0.08704499999999997,False,False,True,NORMAL,1.0,False
1.356,-0.0012999956451990452,-0.03344743907233098,1.0942828893067449,0.060129016842277054,0.0,0.08704499999999997,False,False,True,NORMAL,1.0,False
1.357,-0.0013328949727451475,-0.03235025660419113,1.1118834489089902,0.06107653561080361,0.0,0.08938500000000002,False,True,True,NORMAL,1.0,False
1.358,-0.0013646883632357175,-0.031235610798816895,1.1280818735119842,0.061933886046857796,0.0,0.08938500000000002,False,False,True,NORMAL,1.0,False
1.359,-0.0013953590546921025,-0.030104904651197913,1.142983754304633,0.06270964880176906,0.0,0.08938500000000002,False,False,True,NORMAL,1.0,False
1.36,-0.0014248916353098305,-0.028959435490490334,1.1566846208045902,0.06341158796993143,0.0,0.08938500000000002,False,False,True,NORMAL,1.0,False
1.361,-0.001453271942824964,-0.02780040504564981,1.169270904634964,0.06404672879446979,0.0,0.08938500000000002,False,False,True,NORMAL,1.0,False
1.362,-0.0014804869734640722,-0.026628928546914555,1.1781653910456396,0.06440899433566812,0.0,0.087175,False,True,True,NORMAL,1.0,False
1.363,-0.001506526126581308,-0.025448696285356516,1.1863512448164466,0.06473678575260941,0.0,0.087175,False,False,True,NORMAL,1.0,False
1.364,-0.0015313810008746515,-0.024260417320365445,1.1938686473269562,0.06503338369196891,0.0,0.087175,False,False,True,NORMAL,1.0,False
1.365,-0.0015550438839946213,-0.023064760481850355,1.2007539721917373,0.06530175660561376,0.0,0.087175,False,False,True,NORMAL,1.0,False
1.366,-0.0015775077142191967,-0.021862358179530906,1.2070401537169522,0.06554459045986694,0.0,0.087175,False,False,True,NORMAL,1.0,False
1.367,-0.0015987660457537566,-0.020653809843633887,1.212636865504353,0.06575470323554454,0.0,0.08707499999999997,False,True,True,NORMAL,1.0,False
1.368,-0.0016188130773512157,-0.01943980509228777,1.2177029142547682,0.06594482113698504,0.0,0.08707499999999997,False,False,True,NORMAL,1.0,False
1.369,-0.001637643617994591,-0.018220874784374664,1.2222617128259305,0.06611684692804685,0.0,0.08707499999999997,False,False,True,NORMAL,1.0,False
1.37,-0.0016552529958055243,-0.016997526324656488,1.226334492301563,0.06627250230066684,0.0,0.08707499999999997,False,False,True,NORMAL,1.0,False
1.371,-0.0016716370356813605,-0.01577024584646892,1.229940515624656,0.06641334510613171,0.0,0.08707499999999997,False,False,True,NORMAL,1.0,False
1.372,-0.0016867920390080814,-0.01453950018070482,1.2310606474403338,0.06637785507139665,0.0,0.08538000000000001,False,True,True,NORMAL,1.0,False
1.373,-0.0017007157830292144,-0.013307773651865262,1.2319444911593833,0.06634574236000097,0.0,0.08538000000000001,False,False,True,NORMAL,1.0,False
1.374,-0.0017134074050012362,-0.012075302472355092,1.2325881895480053,0.06631668557713556,0.0,0.08538000000000001,False,False,True,NORMAL,1.0,False
1.375,-0.00172486628031179,-0.010842326682216826,1.2329883270028679,0.0662903939127512,0.0,0.08538000000000001,False,False,True,NORMAL,1.0,False
1.3760000000000001,-0.0017350920260864797,-0.009609089707417397,1.2331418933185063,0.06626660423103378,0.0,0.08538000000000001,False,False,True,NORMAL,1.0,False
1.377,-0.001744084504372073,-0.008375837954388657,1.2273148680985781,0.06578656781466231,0.0,0.08061,False,True,True,NORMAL,1.0,False
1.3780000000000001,-0.0017518466891360076,-0.007148547309022113,1.2217909873080042,0.06535221290310952,0.0,0.08061,False,False,True,NORMAL,1.0,False
1.379,-0.0017583843897688725,-0.0059269141952156355,1.2165167630711806,0.06495919232642887,0.0,0.08061,False,False,True,NORMAL,1.0,False
1.3800000000000001,-0.0017637031388266044,-0.004710688516777152,1.2114438965435284,0.06460357260259013,0.0,0.08061,False,False,True,NORMAL,1.0,False
1.381,-0.0017678082429152223,-0.003499668466464524,1.2065287894789871,0.06428179456986922,0.0,0.08061,False,False,True,NORMAL,1.0,False
1.3820000000000001,-0.0017707048286288865,-0.0022936958236571678,1.1998997419245934,0.06384404893980866,0.0,0.07908499999999997,False,True,True,NORMAL,1.0,False
1.383,-0.0017723987997117481,-0.001094482612268603,1.1935309577803979,0.06344796031414814,0.0,0.07908499999999997,False,False,True,NORMAL,1.0,False
1.3840000000000001,-0.0017728967852776183,9.823198630051571e-05,1.187373985017914,0.06308956450479206,0.0,0.07908499999999997,False,False,True,NORMAL,1.0,False
1.385,-0.001772205177844938,0.001284660347430618,1.1813851065692076,0.0627652745660194,0.0,0.07908499999999997,False,False,True,NORMAL,1.0,False
1.3860000000000001,-0.0017703301794119275,0.0024649711399639318,1.175524894846804,0.0624718448951253,0.0,0.07908499999999997,False,False,True,NORMAL,1.0,False
1.387,-0.0017672778430178583,0.0036392936172231424,1.1596107378536713,0.061394573088039035,0.0,0.07064000000000001,False,True,True,NORMAL,1.0,False
1.3880000000000001,-0.001763059181119363,0.004797582420703959,1.144739657715703,0.06041981724759217,0.0,0.07064000000000001,False,False,True,NORMAL,1.0,False
1.389,-0.0017576897055212053,0.00594088160911179,1.130791632449938,0.059537821689706755,0.0,0.07064000000000001,False,False,True,NORMAL,1.0,False
1.3900000000000001,-0.001751183943988453,0.00707011519624233,1.1176582034329199,0.05873975910639053,0.0,0.07064000000000001,False,False,True,NORMAL,1.0,False
1.391,-0.0017435555545082066,0.008186098718737631,1.1052413794246345,0.05801764221907157,0.0,0.07064000000000001,False,False,True,NORMAL,1.0,False
1.3920000000000001,-0.001734817428531708,0.009289549707428048,1.0869102173388359,0.05684084963842749,0.0,0.06519499999999998,False,True,True,NORMAL,1.0,False
1.393,-0.00172498505375853,0.010374559888572842,1.0697603432402303,0.05577604367819363,0.0,0.06519499999999998,False,False,True,NORMAL,1.0,False
1.3940000000000001,-0.0017140762799672396,0.011442311693886003,1.053660787982129,0.05481256740242632,0.0,0.06519499999999998,False,False,True,NORMAL,1.0,False
1.395,-0.0017021078399996298,0.012493856556065665,1.038493204374845,0.053940778016722125,0.0,0.06519499999999998,False,False,True,NORMAL,1.0,False
1.3960000000000001,-0.0016890954744471188,0.013530127535546159,1.0241506699459124,0.053151950359890385,0.0,0.06519499999999998,False,False,True,NORMAL,1.0,False
1.397,-0.0016750540443091807,0.014551950749532843,0.9990197683867562,0.05151684276331919,0.0,0.05561000000000002,False,True,True,NORMAL,1.0,False
1.3980000000000001,-0.001660003388196065,0.015548547946917825,0.9756446432665721,0.05003733622742673,0.0,0.05561000000000002,False,False,True,NORMAL,1.0,False
1.399,-0.0016439678537457732,0.016521676358628907,0.9538430444738865,0.04869862335352247,0.0,0.05561000000000002,False,False,True,NORMAL,1.0,False
1.4000000000000001,-0.0016269701225090517,0.01747291091134497,0.9334502343626122,0.04748730585320744,0.0,0.05561000000000002,False,False,True,NORMAL,1.0,False
1.401,-0.0016090313834951154,0.018403661746675945,0.9143173243388947,0.04639126045380062,0.0,0.05561000000000002,False,False,True,NORMAL,1.0,False
1.4020000000000001,-0.0015901714900301226,0.01931519007626901,0.8862528150144273,0.04459496118976426,0.0,0.04723999999999999,False,True,True,NORMAL,1.0,False
1.403,-0.0015704141273830921,0.020198573492269063,0.8601653484437137,0.04296960240167372,0.0,0.04723999999999999,False,False,True,NORMAL,1.0,False
1.4040000000000001,-0.0015497864514038115,0.021055790645966254,0.8358547275028558,0.04149891695247581,0.0,0.04723999999999999,False,False,True,NORMAL,1.0,False
1.405,-0.0015283137394116045,0.02188861992661856,0.8131399830761897,0.04016818572788052,0.0,0.04723999999999999,False,False,True,NORMAL,1.0,False
1.4060000000000001,-0.0015060195808408376,0.022698658696843507,0.7918575466753968,0.03896409032251789,0.0,0.04723999999999999,False,False,True,NORMAL,1.0,False
1.407,-0.0014829260495649722,0.023487340699904456,0.7586846258115586,0.036820582056743725,0.0,0.03627499999999999,False,True,True,NORMAL,1.0,False
1.408,-0.0014590604437098456,0.024242787211693588,0.7279376136671986,0.0348810555720019,0.0,0.03627499999999999,False,False,True,NORMAL,1.0,False
1.409,-0.001434454785195499,0.02496742596855873,0.6993774306578459,0.03312609943533574,0.0,0.03627499999999999,False,False,True,NORMAL,1.0,False
1.41,-0.0014091387877744352,0.025663445542463366,0.6727879271339076,0.03153814945586837,0.0,0.03627499999999999,False,False,True,NORMAL,1.0,False
1.411,-0.0013831400847280153,0.026332818279765455,0.647973702850116,0.030101312896476863,0.0,0.03627499999999999,False,False,True,NORMAL,1.0,False
1.412,-0.0013564844347146367,0.02697732105860274,0.615151759619297,0.02803269947171263,0.0,0.02827999999999998,False,True,True,NORMAL,1.0,False
1.413,-0.0013292007085437126,0.027588955259299334,0.5846984845525668,0.026160940641534434,0.0,0.02827999999999998,False,False,True,NORMAL,1.0,False
1.414,-0.0013013205898413434,0.028170091381445227,0.5563832858227592,0.02446730321444999,0.0,0.02827999999999998,False,False,True,NORMAL,1.0,False
1.415,-0.0012728735070590255,0.02872286924775847,0.5299976939396159,0.022934836697837833,0.0,0.02827999999999998,False,False,True,NORMAL,1.0,False
1.416,-0.0012438868530864433,0.02924922013494735,0.5053532573885278,0.02154820365171993,0.0,0.02827999999999998,False,False,True,NORMAL,1.0,False
1.417,-0.001214386183785864,0.029750886799379202,0.4723308230969418,0.019497620955535297,0.0,0.017455000000000047,False,True,True,NORMAL,1.0,False
1.418,-0.0011844003692813457,0.03021950061314557,0.4416880447092141,0.017642177003250374,0.0,0.017455000000000047,False,False,True,NORMAL,1.0,False
1.419,-0.0011539612719735852,0.030657443075647703,0.4131963951825157,0.015963301888154452,0.0,0.017455000000000047,False,False,True,NORMAL,1.0,False
1.42,-0.001123098487057419,0.03106686707133723,0.3866492697784913,0.014444192863806231,0.0,0.017455000000000047,False,False,True,NORMAL,1.0,False
1.421,-0.001091839560172736,0.03144971880047149,0.3618599000444066,0.013069646176499862,0.0,0.017455000000000047,False,False,True,NORMAL,1.0,False
1.422,-0.001060210184167923,0.031807757623025984,0.3386594662655898,0.011825904900987685,0.0,0.008470000000000005,False,True,True,NORMAL,1.0,False
1.423,-0.0010282343769634282,0.03214257401431368,0.316895389502157,0.010700521256548497,0.0,0.008470000000000005,False,False,True,NORMAL,1.0,False
1.424,-0.0009959346423139166,0.03245560581196641,0.29642978612035964,0.009682232025414243,0.0,0.008470000000000005,False,False,True,NORMAL,1.0,False
1.425,-0.0009633321150963865,0.032748152916837185,0.2771380693551925,0.008760845826700902,0.0,0.008470000000000005,False,False,True,NORMAL,1.0,False
1.426,-0.0009304466925967903,0.03302139059491288,0.2589076839124479,0.007927141117643156,0.0,0.008470000000000005,False,False,True,NORMAL,1.0,False
1.427,-0.000897297153127613,0.03327638151332924,0.2416369609499056,0.007172773901294924,0.0,0.0013999999999999846,False,True,True,NORMAL,1.0,False
1.428,-0.0008639012631820997,0.03351408663091497,0.22523408198214268,0.006490194217003415,0.0,0.0013999999999999846,False,False,True,NORMAL,1.0,False
1.429,-0.0008302758742161248,0.033735375052231606,0.20961614134359677,0.005872570577865286,0.0,0.0013999999999999846,False,False,True,NORMAL,1.0,False
1.43,-0.0007964370100449174,0.033941032943706345,0.1947082978309165,0.005313721598909568,0.0,0.0013999999999999846,False,False,True,NORMAL,1.0,False
1.431,-0.000762399945747946,0.03413177160107248,0.18044300703816965,0.004808054131719244,0.0,0.0013999999999999846,False,False,True,NORMAL,1.0,False
1.432,-0.0007281792788902999,0.03430823474884209,0.16675932670607893,0.004350507286321968,0.0,-0.006190000000000008,False,True,True,NORMAL,1.0,False
1.433,-0.0006937889937920149,0.034471005144853996,0.15360228813719984,0.003936501780102198,0.0,-0.006190000000000008,False,False,True,NORMAL,1.0,False
1.434,-0.00065924251950723,0.03462061055598901,0.1409223273901636,0.0035618941068016317,0.0,-0.006190000000000008,False,False,True,NORMAL,1.0,False
1.435,-0.0006245527821121066,0.034757529164855215,0.12867477056438975,0.0032229350669158888,0.0,-0.006190000000000008,False,False,True,NORMAL,1.0,False
1.436,-0.0005897322518434905,0.034882194461555174,0.11681936802802417,0.0029162322444457253,0.0,-0.006190000000000008,False,False,True,NORMAL,1.0,False
1.437,-0.0005547929855787546,0.0349949996694976,0.10531987293169189,0.002638716054457481,0.0,-0.013784999999999995,False,True,True,NORMAL,1.0,False
1.438,-0.0005197466651006299,0.03509630174955694,0.09414365979387308,0.0023876090216453415,0.0,-0.013784999999999995,False,False,True,NORMAL,1.0,False
1.439,-0.0004846046315486357,0.03518642502266825,0.08326137934475235,0.002160397982424934,0.0,-0.013784999999999995,False,False,True,NORMAL,1.0,False
1.44,-0.00044937791642053884,0.035265664447130314,0.0726466461782692,0.0019548089323474737,0.0,-0.013784999999999995,False,False,True,NORMAL,1.0,False
1.441,-0.000414077269452726,0.03533428858343813,0.06227575609044262,0.0017687842670989187,0.0,-0.013784999999999995,False,False,True,NORMAL,1.0,False
1.442,-0.00037871318367711196,0.03539254227634284,0.04951406391838619,0.0013913928804440204,0.0,-0.022175000000000004,False,True,True,NORMAL,1.0,False
1.443,-0.00034329722392950607,0.03543803777162328,0.03720875663363135,0.0010499150325541918,0.0,-0.022175000000000004,False,False,True,NORMAL,1.0,False
1.444,-0.00030784191985516794,0.03547123252950051,0.025319246902575563,0.000740933098353083,0.0,-0.022175000000000004,False,False,True,NORMAL,1.0,False
1.445,-0.00027235936393942776,0.03549254340337058,0.013808975316200312,0.00046135468279079496,0.0,-0.022175000000000004,False,False,True,NORMAL,1.0,False
1.446,-0.00023686125010007118,0.03550235066912462,0.0026450261577644655,0.00020838167111482977,0.0,-0.022175000000000004,False,False,True,NORMAL,1.0,False
1.447,-0.00020135890844257166,0.03550100167008603,-0.0199833960096441,-0.0009630118323274944,0.0,-0.03198,False,True,True,NORMAL,1.0,False
1.448,-0.00016586922407750034,0.03547704221132728,-0.04118164421813263,-0.002022932505486344,0.0,-0.03198,False,False,True,NORMAL,1.0,False
1.449,-0.00013041409190084094,0.035431903883479304,-0.061079540031408905,-0.0029819883907103335,0.0,-0.03198,False,False,True,NORMAL,1.0,False
1.45,-9.501404014873233e-05,0.035366888396821054,-0.0797943990823743,-0.0038497780416486,0.0,-0.03198,False,False,True,NORMAL,1.0,False
1.451,-5.968835402322894e-05,0.0352831800919709,-0.09743222284275367,-0.004634986588801907,0.0,-0.03198,False,False,True,NORMAL,1.0,False
1.452,-2.4455187403414614e-05,0.03518185725833971,-0.11980814431194865,-0.0058030220472165914,0.0,-0.03673999999999999,False,True,True,NORMAL,1.0,False
1.453,1.0665478021872215e-05,0.035058187508168116,-0.1407358167619607,-0.006859904235582983,0.0,-0.03673999999999999,False,False,True,NORMAL,1.0,False
1.454,4.565201992279205e-05,0.034913620463287255,-0.16034477000346686,-0.007816210786072622,0.0,-0.03673999999999999,False,False,True,NORMAL,1.0,False
1.455,8.048420080567539e-05,0.03474947615467222,-0.17875206861414208,-0.008681512736068544,0.0,-0.03673999999999999,False,False,True,NORMAL,1.0,False
1.456,0.00011514304465640903,0.03456695749243514,-0.1960635002653989,-0.009464470318324333,0.0,-0.03673999999999999,False,False,True,NORMAL,1.0,False
1.457,0.00014961072545949277,0.03436716154702466,-0.21548665967034158,-0.010421880329713498,0.0,-0.039330000000000004,False,True,True,NORMAL,1.0,False
1.458,0.00018386891126306293,0.03414798019550815,-0.23369473448270947,-0.011288180732420649,0.0,-0.039330000000000004,False,False,True,NORMAL,1.0,False
1.459,0.00021789882461494122,0.033910629745816,-0.250793702057707,-0.012072041752049699,0.0,-0.039330000000000004,False,False,True,NORMAL,1.0,False
1.46,0.0002516828513640857,0.03365622047517417,-0.2668793289340541,-0.012781308533149884,0.0,-0.039330000000000004,False,False,True,NORMAL,1.0,False
1.461,0.00028520443973662163,0.03338576684480605,-0.28203814490868956,-0.01342307965605925,0.0,-0.039330000000000004,False,False,True,NORMAL,1.0,False
1.462,0.00031844800913940677,0.03310019674017772,-0.30713221551500475,-0.014866489467869733,0.0,-0.048304999999999994,False,True,True,NORMAL,1.0,False
1.463,0.0003513934786135455,0.03278958442638827,-0.3304046677670814,-0.0161725406751561,0.0,-0.048304999999999994,False,False,True,NORMAL,1.0,False
1.464,0.00038401671722547307,0.032455752903789166,-0.3520161991986632,-0.017354304677379844,0.0,-0.048304999999999994,False,False,True,NORMAL,1.0,False
1.465,0.0004162953366665382,0.03210036439670151,-0.3721121094185211,-0.018423608965879818,0.0,-0.048304999999999994,False,False,True,NORMAL,1.0,False
1.466,0.0004482085381779698,0.03172493575729925,-0.3908237684432535,-0.019391155497380914,0.0,-0.048304999999999994,False,False,True,NORMAL,1.0,False
1.467,0.0004797369741453637,0.0313308524005833,-0.41323834527307146,-0.020664099799159175,0.0,-0.052439999999999994,False,True,True,NORMAL,1.0,False
1.468,0.0005108601400518902,0.03091441642087155,-0.4340139990740301,-0.021815907434483802,0.0,-0.052439999999999994,False,False,True,NORMAL,1.0,False
1.469,0.0005415565031490351,0.0304772679645675,-0.4532924411716972,-0.022858106081305042,0.0,-0.052439999999999994,False,False,True,NORMAL,1.0,False
1.47,0.0005718060999542854,0.030020905393868872,-0.47120181075520934,-0.023801126413975342,0.0,-0.052439999999999994,False,False,True,NORMAL,1.0,False
1.471,0.0006015904012547879,0.029546698864163876,-0.48785796979037493,-0.02465440649694415,0.0,-0.052439999999999994,False,False,True,NORMAL,1.0,False
1.472,0.0006308921900407739,0.029055902606006982,-0.5050238106170323,-0.025559137115907817,0.0,-0.05381999999999999,False,True,True,NORMAL,1.0,False
1.473,0.0006596946224969282,0.028548009204152347,-0.5209754442828995,-0.026377771233188976,0.0,-0.05381999999999999,False,False,True,NORMAL,1.0,False
1.474,0.0006879812089092147,0.02802423383249318,-0.5358133979306356,-0.027118502014185808,0.0,-0.05381999999999999,False,False,True,NORMAL,1.0,False
1.475,0.0007157366244544323,0.02748569108026847,-0.5496285638916842,-0.02778874294152274,0.0,-0.05381999999999999,False,False,True,NORMAL,1.0,False
1.476,0.0007429466134342381,0.026933404590600573,-0.5625031200545584,-0.028395202011676317,0.0,-0.05381999999999999,False,False,True,NORMAL,1.0,False
1.477,0.0007695979026874023,0.026368315778305177,-0.5794196852250664,-0.029336614676235443,0.0,-0.057905,False,True,True,NORMAL,1.0,False
1.478,0.0007956756704147179,0.025786387255342307,-0.5950621077380934,-0.030188440080941476,0.0,-0.057905,False,False,True,NORMAL,1.0,False
1.479,0.0008211637142777373,0.025188894054980614,-0.6095352215543758,-0.03095920358075312,0.0,-0.057905,False,False,True,NORMAL,1.0,False
1.48,0.0008460470545336866,0.024577006315675644,-0.622933837191581,-0.03165661923583905,0.0,-0.057905,False,False,True,NORMAL,1.0,False
1.481,0.0008703118341537078,0.02395179930841804,-0.635343699353272,-0.032287667016484854,0.0,-0.057905,False,False,True,NORMAL,1.0,False
1.482,0.0008939452284895059,0.02331426250607903,-0.655835938355782,-0.03357814945492198,0.0,-0.06538999999999999,False,True,True,NORMAL,1.0,False
1.483,0.0009169308691153818,0.02265632127981514,-0.6746167556274107,-0.03474582625253817,0.0,-0.06538999999999999,False,False,True,NORMAL,1.0,False
1.484,0.0009392492076394154,0.021979687998609637,-0.6918304026067041,-0.035802383911193704,0.0,-0.06538999999999999,False,False,True,NORMAL,1.0,False
1.485,0.0009608823358861627,0.02128593070100552,-0.707607381814116,-0.036758396815057694,0.0,-0.06538999999999999,False,False,True,NORMAL,1.0,False
1.486,0.0009818138484425198,0.02057648684943061,-0.7220657594562009,-0.03762343306259905,0.0,-0.06538999999999999,False,False,True,NORMAL,1.0,False
1.487,0.001002028718301435,0.01985267577140508,-0.7277906641886132,-0.03780441511309462,0.0,-0.059129999999999995,False,True,True,NORMAL,1.0,False
1.488,0.0010215169432470556,0.019123225681222947,-0.7331283313071205,-0.037968174444375884,0.0,-0.059129999999999995,False,False,True,NORMAL,1.0,False
1.489,0.0010402730779970125,0.01838852414576445,-0.738098603953871,-0.038116350014871715,0.0,-0.059129999999999995,False,False,True,NORMAL,1.0,False
1.49,0.0010582920549048619,0.017648938860807484,-0.7427194308384948,-0.03825042481549517,0.0,-0.059129999999999995,False,False,True,NORMAL,1.0,False
1.491,0.0010755691650364534,0.016904819546203365,-0.7470070503514444,-0.03837174071191499,0.0,-0.059129999999999995,False,False,True,NORMAL,1.0,False
1.492,0.0010921000410493938,0.016156499656871073,-0.7545327384975287,-0.038766038382088676,0.0,-0.062090000000000006,False,True,True,NORMAL,1.0,False
1.493,0.0011078788643316714,0.01540074414517123,-0.7614090315412109,-0.03912281366790623,0.0,-0.062090000000000006,False,False,True,NORMAL,1.0,False
1.494,0.001122898524068825,0.014638202731143028,-0.7676799382165055,-0.03944563729634443,0.0,-0.062090000000000006,False,False,True,NORMAL,1.0,False
1.495,0.001137152537149121,0.013869481087675183,-0.773385294924833,-0.03973774019478144,0.0,-0.062090000000000006,False,False,True,NORMAL,1.0,False
1.496,0.0011506350062031386,0.013095145014507238,-0.7785611667575172,-0.040002045827204014,0.0,-0.062090000000000006,False,False,True,NORMAL,1.0,False
1.497,0.001163340581616792,0.012315724211054677,-0.7820026161609469,-0.040142191918446944,0.0,-0.06105999999999997,False,True,True,NORMAL,1.0,False
1.498,0.001175265045611914,0.011532952306323561,-0.7850965805446037,-0.04026900134579503,0.0,-0.06105999999999997,False,False,True,NORMAL,1.0,False
1.499,0.0011864052208652586,0.010747176888632635,-0.7878587307853732,-0.04038374326061929,0.0,-0.06105999999999997,False,False,True,NORMAL,1.0,False
1.5,0.0011967582697974938,0.009958729848674854,-0.7903032809595655,-0.04048756603856937,0.0,-0.06105999999999997,False,False,True,NORMAL,1.0,False
1.5010000000000001,0.0012063216796041867,0.009167928836936377,-0.7924431308276347,-0.04058150877290305,0.0,-0.06105999999999997,False,False,True,NORMAL,1.0,False
1.502,0.0012150932486729475,0.008375078578579125,-0.791634574213214,-0.04045407803151458,0.0,-0.05885000000000001,False,True,True,NORMAL,1.0,False
1.5030000000000001,0.0012230724012727498,0.007583125389824339,-0.7908006524773331,-0.04033877392849823,0.0,-0.05885000000000001,False,False,True,NORMAL,1.0,False
1.504,0.0012302600471155527,0.006792094514960672,-0.78992718314389,-0.04023444246163597,0.0,-0.05885000000000001,False,False,True,NORMAL,1.0,False
1.5050000000000001,0.0012366571282442184,0.006002025366751382,-0.7890013849868313,-0.04014003944654041,0.0,-0.05885000000000001,False,False,True,NORMAL,1.0,False
1.506,0.001242264632500194,0.005212970124694082,-0.7880117483259164,-0.040054620066106536,0.0,-0.05885000000000001,False,False,True,NORMAL,1.0,False
1.5070000000000001,0.001247083605654324,0.00442499246304024,-0.7841122649527018,-0.03975047719887347,0.0,-0.05649000000000001,False,True,True,NORMAL,1.0,False
1.508,0.0012511165794155052,0.0036409998170055602,-0.7804036969961502,-0.03947527735217225,0.0,-0.05649000000000001,False,False,True,NORMAL,1.0,False
1.5090000000000001,0.0012543674432417672,0.002860800973360557,-0.7768522041074288,-0.03922626623343923,0.0,-0.05649000000000001,False,False,True,NORMAL,1.0,False
1.51,0.0012568399122964782,0.0020842385540892714,-0.7734272337941239,-0.039000951655702595,0.0,-0.05649000000000001,False,False,True,NORMAL,1.0,False
1.5110000000000001,0.0012585375596392142,0.0013111857273162297,-0.7701012119465165,-0.038797078594937515,0.0,-0.05649000000000001,False,False,True,NORMAL,1.0,False
1.512,0.0012594638452823358,0.0005415432278333643,-0.7639174862780688,-0.03837806449982345,0.0,-0.05404999999999997,False,True,True,NORMAL,1.0,False
1.5130000000000001,0.0012596236075362553,-0.00022183387329150124,-0.7580691217342173,-0.037998924867879764,0.0,-0.05404999999999997,False,False,True,NORMAL,1.0,False
1.514,0.0012590229439708568,-0.0009792813777130256,-0.7525095546048324,-0.03765586514223673,0.0,-0.05404999999999997,False,False,True,NORMAL,1.0,False
1.5150000000000001,0.00125766763963674,-0.0017310885222677989,-0.7471967344580369,-0.03734545186585377,0.0,-0.05404999999999997,False,False,True,NORMAL,1.0,False
1.516,0.0012555632113728226,-0.002477502493936033,-0.7420926977970727,-0.03706457831832733,0.0,-0.05404999999999997,False,False,True,NORMAL,1.0,False
1.5170000000000001,0.001252714947812214,-0.003218732518288022,-0.7335585390089638,-0.03652206196229182,0.0,-0.05105000000000003,False,True,True,NORMAL,1.0,False
1.518,0.0012491297468796023,-0.003951351755927162,-0.7255168262071993,-0.036031172863454364,0.0,-0.05105000000000003,False,False,True,NORMAL,1.0,False
1.5190000000000001,0.0012448159729436061,-0.0046758532334481955,-0.7179072895461427,-0.035586998038720286,0.0,-0.05105000000000003,False,False,True,NORMAL,1.0,False
1.52,0.0012397815274840264,-0.005392669699601719,-0.7106754895988949,-0.035185092037151325,0.0,-0.05105000000000003,False,False,True,NORMAL,1.0,False
1.5210000000000001,0.001234033906453734,-0.006102179457901549,-0.7037722653702192,-0.03482143244839851,0.0,-0.05105000000000003,False,False,True,NORMAL,1.0,False
1.522,0.0012275802520840178,-0.0068047116470236636,-0.6912235966552395,-0.03401800859254968,0.0,-0.04611499999999999,False,True,True,NORMAL,1.0,False
1.5230000000000001,0.0012204303629409802,-0.007494626050563738,-0.6794929004013116,-0.03329104062523493,0.0,-0.04611499999999999,False,False,True,NORMAL,1.0,False
1.524,0.001212596447563068,-0.00817274141592392,-0.6684907486614918,-0.032633252806695,0.0,-0.04611499999999999,False,False,True,NORMAL,1.0,False
1.5250000000000001,0.0012040899404628042,-0.008839787040886563,-0.6581363282346987,-0.03203806177535182,0.0,-0.04611499999999999,False,False,True,NORMAL,1.0,False
1.526,0.0011949215872679147,-0.009496411391637316,-0.6483566232892386,-0.0314995106593131,0.0,-0.04611499999999999,False,False,True,NORMAL,1.0,False
1.5270000000000001,0.0011851015216532324,-0.010143189903086063,-0.629299069301681,-0.030229280942746628,0.0,-0.03796999999999997,False,True,True,NORMAL,1.0,False
1.528,0.0011746442256079276,-0.010770853135840528,-0.6116377906292239,-0.029079929565696074,0.0,-0.03796999999999997,False,False,True,NORMAL,1.0,False
1.5290000000000001,0.001163568115918511,-0.011380798415565382,-0.5952310463741867,-0.02803995343326958,0.0,-0.03796999999999997,False,False,True,NORMAL,1.0,False
1.53,0.0011518902829319062,-0.011974281281473828,-0.5799506931722902,-0.027098944114785764,0.0,-0.03796999999999997,False,False,True,NORMAL,1.0,False
1.5310000000000001,0.0011396266255413467,-0.012552429089101137,-0.5656808930219149,-0.02624748367270109,0.0,-0.03796999999999997,False,False,True,NORMAL,1.0,False
1.532,0.001126791973215756,-0.013116253320394972,-0.5429208406308237,-0.024725362131029688,0.0,-0.030150000000000003,False,True,True,NORMAL,1.0,False
1.5330000000000001,0.001113404891919292,-0.013657272016333545,-0.5218813127239257,-0.023348089605326822,0.0,-0.030150000000000003,False,False,True,NORMAL,1.0,False
1.534,0.001099487326516281,-0.014177206911473655,-0.5023923617144275,-0.022101881889237975,0.0,-0.030150000000000003,False,False,True,NORMAL,1.0,False
1.5350000000000001,0.0010850595851307617,-0.014677609732955847,-0.48430032351843333,-0.020974266517075655,0.0,-0.030150000000000003,False,False,True,NORMAL,1.0,False
1.536,0.001070140501010001,-0.01515987849030654,-0.46746626918167344,-0.01995395793519064,0.0,-0.030150000000000003,False,False,True,NORMAL,1.0,False
1.537,0.0010547475788726,-0.01562527221625393,-0.4446214024403642,-0.018459288441472804,0.0,-0.024204999999999994,False,True,True,NORMAL,1.0,False
1.538,0.0010389006969650967,-0.01606778672694255,-0.4234866711762334,-0.01710685555596004,0.0,-0.024204999999999994,False,False,True,NORMAL,1.0,False
1.539,0.0010226218790207685,-0.01648913338438402,-0.4038952686501687,-0.015883123675765748,0.0,-0.024204999999999994,False,False,True,NORMAL,1.0,False
1.54,0.001005931520835153,-0.016890856682715567,-0.38569637317536676,-0.014775845280922455,0.0,-0.024204999999999994,False,False,True,NORMAL,1.0,False
1.541,0.0009888485491392855,-0.01727435023943341,-0.3687536276607572,-0.013773938357085447,0.0,-0.024204999999999994,False,False,True,NORMAL,1.0,False
1.542,0.0009713905652421367,-0.017640871265568302,-0.34979570870830695,-0.012615531074174294,0.0,-0.02158500000000002,False,True,True,NORMAL,1.0,False
1.543,0.0009535755481022805,-0.01798840808223894,-0.3321638964405411,-0.011567360819270915,0.0,-0.02158500000000002,False,False,True,NORMAL,1.0,False
1.544,0.0009354218185080326,-0.01831828788697145,-0.31572919173587577,-0.010618937152162049,0.0,-0.02158500000000002,False,False,True,NORMAL,1.0,False
1.545,0.0009169464345660475,-0.018631708830472913,-0.30037498365678966,-0.009760767930011065,0.0,-0.02158500000000002,False,False,True,NORMAL,1.0,False
1.546,0.0008981653145524202,-0.01892975240957494,-0.2859958709949576,-0.00898426430680204,0.0,-0.02158500000000002,False,False,True,NORMAL,1.0,False
1.547,0.0008790933479602304,-0.0192133946812565,-0.27059214274815946,-0.008129298518319387,0.0,-0.014529999999999994,False,True,True,NORMAL,1.0,False
1.548,0.000859745447599181,-0.019481613455711432,-0.2561664740482444,-0.007355693481759666,0.0,-0.014529999999999994,False,False,True,NORMAL,1.0,False
1.549,0.0008401365476121534,-0.019735387756902527,-0.24262397530112265,-0.006655706697899354,0.0,-0.014529999999999994,False,False,True,NORMAL,1.0,False
1.55,0.00082028065057496,-0.019975601683802722,-0.22987889965031055,-0.006022332463731893,0.0,-0.014529999999999994,False,False,True,NORMAL,1.0,False
1.551,0.0008001909178487768,-0.020203053556610003,-0.2178537731440261,-0.005449231757037305,0.0,-0.014529999999999994,False,False,True,NORMAL,1.0,False
1.552,0.0007798797512213963,-0.020418464192785646,-0.2064786076521006,-0.00493066879331719,0.0,-0.007980000000000001,False,True,True,NORMAL,1.0,False
1.553,0.0007593588666660887,-0.02062248439569829,-0.1956901886580176,-0.004461453620135606,0.0,-0.007980000000000001,False,False,True,NORMAL,1.0,False
1.554,0.0007386393609680193,-0.020815701730778607,-0.18543143080077,-0.004036890174330686,0.0,-0.007980000000000001,False,False,True,NORMAL,1.0,False
1.555,0.0007177317718968276,-0.02099864665696114,-0.1756507947192959,-0.003652729282236112,0.0,-0.007980000000000001,False,False,True,NORMAL,1.0,False
1.556,0.0006966461325394206,-0.021171798074740168,-0.16630175936579522,-0.003305126132522867,0.0,-0.007980000000000001,False,False,True,NORMAL,1.0,False
1.557,0.0006753920203486249,-0.021335588346330377,-0.15734234450938464,-0.0029906017960351678,0.0,-0.0037250000000000096,False,True,True,NORMAL,1.0,False
1.558,0.0006539786014104909,-0.02149040783814256,-0.1487346786538737,-0.0027060084074981643,0.0,-0.0037250000000000096,False,False,True,NORMAL,1.0,False
1.559,0.0006324146703852199,-0.02163660903100641,-0.14044460804796782,-0.0024484976606242376,0.0,-0.0037250000000000096,False,False,True,NORMAL,1.0,False
1.56,0.0006107086865334169,-0.021774510239249117,-0.13244134287747414,-0.0022154923013063222,0.0,-0.0037250000000000096,False,False,True,NORMAL,1.0,False
1.561,0.0005888688062002158,-0.021904398975826453,-0.12469713710121588,-0.0020046603335925586,0.0,-0.0037250000000000096,False,False,True,NORMAL,1.0,False
1.562,0.0005669029120943993,-0.022026534997163408,-0.11718699872908218,-0.001813891680286996,0.0,-0.0004649999999999932,False,True,True,NORMAL,1.0,False
1.563,0.0005448186396675771,-0.022141153058158534,-0.1098884276453145,-0.0016412770645877937,0.0,-0.0004649999999999932,False,False,True,NORMAL,1.0,False
1.564,0.0005226234008694846,-0.022248465404908168,-0.1027811783558125,-0.0014850889014032579,0.0,-0.0004649999999999932,False,False,True,NORMAL,1.0,False
1.565,0.0005003244055292145,-0.022348664030084415,-0.09584704528769142,-0.0013437640070995834,0.0,-0.0004649999999999932,False,False,True,NORMAL,1.0,False
1.566,0.000477928680588451,-0.022441922713528066,-0.0890696684950299,-0.0012158879546336418,0.0,-0.0004649999999999932,False,False,True,NORMAL,1.0,False
1.567,0.0004554430873912826,-0.02252839886847077,-0.08243435782897904,-0.0011001809174917283,0.0,0.005235000000000007,False,True,True,NORMAL,1.0,False
1.568,0.00043287433721573264,-0.022608235211858084,-0.07592793381519831,-0.0009954848607556484,0.0,0.005235000000000007,False,False,True,NORMAL,1.0,False
1.569,0.0004102290052145487,-0.022681561275487424,-0.06953858364879266,-0.0009007519511000276,0.0,0.005235000000000007,False,False,True,NORMAL,1.0,False
1.57,0.00038751354291687614,-0.022748494773084365,-0.06325573086822311,-0.0008150340697242019,0.0,0.005235000000000007,False,False,True,NORMAL,1.0,False
1.571,0.0003647342894280359,-0.022809142837001715,-0.057069917406562844,-0.000737473323260587,0.0,0.005235000000000007,False,False,True,NORMAL,1.0,False
1.572,0.00034189748145159324,-0.022863603136923632,-0.050972696842341875,-0.000667293457689508,0.0,0.010939999999999998,False,True,True,NORMAL,1.0,False
1.573,0.0003190092622461112,-0.022911964891778817,-0.04495653778430758,-0.0006037920893280622,0.0,0.010939999999999998,False,False,True,NORMAL,1.0,False
1.574,0.0002960756896183115,-0.02295430978500073,-0.03901473642584575,-0.0005463336751381412,0.0,0.010939999999999998,False,False,True,NORMAL,1.0,False
1.575,0.0002731027430447094,-0.022990712792308136,-0.03314133739657357,-0.0004943431519980923,0.0,0.010939999999999998,False,False,True,NORMAL,1.0,False
1.576,0.0002500963300050532,-0.023021242930306485,-0.027331062121648635,-0.0004473001812777118,0.0,0.010939999999999998,False,False,True,NORMAL,1.0,False
1.577,0.00022706229160299147,-0.02304596393342079,-0.021579243974471165,-0.00040473394111434135,0.0,0.01551499999999999,False,True,True,NORMAL,1.0,False
1.578,0.00020400640754224042,-0.023064934865956146,-0.015881769576437613,-0.0003662184142694187,0.0,0.01551499999999999,False,False,True,NORMAL,1.0,False
1.579,0.00018093440052004795,-0.023078210675435383,-0.010235025658917268,-0.00033136812440476423,0.0,0.01551499999999999,False,False,True,NORMAL,1.0,False
1.58,0.00015785194009389634,-0.02308584269277831,-0.0046358509582820305,-0.0002998342781058255,0.0,0.01551499999999999,False,False,True,NORMAL,1.0,False
1.581,0.00013476464607208445,-0.023087879084357582,0.0009185073348179894,-0.00027130127403995094,0.0,0.01551499999999999,False,False,True,NORMAL,1.0,False
1.582,0.00011167809147403491,-0.02308436526048734,0.006430433005170959,-0.0002454835443121755,0.0,0.017685000000000006,False,True,True,NORMAL,1.0,False
1.583,8.859780510183284e-05,-0.023075344244467184,0.011901976513716573,-0.00022212269640574497,0.0,0.017685000000000006,False,False,True,NORMAL,1.0,False
1.584,6.55292737605753e-05,-0.02306085700591208,0.01733488732395168,-0.0002009849271029596,0.0,0.017685000000000006,False,False,True,NORMAL,1.0,False
1.585,4.2477944161558364e-05,-0.023040942761743805,0.022730643174965235,-0.00018185868250398748,0.0,0.017685000000000006,False,False,True,NORMAL,1.0,False
1.586,1.9449224539112777e-05,-0.02301563924789855,0.02809047659149333,-0.00016455254072432935,0.0,0.017685000000000006,False,False,True,NORMAL,1.0,False
1.587,-3.5515139910095412e-06,-0.022984982964514795,0.03823360537955168,0.00023656322278418717,0.0,0.024009999999999997,False,True,True,NORMAL,1.0,False
1.588,-2.6516528452456712e-05,-0.02294419498301283,0.047876358558456455,0.0005995077745707558,0.0,0.024009999999999997,False,False,True,NORMAL,1.0,False
1.589,-4.9435937584973286e-05,-0.022893776424382624,0.05706267041443708,0.0009279135856995332,0.0,0.024009999999999997,False,False,True,NORMAL,1.0,False
1.59,-7.230033927475702e-05,-0.0228341844535616,0.06583219616602899,0.001225067451909301,0.0,0.024009999999999997,False,False,True,NORMAL,1.0,False
1.591,-9.510076873847843e-05,-0.022765836560076753,0.07422072016839715,0.0014939433889699504,0.0,0.024009999999999997,False,False,True,NORMAL,1.0,False
1.592,-0.00011782866078378565,-0.022689114430322465,0.0836302897295955,0.0018468135526208025,0.0,0.025149999999999995,False,True,True,NORMAL,1.0,False
1.593,-0.00014047513123028392,-0.022602998764014857,0.09258769867784325,0.002166103680400566,0.0,0.025149999999999995,False,False,True,NORMAL,1.0,False
1.594,-0.00016303101285661514,-0.022507942422097475,0.10113150821619933,0.002455009335225179,0.0,0.025149999999999995,False,False,True,NORMAL,1.0,False
1.595,-0.0001854875720147855,-0.022404359683741767,0.10929651800384776,0.0027164219819926696,0.0,0.025149999999999995,False,False,True,NORMAL,1.0,False
1.596,-0.0002078364719296363,-0.022292630009268472,0.11711412527726726,0.002952957926335712,0.0,0.025149999999999995,False,False,True,NORMAL,1.0,False
1.597,-0.0002300697395816277,-0.022173101443807373,0.13212833100437987,0.0037682389946242065,0.0,0.031405,False,True,True,NORMAL,1.0,False
1.598,-0.00025217597993883677,-0.022038583930246207,0.14612166902445714,0.0045059358114279665,0.0,0.031405,False,False,True,NORMAL,1.0,False
1.599,-0.00027414071478419996,-0.021890099218152312,0.1591847033341488,0.005173431494438027,0.0,0.031405,False,False,True,NORMAL,1.0,False
1.6,-0.0002959504423534029,-0.021728578449491814,0.17139929926379086,0.005777406564802999,0.0,0.031405,False,False,True,NORMAL,1.0,False
1.601,-0.00031759255107775364,-0.021554870860637308,0.18283945288382714,0.006323905808030128,0.0,0.031405,False,False,True,NORMAL,1.0,False
1.602,-0.000339055241614249,-0.02136975165464348,0.19485769759276705,0.006921251259807665,0.0,0.03247499999999999,False,True,True,NORMAL,1.0,False
1.603,-0.0003603268138778686,-0.021172644478576395,0.2061043970412547,0.007461751776069574,0.0,0.03247499999999999,False,False,True,NORMAL,1.0,False
1.604,-0.0003813956659205024,-0.020964321618362806,0.21664571810529604,0.007950816867651103,0.0,0.03247499999999999,False,False,True,NORMAL,1.0,False
1.605,-0.00040225093498473524,-0.020745489158296104,0.22654145988862526,0.008393341262369253,0.0,0.03247499999999999,False,False,True,NORMAL,1.0,False
1.606,-0.0004228824344869299,-0.020516793351240344,0.23584566145021912,0.008793753893103952,0.0,0.03247499999999999,False,False,True,NORMAL,1.0,False
1.607,-0.0004432805970665698,-0.020278826380868847,0.2530300014538872,0.009829890203408461,0.0,0.039485,False,True,True,NORMAL,1.0,False
1.608,-0.0004634322138818285,-0.020023715353637995,0.2689006349933396,0.0107674251071577,0.0,0.039485,False,False,True,NORMAL,1.0,False
1.609,-0.0004833207980311203,-0.019752774869703813,0.2835731139713672,0.011615741768784753,0.0,0.039485,False,False,True,NORMAL,1.0,False
1.61,-0.0005029311194177457,-0.019467203920454257,0.2971519380817775,0.012383330426568261,0.0,0.039485,False,False,True,NORMAL,1.0,False
1.611,-0.0005222490946686956,-0.0191680969450183,0.3097316087903687,0.013077873365790778,0.0,0.039485,False,False,True,NORMAL,1.0,False
1.612,-0.0005412616875828334,-0.018856453832380368,0.3214035907638682,0.013706802424732814,0.0,0.03948999999999998,False,True,True,NORMAL,1.0,False
1.613,-0.0005599568161019068,-0.018533182966420567,0.3322385702044813,0.01427588097055371,0.0,0.03948999999999998,False,False,True,NORMAL,1.0,False
1.614,-0.0005783232711927185,-0.018199121998313486,0.34230647567350625,0.014790804532613949,0.0,0.03948999999999998,False,False,True,NORMAL,1.0,False
1.615,-0.0005963506464956963,-0.017855038611526097,0.351670536366251,0.015256726638994415,0.0,0.03948999999999998,False,False,True,NORMAL,1.0,False
1.616,-0.0006140292717077542,-0.017501637223777972,0.36038792190413155,0.01567831039473759,0.0,0.03948999999999998,False,False,True,NORMAL,1.0,False
1.617,-0.0006313501523471318,-0.017139565048959398,0.37449402905398527,0.016538471776195326,0.0,0.04447000000000001,False,True,True,NORMAL,1.0,False
1.618,-0.00064830192498818,-0.01676343858186281,0.387472815741232,0.017316777979687784,0.0,0.04447000000000001,False,False,True,NORMAL,1.0,False
1.619,-0.0006648710992333973,-0.016374385835928217,0.3994203080226227,0.018021018555297273,0.0,0.04447000000000001,False,False,True,NORMAL,1.0,False
1.62,-0.0006810452646683068,-0.015973438747285004,0.41042336491389547,0.01865824177940792,0.0,0.04447000000000001,False,False,True,NORMAL,1.0,False
1.621,-0.0006968129993688915,-0.015561542345380668,0.4205605533288808,0.019234825196224745,0.0,0.04447000000000001,False,False,True,NORMAL,1.0,False
1.622,-0.0007121637871420699,-0.01513956304832798,0.4301492570483777,0.019776244829513602,0.0,0.044675000000000006,False,True,True,NORMAL,1.0,False
1.623,-0.0007270878195707965,-0.014708050042849249,0.4389836041248614,0.020266141572572668,0.0,0.044675000000000006,False,False,True,NORMAL,1.0,False
1.624,-0.0007415759402867563,-0.014267758163821642,0.44712395476858335,0.02070941847666646,0.0,0.044675000000000006,False,False,True,NORMAL,1.0,False
1.625,-0.0007556197175637607,-0.01381938184854653,0.4546249093001867,0.021110512006041658,0.0,0.044675000000000006,False,False,True,NORMAL,1.0,False
1.6260000000000001,-0.0007692113868008877,-0.013363560898896705,0.46153585887295034,0.021473436439552445,0.0,0.044675000000000006,False,False,True,NORMAL,1.0,False
1.627,-0.0007823437984923337,-0.012900885692526926,0.46660981995249523,0.02169849094023438,0.0,0.04359999999999999,False,True,True,NORMAL,1.0,False
1.6280000000000001,-0.000795011016656267,-0.012433192542746265,0.47130387598113943,0.021902128673548796,0.0,0.04359999999999999,False,False,True,NORMAL,1.0,False
1.629,-0.0008072082133914021,-0.011960861619809388,0.4756429868724759,0.022086387714375707,0.0,0.04359999999999999,False,False,True,NORMAL,1.0,False
1.6300000000000001,-0.0008189309284789724,-0.011484248110956262,0.4796497334382946,0.022253112189127313,0.0,0.04359999999999999,False,False,True,NORMAL,1.0,False
1.631,-0.000830175045589585,-0.011003684600450515,0.48334454631314433,0.022403970732384957,0.0,0.04359999999999999,False,False,True,NORMAL,1.0,False
1.6320000000000001,-0.0008409367707556238,-0.010519483220605788,0.48973776699301724,0.022779821499367456,0.0,0.046089999999999985,False,True,True,NORMAL,1.0,False
1.633,-0.0008512111177398629,-0.010028948096573863,0.49556474034796405,0.023119905336930733,0.0,0.046089999999999985,False,False,True,NORMAL,1.0,False
1.6340000000000001,-0.0008609920360123866,-0.009532645742164806,0.5008675006963748,0.02342762591842725,0.0,0.046089999999999985,False,False,True,NORMAL,1.0,False
1.635,-0.0008702740205295924,-0.009031100606255628,0.5056840932143554,0.023706063014865084,0.0,0.046089999999999985,False,False,True,NORMAL,1.0,False
1.6360000000000001,-0.0008790520716643718,-0.008524799063522574,0.5100489561984091,0.023958003318291322,0.0,0.046089999999999985,False,False,True,NORMAL,1.0,False
1.637,-0.0008873216589358412,-0.00801419302276289,0.5126475334616728,0.02407830965335714,0.0,0.04497000000000001,False,True,True,NORMAL,1.0,False
1.6380000000000001,-0.0008950793606922277,-0.0075010478634640575,0.5149840195378406,0.024187167326951458,0.0,0.04497000000000001,False,False,True,NORMAL,1.0,False
1.639,-0.0009023227688878118,-0.0069856257560246895,0.517071884424544,0.024285665823259944,0.0,0.04497000000000001,False,False,True,NORMAL,1.0,False
1.6400000000000001,-0.0009090497309059383,-0.006468175381969087,0.5189233393810414,0.02437479094834014,0.0,0.04497000000000001,False,False,True,NORMAL,1.0,False
1.641,-0.0009152583366996909,-0.0059489331932115735,0.5205494592522458,0.024455434696399835,0.0,0.04497000000000001,False,False,True,NORMAL,1.0,False
1.6420000000000001,-0.0009209469071306529,-0.005428124548951491,0.5203562268934954,0.024400078877253706,0.0,0.04363500000000001,False,True,True,NORMAL,1.0,False
1.643,-0.000926114785006433,-0.004907567545546945,0.5201120637045711,0.02434999086078426,0.0,0.04363500000000001,False,False,True,NORMAL,1.0,False
1.6440000000000001,-0.0009307622474106634,-0.004387313045445688,0.5198108421016615,0.0243046693492875,0.0,0.04363500000000001,False,False,True,NORMAL,1.0,False
1.645,-0.0009348896253497205,-0.0038674180281372244,0.5194470521189339,0.024263660749843284,0.0,0.04363500000000001,False,False,True,NORMAL,1.0,False
1.6460000000000001,-0.0009384973095608888,-0.0033479449723331435,0.5190157450422611,0.02422655463460491,0.0,0.04363500000000001,False,False,True,NORMAL,1.0,False
1.647,-0.0009415857557308959,-0.0028289612945388357,0.517352988814252,0.024100220146639376,0.0,0.04266999999999997,False,True,True,NORMAL,1.0,False
1.6480000000000001,-0.000944156068624691,-0.002311697419609208,0.5157265112542161,0.023985907974739745,0.0,0.04266999999999997,False,False,True,NORMAL,1.0,False
1.649,-0.0009462099498507426,-0.001796116904053627,0.5141223396258475,0.023882474044268,0.0,0.04266999999999997,False,False,True,NORMAL,1.0,False
1.6500000000000001,-0.0009477490715581402,-0.0012821972702176322,0.512527876426941,0.023788883153682636,0.0,0.04266999999999997,False,False,True,NORMAL,1.0,False
1.651,-0.0009487750897146461,-0.000769928630560937,0.5109317708053078,0.02370419861389369,0.0,0.04266999999999997,False,False,True,NORMAL,1.0,False
1.6520000000000001,-0.000949289656073336,-0.00025931244057299295,0.5067524900074715,0.023421867898408905,0.0,0.04053000000000001,False,True,True,NORMAL,1.0,False
1.653,-0.0009492957139397544,0.0002470703435836554,0.5028009864057869,0.023166404502777408,0.0,0.04053000000000001,False,False,True,NORMAL,1.0,False
1.6540000000000001,-0.0009487973827314995,0.000749447795833595,0.49904588521423077,0.022935251663471507,0.0,0.04053000000000001,False,False,True,NORMAL,1.0,False
1.655,-0.000947798569480053,0.0012480166143653787,0.4954588522762423,0.022726095925182273,0.0,0.04053000000000001,False,False,True,NORMAL,1.0,False
1.6560000000000001,-0.0009463029986858129,0.0017429451633956575,0.4920143067964799,0.022536843986981237,0.0,0.04053000000000001,False,False,True,NORMAL,1.0,False
1.657,-0.0009443142392750369,0.0022343762275491563,0.48094518613172443,0.021746083730893193,0.0,0.034085000000000004,False,True,True,NORMAL,1.0,False
1.6580000000000001,-0.0009418395989121785,0.0027146916261842667,0.47072405059707667,0.02103057426248903,0.0,0.034085000000000004,False,False,True,NORMAL,1.0,False
1.659,-0.0009388897690733765,0.0031847399268484333,0.46126251968271115,0.020383154522517925,0.0,0.034085000000000004,False,False,True,NORMAL,1.0,False
1.6600000000000001,-0.0009354746368663713,0.0036452812907289654,0.4524806828165521,0.01979734491661696,0.0,0.034085000000000004,False,False,True,NORMAL,1.0,False
1.661,-0.0009316033692007777,0.0040969959458646826,0.44430629496828883,0.019267282465352868,0.0,0.034085000000000004,False,False,True,NORMAL,1.0,False
1.6620000000000001,-0.0009272844888874544,0.00454049185564197,0.43440312353421534,0.018605988105440084,0.0,0.03219499999999999,False,True,True,NORMAL,1.0,False
1.663,-0.0009225270783072241,0.004974042521324805,0.4252028316403239,0.018007624224254858,0.0,0.03219499999999999,False,False,True,NORMAL,1.0,False
1.6640000000000001,-0.0009173407310738479,0.005398351387478752,0.4166316648473632,0.01746620219495724,0.0,0.03219499999999999,False,False,True,NORMAL,1.0,False
1.665,-0.000911734374240987,0.005814048123185549,0.4086229530681912,0.016976303283899798,0.0,0.03219499999999999,False,False,True,NORMAL,1.0,False
1.666,-0.000905716338534582,0.006221695709114581,0.40111643783310846,0.016533024418119952,0.0,0.03219499999999999,False,False,True,NORMAL,1.0,False
1.667,-0.0008992944218346187,0.0066217968515923115,0.38488384647005963,0.015398023746772712,0.0,0.02456000000000002,False,True,True,NORMAL,1.0,False
1.668,-0.0008924805310772191,0.0070056331912938955,0.3699375780784559,0.014371032669841794,0.0,0.02456000000000002,False,False,True,NORMAL,1.0,False
1.669,-0.0008852902876274915,0.007374491867571257,0.35615073585789936,0.013441772715445654,0.0,0.02456000000000002,False,False,True,NORMAL,1.0,False
1.67,-0.0008777380891749405,0.00772953307812793,0.3434085646674902,0.012600943537625637,0.0,0.02456000000000002,False,False,True,NORMAL,1.0,False
1.671,-0.0008698372306026746,0.008071802225395415,0.33160729648947956,0.011840129835357673,0.0,0.02456000000000002,False,False,True,NORMAL,1.0,False
1.672,-0.0008616000132876625,0.00840224090791618,0.3192653180915969,0.011040694117099766,0.0,0.02340499999999999,False,True,True,NORMAL,1.0,False
1.673,-0.0008530385374660889,0.008720310171298868,0.3078198902467411,0.010317334765905559,0.0,0.02340499999999999,False,False,True,NORMAL,1.0,False
1.674,-0.0008441647240505945,0.009026907251262282,0.2971818540127256,0.009662812158258826,0.0,0.02340499999999999,False,False,True,NORMAL,1.0,False
1.675,-0.0008349896413080895,0.009322840193873104,0.28727060415238037,0.009070575611909592,0.0,0.02340499999999999,False,False,True,NORMAL,1.0,False
1.676,-0.0008255235897714263,0.009608836412546942,0.2780132758853057,0.008534697824444416,0.0,0.02340499999999999,False,False,True,NORMAL,1.0,False
1.677,-0.0008157761790008076,0.009885550431479083,0.2679562213599659,0.007938792538560224,0.0,0.022249999999999985,False,True,True,NORMAL,1.0,False
1.678,-0.0008057570905037982,0.010152184197579378,0.2585620082955704,0.007399595138286792,0.0,0.022249999999999985,False,False,True,NORMAL,1.0,False
1.679,-0.000795476072906494,0.010409401164028614,0.2497643790930642,0.006911709154811678,0.0,0.022249999999999985,False,False,True,NORMAL,1.0,False
1.68,-0.0007849422445183007,0.010657798503959905,0.2415034530260293,0.006470251661228121,0.0,0.022249999999999985,False,False,True,NORMAL,1.0,False
1.681,-0.0007741641564227136,0.010897913489764745,0.23372511999248027,0.006070804402561349,0.0,0.022249999999999985,False,False,True,NORMAL,1.0,False
1.682,-0.0007631498494919979,0.011130229265910747,0.22367700949952024,0.005493090981014946,0.0,0.01972000000000001,False,True,True,NORMAL,1.0,False
1.683,-0.0007519082569436706,0.011352478718429657,0.21428006798840862,0.00497035426029818,0.0,0.01972000000000001,False,False,True,NORMAL,1.0,False
1.684,-0.0007404491193083583,0.011565313635644317,0.2054701128360671,0.004497362515612237,0.0,0.01972000000000001,False,False,True,NORMAL,1.0,False
1.685,-0.0007287815574274678,0.011769321600484281,0.19718914160293238,0.004069381886598285,0.0,0.01972000000000001,False,False,True,NORMAL,1.0,False
1.686,-0.0007169141335676831,0.011965032173024283,0.18938474428409094,0.0036821289992718938,0.0,0.01972000000000001,False,False,True,NORMAL,1.0,False
1.687,-0.0007048549066468782,0.01215292248504129,0.18200957147519206,0.003331728096576512,0.0,0.012339999999999986,False,True,True,NORMAL,1.0,False
1.688,-0.0006926114821314613,0.012333422302527002,0.1750208531320902,0.003014672248504153,0.0,0.012339999999999986,False,False,True,NORMAL,1.0,False
1.689,-0.0006801910571118914,0.012506918606769545,0.16837996310953574,0.0027277882535611583,0.0,0.012339999999999986,False,False,True,NORMAL,1.0,False
1.69,-0.0006676004610149036,0.0126737597398015,0.16205202512241476,0.0024682048803010975,0.0,0.012339999999999986,False,False,True,NORMAL,1.0,False
1.691,-0.0006548461923673581,0.012834259155653198,0.15600555618761824,0.0022333241310753997,0.0,0.012339999999999986,False,False,True,NORMAL,1.0,False
1.692,-0.0006419344519871632,0.012988698814906729,0.15021214397974747,0.0020207952403996673,0.0,0.012165000000000002,False,True,True,NORMAL,1.0,False
1.693,-0.000628871172941011,0.013137332256477927,0.14464615487329296,0.001828491147702591,0.0,0.012165000000000002,False,False,True,NORMAL,1.0,False
1.694,-0.0006156620475763482,0.013280387377324928,0.13928446975105122,0.0016544872089888207,0.0,0.012165000000000002,False,False,True,NORMAL,1.0,False
1.695,-0.0006023125519057705,0.01341806894786054,0.1341062449364446,0.0014970419343549655,0.0,0.012165000000000002,False,False,True,NORMAL,1.0,False
1.696,-0.0005888279675955705,0.013550560888202265,0.1290926958588663,0.0013545795585733055,0.0,0.012165000000000002,False,False,True,NORMAL,1.0,False
1.697,-0.0005752134017862328,0.013678028328001992,0.12422690128869639,0.0012256742703037596,0.0,0.008934999999999998,False,True,True,NORMAL,1.0,False
1.698,-0.0005614738049510078,0.013800619470433187,0.1194936261845115,0.0011090359420947626,0.0,0.008934999999999998,False,False,True,NORMAL,1.0,False
1.699,-0.000547613986979098,0.013918467278955139,0.11487916138129065,0.001003497218354103,0.0,0.008934999999999998,False,False,True,NORMAL,1.0,False
1.7,-0.0005336386316522593,0.014031691003701925,0.11037117851697788,0.000908001832061794,0.0,0.008934999999999998,False,False,True,NORMAL,1.0,False
1.701,-0.000519552309667568,0.0141403975627405,0.10595859874727598,0.0008215940332947146,0.0,0.008934999999999998,False,False,True,NORMAL,1.0,False
1.702,-0.000505359490344591,0.014244682791991604,0.10163147393654733,0.0007434090237601397,0.0,0.005805000000000001,False,True,True,NORMAL,1.0,False
1.703,-0.0004910645521420556,0.014344632576294534,0.09738087913756768,0.000672664301603758,0.0,0.005805000000000001,False,False,True,NORMAL,1.0,False
1.704,-0.0004766717920972286,0.01444032387290913,0.09319881528586406,0.0006086518298681064,0.0,0.005805000000000001,False,False,True,NORMAL,1.0,False
1.705,-0.00046218543429046003,0.014531825637673596,0.08907812113660211,0.0005507309502207195,0.0,0.005805000000000001,False,False,True,NORMAL,1.0,False
1.706,-0.00044760963742761234,0.014619199663064388,0.08501239356449378,0.0004983219710302064,0.0,0.005805000000000001,False,False,True,NORMAL,1.0,False
1.707,-0.00043294850162429023,0.014702501336524502,0.08099591543089807,0.0004509003656175621,0.0,0.0019850000000000215,False,True,True,NORMAL,1.0,False
1.708,-0.0004182060744678187,0.014781780326630386,0.07702359029802444,0.00040799152261686506,0.0,0.0019850000000000215,False,False,True,NORMAL,1.0,False
1.709,-0.0004033863564257055,0.014857081203947266,0.07309088333867787,0.000369165995905204,0.0,0.0019850000000000215,False,False,True,NORMAL,1.0,False
1.71,-0.00038849330566280194,0.014928444002770937,0.06919376785199326,0.0003340352065615384,0.0,0.0019850000000000215,False,False,True,NORMAL,1.0,False
1.711,-0.0003735308423234705,0.014995904729364207,0.06532867685171267,0.00030224755383825077,0.0,0.0019850000000000215,False,False,True,NORMAL,1.0,False
1.712,-0.00035850285232972884,0.01505949582176259,0.06149245924432869,0.0002734848962226875,0.0,-0.002320000000000006,False,True,True,NORMAL,1.0,False
1.713,-0.00034341319074150493,0.015119246565740917,0.05768234016035184,0.00024745936736996887,0.0,-0.002320000000000006,False,False,True,NORMAL,1.0,False
1.714,-0.0003282656847207649,0.015175183471095687,0.05389588504352675,0.0002239104950398546,0.0,-0.002320000000000006,False,False,True,NORMAL,1.0,False
1.715,-0.000313064136137319,0.015227330612002564,0.05013096714043063,0.00020260259420301556,0.0,-0.002320000000000006,False,False,True,NORMAL,1.0,False
1.716,-0.0002978123238505297,0.015275709934850813,0.0463857380669185,0.00018332240822604387,0.0,-0.002320000000000006,False,False,True,NORMAL,1.0,False
1.717,-0.00028251400569790546,0.015320341536632724,0.04265860115867199,0.00016587697452738768,0.0,-0.0054950000000000086,False,True,True,NORMAL,1.0,False
1.718,-0.00026717292021863413,0.015361243916673255,0.038948187340970025,0.0001500916933429781,0.0,-0.0054950000000000086,False,False,True,NORMAL,1.0,False
1.719,-0.0002517927881374545,0.015398434204220147,0.03525333327801085,0.00013580858027310532,0.0,-0.0054950000000000086,False,False,True,NORMAL,1.0,False
1.72,-0.00023637731363186583,0.015431928364174955,0.031573061584925455,0.00012288468512144596,0.0,-0.0054950000000000086,False,False,True,NORMAL,1.0,False
1.721,-0.00022093018540350346,0.01546174138302854,0.027906562906263605,0.00011119066120145105,0.0,-0.0054950000000000086,False,False,True,NORMAL,1.0,False
1.722,-0.00020545507757254144,0.01548788743686825,0.024253179683409853,0.00010060947079123211,0.0,-0.005989999999999999,False,True,True,NORMAL,1.0,False
1.723,-0.00018995565041220668,0.015510380043146397,0.02061239145028569,9.103521378070275e-05,0.0,-0.005989999999999999,False,False,True,NORMAL,1.0,False
1.724,-0.00017443555093887866,0.015529232197738947,0.01698380151198531,8.237206778768267e-05,0.0,-0.005989999999999999,False,False,True,NORMAL,1.0,False
1.725,-0.0001588984133717926,0.015544456498677918,0.013367124874827578,7.453332913528982e-05,0.0,-0.005989999999999999,False,False,True,NORMAL,1.0,False
1.726,-0.00014334785947504687,0.015556065257809424,0.009762177308826413,6.74405450924e-05,0.0,-0.005989999999999999,False,False,True,NORMAL,1.0,False
1.727,-0.00012778749879342258,0.015564070601510232,0.006168865434909049,6.1022728692344915e-05,0.0,-0.012254999999999999,False,True,True,NORMAL,1.0,False
1.728,-0.00011222092879244385,0.015568484561488025,0.0025871777394614564,5.521564827149024e-05,0.0,-0.012254999999999999,False,False,True,NORMAL,1.0,False
1.729,-9.665173491213202e-05,0.015569319156593072,-0.00098282357194544,4.996118461715692e-05,0.0,-0.012254999999999999,False,False,True,NORMAL,1.0,False
1.73,-8.108349054302202e-05,0.01556658646648083,-0.004541009961403711,4.520674929100617e-05,0.0,-0.012254999999999999,False,False,True,NORMAL,1.0,False
1.731,-6.551975693221054e-05,0.015560298697885236,-0.008087193258252072,4.0904758306272965e-05,0.0,-0.012254999999999999,False,False,True,NORMAL,1.0,False
1.732,-4.996408302648132e-05,0.015550468244190232,-0.011621131736686639,3.7012155891233e-05,0.0,-0.014884999999999995,False,True,True,NORMAL,1.0,False
1.733,-3.442000525889857e-05,0.015537107738921772,-0.015142535630473382,3.3489983572567696e-05,0.0,-0.014884999999999995,False,False,True,NORMAL,1.0,False
1.734,-1.88910472846661e-05,0.015520230103723436,-0.01865107213821192,3.0302990265868853e-05,0.0,-0.014884999999999995,False,False,True,NORMAL,1.0,False
1.735,-3.3807196715141257e-06,0.015499848591325322,-0.022146369967510585,2.741927947093759e-05,0.0,-0.014884999999999995,False,False,True,NORMAL,1.0,False
1.736,1.2107480450610375e-05,0.015475976823967522,-0.025628023461827496,2.4809990040889557e-05,0.0,-0.014884999999999995,False,False,True,NORMAL,1.0,False
1.737,2.7570069776212967e-05,0.01544862882769567,-0.029095596349565215,2.2449007330096377e-05,0.0,-0.014454999999999999,False,True,True,NORMAL,1.0,False
1.738,4.300357924334175e-05,0.015417819062906497,-0.0325486251512362,2.0312701830034733e-05,0.0,-0.014454999999999999,False,False,True,NORMAL,1.0,False
1.739,5.840455448151907e-05,0.015383562451485467,-0.0359866222771047,1.8379692677222937e-05,0.0,-0.014454999999999999,False,False,True,NORMAL,1.0,False
1.74,7.376955628526181e-05,0.015345874400846159,-0.03940907884462374,1.6630633666352834e-05,0.0,-0.014454999999999999,False,False,True,NORMAL,1.0,False
1.741,8.909516111023221e-05,0.015304770825151724,-0.042815467242192776,1.5048019626964602e-05,0.0,-0.014454999999999999,False,False,True,NORMAL,1.0,False
1.742,0.00010437796158932811,0.015260268163972215,-0.04678198638422862,-3.2523422453717814e-05,0.0,-0.02048,False,True,True,NORMAL,1.0,False
1.743,0.0001196142788443415,0.015211807109639224,-0.05067552144541379,-7.556784327824968e-05,0.0,-0.02048,False,False,True,NORMAL,1.0,False
1.744,0.00013480019110361999,0.015159461033876352,-0.05450068512260367,-0.00011451604587797237,0.0,-0.02048,False,False,True,NORMAL,1.0,False
1.745,0.00014993184765933195,0.015103298691090948,-0.05826158672192919,-0.0001497578369554469,0.0,-0.02048,False,False,True,NORMAL,1.0,False
1.746,0.0001650054645018882,0.015043384721887793,-0.061961880698268426,-0.00018164592820095167,0.0,-0.02048,False,False,True,NORMAL,1.0,False
1.747,0.00018001732043360126,0.014979780108024901,-0.0710778605996524,-0.0006483434672043811,0.0,-0.025035,False,True,True,NORMAL,1.0,False
1.748,0.000194961018509382,0.014907073841229676,-0.07960970071895523,-0.0010706288633999808,0.0,-0.025035,False,False,True,NORMAL,1.0,False
1.749,0.00020982774933591658,0.0148258506249145,-0.08760912567505172,-0.0014527284909678995,0.0,-0.025035,False,False,True,NORMAL,1.0,False
1.75,0.00022460926235248727,0.01473664341284015,-0.09512288079118182,-0.0017984665314089566,0.0,-0.025035,False,False,True,NORMAL,1.0,False
1.7510000000000001,0.00023929781657161734,0.01463993839031106,-0.10219320690456118,-0.002111303247238455,0.0,-0.025035,False,False,True,NORMAL,1.0,False
1.752,0.00025388613606344305,0.014536179480374603,-0.10500130171889382,-0.0020858121507245785,0.0,-0.021824999999999997,False,True,True,NORMAL,1.0,False
1.7530000000000001,0.0002683692972155115,0.014429626352691113,-0.10781186706217745,-0.002062746852772057,0.0,-0.021824999999999997,False,False,True,NORMAL,1.0,False
1.754,0.00028274450468019556,0.014320276852862673,-0.11062138518391885,-0.002041876508126467,0.0,-0.021824999999999997,False,False,True,NORMAL,1.0,False
1.7550000000000001,0.0002970089627135142,0.014208132341715288,-0.1134266181151615,-0.0020229922393638308,0.0,-0.021824999999999997,False,False,True,NORMAL,1.0,False
1.756,0.0003111598785504063,0.014093197415342314,-0.11622458187654425,-0.00200590504637515,0.0,-0.021824999999999997,False,False,True,NORMAL,1.0,False
1.7570000000000001,0.0003251944655129477,0.013975479650950995,-0.12476192914537287,-0.002450396394282652,0.0,-0.026609999999999995,False,True,True,NORMAL,1.0,False
1.758,0.0003391070726637982,0.013849244495392446,-0.13273031806572574,-0.0028525887978626,0.0,-0.026609999999999995,False,False,True,NORMAL,1.0,False
1.7590000000000001,0.000352889467262727,0.013715061416899342,-0.14017906643285705,-0.0032165075338715563,0.0,-0.026609999999999995,False,False,True,NORMAL,1.0,False
1.76,0.0003665339613702784,0.013573450540695036,-0.14715275241106532,-0.0035457948233368103,0.0,-0.026609999999999995,False,False,True,NORMAL,1.0,False
1.7610000000000001,0.0003800333648751989,0.013424887390442182,-0.15369166673419066,-0.0038437462841286103,0.0,-0.026609999999999995,False,False,True,NORMAL,1.0,False
1.762,0.00039338094303715176,0.013269807177313636,-0.16133415657206246,-0.004233498689818628,0.0,-0.027860000000000003,False,True,True,NORMAL,1.0,False
1.7630000000000001,0.00040656962753593865,0.013107107927205024,-0.16846584371459983,-0.0045861612502564875,0.0,-0.027860000000000003,False,False,True,NORMAL,1.0,False
1.764,0.00041959205488909234,0.012937300897457584,-0.17512995783224503,-0.00490526353088103,0.0,-0.027860000000000003,False,False,True,NORMAL,1.0,False
1.7650000000000001,0.0004324413512486953,0.01276085409228143,-0.18136557535151268,-0.005193999214570728,0.0,-0.027860000000000003,False,False,True,NORMAL,1.0,False
1.766,0.0004451110912254151,0.012578196417593926,-0.1872080159658013,-0.0054552580650953615,0.0,-0.027860000000000003,False,False,True,NORMAL,1.0,False
1.7670000000000001,0.00045759526066906976,0.012389721439192173,-0.19497214214880318,-0.005874290107157939,0.0,-0.029760000000000005,False,True,True,NORMAL,1.0,False
1.768,0.00046988708214948475,0.01219350963816773,-0.2021829326680379,-0.006253445978172177,0.0,-0.029760000000000005,False,False,True,NORMAL,1.0,False
1.7690000000000001,0.0004819790956584218,0.011990114784596707,-0.2088869736692134,-0.006596520397533875,0.0,-0.029760000000000005,False,False,True,NORMAL,1.0,False
1.77,0.0004938643716559661,0.011780044036810492,-0.21512638679459936,-0.006906946969343301,0.0,-0.029760000000000005,False,False,True,NORMAL,1.0,False
1.7710000000000001,0.0005055364666916233,0.011563762407626303,-0.2209392554554184,-0.007187832547069096,0.0,-0.029760000000000005,False,False,True,NORMAL,1.0,False
1.772,0.0005169893832784533,0.011341696804138653,-0.2288892685617454,-0.007644328969430834,0.0,-0.031864999999999984,False,True,True,NORMAL,1.0,False
1.7730000000000001,0.0005282162696408692,0.011111712414401734,-0.23623352946058918,-0.008057384013583281,0.0,-0.031864999999999984,False,False,True,NORMAL,1.0,False
1.774,0.0005392095100085083,0.010874415404238759,-0.24302290877378385,-0.00843113167324091,0.0,-0.031864999999999984,False,False,True,NORMAL,1.0,False
1.7750000000000001,0.0005499620693319876,0.010630361040732927,-0.2493034139183279,-0.008769312540602503,0.0,-0.031864999999999984,False,False,True,NORMAL,1.0,False
1.776,0.0005604674448164126,0.01038005855732759,-0.2551166534628733,-0.009075311243455128,0.0,-0.031864999999999984,False,False,True,NORMAL,1.0,False
1.7770000000000001,0.0005707196220877472,0.010123975554388369,-0.25869192793029167,-0.009207523970317278,0.0,-0.030360000000000012,False,True,True,NORMAL,1.0,False
1.778,0.000580713939245422,0.009864348885467982,-0.26204659706745587,-0.009327154992722719,0.0,-0.030360000000000012,False,False,True,NORMAL,1.0,False
1.7790000000000001,0.0005904469630017596,0.009601399380714578,-0.26519518597338104,-0.009435401618153061,0.0,-0.030360000000000012,False,False,True,NORMAL,1.0,False
1.78,0.0005999154736321697,0.009335333331779442,-0.2681508217551393,-0.009533347215218558,0.0,-0.030360000000000012,False,False,True,NORMAL,1.0,False
1.7810000000000001,0.00060911645113583,0.00906634389034332,-0.2709253680457679,-0.009621972056375291,0.0,-0.030360000000000012,False,False,True,NORMAL,1.0,False
1.782,0.0006180470627276181,0.008794612332073454,-0.2820365048067559,-0.010382719775594533,0.0,-0.03744,False,True,True,NORMAL,1.0,False
1.7830000000000001,0.0006267004002597775,0.008511808936533138,-0.29216371318361983,-0.011071072777629618,0.0,-0.03744,False,False,True,NORMAL,1.0,False
1.784,0.0006350658840191538,0.008218918102595183,-0.30139220519180665,-0.011693920330688347,0.0,-0.03744,False,False,True,NORMAL,1.0,False
1.7850000000000001,0.0006431338760706504,0.007916838973499629,-0.3097990818564961,-0.01225749610242802,0.0,-0.03744,False,False,True,NORMAL,1.0,False
1.786,0.000650895599058184,0.007606393551046166,-0.3174541069721178,-0.01276744054859657,0.0,-0.03744,False,False,True,NORMAL,1.0,False
1.7870000000000001,0.0006583430627328485,0.007288334035723677,-0.3234831999794796,-0.013153880784880254,0.0,-0.036659999999999984,False,True,True,NORMAL,1.0,False
1.788,0.0006654694658316767,0.006964285936015368,-0.3289713883474552,-0.013503546370504388,0.0,-0.036659999999999984,False,False,True,NORMAL,1.0,False
1.7890000000000001,0.0006722690903068439,0.006634790404182577,-0.33396194187752076,-0.01381993687617656,0.0,-0.036659999999999984,False,False,True,NORMAL,1.0,False
1.79,0.000678736737618819,0.006300345295894638,-0.33849401946332697,-0.01410621884442006,0.0,-0.036659999999999984,False,False,True,NORMAL,1.0,False
1.7910000000000001,0.0006848676874957845,0.005961409282769366,-0.3426030621281526,-0.014365257481395763,0.0,-0.036659999999999984,False,False,True,NORMAL,1.0,False
1.792,0.0006906576606090242,0.005618405571723019,-0.34058375813908004,-0.014140654091557207,0.0,-0.031885,False,True,True,NORMAL,1.0,False
1.793,0.0006961056519974601,0.0052774581431848456,-0.3387577656668753,-0.013937424540213563,0.0,-0.031885,False,False,True,NORMAL,1.0,False
1.794,0.0007012136212608823,0.0049383736065810755,-0.33709981066490985,-0.013753534837707176,0.0,-0.031885,False,False,True,NORMAL,1.0,False
1.795,0.0007059833472462268,0.0046009838472365954,-0.33558703582735455,-0.013587144554087894,0.0,-0.031885,False,False,True,NORMAL,1.0,False
1.796,0.0007104164521147829,0.004265143608694299,-0.334198772132262,-0.013436588399471552,0.0,-0.031885,False,False,True,NORMAL,1.0,False
1.797,0.0007145144231059797,0.003930728303583377,-0.3327360999571483,-0.013285940984234227,0.0,-0.03173500000000002,False,True,True,NORMAL,1.0,False
1.798,0.0007182787222847809,0.0035978121215952757,-0.33137980027143227,-0.013149629565997094,0.0,-0.03173500000000002,False,False,True,NORMAL,1.0,False
1.799,0.0007217107955594489,0.0032662886054021715,-0.3301129855873616,-0.013026289894270586,0.0,-0.03173500000000002,False,False,True,NORMAL,1.0,False
1.8,0.0007248119908242744,0.0029360681838421403,-0.3289203945132771,-0.012914687544164171,0.0,-0.03173500000000002,False,False,True,NORMAL,1.0,False
1.801,0.0007275835740324825,0.0026070765452042522,-0.3277882384982041,-0.012813705561847136,0.0,-0.03173500000000002,False,False,True,NORMAL,1.0,False
1.802,0.0007300267437190735,0.002279253163831356,-0.3253222832388971,-0.012611790892508684,0.0,-0.030585,False,True,True,NORMAL,1.0,False
1.803,0.000732143334651312,0.001953930657777494,-0.3230267830887226,-0.012429090944440896,0.0,-0.030585,False,False,True,NORMAL,1.0,False
1.804,0.0007339357624274107,0.0016309384248956635,-0.32087916912296005,-0.012263777195155933,0.0,-0.030585,False,False,True,NORMAL,1.0,False
1.805,0.0007354062833284411,0.0013101284333824402,-0.3188590455125615,-0.012114195129087084,0.0,-0.030585,False,False,True,NORMAL,1.0,False
1.806,0.0007365570158018466,0.0009913730478548922,-0.3169479841102086,-0.011978847678640863,0.0,-0.030585,False,False,True,NORMAL,1.0,False
1.807,0.0007373899598737678,0.0006745630609242011,-0.3153936790814566,-0.011877527481477806,0.0,-0.030804999999999985,False,True,True,NORMAL,1.0,False
1.808,0.0007379068825841898,0.00035934177827479205,-0.31389117594737853,-0.01178584917588189,0.0,-0.030804999999999985,False,False,True,NORMAL,1.0,False
1.809,0.0007381093466903239,4.565726014855851e-05,-0.31242927907750284,-0.01170289521455657,0.0,-0.030804999999999985,False,False,True,NORMAL,1.0,False
1.81,0.0007379988686064825,-0.00026653124055398914,-0.3109978906553165,-0.011627835366375112,0.0,-0.030804999999999985,False,False,True,NORMAL,1.0,False
1.811,0.0007375769290476962,-0.0005772543764821173,-0.3095879075603639,-0.011559918407148432,0.0,-0.030804999999999985,False,False,True,NORMAL,1.0,False
1.812,0.000736844982626695,-0.0008865337008830407,-0.3034149757392101,-0.011116372415962262,0.0,-0.02682999999999999,False,True,True,NORMAL,1.0,False
1.813,0.0007358068533403035,-0.0011896101762778537,-0.29771006931861604,-0.010715035406517167,0.0,-0.02682999999999999,False,False,True,NORMAL,1.0,False
1.814,0.0007344685099136579,-0.0014869521571443693,-0.2924236197839639,-0.010351890663128593,0.0,-0.02682999999999999,False,False,True,NORMAL,1.0,False
1.815,0.0007328354775063789,-0.0017789784157984574,-0.2875108112045819,-0.010023303711147544,0.0,-0.02682999999999999,False,False,True,NORMAL,1.0,False
1.816,0.0007309128849178144,-0.002066062896812346,-0.2829311290352486,-0.009725985941916707,0.0,-0.02682999999999999,False,False,True,NORMAL,1.0,False
1.817,0.0007287055072635258,-0.002348539020054971,-0.2814175194136059,-0.0096785271047516,0.0,-0.029135000000000008,False,True,True,NORMAL,1.0,False
1.818,0.0007262164204872372,-0.0026294709629488752,-0.27989929532855673,-0.009635584573068135,0.0,-0.029135000000000008,False,False,True,NORMAL,1.0,False
1.819,0.0007234471710174474,-0.002908854288292888,-0.2783714390911831,-0.009596728563575742,0.0,-0.029135000000000008,False,False,True,NORMAL,1.0,False
1.82,0.0007203993122272337,-0.003186679545645254,-0.276829453336053,-0.009561570192271465,0.0,-0.029135000000000008,False,False,True,NORMAL,1.0,False
1.821,0.0007170744091872774,-0.0034629327918012714,-0.2752693126589124,-0.009529757582358151,0.0,-0.029135000000000008,False,False,True,NORMAL,1.0,False
1.822,0.0007134740429226003,-0.003737596062888166,-0.2685327799886573,-0.00908860115403236,0.0,-0.024844999999999985,False,True,True,NORMAL,1.0,False
1.823,0.0007096023902025251,-0.004005497220014953,-0.26227012084649676,-0.008689426310476086,0.0,-0.024844999999999985,False,False,True,NORMAL,1.0,False
1.824,0.0007054659760736301,-0.004267110524068615,-0.2564321535265603,-0.008328237975687719,0.0,-0.024844999999999985,False,False,True,NORMAL,1.0,False
1.825,0.0007010708759174859,-0.004522861039614361,-0.25097442121467656,-0.008001421255413104,0.0,-0.024844999999999985,False,False,True,NORMAL,1.0,False
1.826,0.0006964227622839121,-0.004773129361600084,-0.24585674319734058,-0.007705705258068842,0.0,-0.024844999999999985,False,False,True,NORMAL,1.0,False
1.827,0.000691526947221986,-0.005018255893091566,-0.2352213099085236,-0.006972410449857128,0.0,-0.01995999999999999,False,True,True,NORMAL,1.0,False
1.828,0.0006863913297764422,-0.0052527277999775005,-0.2254201808614291,-0.006308897868935667,0.0,-0.01995999999999999,False,False,True,NORMAL,1.0,False
1.829,0.0006810261472366863,-0.005477379927844926,-0.21637139896624094,-0.005708526858380317,0.0,-0.01995999999999999,False,False,True,NORMAL,1.0,False
1.83,0.0006754408430351268,-0.005692965135827822,-0.20800085077073396,-0.005165288703325773,0.0,-0.01995999999999999,False,False,True,NORMAL,1.0,False
1.831,0.0006696441448107694,-0.005900162143289688,-0.20024152053908362,-0.004673746493727602,0.0,-0.01995999999999999,False,False,True,NORMAL,1.0,False
1.832,0.0006636441349991913,-0.006099582630289749,-0.19565218940313747,-0.004438530637900323,0.0,-0.022180000000000005,False,True,True,NORMAL,1.0,False
1.833,0.0006574470056517175,-0.006294394975231767,-0.1913052154366944,-0.00422569853023245,0.0,-0.022180000000000005,False,False,True,NORMAL,1.0,False
1.834,0.0006510572436219194,-0.006484841862673788,-0.18717461796410995,-0.0040331200754551,0.0,-0.022180000000000005,False,False,True,NORMAL,1.0,False
1.835,0.0006444791060715092,-0.006671139989659676,-0.18323693742741265,-0.0038588678836650077,0.0,-0.022180000000000005,False,False,True,NORMAL,1.0,False
1.836,0.0006377166451969747,-0.0068534825877744916,-0.1794709960421395,-0.0037011979803585537,0.0,-0.022180000000000005,False,False,True,NORMAL,1.0,False
1.837,0.0006307737305538633,-0.007032041705760525,-0.17323830711832272,-0.0033489824241875418,0.0,-0.01571000000000001,False,True,True,NORMAL,1.0,False
1.838,0.0006236553782146643,-0.007204352963069652,-0.1673944882755658,-0.003030284609749664,0.0,-0.01571000000000001,False,False,True,NORMAL,1.0,False
1.839,0.000616367641471634,-0.007370805626224288,-0.16190044716928112,-0.002741914902199991,0.0,-0.01571000000000001,False,False,True,NORMAL,1.0,False
1.84,0.0006089162039011344,-0.007531749856401955,-0.1567208611004143,-0.0024809872005809603,0.0,-0.01571000000000001,False,False,True,NORMAL,1.0,False
1.841,0.0006013064165836674,-0.007687500480510807,-0.15182381866998318,-0.0022448900527539395,0.0,-0.01571000000000001,False,False,True,NORMAL,1.0,False
1.842,0.0005935433317320537,-0.007838340403777722,-0.14718049552290155,-0.0020312605191084836,0.0,-0.014245000000000002,False,True,True,NORMAL,1.0,False
1.843,0.0005856317330691958,-0.007984523697951721,-0.14276486093699778,-0.0018379605234685032,0.0,-0.014245000000000002,False,False,True,NORMAL,1.0,False
1.844,0.0005775761632643835,-0.008126278395980109,-0.13855341232185686,-0.001663055454507261,0.0,-0.014245000000000002,False,False,True,NORMAL,1.0,False
1.845,0.0005693809487077084,-0.00826380902107819,-0.1345249349714542,-0.0015047948035069691,0.0,-0.014245000000000002,False,False,True,NORMAL,1.0,False
1.846,0.0005610502218755662,-0.008397298875456344,-0.13066028466730756,-0.0013615946446791749,0.0,-0.014245000000000002,False,False,True,NORMAL,1.0,False
1.847,0.000552587941516159,-0.008526912111564023,-0.1269421909575784,-0.0012320217827030944,0.0,-0.008070000000000004,False,True,True,NORMAL,1.0,False
1.848,0.0005439979108621407,-0.008652795606534787,-0.12335507914449358,-0.001114779408825128,0.0,-0.008070000000000004,False,False,True,NORMAL,1.0,False
1.849,0.000535283794057848,-0.008775080658548113,-0.11988490919970592,-0.0010086941219609822,0.0,-0.008070000000000004,False,False,True,NORMAL,1.0,False
1.85,0.0005264491309707343,-0.008893884522042607,-0.1165190299966416,-0.0009127041849032244,0.0,-0.008070000000000004,False,False,True,NORMAL,1.0,False
1.851,0.0005174973505404924,-0.00900931179710368,-0.11324604740218587,-0.0008258488980984486,0.0,-0.008070000000000004,False,False,True,NORMAL,1.0,False
1.852,0.0005084317828047632,-0.009121455686890515,-0.11005570490877647,-0.0007472589846432425,0.0,-0.009239999999999991,False,True,True,NORMAL,1.0,False
1.853,0.0004992556697271169,-0.009230399135647677,-0.10693877561348934,-0.0006761478902687643,0.0,-0.009239999999999991,False,False,True,NORMAL,1.0,False
1.854,0.000489972174941047,-0.009336215858652887,-0.10388696446427186,-0.00061180391124125,0.0,-0.009239999999999991,False,False,True,NORMAL,1.0,False
1.855,0.0004805843925129081,-0.009438971274372154,-0.10089281979624401,-0.0005535830713918339,0.0,-0.009239999999999991,False,False,True,NORMAL,1.0,False
1.856,0.00047109535481694155,-0.009538723348116033,-0.09794965327397033,-0.0005009026769866033,0.0,-0.009239999999999991,False,False,True,NORMAL,1.0,False
1.857,0.0004615080396066843,-0.009635523355606293,-0.09505146743974276,-0.00045323548493185836,0.0,-0.005569999999999995,False,True,True,NORMAL,1.0,False
1.858,0.00045182537635904776,-0.009729416574062049,-0.0921928901440429,-0.0004101044259480188,0.0,-0.005569999999999995,False,False,True,NORMAL,1.0,False
1.859,0.0004420502519601031,-0.009820442907690257,-0.08936911520323687,-0.00037107782989992464,0.0,-0.005569999999999995,False,False,True,NORMAL,1.0,False
1.86,0.0004321855157950562,-0.009908637453810274,-0.08657584869188517,-0.0003357651054970348,0.0,-0.005569999999999995,False,False,True,NORMAL,1.0,False
1.861,0.0004222339842989586,-0.009994031015249353,-0.083809260333448,-0.0003038128311245085,0.0,-0.005569999999999995,False,False,True,NORMAL,1.0,False
1.862,0.0004121984450193343,-0.010076650564109488,-0.08106593950419717,-0.00027490121768089526,0.0,-0.004370000000000006,False,True,True,NORMAL,1.0,False
1.863,0.00040208166023704406,-0.010156519661520645,-0.07834285541132048,-0.00024874090802132253,0.0,-0.004370000000000006,False,False,True,NORMAL,1.0,False
1.864,0.0003918863701873125,-0.010233658837556255,-0.07563732104798508,-0.00022507008097393357,0.0,-0.004370000000000006,False,False,True,NORMAL,1.0,False
1.865,0.00038161529591886696,-0.010308085935089415,-0.07294696056593092,-0.00020365183094559839,0.0,-0.004370000000000006,False,False,True,NORMAL,1.0,False
1.866,0.0003712711418255388,-0.010379816421008705,-0.07026967974037204,-0.00018427179689111097,0.0,-0.004370000000000006,False,False,True,NORMAL,1.0,False
1.867,0.00036085659788141994,-0.010448863667887151,-0.06760363923293625,-0.0001667360169157996,0.0,-0.004064999999999994,False,True,True,NORMAL,1.0,False
1.868,0.0003503743416077228,-0.010515239208903512,-0.06494723038637852,-0.0001508689870396922,0.0,-0.004064999999999994,False,False,True,NORMAL,1.0,False
1.869,0.00033982703979682497,-0.01057895296854866,-0.062299053310146325,-0.00013651190469469573,0.0,-0.004064999999999994,False,False,True,NORMAL,1.0,False
1.87,0.00032921735001656746,-0.010640013471408843,-0.059657897038803406,-0.00012352107937511946,0.0,-0.004064999999999994,False,False,True,NORMAL,1.0,False
1.871,0.00031854792191569333,-0.010698428031099494,-0.057022721566066734,-0.0001117664945347979,0.0,-0.004064999999999994,False,False,True,NORMAL,1.0,False
1.872,0.00030782139834933784,-0.010754202921225997,-0.054392641575984474,-0.00010113050633779671,0.0,0.0010149999999999864,False,True,True,NORMAL,1.0,False
1.873,0.0002970404163416945,-0.010807343530069203,-0.05176691170976947,-9.150666623936122e-05,0.0,0.0010149999999999864,False,False,True,NORMAL,1.0,False
1.874,0.0002862076079013641,-0.01085785450053197,-0.04914491322217273,-8.279865561310191e-05,0.0,0.0010149999999999864,False,False,True,NORMAL,1.0,False
1.875,0.0002753256007034308,-0.010905739856736872,-0.046526141895189214,-7.491932176180774e-05,0.0,0.0010149999999999864,False,False,True,NORMAL,1.0,False
1.8760000000000001,0.0002643970186509852,-0.010951003118532863,-0.043910197089471865,-6.778980566395939e-05,0.0,0.0010149999999999864,False,False,True,NORMAL,1.0,False
1.877,0.00025342448232761684,-0.010993647405049115,-0.04129677182521683,-6.133875272613647e-05,0.0,-0.0008749999999999904,False,True,True,NORMAL,1.0,False
1.8780000000000001,0.00024241060935131325,-0.011033675528325898,-0.038685643794584924,-5.5501598642263496e-05,0.0,-0.0008749999999999904,False,False,True,NORMAL,1.0,False
1.879,0.0002313580146392234,-0.011071090077954435,-0.03607666721704779,-5.021992321233382e-05,0.0,-0.0008749999999999904,False,False,True,NORMAL,1.0,False
1.8800000000000001,0.00022026931059185452,-0.01110589349756898,-0.03346976545748146,-4.5440865653412286e-05,0.0,-0.0008749999999999904,False,False,True,NORMAL,1.0,False
1.881,0.00020914710720446896,-0.011138088153954218,-0.030864924334463598,-4.1116595551152485e-05,0.0,-0.0008749999999999904,False,False,True,NORMAL,1.0,False
1.8820000000000001,0.0001979940121127201,-0.01116767639945845,-0.028262186053136015,-3.7203834156933634e-05,0.0,0.0033449999999999903,False,True,True,NORMAL,1.0,False
1.883,0.00018681263057890952,-0.011194660628337396,-0.025661643703243524,-3.366342123959787e-05,0.0,0.0033449999999999903,False,False,True,NORMAL,1.0,False
1.8840000000000001,0.0001756055654246522,-0.011219043327594037,-0.02306343626861437,-3.0459923156694616e-05,0.0,0.0033449999999999903,False,False,True,NORMAL,1.0,False
1.885,0.00016437541691519743,-0.011240827122826145,-0.020467744099463673,-2.756127822267729e-05,0.0,0.0033449999999999903,False,False,True,NORMAL,1.0,False
1.8860000000000001,0.0001531247826001668,-0.011260014819544528,-0.017874784803530466,-2.493847582477804e-05,0.0,0.0033449999999999903,False,False,True,NORMAL,1.0,False
1.887,0.00014185625711502883,-0.011276609440380997,-0.015284809516248046,-2.256526607504436e-05,0.0,0.007640000000000004,False,True,True,NORMAL,1.0,False
1.8880000000000001,0.0001305724319472309,-0.01129061425856526,-0.012698099513937033,-2.041789709263757e-05,0.0,0.007640000000000004,False,False,True,NORMAL,1.0,False
1.889,0.00011927589517054823,-0.011302032828013907,-0.01011496313744032,-1.84748772870261e-05,0.0,0.007640000000000004,False,False,True,NORMAL,1.0,False
1.8900000000000001,0.0001079692311508821,-0.011310869010342067,-0.007535732996721923,-1.671676026292389e-05,0.0,0.007640000000000004,False,False,True,NORMAL,1.0,False
1.891,9.665502022644473e-05,-0.01131712699907883,-0.0049607634297596966,-1.5125950194230181e-05,0.0,0.007640000000000004,False,False,True,NORMAL,1.0,False
1.8920000000000001,8.533583836499933e-05,-0.011320811341340841,-0.002390428191602185,-1.3686525719087757e-05,0.0,0.009225,False,True,True,NORMAL,1.0,False
1.893,7.401425680058228e-05,-0.011321926957194323,0.0001748816482411965,-1.238408059354212e-05,0.0,0.009225,False,False,True,NORMAL,1.0,False
1.8940000000000001,6.269284165191484e-05,-0.01132047915691398,0.0027347596198275042,-1.1205579509009885e-05,0.0,0.009225,False,False,True,NORMAL,1.0,False
1.895,5.1374153524513035e-05,-0.011316473656327432,0.005288785596094098,-1.013922763052916e-05,0.0,0.009225,False,False,True,NORMAL,1.0,False
1.8960000000000001,4.006074709832491e-05,-0.011309916590415983,0.007836527381624785,-9.174352550086864e-06,0.0,0.009225,False,False,True,NORMAL,1.0,False
1.897,2.875517070256156e-05,-0.011300814525326346,0.010377542161493515,-8.301297473572219e-06,0.0,0.008815,False,True,True,NORMAL,1.0,False
1.8980000000000001,1.7459965879240856e-05,-0.011289174468933315,0.012911377823416583,-7.511324572335521e-06,0.0,0.008815,False,False,True,NORMAL,1.0,False
1.899,6.177666936829636e-06,-0.01127500388008013,0.015437574165182748,-6.79652753206213e-06,0.0,0.008815,False,False,True,NORMAL,1.0,False
1.9000000000000001,-5.08919950475067e-06,-0.01125831067661134,0.01795566399818939,-6.14975242372141e-06,0.0,0.008815,False,False,True,NORMAL,1.0,False
1.901,-1.6338114976599542e-05,-0.011239103242302073,0.020465174156879998,-5.564526104640465e-06,0.0,0.008815,False,False,True,NORMAL,1.0,False
1.9020000000000001,-2.7566569629737415e-05,-0.011217390432777903,0.022965626422943815,-5.0349914331165736e-06,0.0,0.012489999999999996,False,True,True,NORMAL,1.0,False
1.903,-3.87720627094635e-05,-0.011193181580510568,0.02545653837229296,-4.555848648174376e-06,0.0,0.012489999999999996,False,False,True,NORMAL,1.0,False
1.9040000000000001,-4.9952103034285855e-05,-0.011166486498966824,0.027937424152067344,-4.122302327776719e-06,0.0,0.012489999999999996,False,False,True,NORMAL,1.0,False
1.905,-6.110420947861191e-05,-0.011137315485980428,0.030407795194225453,-3.730013394629112e-06,0.0,0.012489999999999996,False,False,True,NORMAL,1.0,False
1.9060000000000001,-7.222591145845414e-05,-0.011105679326410722,0.03286716087165282,-3.37505568923575e-06,0.0,0.012489999999999996,False,False,True,NORMAL,1.0,False
1.907,-8.331474941946647e-05,-0.011071589294145326,0.03531502910215325,-3.053876675575652e-06,0.0,0.013385000000000001,False,True,True,NORMAL,1.0,False
1.9080000000000001,-9.436827532668131e-05,-0.011035057153499084,0.03775090690517532,-2.7632618861281124e-06,0.0,0.013385000000000001,False,False,True,NORMAL,1.0,False
1.909,-0.00010538405315536738,-0.01099609516005657,0.0401743009156625,-2.5003027504013365e-06,0.0,0.013385000000000001,False,False,True,NORMAL,1.0,False
1.9100000000000001,-0.00011635965938247316,-0.010954716061001048,0.042584717858995765,-2.2623674849813537e-06,0.0,0.013385000000000001,False,False,True,NORMAL,1.0,False
1.911,-0.000127292683478162,-0.010910933094968834,0.04498166499061772,-2.0470747537590356e-06,0.0,0.013385000000000001,False,False,True,NORMAL,1.0,False
1.9120000000000001,-0.0001381807283969818,-0.010864759991464388,0.04736465050358351,-1.8522698347179234e-06,0.0,0.014414999999999999,False,True,True,NORMAL,1.0,False
1.913,-0.00014902141106824617,-0.010816210969868246,0.04973318390697336,-1.6760030547520594e-06,0.0,0.014414999999999999,False,False,True,NORMAL,1.0,False
1.9140000000000001,-0.00015981236288523462,-0.010765300738066952,0.05208677637781969,-1.5165102766822342e-06,0.0,0.014414999999999999,False,False,True,NORMAL,1.0,False
1.915,-0.00017055123019284652,-0.010712044490731482,0.05442494108894796,-1.3721952431781513e-06,0.0,0.014414999999999999,False,False,True,NORMAL,1.0,False
1.9160000000000001,-0.00018123567477337001,-0.010656457907268298,0.05674719351489972,-1.2416136008785442e-06,0.0,0.014414999999999999,False,False,True,NORMAL,1.0,False
1.917,-0.00019186337433004904,-0.01059855714946493,0.05907107493417928,3.1839885766829754e-07,0.0,0.020015,False,True,True,NORMAL,1.0,False
1.9180000000000001,-0.00020243201396121814,-0.010538340849819835,0.061376338872288376,1.7299565027637511e-06,0.0,0.020015,False,False,True,NORMAL,1.0,False
1.919,-0.00021293928751574926,-0.01047582787152379,0.06366267133180127,3.0071866777608406e-06,0.0,0.020015,False,False,True,NORMAL,1.0,False
1.92,-0.0002233829078619153,-0.010411037389396848,0.0659297462571705,4.162872331542824e-06,0.0,0.020015,False,False,True,NORMAL,1.0,False
1.921,-0.00023376060720503372,-0.010343988901901918,0.06817722722341761,5.2085799545721135e-06,0.0,0.020015,False,False,True,NORMAL,1.0,False
1.922,-0.00024407013741627913,-0.010274702241469652,0.0703867457563389,4.712918037728887e-06,0.0,0.019229999999999997,False,True,True,NORMAL,1.0,False
1.923,-0.00025430927937798796,-0.010203215592317141,0.07257771655588142,4.264424588673706e-06,0.0,0.019229999999999997,False,False,True,NORMAL,1.0,False
1.924,-0.00026447584245296624,-0.010129547734949286,0.07474961879101913,3.858610934224575e-06,0.0,0.019229999999999997,False,False,True,NORMAL,1.0,False
1.925,-0.0002745676550441013,-0.010053717968180359,0.07690194203162995,3.4914155549290863e-06,0.0,0.019229999999999997,False,False,True,NORMAL,1.0,False
1.926,-0.0002845825651074541,-0.009975746098683003,0.07903418584015184,3.1591634360126213e-06,0.0,0.019229999999999997,False,False,True,NORMAL,1.0,False
1.927,-0.00029451844065510476,-0.009895652430946438,0.08114585940990067,2.8585292865952706e-06,0.0,0.019160000000000003,False,True,True,NORMAL,1.0,False
1.928,-0.00030437317024813756,-0.009813457757597182,0.08323648124546501,2.586504259063038e-06,0.0,0.019160000000000003,False,False,True,NORMAL,1.0,False
1.929,-0.00031414466348010677,-0.009729183350040227,0.08530557888102824,2.3403658355096118e-06,0.0,0.019160000000000003,False,False,True,NORMAL,1.0,False
1.93,-0.00032383085145128464,-0.009642850949382708,0.08735268863286139,2.117650579862088e-06,0.0,0.019160000000000003,False,False,True,NORMAL,1.0,False
1.931,-0.0003334296872339572,-0.00955448275760592,0.08937735538258657,1.9161294829847645e-06,0.0,0.019160000000000003,False,False,True,NORMAL,1.0,False
1.932,-0.00034293914632900073,-0.009464101428954892,0.09362602668450574,0.00018148532936385978,0.0,0.02186999999999999,False,True,True,NORMAL,1.0,False
1.933,-0.00035235610424937195,-0.009369484935745227,0.09763392911651221,0.0003439662605428538,0.0,0.02186999999999999,False,False,True,NORMAL,1.0,False
1.934,-0.0003616764463112794,-0.009270874333547322,0.10142082550524552,0.0004909850867909333,0.0,0.02186999999999999,False,False,True,NORMAL,1.0,False
1.935,-0.0003708962890011767,-0.009168490903555504,0.10500456665479703,0.0006240132219359228,0.0,0.02186999999999999,False,False,True,NORMAL,1.0,False
1.936,-0.0003800119611576431,-0.0090625380653291,0.10840127406179652,0.0007443820562666539,0.0,0.02186999999999999,False,False,True,NORMAL,1.0,False
1.937,-0.0003890199869746236,-0.008953203106747153,0.1130673625510774,0.0009686448657333093,0.0,0.023070000000000007,False,True,True,NORMAL,1.0,False
1.938,-0.0003979163500971302,-0.008839218026144676,0.1174345839012289,0.0011715662472126082,0.0,0.023070000000000007,False,False,True,NORMAL,1.0,False
1.939,-0.0004066965499335355,-0.008720881978290813,0.12152776052866456,0.001355177106094627,0.0,0.023070000000000007,False,False,True,NORMAL,1.0,False
1.94,-0.0004153563726309949,-0.008598469281438485,0.12536932628374156,0.0015213150815687976,0.0,0.023070000000000007,False,False,True,NORMAL,1.0,False
1.941,-0.00042389186743352504,-0.008472231806803069,0.12897955461192984,0.0016716429383345677,0.0,0.023070000000000007,False,False,True,NORMAL,1.0,False
1.942,-0.0004322993253154503,-0.008342401139790828,0.13571706775778786,0.002074889428170024,0.0,0.02584999999999999,False,True,True,NORMAL,1.0,False
1.943,-0.0004405735903875255,-0.00820585286108516,0.141934861389631,0.0024397619408648022,0.0,0.02584999999999999,False,False,True,NORMAL,1.0,False
1.944,-0.00044870820501487663,-0.008063107036469822,0.14767790972259995,0.0027699122431638383,0.0,0.02584999999999999,False,False,True,NORMAL,1.0,False
1.945,-0.00045669720913347177,-0.007914638734435441,0.15298688753493292,0.0030686445902598893,0.0,0.02584999999999999,False,False,True,NORMAL,1.0,False
1.946,-0.00046453509740311826,-0.007760882327291913,0.15789858035526577,0.0033389487958901025,0.0,0.02584999999999999,False,False,True,NORMAL,1.0,False
1.947,-0.00047221678045642395,-0.0076022353819327326,0.16099839057680873,0.0034677009520971414,0.0,0.024645000000000004,False,True,True,NORMAL,1.0,False
1.948,-0.00047973827341001187,-0.007440508904729546,0.16390438388292297,0.0035842007206860808,0.0,0.024645000000000004,False,False,True,NORMAL,1.0,False
1.949,-0.0004870965937056817,-0.007275896906312744,0.16663075482447104,0.0036896140704978835,0.0,0.024645000000000004,False,False,True,NORMAL,1.0,False
1.95,-0.0004942889456949959,-0.0071085791921194665,0.16919033174165474,0.0037849960137681165,0.0,0.024645000000000004,False,False,True,NORMAL,1.0,False
1.951,-0.0005013127071173699,-0.006938722729126177,0.17159470775814759,0.003871301165044007,0.0,0.024645000000000004,False,False,True,NORMAL,1.0,False
1.952,-0.0005081654168793808,-0.006766482881536534,0.17623943159912292,0.004140199078316596,0.0,0.026630000000000008,False,True,True,NORMAL,1.0,False
1.953,-0.0005148435720927436,-0.006589621332888866,0.1805180853686684,0.004383507971877423,0.0,0.026630000000000008,False,False,True,NORMAL,1.0,False
1.954,-0.0005213427341697695,-0.006408504384793691,0.18446065880179102,0.004603662962912188,0.0,0.026630000000000008,False,False,True,NORMAL,1.0,False
1.955,-0.0005276588158235577,-0.006223468331543785,0.18809427901471382,0.004802867436567815,0.0,0.026630000000000008,False,False,True,NORMAL,1.0,False
1.956,-0.000533788052492369,-0.006034822323853887,0.19144348402370864,0.0049831150981715835,0.0,0.026630000000000008,False,False,True,NORMAL,1.0,False
1.957,-0.0005397269764909443,-0.005842850958974842,0.19501709707481554,0.005185140074071264,0.0,0.027035000000000003,False,True,True,NORMAL,1.0,False
1.958,-0.0005454721504409126,-0.005647330379404128,0.19830147731385037,0.005367939831643109,0.0,0.027035000000000003,False,False,True,NORMAL,1.0,False
1.959,-0.0005510201698020411,-0.00544854998937913,0.20131916184330315,0.005533343892302016,0.0,0.027035000000000003,False,False,True,NORMAL,1.0,False
1.96,-0.0005563679081647781,-0.005246776641232539,0.20409054024243992,0.005683007675481284,0.0,0.027035000000000003,False,False,True,NORMAL,1.0,False
1.961,-0.0005615124957723985,-0.005042256783761034,0.20663406005726503,0.005818429066626707,0.0,0.027035000000000003,False,False,True,NORMAL,1.0,False
1.962,-0.0005664513000887457,-0.0048352184050241874,0.20862397162488333,0.0059135681197903436,0.0,0.026749999999999982,False,True,True,NORMAL,1.0,False
1.963,-0.0005711820793475466,-0.0046262149607125234,0.21045095898188318,0.0059996534950093145,0.0,0.026749999999999982,False,False,True,NORMAL,1.0,False
1.964,-0.000575702949976751,-0.00441540946775474,0.21212561249206485,0.006077546763653105,0.0,0.026749999999999982,False,False,True,NORMAL,1.0,False
1.965,-0.0005800121861226904,-0.004202954342721482,0.21365751723837673,0.006148027507735133,0.0,0.026749999999999982,False,False,True,NORMAL,1.0,False
1.966,-0.000584108209552497,-0.003988992407506866,0.2150553497884667,0.006211801122231569,0.0,0.026749999999999982,False,False,True,NORMAL,1.0,False
1.967,-0.0005879895805138095,-0.0037736577982075284,0.21441049708475662,0.006116188381747059,0.0,0.025155000000000004,False,True,True,NORMAL,1.0,False
1.968,-0.0005916559471969959,-0.0035589917466315574,0.21383200569571784,0.006029674396515713,0.0,0.025155000000000004,False,False,True,NORMAL,1.0,False
1.969,-0.0005951079449712671,-0.0033449278685233333,0.21330909574000734,0.005951393305494981,0.0,0.025155000000000004,False,False,True,NORMAL,1.0,False
1.97,-0.0005983461482112124,-0.0031314105584881223,0.21283201975043925,0.005880561645214744,0.0,0.025155000000000004,False,False,True,NORMAL,1.0,False
1.971,-0.000601371080559317,-0.002918393957178538,0.21239196541925878,0.005816470508611574,0.0,0.025155000000000004,False,False,True,NORMAL,1.0,False
1.972,-0.0006041832242043067,-0.002705841015775308,0.21195693664019769,0.005756555973645258,0.0,0.025135000000000015,False,True,True,NORMAL,1.0,False
1.973,-0.0006067830402772342,-0.0024937466605472205,0.21154609230974245,0.005702343060523512,0.0,0.025135000000000015,False,False,True,NORMAL,1.0,False
1.974,-0.0006091709752611303,-0.002282086674516985,0.21115271429790758,0.0056532891881902235,0.0,0.025135000000000015,False,False,True,NORMAL,1.0,False
1.975,-0.0006113474547802797,-0.0020708435562724736,0.21077073527251544,0.005608903409003506,0.0,0.025135000000000015,False,False,True,NORMAL,1.0,False
1.976,-0.0006133128899903034,-0.0018600058689260453,0.21039467774079085,0.005568741495166681,0.0,0.025135000000000015,False,False,True,NORMAL,1.0,False
1.977,-0.0006150676833476903,-0.001649567650057499,0.21053025668228662,0.0055732541163176046,0.0,0.02555999999999998,False,True,True,NORMAL,1.0,False
1.978,-0.000616611978620365,-0.0014390176209842557,0.21061293793091326,0.00557733730478838,0.0,0.02555999999999998,False,False,True,NORMAL,1.0,False
1.979,-0.000617945690437445,-0.0012284086503356938,0.21064329240519902,0.005581031926501631,0.0,0.02555999999999998,False,False,True,NORMAL,1.0,False
1.98,-0.0006190687860093844,-0.0010177930303273948,0.21062185337851844,0.005584374958473268,0.0,0.02555999999999998,False,False,True,NORMAL,1.0,False
1.981,-0.000619981284570394,-0.0008072225144414802,0.21054912103613707,0.005587399858890897,0.0,0.02555999999999998,False,False,True,NORMAL,1.0,False
1.982,-0.0006206832568562639,-0.0005967483505492525,0.20891161642555608,0.005469020888565824,0.0,0.02430000000000002,False,True,True,NORMAL,1.0,False
1.983,-0.000621175581195794,-0.0003879340684573507,0.2073702464555788,0.00536190716670713,0.0,0.02430000000000002,False,False,True,NORMAL,1.0,False
1.984,-0.000621459869366168,-0.0001806834225525919,0.2059118290310203,0.005264986663184287,0.0,0.02430000000000002,False,False,True,NORMAL,1.0,False
1.985,-0.000621537643490194,2.508665023659304e-05,0.2045244568727129,0.0051772893650219335,0.0,0.02430000000000002,False,False,True,NORMAL,1.0,False
1.986,-0.0006214103485812745,0.00022944730573503958,0.20319737707448393,0.005097937568183979,0.0,0.02430000000000002,False,False,True,NORMAL,1.0,False
1.987,-0.0006210793638733195,0.00043245894732411166,0.20176468090794905,0.005013640996595067,0.0,0.024169999999999976,False,True,True,NORMAL,1.0,False
1.988,-0.0006205460911104691,0.0006340161934511973,0.20038892501479466,0.004937366304409271,0.0,0.024169999999999976,False,False,True,NORMAL,1.0,False
1.989,-0.0006198119561782929,0.0008341761031068002,0.19906080234633555,0.004868350108870388,0.0,0.024169999999999976,False,False,True,NORMAL,1.0,False
1.99,-0.0006188783325566198,0.0010329864291424816,0.19777191609022976,0.00480590167269632,0.0,0.024169999999999976,False,False,True,NORMAL,1.0,False
1.991,-0.0006177465501704466,0.0012304865288371566,0.19651469388194714,0.004749395990948193,0.0,0.024169999999999976,False,False,True,NORMAL,1.0,False
1.992,-0.000616417903373185,0.0014267081886399978,0.19272902119999102,0.004494004417918752,0.0,0.022045000000000002,False,True,True,NORMAL,1.0,False
1.993,-0.0006148949341264606,0.0016191250919630595,0.18920912962039216,0.00426291656639065,0.0,0.022045000000000002,False,False,True,NORMAL,1.0,False
1.994,-0.0006131813142224889,0.0018080032385263275,0.18592653623570157,0.004053819631474485,0.0,0.022045000000000002,False,False,True,NORMAL,1.0,False
1.995,-0.0006112804636978059,0.0019935801376516995,0.18285549538510015,0.0038646209007657095,0.0,0.022045000000000002,False,False,True,NORMAL,1.0,False
1.996,-0.0006091955779546836,0.0021760675465586445,0.17997273884215959,0.0036934268097755,0.0,0.022045000000000002,False,False,True,NORMAL,1.0,False
1.997,-0.0006069296522741925,0.0023556539487442204,0.17480007556685268,0.0033419507782620544,0.0,0.017954999999999992,False,True,True,NORMAL,1.0,False
1.998,-0.0006044867319139436,0.002530051566048832,0.17001346374913784,0.003023922113405903,0.0,0.017954999999999992,False,False,True,NORMAL,1.0,False
1.999,-0.0006018718125386785,0.0026996467295057162,0.16557366119489456,0.002736157877436039,0.0,0.017954999999999992,False,False,True,NORMAL,1.0,False
2.0,-0.0005990895231075098,0.002864786515401699,0.16144518829056187,0.002475778029157977,0.0,0.017954999999999992,False,False,True,NORMAL,1.0,False
2.001,-0.0005961441632468813,0.003025782509310109,0.15759597046075138,0.00224017659953346,0.0,0.017954999999999992,False,False,True,NORMAL,1.0,False
2.0020000000000002,-0.0005930397370383151,0.00318291421243949,0.1565683268327245,0.002232700585421026,0.0,0.02214000000000002,False,True,True,NORMAL,1.0,False
2.003,-0.000589778698572214,0.003339001412646268,0.15551590516120786,0.0022259360081143312,0.0,0.02214000000000002,False,False,True,NORMAL,1.0,False
2.004,-0.0005863621046949437,0.0034940194688353222,0.1544381339212348,0.0022198151654500365,0.0,0.02214000000000002,False,False,True,NORMAL,1.0,False
2.005,-0.0005827910371786556,0.0036479431716070956,0.15333452858250526,0.0022142767979774717,0.0,0.02214000000000002,False,False,True,NORMAL,1.0,False
2.0060000000000002,-0.0005790666032460953,0.0038007468302476903,0.15220468393316816,0.002209265475853462,0.0,0.02214000000000002,False,False,True,NORMAL,1.0,False
2.007,-0.0005751899360122598,0.003952404352039005,0.14847695493629037,0.001999026068927232,0.0,0.017569999999999995,False,True,True,NORMAL,1.0,False
2.008,-0.0005711634798396257,0.004100320026294049,0.14497122275940835,0.0018087935867946907,0.0,0.017569999999999995,False,False,True,NORMAL,1.0,False
2.009,-0.000566990865494612,0.004244716095839336,0.14166417207797005,0.0016366641188353102,0.0,0.017569999999999995,False,False,True,NORMAL,1.0,False
2.0100000000000002,-0.0005626755131607595,0.0043857914815389025,0.13853473993235055,0.0014809149354790409,0.0,0.017569999999999995,False,False,True,NORMAL,1.0,False
2.011,-0.0005582206546342204,0.0045237240355087555,0.13556390182130826,0.001339987246549745,0.0,0.017569999999999995,False,False,True,NORMAL,1.0,False
2.012,-0.0005536293533730153,0.004658672580339804,0.13273447814303357,0.001212470600369186,0.0,0.014604999999999996,False,True,True,NORMAL,1.0,False
2.013,-0.0005489045226038746,0.004790778754684884,0.1300309590473765,0.001097088767482564,0.0,0.014604999999999996,False,False,True,NORMAL,1.0,False
2.0140000000000002,-0.0005440489416710885,0.004920168683628352,0.1274393459471171,0.0009926869677251765,0.0,0.014604999999999996,False,False,True,NORMAL,1.0,False
2.015,-0.0005390652707942553,0.005046954490503877,0.12494700810288155,0.0008982203127943946,0.0,0.014604999999999996,False,False,True,NORMAL,1.0,False
2.016,-0.000533956064385937,0.005171235665240039,0.12254255284717994,0.0008127433486563319,0.0,0.014604999999999996,False,False,True,NORMAL,1.0,False
2.017,-0.0005287237830658766,0.005293100302878247,0.12021570814955607,0.000735400593124095,0.0,0.012975000000000004,False,True,True,NORMAL,1.0,False
2.0180000000000002,-0.0005233708044954298,0.005412626224608988,0.11795721634836472,0.0006654179739045193,0.0,0.012975000000000004,False,False,True,NORMAL,1.0,False
2.019,-0.0005178994331441095,0.005529881992497436,0.11575873798645954,0.0006020950814224847,0.0,0.012975000000000004,False,False,True,NORMAL,1.0,False
2.02,-0.0005123119090894999,0.005644927828006349,0.11361276478920883,0.0005447981588864719,0.0,0.012975000000000004,False,False,True,NORMAL,1.0,False
2.021,-0.0005066104159421704,0.005757816443462192,0.11151254091476479,0.0004929537594375796,0.0,0.012975000000000004,False,False,True,NORMAL,1.0,False
2.0220000000000002,-0.0005007970879785091,0.005868593794740024,0.10945199168931226,0.00044604300690061904,0.0,0.013989999999999994,False,True,True,NORMAL,1.0,False
2.023,-0.0004948740165565138,0.00597729976265509,0.10742565911494488,0.00040359640269695184,0.0,0.013989999999999994,False,False,True,NORMAL,1.0,False
2.024,-0.0004888432558824457,0.006083968769836441,0.10542864350560702,0.00036518912694491126,0.0,0.013989999999999994,False,False,True,NORMAL,1.0,False
2.025,-0.00048270682818980006,0.0061886303392130575,0.10345655066788093,0.00033043678671963977,0.0,0.013989999999999994,False,False,True,NORMAL,1.0,False
2.0260000000000002,-0.00047646672838620697,0.0062913095996595565,0.10150544409890097,0.0002989915689194979,0.0,0.013989999999999994,False,False,True,NORMAL,1.0,False
2.027,-0.00047012492821859486,0.006392027743820565,0.09957180172389848,0.0002705387592356391,0.0,0.009474999999999987,False,True,True,NORMAL,1.0,False
2.028,-0.00046368338000216607,0.006490802442655218,0.09765247674132238,0.0002447935923854278,0.0,0.009474999999999987,False,False,True,NORMAL,1.0,False
2.029,-0.0004571440199544111,0.006587648220810989,0.09574466218459823,0.0002214984020857776,0.0,0.009474999999999987,False,False,True,NORMAL,1.0,False
2.0300000000000002,-0.000450508771171473,0.006682576796544953,0.0938458588467938,0.0002004200422423858,0.0,0.009474999999999987,False,False,True,NORMAL,1.0,False
2.031,-0.0004437795462806324,0.0067755973895567536,0.09195384624812288,0.00018134755354525832,0.0,0.009474999999999987,False,False,True,NORMAL,1.0,False
2.032,-0.00043695824979948,0.0068667169997773,0.09006665635667992,0.00016409005211702945,0.0,0.008595000000000007,False,True,True,NORMAL,1.0,False
2.033,-0.0004300467802294439,0.006955940659867547,0.08818254980036054,0.00014847481908295896,0.0,0.008595000000000007,False,False,True,NORMAL,1.0,False
2.0340000000000003,-0.00042304703190871473,0.007043271663919517,0.0862999943328613,0.0001343455719423808,0.0,0.008595000000000007,False,False,True,NORMAL,1.0,False
2.035,-0.00041596089664724055,0.007128711774614563,0.08441764533921864,0.00012156090044090808,0.0,0.008595000000000007,False,False,True,NORMAL,1.0,False
2.036,-0.000408790265164313,0.007212261410879217,0.08253432818676507,0.0001099928512890776,0.0,0.008595000000000007,False,False,True,NORMAL,1.0,False
2.037,-0.00040153702834732464,0.0072939198178847905,0.08064902224585613,9.952564756282223e-05,0.0,0.009125000000000005,False,True,True,NORMAL,1.0,False
2.0380000000000003,-0.0003942030783485186,0.007373685221061158,0.07876084642143871,9.005452996910095e-05,0.0,0.009125000000000005,False,False,True,NORMAL,1.0,False
2.039,-0.0003867903095349608,0.007451554965636183,0.07686904605165794,8.148470837968325e-05,0.0,0.009125000000000005,False,False,True,NORMAL,1.0,False
2.04,-0.00037930061930552484,0.007527525643068375,0.0749729810433866,7.37304131396857e-05,0.0,0.009125000000000005,False,False,True,NORMAL,1.0,False
2.041,-0.0003717359087873788,0.007601593205610192,0.07307211512694542,6.67140366560378e-05,0.0,0.009125000000000005,False,False,True,NORMAL,1.0,False
2.0420000000000003,-0.00036409808342328226,0.007673753070121647,0.07116600612348861,6.03653566746056e-05,0.0,0.0051899999999999915,False,True,True,NORMAL,1.0,False
2.043,-0.0003563890534599379,0.007744000212147278,0.06925429712866848,5.46208334722699e-05,0.0,0.0051899999999999915,False,False,True,NORMAL,1.0,False
2.044,-0.00034861073434667495,0.007812329251173153,0.0673367085253674,4.9422973930020814e-05,0.0,0.0051899999999999915,False,False,True,NORMAL,1.0,False
2.045,-0.00034076504705287113,0.007878734527893302,0.06541303074658728,4.4719756122498574e-05,0.0,0.0051899999999999915,False,False,True,NORMAL,1.0,False
2.0460000000000003,-0.000332853918311727,0.007943210174236048,0.06348311771709798,4.04641086650794e-05,0.0,0.0051899999999999915,False,False,True,NORMAL,1.0,False
2.047,-0.00032487928079729463,0.008005750176829276,0.06154688090924283,3.6613439607636944e-05,0.0,4.49999999999999e-05,False,True,True,NORMAL,1.0,False
2.048,-0.0003168430732410137,0.008066348434519047,0.05960428395444939,3.312921015998975e-05,0.0,4.49999999999999e-05,False,False,True,NORMAL,1.0,False
2.049,-0.00030874724049342395,0.008124998810497497,0.05765533775755834,2.99765489827358e-05,0.0,4.49999999999999e-05,False,False,True,NORMAL,1.0,False
2.05,-0.0003005937335361933,0.008181695179543057,0.05570009606611849,2.712390318316713e-05,0.0,4.49999999999999e-05,False,False,True,NORMAL,1.0,False
2.051,-0.00029238450944912186,0.008236431470828127,0.053738651451351656,2.4542722523314287e-05,0.0,4.49999999999999e-05,False,False,True,NORMAL,1.0,False
2.052,-0.0002841215313363481,0.008289201706706086,0.0517711316616138,2.2207173679568688e-05,0.0,0.0032100000000000028,False,True,True,NORMAL,1.0,False
2.053,-0.000275806768215592,0.00834000003785025,0.049797696312909034,2.009388169409705e-05,0.0,0.0032100000000000028,False,False,True,NORMAL,1.0,False
2.054,-0.00026744219487391443,0.008388820775082014,0.04781853388438781,1.8181696030406807e-05,0.0,0.0032100000000000028,False,False,True,NORMAL,1.0,False
2.055,-0.00025902979169315074,0.008435658418193279,0.04583385898981484,1.645147889166795e-05,0.0,0.0032100000000000028,False,False,True,NORMAL,1.0,False
2.056,-0.00025057154444788705,0.008480507682039236,0.04384390989875586,1.4885913683209917e-05,0.0,0.0032100000000000028,False,False,True,NORMAL,1.0,False
2.057,-0.00024206944407858315,0.00852336352015137,0.04184894628373193,1.3469331702221823e-05,0.0,0.00040500000000000605,False,True,True,NORMAL,1.0,False
2.058,-0.00023352548644220924,0.008564221146096737,0.03984924717185333,1.218755532010829e-05,0.0,0.00040500000000000605,False,False,True,NORMAL,1.0,False
2.059,-0.00022494167204254782,0.008603076052788074,0.037845109081491364,1.1027756088017207e-05,0.0,0.00040500000000000605,False,False,True,NORMAL,1.0,False
2.06,-0.0002163200057421174,0.008639924029929883,0.035836844326399234,9.978326345411823e-06,0.0,0.00040500000000000605,False,False,True,NORMAL,1.0,False
2.061,-0.0002076624964574983,0.008674761179768014,0.03382477947136888,9.028763046702626e-06,0.0,0.00040500000000000605,False,False,True,NORMAL,1.0,False
2.062,-0.00019897115683968112,0.00870758393129434,0.031809253925027196,8.169562643236888e-06,0.0,-0.0006850000000000068,False,True,True,NORMAL,1.0,False
2.063,-0.00019024800294091442,0.008738389053043744,0.0297906186567475,7.392125968589494e-06,0.0,-0.0006850000000000068,False,False,True,NORMAL,1.0,False
2.064,-0.00018149505386939703,0.008767173664607584,0.027769235025893145,6.688672175215085e-06,0.0,-0.0006850000000000068,False,False,True,NORMAL,1.0,False
2.065,-0.00017271433143304252,0.008793935246976036,0.02574547371273439,6.052160861110582e-06,0.0,-0.0006850000000000068,False,False,True,NORMAL,1.0,False
2.066,-0.00016390785977343577,0.008818671651811029,0.023719713741395327,5.476221607105589e-06,0.0,-0.0006850000000000068,False,False,True,NORMAL,1.0,False
2.067,-0.00015507766499100545,0.008841381109741845,0.021692341586108038,4.955090219566154e-06,0.0,-0.0022899999999999934,False,True,True,NORMAL,1.0,False
2.068,-0.0001462257747623477,0.00886206223776676,0.019663750352883185,4.4835510404074745e-06,0.0,-0.0022899999999999934,False,False,True,NORMAL,1.0,False
2.069,-0.00013735421795055744,0.008880714045836154,0.01763433902945913,4.056884747034739e-06,0.0,-0.0022899999999999934,False,False,True,NORMAL,1.0,False
2.07,-0.0001284650242093517,0.008897335942685427,0.015604511797073195,3.6708211197763804e-06,0.0,-0.0022899999999999934,False,False,True,NORMAL,1.0,False
2.071,-0.00011956022358170412,0.00891192774097957,0.0135746773982152,3.3214963040903297e-06,0.0,-0.0022899999999999934,False,False,True,NORMAL,1.0,False
2.072,-0.00011064184609365107,0.008924489661825403,0.011545248555081,3.0054141398090763e-06,0.0,-0.0036549999999999985,False,True,True,NORMAL,1.0,False
2.073,-0.00010171192134387629,0.008935022338702234,0.009516641433948736,2.719411170393609e-06,0.0,-0.0036549999999999985,False,False,True,NORMAL,1.0,False
2.074,-9.277247808963271e-05,0.008943526820856853,0.007489275151157046,2.4606249819970997e-06,0.0,-0.0036549999999999985,False,False,True,NORMAL,1.0,False
2.075,-8.382554382951634e-05,0.008950004576204526,0.005463571316777698,2.226465555465035e-06,0.0,-0.0036549999999999985,False,False,True,NORMAL,1.0,False
2.076,-7.48731443835672e-05,0.008954457493773688,0.0034399536124490025,2.014589344552981e-06,0.0,-0.0036549999999999985,False,False,True,NORMAL,1.0,False
2.077,-6.591730347113671e-05,0.008956887885728524,0.001418847400174578,1.8228758209280753e-06,0.0,-0.004470000000000001,False,True,True,NORMAL,1.0,False
2.078,-5.696004228692811e-05,0.008957298489000443,-0.0005993206408017287,1.6494062512087398e-06,0.0,-0.004470000000000001,False,False,True,NORMAL,1.0,False
2.079,-4.800337907558679e-05,0.008955692466556515,-0.0026141228516572937,1.4924444936360873e-06,0.0,-0.004470000000000001,False,False,True,NORMAL,1.0,False
2.08,-3.9049328705191136e-05,0.008952073408330371,-0.004625130908550256,1.3504196221836622e-06,0.0,-0.004470000000000001,False,False,True,NORMAL,1.0,False
2.081,-3.0099902239969596e-05,0.008946445331838694,-0.006631916116212359,1.221910204201761e-06,0.0,-0.004470000000000001,False,False,True,NORMAL,1.0,False
2.082,-2.1157106512548064e-05,0.008938812682504278,-0.008634049682505082,1.1056300742417134e-06,0.0,-0.00604,False,True,True,NORMAL,1.0,False
2.083,-1.2222943696011385e-05,0.008929180333704698,-0.010631102975683487,1.0004154616797783e-06,0.0,-0.00604,False,False,True,NORMAL,1.0,False
2.084,-3.299410876044776e-06,0.008917553586563931,-0.01262264776594445,9.05213343309583e-07,0.0,-0.00604,False,False,True,NORMAL,1.0,False
2.085,5.611500376595675e-06,0.008903938169502633,-0.014608256452683826,8.190709043319417e-07,0.0,-0.00604,False,False,True,NORMAL,1.0,False
2.086,1.4507804433049233e-05,0.008888340237561387,-0.016587502278749857,7.411260022640925e-07,0.0,-0.00604,False,False,True,NORMAL,1.0,False
2.087,2.3387522032532946e-05,0.008870766371509945,-0.01855995953285573,6.705985383279541e-07,0.0,-0.013144999999999999,False,True,True,NORMAL,1.0,False
2.088,3.224868070753219e-05,0.008851223576754316,-0.020525203741201724,6.067826499593544e-07,0.0,-0.013144999999999999,False,False,True,NORMAL,1.0,False
2.089,4.1089315207802594e-05,0.00882971928205251,-0.022482811849255616,5.490396462982397e-07,0.0,-0.013144999999999999,False,False,True,NORMAL,1.0,False
2.09,4.990746792299689e-05,0.00880626133804878,-0.02443236239454802,4.967916159558756e-07,0.0,-0.013144999999999999,False,False,True,NORMAL,1.0,False
2.091,5.870118930373973e-05,0.008780858015635377,-0.02637343567125596,4.495156430834265e-07,0.0,-0.013144999999999999,False,False,True,NORMAL,1.0,False
2.092,6.746853828098208e-05,0.008753518004150036,-0.028305613887272842,4.0673857385438155e-07,0.0,-0.014109999999999998,False,True,True,NORMAL,1.0,False
2.093,7.620758268347463e-05,0.008724250409416708,-0.030228481314394578,3.6803228098202703e-07,0.0,-0.014109999999999998,False,False,True,NORMAL,1.0,False
2.094,8.491639965320697e-05,0.008693064751636458,-0.032141624432190284,3.330093788776621e-07,0.0,-0.014109999999999998,False,False,True,NORMAL,1.0,False
2.095,9.359307605866593e-05,0.008659970963134834,-0.034044632066070016,3.0131934656542235e-07,0.0,-0.014109999999999998,False,False,True,NORMAL,1.0,False
2.096,0.0001022357089057722,0.00862497938597153,-0.03593709552001166,2.726450195505392e-07,0.0,-0.014109999999999998,False,False,True,NORMAL,1.0,False
2.097,0.00011084240574636058,0.008588100769417704,-0.03781860870436356,2.466994155304736e-07,0.0,-0.012735,False,True,True,NORMAL,1.0,False
2.098,0.00011941128508407355,0.008549346267305866,-0.0396887682590981,2.2322286217957402e-07,0.0,-0.012735,False,False,True,NORMAL,1.0,False
2.099,0.00012794047677754347,0.008508727435256913,-0.04154717367285439,2.019803982611626e-07,0.0,-0.012735,False,False,True,NORMAL,1.0,False
2.1,0.00013642812244074224,0.008466256227788531,-0.04339342739807409,1.8275942205650517e-07,0.0,-0.012735,False,False,True,NORMAL,1.0,False
2.101,0.00014487237584038203,0.00842194499530887,-0.04522713496250457,1.6536756357535232e-07,0.0,-0.012735,False,False,True,NORMAL,1.0,False
2.102,0.00015327140329025402,0.008375806480999145,-0.04704790507731522,1.4963075925241918e-07,0.0,-0.015615,False,True,True,NORMAL,1.0,False
2.103,0.00016162338404239587,0.008327853817588549,-0.04885534974204864,1.3539150986071922e-07,0.0,-0.015615,False,False,True,NORMAL,1.0,False
2.104,0.00016992651067498183,0.00827810052402468,-0.05064908434660536,1.2250730420636334e-07,0.0,-0.015615,False,False,True,NORMAL,1.0,False
2.105,0.00017817898947683226,0.008226560502042412,-0.05242872777044052,1.1084919282863166e-07,0.0,-0.015615,False,False,True,NORMAL,1.0,False
2.106,0.0001863790408284427,0.008173248032634053,-0.0541939024791328,1.0030049743042926e-07,0.0,-0.015615,False,False,True,NORMAL,1.0,False
2.107,0.00019452489957943504,0.008118177772423397,-0.055944234618468945,9.075564312267201e-08,0.0,-0.013719999999999996,False,True,True,NORMAL,1.0,False
2.108,0.0002026148154223357,0.008061364749946178,-0.05767935410617236,8.211910179531152e-08,0.0,-0.013719999999999996,False,False,True,NORMAL,1.0,False
2.109,0.00021064705326258863,0.008002824361839281,-0.05939889472139086,7.43044360399018e-08,0.0,-0.013719999999999996,False,False,True,NORMAL,1.0,False
2.11,0.00021861989358471303,0.007942572368940968,-0.06110249419204619,6.723343405496285e-08,0.0,-0.013719999999999996,False,False,True,NORMAL,1.0,False
2.111,0.00022653163281451764,0.007880624892304263,-0.06278979428013691,6.083532687598353e-08,0.0,-0.013719999999999996,False,False,True,NORMAL,1.0,False
2.112,0.00023438058367728602,0.007816998409125543,-0.06446044086507648,5.5046080095838556e-08,0.0,-0.016044999999999997,False,True,True,NORMAL,1.0,False
2.113,0.0002421650755518489,0.007751709748590322,-0.06611408402513914,4.980775298691918e-08,0.0,-0.016044999999999997,False,False,True,NORMAL,1.0,False
2.114,0.00024988345482046184,0.007684776087638117,-0.06775037811707844,4.50679186108568e-08,0.0,-0.016044999999999997,False,False,True,NORMAL,1.0,False
2.115,0.00025753408521440803,0.007616214946648232,-0.06936898185397523,4.0779139112102434e-08,0.0,-0.016044999999999997,False,False,True,NORMAL,1.0,False
2.116,0.00026511534815524813,0.007546044185048242,-0.0709695583813664,3.6898490943923975e-08,0.0,-0.016044999999999997,False,False,True,NORMAL,1.0,False
2.117,0.0002726256430916408,0.007474281996846908,-0.07274402299202999,-1.5346424091236177e-05,0.0,-0.020159999999999997,False,True,True,NORMAL,1.0,False
2.118,0.0002800632917576851,0.0074007548097704,-0.07448119573485112,-2.9265829977310287e-05,0.0,-0.020159999999999997,False,False,True,NORMAL,1.0,False
2.119,0.00028742654785693334,0.007325500084793648,-0.07618248126074872,-4.186062925986012e-05,0.0,-0.020159999999999997,False,False,True,NORMAL,1.0,False
2.12,0.00029471370185054724,0.007248553875134088,-0.0778491246656163,-5.325687492336367e-05,0.0,-0.020159999999999997,False,False,True,NORMAL,1.0,False
2.121,0.00030192307962932934,0.007169950985839387,-0.07948222720066858,-6.356862442483172e-05,0.0,-0.020159999999999997,False,False,True,NORMAL,1.0,False
2.122,0.0003090530413374851,0.007089725117659254,-0.0808905128523313,-5.7519269992662365e-05,0.0,-0.019399999999999997,False,True,True,NORMAL,1.0,False
2.123,0.0003161020764071188,0.0070081010930148225,-0.0822856886779674,-5.204558774747386e-05,0.0,-0.019399999999999997,False,False,True,NORMAL,1.0,False
2.124,0.0003230687932856913,0.00692509216862445,-0.08366677668268707,-4.709279523758822e-05,0.0,-0.019399999999999997,False,False,True,NORMAL,1.0,False
2.125,0.0003299518141656286,0.006840712576941002,-0.08503286859331388,-4.261132325087546e-05,0.0,-0.019399999999999997,False,False,True,NORMAL,1.0,False
2.126,0.0003367497759251773,0.006754977456375296,-0.08638311976409556,-3.8556319709417795e-05,0.0,-0.019399999999999997,False,False,True,NORMAL,1.0,False
2.1270000000000002,0.0003434613310025311,0.0066679027876168995,-0.08834755623651772,-8.535220636183018e-05,0.0,-0.020525000000000005,False,True,True,NORMAL,1.0,False
2.128,0.0003500848329663074,0.006578875019408615,-0.09023358589172087,-0.00012769487561510243,0.0,-0.020525000000000005,False,False,True,NORMAL,1.0,False
2.129,0.0003566183679733493,0.0064879727164636365,-0.09204619320788635,-0.0001660081071349839,0.0,-0.020525000000000005,False,False,True,NORMAL,1.0,False
2.13,0.00036306009825132126,0.006395269454106299,-0.09378986819545733,-0.0002006753526200474,0.0,-0.020525000000000005,False,False,True,NORMAL,1.0,False
2.1310000000000002,0.000369408257356613,0.006300834312911635,-0.09546865404354501,-0.00023204357351517104,0.0,-0.020525000000000005,False,False,True,NORMAL,1.0,False
2.132,0.0003756611459030536,0.006204732325680415,-0.096455377665849,-0.00020996170793130471,0.0,-0.01969,False,True,True,NORMAL,1.0,False
2.133,0.0003818174429587638,0.006107655197341248,-0.097445172582871,-0.000189981209690982,0.0,-0.01969,False,False,True,NORMAL,1.0,False
2.134,0.0003878761718843388,0.00600959996866331,-0.0984353149676229,-0.00017190210725213638,0.0,-0.01969,False,False,True,NORMAL,1.0,False
2.1350000000000002,0.00039383635444246095,0.005910566402431589,-0.09942332258921313,-0.00015554345888096368,0.0,-0.01969,False,False,True,NORMAL,1.0,False
2.136,0.0003996970133990785,0.005810556741734881,-0.10040693239897289,-0.00014074154172623361,0.0,-0.01969,False,False,True,NORMAL,1.0,False
2.137,0.000405457174894082,0.005709575490677196,-0.102315279760364,-0.0002018441738543808,0.0,-0.020775,False,True,True,NORMAL,1.0,False
2.138,0.00041111540524452265,0.005606698748812303,-0.10412516582504122,-0.00025713212174441455,0.0,-0.020775,False,False,True,NORMAL,1.0,False
2.1390000000000002,0.00041666985823576673,0.005502025113070462,-0.10584323984467495,-0.0003071587257617394,0.0,-0.020775,False,False,True,NORMAL,1.0,False
2.14,0.0004221187829235129,0.005395646525277461,-0.10747550430788012,-0.00035242466897388296,0.0,-0.020775,False,False,True,NORMAL,1.0,False
2.141,0.0004274605173021511,0.005287648919156925,-0.10902737712365589,-0.00039338298815492134,0.0,-0.020775,False,False,True,NORMAL,1.0,False
2.142,0.0004326934825890239,0.0051781128051253695,-0.111807427200338,-0.0005347379528095665,0.0,-0.021859999999999997,False,True,True,NORMAL,1.0,False
2.1430000000000002,0.0004378155265637056,0.00506581114560893,-0.11439022537092515,-0.0006626412140542399,0.0,-0.021859999999999997,False,False,True,NORMAL,1.0,False
2.144,0.0004428239823591897,0.004950941348219846,-0.11679146893711306,-0.000778372870717249,0.0,-0.021859999999999997,False,False,True,NORMAL,1.0,False
2.145,0.0004477163726641011,0.004833685113427117,-0.11902535157102878,-0.0008830912041172303,0.0,-0.021859999999999997,False,False,True,NORMAL,1.0,False
2.146,0.00045249039476756656,0.004714209938768715,-0.12110470711250428,-0.0009778442705318982,0.0,-0.021859999999999997,False,False,True,NORMAL,1.0,False
2.1470000000000002,0.00045714390703637973,0.004592670479210551,-0.120806260864368,-0.000884790084989339,0.0,-0.019644999999999992,False,True,True,NORMAL,1.0,False
2.148,0.0004616760335473979,0.004471442897093169,-0.1205916615938739,-0.0008005911760055707,0.0,-0.019644999999999992,False,False,True,NORMAL,1.0,False
2.149,0.0004660870442646219,0.004350443376366615,-0.12045031068158049,-0.000724404852599253,0.0,-0.019644999999999992,False,False,True,NORMAL,1.0,False
2.15,0.0004703771306357063,0.004229598700682651,-0.12037261014954073,-0.000655468616438628,0.0,-0.019644999999999992,False,False,True,NORMAL,1.0,False
2.1510000000000002,0.0004745464156912025,0.004108845252349014,-0.12034986804031822,-0.0005930925305019308,0.0,-0.019644999999999992,False,False,True,NORMAL,1.0,False
2.152,0.00047859496319007923,0.003988128105942742,-0.12037421280112919,-0.0005366523139557806,0.0,-0.019210000000000012,False,True,True,NORMAL,1.0,False
2.153,0.00048252278590167684,0.0038674002075738873,-0.12043851581602276,-0.00048558309414277164,0.0,-0.019210000000000012,False,False,True,NORMAL,1.0,False
2.154,0.0004863298531056692,0.0037466216316483585,-0.12053632131057382,-0.00043937375314605774,0.0,-0.019210000000000012,False,False,True,NORMAL,1.0,False
2.1550000000000002,0.000490016097383846,0.0036257589077544686,-0.12066178292736515,-0.0003975618123494479,0.0,-0.019210000000000012,False,False,True,NORMAL,1.0,False
2.156,0.0004935814207705028,0.003504784410999766,-0.12080960633731241,-0.0003597288037959711,0.0,-0.019210000000000012,False,False,True,NORMAL,1.0,False
2.157,0.0004970257003218703,0.0033836758097599215,-0.12396084347620655,-0.0005643637751316681,0.0,-0.02248499999999999,False,True,True,NORMAL,1.0,False
2.158,0.0005003473010103546,0.0032594320693629026,-0.12683635525931067,-0.0007495251542349227,0.0,-0.02248499999999999,False,False,True,NORMAL,1.0,False
2.1590000000000003,0.0005035432256055097,0.003132329050662151,-0.1294590455675165,-0.0009170660984226891,0.0,-0.02248499999999999,False,False,True,NORMAL,1.0,False
2.16,0.0005066107412814002,0.0030026196976395397,-0.13184963900698501,-0.0010686634137768544,0.0,-0.02248499999999999,False,False,True,NORMAL,1.0,False
2.161,0.0005095473577896611,0.002870536217541616,-0.13402688904377494,-0.0012058343371831005,0.0,-0.02248499999999999,False,False,True,NORMAL,1.0,False
2.162,0.000512350807708599,0.002736292052799897,-0.13441571555898546,-0.0012025876596280687,0.0,-0.021160000000000005,False,True,True,NORMAL,1.0,False
2.1630000000000003,0.0005150198241826213,0.002601674462224116,-0.1347775964380757,-0.0011996499442919785,0.0,-0.021160000000000005,False,False,True,NORMAL,1.0,False
2.164,0.0005175540472657237,0.002466710412230186,-0.13511212362228744,-0.001196991789532346,0.0,-0.021160000000000005,False,False,True,NORMAL,1.0,False
2.165,0.0005199531441812307,0.0023314272739394463,-0.13541893074722233,-0.0011945865916429001,0.0,-0.021160000000000005,False,False,True,NORMAL,1.0,False
2.166,0.0005222168097056491,0.002195852781471616,-0.13569768983841282,-0.0011924102785947485,0.0,-0.021160000000000005,False,False,True,NORMAL,1.0,False
2.1670000000000003,0.000524344766512468,0.002060014993544264,-0.13600217796840763,-0.0011947666410228762,0.0,-0.021204999999999995,False,True,True,NORMAL,1.0,False
2.168,0.0005263367384582495,0.0019238882309752141,-0.13627283307354773,-0.0011968987659183002,0.0,-0.021204999999999995,False,False,True,NORMAL,1.0,False
2.169,0.0005281924534869245,0.0017875063326522373,-0.13650991143733143,-0.001198827992303606,0.0,-0.021204999999999995,False,False,True,NORMAL,1.0,False
2.17,0.0005299116732519678,0.0016509028775764253,-0.13671365115461856,-0.0012005736285248929,0.0,-0.021204999999999995,False,False,True,NORMAL,1.0,False
2.1710000000000003,0.0005314941928656113,0.0015141112030657346,-0.13688427451806354,-0.0012021531454961922,0.0,-0.021204999999999995,False,False,True,NORMAL,1.0,False
2.172,0.0005329398406650658,0.0013771644205719305,-0.14327003848569614,-0.0017034262164158744,0.0,-0.026405000000000005,False,True,True,NORMAL,1.0,False
2.173,0.0005342453555893301,0.001233852298850046,-0.1490184440513468,-0.0021569968476377963,0.0,-0.026405000000000005,False,False,True,NORMAL,1.0,False
2.174,0.0005354046910517328,0.001084812410368487,-0.15418583068331237,-0.0025674045264895804,0.0,-0.026405000000000005,False,False,True,NORMAL,1.0,False
2.1750000000000003,0.0005364124098590444,0.0009306259607822821,-0.1588231905465079,-0.0029387567509639597,0.0,-0.026405000000000005,False,False,True,NORMAL,1.0,False
2.176,0.0005372636305190422,0.0007718231383655964,-0.1629766783110737,-0.003274770138939267,0.0,-0.026405000000000005,False,False,True,NORMAL,1.0,False
2.177,0.0005379539786425353,0.0006088879534354069,-0.15899215908946185,-0.002963134557179067,0.0,-0.01954999999999999,False,True,True,NORMAL,1.0,False
2.178,0.0005384833889153759,0.00044995247222658736,-0.15534812898943737,-0.002681155022011033,0.0,-0.01954999999999999,False,False,True,NORMAL,1.0,False
2.179,0.0005388556907350746,0.0002946760238821889,-0.15200966179459768,-0.0024260093874706092,0.0,-0.01954999999999999,False,False,True,NORMAL,1.0,False
2.18,0.0005390743902951076,0.0001427528745769419,-0.14894516800688842,-0.002195144070289906,0.0,-0.01954999999999999,False,False,True,NORMAL,1.0,False
2.181,0.0005391427038531451,-6.091110503149145e-06,-0.14612607786092874,-0.0019862484927780652,0.0,-0.01954999999999999,False,False,True,NORMAL,1.0,False
2.182,0.0005390635878197946,-0.00015210148806970187,-0.14352655449963825,-0.0017972319577831207,0.0,-0.01828000000000001,False,True,True,NORMAL,1.0,False
2.183,0.0005388397659698864,-0.0002954979707025621,-0.14112323444082298,-0.0016262027242921915,0.0,-0.01828000000000001,False,False,True,NORMAL,1.0,False
2.184,0.0005384737540495905,-0.00043647690118386103,-0.13889499273752695,-0.00147144907425159,0.0,-0.01828000000000001,False,False,True,NORMAL,1.0,False
2.185,0.000537967882026651,-0.0005752134918990481,-0.13682273048211305,-0.0013314221811172116,0.0,-0.01828000000000001,False,False,True,NORMAL,1.0,False
2.186,0.0005373243142074965,-0.0007118638516574568,-0.13488918252767432,-0.0012047206086779035,0.0,-0.01828000000000001,False,False,True,NORMAL,1.0,False
2.187,0.0005365450674236949,-0.0008465668201577256,-0.13307874350273005,-0.0010900762850108237,0.0,-0.01958499999999999,False,True,True,NORMAL,1.0,False
2.188,0.0005356320274709597,-0.000979445628398587,-0.13137731037826086,-0.0009863418111914243,0.0,-0.01958499999999999,False,False,True,NORMAL,1.0,False
2.189,0.0005345869639664829,-0.0011106094015939081,-0.12977214001180978,-0.0008924789777393602,0.0,-0.01958499999999999,False,False,True,NORMAL,1.0,False
2.19,0.0005334115437746003,-0.0012401545195749677,-0.12825172024328582,-0.0008075483738690552,0.0,-0.01958499999999999,False,False,True,NORMAL,1.0,False
2.191,0.0005321073431365249,-0.0013681658482370322,-0.12680565325274773,-0.0007306999855508136,0.0,-0.01958499999999999,False,False,True,NORMAL,1.0,False
2.192,0.0005306758586269693,-0.0014947178542970578,-0.1254245500131814,-0.0006611646882847111,0.0,-0.019140000000000004,False,True,True,NORMAL,1.0,False
2.193,0.0005291185170487998,-0.0016198756144618998,-0.1240999347823382,-0.0005982465494440881,0.0,-0.019140000000000004,False,False,True,NORMAL,1.0,False
2.194,0.000527436684366289,-0.0017436957290500638,-0.1228241586781888,-0.0005413158631479107,0.0,-0.019140000000000004,False,False,True,NORMAL,1.0,False
2.195,0.0005256316737679703,-0.001866227149154204,-0.12159032147347028,-0.0004898028479526623,0.0,-0.019140000000000004,False,False,True,NORMAL,1.0,False
2.196,0.0005237047529414442,-0.001987511925566718,-0.12039220082707669,-0.0004431919442881466,0.0,-0.019140000000000004,False,False,True,NORMAL,1.0,False
2.197,0.000521657150634652,-0.0021075858869082226,-0.11922418824448466,-0.0004010166545640234,0.0,-0.016149999999999994,False,True,True,NORMAL,1.0,False
2.198,0.0005194900625710509,-0.0022264792536906106,-0.11808123112676465,-0.0003628548743051292,0.0,-0.016149999999999994,False,False,True,NORMAL,1.0,False
2.199,0.0005172046567797083,-0.002344217194405687,-0.11695878032867602,-0.00032832466758801575,0.0,-0.016149999999999994,False,False,True,NORMAL,1.0,False
2.2,0.0005148020783955362,-0.0024608203291506463,-0.11585274270149287,-0.00029708044449785483,0.0,-0.016149999999999994,False,False,True,NORMAL,1.0,False
2.201,0.0005122834539796359,-0.002576305185777106,-0.11475943814610759,-0.0002688095023484141,0.0,-0.016149999999999994,False,False,True,NORMAL,1.0,False
2.202,0.0005096498954049715,-0.002690684613075751,-0.11367556074711083,-0.00024322889604847024,0.0,-0.016075,False,True,True,NORMAL,1.0,False
2.203,0.0005069025033482989,-0.002803968155079193,-0.11259814359940137,-0.0002200826062922346,0.0,-0.016075,False,False,True,NORMAL,1.0,False
2.204,0.0005040423704253824,-0.0029161623901770386,-0.11152452697584661,-0.00019913897723209016,0.0,-0.016075,False,False,True,NORMAL,1.0,False
2.205,0.0005010705840030173,-0.0030272712383855403,-0.11045232951796316,-0.0001801883979890062,0.0,-0.016075,False,False,True,NORMAL,1.0,False
2.206,0.0004979882287181913,-0.0031372962397960536,-0.10937942216185408,-0.00016304120479640824,0.0,-0.016075,False,False,True,NORMAL,1.0,False
2.207,0.0004947963887318384,-0.0032462368069386465,-0.10830390453902387,-0.00014752578278145413,0.0,-0.013560000000000004,False,True,True,NORMAL,1.0,False
2.208,0.000491496149742032,-0.0033540904535367226,-0.10722408361647344,-0.00013348684838570478,0.0,-0.013560000000000004,False,False,True,NORMAL,1.0,False
2.209,0.0004880886007791066,-0.0034608530018928278,-0.10613845436289822,-0.00012078389523507871,0.0,-0.013560000000000004,False,False,True,NORMAL,1.0,False
2.21,0.00048457483580306276,-0.003566518770932557,-0.10504568224810071,-0.00010928978790483445,0.0,-0.013560000000000004,False,False,True,NORMAL,1.0,False
2.211,0.0004809559551216817,-0.0036710807467405008,-0.10394458740108649,-9.888948950550805e-05,0.0,-0.013560000000000004,False,False,True,NORMAL,1.0,False
2.212,0.0004772330666460266,-0.0037745307372475862,-0.10283413026892284,-8.947891035505802e-05,0.0,-0.013239999999999995,False,True,True,NORMAL,1.0,False
2.213,0.0004734072869984297,-0.0038768595125711655,-0.1017133986334692,-8.096386621434178e-05,0.0,-0.013239999999999995,False,False,True,NORMAL,1.0,False
2.214,0.0004694797424866323,-0.003978056932366278,-0.10058159585668777,-7.325913565959388e-05,0.0,-0.013239999999999995,False,False,True,NORMAL,1.0,False
2.215,0.00046545156995645315,-0.004078112061417153,-0.0994380302375484,-6.628760715777302e-05,0.0,-0.013239999999999995,False,False,True,NORMAL,1.0,False
2.216,0.00046132391753418787,-0.0041770132745810006,-0.09828210537467603,-5.997950730842133e-05,0.0,-0.013239999999999995,False,False,True,NORMAL,1.0,False
2.217,0.0004570979452688852,-0.004274748352090232,-0.09711331143896408,-5.4271702528020915e-05,0.0,-0.009379999999999993,False,True,True,NORMAL,1.0,False
2.218,0.00045277482568368584,-0.004371304566123446,-0.09593121726949251,-4.91070671878701e-05,0.0,-0.009379999999999993,False,False,True,NORMAL,1.0,False
2.219,0.0004483557442445433,-0.004466668759468827,-0.09473546321433889,-4.4433911881590765e-05,0.0,-0.009379999999999993,False,False,True,NORMAL,1.0,False
2.22,0.0004438418997538626,-0.004560827417025134,-0.0935257546453336,-4.020546610017593e-05,0.0,-0.009379999999999993,False,False,True,NORMAL,1.0,False
2.221,0.0004392345046758809,-0.004653766730814519,-0.09230185608256412,-3.637941013701549e-05,0.0,-0.009379999999999993,False,False,True,NORMAL,1.0,False
2.222,0.00043453478539997453,-0.00474547265911716,-0.09106358587054413,-3.291745153804831e-05,0.0,-0.013624999999999996,False,True,True,NORMAL,1.0,False
2.223,0.00042974398244749397,-0.004835930980279601,-0.08981081135349188,-2.9784941858011455e-05,0.0,-0.013624999999999996,False,False,True,NORMAL,1.0,False
2.224,0.00042486335062720353,-0.004925127341696126,-0.08854344450216604,-2.695052988715426e-05,0.0,-0.013624999999999996,False,False,True,NORMAL,1.0,False
2.225,0.000419894159143927,-0.005013047304414894,-0.08726143794923365,-2.438584787779362e-05,0.0,-0.013624999999999996,False,False,True,NORMAL,1.0,False
2.226,0.00041483769166457017,-0.005099676383777556,-0.08596478139424146,-2.2065227630360463e-05,0.0,-0.013624999999999996,False,False,True,NORMAL,1.0,False
2.227,0.00040969524634530165,-0.005185000086462093,-0.0846534983429676,-1.9965443597431075e-05,0.0,-0.008635000000000004,False,True,True,NORMAL,1.0,False
2.228,0.0004044681358233221,-0.005269003944263419,-0.08332764314928537,-1.8065480434642113e-05,0.0,-0.008635000000000004,False,False,True,NORMAL,1.0,False
2.229,0.00039915768717633203,-0.005351673544914367,-0.08198729833070392,-1.6346322672060714e-05,0.0,-0.008635000000000004,False,False,True,NORMAL,1.0,False
2.23,0.00039376524185252154,-0.005432994560220869,-0.08063257213149817,-1.4790764400970083e-05,0.0,-0.008635000000000004,False,False,True,NORMAL,1.0,False
2.231,0.00038829215557364353,-0.00551295277175902,-0.07926359630982317,-1.3383237071351955e-05,0.0,-0.008635000000000004,False,False,True,NORMAL,1.0,False
2.232,0.000382739798213497,-0.005591534094358107,-0.07788052412745723,-1.210965367660524e-05,0.0,-0.008825000000000001,False,True,True,NORMAL,1.0,False
2.233,0.00037710955365393236,-0.0056687245975723215,-0.07648352852285191,-1.095726776604915e-05,0.0,-0.008825000000000001,False,False,True,NORMAL,1.0,False
2.234,0.0003714028196202995,-0.005744510525324552,-0.07507280045000757,-9.914545874160558e-06,0.0,-0.008825000000000001,False,False,True,NORMAL,1.0,False
2.235,0.00036562100749808196,-0.0058188783138881425,-0.07364854736735842,-8.971052089774515e-06,0.0,-0.008825000000000001,False,False,True,NORMAL,1.0,False
2.236,0.00035976554213230634,-0.00589181460835671,-0.07221099186235858,-8.11734360997767e-06,0.0,-0.008825000000000001,False,False,True,NORMAL,1.0,False
2.237,0.0003538378616111689,-0.005963306277737776,-0.07076037039882337,-7.34487623336289e-06,0.0,-0.007779999999999995,False,True,True,NORMAL,1.0,False
2.238,0.0003478394170351954,-0.006033340428793027,-0.0692969321753143,-6.645918846789762e-06,0.0,-0.007779999999999995,False,False,True,NORMAL,1.0,False
2.239,0.0003417716722731321,-0.006101904418736306,-0.06782093808397284,-6.01347604980577e-06,0.0,-0.007779999999999995,False,False,True,NORMAL,1.0,False
2.24,0.00033563610370565913,-0.006168985866889825,-0.06633265976021765,-5.441218142327334e-06,0.0,-0.007779999999999995,False,False,True,NORMAL,1.0,False
2.241,0.00032943419995792276,-0.006234572665389514,-0.06483237871463426,-4.923417774873884e-06,0.0,-0.007779999999999995,False,False,True,NORMAL,1.0,False
2.242,0.0003231674616217974,-0.006298652989021744,-0.06332038553921342,-4.454892627329235e-06,0.0,-0.006150000000000004,False,True,True,NORMAL,1.0,False
2.243,0.000316837400968707,-0.006361215304265796,-0.061796979180842135,-4.030953542540017e-06,0.0,-0.006150000000000004,False,False,True,NORMAL,1.0,False
2.244,0.00031044554165376813,-0.0064222483776093875,-0.06026246627562944,-3.6473575956548132e-06,0.0,-0.006150000000000004,False,False,True,NORMAL,1.0,False
2.245,0.0003039934184119498,-0.006481741283198108,-0.058717160538260364,-3.3002656295061464e-06,0.0,-0.006150000000000004,False,False,True,NORMAL,1.0,False
2.246,0.00029748257674688995,-0.0065396834098738294,-0.057161382201127424,-2.986203831035162e-06,0.0,-0.006150000000000004,False,False,True,NORMAL,1.0,False
2.247,0.00029091457261295377,-0.006596064467651897,-0.05559545749848929,-2.7020289642029467e-06,0.0,-0.0057900000000000035,False,True,True,NORMAL,1.0,False
2.248,0.0002842909720910727,-0.00665087449368216,-0.05401971819136097,-2.4448969114277724e-06,0.0,-0.0057900000000000035,False,False,True,NORMAL,1.0,False
2.249,0.0002776133510588605,-0.006704103857734595,-0.052434501129250466,-2.2122342087003977e-06,0.0,-0.0057900000000000035,False,False,True,NORMAL,1.0,False
2.25,0.00027088329485546245,-0.0067557432672463915,-0.050840147845228105,-2.001712289491292e-06,0.0,-0.0057900000000000035,False,False,True,NORMAL,1.0,False
2.251,0.0002641023979415604,-0.006805783771963862,-0.04923700418115123,-1.8112241796741498e-06,0.0,-0.0057900000000000035,False,False,True,NORMAL,1.0,False
2.2520000000000002,0.00025727226355492307,-0.006854216768209346,-0.04762541994017143,-1.6388634102206565e-06,0.0,-0.0024750000000000032,False,True,True,NORMAL,1.0,False
2.253,0.00025039450336186345,-0.0069010340028004165,-0.04600574856392638,-1.4829049366176663e-06,0.0,-0.0024750000000000032,False,False,True,NORMAL,1.0,False
2.254,0.0002434707371049384,-0.006946227576646094,-0.04437834683206752,-1.3417878740419074e-06,0.0,-0.0024750000000000032,False,False,True,NORMAL,1.0,False
2.255,0.0002365025922472023,-0.006989789948042417,-0.04274357458200064,-1.2140998755000387e-06,0.0,-0.0024750000000000032,False,False,True,NORMAL,1.0,False
2.2560000000000002,0.00022949170361330547,-0.007031713935687604,-0.04110179444691964,-1.098562996585235e-06,0.0,-0.0024750000000000032,False,False,True,NORMAL,1.0,False
2.257,0.00022243971302770817,-0.007071992721435118,-0.03945337161039891,-9.940209053800307e-07,0.0,0.001980000000000001,False,True,True,NORMAL,1.0,False
2.258,0.0002153482689502645,-0.007110619852801205,-0.03779867357597643,-8.994273094978337e-07,0.0,0.001980000000000001,False,False,True,NORMAL,1.0,False
2.259,0.00020821902610941405,-0.0071475892452419155,-0.03613806995031075,-8.138354844370497e-07,0.0,0.001980000000000001,False,False,True,NORMAL,1.0,False
2.2600000000000002,0.00020105364513320464,-0.0071828951842132,-0.0344719322386318,-7.363887984440644e-07,0.0,0.001980000000000001,False,False,True,NORMAL,1.0,False
2.261,0.00019385379217835776,-0.007216532327026379,-0.03280063365132911,-6.663121390547298e-07,0.0,0.001980000000000001,False,False,True,NORMAL,1.0,False
2.262,0.0001866211385575748,-0.007248495704510153,-0.031124548920632954,-6.02904155508299e-07,0.0,0.0005300000000000027,False,True,True,NORMAL,1.0,False
2.263,0.00017935736036527324,-0.0072787807224892415,-0.029444054126445032,-5.455302393932798e-07,0.0,0.0005300000000000027,False,False,True,NORMAL,1.0,False
2.2640000000000002,0.00017206413810193116,-0.007307383163088833,-0.027759526530467173,-4.936161732731542e-07,0.0,0.0005300000000000027,False,False,True,NORMAL,1.0,False
2.265,0.00016474315629721038,-0.00733429918587314,-0.026071344417859195,-4.4664238372527164e-07,0.0,0.0005300000000000027,False,False,True,NORMAL,1.0,False
2.266,0.00015739610313201998,-0.007359525328825612,-0.02437988694573202,-4.0413874127540107e-07,0.0,0.0005300000000000027,False,False,True,NORMAL,1.0,False
2.267,0.00015002467005967556,-0.007383058509177654,-0.022685533997850324,-3.6567985518393657e-07,0.0,0.0011699999999999974,False,True,True,NORMAL,1.0,False
2.2680000000000002,0.00014263055142630244,-0.0074048960240920576,-0.02098866604497987,-3.3088081599239677e-07,0.0,0.0011699999999999974,False,False,True,NORMAL,1.0,False
2.269,0.000135215444090625,-0.007425035551206828,-0.01928966401037064,-2.993933432201917e-07,0.0,0.0011699999999999974,False,False,True,NORMAL,1.0,False
2.27,0.0001277810470432798,-0.007443475149044526,-0.017588909139916876,-2.709022996565121e-07,0.0,0.0011699999999999974,False,False,True,NORMAL,1.0,False
2.271,0.00012032906102578388,-0.00746021325729183,-0.015886782876580643,-2.451225373612022e-07,0.0,0.0011699999999999974,False,False,True,NORMAL,1.0,False
2.2720000000000002,0.00011286118814928659,-0.007475248696953594,-0.014183666738706698,-2.2179604380833324e-07,0.0,0.002564999999999996,False,True,True,NORMAL,1.0,False
2.273,0.00010537913151322793,-0.007488580670385294,-0.01247994220189347,-2.0068935961012282e-07,0.0,0.002564999999999996,False,False,True,NORMAL,1.0,False
2.274,9.788459482402368e-05,-0.0075002087612074326,-0.010775990584118891,-1.815912419769137e-07,0.0,0.002564999999999996,False,False,True,NORMAL,1.0,False
2.275,9.037928201389335e-05,-0.007510132934105174,-0.009072192933849848,-1.6431055052833373e-07,0.0,0.002564999999999996,False,False,True,NORMAL,1.0,False
2.2760000000000002,8.286489685994456e-05,-0.0075183535345162015,-0.007368929920891926,-1.4867433429612456e-07,0.0,0.002564999999999996,False,False,True,NORMAL,1.0,False
2.277,7.534314260362396e-05,-0.007524871288209534,-0.00566658172976075,-1.3452610077272046e-07,0.0,0.004545000000000002,False,True,True,NORMAL,1.0,False
2.278,6.781572157064276e-05,-0.007529687300757861,-0.003965527955378851,-1.2172424968163369e-07,0.0,0.004545000000000002,False,False,True,NORMAL,1.0,False
2.279,6.0284334791481804e-05,-0.007532803056905701,-0.0022661475009222837,-1.101406557942939e-07,0.0,0.004545000000000002,False,False,True,NORMAL,1.0,False
2.2800000000000002,5.275068162257979e-05,-0.007534220419835569,-0.0005688184776597211,-9.965938660969624e-08,0.0,0.004545000000000002,False,False,True,NORMAL,1.0,False
2.281,4.521645936830513e-05,-0.007533941630334141,0.001126081893356771,-9.017554206296502e-08,0.0,0.004545000000000002,False,False,True,NORMAL,1.0,False
2.282,3.768336290381083e-05,-0.007531969305860276,0.0028181773778748493,-8.159420465024633e-08,0.0,0.005805000000000002,False,True,True,NORMAL,1.0,False
2.283,3.015308429886959e-05,-0.0075283064395166395,0.004507092823411021,-7.382948946242657e-08,0.0,0.005805000000000002,False,False,True,NORMAL,1.0,False
2.2840000000000003,2.2627312442784666e-05,-0.007522956398926551,0.006192454252705525,-6.680368462009514e-08,0.0,0.005805000000000002,False,False,True,NORMAL,1.0,False
2.285,1.5107732670470571e-05,-0.007515922925017574,0.007873888955751645,-6.044647350693542e-08,0.0,0.005805000000000002,False,False,True,NORMAL,1.0,False
2.286,7.596026389796124e-06,-0.007507210130713282,0.009551025580478077,-5.4694231017394474e-08,0.0,0.005805000000000002,False,False,True,NORMAL,1.0,False
2.287,9.387071028098954e-08,-0.007496822499534565,0.011223494222153933,-4.948938677524151e-08,0.0,0.008989999999999998,False,True,True,NORMAL,1.0,False
2.2880000000000003,-7.397061926764444e-06,-0.00748476488411176,0.012890926511577765,-4.4779848949892485e-08,0.0,0.008989999999999998,False,False,True,NORMAL,1.0,False
2.289,-1.4875104116567306e-05,-0.007471042504608824,0.01455295570210458,-4.051848290386099e-08,0.0,0.008989999999999998,False,False,True,NORMAL,1.0,False
2.29,-2.2338593857601236e-05,-0.007455660947060731,0.016209216755558205,-3.666263945346374e-08,0.0,0.008989999999999998,False,False,True,NORMAL,1.0,False
2.291,-2.9785874916589888e-05,-0.007438626161625208,0.017859346427070266,-3.317372802145543e-08,0.0,0.008989999999999998,False,False,True,NORMAL,1.0,False
2.2920000000000003,-3.7215297191719844e-05,-0.007419944460749894,0.019502983348881685,-3.001683040956089e-08,0.0,0.010219999999999998,False,True,True,NORMAL,1.0,False
2.293,-4.462521707397889e-05,-0.007399622517255975,0.021139768113137645,-2.716035132541035e-08,0.0,0.010219999999999998,False,False,True,NORMAL,1.0,False
2.294,-5.201399780653659e-05,-0.007377667362339298,0.022769343353702603,-2.4575702166233854e-08,0.0,0.010219999999999998,False,False,True,NORMAL,1.0,False
2.295,-5.9380009842085206e-05,-0.007354086383489967,0.02439135382701794,-2.2237014894515778e-08,0.0,0.010219999999999998,False,False,True,NORMAL,1.0,False
2.2960000000000003,-6.672163119805983e-05,-0.007328887322331371,0.02600544649202124,-2.0120883141980832e-08,0.0,0.010219999999999998,False,False,True,NORMAL,1.0,False
2.297,-7.403724780965776e-05,-0.007302078272379601,0.027611270589143012,-1.82061279507932e-08,0.0,0.010039999999999999,False,True,True,NORMAL,1.0,False
2.298,-8.13252538805778e-05,-0.007273667676724189,0.029208477718393695,-1.6473585807428035e-08,0.0,0.010039999999999999,False,False,True,NORMAL,1.0,False
2.299,-8.858405223140147e-05,-0.007243664325631077,0.030796721916551344,-1.490591684778701e-08,0.0,0.010039999999999999,False,False,True,NORMAL,1.0,False
2.3000000000000003,-9.581205464553865e-05,-0.007212077354068731,0.032375659733457865,-1.3487431314010306e-08,0.0,0.010039999999999999,False,False,True,NORMAL,1.0,False
2.301,-0.00010300768221266124,-0.007178916239158293,0.033944950307429646,-1.2203932526106434e-08,0.0,0.010039999999999999,False,False,True,NORMAL,1.0,False
2.302,-0.00011016936566954951,-0.007144190797548675,0.03550425543978669,-1.104257479680721e-08,0.0,0.0102,False,True,True,NORMAL,1.0,False
2.303,-0.0001172955457382763,-0.007107911182717475,0.03705323966850253,-9.991734867611997e-09,0.0,0.0102,False,False,True,NORMAL,1.0,False
2.3040000000000003,-0.00012438467346165548,-0.007070087882198601,0.03859157034097564,-9.04089557930991e-09,0.0,0.0102,False,False,True,NORMAL,1.0,False
2.305,-0.00013143521053588173,-0.007030731714737497,0.040118917685921976,-8.1805406127155e-09,0.0,0.0102,False,False,True,NORMAL,1.0,False
2.306,-0.00013844562964028976,-0.006989853827374852,0.0416349548843869,-7.402059246147799e-09,0.0,0.0102,False,False,True,NORMAL,1.0,False
2.307,-0.00014541441476416186,-0.006947465692459679,0.043139358139873726,-6.697660176433575e-09,0.0,0.011319999999999997,False,True,True,NORMAL,1.0,False
2.308,-0.00015234006153051356,-0.006903579104592659,0.044631806747585274,-6.060293540926425e-09,0.0,0.011319999999999997,False,False,True,NORMAL,1.0,False
2.309,-0.00015922107751678823,-0.0068582061775006396,0.04611198316277381,-5.483580360111869e-09,0.0,0.011319999999999997,False,False,True,NORMAL,1.0,False
2.31,-0.000166055982572392,-0.00681135934084319,0.0475795730681943,-4.961748694636321e-09,0.0,0.011319999999999997,False,False,True,NORMAL,1.0,False
2.311,-0.00017284330913300172,-0.006763051336952115,0.04903426544065508,-4.489575877798021e-09,0.0,0.011319999999999997,False,False,True,NORMAL,1.0,False
2.312,-0.00017958160253157943,-0.0067132952175048355,0.05047575261665955,-4.062336245343288e-09,0.0,0.013264999999999999,False,True,True,NORMAL,1.0,False
2.313,-0.00018626942130602723,-0.006662104340132557,0.051903730357131965,-3.675753839430315e-09,0.0,0.013264999999999999,False,False,True,NORMAL,1.0,False
2.314,-0.00019290533750341838,-0.00660949236496414,0.053317897911220186,-3.325959613405891e-09,0.0,0.013264999999999999,False,False,True,NORMAL,1.0,False
2.315,-0.00019948793698074043,-0.006555473251106611,0.05471795807916764,-3.0094527090860647e-09,0.0,0.013264999999999999,False,False,True,NORMAL,1.0,False
2.316,-0.00020601581970208744,-0.006500061253063242,0.0561036172742468,-2.7230654189907582e-09,0.0,0.013264999999999999,False,False,True,NORMAL,1.0,False
2.317,-0.0002124876000322397,-0.0064432709170901496,0.05747458558374562,-2.463931482862606e-09,0.0,0.015314999999999999,False,True,True,NORMAL,1.0,False
2.318,-0.00021890190702656946,-0.006385117077492369,0.05883057682899918,-2.2294574011709133e-09,0.0,0.015314999999999999,False,False,True,NORMAL,1.0,False
2.319,-0.00022525738471721314,-0.006325614852860358,0.06017130862445752,-2.0172964784966498e-09,0.0,0.015314999999999999,False,False,True,NORMAL,1.0,False
2.32,-0.00023155269239545035,-0.006264779642247897,0.06149650243578147,-1.825325337015942e-09,0.0,0.015314999999999999,False,False,True,NORMAL,1.0,False
2.321,-0.00023778650489023225,-0.006202627121292378,0.06280588363695751,-1.6516226650211226e-09,0.0,0.015314999999999999,False,False,True,NORMAL,1.0,False
2.322,-0.00024395751284280156,-0.006139173238278455,0.06409918156642318,-1.494449987787383e-09,0.0,0.014719999999999997,False,True,True,NORMAL,1.0,False
2.323,-0.0002500644229773484,-0.006074434210146055,0.06537612958219412,-1.3522342683334068e-09,0.0,0.014719999999999997,False,False,True,NORMAL,1.0,False
2.324,-0.0002561059583676468,-0.006008426518443758,0.06663646511598412,-1.2235521639385447e-09,0.0,0.014719999999999997,False,False,True,NORMAL,1.0,False
2.325,-0.0002620808586996176,-0.0059411669052285496,0.06787992972630952,-1.107115780850464e-09,0.0,0.014719999999999997,False,False,True,NORMAL,1.0,False
2.326,-0.00026798788052976474,-0.005872672368912976,0.06910626915056922,-1.001759784611599e-09,0.0,0.014719999999999997,False,False,True,NORMAL,1.0,False
2.327,-0.0002738257975394329,-0.005802960160060726,0.07031523335609177,-9.064297370002182e-10,0.0,0.014430000000000002,False,True,True,NORMAL,1.0,False
2.328,-0.0002795934007848353,-0.005732047777131677,0.07150657659014117,-8.201715428582913e-10,0.0,0.014430000000000002,False,False,True,NORMAL,1.0,False
2.329,-0.0002852894989428017,-0.005659952962177456,0.0726800574288728,-7.421219011864656e-10,0.0,0.014430000000000002,False,False,True,NORMAL,1.0,False
2.33,-0.0002909129185521979,-0.005586693696488564,0.07383543882523155,-6.71499664937499e-10,0.0,0.014430000000000002,False,False,True,NORMAL,1.0,False
2.331,-0.00029646250425096796,-0.005512288196194133,0.07497248815578371,-6.075980230340586e-10,0.0,0.014430000000000002,False,False,True,NORMAL,1.0,False
2.332,-0.00030193711900875387,-0.005436754907815378,0.07609097726647485,-5.49777426365891e-10,0.0,0.018090000000000002,False,True,True,NORMAL,1.0,False
2.333,-0.000307335644355045,-0.005360112503773833,0.07719068251730604,-4.974591869673677e-10,0.0,0.018090000000000002,False,False,True,NORMAL,1.0,False
2.334,-0.0003126569806028145,-0.0052823798778554466,0.07827138482592035,-4.501196863138206e-10,0.0,0.018090000000000002,False,False,True,NORMAL,1.0,False
2.335,-0.00031790004706759757,-0.005203576140631635,0.07933286971009272,-4.0728513477135346e-10,0.0,0.018090000000000002,False,False,True,NORMAL,1.0,False
2.336,-0.0003230637822819698,-0.0051237206148384,0.08037492732911543,-3.6852682975093924e-10,0.0,0.018090000000000002,False,False,True,NORMAL,1.0,False
2.337,-0.00032814714420538455,-0.005042832830714601,0.08139735252407261,-3.3345686510881747e-10,0.0,0.015224999999999992,False,True,True,NORMAL,1.0,False
2.338,-0.0003331491104293281,-0.004960932521300525,0.08239994485699649,-3.0172424885142764e-10,0.0,0.015224999999999992,False,False,True,NORMAL,1.0,False
2.339,-0.0003380686783777544,-0.004878039617697843,0.08338250864889912,-2.7301139028956513e-10,0.0,0.015224999999999992,False,False,True,NORMAL,1.0,False
2.34,-0.0003429048655027606,-0.0047941742442921135,0.08434485301667277,-2.4703092148401774e-10,0.0,0.015224999999999992,False,False,True,NORMAL,1.0,False
2.341,-0.0003476567094754672,-0.004709356713938936,0.08528679190885326,-2.2352282117064246e-10,0.0,0.015224999999999992,False,False,True,NORMAL,1.0,False
2.342,-0.0003523232683720663,-0.004623607523114925,0.08620814414023965,-2.0225181238015764e-10,0.0,0.01761,False,True,True,NORMAL,1.0,False
2.343,-0.00035690362085500385,-0.004536947347034626,0.08710873342536521,-1.8300500770715514e-10,0.0,0.01761,False,False,True,NORMAL,1.0,False
2.344,-0.0003613968663492624,-0.004449397034734544,0.08798838841081362,-1.6558977866139313e-10,0.0,0.01761,False,False,True,NORMAL,1.0,False
2.345,-0.0003658021252137117,-0.004360977604125426,0.08884694270637544,-1.4983182777712098e-10,0.0,0.01761,False,False,True,NORMAL,1.0,False
2.346,-0.00037011853890749644,-0.004271710237013976,0.08968423491503962,-1.355734441854587e-10,0.0,0.01761,False,False,True,NORMAL,1.0,False
2.347,-0.00037434527015143046,-0.004181616274095155,0.09050010866181553,-1.2267192519101272e-10,0.0,0.017729999999999996,False,True,True,NORMAL,1.0,False
2.348,-0.0003784815030843697,-0.004090717209916252,0.0912944126213807,-1.1099814805533634e-10,0.0,0.017729999999999996,False,False,True,NORMAL,1.0,False
2.349,-0.000382526443414535,-0.003999034687813884,0.09206700054455022,-1.0043527769316369e-10,0.0,0.017729999999999996,False,False,True,NORMAL,1.0,False
2.35,-0.00038647931856575923,-0.003906590494825131,0.09281773128356355,-9.087759734760684e-11,0.0,0.017729999999999996,False,False,True,NORMAL,1.0,False
2.351,-0.00039033937781863284,-0.003813406556573965,0.0935464688161852,-8.222945054132013e-11,0.0,0.017729999999999996,False,False,True,NORMAL,1.0,False
2.352,-0.00039410589244652424,-0.003719504932134177,0.09425308226861567,-7.440428371432374e-11,0.0,0.01719500000000001,False,True,True,NORMAL,1.0,False
2.353,-0.0003977781558464517,-0.003624907808869988,0.09493744593720936,-6.732377996688369e-11,0.0,0.01719500000000001,False,False,True,NORMAL,1.0,False
2.354,-0.00040135548366478514,-0.00352963749725554,0.09559943930899652,-6.091707523765609e-11,0.0,0.01719500000000001,False,False,True,NORMAL,1.0,False
2.355,-0.0004048372139177577,-0.003433716425674463,0.09623894708100657,-5.512004907234302e-11,0.0,0.01719500000000001,False,False,True,NORMAL,1.0,False
2.356,-0.0004082227071067668,-0.0033371671352007168,0.09685585917839007,-4.9874682884634245e-11,0.0,0.01719500000000001,False,False,True,NORMAL,1.0,False
2.357,-0.00041151134632844795,-0.0032400122743619164,0.09745007077133767,-4.512847928669471e-11,0.0,0.01840999999999999,False,True,True,NORMAL,1.0,False
2.358,-0.00041470253737950274,-0.003142274593886337,0.09802148229079341,-4.083393667766212e-11,0.0,0.01840999999999999,False,False,True,NORMAL,1.0,False
2.359,-0.0004177957088562671,-0.0030439769414348085,0.09856999944296138,-3.694807383165966e-11,0.0,0.01840999999999999,False,False,True,NORMAL,1.0,False
2.36,-0.0004207903122490037,-0.00294514225631871,0.09909553322260392,-3.343199972724093e-11,0.0,0.01840999999999999,False,False,True,NORMAL,1.0,False
2.361,-0.00042368582203090627,-0.002845793564205269,0.09959799992513024,-3.025052431297558e-11,0.0,0.01840999999999999,False,False,True,NORMAL,1.0,False
2.362,-0.0004264817357418032,-0.002745953971811374,0.1000773211574752,-2.7371806313586846e-11,0.0,0.016394999999999996,False,True,True,NORMAL,1.0,False
2.363,-0.00042917757406654976,-0.00264564666158712,0.10053342384776644,-2.4767034551766297e-11,0.0,0.016394999999999996,False,False,True,NORMAL,1.0,False
2.364,-0.0004317728809080994,-0.002544894886390285,0.10096624025378105,-2.2410139596227614e-11,0.0,0.016394999999999996,False,False,True,NORMAL,1.0,False
2.365,-0.00043426722345524515,-0.0024437219641529613,0.10137570797019045,-2.0277532850076013e-11,0.0,0.016394999999999996,False,False,True,NORMAL,1.0,False
2.366,-0.0004366601922450245,-0.002342151272541543,0.10176176993459443,-1.8347870468202132e-11,0.0,0.016394999999999996,False,False,True,NORMAL,1.0,False
2.367,-0.00043895140121978144,-0.0022402062436112876,0.10212437443234477,-1.6601839740906248e-11,0.0,0.017330000000000012,False,True,True,NORMAL,1.0,False
2.368,-0.0004411404877788808,-0.0021379103584566565,0.10246347510015859,-1.5021965805808392e-11,0.0,0.017330000000000012,False,False,True,NORMAL,1.0,False
2.369,-0.0004432271128250712,-0.002035287141858649,0.10277903092852352,-1.3592436753552138e-11,0.0,0.017330000000000012,False,False,True,NORMAL,1.0,False
2.37,-0.0004452109608054946,-0.0019323601569303328,0.10307100626289495,-1.2298945376901195e-11,0.0,0.017330000000000012,False,False,True,NORMAL,1.0,False
2.371,-0.00044709173974734074,-0.0018291529997617804,0.1033393708036875,-1.1128545979400578e-11,0.0,0.017330000000000012,False,False,True,NORMAL,1.0,False
2.372,-0.0004488691812881469,-0.001725689294065618,0.10389650202060094,2.499218317355651e-05,0.0,0.02026,False,True,True,NORMAL,1.0,False
2.373,-0.0004505428845805361,-0.0016216805292998565,0.10439974552128195,4.760605573692395e-05,0.0,0.02026,False,False,True,NORMAL,1.0,False
2.374,-0.00045211233151575686,-0.0015171806120532149,0.10485189468161205,6.806793379895557e-05,0.0,0.02026,False,False,True,NORMAL,1.0,False
2.375,-0.000453577056493662,-0.0014122406516758426,0.10525548127249734,8.65826067127709e-05,0.0,0.02026,False,False,True,NORMAL,1.0,False
2.376,-0.00045493664375630957,-0.0013069092219929119,0.10561280087250761,0.00010333537554788788,0.0,0.02026,False,False,True,NORMAL,1.0,False
2.3770000000000002,-0.0004561907249705678,-0.0012012325975961464,0.10561353344480356,9.35017144025271e-05,0.0,0.019104999999999997,False,True,True,NORMAL,1.0,False
2.378,-0.00045733913315572047,-0.0010955671236589424,0.1056022037685495,8.46038498419183e-05,0.0,0.019104999999999997,False,False,True,NORMAL,1.0,False
2.379,-0.00045838188548980583,-0.000989924851681914,0.10557772062581496,7.655272904686337e-05,0.0,0.019104999999999997,False,False,True,NORMAL,1.0,False
2.38,-0.0004593190117472371,-0.0008843189221696202,0.1055391031975624,6.926777369437026e-05,0.0,0.019104999999999997,False,False,True,NORMAL,1.0,False
2.3810000000000002,-0.0004601505553325947,-0.0007787634541961182,0.10548547104991189,6.267607350271315e-05,0.0,0.019104999999999997,False,False,True,NORMAL,1.0,False
2.382,-0.00046087657420899246,-0.0006732734449887859,0.10541603507101684,5.671165652082698e-05,0.0,0.017980000000000003,False,True,True,NORMAL,1.0,False
2.383,-0.0004614971417305608,-0.0005678646785794269,0.1053300892679809,5.131482885884727e-05,0.0,0.017980000000000003,False,False,True,NORMAL,1.0,False
2.384,-0.0004620123473876836,-0.00046255364266227343,0.10522700334186717,4.643157725159651e-05,0.0,0.017980000000000003,False,False,True,NORMAL,1.0,False
2.3850000000000002,-0.00046242229747280695,-0.0003573574528804848,0.10510621596664818,4.201302847567178e-05,0.0,0.017980000000000003,False,False,True,NORMAL,1.0,False
2.386,-0.00046272711567389604,-0.0002522937838369181,0.10496722870500447,3.801496020979809e-05,0.0,0.017980000000000003,False,False,True,NORMAL,1.0,False
2.387,-0.0004629269436019457,-0.00014738080619206988,0.10480960050026306,3.4397358442973446e-05,0.0,0.017469999999999996,False,True,True,NORMAL,1.0,False
2.388,-0.0004630219412583442,-4.263712927281574e-05,0.10463294268954663,3.112401700079751e-05,0.0,0.017469999999999996,False,False,True,NORMAL,1.0,False
2.3890000000000002,-0.00046301228744733964,6.191825132947023e-05,0.10443691448843108,2.8162175181908926e-05,0.0,0.017469999999999996,False,False,True,NORMAL,1.0,False
2.39,-0.00046289818013836337,0.00016626600164311618,0.10422121890214053,2.548218987787485e-05,0.0,0.017469999999999996,False,False,True,NORMAL,1.0,False
2.391,-0.00046267983678251407,0.00027038649310938195,0.10398559902258905,2.3057238894998343e-05,0.0,0.017469999999999996,False,False,True,NORMAL,1.0,False
2.392,-0.00046235749458710065,0.00037425984267072085,0.10372983467445142,2.08630525087886e-05,0.0,0.017955,False,True,True,NORMAL,1.0,False
2.3930000000000002,-0.000461931410751775,0.00047786594950324427,0.10345373937694952,1.8877670564400924e-05,0.0,0.017955,False,False,True,NORMAL,1.0,False
2.394,-0.00046140186266945124,0.0005811845287092339,0.10315715759121301,1.7081222692025967e-05,0.0,0.017955,False,False,True,NORMAL,1.0,False
2.395,-0.00046076914809491007,0.0006841951422553933,0.10283996222594104,1.545572943755002e-05,0.0,0.017955,False,False,True,NORMAL,1.0,False
2.396,-0.000460033585283712,0.0007868772274152443,0.10250205237668902,1.3984922318135132e-05,0.0,0.017955,False,False,True,NORMAL,1.0,False
2.3970000000000002,-0.0004591955131037993,0.0008892101229493929,0.10214335127645291,1.2654081001774859e-05,0.0,0.013799999999999998,False,True,True,NORMAL,1.0,False
2.398,-0.00045825529112194255,0.0009911730932350487,0.10176380443735028,1.1449885981263852e-05,0.0,0.013799999999999998,False,False,True,NORMAL,1.0,False
2.399,-0.0004572132996669879,0.0010927453505359735,0.10136337796511949,1.0360285268092913e-05,0.0,0.013799999999999998,False,False,True,NORMAL,1.0,False
2.4,-0.0004560699398716766,0.0011939060755857532,0.10094205702989983,9.37437377209718e-06,0.0,0.013799999999999998,False,False,True,NORMAL,1.0,False
2.4010000000000002,-0.00045482563369464717,0.0012946344366407388,0.10049984447833012,8.48228415964843e-06,0.0,0.013799999999999998,False,False,True,NORMAL,1.0,False
2.402,-0.00045348082392407814,0.001394909607144035,0.10003675957342731,7.675088098063604e-06,0.0,0.014860000000000003,False,True,True,NORMAL,1.0,False
2.403,-0.00045203597416429783,0.0014947107821283747,0.09955283684999758,6.9447068978503945e-06,0.0,0.014860000000000003,False,False,True,NORMAL,1.0,False
2.404,-0.0004504915688065634,0.0015940171934734591,0.09904812507449741,6.283830658467469e-06,0.0,0.014860000000000003,False,False,True,NORMAL,1.0,False
2.4050000000000002,-0.00044884811298510327,0.0016928081241222646,0.09852268629931962,5.685845108382908e-06,0.0,0.014860000000000003,False,False,True,NORMAL,1.0,False
2.406,-0.00044710613251941613,0.0017910629213507795,0.09797659500243272,5.14476540722158e-06,0.0,0.014860000000000003,False,False,True,NORMAL,1.0,False
2.407,-0.0004452661738437309,0.0018887610091765652,0.09740993730416798,4.655176247471097e-06,0.0,0.013620000000000005,False,True,True,NORMAL,1.0,False
2.408,-0.0004433288039244497,0.0019858818999833276,0.09682281025372948,4.212177656264074e-06,0.0,0.013620000000000005,False,False,True,NORMAL,1.0,False
2.4090000000000003,-0.00044129461016632356,0.0020824052054312504,0.09621532117871097,3.811335954802744e-06,0.0,0.013620000000000005,False,False,True,NORMAL,1.0,False
2.41,-0.0004391642003080431,0.002178310646716134,0.09558758709154314,3.4486393846113334e-06,0.0,0.013620000000000005,False,False,True,NORMAL,1.0,False
2.411,-0.000436938202307867,0.0022735780642342903,0.09493973414737499,3.1204579565088393e-06,0.0,0.013620000000000005,False,False,True,NORMAL,1.0,False
2.412,-0.0004346172642198572,0.0023681874267046637,0.09427189714841659,2.8235071204572247e-06,0.0,0.014989999999999986,False,True,True,NORMAL,1.0,False
2.4130000000000003,-0.0004322020540612395,0.0024621188397946575,0.0935842190902454,2.554814892680662e-06,0.0,0.014989999999999986,False,False,True,NORMAL,1.0,False
2.414,-0.000429693259671366,0.002555352554291652,0.09287685074600803,2.311692111052987e-06,0.0,0.014989999999999986,False,False,True,NORMAL,1.0,False
2.415,-0.0004270915885627134,0.0026478689738581355,0.09214995028483655,2.0917055210592815e-06,0.0,0.014989999999999986,False,False,True,NORMAL,1.0,False
2.416,-0.000424397767764318,0.0027396486624046788,0.09140368292115163,1.8926534229668417e-06,0.0,0.014989999999999986,False,False,True,NORMAL,1.0,False
2.4170000000000003,-0.00042161254365801246,0.0028306723511116595,0.09063822059184123,1.7125436364742379e-06,0.0,0.01107000000000001,False,True,True,NORMAL,1.0,False
2.418,-0.0004187366818078028,0.002920920945127631,0.08985374165859294,1.5495735623012623e-06,0.0,0.01107000000000001,False,False,True,NORMAL,1.0,False
2.419,-0.00041577096678269636,0.0030103755299695028,0.08905043063291704,1.4021121411694582e-06,0.0,0.01107000000000001,False,False,True,NORMAL,1.0,False
2.42,-0.00041271620197326633,0.003099017377647241,0.08822847792163421,1.2686835296126434e-06,0.0,0.01107000000000001,False,False,True,NORMAL,1.0,False
2.4210000000000003,-0.00040957320940222005,0.003186827952533572,0.08738807959081465,1.147952329239452e-06,0.0,0.01107000000000001,False,False,True,NORMAL,1.0,False
2.422,-0.00040634282952921503,0.003273788916997145,0.08652943714634788,1.0387102216173915e-06,0.0,0.013534999999999997,False,True,True,NORMAL,1.0,False
2.423,-0.00040302592105015205,0.0033598821368158076,0.08565275732949819,9.398638750158399e-07,0.0,0.013534999999999997,False,False,True,NORMAL,1.0,False
2.424,-0.00039962336069115727,0.003445089686384989,0.0847582519259576,8.504240019746043e-07,0.0,0.013534999999999997,False,False,True,NORMAL,1.0,False
2.4250000000000003,-0.00039613604299745147,0.003529393853734699,0.08384613758705181,7.694954581825087e-07,0.0,0.013534999999999997,False,False,True,NORMAL,1.0,False
2.426,-0.000392564880117292,0.0036127771453673104,0.0829166356618844,6.962682835722589e-07,0.0,0.013534999999999997,False,False,True,NORMAL,1.0,False
2.427,-0.00038891080158116095,0.003695222290927075,0.0819699720393202,6.30009595967852e-07,0.0,0.010884999999999995,False,True,True,NORMAL,1.0,False
2.428,-0.0003851747540763629,0.0037767122477112202,0.08100637699881674,5.700562561534293e-07,0.0,0.010884999999999995,False,False,True,NORMAL,1.0,False
2.4290000000000003,-0.00038135770121718623,0.0038572302050314884,0.08002608506920658,5.158082309531145e-07,0.0,0.010884999999999995,False,False,True,NORMAL,1.0,False
2.43,-0.0003774606233107739,0.003936759588434079,0.07902933489462173,4.6672258789731203e-07,0.0,0.010884999999999995,False,False,True,NORMAL,1.0,False
2.431,-0.0003734845171188411,0.004015284063785147,0.07801636910682869,4.22308061372065e-07,0.0,0.010884999999999995,False,False,True,NORMAL,1.0,False
2.432,-0.0003694303956153717,0.004092787541228277,0.07698743420331457,3.821201358676708e-07,0.0,0.009570000000000004,False,True,True,NORMAL,1.0,False
2.433,-0.0003652992877404179,0.004169254179019692,0.07594278043052846,3.457565971180533e-07,0.0,0.009570000000000004,False,False,True,NORMAL,1.0,False
2.434,-0.00036109223815012357,0.004244668387246369,0.07488266167174082,3.128535066051988e-07,0.0,0.009570000000000004,False,False,True,NORMAL,1.0,False
2.435,-0.0003568103069630853,0.004319014831431678,0.07380733533903591,2.830815591401441e-07,0.0,0.009570000000000004,False,False,True,NORMAL,1.0,False
2.436,-0.00035245456950316233,0.004392278436032703,0.07271706226900079,2.5614278706596175e-07,0.0,0.009570000000000004,False,False,True,NORMAL,1.0,False
2.437,-0.00034802611603884084,0.004464444387832928,0.071612106621716,2.317675780972994e-07,0.0,0.005675000000000001,False,True,True,NORMAL,1.0,False
2.438,-0.0003435260515192569,0.00453549813923362,0.07049273578269424,2.09711976950008e-07,0.0,0.005675000000000001,False,False,True,NORMAL,1.0,False
2.439,-0.00033895549530697637,0.004605425411446859,0.06935922026744631,1.897552437546619e-07,0.0,0.005675000000000001,False,False,True,NORMAL,1.0,False
2.44,-0.0003343155809076302,0.004674212197592842,0.06821183362838776,1.716976448177524e-07,0.0,0.005675000000000001,False,False,True,NORMAL,1.0,False
2.441,-0.00032960745569649897,0.004741844765703827,0.06705085236382677,1.5535845361975033e-07,0.0,0.005675000000000001,False,False,True,NORMAL,1.0,False
2.442,-0.0003248322806421386,0.004808309661636795,0.06587655582880153,1.4057414204335425e-07,0.0,0.008510000000000004,False,True,True,NORMAL,1.0,False
2.443,-0.0003199912300271386,0.004873593711896692,0.06468922614755776,1.271967437291289e-07,0.0,0.008510000000000004,False,False,True,NORMAL,1.0,False
2.444,-0.00031508549116610084,0.004937684026371898,0.06348914812747958,1.1509237317844661e-07,0.0,0.008510000000000004,False,False,True,NORMAL,1.0,False
2.445,-0.0003101162641209257,0.005000568000983394,0.06227660917430546,1.0413988578241676e-07,0.0,0.008510000000000004,False,False,True,NORMAL,1.0,False
2.446,-0.0003050847614134918,0.0050622333202489074,0.061051899208479365,9.422966536592171e-08,0.0,0.008510000000000004,False,False,True,NORMAL,1.0,False
2.447,-0.0002999922077358132,0.005122667959763185,0.0598153105825021,8.526252711209308e-08,0.0,0.007984999999999989,False,True,True,NORMAL,1.0,False
2.448,-0.0002948398396577582,0.005181860188595409,0.05856713799916358,7.71487248873273e-08,0.0,0.007984999999999989,False,False,True,NORMAL,1.0,False
2.449,-0.00028962890533241114,0.00523979857160464,0.057307678430548445,6.98070530318158e-08,0.0,0.007984999999999989,False,False,True,NORMAL,1.0,False
2.45,-0.0002843606641991595,0.00529647197167406,0.05603723103772012,6.316403362600752e-08,0.0,0.007984999999999989,False,False,True,NORMAL,1.0,False
2.451,-0.00027903638668458716,0.005351869551864725,0.05475609709099875,5.7153181098893165e-08,0.0,0.007984999999999989,False,False,True,NORMAL,1.0,False
2.452,-0.00027365735390125375,0.005405980777489403,0.053464579890758215,5.171433681806409e-08,0.0,0.008835000000000006,False,True,True,NORMAL,1.0,False
2.453,-0.0002682248573444396,0.005458795418107047,0.052162984688675855,4.6793067001899073e-08,0.0,0.008835000000000006,False,False,True,NORMAL,1.0,False
2.454,-0.0002627401985869359,0.005510303549438354,0.050851618609377154,4.2340117927982015e-08,0.0,0.008835000000000006,False,False,True,NORMAL,1.0,False
2.455,-0.00025720468897195856,0.00556049555520281,0.04953079057242377,3.831092298529329e-08,0.0,0.008835000000000006,False,False,True,NORMAL,1.0,False
2.456,-0.0002516196493042637,0.005609362128877586,0.04820081121460091,3.466515663658727e-08,0.0,0.008835000000000006,False,False,True,NORMAL,1.0,False
2.457,-0.00024598640953954357,0.005656894275378576,0.04686199281246477,3.1366330826861735e-08,0.0,0.0035349999999999913,False,True,True,NORMAL,1.0,False
2.458,-0.0002403063084721801,0.005703083312663861,0.045514649205117205,2.8381429798639297e-08,0.0,0.0035349999999999913,False,False,True,NORMAL,1.0,False
2.459,-0.0002345806934214334,0.005747920873259826,0.04415909571717852,2.5680579659169624e-08,0.0,0.0035349999999999913,False,False,True,NORMAL,1.0,False
2.46,-0.00022881091991614315,0.005791398905710135,0.042795649081934416,2.3236749392469825e-08,0.0,0.0035349999999999913,False,False,True,NORMAL,1.0,False
2.461,-0.00022299835137801885,0.005833509675947761,0.041424627364636646,2.1025480323831048e-08,0.0,0.0035349999999999913,False,False,True,NORMAL,1.0,False
2.462,-0.00021714435880359706,0.00587424576859021,0.04004634988594064,1.9024641329181155e-08,0.0,0.0003550000000000133,False,True,True,NORMAL,1.0,False
2.463,-0.00021125032044494126,0.005913600088158104,0.03866113714546637,1.7214207339356482e-08,0.0,0.0003550000000000133,False,False,True,NORMAL,1.0,False
2.464,-0.0002053176214891617,0.00595156586021725,0.03726931074547204,1.5576058922478984e-08,0.0,0.0003550000000000133,False,False,True,NORMAL,1.0,False
2.465,-0.00019934765373683105,0.0059881366324443085,0.03587119331463226,1.4093800938591855e-08,0.0,0.0003550000000000133,False,False,True,NORMAL,1.0,False
2.466,-0.00019334181527937283,0.006023306275616185,0.03446710843191525,1.2752598451588237e-08,0.0,0.0003550000000000133,False,False,True,NORMAL,1.0,False
2.467,-0.00018730151017549824,0.006057068984523246,0.03305738055055544,1.1539028256184475e-08,0.0,0.00019499999999999552,False,True,True,NORMAL,1.0,False
2.468,-0.00018122814812676806,0.00608941927880646,0.0316423349221198,1.0440944533969942e-08,0.0,0.00019499999999999552,False,False,True,NORMAL,1.0,False
2.469,-0.00017512314415235518,0.006120352003718584,0.030222297520668212,9.447357293974027e-09,0.0,0.00019499999999999552,False,False,True,NORMAL,1.0,False
2.47,-0.00016898791826308403,0.006149862330809467,0.028797594967009472,8.548322381142648e-09,0.0,0.00019499999999999552,False,False,True,NORMAL,1.0,False
2.471,-0.00016282389513482245,0.006177945758535603,0.027368554453056047,7.734841951892119e-09,0.0,0.00019499999999999552,False,False,True,NORMAL,1.0,False
2.472,-0.0001566325037813019,0.006204598112794029,0.025935503666282143,6.998774420666287e-09,0.0,-0.004225000000000002,False,True,True,NORMAL,1.0,False
2.473,-0.00015041517722644163,0.006229815547380677,0.024498770714290553,6.332752976211801e-09,0.0,-0.004225000000000002,False,False,True,NORMAL,1.0,False
2.474,-0.00014417335217625194,0.006253594544373303,0.023058684049494883,5.730111852055024e-09,0.0,-0.004225000000000002,False,False,True,NORMAL,1.0,False
2.475,-0.00013790846869039255,0.006275931914439113,0.021615572393924816,5.1848196132707185e-09,0.0,-0.004225000000000002,False,False,True,NORMAL,1.0,False
2.476,-0.0001316219698534606,0.0062968247970672225,0.020169764664162697,4.691418791854079e-09,0.0,-0.004225000000000002,False,False,True,NORMAL,1.0,False
2.477,-0.0001253153014460839,0.006316270660726078,0.018721589896420587,4.244971266546626e-09,0.0,-0.00026499999999999614,False,True,True,NORMAL,1.0,False
2.478,-0.00011898991161589406,0.006334267302946005,0.01727137717176766,3.841008840458886e-09,0.0,-0.00026499999999999614,False,False,True,NORMAL,1.0,False
2.479,-0.00011264725054845466,0.006350812850327031,0.015819455541518274,3.475488521854113e-09,0.0,-0.00026499999999999614,False,False,True,NORMAL,1.0,False
2.48,-0.00010628877013821866,0.006365905758472148,0.014366153952791732,3.144752060528089e-09,0.0,-0.00026499999999999614,False,False,True,NORMAL,1.0,False
2.481,-9.991592365958986e-05,0.00637954481184621,0.012911801174255088,2.8454893348114995e-09,0.0,-0.00026499999999999614,False,False,True,NORMAL,1.0,False
2.482,-9.353016543816257e-05,0.006391729123560641,0.011456725722060902,2.574705222759697e-09,0.0,-0.0035799999999999964,False,True,True,NORMAL,1.0,False
2.483,-8.71329505222135e-05,0.0064024581350841684,0.010001255785992112,2.329689625965584e-09,0.0,-0.0035799999999999964,False,False,True,NORMAL,1.0,False
2.484,-8.072573435451994e-05,0.006411731615879785,0.008545719155826633,2.1079903459838594e-09,0.0,-0.0035799999999999964,False,False,True,NORMAL,1.0,False
2.485,-7.43099724445776e-05,0.006419549662968184,0.00709044314793446,1.907388541904764e-09,0.0,-0.0035799999999999964,False,False,True,NORMAL,1.0,False
2.486,-6.788712004129186e-05,0.006425912700417887,0.005635754532120381,1.7258765234484805e-09,0.0,-0.0035799999999999964,False,False,True,NORMAL,1.0,False
2.487,-6.145863180621526e-05,0.006430821478762339,0.00418197945872564,1.5616376573260013e-09,0.0,-0.004735000000000004,False,True,True,NORMAL,1.0,False
2.488,-5.502596148740445e-05,0.006434277074344225,0.0027294433860019863,1.4130281857625835e-09,0.0,-0.004735000000000004,False,False,True,NORMAL,1.0,False
2.489,-4.859056159396898e-05,0.006436280888587285,0.0012784710077717834,1.2785607752174522e-09,0.0,-0.004735000000000004,False,False,True,NORMAL,1.0,False
2.49,-4.215388307138449e-05,0.006436834647195941,-0.00017061381861201803,1.1568896306498142e-09,0.0,-0.004735000000000004,False,False,True,NORMAL,1.0,False
2.491,-3.5717374977642175e-05,0.006435940399283017,-0.0016174881439922054,1.0467970263497528e-09,0.0,-0.004735000000000004,False,False,True,NORMAL,1.0,False
2.492,-2.9282484160306368e-05,0.006433600516425897,-0.0030618299988059306,9.471811185300306e-10,0.0,-0.004239999999999998,False,True,True,NORMAL,1.0,False
2.493,-2.2850654934551622e-05,0.0064298176916514444,-0.004503318464141579,8.570449177031251e-10,0.0,-0.004239999999999998,False,False,True,NORMAL,1.0,False
2.494,-1.6423328762250335e-05,0.006424594938350028,-0.005941633742439836,7.754863104753371e-10,0.0,-0.004239999999999998,False,False,True,NORMAL,1.0,False
2.495,-1.0001943932181626e-05,0.006417935589119037,-0.0073764572278248045,7.016890308927365e-10,0.0,-0.004239999999999998,False,False,True,NORMAL,1.0,False
2.496,-3.5879352414318236e-06,0.0064098432945362376,-0.008807471576051058,6.349144909771384e-10,0.0,-0.004239999999999998,False,False,True,NORMAL,1.0,False
2.497,2.817266321943505e-06,0.006400322021863385,-0.010234360774052507,5.744943886893694e-10,0.0,-0.005734999999999999,False,True,True,NORMAL,1.0,False
2.498,9.212233894926428e-06,0.0063893760536804815,-0.011656810209078926,5.198240193378359e-10,0.0,-0.005734999999999999,False,False,True,NORMAL,1.0,False
2.499,1.559554505414328e-05,0.006377009986451108,-0.013074506737406106,4.703562234907222e-10,0.0,-0.005734999999999999,False,False,True,NORMAL,1.0,False
2.5,2.1965782129002345e-05,0.006363228729019262,-0.014487138752605535,4.255959108204898e-10,0.0,-0.005734999999999999,False,False,True,NORMAL,1.0,False
2.501,2.8321532513294316e-05,0.006348037501038146,-0.015894396253359627,3.850951050734745e-10,0.0,-0.005734999999999999,False,False,True,NORMAL,1.0,False
2.5020000000000002,3.46613889751877e-05,0.006331441831331373,-0.017295970910808534,3.484484605729692e-10,0.0,-0.006749999999999999,False,True,True,NORMAL,1.0,False
2.503,4.098394996555185e-05,0.00631344755618706,-0.018691556135414688,3.1528920538345025e-10,0.0,-0.006749999999999999,False,False,True,NORMAL,1.0,False
2.504,4.728781992454074e-05,0.006294060817585305,-0.020080847143331245,2.852854705337705e-10,0.0,-0.006749999999999999,False,False,True,NORMAL,1.0,False
2.505,5.35716095863711e-05,0.0062732880613595434,-0.021463541022260703,2.581369685609507e-10,0.0,-0.006749999999999999,False,False,True,NORMAL,1.0,False
2.5060000000000002,5.983393628222907e-05,0.006251136035292306,-0.022839336796790146,2.335719881323203e-10,0.0,-0.006749999999999999,False,False,True,NORMAL,1.0,False
2.507,6.607342424124005e-05,0.006227611787145909,-0.024207935493189444,2.1134467466717448e-10,0.0,-0.009689999999999999,False,True,True,NORMAL,1.0,False
2.508,7.228870488943691e-05,0.006202722662628615,-0.025569040203659108,1.9123256974149602e-10,0.0,-0.009689999999999999,False,False,True,NORMAL,1.0,False
2.509,7.847841714666234e-05,0.006176476303296826,-0.026922356150014457,1.7303438464927683e-10,0.0,-0.009689999999999999,False,False,True,NORMAL,1.0,False
2.5100000000000002,8.464120772134164e-05,0.006148880644393882,-0.02826759074679287,1.5656798583749271e-10,0.0,-0.009689999999999999,False,False,True,NORMAL,1.0,False
2.511,9.077573140306285e-05,0.006119943912626039,-0.029604453663771048,1.4166857205228758e-10,0.0,-0.009689999999999999,False,False,True,NORMAL,1.0,False
2.512,9.688065135290174e-05,0.006089674623876235,-0.030932656887879433,1.281870249526332e-10,0.0,-0.0093,False,True,True,NORMAL,1.0,False
2.513,0.00010295463939142963,0.006058081580856242,-0.03225191478450082,1.1598841668385173e-10,0.0,-0.0093,False,False,True,NORMAL,1.0,False
2.5140000000000002,0.00010899637628434289,0.006025173870697838,-0.033561944158140664,1.0495065947429541e-10,0.0,-0.0093,False,False,True,NORMAL,1.0,False
2.515,0.00011500455202565335,0.005990960862483617,-0.03486246431245638,9.496328373989267e-11,0.0,-0.0093,False,False,True,NORMAL,1.0,False
2.516,0.0001209778661183796,0.005955452204718108,-0.03615319710963342,8.59263324674207e-11,0.0,-0.0093,False,False,True,NORMAL,1.0,False
2.517,0.0001269150278526799,0.00591865782273984,-0.03743386702909572,7.774936081112038e-11,0.0,-0.010349999999999998,False,True,True,NORMAL,1.0,False
2.5180000000000002,0.0001328147565813678,0.005880587916075032,-0.038704201225538665,7.035053089028038e-11,0.0,-0.010349999999999998,False,False,True,NORMAL,1.0,False
2.519,0.00013867578199275264,0.005841252955733604,-0.03996392958627234,6.365579272822031e-11,0.0,-0.010349999999999998,False,False,True,NORMAL,1.0,False
2.52,0.0001444968443807475,0.005800663681448179,-0.041212784787863666,5.759814313523507e-11,0.0,-0.010349999999999998,False,False,True,NORMAL,1.0,False
2.521,0.0001502766949121879,0.005758831098856814,-0.04245050235206556,5.211695511815172e-11,0.0,-0.010349999999999998,False,False,True,NORMAL,1.0,False
2.5220000000000002,0.00015601409589130534,0.005715766476630148,-0.04367682070102179,4.715737110500439e-11,0.0,-0.012775000000000002,False,True,True,NORMAL,1.0,False
2.523,0.00016170782102130072,0.005671481343543724,-0.04489148121173632,4.266975391201574e-11,0.0,-0.012775000000000002,False,False,True,NORMAL,1.0,False
2.524,0.00016735665566296277,0.005625987485496201,-0.04609422826979605,3.86091899579781e-11,0.0,-0.012775000000000002,False,False,True,NORMAL,1.0,False
2.525,0.00017295939709027793,0.005579296942474236,-0.047284809322335884,3.49350397540368e-11,0.0,-0.012775000000000002,False,False,True,NORMAL,1.0,False
2.5260000000000002,0.00017851485474297898,0.005531422005464768,-0.04846297493023578,3.161053117002626e-11,0.0,-0.012775000000000002,False,False,True,NORMAL,1.0,False
2.527,0.00018402185047597977,0.005482375213315506,-0.04962847881953881,2.860239140663178e-11,0.0,-0.013449999999999997,False,True,True,NORMAL,1.0,False
2.528,0.00018947921880564493,0.005432169349544385,-0.050781077932080254,2.5880513990030617e-11,0.0,-0.013449999999999997,False,False,True,NORMAL,1.0,False
2.529,0.0001948858071528439,0.005380817439098795,-0.051920532475317346,2.341765745618283e-11,0.0,-0.013449999999999997,False,False,True,NORMAL,1.0,False
2.5300000000000002,0.0002002404760827394,0.005328332745065381,-0.053046605971349775,2.118917270910301e-11,0.0,-0.013449999999999997,False,False,True,NORMAL,1.0,False
2.531,0.00020554209954126113,0.005274728765331234,-0.05415906530512115,1.9172756324422787e-11,0.0,-0.013449999999999997,False,False,True,NORMAL,1.0,False
2.532,0.00021078956508821712,0.005220019229197294,-0.055257680771791946,1.734822732922333e-11,0.0,-0.010755,False,True,True,NORMAL,1.0,False
2.533,0.00021598177412699449,0.005164218093944794,-0.05634222612327438,1.5697325224075307e-11,0.0,-0.010755,False,False,True,NORMAL,1.0,False
2.5340000000000003,0.00022111764213080375,0.005107339541355594,-0.05741247861392015,1.420352722582304e-11,0.0,-0.010755,False,False,True,NORMAL,1.0,False
2.535,0.00022619609886542077,0.005049397974187258,-0.058468219045352036,1.2851882902017174e-11,0.0,-0.010755,False,False,True,NORMAL,1.0,False
2.536,0.0002312160886083814,0.004990408012603729,-0.0595092318104306,1.1628864541961714e-11,0.0,-0.010755,False,False,True,NORMAL,1.0,False
2.537,0.00023617657036458507,0.004930384490562467,-0.06053530493634744,1.0522231766838559e-11,0.0,-0.014719999999999997,False,True,True,NORMAL,1.0,False
2.5380000000000003,0.00024107651807826403,0.0048693424521589436,-0.06154623012683645,9.520909023882155e-12,0.0,-0.014719999999999997,False,False,True,NORMAL,1.0,False
2.539,0.0002459149208412762,0.004807297147929364,-0.06254180280349526,8.614874738524796e-12,0.0,-0.014719999999999997,False,False,True,NORMAL,1.0,False
2.54,0.0002506907830976802,0.004744264031112519,-0.06352182214620855,7.795061015109989e-12,0.0,-0.014719999999999997,False,False,True,NORMAL,1.0,False
2.541,0.0002554031248445521,0.0046802587538716574,-0.06448609113266593,7.053262882344888e-12,0.0,-0.014719999999999997,False,False,True,NORMAL,1.0,False
2.5420000000000003,0.0002600509818290046,0.004615297163477312,-0.0654344165769663,6.382056175189818e-12,0.0,-0.011680000000000003,False,True,True,NORMAL,1.0,False
2.543,0.00026463340574136977,0.004549395298451966,-0.0663666091673021,5.774723231319206e-12,0.0,-0.011680000000000003,False,False,True,NORMAL,1.0,False
2.544,0.00026914946440450763,0.004482569384677503,-0.06728248350271565,5.225185658499143e-12,0.0,-0.011680000000000003,False,False,True,NORMAL,1.0,False
2.545,0.0002735982419592044,0.004414835831466374,-0.06818185812892126,4.72794349999489e-12,0.0,-0.011680000000000003,False,False,True,NORMAL,1.0,False
2.5460000000000003,0.0002779788390456237,0.0043462112275974,-0.06906455557318616,4.278020189155273e-12,0.0,-0.011680000000000003,False,False,True,NORMAL,1.0,False
2.547,0.00028229037298077635,0.00427671233731718,-0.06993040237826403,3.870912742260965e-12,0.0,-0.015814999999999992,False,True,True,NORMAL,1.0,False
2.548,0.00028653197793197517,0.004206356096308028,-0.07077922913537461,3.5025466911499074e-12,0.0,-0.015814999999999992,False,False,True,NORMAL,1.0,False
2.549,0.0002907028050862408,0.004135159607623424,-0.07161087051622386,3.1692353045704755e-12,0.0,-0.015814999999999992,False,False,True,NORMAL,1.0,False
2.5500000000000003,0.0002948020228156275,0.004063140137591916,-0.07242516530405853,2.867642690135957e-12,0.0,-0.015814999999999992,False,False,True,NORMAL,1.0,False
2.551,0.00029882881683843755,0.003990315111690458,-0.07322195642374976,2.5947504075923122e-12,0.0,-0.015814999999999992,False,False,True,NORMAL,1.0,False
2.552,0.00030278239037629366,0.003916702110388148,-0.07400109097090045,2.347827259253581e-12,0.0,-0.014630000000000004,False,True,True,NORMAL,1.0,False
2.553,0.0003066619643070412,0.003842318864961354,-0.07476242023997126,2.1244019552574538e-12,0.0,-0.014630000000000004,False,False,True,NORMAL,1.0,False
2.5540000000000003,0.00031046677731345147,0.003767183253281205,-0.07550579975142041,1.9222383800656985e-12,0.0,-0.014630000000000004,False,False,True,NORMAL,1.0,False
2.555,0.0003141960860276991,0.0036913132955744333,-0.07623108927785253,1.7393132126682721e-12,0.0,-0.014630000000000004,False,False,True,NORMAL,1.0,False
2.556,0.0003178491651715872,0.0036147271501585703,-0.07693815286917254,1.573795676506589e-12,0.0,-0.014630000000000004,False,False,True,NORMAL,1.0,False
2.557,0.00032142530769249563,0.003537443109152485,-0.07762685887673988,1.4240292164463782e-12,0.0,-0.01454,False,True,True,NORMAL,1.0,False
2.5580000000000003,0.00032492382489502747,0.0034594795941632708,-0.07829707997651966,1.2885149194171114e-12,0.0,-0.01454,False,False,True,NORMAL,1.0,False
2.559,0.0003283440465683314,0.003380855151950483,-0.07894869319122658,1.1658965127861915e-12,0.0,-0.01454,False,False,True,NORMAL,1.0,False
2.56,0.0003316853211090772,0.003301588450068739,-0.07958157991145864,1.0549467903265866e-12,0.0,-0.01454,False,False,True,NORMAL,1.0,False
2.561,0.0003349470156400634,0.0032216982724896904,-0.08019562591581686,9.545553299244314e-13,0.0,-0.01454,False,False,True,NORMAL,1.0,False
2.562,0.00033812851612443723,0.003141203515204383,-0.08079072139000848,8.63717380101286e-13,0.0,-0.017369999999999997,False,True,True,NORMAL,1.0,False
2.563,0.0003412292274755072,0.0030601231818070244,-0.08136676094493062,7.815238041236311e-13,0.0,-0.017369999999999997,False,False,True,NORMAL,1.0,False
2.564,0.0003442485736621309,0.002978476379061178,-0.08192364363373181,7.071519810568674e-13,0.0,-0.017369999999999997,False,False,True,NORMAL,1.0,False
2.565,0.00034718599780966054,0.002896282312449408,-0.08246127296784952,6.398575726985096e-13,0.0,-0.017369999999999997,False,False,True,NORMAL,1.0,False
2.566,0.00035004096229643023,0.0028135602817073975,-0.0829795569320208,5.789670739912757e-13,0.0,-0.017369999999999997,False,False,True,NORMAL,1.0,False
2.567,0.00035281294884577,0.0027303296763435746,-0.08347840799826522,5.238710723581002e-13,0.0,-0.01580500000000001,False,True,True,NORMAL,1.0,False
2.568,0.0003555014586135328,0.0026466099711452656,-0.08395774313883755,4.740181484962327e-13,0.0,-0.01580500000000001,False,False,True,NORMAL,1.0,False
2.569,0.0003581060122711213,0.0025624207216724143,-0.08441748383814955,4.2890935758751724e-13,0.0,-0.01580500000000001,False,False,True,NORMAL,1.0,False
2.57,0.00036062615008400237,0.002477781559739893,-0.0848575561036592,3.8809323569095117e-13,0.0,-0.01580500000000001,False,False,True,NORMAL,1.0,False
2.571,0.000363061431985699,0.002392712188889443,-0.08527789047572693,3.5116128133982137e-13,0.0,-0.01580500000000001,False,False,True,NORMAL,1.0,False
2.572,0.000365411437647249,0.002307232379852275,-0.08567842203643765,3.177438671217231e-13,0.0,-0.018324999999999994,False,True,True,NORMAL,1.0,False
2.573,0.0003676757665421226,0.0022213619660033635,-0.08605909041738881,2.8750654032318094e-13,0.0,-0.018324999999999994,False,False,True,NORMAL,1.0,False
2.574,0.00036985403800659,0.0021351208388084735,-0.08641983980644362,2.6014667561447853e-13,0.0,-0.018324999999999994,False,False,True,NORMAL,1.0,False
2.575,0.00037194589129553303,0.002048528943264946,-0.08676061895344997,2.3539044627364305e-13,0.0,-0.018324999999999994,False,False,True,NORMAL,1.0,False
2.576,0.00037395098563369506,0.0019616062733372884,-0.08708138117492494,2.1299008363657544e-13,0.0,-0.018324999999999994,False,False,True,NORMAL,1.0,False
2.577,0.0003758690002623641,0.0018743728673885909,-0.0873820843577058,1.9272139734498198e-13,0.0,-0.016139999999999998,False,True,True,NORMAL,1.0,False
2.578,0.00037769963448148575,0.0017868488036088125,-0.08766269096156774,1.7438153157391571e-13,0.0,-0.016139999999999998,False,False,True,NORMAL,1.0,False
2.579,0.0003794426076872033,0.0016990541954409644,-0.08792316802080985,1.5778693478249805e-13,0.0,-0.016139999999999998,False,False,True,NORMAL,1.0,False
2.58,0.0003810976594048234,0.0016110091870062224,-0.08816348714480995,1.4277152266840386e-13,0.0,-0.016139999999999998,False,False,True,NORMAL,1.0,False
2.581,0.00038266454931720664,0.001522733948529,-0.08838362451755018,1.2918501594034103e-13,0.0,-0.016139999999999998,False,False,True,NORMAL,1.0,False
2.582,0.0003841430572885839,0.0014342486717630095,-0.08858356089611476,1.1689143627239245e-13,0.0,-0.016595,False,True,True,NORMAL,1.0,False
2.583,0.0003855329833837992,0.0013455735654193386,-0.08876328160816174,1.0576774538722648e-13,0.0,-0.016595,False,False,True,NORMAL,1.0,False
2.584,0.0003868341478829825,0.0012567288505975671,-0.08892277654837114,9.570261364766278e-14,0.0,-0.016595,False,False,True,NORMAL,1.0,False
2.585,0.0003880463912916554,0.0011677347562209473,-0.08906204017387144,8.659530583224418e-14,0.0,-0.016595,False,False,True,NORMAL,1.0,False
2.586,0.00038916957434627445,0.001078611514476666,-0.08918107149864732,7.835467294328209e-14,0.0,-0.016595,False,False,True,NORMAL,1.0,False
2.587,0.00039020357801521766,0.0009893793562622088,-0.08927987408693105,7.089823995705142e-14,0.0,-0.017599999999999994,False,True,True,NORMAL,1.0,False
2.588,0.00039114830349522105,0.0009000585066388387,-0.0893584560455811,6.41513803860323e-14,0.0,-0.017599999999999994,False,False,True,NORMAL,1.0,False
2.589,0.00039200367220327235,0.0008106691802932013,-0.08941683001545049,5.804656939194016e-14,0.0,-0.017599999999999994,False,False,True,NORMAL,1.0,False
2.59,0.0003927696257639711,0.0007212315770080663,-0.08945501316174906,5.252270797444829e-14,0.0,-0.017599999999999994,False,False,True,NORMAL,1.0,False
2.591,0.0003934461259923641,0.0006317658771432068,-0.08947302716340268,4.752451147185649e-14,0.0,-0.017599999999999994,False,False,True,NORMAL,1.0,False
2.592,0.00039403315487226775,0.0005422922371274201,-0.08947089820141384,4.3001956253614964e-14,0.0,-0.01345,False,True,True,NORMAL,1.0,False
2.593,0.00039453071453008785,0.0004528307849626861,-0.08944865694622743,3.890977906701625e-14,0.0,-0.01345,False,False,True,NORMAL,1.0,False
2.594,0.0003949388272041505,0.0003634016157414541,-0.08940633854410597,3.520702402734861e-14,0.0,-0.01345,False,False,True,NORMAL,1.0,False
2.595,0.0003952575352095569,0.0002740247871780489,-0.08934398260251916,3.18566327176361e-14,0.0,-0.01345,False,False,True,NORMAL,1.0,False
2.596,0.0003954869008985771,0.0001847203151551778,-0.0892616331745523,2.882507329554572e-14,0.0,-0.01345,False,False,True,NORMAL,1.0,False
2.597,0.00039562700661659867,9.550816928651775e-05,-0.08915933874233845,2.608200489543888e-14,0.0,-0.015305000000000003,False,True,True,NORMAL,1.0,False
2.598,0.00039567795465364556,6.408268496356222e-06,-0.08903715219951978,2.359997396679017e-14,0.0,-0.015305000000000003,False,False,True,NORMAL,1.0,False
2.599,0.0003956398671914863,-8.255952338274606e-05,-0.08889513083274336,2.135413950982628e-14,0.0,-0.015305000000000003,False,False,True,NORMAL,1.0,False
2.6,0.000395512886246349,-0.00017137540199330754,-0.08873333630219704,1.932202445845088e-14,0.0,-0.015305000000000003,False,False,True,NORMAL,1.0,False
2.601,0.00039529717360726254,-0.0002600196268163368,-0.08855183462119103,1.7483290722212353e-14,0.0,-0.015305000000000003,False,False,True,NORMAL,1.0,False
2.602,0.00039499291077004547,-0.00034847252551385065,-0.08835069613479171,1.5819535635858673e-14,0.0,-0.014105,False,True,True,NORMAL,1.0,False
2.603,0.0003946002988669625,-0.0004367144982495542,-0.0881299954975133,1.4314107779278214e-14,0.0,-0.014105,False,False,True,NORMAL,1.0,False
2.604,0.00039411955859207197,-0.0005247260219867446,-0.08788981165007417,1.2951940324490542e-14,0.0,-0.014105,False,False,True,NORMAL,1.0,False
2.605,0.0003935509301222873,-0.0006124876547625058,-0.08763022779522439,1.171940024176785e-14,0.0,-0.014105,False,False,True,NORMAL,1.0,False
2.606,0.0003928946730341761,-0.0006999800399372703,-0.08735133137265116,1.0604151855691222e-14,0.0,-0.014105,False,False,True,NORMAL,1.0,False
2.607,0.0003921510662165229,-0.0007871839104188267,-0.08705321403296948,9.595033385564874e-15,0.0,-0.014930000000000006,False,True,True,NORMAL,1.0,False
2.608,0.00039132040777868063,-0.0008740800928598645,-0.08673597161080482,8.681945234563351e-15,0.0,-0.014930000000000006,False,False,True,NORMAL,1.0,False
2.609,0.00039040301495473824,-0.0009606495118281507,-0.08639970409697569,7.855748909571905e-15,0.0,-0.014930000000000006,False,False,True,NORMAL,1.0,False
2.61,0.00038939922400353243,-0.0010468731939484415,-0.08604451560978327,7.108175560075847e-15,0.0,-0.014930000000000006,False,False,True,NORMAL,1.0,False
2.611,0.0003883093901045318,-0.001132732272015241,-0.0856705143654164,6.4317432207253395e-15,0.0,-0.014930000000000006,False,False,True,NORMAL,1.0,False
2.612,0.000387133887249623,-0.0012182079890755255,-0.08527781264747915,5.819681929311403e-15,0.0,-0.009809999999999996,False,True,True,NORMAL,1.0,False
2.613,0.00038587310813083015,-0.0013032817024805602,-0.08486652677565011,5.265865970708661e-15,0.0,-0.009809999999999996,False,False,True,NORMAL,1.0,False
2.614,0.00038452746402399735,-0.001387934887905944,-0.08443677707348092,4.764752568659446e-15,0.0,-0.009809999999999996,False,False,True,NORMAL,1.0,False
2.615,0.00038309738466846824,-0.0014721491433390278,-0.08398868783534293,4.311326411806019e-15,0.0,-0.009809999999999996,False,False,True,NORMAL,1.0,False
2.616,0.0003815833181427943,-0.0015559061930328544,-0.08352238729253066,3.901049458768796e-15,0.0,-0.009809999999999996,False,False,True,NORMAL,1.0,False
2.617,0.00037998573073650646,-0.0016391878914257861,-0.08303800757853114,3.529815519902935e-15,0.0,-0.013649999999999999,False,True,True,NORMAL,1.0,False
2.618,0.00037830510681798464,-0.0017219762270259875,-0.08253568469346764,3.1939091611722296e-15,0.0,-0.013649999999999999,False,False,True,NORMAL,1.0,False
2.619,0.00037654194869846065,-0.0018042533262599433,-0.0820155584677276,2.8899685188364777e-15,0.0,-0.013649999999999999,False,False,True,NORMAL,1.0,False
2.62,0.0003746967764921908,-0.0018860014572841999,-0.08147777252478393,2.614951652789205e-15,0.0,-0.013649999999999999,False,False,True,NORMAL,1.0,False
2.621,0.00037277012797283564,-0.001967203033759529,-0.08092247424321915,2.366106101798649e-15,0.0,-0.013649999999999999,False,False,True,NORMAL,1.0,False
2.622,0.00037076255842608474,-0.00204784061858672,-0.08034981471796222,2.1409413359506186e-15,0.0,-0.0131,False,True,True,NORMAL,1.0,False
2.623,0.00036867464049856487,-0.0021278969276032227,-0.07975994872074804,1.9372038305880154e-15,0.0,-0.0131,False,False,True,NORMAL,1.0,False
2.624,0.0003665069640430717,-0.0022073548332398603,-0.07915303465980944,1.7528545122786303e-15,0.0,-0.0131,False,False,True,NORMAL,1.0,False
2.625,0.00036426013596016504,-0.002286197368136859,-0.07852923453881201,1.586048351082877e-15,0.0,-0.0131,False,False,True,NORMAL,1.0,False
2.626,0.00036193478003616853,-0.0023644077287184356,-0.07788871391504232,1.4351158948740214e-15,0.0,-0.0131,False,False,True,NORMAL,1.0,False
2.6270000000000002,0.000359531536777616,-0.002441969278725207,-0.07723164185685956,1.298546560900175e-15,0.0,-0.010829999999999992,False,True,True,NORMAL,1.0,False
2.628,0.00035705106324218676,-0.002518865552703683,-0.0765581909004218,1.1749735173643893e-15,0.0,-0.010829999999999992,False,False,True,NORMAL,1.0,False
2.629,0.000354494032866173,-0.0025950802594521334,-0.07586853700569743,1.0631600037126237e-15,0.0,-0.010829999999999992,False,False,True,NORMAL,1.0,False
2.63,0.00035186113528852357,-0.0026705972854221076,-0.07516285951177262,9.619869527184315e-16,0.0,-0.010829999999999992,False,False,True,NORMAL,1.0,False
2.6310000000000002,0.00034915307617150866,-0.0027454006980749185,-0.07444134109146619,8.704417904820262e-16,0.0,-0.010829999999999992,False,False,True,NORMAL,1.0,False
2.632,0.00034637057701805094,-0.002819474749192397,-0.07370416770526302,7.876083022503542e-16,0.0,-0.011030000000000005,False,True,True,NORMAL,1.0,False
2.633,0.0003435143749857689,-0.002892803878141247,-0.07295152855457722,7.126574626318962e-16,0.0,-0.011030000000000005,False,False,True,NORMAL,1.0,False
2.634,0.00034058522269777924,-0.002965372715090329,-0.07218361603435677,6.448391384319032e-16,0.0,-0.011030000000000005,False,False,True,NORMAL,1.0,False
2.6350000000000002,0.00033758388805030617,-0.003037166084180228,-0.07140062568504126,5.83474581067256e-16,0.0,-0.011030000000000005,False,False,True,NORMAL,1.0,False
2.636,0.0003345111540171449,-0.0031081690066444576,-0.07060275614388432,5.27949633422509e-16,0.0,-0.011030000000000005,False,False,True,NORMAL,1.0,False
2.637,0.0003313678184510285,-0.003178366703881676,-0.06979020909565294,4.777085831590544e-16,0.0,-0.007724999999999992,False,True,True,NORMAL,1.0,False
2.638,0.0003281546938819473,-0.003247744600478294,-0.0689631892227153,4.3224860095925523e-16,0.0,-0.007724999999999992,False,False,True,NORMAL,1.0,False
2.6390000000000002,0.00032487260731247063,-0.0033162883271808685,-0.06812190415452969,3.911147080416283e-16,0.0,-0.007724999999999992,False,False,True,NORMAL,1.0,False
2.64,0.00032152240001012195,-0.0033839837238176925,-0.06726656441654648,3.538952225802751e-16,0.0,-0.007724999999999992,False,False,True,NORMAL,1.0,False
2.641,0.0003181049272968573,-0.003450816842169,-0.06639738337853539,3.202176394547973e-16,0.0,-0.007724999999999992,False,False,True,NORMAL,1.0,False
2.642,0.00031462105833570005,-0.0035167739487852122,-0.06551457720235107,2.897449020938486e-16,0.0,-0.011460000000000008,False,True,True,NORMAL,1.0,False
2.6430000000000002,0.0003110716759145836,-0.0035818415277526767,-0.06461836478914901,2.6217202909967986e-16,0.0,-0.011460000000000008,False,False,True,NORMAL,1.0,False
2.644,0.00030745767622745437,-0.003646006283406352,-0.06370896772606474,2.3722306189180276e-16,0.0,-0.011460000000000008,False,False,True,NORMAL,1.0,False
2.645,0.0003037799686526894,-0.003709255142988908,-0.06278661023236908,2.1464830282076342e-16,0.0,-0.011460000000000008,False,False,True,NORMAL,1.0,False
2.646,0.00030003947552888156,-0.0037715752592557255,-0.06185151910511234,1.9422181611014033e-16,0.0,-0.011460000000000008,False,False,True,NORMAL,1.0,False
2.6470000000000002,0.0002962371319280469,-0.0038329540130252904,-0.06090392366427042,1.757391666153543e-16,0.0,-0.008605000000000003,False,True,True,NORMAL,1.0,False
2.648,0.00029237388542630954,-0.003893379015674489,-0.05994405569740592,1.5901537376802847e-16,0.0,-0.008605000000000003,False,False,True,NORMAL,1.0,False
2.649,0.0002884506958721185,-0.0039528381115783275,-0.058972149403857366,1.4388306022828592e-16,0.0,-0.008605000000000003,False,False,True,NORMAL,1.0,False
2.65,0.0002844685351520532,-0.004011319380493613,-0.057988441338469934,1.3019077671607469e-16,0.0,-0.008605000000000003,False,False,True,NORMAL,1.0,False
2.6510000000000002,0.0002804283869542735,-0.004068811139886138,-0.05699317035488086,1.1780148625586914e-16,0.0,-0.008605000000000003,False,False,True,NORMAL,1.0,False
2.652,0.0002763312465296705,-0.004125301947200933,-0.05598657754837311,1.065911926645592e-16,0.0,-0.006499999999999992,False,True,True,NORMAL,1.0,False
2.653,0.0002721781204507761,-0.004180780602075168,-0.05496890619831067,9.644769955597326e-17,0.0,-0.006499999999999992,False,False,True,NORMAL,1.0,False
2.654,0.00026797002636848885,-0.004235236148493278,-0.05394040171016898,8.72694874417348e-17,0.0,-0.006499999999999992,False,False,True,NORMAL,1.0,False
2.6550000000000002,0.0002637079927666728,-0.004288657876883931,-0.0529013115571745,7.896469769010091e-17,0.0,-0.006499999999999992,False,False,True,NORMAL,1.0,False
2.656,0.0002593930587146896,-0.004341035326158436,-0.05185188522156661,7.1450213173901e-17,0.0,-0.006499999999999992,False,False,True,NORMAL,1.0,False
2.657,0.0002550262736179209,-0.004392358285690237,-0.050792374135496046,6.465082640639148e-17,0.0,-0.004460000000000004,False,True,True,NORMAL,1.0,False
2.658,0.00025060869696634134,-0.004442616797235128,-0.04972303162157337,5.84984868394503e-17,0.0,-0.004460000000000004,False,False,True,NORMAL,1.0,False
2.6590000000000003,0.00024614139808120083,-0.0044918011567918435,-0.04864411283308176,5.293161979081876e-17,0.0,-0.004460000000000004,False,False,True,NORMAL,1.0,False
2.66,0.00024162545585987625,-0.004539901916402707,-0.0475558746938675,4.7894510183985544e-17,0.0,-0.004460000000000004,False,False,True,NORMAL,1.0,False
2.661,0.00023706195851895274,-0.004586909885894007,-0.046458575837922816,4.3336744932974445e-17,0.0,-0.004460000000000004,False,False,True,NORMAL,1.0,False
2.662,0.00023245200333559468,-0.004632816134555813,-0.04535247654867459,3.921270839123555e-17,0.0,-0.0019699999999999943,False,True,True,NORMAL,1.0,False
2.6630000000000003,0.0002277966963872674,-0.0046776119927609385,-0.04423783869799332,3.5481125814922577e-17,0.0,-0.0019699999999999943,False,False,True,NORMAL,1.0,False
2.664,0.0002230971522898704,-0.004721289053522773,-0.04311492568493627,3.210465027138357e-17,0.0,-0.0019699999999999943,False,False,True,NORMAL,1.0,False
2.665,0.00021835449393434335,-0.004763839173991741,-0.04198400237423928,2.9049488858506176e-17,0.0,-0.0019699999999999943,False,False,True,NORMAL,1.0,False
2.666,0.00021356985222180665,-0.004805254476890123,-0.04084533503457098,2.6285064493995103e-17,0.0,-0.0019699999999999943,False,False,True,NORMAL,1.0,False
2.6670000000000003,0.00020874436579729775,-0.004845527351885023,-0.039699191276564155,2.3783709889655205e-17,0.0,-0.002845000000000001,False,True,True,NORMAL,1.0,False
2.668,0.00020387918078216584,-0.004884650456899261,-0.03854583999063815,2.152039064787193e-17,0.0,-0.002845000000000001,False,False,True,NORMAL,1.0,False
2.669,0.00019897545050518657,-0.004922616719359989,-0.03738555128462675,1.9472454708945647e-17,0.0,-0.002845000000000001,False,False,True,NORMAL,1.0,False
2.67,0.0001940343352324594,-0.004959419337384843,-0.03621859642122588,1.761940564166454e-17,0.0,-0.002845000000000001,False,False,True,NORMAL,1.0,False
2.6710000000000003,0.00018905700189615022,-0.00499505178090546,-0.035045247755275406,1.594269750813196e-17,0.0,-0.002845000000000001,False,False,True,NORMAL,1.0,False
2.672,0.00018404462382214164,-0.005029507792728199,-0.03386577867088939,1.442554924978645e-17,0.0,-0.005889999999999999,False,True,True,NORMAL,1.0,False
2.673,0.0001789983804566542,-0.005062781389531923,-0.032680463518449145,1.3052776736927343e-17,0.0,-0.005889999999999999,False,False,True,NORMAL,1.0,False
2.674,0.00017391945709190122,-0.0050948668628027095,-0.031489577551473566,1.1810640800841174e-17,0.0,-0.005889999999999999,False,False,True,NORMAL,1.0,False
2.6750000000000003,0.00016880904459084058,-0.0051257587797053795,-0.030293396863380926,1.0686709727583285e-17,0.0,-0.005889999999999999,False,False,True,NORMAL,1.0,False
2.676,0.00016366833911108657,-0.0051554519838917364,-0.02909219832415675,9.669734837206231e-18,0.0,-0.005889999999999999,False,False,True,NORMAL,1.0,False
2.677,0.00015849854182804516,-0.005183941596245434,-0.027886259516941896,8.749537903190056e-18,0.0,0.0007499999999999981,False,True,True,NORMAL,1.0,False
2.678,0.00015330085865733616,-0.005211223015563399,-0.02667585867455544,7.916909285330253e-18,0.0,0.0007499999999999981,False,False,True,NORMAL,1.0,False
2.6790000000000003,0.00014807649997656573,-0.005237291919173746,-0.025461274615966582,7.16351575656314e-18,0.0,0.0007499999999999981,False,False,True,NORMAL,1.0,False
2.68,0.00014282668034651267,-0.00526214426349015,-0.02424278668273004,6.481817101228504e-18,0.0,0.0007499999999999981,False,False,True,NORMAL,1.0,False
2.681,0.00013755261823179216,-0.005285776284502641,-0.023020674675399203,5.864990650056927e-18,0.0,0.0007499999999999981,False,False,True,NORMAL,1.0,False
2.682,0.00013225553572106057,-0.005308184498204803,-0.021795218789931358,5.3068629966025535e-18,0.0,0.0013199999999999991,False,True,True,NORMAL,1.0,False
2.6830000000000003,0.00012693665824682472,-0.0053293657009573815,-0.020566699554099427,4.801848211716429e-18,0.0,0.0013199999999999991,False,False,True,NORMAL,1.0,False
2.684,0.00012159721430491944,-0.005349316969788318,-0.019335397763924345,4.3448919376900834e-18,0.0,0.0013199999999999991,False,False,True,NORMAL,1.0,False
2.685,0.00011623843517371685,-0.005368035662629223,-0.01810159442014241,3.931420802544752e-18,0.0,0.0013199999999999991,False,False,True,NORMAL,1.0,False
2.686,0.00011086155463313093,-0.005385519418488348,-0.016865570664721892,3.557296648187454e-18,0.0,0.0013199999999999991,False,False,True,NORMAL,1.0,False
2.6870000000000003,0.0001054678086834808,-0.0054017661575601,-0.01562760771744299,3.2187751143339086e-18,0.0,0.002644999999999999,False,True,True,NORMAL,1.0,False
2.688,0.00010005843526427621,-0.005416774081271175,-0.014387986812555351,2.9124681636922943e-18,0.0,0.002644999999999999,False,False,True,NORMAL,1.0,False
2.689,9.463467397298863e-05,-0.005430541672263396,-0.013146989135527316,2.635310173347268e-18,0.0,0.002644999999999999,False,False,True,NORMAL,1.0,False
2.69,8.919776578387096e-05,-0.0054430676943133475,-0.011904895759900915,2.384527252975439e-18,0.0,0.002644999999999999,False,False,True,NORMAL,1.0,False
2.691,8.374895276688931e-05,-0.0054543511921889285,-0.010661987584266674,2.1576094828186753e-18,0.0,0.002644999999999999,False,False,True,NORMAL,1.0,False
2.692,7.82894778068296e-05,-0.005464391491442939,-0.00941854526937223,1.952285793563552e-18,0.0,0.0018050000000000002,False,True,True,NORMAL,1.0,False
2.693,7.28205843226421e-05,-0.0054731881981438585,-0.008174849175378661,1.766501236716329e-18,0.0,0.0018050000000000002,False,False,True,NORMAL,1.0,False
2.694,6.734351598708639e-05,-0.005480741198543949,-0.006931179299278492,1.5983964179877324e-18,0.0,0.0018050000000000002,False,False,True,NORMAL,1.0,False
2.695,6.185951644673965e-05,-0.005487050658684872,-0.005687815212489098,1.4462888878499461e-18,0.0,0.0018050000000000002,False,False,True,NORMAL,1.0,False
2.696,5.6369829042430424e-05,-0.005492117023940984,-0.004445035998635353,1.3086563030162447e-18,0.0,0.0018050000000000002,False,False,True,NORMAL,1.0,False
2.697,5.087569653016012e-05,-0.005495941018500525,-0.0032031201915352255,1.1841211903177032e-18,0.0,0.0026450000000000006,False,True,True,NORMAL,1.0,False
2.698,4.537836080257435e-05,-0.005498523644784888,-0.0019623457134018843,1.0714371604887376e-18,0.0,0.0026450000000000006,False,False,True,NORMAL,1.0,False
2.699,3.987906261104591e-05,-0.0054998661828062154,-0.0007229898132759943,9.694764338844093e-19,0.0,0.0026450000000000006,False,False,True,NORMAL,1.0,False
2.7,3.437904128843074e-05,-0.005499970189463542,0.000514670994298406,8.772185532826785e-19,0.0,0.0026450000000000006,False,False,True,NORMAL,1.0,False
2.701,2.8879534472558583e-05,-0.00549883749777774,0.0017503609903409378,7.937401708055386e-19,0.0,0.0026450000000000006,False,False,True,NORMAL,1.0,False
2.702,2.3381777830518994e-05,-0.005496470216065539,0.0029838053122315453,7.182058067431051e-19,0.0,0.0037599999999999995,False,True,True,NORMAL,1.0,False
2.703,1.788700478380379e-05,-0.005492870727052883,0.004214730014223479,6.498594877918646e-19,0.0,0.0037599999999999995,False,False,True,NORMAL,1.0,False
2.704,1.239644623436632e-05,-0.005488041686927919,0.0054428621276594626,5.880171810197618e-19,0.0,0.0037599999999999995,False,False,True,NORMAL,1.0,False
2.705,6.911330291657808e-06,-0.005481986024333937,0.006667929720877905,5.320599478347047e-19,0.0,0.0037599999999999995,False,False,True,NORMAL,1.0,False
2.706,1.4328820007006405e-06,-0.005474706939302547,0.00788966195879618,4.814277494391015e-19,0.0,0.0037599999999999995,False,False,True,NORMAL,1.0,False
2.707,-4.037676928741766e-06,-0.005466207902127455,0.009107789162158085,4.356138417733395e-19,0.0,0.006285,False,True,True,NORMAL,1.0,False
2.708,-9.49912839183932e-06,-0.00545649265217915,0.010322042866432577,3.9415970385091347e-19,0.0,0.006285,False,False,True,NORMAL,1.0,False
2.709,-1.4950258157154905e-05,-0.005445565196660886,0.011532155880351187,3.56650448726279e-19,0.0,0.006285,False,False,True,NORMAL,1.0,False
2.71,-2.0389856133830795e-05,-0.005433429809306302,0.012737862344071385,3.2271067116685264e-19,0.0,0.006285,False,False,True,NORMAL,1.0,False
2.711,-2.581671663744369e-05,-0.005420091029019076,0.013938897786953447,2.9200069047126652e-19,0.0,0.006285,False,False,True,NORMAL,1.0,False
2.712,-3.122963865447057e-05,-0.005405553658455002,0.015134999184938382,2.642131508307382e-19,0.0,0.006544999999999999,False,True,True,NORMAL,1.0,False
2.713,-3.662742610530802e-05,-0.005389822762546887,0.016325905017514637,2.390699452088307e-19,0.0,0.006544999999999999,False,False,True,NORMAL,1.0,False
2.714,-4.2008888105787995e-05,-0.0053729036669726985,0.017511355324261346,2.1631943195275667e-19,0.0,0.006544999999999999,False,False,True,NORMAL,1.0,False
2.715,-4.737283922713361e-05,-0.005354801956567384,0.01869109176095614,1.957339162791378e-19,0.0,0.006544999999999999,False,False,True,NORMAL,1.0,False
2.716,-5.271809975429868e-05,-0.0053355234736788,0.019864857655235404,1.771073714280817e-19,0.0,0.006544999999999999,False,False,True,NORMAL,1.0,False
2.717,-5.8043495942635524e-05,-0.005315074316468221,0.021032398061795327,1.602533766781211e-19,0.0,0.008349999999999998,False,True,True,NORMAL,1.0,False
2.718,-6.334786027283568e-05,-0.005293460837155869,0.02219345981712183,1.4500325158497515e-19,0.0,0.008349999999999998,False,False,True,NORMAL,1.0,False
2.719,-6.863003170408888e-05,-0.005270689640211963,0.023347791593737944,1.3120436777096758e-19,0.0,0.008349999999999998,False,False,True,NORMAL,1.0,False
2.72,-7.388885592540613e-05,-0.00524676758049376,0.024495143953957018,1.1871862136892275e-19,0.0,0.008349999999999998,False,False,True,NORMAL,1.0,False
2.721,-7.912318560505286e-05,-0.0052217017613291035,0.025635269403130552,1.0742105083224475e-19,0.0,0.008349999999999998,False,False,True,NORMAL,1.0,False
2.722,-8.433188063803922e-05,-0.005195499532546971,0.026767922442379286,9.71985862777579e-20,0.0,0.011359999999999999,False,True,True,NORMAL,1.0,False
2.723,-8.951380839161463e-05,-0.005168168488455562,0.027892859620796635,8.794891784431191e-20,0.0,0.011359999999999999,False,False,True,NORMAL,1.0,False
2.724,-9.466784394871436e-05,-0.005139716465768446,0.029009839587113402,7.957947174130391e-20,0.0,0.011359999999999999,False,False,True,NORMAL,1.0,False
2.725,-9.979287034930651e-05,-0.005110151541479322,0.030118623140812945,7.200648373906703e-20,0.0,0.011359999999999999,False,False,True,NORMAL,1.0,False
2.726,-0.00010488777882958839,-0.005079482030685939,0.0312189732826863,6.515416082830572e-20,0.0,0.011359999999999999,False,False,True,NORMAL,1.0,False
2.727,-0.00010995146905898147,-0.005047716484363753,0.032310655264816454,5.89539226581838e-20,0.0,0.009664999999999997,False,True,True,NORMAL,1.0,False
2.728,-0.00011498284937487525,-0.005014863687089881,0.033393436639981754,5.334371516112268e-20,0.0,0.009664999999999997,False,False,True,NORMAL,1.0,False
2.729,-0.00011998083701507039,-0.00498093265471795,0.03446708731046776,4.826738949483591e-20,0.0,0.009664999999999997,False,False,True,NORMAL,1.0,False
2.73,-0.0001249443583478724,-0.004945932632004437,0.03553137957627794,4.367414008584332e-20,0.0,0.009664999999999997,False,False,True,NORMAL,1.0,False
2.731,-0.00012987234909978769,-0.0049098730901870925,0.036586088182732866,3.951799615021527e-20,0.0,0.009664999999999997,False,False,True,NORMAL,1.0,False
2.732,-0.00013476375458077429,-0.0048727637245160925,0.03763099036744836,3.575736160251577e-20,0.0,0.010885,False,True,True,NORMAL,1.0,False
2.733,-0.00013961752990700044,-0.0048346144517385095,0.03866586590668287,3.235459874819853e-20,0.0,0.010885,False,False,True,NORMAL,1.0,False
2.734,-0.00014443264022106448,-0.004795435407536765,0.03969049716104465,2.9275651592909447e-20,0.0,0.010885,False,False,True,NORMAL,1.0,False
2.735,-0.00014920806090963046,-0.004755236943921696,0.040704669120549396,2.6489704998648508e-20,0.0,0.010885,False,False,True,NORMAL,1.0,False
2.736,-0.00015394277781843448,-0.004714029626580893,0.041708169449019096,2.3968876275511366e-20,0.0,0.010885,False,False,True,NORMAL,1.0,False
2.737,-0.0001586357874646172,-0.00467182423218297,0.042700788527813324,2.168793612235707e-20,0.0,0.010489999999999998,False,True,True,NORMAL,1.0,False
2.738,-0.00016328609724633892,-0.004628631745638447,0.043682319498883924,1.962405612348239e-20,0.0,0.010489999999999998,False,False,True,NORMAL,1.0,False
2.739,-0.000167892725649634,-0.004584463357317913,0.04465255830714451,1.7756580274164567e-20,0.0,0.010489999999999998,False,False,True,NORMAL,1.0,False
2.74,-0.00017245470245246257,-0.004539330460228166,0.04561130374214632,1.6066818248423318e-20,0.0,0.010489999999999998,False,False,True,NORMAL,1.0,False
2.741,-0.0001769710689259176,-0.004493244647147035,0.046558357479052015,1.4537858339956393e-20,0.0,0.010489999999999998,False,False,True,NORMAL,1.0,False
2.742,-0.00018144087803254622,-0.0044462177077175735,0.047493524118899254,1.3154398204098682e-20,0.0,0.010195,False,True,True,NORMAL,1.0,False
2.743,-0.00018586319462174554,-0.004398261625502351,0.04841661122814627,1.1902591706813514e-20,0.0,0.010195,False,False,True,NORMAL,1.0,False
2.744,-0.0001902370956221929,-0.0043493885749985636,0.04932742937749124,1.0769910347929365e-20,0.0,0.010195,False,False,True,NORMAL,1.0,False
2.745,-0.00019456167023127198,-0.00429961091861469,0.05022579217995823,9.745017871699168e-21,0.0,0.010195,False,False,True,NORMAL,1.0,False
2.746,-0.0001988360201014567,-0.004248941203609431,0.051111516328241895,8.817656809742557e-21,0.0,0.010195,False,False,True,NORMAL,1.0,False
2.747,-0.00020305925952361544,-0.004197392158993676,0.05198442163130399,7.978545820854651e-21,0.0,0.009210000000000003,False,True,True,NORMAL,1.0,False
2.748,-0.00020723051560719914,-0.004144976692396255,0.05284433105021419,7.219286800223717e-21,0.0,0.009210000000000003,False,False,True,NORMAL,1.0,False
2.749,-0.00021134892845727727,-0.004091707886894225,0.053691070733228714,6.532280828375512e-21,0.0,0.009210000000000003,False,False,True,NORMAL,1.0,False
2.75,-0.0002154136513483867,-0.004037598997808466,0.05452447005009971,5.9106521186330975e-21,0.0,0.009210000000000003,False,False,True,NORMAL,1.0,False
2.751,-0.00021942385089515919,-0.003982663449465354,0.05534436162560885,5.348179201932746e-21,0.0,0.009210000000000003,False,False,True,NORMAL,1.0,False
2.7520000000000002,-0.00022337870721969385,-0.0039269148319252874,0.05615058137231905,4.839232660270445e-21,0.0,0.01379,False,True,True,NORMAL,1.0,False
2.753,-0.00022727741411564194,-0.0038703668976788623,0.056942968522537725,4.378718785594397e-21,0.0,0.01379,False,False,True,NORMAL,1.0,False
2.754,-0.00023111917920897197,-0.0038130335583114734,0.0577213656594859,3.962028600262786e-21,0.0,0.01379,False,False,True,NORMAL,1.0,False
2.755,-0.0002349032241153839,-0.00375492888113715,0.058485618747667105,3.584991728846406e-21,0.0,0.01379,False,False,True,NORMAL,1.0,False
2.7560000000000002,-0.0002386287845943422,-0.0036960670858024254,0.05923557716243062,3.2438346596096527e-21,0.0,0.01379,False,False,True,NORMAL,1.0,False
2.757,-0.00024229511069969812,-0.0036364625408610465,0.059971093718723646,2.935142977936754e-21,0.0,0.011194999999999997,False,True,True,NORMAL,1.0,False
2.758,-0.0002459014669268724,-0.00357612976032034,0.0606920246990268,2.65582719372267e-21,0.0,0.011194999999999997,False,False,True,NORMAL,1.0,False
2.759,-0.0002494471323565706,-0.003515083400160054,0.06139822988046847,2.403091820717709e-21,0.0,0.011194999999999997,False,False,True,NORMAL,1.0,False
2.7600000000000002,-0.0002529314007950036,-0.003453338254824495,0.062089572561112555,2.1744073983615445e-21,0.0,0.011194999999999997,False,False,True,NORMAL,1.0,False
2.761,-0.00025635358091058755,-0.0033909092536887975,0.06276591958541539,1.967485176091748e-21,0.0,0.011194999999999997,False,False,True,NORMAL,1.0,False
2.762,-0.0002597129963670974,-0.0033278114575001484,0.06342714136884713,1.7802542067588824e-21,0.0,0.011720000000000003,False,True,True,NORMAL,1.0,False
2.763,-0.0002630089859532493,-0.003264060054794814,0.0640731119216733,1.6108406198913623e-21,0.0,0.011720000000000003,False,False,True,NORMAL,1.0,False
2.7640000000000002,-0.0002662409037086886,-0.0031996703582918055,0.06470370887189264,1.4575488673699447e-21,0.0,0.011720000000000003,False,False,True,NORMAL,1.0,False
2.765,-0.0002694081190463599,-0.0031346578012640272,0.06531881348732703,1.318844753812258e-21,0.0,0.011720000000000003,False,False,True,NORMAL,1.0,False
2.766,-0.0002725100168712375,-0.0030690379338877663,0.06591831069686009,1.1933400818297543e-21,0.0,0.011720000000000003,False,False,True,NORMAL,1.0,False
2.767,-0.00027554599769539465,-0.0030028264195713665,0.06650208911082084,1.0797787584816556e-21,0.0,0.013344999999999992,False,True,True,NORMAL,1.0,False
2.7680000000000002,-0.0002785154777493919,-0.002936039031263948,0.0670700410405091,9.770242238746152e-22,0.0,0.013344999999999992,False,False,True,NORMAL,1.0,False
2.769,-0.0002814178890899641,-0.0028686916477450334,0.06762206251685947,8.840480760892941e-22,0.0,0.013344999999999992,False,False,True,NORMAL,1.0,False
2.77,-0.0002842526797039878,-0.0028008002498959403,0.06815805330824116,7.999197785882944e-22,0.0,0.013344999999999992,False,False,True,NORMAL,1.0,False
2.771,-0.00028701931360871176,-0.0027323809169538084,0.06867791693739085,7.237973470937287e-22,0.0,0.013344999999999992,False,False,True,NORMAL,1.0,False
2.7720000000000002,-0.00028971727094823275,-0.0026634498227491275,0.06918156069747607,6.549189227255667e-22,0.0,0.01291000000000001,False,True,True,NORMAL,1.0,False
2.773,-0.0002923460480862011,-0.002594023231927638,0.06966889566728669,5.925951470618939e-22,0.0,0.01291000000000001,False,False,True,NORMAL,1.0,False
2.774,-0.0002949051576947407,-0.002524117496157478,0.07013983672555288,5.362022628081238e-22,0.0,0.01291000000000001,False,False,True,NORMAL,1.0,False
2.775,-0.00029739412883956925,-0.002453749050322447,0.07059430256438674,4.8517587102434175e-22,0.0,0.01291000000000001,False,False,True,NORMAL,1.0,False
2.7760000000000002,-0.000299812507061305,-0.0023829344087022697,0.07103221570184702,4.390052824310131e-22,0.0,0.01291000000000001,False,False,True,NORMAL,1.0,False
2.777,-0.0003021598544529477,-0.0023116901611407335,0.07145350249362434,3.972284062590251e-22,0.0,0.015359999999999999,False,True,True,NORMAL,1.0,False
2.778,-0.0003044357497335222,-0.0022400329692025805,0.07185809314384636,3.5942712548995545e-22,0.0,0.015359999999999999,False,False,True,NORMAL,1.0,False
2.779,-0.0003066397883178732,-0.0021679795623200343,0.07224592171500152,3.252231122004181e-22,0.0,0.015359999999999999,False,False,True,NORMAL,1.0,False
2.7800000000000002,-0.00030877158238260227,-0.0020955467339298464,0.07261692613698027,2.9427404112904546e-22,0.0,0.015359999999999999,False,False,True,NORMAL,1.0,False
2.781,-0.00031083076092813713,-0.00202275133760174,0.07297104821523345,2.6627016357021323e-22,0.0,0.015359999999999999,False,False,True,NORMAL,1.0,False
2.782,-0.0003128169698369256,-0.00194961028315914,0.07330823363804698,2.4093120730488434e-22,0.0,0.014204999999999995,False,True,True,NORMAL,1.0,False
2.783,-0.00031472987192774694,-0.001876140532793068,0.07362843198293266,2.1800357154203804e-22,0.0,0.014204999999999995,False,False,True,NORMAL,1.0,False
2.7840000000000003,-0.00031656914700613366,-0.0018023590971700892,0.07393159672213521,1.9725778879671529e-22,0.0,0.014204999999999995,False,False,True,NORMAL,1.0,False
2.785,-0.00031833449191089904,-0.0017282830315351945,0.07421768522725508,1.784862283023025e-22,0.0,0.014204999999999995,False,False,True,NORMAL,1.0,False
2.786,-0.0003200256205567651,-0.0016539294318105022,0.0744866587729879,1.615010179720322e-22,0.0,0.014204999999999995,False,False,True,NORMAL,1.0,False
2.787,-0.00032164226397308777,-0.0015793154306906602,0.07473848253998074,1.461321641119927e-22,0.0,0.015005000000000001,False,True,True,NORMAL,1.0,False
2.7880000000000003,-0.00032318417033867607,-0.0015044581937358342,0.07497312561680587,1.322258500671026e-22,0.0,0.015005000000000001,False,False,True,NORMAL,1.0,False
2.789,-0.0003246511050127034,-0.0014293749154631634,0.07519056100105301,1.19642896772327e-22,0.0,0.015005000000000001,False,False,True,NORMAL,1.0,False
2.79,-0.00032604285056170995,-0.0013540828154375638,0.07539076559954108,1.0825736980181521e-22,0.0,0.015005000000000001,False,False,True,NORMAL,1.0,False
2.791,-0.0003273592067826959,-0.0012785991343627593,0.07557372022765071,9.795531897483853e-23,0.0,0.015005000000000001,False,False,True,NORMAL,1.0,False
2.7920000000000003,-0.0003285999907223062,-0.0012029411301734195,0.07573940960777903,8.863363790408173e-23,0.0,0.014189999999999998,False,True,True,NORMAL,1.0,False
2.793,-0.00032976503669210854,-0.0011271260741292815,0.07588782236691835,8.019903207226348e-23,0.0,0.014189999999999998,False,False,True,NORMAL,1.0,False
2.794,-0.00033085419627996624,-0.0010511712469121288,0.0760189510333606,7.256708510924999e-23,0.0,0.014189999999999998,False,False,True,NORMAL,1.0,False
2.795,-0.0003318673383575107,-0.0009750939347265038,0.07613279203252966,6.566141392464949e-23,0.0,0.014189999999999998,False,False,True,NORMAL,1.0,False
2.7960000000000003,-0.0003328043490837161,-0.0008989114254050216,0.07622934568194366,5.941290424017025e-23,0.0,0.014189999999999998,False,False,True,NORMAL,1.0,False
2.797,-0.00033366513190458266,-0.0008226410045191568,0.07630861618530983,5.375901887069336e-23,0.0,0.010724999999999995,False,True,True,NORMAL,1.0,False
2.798,-0.00033444960754893326,-0.0007462999514963668,0.07637061162575454,4.86431718311046e-23,0.0,0.010724999999999995,False,False,True,NORMAL,1.0,False
2.799,-0.0003351577140203311,-0.0006699055357444175,0.07641534395819112,4.4014162004736206e-23,0.0,0.010724999999999995,False,False,True,NORMAL,1.0,False
2.8000000000000003,-0.00033578940658512523,-0.0005934750127837701,0.07644282900082884,3.982566070538194e-23,0.0,0.010724999999999995,False,False,True,NORMAL,1.0,False
2.801,-0.0003363446577566336,-0.0005170256203888878,0.07645308642582588,3.6035748004233965e-23,0.0,0.010724999999999995,False,False,True,NORMAL,1.0,False
2.802,-0.00033682345727547127,-0.0004405745747393153,0.07644613974909001,3.2606493181145544e-23,0.0,0.010895000000000002,False,True,True,NORMAL,1.0,False
2.803,-0.00033722581208603576,-0.0003641390665813831,0.07642201631923011,2.950357510123485e-23,0.0,0.010895000000000002,False,False,True,NORMAL,1.0,False
2.8040000000000003,-0.0003375517463091592,-0.0002877362574013828,0.07638074730566288,2.669593871743137e-23,0.0,0.010895000000000002,False,False,True,NORMAL,1.0,False
2.805,-0.00033780130121094,-0.00021138327561105643,0.07632236768587809,2.4155484261126803e-23,0.0,0.010895000000000002,False,False,True,NORMAL,1.0,False
2.806,-0.00033797453516776676,-0.00013509721274624004,0.07624691623186688,2.1856786010246235e-23,0.0,0.010895000000000002,False,False,True,NORMAL,1.0,False
2.807,-0.00033807152362754715,-5.889511967949511e-05,0.07615443549571735,1.9776837820075685e-23,0.0,0.011924999999999998,False,True,True,NORMAL,1.0,False
2.8080000000000003,-0.00033809235906715726,1.720599715244084e-05,0.07604497179438173,1.7894822870033196e-23,0.0,0.011924999999999998,False,False,True,NORMAL,1.0,False
2.809,-0.0003380371509461259,9.318917950555858e-05,0.07591857519362,1.6191905321931677e-23,0.0,0.011924999999999998,False,False,True,NORMAL,1.0,False
2.81,-0.00033790602565657036,0.00016903752106901536,0.07577529949112481,1.465104180457937e-23,0.0,0.011924999999999998,False,False,True,NORMAL,1.0,False
2.811,-0.0003376991264694001,0.0002447341711882908,0.07561520219883258,1.3256810837992504e-23,0.0,0.011924999999999998,False,False,True,NORMAL,1.0,False
2.8120000000000003,-0.0003374166134768064,0.000320262338570249,0.07543834452442606,1.1995258490040263e-23,0.0,0.01337,False,True,True,NORMAL,1.0,False
2.813,-0.0003370586635310562,0.0003956052949693014,0.0752447913520337,1.0853758720801953e-23,0.0,0.01337,False,False,True,NORMAL,1.0,False
2.814,-0.00033662547017960983,0.0004707463788538695,0.07503461122213141,9.820887016915718e-24,0.0,0.01337,False,False,True,NORMAL,1.0,False
2.815,-0.000336117243596582,0.000545668999052353,0.07480787631065243,8.886306051208895e-24,0.0,0.01337,False,False,True,NORMAL,1.0,False
2.816,-0.00033553421051056803,0.0006203566383778142,0.07456466240731109,8.04066222325318e-24,0.0,0.01337,False,False,True,NORMAL,1.0,False
2.817,-0.00033487661412885564,0.0006947928572305959,0.07430504889314662,7.275492045387686e-24,0.0,0.010864999999999993,False,True,True,NORMAL,1.0,False
2.818,-0.00033414471405804607,0.0007689612971780956,0.07402911871729322,6.583137437289755e-24,0.0,0.010864999999999993,False,False,True,NORMAL,1.0,False
2.819,-0.0003333387862211069,0.000842845684510925,0.07373695837298266,5.956669081333125e-24,0.0,0.010864999999999993,False,False,True,NORMAL,1.0,False
2.82,-0.0003324591227708809,0.0009164298337746922,0.07342865787278616,5.389817071648096e-24,0.0,0.010864999999999993,False,False,True,NORMAL,1.0,False
2.821,-0.00033150603200007546,0.000989697651276647,0.073104310723102,4.8769081627961995e-24,0.0,0.010864999999999993,False,False,True,NORMAL,1.0,False
2.822,-0.00033047983824775865,0.001062633138566441,0.07276401389789604,4.412808990023008e-24,0.0,0.009659999999999998,False,True,True,NORMAL,1.0,False
2.823,-0.0003293808818023871,0.0011352203958902552,0.0724078678117017,3.992874692818288e-24,0.0,0.009659999999999998,False,False,True,NORMAL,1.0,False
2.824,-0.0003282095188013943,0.0012074436256175637,0.07203597629188738,3.612902427590825e-24,0.0,0.009659999999999998,False,False,True,NORMAL,1.0,False
2.825,-0.00032696612112736507,0.001279287135639798,0.07164844655019745,3.2690893041971323e-24,0.0,0.009659999999999998,False,False,True,NORMAL,1.0,False
2.826,-0.00032565107630082654,0.001350735342740195,0.07124538915357569,2.9579943253387045e-24,0.0,0.009659999999999998,False,False,True,NORMAL,1.0,False
2.827,-0.00032426478736968377,0.001421772775934111,0.07082691799427768,2.6765039479044936e-24,0.0,0.011615000000000006,False,True,True,NORMAL,1.0,False
2.828,-0.0003228076727953298,0.001492384079779097,0.07039315025928056,2.4218009215849544e-24,0.0,0.011615000000000006,False,False,True,NORMAL,1.0,False
2.829,-0.00032128016633546137,0.001562554017654035,0.06994420639899775,2.1913360928840375e-24,0.0,0.011615000000000006,False,False,True,NORMAL,1.0,False
2.83,-0.00031968271692363136,0.0016322674750066455,0.06948021009530708,1.9828028923342e-24,0.0,0.011615000000000006,False,False,True,NORMAL,1.0,False
2.831,-0.00031801578854556933,0.0017015094625686823,0.06900128822890007,1.79411424957391e-24,0.0,0.011615000000000006,False,False,True,NORMAL,1.0,False
2.832,-0.00031627986011230385,0.0017702651195381418,0.06850757084596115,1.6233817052459797e-24,0.0,0.009725000000000004,False,True,True,NORMAL,1.0,False
2.833,-0.000314475425330119,0.0018385197167278189,0.06799919112418504,1.4688965106615854e-24,0.0,0.009725000000000004,False,False,True,NORMAL,1.0,False
2.834,-0.00031260299256737956,0.0019062586596795535,0.06747628533814107,1.3291125260690592e-24,0.0,0.009725000000000004,False,False,True,NORMAL,1.0,False
2.835,-0.0003106630847182595,0.001973467491743519,0.0669389928239931,1.2026307463675794e-24,0.0,0.009725000000000004,False,False,True,NORMAL,1.0,False
2.836,-0.0003086562390634088,0.002040131897121912,0.06638745594358411,1.0881852993938995e-24,0.0,0.009725000000000004,False,False,True,NORMAL,1.0,False
2.837,-0.00030658300712759444,0.0021062377038764102,0.06582182004789414,9.846307766482637e-25,0.0,0.008140000000000001,False,True,True,NORMAL,1.0,False
2.838,-0.0003044439545343528,0.002171770886898783,0.06524223343988121,8.909307696611565e-25,0.0,0.008140000000000001,False,False,True,NORMAL,1.0,False
2.839,-0.0003022396608576897,0.0022367175708440357,0.06464884733671414,8.06147497268991e-25,0.0,0.008140000000000001,False,False,True,NORMAL,1.0,False
2.84,-0.00029997071947086634,0.0023010640330254862,0.0640418158314067,7.294324199850246e-25,0.0,0.008140000000000001,False,False,True,NORMAL,1.0,False
2.841,-0.0002976377373923097,0.0023647967062711823,0.06342129585386291,6.600177475309712e-25,0.0,0.008140000000000001,False,False,True,NORMAL,1.0,False
2.842,-0.000295241335128686,0.0024279021817410714,0.06278744713134274,5.972087545338338e-25,0.0,0.0061049999999999915,False,True,True,NORMAL,1.0,False
2.843,-0.00029278214651517646,0.0024903672117043527,0.06214043214835817,5.403768274808654e-25,0.0,0.0061049999999999915,False,False,True,NORMAL,1.0,False
2.844,-0.0002902608185529965,0.002552178712276443,0.06148041610600955,4.889531733442494e-25,0.0,0.0061049999999999915,False,False,True,NORMAL,1.0,False
2.845,-0.0002876780112441979,0.0026133237661150046,0.06080756688077202,4.424231269092995e-25,0.0,0.0061049999999999915,False,False,True,NORMAL,1.0,False
2.846,-0.0002850343974237958,0.0026737896250744863,0.060122054982742326,4.0032099983200623e-25,0.0,0.0061049999999999915,False,False,True,NORMAL,1.0,False
2.847,-0.0002823306625892623,0.0027335637128186488,0.05942405351335604,3.6222541987356628e-25,0.0,0.007985000000000006,False,True,True,NORMAL,1.0,False
2.848,-0.0002795675047274283,0.0027926336273905446,0.05871373812258555,3.2775511366538906e-25,0.0,0.007985000000000006,False,False,True,NORMAL,1.0,False
2.849,-0.0002767456341388375,0.0028509871437394424,0.05799128696562926,2.9656509079707306e-25,0.0,0.007985000000000006,False,False,True,NORMAL,1.0,False
2.85,-0.00027386577325959447,0.002908612216204188,0.05725688065910246,2.683431910364235e-25,0.0,0.007985000000000006,False,False,True,NORMAL,1.0,False
2.851,-0.00027092865648075206,0.0029654969809525143,0.056510702236740436,2.4280696012492767e-25,0.0,0.007985000000000006,False,False,True,NORMAL,1.0,False
2.852,-0.0002679350299652812,0.003021629758375813,0.05575293710462455,2.197008228805997e-25,0.0,0.006054999999999996,False,True,True,NORMAL,1.0,False
2.853,-0.00026488565146266856,0.0030769990554388995,0.054983772995942065,1.987935253156575e-25,0.0,0.006054999999999996,False,False,True,NORMAL,1.0,False
2.854,-0.0002617812901211874,0.0031315935679843082,0.0542033999252907,1.798758201688857e-25,0.0,0.006054999999999996,False,False,True,NORMAL,1.0,False
2.855,-0.0002586227262978865,0.003185402182990669,0.053412010142538456,1.627583726887151e-25,0.0,0.006054999999999996,False,False,True,NORMAL,1.0,False
2.856,-0.00025541075136634444,0.0032384139807847276,0.05260979808625041,1.4726986570739142e-25,0.0,0.006054999999999996,False,False,True,NORMAL,1.0,False
2.857,-0.0002521461675222349,0.003290618237206579,0.051796960336692975,1.3325528504117855e-25,0.0,0.008315000000000003,False,True,True,NORMAL,1.0,False
2.858,-0.00024882978758675016,0.0033420044257276987,0.050973695568427235,1.2057436805630583e-25,0.0,0.008315000000000003,False,False,True,NORMAL,1.0,False
2.859,-0.00024546243480793077,0.0033925622195213685,0.050140204502502374,1.0910019987338524e-25,0.0,0.008315000000000003,False,False,True,NORMAL,1.0,False
2.86,-0.00024204494265994838,0.003442281493485097,0.04929668985826074,9.871794316064102e-26,0.0,0.008315000000000003,False,False,True,NORMAL,1.0,False
2.861,-0.00023857815464039045,0.003491152326214659,0.04844335630476586,8.932368880329503e-26,0.0,0.008315000000000003,False,False,True,NORMAL,1.0,False
2.862,-0.00023506292406559528,0.0035391650019293776,0.047580410411864865,8.082341594622102e-26,0.0,0.007899999999999996,False,True,True,NORMAL,1.0,False
2.863,-0.0002315001138640863,0.0035863100123482913,0.04670806060089698,7.313205100162502e-26,0.0,0.007899999999999996,False,False,True,NORMAL,1.0,False
2.864,-0.00022789059636815488,0.0036325780585168567,0.04582651709505956,6.617261620398449e-26,0.0,0.007899999999999996,False,False,True,NORMAL,1.0,False
2.865,-0.0002242352531036412,0.0036779600525838514,0.0449359918694435,5.987545919069781e-26,0.0,0.007899999999999996,False,False,True,NORMAL,1.0,False
2.866,-0.00022053497457796343,0.003722447119528153,0.04403669860074954,5.417755589782848e-26,0.0,0.007899999999999996,False,False,True,NORMAL,1.0,False
2.867,-0.00021679066006644523,0.0037660305988350758,0.043128852616697556,4.902187979408999e-26,0.0,0.0027750000000000023,False,True,True,NORMAL,1.0,False
2.868,-0.00021300321739699227,0.003808702046121975,0.0422126708451403,4.435683114015356e-26,0.0,0.0027750000000000023,False,False,True,NORMAL,1.0,False
2.869,-0.00020917356273316865,0.003850453234712814,0.041288371762893725,4.01357205611136e-26,0.0,0.0027750000000000023,False,False,True,NORMAL,1.0,False
2.87,-0.00020530262035572434,0.003891276157161432,0.04035617534429583,3.63163017635308e-26,0.0,0.0027750000000000023,False,False,True,NORMAL,1.0,False
2.871,-0.00020139132244262518,0.003931163026723234,0.03941630300950581,3.2860348720327975e-26,0.0,0.0027750000000000023,False,False,True,NORMAL,1.0,False
2.872,-0.00019744060884763703,0.003970106278775062,0.03846897757255573,2.9733273091862814e-26,0.0,0.00307,False,True,True,NORMAL,1.0,False
2.873,-0.0001934514268775161,0.004008098572182991,0.03751442318916663,2.690377805419922e-26,0.0,0.00307,False,False,True,NORMAL,1.0,False
2.874,-0.00018942473106785764,0.004045132790617834,0.036552865304341216,2.4343545069974137e-26,0.0,0.00307,False,False,True,NORMAL,1.0,False
2.875,-0.00018536148295765522,0.004081202043818131,0.03558453059974523,2.202695046695741e-26,0.0,0.00307,False,False,True,NORMAL,1.0,False
2.876,-0.00018126265086262352,0.0041162996688004225,0.03460964694088966,1.9930808987727715e-26,0.0,0.00307,False,False,True,NORMAL,1.0,False
2.8770000000000002,-0.0001771292096473373,0.004150419231016601,0.033628443324125984,1.8034141743823442e-26,0.0,0.0035050000000000038,False,True,True,NORMAL,1.0,False
2.878,-0.00017296214049623935,0.004183554525458181,0.03264114982346658,1.631796625197572e-26,0.0,0.0035050000000000038,False,False,True,NORMAL,1.0,False
2.879,-0.00016876243068357104,0.004215699577707302,0.03164799753724253,1.4765106451035635e-26,0.0,0.0035050000000000038,False,False,True,NORMAL,1.0,False
2.88,-0.00016453107334227836,0.004246848644934308,0.030649218534611167,1.3360020798181175e-26,0.0,0.0035050000000000038,False,False,True,NORMAL,1.0,False
2.8810000000000002,-0.00016026906723194732,0.004276996216841775,0.029645045801925483,1.2088646723932974e-26,0.0,0.0035050000000000038,False,False,True,NORMAL,1.0,False
2.882,-0.00015597741650582198,0.0043061370165548354,0.028635713188977688,1.0938259889232373e-26,0.0,0.0018800000000000006,False,True,True,NORMAL,1.0,False
2.883,-0.00015165713047695924,0.004334266001457691,0.02762145535512929,9.89734683597932e-27,0.0,0.0018800000000000006,False,False,True,NORMAL,1.0,False
2.884,-0.00014730922338357388,0.0043613783639762085,0.026602507715339806,8.955489756473902e-27,0.0,0.0018800000000000006,False,False,True,NORMAL,1.0,False
2.8850000000000002,-0.0001429347141536282,0.004387469532306488,0.025579106386106613,8.10326222849533e-27,0.0,0.0018800000000000006,False,False,True,NORMAL,1.0,False
2.886,-0.00013853462616872,0.004412535171089343,0.02455148813132799,7.332134872500029e-27,0.0,0.0018800000000000006,False,False,True,NORMAL,1.0,False
2.887,-0.00013410998702732317,0.0044365711820306035,0.02351989030810181,6.634389986724345e-27,0.0,0.0014899999999999991,False,True,True,NORMAL,1.0,False
2.888,-0.0001296618283074351,0.004459573704467195,0.022484550812472106,6.00304430583128e-27,0.0,0.0014899999999999991,False,False,True,NORMAL,1.0,False
2.8890000000000002,-0.0001251911853286853,0.004481539115878937,0.021445708025135783,5.431779110043844e-27,0.0,0.0014899999999999991,False,False,True,NORMAL,1.0,False
2.89,-0.00012069909691395897,0.004502464032346041,0.02040360075712171,4.914876985273734e-27,0.0,0.0014899999999999991,False,False,True,NORMAL,1.0,False
2.891,-0.00011618660515059079,0.004522345308952273,0.01935846819545452,4.447164601319446e-27,0.0,0.0014899999999999991,False,False,True,NORMAL,1.0,False
2.892,-0.00011165475515118223,0.00454118004013378,0.018310549848815333,4.0239609354388044e-27,0.0,0.0022350000000000026,False,True,True,NORMAL,1.0,False
2.8930000000000002,-0.00010710459481409745,0.004558965559973578,0.017260085493211563,3.641030423100012e-27,0.0,0.0022350000000000026,False,False,True,NORMAL,1.0,False
2.894,-0.00010253717458369186,0.004575699442441726,0.01620731511766808,3.2945405670281925e-27,0.0,0.0022350000000000026,False,False,True,NORMAL,1.0,False
2.895,-9.795354721032754e-05,0.004591379501581201,0.015152478869951894,2.9810235802845157e-27,0.0,0.0022350000000000026,False,False,True,NORMAL,1.0,False
2.896,-9.335476751023005e-05,0.004606003791639515,0.01409581700234249,2.697341679488953e-27,0.0,0.0022350000000000026,False,False,True,NORMAL,1.0,False
2.8970000000000002,-8.874189212524068e-05,0.0046195706071461475,0.01303756981745993,2.4406556808295627e-27,0.0,-0.003170000000000002,False,True,True,NORMAL,1.0,False
2.898,-8.411597928251825e-05,0.0046320784829358185,0.011977977614162878,2.2083965845566183e-27,0.0,-0.003170000000000002,False,False,True,NORMAL,1.0,False
2.899,-7.947808855424487e-05,0.004643526194117715,0.010917280633528523,1.998239863569642e-27,0.0,-0.003170000000000002,False,False,True,NORMAL,1.0,False
2.9,-7.482928061738925e-05,0.0046539127559907375,0.009855719004926477,1.808082198768883e-27,0.0,-0.003170000000000002,False,False,True,NORMAL,1.0,False
2.9010000000000002,-7.01706170135819e-05,0.004663237423904871,0.008793532692198621,1.6360204283308166e-27,0.0,-0.003170000000000002,False,False,True,NORMAL,1.0,False
2.902,-6.55031599091557e-05,0.004671499693068798,0.007730961439956837,1.4803325002249406e-27,0.0,-0.0012299999999999989,False,True,True,NORMAL,1.0,False
2.903,-6.0827971855405795e-05,0.00467869929830387,0.0066682447200104985,1.3394602373382516e-27,0.0,-0.0012299999999999989,False,False,True,NORMAL,1.0,False
2.904,-5.6146115549122226e-05,0.004684836213744578,0.0056056216779356354,1.211993742714977e-27,0.0,-0.0012299999999999989,False,False,True,NORMAL,1.0,False
2.9050000000000002,-5.145865359344878e-05,0.0046899106524856665,0.004543331079797475,1.096657288833959e-27,0.0,-0.0012299999999999989,False,False,True,NORMAL,1.0,False
2.906,-4.676664825912138e-05,0.004693923066176052,0.0034816112590382317,9.922965496988349e-28,0.0,-0.0012299999999999989,False,False,True,NORMAL,1.0,False
2.907,-4.207116124613901e-05,0.004696874144559718,0.002420700063541702,8.978670479554849e-28,0.0,-0.0066050000000000015,False,True,True,NORMAL,1.0,False
2.908,-3.7373253445920287e-05,0.004698764814963765,0.0013608348028864173,8.124237014116099e-28,0.0,-0.0066050000000000015,False,False,True,NORMAL,1.0,False
2.9090000000000003,-3.267398470399821e-05,0.004699596241733819,0.00030225219579886977,7.351113643364984e-28,0.0,-0.0066050000000000015,False,False,True,NORMAL,1.0,False
2.91,-2.797441358330581e-05,0.004699369825616989,-0.0007548116821816763,6.651562688751288e-28,0.0,-0.0066050000000000015,False,False,True,NORMAL,1.0,False
2.911,-2.3275597128104968e-05,0.004698087203092606,-0.0018101214508152914,6.01858280919404e-28,0.0,-0.0066050000000000015,False,False,True,NORMAL,1.0,False
2.912,-1.857859062861048e-05,0.004695750245650968,-0.002863442477039093,5.4458389293067475e-28,0.0,-0.0007499999999999991,False,True,True,NORMAL,1.0,False
2.9130000000000003,-1.3884447386361311e-05,0.00469236105902032,-0.003914540926599184,4.927598835833632e-28,0.0,-0.0007499999999999991,False,False,True,NORMAL,1.0,False
2.914,-9.194218480390613e-06,0.0046879219823423406,-0.004963183815425622,4.458675807732704e-28,0.0,-0.0007499999999999991,False,False,True,NORMAL,1.0,False
2.915,-4.508952534245916e-06,0.004682435587296381,-0.00600913906073924,4.034376705728256e-28,0.0,-0.0007499999999999991,False,False,True,NORMAL,1.0,False
2.916,1.7030451608941e-07,0.004675904677172736,-0.007052175531879221,3.650455001795575e-28,0.0,-0.0007499999999999991,False,False,True,NORMAL,1.0,False
2.9170000000000003,4.842509653322609e-06,0.004668332285895232,-0.008092063100840435,3.3030682784811622e-28,0.0,-0.005534999999999999,False,True,True,NORMAL,1.0,False
2.918,9.506623008975359e-06,0.004659721676993427,-0.009128572692509596,2.9887397726973767e-28,0.0,-0.005534999999999999,False,False,True,NORMAL,1.0,False
2.919,1.4161608092454719e-05,0.004650076342524733,-0.010161476334589411,2.704323579108875e-28,0.0,-0.005534999999999999,False,False,True,NORMAL,1.0,False
2.92,1.8806432019021298e-05,0.004639400001946768,-0.011190547207199945,2.4469731648546393e-28,0.0,-0.005534999999999999,False,False,True,NORMAL,1.0,False
2.9210000000000003,2.3440065736605025e-05,0.004627696600940282,-0.012215559692146553,2.2141128804903522e-28,0.0,-0.005534999999999999,False,False,True,NORMAL,1.0,False
2.922,2.806148425141927e-05,0.004614970310182973,-0.013236289421843798,2.0034121820230513e-28,0.0,-0.0059299999999999995,False,True,True,NORMAL,1.0,False
2.923,3.266966685232437e-05,0.0046012255240745715,-0.01425251332788484,1.8127623060435254e-28,0.0,-0.0059299999999999995,False,False,True,NORMAL,1.0,False
2.924,3.726359733389205e-05,0.004586466859413523,-0.015264009689245996,1.6402551645133353e-28,0.0,-0.0059299999999999995,False,False,True,NORMAL,1.0,False
2.9250000000000003,4.184226421812243e-05,0.0045706991540256595,-0.016270558180116034,1.4841642479783943e-28,0.0,-0.0059299999999999995,False,False,True,NORMAL,1.0,False
2.926,4.640466097476587e-05,0.004553927465345235,-0.017271939917340173,1.3429273460820518e-28,0.0,-0.0059299999999999995,False,False,True,NORMAL,1.0,False
2.927,5.094978624020226e-05,0.004536157068948708,-0.018267937507468572,1.2151309124387673e-28,0.0,-0.006805,False,True,True,NORMAL,1.0,False
2.928,5.547664403483053e-05,0.004517393457041683,-0.019258335093399394,1.0994959173867739e-28,0.0,-0.006805,False,False,True,NORMAL,1.0,False
2.9290000000000003,5.998424397892191e-05,0.004497642336899414,-0.02024291840060655,9.948650470293271e-29,0.0,-0.006805,False,False,True,NORMAL,1.0,False
2.93,6.447160150689067e-05,0.004476909629261291,-0.021221474782942337,9.001911204482398e-29,0.0,-0.006805,False,False,True,NORMAL,1.0,False
2.931,6.893773807993644e-05,0.004455201466679739,-0.022193793268005305,8.145266091652827e-29,0.0,-0.006805,False,False,True,NORMAL,1.0,False
2.932,7.33816813970129e-05,0.004432524191823975,-0.023159664602063864,7.370141539586995e-29,0.0,-0.00713,False,True,True,NORMAL,1.0,False
2.9330000000000003,7.780246560407782e-05,0.004408884355739065,-0.024118881294526107,6.668779841239468e-29,0.0,-0.00713,False,False,True,NORMAL,1.0,False
2.934,8.21991315015799e-05,0.004384288716060741,-0.02507123766194659,6.034161532997376e-29,0.0,-0.00713,False,False,True,NORMAL,1.0,False
2.935,8.657072675013873e-05,0.004358744235186448,-0.026016529871560886,5.459935141529254e-29,0.0,-0.00713,False,False,True,NORMAL,1.0,False
2.936,9.09163060743738e-05,0.004332258078403094,-0.02695455598433874,4.940353616105131e-29,0.0,-0.00713,False,False,True,NORMAL,1.0,False
2.9370000000000003,9.523493146484013e-05,0.004304837611971998,-0.027885115997547026,4.4702168101811827e-29,0.0,-0.008484999999999998,False,True,True,NORMAL,1.0,False
2.938,9.952567237802742e-05,0.0042764904011715135,-0.028808011886813444,4.0448194365852846e-29,0.0,-0.008484999999999998,False,False,True,NORMAL,1.0,False
2.939,0.00010378760593438096,0.00424722420829785,-0.02972304764768249,3.6599039754214936e-29,0.0,-0.008484999999999998,False,False,True,NORMAL,1.0,False
2.94,0.00010801981711430269,0.004217046990624593,-0.03063002933665499,3.311618063379928e-29,0.0,-0.008484999999999998,False,False,True,NORMAL,1.0,False
2.9410000000000003,0.00011222139895209133,0.004185966898321446,-0.03152876511170272,2.996475937989939e-29,0.0,-0.008484999999999998,False,False,True,NORMAL,1.0,False
2.942,0.00011639145272778102,0.004153992272332722,-0.03241906527224982,2.711323550937696e-29,0.0,-0.009085,False,True,True,NORMAL,1.0,False
2.943,0.00012052908815683869,0.004121131642216129,-0.033300742298612906,2.4533070012905542e-29,0.0,-0.009085,False,False,True,NORMAL,1.0,False
2.944,0.00012463342357768044,0.004087393723942385,-0.03417361089089167,2.2198439726972874e-29,0.0,-0.009085,False,False,True,NORMAL,1.0,False
2.945,0.00012870358613696826,0.00405278741765622,-0.03503748800730219,2.0085978886981005e-29,0.0,-0.009085,False,False,True,NORMAL,1.0,False
2.946,0.00013273871197264867,0.004017321805399329,-0.03589219290194494,1.8174545274820688e-29,0.0,-0.009085,False,False,True,NORMAL,1.0,False
2.947,0.00013673794639469555,0.003981006148795843,-0.03673754716200026,1.64450086204464e-29,0.0,-0.007725000000000003,False,True,True,NORMAL,1.0,False
2.948,0.00014070044406351987,0.0039438498867008925,-0.03757337474434331,1.4880059139703818e-29,0.0,-0.007725000000000003,False,False,True,NORMAL,1.0,False
2.949,0.0001446253691660098,0.0039058626328128477,-0.03839950201157148,1.3464034292191982e-29,0.0,-0.007725000000000003,False,False,True,NORMAL,1.0,False
2.95,0.0001485118955891652,0.0038670541732498324,-0.039215757767436916,1.2182762025294611e-29,0.0,-0.007725000000000003,False,False,True,NORMAL,1.0,False
2.951,0.00015235920709129097,0.003827434464091103,-0.04002197329167713,1.1023418935514113e-29,0.0,-0.007725000000000003,False,False,True,NORMAL,1.0,False
2.952,0.0001561664974707144,0.003787013628883901,-0.04081798237423659,9.974401927539295e-30,0.0,-0.012134999999999995,False,True,True,NORMAL,1.0,False
2.953,0.00015993297073199246,0.0037458019561163918,-0.04160362134887288,9.025212086567553e-30,0.0,-0.012134999999999995,False,False,True,NORMAL,1.0,False
2.954,0.00016365784124957534,0.0037038098966573067,-0.04237872912614041,8.166349601636719e-30,0.0,-0.012134999999999995,False,False,True,NORMAL,1.0,False
2.955,0.00016734033392889314,0.003661048061162917,-0.04314314722574533,7.389218688323955e-30,0.0,-0.012134999999999995,False,False,True,NORMAL,1.0,False
2.956,0.00017097968436483352,0.003617527217451968,-0.0438967198082655,6.686041559246107e-30,0.0,-0.012134999999999995,False,False,True,NORMAL,1.0,False
2.957,0.00017457513899757856,0.0035732582878492164,-0.044639293706229,6.049780581349368e-30,0.0,-0.006585000000000002,False,True,True,NORMAL,1.0,False
2.958,0.00017812595526576968,0.0035282523464982072,-0.04537071845454548,5.4740678409122484e-30,0.0,-0.006585000000000002,False,False,True,NORMAL,1.0,False
2.959,0.00018163140175697027,0.0034825206166439505,-0.04609084632028424,4.953141411324718e-30,0.0,-0.006585000000000002,False,False,True,NORMAL,1.0,False
2.96,0.00018509075835539614,0.0034360744678861473,-0.046799532331793355,4.481787685790047e-30,0.0,-0.006585000000000002,False,False,True,NORMAL,1.0,False
2.961,0.0001885033163868849,0.0033889254134036265,-0.04749663430715454,4.0552891977956245e-30,0.0,-0.006585000000000002,False,False,True,NORMAL,1.0,False
2.962,0.00019186837876107541,0.0033410851071506635,-0.04818201288196796,3.669377407122511e-30,0.0,-0.013394999999999999,False,True,True,NORMAL,1.0,False
2.963,0.00019518526011077012,0.00329256534102585,-0.04885553153646205,3.320189978860217e-30,0.0,-0.013394999999999999,False,False,True,NORMAL,1.0,False
2.964,0.00019845328692845243,0.0032433780420141945,-0.049517056621923086,3.0042321278607453e-30,0.0,-0.013394999999999999,False,False,True,NORMAL,1.0,False
2.965,0.00020167179769993343,0.003193535269303135,-0.050166457386439725,2.7183416417541934e-30,0.0,-0.013394999999999999,False,False,True,NORMAL,1.0,False
2.966,0.0002048401430351016,0.0031430492113731505,-0.050803605999957584,2.4596572324644955e-30,0.0,-0.013394999999999999,False,False,True,NORMAL,1.0,False
2.967,0.00020795768579575096,0.003091932183063668,-0.05142837757863947,2.225589899476648e-30,0.0,-0.010870000000000001,False,True,True,NORMAL,1.0,False
2.968,0.00021102380122046277,0.0030401966226149537,-0.052040650208526544,2.0137970182493608e-30,0.0,-0.010870000000000001,False,False,True,NORMAL,1.0,False
2.969,0.00021403787704651772,0.002987855088686699,-0.05264030496849654,1.8221588944412656e-30,0.0,-0.010870000000000001,False,False,True,NORMAL,1.0,False
2.97,0.00021699931362881514,0.0029349202573539976,-0.0532272259525144,1.648757549297493e-30,0.0,-0.010870000000000001,False,False,True,NORMAL,1.0,False
2.971,0.00021990752405577721,0.0028814049190814314,-0.05380130029117202,1.4918575238736399e-30,0.0,-0.010870000000000001,False,False,True,NORMAL,1.0,False
2.972,0.00022276193426221675,0.002827321975675969,-0.054362418172512715,1.3498885099793441e-30,0.0,-0.012839999999999997,False,True,True,NORMAL,1.0,False
2.973,0.0002255619831391473,0.002772684437219403,-0.054910472862137245,1.2214296340061184e-30,0.0,-0.012839999999999997,False,False,True,NORMAL,1.0,False
2.974,0.00022830712264051617,0.0027175054189810394,-0.0554453607225877,1.1051952363467031e-30,0.0,-0.012839999999999997,False,False,True,NORMAL,1.0,False
2.975,0.00023099681788684006,0.0026617981383113666,-0.05596698123200605,1.000022004081593e-30,0.0,-0.012839999999999997,False,False,True,NORMAL,1.0,False
2.976,0.00023363054726572563,0.0026055759115174303,-0.05647523700206441,9.048573281523343e-31,0.0,-0.012839999999999997,False,False,True,NORMAL,1.0,False
2.977,0.0002362078025292563,0.0025488521507206416,-0.05697003379516363,8.187487684962751e-31,0.0,-0.013059999999999999,False,True,True,NORMAL,1.0,False
2.978,0.0002387280888882285,0.0024916403606977558,-0.05745128054089804,7.408345217062911e-31,0.0,-0.013059999999999999,False,False,True,NORMAL,1.0,False
2.979,0.0002411909251032208,0.002433954135705753,-0.057918889351783305,6.703347958126255e-31,0.0,-0.013059999999999999,False,False,True,NORMAL,1.0,False
2.98,0.00024359584357248009,0.0023758071562913607,-0.05837277553824506,6.065440058627582e-31,0.0,-0.013059999999999999,False,False,True,NORMAL,1.0,False
2.981,0.00024594239041661,0.002317213186085959,-0.058812857622866185,5.48823712190046e-31,0.0,-0.013059999999999999,False,False,True,NORMAL,1.0,False
2.982,0.00024823012556004706,0.002258186068586608,-0.0592390573538905,4.965962306949518e-31,0.0,-0.009634999999999996,False,True,True,NORMAL,1.0,False
2.983,0.0002504586228093117,0.002198739723923947,-0.05965129971798106,4.4933885118840986e-31,0.0,-0.009634999999999996,False,False,True,NORMAL,1.0,False
2.984,0.0002526274699280204,0.0021388881456177074,-0.06004951295223114,4.06578605932565e-31,0.0,-0.009634999999999996,False,False,True,NORMAL,1.0,False
2.985,0.00025473626870864744,0.002078645397320587,-0.060433628555426555,3.67887536020682e-31,0.0,-0.009634999999999996,False,False,True,NORMAL,1.0,False
2.986,0.0002567846350410256,0.002018025609551241,-0.060803581298557625,3.3287840822056494e-31,0.0,-0.009634999999999996,False,False,True,NORMAL,1.0,False
2.987,0.00025877219897757427,0.001957042976417134,-0.06115930923457992,3.012008394142161e-31,0.0,-0.013935000000000006,False,True,True,NORMAL,1.0,False
2.988,0.0002606986047952456,0.0018957117523280072,-0.06150075370742227,2.7253778984582298e-31,0.0,-0.013935000000000006,False,False,True,NORMAL,1.0,False
2.989,0.00026256351105417993,0.0018340462487007152,-0.06182785936024156,2.466023900813214e-31,0.0,-0.013935000000000006,False,False,True,NORMAL,1.0,False
2.99,0.00026436659065306214,0.0017720608306561855,-0.06214057414292327,2.231350699226794e-31,0.0,-0.013935000000000006,False,False,True,NORMAL,1.0,False
2.991,0.0002661075308811711,0.0017097699137092537,-0.06243884931882738,2.019009605421105e-31,0.0,-0.013935000000000006,False,False,True,NORMAL,1.0,False
2.992,0.0002677860334671157,0.0016471879604521302,-0.06272263947077922,1.826875438359034e-31,0.0,-0.011334999999999994,False,True,True,NORMAL,1.0,False
2.993,0.00026940181462425185,0.0015843294772322541,-0.06299190250630506,1.6530252547181e-31,0.0,-0.011334999999999994,False,False,True,NORMAL,1.0,False
2.994,0.0002709546050927744,0.0015212090108252902,-0.06324659966211217,1.49571910342736e-31,0.0,-0.011334999999999994,False,False,True,NORMAL,1.0,False
2.995,0.00027244415017848016,0.0014578411451040218,-0.06348669550781406,1.3533826116522728e-31,0.0,-0.011334999999999994,False,False,True,NORMAL,1.0,False
2.996,0.000273870209788198,0.0013942404977038963,-0.0637121579489004,1.2245912279422061e-31,0.0,-0.011334999999999994,False,False,True,NORMAL,1.0,False
2.997,0.0002752325584618832,0.001330421716685979,-0.06392295822895269,1.108055964840711e-31,0.0,-0.010514999999999997,False,True,True,NORMAL,1.0,False
2.998,0.0002765309854013739,0.0012663994771980674,-0.06411907093110622,1.0026104982658128e-31,0.0,-0.010514999999999997,False,False,True,NORMAL,1.0,False
2.999,0.00027776529449580764,0.0012021884781347198,-0.06430047397875881,9.071994945465848e-32,0.0,-0.010514999999999997,False,False,True,NORMAL,1.0,False
3.0,0.0002789353043436981,0.0011378034387969523,-0.0644671486355275,8.208680482890593e-32,0.0,-0.010514999999999997,False,False,True,NORMAL,1.0,False
3.001,0.00028004084827167156,0.001073259095552354,-0.06461907950445463,7.427521253620898e-32,0.0,-0.010514999999999997,False,False,True,NORMAL,1.0,False
3.0020000000000002,0.000281081774349864,0.0010085701984963711,-0.06475625452646395,6.720699153533546e-32,0.0,-0.010380000000000004,False,True,True,NORMAL,1.0,False
3.003,0.0002820579454039803,0.000943751508115509,-0.06487866497806884,6.081140069479753e-32,0.0,-0.010380000000000004,False,False,True,NORMAL,1.0,False
3.004,0.0002829692390240181,0.0008788177919532001,-0.06498630546833387,5.502443079183074e-32,0.0,-0.010380000000000004,False,False,True,NORMAL,1.0,False
3.005,0.0002838155475696588,0.0008137838212790816,-0.06507917393509186,4.978816388657848e-32,0.0,-0.010380000000000004,False,False,True,NORMAL,1.0,False
3.0060000000000002,0.00028459677817233047,0.000748664367762429,-0.065157271640418,4.505019365988287e-32,0.0,-0.010380000000000004,False,False,True,NORMAL,1.0,False
3.007,0.0002853128527339458,0.0006834742001504846,-0.06522060316536353,4.076310091322837e-32,0.0,-0.011585000000000002,False,True,True,NORMAL,1.0,False
3.008,0.00028596370792232197,0.000618228080952423,-0.06526917640395108,3.6883978981464823e-32,0.0,-0.011585000000000002,False,False,True,NORMAL,1.0,False
3.009,0.00028654929516328686,0.0005529407631296883,-0.06530300255643408,3.337400430848123e-32,0.0,-0.011585000000000002,False,False,True,NORMAL,1.0,False
3.0100000000000002,0.0002870695806294796,0.0004876269867934394,-0.06532209612182306,3.0198047888007144e-32,0.0,-0.011585000000000002,False,False,True,NORMAL,1.0,False
3.011,0.0002875245452258521,0.00042230147590983425,-0.06532647488968148,2.732432368071064e-32,0.0,-0.011585000000000002,False,False,True,NORMAL,1.0,False
3.012,0.0002879141845718804,0.00035697893501388217,-0.06531615993119393,2.4724070488833045e-32,0.0,-0.010454999999999999,False,True,True,NORMAL,1.0,False
3.013,0.00028823850898049427,0.00029167404593259064,-0.06529117558951009,2.2371264104454755e-32,0.0,-0.010454999999999999,False,False,True,NORMAL,1.0,False
3.0140000000000002,0.00028849754343373467,0.0002264014645181288,-0.0652515494693675,2.0242356850475383e-32,0.0,-0.010454999999999999,False,False,True,NORMAL,1.0,False
3.015,0.00028869132755515026,0.0001611758173917276,-0.0651973124259964,1.8316041907546664e-32,0.0,-0.010454999999999999,False,False,True,NORMAL,1.0,False
3.016,0.000288819915578943,9.601169869903208e-05,-0.06512849855331072,1.6573040068262955e-32,0.0,-0.010454999999999999,False,False,True,NORMAL,1.0,False
3.017,0.00028888337631587536,3.092366687761864e-05,-0.06504514517138839,1.4995906784373554e-32,0.0,-0.011624999999999996,False,True,True,NORMAL,1.0,False
3.0180000000000002,0.00028888179311595117,-3.4073758562614616e-05,-0.0649472928132451,1.3568857575880494e-32,0.0,-0.011624999999999996,False,False,True,NORMAL,1.0,False
3.019,0.00028881526382788396,-9.89661002454797e-05,-0.06483498521090567,1.2277610054657375e-32,0.0,-0.011624999999999996,False,False,True,NORMAL,1.0,False
3.02,0.0002886839007553661,-0.00016373892612025234,-0.064708269280777,1.1109240981508515e-32,0.0,-0.011624999999999996,False,False,True,NORMAL,1.0,False
3.021,0.00028848783061015355,-0.0002283778526384512,-0.06456719510832688,1.0052056926047434e-32,0.0,-0.011624999999999996,False,False,True,NORMAL,1.0,False
3.0220000000000002,0.0002882271944619819,-0.0002928685479149506,-0.0644118159320735,9.095477234915245e-33,0.0,-0.007985000000000006,False,True,True,NORMAL,1.0,False
3.023,0.0002879021476853291,-0.0003571967348727403,-0.06424218812688995,8.229928137045559e-33,0.0,-0.007985000000000006,False,False,True,NORMAL,1.0,False
3.024,0.00028751285990304224,-0.00042134819437064875,-0.06405837118662853,7.446746926145798e-33,0.0,-0.007985000000000006,False,False,True,NORMAL,1.0,False
3.025,0.0002870595149268449,-0.00048530876831335326,-0.06386042770607007,6.738095261420982e-33,0.0,-0.007985000000000006,False,False,True,NORMAL,1.0,False
3.0260000000000002,0.0002865423106947442,-0.0005490643627430035,-0.06364842336220293,6.096880718824495e-33,0.0,-0.007985000000000006,False,False,True,NORMAL,1.0,False
3.027,0.00028596145920535527,-0.0006126009509117915,-0.06342242689483724,5.5166858076943814e-33,0.0,-0.010179999999999991,False,True,True,NORMAL,1.0,False
3.028,0.0002853171864491631,-0.0006759045763348051,-0.06318251008655949,4.991703742349806e-33,0.0,-0.010179999999999991,False,False,True,NORMAL,1.0,False
3.029,0.00028460973233674193,-0.0007389613558225094,-0.06292874774203318,4.516680325828235e-33,0.0,-0.010179999999999991,False,False,True,NORMAL,1.0,False
3.0300000000000002,0.000283839350623952,-0.0008017574824922031,-0.06266121766665089,4.086861364116237e-33,0.0,-0.010179999999999991,False,False,True,NORMAL,1.0,False
3.031,0.0002830063088341362,-0.0008642792287578063,-0.062380000644543944,3.6979450845778554e-33,0.0,-0.010179999999999991,False,False,True,NORMAL,1.0,False
3.032,0.0002821108881773378,-0.0009265129492973378,-0.06208518041595499,3.3460390823681944e-33,0.0,-0.006640000000000009,False,True,True,NORMAL,1.0,False
3.033,0.0002811533834665622,-0.00098844508399745,-0.061776843653980305,3.027621363937448e-33,0.0,-0.006640000000000009,False,False,True,NORMAL,1.0,False
3.0340000000000003,0.00028013410303110565,-0.001050062160874393,-0.06145507994068718,2.7395050977356707e-33,0.0,-0.006640000000000009,False,False,True,NORMAL,1.0,False
3.035,0.0002790533686269754,-0.0011113507989707872,-0.06111998174261327,2.4788067193314934e-33,0.0,-0.006640000000000009,False,False,True,NORMAL,1.0,False
3.036,0.00027791151534442516,-0.0011722977112275871,-0.06077164438565428,2.242917071730096e-33,0.0,-0.006640000000000009,False,False,True,NORMAL,1.0,False
3.037,0.0002767088915126314,-0.0012328897073306314,-0.06041016602934613,2.029475292053035e-33,0.0,-0.007044999999999999,False,True,True,NORMAL,1.0,False
3.0380000000000003,0.000275445858601536,-0.0012931136965311741,-0.060035647640548834,1.836345183229043e-33,0.0,-0.007044999999999999,False,False,True,NORMAL,1.0,False
3.039,0.0002741227911208815,-0.0013529566904398047,-0.05964819296653863,1.6615938342157384e-33,0.0,-0.007044999999999999,False,False,True,NORMAL,1.0,False
3.04,0.0002727400765164664,-0.0014124058057931655,-0.05924790850751519,1.5034722747762388e-33,0.0,-0.007044999999999999,False,False,True,NORMAL,1.0,False
3.041,0.000271298115063647,-0.0014714482671928878,-0.058834903488531244,1.3603979711971827e-33,0.0,-0.007044999999999999,False,False,True,NORMAL,1.0,False
3.0420000000000003,0.0002697973197581149,-0.0015300714098161724,-0.05840928983085159,1.2309389877594163e-33,0.0,-0.010030000000000004,False,True,True,NORMAL,1.0,False
3.043,0.0002682381162039782,-0.0015882626820974452,-0.05797118212274893,1.1137996554440279e-33,0.0,-0.010030000000000004,False,False,True,NORMAL,1.0,False
3.044,0.00026662094249917557,-0.0016460096483805321,-0.05752069758974371,1.0078076044413155e-33,0.0,-0.010030000000000004,False,False,True,NORMAL,1.0,False
3.045,0.0002649462491182533,-0.0017032999915407973,-0.057057956064295805,9.119020306796854e-34,0.0,-0.010030000000000004,False,False,True,NORMAL,1.0,False
3.0460000000000003,0.0002632144987925356,-0.0017601215155767028,-0.05658307995495545,8.25123078941955e-34,0.0,-0.010030000000000004,False,False,True,NORMAL,1.0,False
3.047,0.00026142616638771826,-0.0018164621481702524,-0.05609619421498123,7.466022363117197e-34,0.0,-0.005459999999999996,False,True,True,NORMAL,1.0,False
3.048,0.0002595817387789184,-0.0018723099432157895,-0.055597426310432956,6.7555363980416975e-34,0.0,-0.005459999999999996,False,False,True,NORMAL,1.0,False
3.049,0.0002576817147232111,-0.0019276530833166293,-0.055086906187747565,6.1126621118519955e-34,0.0,-0.005459999999999996,False,False,True,NORMAL,1.0,False
3.0500000000000003,0.0002557266047296855,-0.001982479882249011,-0.05456476624080572,5.530965402614395e-34,0.0,-0.005459999999999996,False,False,True,NORMAL,1.0,False
3.051,0.00025371693092705384,-0.002036778787392866,-0.054031141277497814,5.00462445414783e-34,0.0,-0.005459999999999996,False,False,True,NORMAL,1.0,False
3.052,0.0002516532269288464,-0.0020905383821289056,-0.05348616848579708,4.5283714693307456e-34,0.0,-0.005244999999999995,False,True,True,NORMAL,1.0,False
3.053,0.0002495360376962263,-0.002143747388201537,-0.05292998739934861,4.097439948216936e-34,0.0,-0.005244999999999995,False,False,True,NORMAL,1.0,False
3.0540000000000003,0.000247365919398459,-0.002196394668047132,-0.05236273986258257,3.7075169833020083e-34,0.0,-0.005244999999999995,False,False,True,NORMAL,1.0,False
3.055,0.00024514343927107044,-0.002248469227087173,-0.05178456999536009,3.3547000944954586e-34,0.0,-0.005244999999999995,False,False,True,NORMAL,1.0,False
3.056,0.00024286917547173054,-0.0022999602159858175,-0.05119562415716064,3.03545817178826e-34,0.0,-0.005244999999999995,False,False,True,NORMAL,1.0,False
3.057,0.00024054371693389646,-0.0023508569328714187,-0.050596050910819576,2.7465961347170434e-34,0.0,-0.00534,False,True,True,NORMAL,1.0,False
3.0580000000000003,0.000238167663218253,-0.0024011488255215687,-0.04998600098582457,2.485222954924916e-34,0.0,-0.00534,False,False,True,NORMAL,1.0,False
3.059,0.00023574162436198614,-0.0024508254935112187,-0.04936562724118004,2.248722721777959e-34,0.0,-0.00534,False,False,True,NORMAL,1.0,False
3.06,0.00023326622072592713,-0.0024998766903234497,-0.04873508462784843,2.0347284614523634e-34,0.0,-0.00534,False,False,True,NORMAL,1.0,False
3.061,0.00023074208283960479,-0.0025482923254224795,-0.04809453015077736,1.841098447464837e-34,0.0,-0.00534,False,False,True,NORMAL,1.0,False
3.0620000000000003,0.00022816985124424365,-0.002596062466288492,-0.04744412283052208,1.6658947655540968e-34,0.0,-0.006605000000000003,False,True,True,NORMAL,1.0,False
3.063,0.00022555017633374674,-0.00264317734041389,-0.04678402366447219,1.507363918383589e-34,0.0,-0.006605000000000003,False,False,True,NORMAL,1.0,False
3.064,0.00022288371819370134,-0.002689627337260583,-0.046114395587691925,1.3639192759507735e-34,0.0,-0.006605000000000003,False,False,True,NORMAL,1.0,False
3.065,0.0002201711464384473,-0.002735403010177925,-0.04543540343338375,1.2341251960607732e-34,0.0,-0.006605000000000003,False,False,True,NORMAL,1.0,False
3.0660000000000003,0.00021741314004624716,-0.0027804950782809278,-0.044747213892984215,1.1166826559367522e-34,0.0,-0.006605000000000003,False,False,True,NORMAL,1.0,False
3.067,0.000214610387192598,-0.0028248944282883966,-0.04404999547590195,1.0104162511633486e-34,0.0,-0.002854999999999999,False,True,True,NORMAL,1.0,False
3.068,0.00021176358508172554,-0.0028685921163206242,-0.04334391846890731,9.142624318442179e-35,0.0,-0.002854999999999999,False,False,True,NORMAL,1.0,False
3.069,0.0002088734397763006,-0.002911579369656307,-0.04262915489518317,8.272588582371996e-35,0.0,-0.002854999999999999,False,False,True,NORMAL,1.0,False
3.0700000000000003,0.00020594066602541955,-0.0029538475884483433,-0.04190587847304689,7.485347693347235e-35,0.0,-0.002854999999999999,False,False,True,NORMAL,1.0,False
3.071,0.00020296598709088932,-0.0029953883473981978,-0.041174264574352804,6.773022679949737e-35,0.0,-0.002854999999999999,False,False,True,NORMAL,1.0,False
3.072,0.00019995013457185912,-0.003036193397388509,-0.040434490182585534,6.128484354024715e-35,0.0,-0.0049749999999999985,False,True,True,NORMAL,1.0,False
3.073,0.0001968938482278404,-0.003076254667073642,-0.039686733850653626,5.545281959369498e-35,0.0,-0.0049749999999999985,False,False,True,NORMAL,1.0,False
3.074,0.00019379787580015758,-0.003115564264427886,-0.03893117565839363,5.017578610397284e-35,0.0,-0.0049749999999999985,False,False,True,NORMAL,1.0,False
3.075,0.00019066297283187167,-0.0031541144782510203,-0.0381679971697946,4.540092874624336e-35,0.0,-0.0049749999999999985,False,False,True,NORMAL,1.0,False
3.076,0.00018748990248621997,-0.0031918977796309644,-0.03739738138995304,4.1080459143185413e-35,0.0,-0.0049749999999999985,False,False,True,NORMAL,1.0,False
3.077,0.0001842794353636145,-0.003228906823363255,-0.036619512721768374,3.7171136582851614e-35,0.0,-0.004145,False,True,True,NORMAL,1.0,False
3.078,0.00018103234931724277,-0.0032651344493270923,-0.03583457692238898,3.3633835251089455e-35,0.0,-0.004145,False,False,True,NORMAL,1.0,False
3.079,0.0001777494292673143,-0.003300573683817712,-0.03504276105941915,3.043315264724262e-35,0.0,-0.004145,False,False,True,NORMAL,1.0,False
3.08,0.00017443146701399658,-0.0033352177408348485,-0.034244253466896954,2.753705526402524e-35,0.0,-0.004145,False,False,True,NORMAL,1.0,False
3.081,0.00017107926104908492,-0.003369060023327066,-0.03343924370105351,2.4916557985414123e-35,0.0,-0.004145,False,False,True,NORMAL,1.0,False
3.082,0.0001676936163664497,-0.0034020941243917448,-0.03262792249586356,2.2545433993865385e-35,0.0,-0.007369999999999998,False,True,True,NORMAL,1.0,False
3.083,0.00016427534427130626,-0.0034343138284305156,-0.031810481718398134,2.0399952283509305e-35,0.0,-0.007369999999999998,False,False,True,NORMAL,1.0,False
3.084,0.00016082526218835153,-0.0034657131122599553,-0.030987114323989165,1.8458640152267334e-35,0.0,-0.007369999999999998,False,False,True,NORMAL,1.0,False
3.085,0.00015734419346881244,-0.0034962861461773544,-0.030158014311216765,1.6702068295832465e-35,0.0,-0.007369999999999998,False,False,True,NORMAL,1.0,False
3.086,0.0001538329671964511,-0.0035260272949813893,-0.029323376676729407,1.5112656352661306e-35,0.0,-0.007369999999999998,False,False,True,NORMAL,1.0,False
3.087,0.0001502924179925719,-0.003554931118947535,-0.02848339736990738,1.3674496953806797e-35,0.0,-0.0008750000000000008,False,True,True,NORMAL,1.0,False
3.088,0.00014672338582007603,-0.0035829923747580676,-0.027638273247380007,1.2373196516623136e-35,0.0,-0.0008750000000000008,False,False,True,NORMAL,1.0,False
3.089,0.00014312671578660852,-0.003610206016386514,-0.026788202027407147,1.1195731188952807e-35,0.0,-0.0008750000000000008,False,False,True,NORMAL,1.0,False
3.09,0.0001395032579468439,-0.003636567195936422,-0.02593338224413524,1.0130316502036721e-35,0.0,-0.0008750000000000008,False,False,True,NORMAL,1.0,False
3.091,0.0001358538671039558,-0.0036620712644343245,-0.025074013201738563,9.16628942758998e-36,0.0,-0.0008750000000000008,False,False,True,NORMAL,1.0,False
3.092,0.00013217940261031662,-0.0036867137725767967,-0.024210294928456045,8.294001658630831e-36,0.0,-0.001515000000000005,False,True,True,NORMAL,1.0,False
3.093,0.0001284807281674732,-0.003710490471431497,-0.02334242813053422,7.504723045981487e-36,0.0,-0.001515000000000005,False,False,True,NORMAL,1.0,False
3.094,0.00012475871162544427,-0.003733397313092113,-0.022470614146086792,6.79055422400085e-36,0.0,-0.001515000000000005,False,False,True,NORMAL,1.0,False
3.095,0.00012101422478138638,-0.0037554304512871254,-0.021595054898881246,6.144347551078109e-36,0.0,-0.001515000000000005,False,False,True,NORMAL,1.0,False
3.096,0.00011724814317767382,-0.003776586241942332,-0.02071595285206311,5.5596355736330865e-36,0.0,-0.001515000000000005,False,False,True,NORMAL,1.0,False
3.097,0.00011346134589943944,-0.003796861243697061,-0.01983351096182828,5.0305662976670325e-36,0.0,-0.0004049999999999991,False,True,True,NORMAL,1.0,False
3.098,0.00010965471537162225,-0.003816252218374045,-0.01894793263105394,4.551844620039754e-36,0.0,-0.0004049999999999991,False,False,True,NORMAL,1.0,False
3.099,0.00010582913715556848,-0.003834756131402901,-0.018059421662898558,4.118679333297644e-36,0.0,-0.0004049999999999991,False,False,True,NORMAL,1.0,False
3.1,0.00010198549974523222,-0.0038523701521972036,-0.017168182214381444,3.726735173659107e-36,0.0,-0.0004049999999999991,False,False,True,NORMAL,1.0,False
3.101,9.812469436302233e-05,-0.0038690916544851317,-0.016274418749952328,3.3720894322375e-36,0.0,-0.0004049999999999991,False,False,True,NORMAL,1.0,False
3.102,9.42476147553418e-05,-0.0038849182165936825,-0.01537833599506138,3.051192695252124e-36,0.0,-0.001975000000000001,False,True,True,NORMAL,1.0,False
3.103,9.035515698786623e-05,-0.0038998476216864615,-0.014480138889740209,2.7608333203021125e-36,0.0,-0.001975000000000001,False,False,True,NORMAL,1.0,False
3.104,8.644821924060761e-05,-0.003913877857955063,-0.013580032542204117,2.4981052931698085e-36,0.0,-0.001975000000000001,False,False,True,NORMAL,1.0,False
3.105,8.252770160281002e-05,-0.003927007118764069,-0.012678222182486152,2.260379143453733e-36,0.0,-0.001975000000000001,False,False,True,NORMAL,1.0,False
3.106,7.859450586772342e-05,-0.003939233802749696,-0.011774913116113225,2.0452756279450095e-36,0.0,-0.001975000000000001,False,False,True,NORMAL,1.0,False
3.107,7.464953532730199e-05,-0.003950556513872157,-0.010870310677834713,1.850641918361638e-36,0.0,0.0008499999999999996,False,True,True,NORMAL,1.0,False
3.108,7.069369456687322e-05,-0.003960974061421764,-0.009964620185413829,1.6745300551194597e-36,0.0,0.0008499999999999996,False,False,True,NORMAL,1.0,False
3.109,6.672788925982403e-05,-0.003970485459978877,-0.009058046893492091,1.515177451497905e-36,0.0,0.0008499999999999996,False,False,True,NORMAL,1.0,False
3.11,6.275302596234993e-05,-0.003979089929327742,-0.00815079594753712,1.3709892530796696e-36,0.0,0.0008499999999999996,False,False,True,NORMAL,1.0,False
3.111,5.877001190831338e-05,-0.0039867868943243324,-0.007243072337884011,1.2405223759116568e-36,0.0,0.0008499999999999996,False,False,True,NORMAL,1.0,False
3.112,5.4779754804257303e-05,-0.003993575984718279,-0.006335080853880475,1.1224710636357375e-36,0.0,0.00289,False,True,True,NORMAL,1.0,False
3.113,5.078316262461953e-05,-0.003999457034929004,-0.005427026038145889,1.015653819040238e-36,0.0,0.00289,False,False,True,NORMAL,1.0,False
3.114,4.6781143407193996e-05,-0.0040044300837761716,-0.004519112140954391,9.190015792387306e-37,0.0,0.00289,False,False,True,NORMAL,1.0,False
3.115,4.277460504888423e-05,-0.00400849537416459,-0.0036115430747520674,8.315470161293422e-37,0.0,0.00289,False,False,True,NORMAL,1.0,False
3.116,3.8764455101794734e-05,-0.004011653352723703,-0.0027045223688182602,7.524148550499804e-37,0.0,0.00289,False,False,True,NORMAL,1.0,False
3.117,3.475160056970541e-05,-0.0040139046694018165,-0.0017982531240809932,6.8081311473532504e-37,0.0,0.004005000000000002,False,True,True,NORMAL,1.0,False
3.118,3.073694770497444e-05,-0.004015250177015222,-0.0008929379680964167,6.160251809021309e-37,0.0,0.004005000000000002,False,False,True,NORMAL,1.0,False
3.119,2.6721401805914425e-05,-0.004015690930752388,1.1220989797836728e-05,5.5740263413261905e-37,0.0,0.004005000000000002,False,False,True,NORMAL,1.0,False
3.12,2.270586701468679e-05,-0.004015228187633395,0.0009140222031455636,5.043587602750016e-37,0.0,0.004005000000000002,False,False,True,NORMAL,1.0,False
3.121,1.869124611575904e-05,-0.0040138634059248,0.0018152647328414156,4.5636267841105e-37,0.0,0.004005000000000002,False,False,True,NORMAL,1.0,False
3.122,1.467844033496932e-05,-0.004011598244510139,0.0027147482913971103,4.1293402762142935e-37,0.0,0.005154999999999998,False,True,True,NORMAL,1.0,False
3.123,1.066834913924262e-05,-0.004008434562216259,0.0036122732869947986,3.736381593721637e-37,0.0,0.005154999999999998,False,False,True,NORMAL,1.0,False
3.124,6.661870037002597e-06,-0.0040043744170957215,0.004507640867317997,3.3808178740601697e-37,0.0,0.005154999999999998,False,False,True,NORMAL,1.0,False
3.125,2.6598983793229015e-06,-0.003999420065665476,0.00540065296315056,3.0590905160144257e-37,0.0,0.005154999999999998,False,False,True,NORMAL,1.0,False
3.126,-1.3366728381384325e-06,-0.00399357396210206,0.006291112331734236,2.767979564048784e-37,0.0,0.005154999999999998,False,False,True,NORMAL,1.0,False
3.1270000000000002,-5.326953172378149e-06,-0.003986838757393571,0.007178822599875441,2.5045714819102028e-37,0.0,0.000565000000000001,False,True,True,NORMAL,1.0,False
3.128,-9.310054929417398e-06,-0.003979217298448653,0.008063588306791894,2.266229992978125e-37,0.0,0.000565000000000001,False,False,True,NORMAL,1.0,False
3.129,-1.3285093359758962e-05,-0.003970712627162775,0.00894521494668993,2.0505696955219773e-37,0.0,0.000565000000000001,False,False,True,NORMAL,1.0,False
3.13,-1.7251186852889533e-05,-0.003961327979442068,0.009823509011063247,1.8554321887988896e-37,0.0,0.000565000000000001,False,False,True,NORMAL,1.0,False
3.1310000000000002,-2.120745713078471e-05,-0.003951066784185009,0.010698278030704073,1.6788644710535963e-37,0.0,0.000565000000000001,False,False,True,NORMAL,1.0,False
3.132,-2.5153029440374737e-05,-0.00393993266222224,0.011569330617417675,1.519099393220443e-37,0.0,0.004074999999999999,False,True,True,NORMAL,1.0,False
3.133,-2.9087032744929243e-05,-0.0039279294252148236,0.012436476505431315,1.3745379727015783e-37,0.0,0.004074999999999999,False,False,True,NORMAL,1.0,False
3.134,-3.300859991431959e-05,-0.00391506107451125,0.013299526592488781,1.2437333902116783e-37,0.0,0.004074999999999999,False,False,True,NORMAL,1.0,False
3.1350000000000002,-3.691686791411773e-05,-0.0039013317999635026,0.014158292980621743,1.1253765095242455e-37,0.0,0.004074999999999999,False,False,True,NORMAL,1.0,False
3.136,-4.08109779934908e-05,-0.0038867459787025284,0.015012589016589223,1.0182827751962388e-37,0.0,0.004074999999999999,False,False,True,NORMAL,1.0,False
3.137,-4.4690075871851046e-05,-0.003871308173873427,0.015862229331976622,9.213803571390561e-38,0.0,0.008005,False,True,True,NORMAL,1.0,False
3.138,-4.855331192422088e-05,-0.0038550231333307227,0.01670702988294578,8.336994233827538e-38,0.0,0.008005,False,False,True,NORMAL,1.0,False
3.1390000000000002,-5.239984136527349e-05,-0.003837895788294062,0.017546807989627627,7.543624336717192e-38,0.0,0.008005,False,False,True,NORMAL,1.0,False
3.14,-5.6228824432009394e-05,-0.0038199312519646977,0.01838138237514916,6.825753567468412e-38,0.0,0.008005,False,False,True,NORMAL,1.0,False
3.141,-6.003942656503015e-05,-0.0038011348181031367,0.01921057320428649,6.176197234137857e-38,0.0,0.008005,False,False,True,NORMAL,1.0,False
3.142,-6.383081858837036e-05,-0.0037815119595683232,0.020034202121735817,5.588454358618133e-38,0.0,0.008504999999999999,False,True,True,NORMAL,1.0,False
3.1430000000000002,-6.760217688784982e-05,-0.0037610683268187446,0.020852092289994326,5.056642612663836e-38,0.0,0.008504999999999999,False,False,True,NORMAL,1.0,False
3.144,-7.13526835879079e-05,-0.003739809746375856,0.02166406842684306,4.5754394455733536e-38,0.0,0.008504999999999999,False,False,True,NORMAL,1.0,False
3.145,-7.508152672688266e-05,-0.0037177422192502235,0.022469956842423935,4.1400288143124754e-38,0.0,0.008504999999999999,False,False,True,NORMAL,1.0,False
3.146,-7.87879004306977e-05,-0.003694871919330797,0.023269585475903177,3.746052982936975e-38,0.0,0.008504999999999999,False,False,True,NORMAL,1.0,False
3.1470000000000002,-8.247100508491992e-05,-0.0036712051917377293,0.024062783931713575,3.389568908906597e-38,0.0,0.0031599999999999996,False,True,True,NORMAL,1.0,False
3.148,-8.613004750515212e-05,-0.0036467485511391664,0.02484938351536798,3.06700877979001e-38,0.0,0.0031599999999999996,False,False,True,NORMAL,1.0,False
3.149,-8.976424110572455e-05,-0.003621508680032443,0.02562921726883669,2.775144305398811e-38,0.0,0.0031599999999999996,False,False,True,NORMAL,1.0,False
3.15,-9.337280606665003e-05,-0.0035954924269901195,0.026402120005481436,2.5110544079742564e-38,0.0,0.0031599999999999996,False,False,True,NORMAL,1.0,False
3.1510000000000002,-9.695496949880769e-05,-0.0035687068048713124,0.027167928344538697,2.272095987059241e-38,0.0,0.0031599999999999996,False,False,True,NORMAL,1.0,False
3.152,-0.0001005099656073209,-0.003541158988998768,0.027926480745145355,2.0558774664605485e-38,0.0,0.007184999999999998,False,True,True,NORMAL,1.0,False
3.153,-0.0001040370358530954,-0.0035128563153021407,0.028677617539899673,1.8602348585504726e-38,0.0,0.007184999999999998,False,False,True,NORMAL,1.0,False
3.154,-0.00010753542911248383,-0.0034838062784279503,0.029421180967950784,1.683210106351298e-38,0.0,0.007184999999999998,False,False,True,NORMAL,1.0,False
3.1550000000000002,-0.00011100440183504397,-0.003454016529816683,0.030157015207609918,1.5230314866429414e-38,0.0,0.007184999999999998,False,False,True,NORMAL,1.0,False
3.156,-0.00011444321819935769,-0.0034234948757475266,0.030884966408476766,1.378095877961468e-38,0.0,0.007184999999999998,False,False,True,NORMAL,1.0,False
3.157,-0.00011785115026687873,-0.003392249275351223,0.031604882723074545,1.2469527160206534e-38,0.0,0.006475,False,True,True,NORMAL,1.0,False
3.158,-0.00012122747813377759,-0.0033602878385915343,0.03231661433798726,1.1282894759770551e-38,0.0,0.006475,False,False,True,NORMAL,1.0,False
3.1590000000000003,-0.0001245714900807524,-0.0033276188242158233,0.033020013504493025,1.0209185362402244e-38,0.0,0.006475,False,False,True,NORMAL,1.0,False
3.16,-0.0001278824827207751,-0.003294250637675254,0.03371493456868727,9.237652923566558e-39,0.0,0.006475,False,False,True,NORMAL,1.0,False
3.161,-0.00013115976114474288,-0.0032601918290151295,0.03440123400108984,8.358574020072297e-39,0.0,0.006475,False,False,True,NORMAL,1.0,False
3.162,-0.00013440263906500528,-0.0032254510907358796,0.03507877042573001,7.563150534784668e-39,0.0,0.006690000000000001,False,True,True,NORMAL,1.0,False
3.1630000000000003,-0.00013761043895673774,-0.0031900372556252286,0.03574740464870384,6.843421602111845e-39,0.0,0.006690000000000001,False,False,True,NORMAL,1.0,False
3.164,-0.0001407824921971332,-0.003153959294562073,0.03640699968619808,6.192183932986392e-39,0.0,0.006690000000000001,False,False,True,NORMAL,1.0,False
3.165,-0.00014391813920238357,-0.003117226314292602,0.03705742079197521,5.60291972192716e-39,0.0,0.006690000000000001,False,False,True,NORMAL,1.0,False
3.166,-0.0001470167295624238,-0.0030798475551792066,0.03769853548431416,5.069731414651328e-39,0.0,0.006690000000000001,False,False,True,NORMAL,1.0,False
3.1670000000000003,-0.0001500776221734113,-0.003041832388922721,0.03833021357240162,4.5872826833689004e-39,0.0,0.01017,False,True,True,NORMAL,1.0,False
3.168,-0.00015310018536791468,-0.00300319031625855,0.03895232718216863,4.150745019020584e-39,0.0,0.01017,False,False,True,NORMAL,1.0,False
3.169,-0.00015608379704278572,-0.00296393096462724,0.03956475078156765,3.755749405936205e-39,0.0,0.01017,False,False,True,NORMAL,1.0,False
3.17,-0.0001590278447846893,-0.0029240640858200543,0.04016736120528517,3.398342595257404e-39,0.0,0.01017,False,False,True,NORMAL,1.0,False
3.1710000000000003,-0.00016193172599326678,-0.0028835995536001177,0.0407600376788852,3.074947539494332e-39,0.0,0.01017,False,False,True,NORMAL,1.0,False
3.172,-0.00016479484800190834,-0.002842547361299708,0.04134266184237894,2.7823275922320776e-39,0.0,0.00936,False,True,True,NORMAL,1.0,False
3.173,-0.00016761662819611117,-0.0028009176193942646,0.04191511777321641,2.5175541146854812e-39,0.0,0.00936,False,False,True,NORMAL,1.0,False
3.174,-0.00017039649412940012,-0.002758720553053695,0.04247729200869557,2.277977164897817e-39,0.0,0.00936,False,False,True,NORMAL,1.0,False
3.1750000000000003,-0.0001731338836367886,-0.0027159664996715682,0.043029073567784785,2.0611989762310158e-39,0.0,0.00936,False,False,True,NORMAL,1.0,False
3.176,-0.0001758282449457578,-0.0026726659063727783,0.04357035397235467,1.8650499597112355e-39,0.0,0.00936,False,False,True,NORMAL,1.0,False
3.177,-0.0001784790367847331,-0.0026288293275002735,0.044101027267815354,1.6875669900531845e-39,0.0,0.008339999999999997,False,True,True,NORMAL,1.0,False
3.178,-0.00018108572848903707,-0.0025844674220814475,0.044620990043155506,1.5269737580424394e-39,0.0,0.008339999999999997,False,False,True,NORMAL,1.0,False
3.1790000000000003,-0.00018364780010429876,-0.0025395909512747924,0.045130141450379406,1.3816629926357868e-39,0.0,0.008339999999999997,False,False,True,NORMAL,1.0,False
3.18,-0.0001861647424873002,-0.002494210775797416,0.04562838322333866,1.2501803748524023e-39,0.0,0.008339999999999997,False,False,True,NORMAL,1.0,False
3.181,-0.00018863605740424092,-0.002448337853334033,0.046115619695955255,1.1312099824606758e-39,0.0,0.008339999999999997,False,False,True,NORMAL,1.0,False
3.182,-0.00019106125762640273,-0.002401983235928036,0.04659175781983267,1.023561119786221e-39,0.0,0.007935000000000001,False,True,True,NORMAL,1.0,False
3.1830000000000003,-0.0001934398670231966,-0.0023551580673552676,0.047056707181252135,9.261564008293597e-40,0.0,0.007935000000000001,False,False,True,NORMAL,1.0,False
3.184,-0.00019577142065257497,-0.002307873580481099,0.047510380017551014,8.38020966423915e-40,0.0,0.007935000000000001,False,False,True,NORMAL,1.0,False
3.185,-0.0001980554648487932,-0.002260141094601445,0.04795269123288064,7.582727275190147e-40,0.0,0.007935000000000001,False,False,True,NORMAL,1.0,False
3.186,-0.0002002915573075041,-0.002211972012768329,0.04838355841334092,6.8611353693539e-40,0.0,0.007935000000000001,False,False,True,NORMAL,1.0,False
3.1870000000000003,-0.00020247926716817065,-0.0021633778191006295,0.04880290184148934,6.2082120124013825e-40,0.0,0.012649999999999995,False,True,True,NORMAL,1.0,False
3.188,-0.00020461817509378222,-0.0021143700760806283,0.049210644510221946,5.617422527921095e-40,0.0,0.012649999999999995,False,False,True,NORMAL,1.0,False
3.189,-0.00020670787334786062,-0.0020649604218369944,0.04960671213602413,5.0828540961811564e-40,0.0,0.012649999999999995,False,False,True,NORMAL,1.0,False
3.19,-0.0002087479658687426,-0.0020151605674148328,0.04999103317158934,4.5991565766420585e-40,0.0,0.012649999999999995,False,False,True,NORMAL,1.0,False
3.1910000000000003,-0.00021073806834112613,-0.0019649822940334305,0.050363538817803526,4.161488961951903e-40,0.0,0.012649999999999995,False,False,True,NORMAL,1.0,False
3.192,-0.0002126778082648685,-0.0019144374503323378,0.050724163035093923,3.765470927517705e-40,0.0,0.009950000000000004,False,True,True,NORMAL,1.0,False
3.193,-0.0002145668250210251,-0.001863537949606417,0.05107284255414027,3.4071389917445894e-40,0.0,0.009950000000000004,False,False,True,NORMAL,1.0,False
3.194,-0.0002164047699351178,-0.0018122957670305008,0.05140951688594725,3.0829068481798165e-40,0.0,0.009950000000000004,False,False,True,NORMAL,1.0,False
3.1950000000000003,-0.00021819130633762325,-0.0017607229368742983,0.05173412833127667,2.789529472552403e-40,0.0,0.009950000000000004,False,False,True,NORMAL,1.0,False
3.196,-0.0002199261096216714,-0.0017088315497081888,0.05204662198943835,2.5240706454795284e-40,0.0,0.009950000000000004,False,False,True,NORMAL,1.0,False
3.197,-0.0002216088672979454,-0.001656633749600545,0.052346945766438537,2.283873565796054e-40,0.0,0.013394999999999997,False,True,True,NORMAL,1.0,False
3.198,-0.00022323927904677508,-0.001604141731307232,0.052635050382485234,2.0665342603954816e-40,0.0,0.013394999999999997,False,False,True,NORMAL,1.0,False
3.1990000000000003,-0.00022481705676741603,-0.0015513677374539194,0.05291088937884948,1.8698775244590986e-40,0.0,0.013394999999999997,False,False,True,NORMAL,1.0,False
3.2,-0.00022634192462450803,-0.001498324055711858,0.05317441912408209,1.6919351512750424e-40,0.0,0.013394999999999997,False,False,True,NORMAL,1.0,False
3.201,-0.0002278136190917058,-0.0014450230159677585,0.053425598819585446,1.53092623376399e-40,0.0,0.013394999999999997,False,False,True,NORMAL,1.0,False
3.202,-0.00022923188899247733,-0.0013914769874884246,0.053664390504540034,1.3852393405625245e-40,0.0,0.011724999999999996,False,True,True,NORMAL,1.0,False
3.203,-0.00023059649553806434,-0.0013376983760807794,0.05389075906018565,1.2534163882764298e-40,0.0,0.011724999999999996,False,False,True,NORMAL,1.0,False
3.204,-0.00023190721236260068,-0.0012836996212479347,0.05410467221345706,1.1341380484920025e-40,0.0,0.011724999999999996,False,False,True,NORMAL,1.0,False
3.205,-0.00023316382555538517,-0.0012294931933419474,0.05430610053997458,1.0262105434938454e-40,0.0,0.011724999999999996,False,False,True,NORMAL,1.0,False
3.206,-0.00023436613369030575,-0.001175091590713907,0.05449501746638966,9.2855369853625e-41,0.0,0.011724999999999996,False,False,True,NORMAL,1.0,False
3.207,-0.0002355139478524128,-0.0011205073368619999,0.05467139927208587,8.401901310912812e-41,0.0,0.010840000000000008,False,True,True,NORMAL,1.0,False
3.208,-0.0002366070916616395,-0.0010657529775781962,0.05483522509023618,7.602354688759292e-41,0.0,0.010840000000000008,False,False,True,NORMAL,1.0,False
3.209,-0.00023764540129366876,-0.001010841078094199,0.05498647690821678,6.878894987570528e-41,0.0,0.010840000000000008,False,False,True,NORMAL,1.0,False
3.21,-0.00023862872549794585,-0.000955784220227302,0.055125139567378766,6.224281579493821e-41,0.0,0.010840000000000008,False,False,True,NORMAL,1.0,False
3.211,-0.000239556925612837,-0.0009005949995267958,0.055251200762178515,5.631962873517973e-41,0.0,0.010840000000000008,False,False,True,NORMAL,1.0,False
3.212,-0.00024042987557793525,-0.0008452860224215645,0.05536465103866778,5.096010744948386e-41,0.0,0.007029999999999998,False,True,True,NORMAL,1.0,False
3.213,-0.0002412474619435144,-0.0007898699033695117,0.055465483792345005,4.611061204742604e-41,0.0,0.007029999999999998,False,False,True,NORMAL,1.0,False
3.214,-0.00024200958387713388,-0.0007343592620094534,0.0555536952653693,4.172260714905079e-41,0.0,0.007029999999999998,False,False,True,NORMAL,1.0,False
3.215,-0.0002427161531673968,-0.0006787667203161155,0.05562928454313845,3.7752176126475785e-41,0.0,0.007029999999999998,False,False,True,NORMAL,1.0,False
3.216,-0.00024336709422486492,-0.0006231048997588706,0.055692253550232905,3.415958157151914e-41,0.0,0.007029999999999998,False,False,True,NORMAL,1.0,False
3.217,-0.00024396234408013447,-0.0005673864184648466,0.055742607045727526,3.090886759036212e-41,0.0,0.009569999999999988,False,True,True,NORMAL,1.0,False
3.218,-0.00024450185237907747,-0.0005116238883870391,0.05578035261787299,2.796749994487861e-41,0.0,0.009569999999999988,False,False,True,NORMAL,1.0,False
3.219,-0.000244985581375254,-0.00045582991247805686,0.05580550067814924,2.53060404390448e-41,0.0,0.009569999999999988,False,False,True,NORMAL,1.0,False
3.22,-0.0002454135059195014,-0.0004000170818701267,0.055818064454693006,2.2897852291578876e-41,0.0,0.009569999999999988,False,False,True,NORMAL,1.0,False
3.221,-0.00024578561344670635,-0.0003441979730619826,0.0558180599851019,2.071883354608101e-41,0.0,0.009569999999999988,False,False,True,NORMAL,1.0,False
3.222,-0.00024610190395976846,-0.00028838514511326163,0.055805506108617786,1.8747175850552765e-41,0.0,0.009435000000000002,False,True,True,NORMAL,1.0,False
3.223,-0.0002463623900107613,-0.00023259113684702583,0.05578042445769184,1.6963146192080257e-41,0.0,0.009435000000000002,False,False,True,NORMAL,1.0,False
3.224,-0.00024656709667930085,-0.00017682846406102682,0.05574283944893423,1.5348889402208417e-41,0.0,0.009435000000000002,False,False,True,NORMAL,1.0,False
3.225,-0.0002467160615481297,-0.00012110961674832713,0.055692778273451676,1.3888249456413767e-41,0.0,0.009435000000000002,False,False,True,NORMAL,1.0,False
3.226,-0.00024680933467592696,-6.544705632788905e-05,0.0556302708865754,1.2566607779180753e-41,0.0,0.009435000000000002,False,False,True,NORMAL,1.0,False
3.227,-0.00024684697856735345,-9.853212885738777e-06,0.05555534999698313,1.1370736936384515e-41,0.0,0.005140000000000002,False,True,True,NORMAL,1.0,False
3.228,-0.0002468290681403444,4.565951757268988e-05,0.05546805105521846,1.0288668250684281e-41,0.0,0.005140000000000002,False,False,True,NORMAL,1.0,False
3.229,-0.00024675569069065954,0.00010107877585843109,0.05536841224161076,9.309572014977717e-42,0.0,0.005140000000000002,False,False,True,NORMAL,1.0,False
3.23,-0.0002466269458537041,0.00015639224232248455,0.055256474453599706,8.423649105052262e-42,0.0,0.005140000000000002,False,False,True,NORMAL,1.0,False
3.231,-0.0002464429455636324,0.00021158763956634122,0.05513228129246779,7.62203290665641e-42,0.0,0.005140000000000002,False,False,True,NORMAL,1.0,False
3.232,-0.0002462038140097477,0.00026665273513894715,0.05499587904948481,6.896700575444105e-42,0.0,0.009359999999999997,False,True,True,NORMAL,1.0,False
3.233,-0.00024590968759021203,0.0003215753442195196,0.054847316691468424,6.24039274165196e-42,0.0,0.009359999999999997,False,False,True,NORMAL,1.0,False
3.234,-0.00024556071486308087,0.00037634333228563327,0.05468664584576474,5.646540855886703e-42,0.0,0.009359999999999997,False,False,True,NORMAL,1.0,False
3.235,-0.00024515705649467685,0.0004309446177659993,0.05451392078465329,5.109201448875081e-42,0.0,0.009359999999999997,False,False,True,NORMAL,1.0,False
3.236,-0.00024469888520531905,0.00048536717467736264,0.05432919840918074,4.622996647225712e-42,0.0,0.009359999999999997,False,False,True,NORMAL,1.0,False
3.237,-0.0002441863857124231,0.0005395990352449497,0.054132538232427786,4.183060349864611e-42,0.0,0.009775000000000002,False,True,True,NORMAL,1.0,False
3.238,-0.00024361975467098986,0.0005936282925059018,0.05392400236221386,3.7849895264600916e-42,0.0,0.009775000000000002,False,False,True,NORMAL,1.0,False
3.239,-0.00024299920061149867,0.0006474431028951332,0.0537036554832445,3.4248001504152986e-42,0.0,0.009775000000000002,False,False,True,NORMAL,1.0,False
3.24,-0.0002423249438752245,0.0007010316888130608,0.05347156483870592,3.0988873253909446e-42,0.0,0.009775000000000002,False,False,True,NORMAL,1.0,False
3.241,-0.00024159721654699634,0.0007543823411746537,0.05322780021131219,2.8039892062911026e-42,0.0,0.009775000000000002,False,False,True,NORMAL,1.0,False
3.242,-0.0002408162623854159,0.0008074834219392583,0.05297243390380969,2.537154353621141e-42,0.0,0.007750000000000002,False,True,True,NORMAL,1.0,False
3.243,-0.0002399823367505567,0.0008603233666206587,0.05270554071894427,2.295712194489247e-42,0.0,0.007750000000000002,False,False,True,NORMAL,1.0,False
3.244,-0.000239095706529163,0.0009128906867768378,0.052427197938896414,2.077246294615317e-42,0.0,0.007750000000000002,False,False,True,NORMAL,1.0,False
3.245,-0.00023815665005736934,0.0009651739724789102,0.05213748530418974,1.8795701738444875e-42,0.0,0.007750000000000002,False,False,True,NORMAL,1.0,False
3.246,-0.00023716545704096192,0.0010171618947587015,0.05183648499207838,1.7007054231188458e-42,0.0,0.007750000000000002,False,False,True,NORMAL,1.0,False
3.247,-0.000236122428473203,0.0010688432080344585,0.051524281594418984,1.5388619038946103e-42,0.0,0.004894999999999996,False,True,True,NORMAL,1.0,False
3.248,-0.00023502787655024118,0.0011202067525141741,0.051200962095033,1.3924198318339e-42,0.0,0.004894999999999996,False,False,True,NORMAL,1.0,False
3.249,-0.00023388212458412926,0.0011712414565760237,0.05086661584656505,1.259913565458651e-42,0.0,0.004894999999999996,False,False,True,NORMAL,1.0,False
3.25,-0.00023268550691347373,0.0012219363391254097,0.05052133454684348,1.1400169375180857e-42,0.0,0.004894999999999996,False,False,True,NORMAL,1.0,False
3.251,-0.00023143836881173892,0.00127228051192812,0.050165212214749066,1.0315299822611265e-42,0.0,0.004894999999999996,False,False,True,NORMAL,1.0,False
3.2520000000000002,-0.0002301410663932301,0.0013222631819191132,0.049798345165598105,9.333669257758367e-43,0.0,0.006915000000000003,False,True,True,NORMAL,1.0,False
3.253,-0.00022879396651678038,0.0013718736534864438,0.04942083198604592,8.445453191991692e-43,0.0,0.006915000000000003,False,False,True,NORMAL,1.0,False
3.254,-0.00022739744668716605,0.0014211013307298577,0.049032773508517584,7.641762060385315e-43,0.0,0.006915000000000003,False,False,True,NORMAL,1.0,False
3.255,-0.0002259518949542764,0.001469935719693581,0.04863427278517182,6.914552251964203e-43,0.0,0.006915000000000003,False,False,True,NORMAL,1.0,False
3.2560000000000002,-0.0002244577098100638,0.0015183664305728442,0.048225435061405086,6.256545606542019e-43,0.0,0.006915000000000003,False,False,True,NORMAL,1.0,False
3.257,-0.00022291530008330046,0.0015663831798936837,0.047806367748902075,5.661156572447707e-43,0.0,0.005399999999999999,False,True,True,NORMAL,1.0,False
3.258,-0.0002213250848321691,0.0016139757926655672,0.047377180398239696,5.122426296110886e-43,0.0,0.005399999999999999,False,False,True,NORMAL,1.0,False
3.259,-0.00021968749323471464,0.0016611342045064056,0.04693798467105118,4.6349629838524776e-43,0.0,0.005399999999999999,False,False,True,NORMAL,1.0,False
3.2600000000000002,-0.000218002964477185,0.0017078484637395102,0.04648889431175736,4.193887939001322e-43,0.0,0.005399999999999999,False,False,True,NORMAL,1.0,False
3.261,-0.00021627194764028902,0.0017541087334620683,0.04603002511887193,3.794786734258108e-43,0.0,0.005399999999999999,False,False,True,NORMAL,1.0,False
3.262,-0.00021449490158340033,0.0017999052935847141,0.045561494915888005,3.4336650306232173e-43,0.0,0.006184999999999996,False,True,True,NORMAL,1.0,False
3.263,-0.00021267229482673636,0.0018452285428417793,0.045083423521753006,3.106908600709476e-43,0.0,0.006184999999999996,False,False,True,NORMAL,1.0,False
3.2640000000000002,-0.00021080460543154193,0.0018900690007718163,0.04459593272093921,2.811247156339678e-43,0.0,0.006184999999999996,False,False,True,NORMAL,1.0,False
3.265,-0.00020889232087830726,0.001934417309667992,0.04409914623311714,2.5437216184033278e-43,0.0,0.006184999999999996,False,False,True,NORMAL,1.0,False
3.266,-0.00020693593794305083,0.001978264236497961,0.04359318968243949,2.3016545013983192e-43,0.0,0.006184999999999996,False,False,True,NORMAL,1.0,False
3.267,-0.0002049359625716979,0.0020216006747928294,0.043078190566442784,2.082623116256099e-43,0.0,0.004085000000000002,False,True,True,NORMAL,1.0,False
3.2680000000000002,-0.00020289290975258548,0.0020644176465048334,0.04255427822457448,1.8844353232551723e-43,0.0,0.004085000000000002,False,False,True,NORMAL,1.0,False
3.269,-0.00020080730338712567,0.0021067063038333607,0.042021583806353235,1.7051075923499687e-43,0.0,0.004085000000000002,False,False,True,NORMAL,1.0,False
3.27,-0.00019867967615865874,0.002148457931018952,0.04148024023916979,1.542845151335457e-43,0.0,0.004085000000000002,False,False,True,NORMAL,1.0,False
3.271,-0.00019651056939952848,0.0021896639461049254,0.04093038219573652,1.3960240231636742e-43,0.0,0.004085000000000002,False,False,True,NORMAL,1.0,False
3.2720000000000002,-0.00019430053295641216,0.0022303159026662816,0.04037214606119331,1.2631747726355915e-43,0.0,0.0033900000000000024,False,True,True,NORMAL,1.0,False
3.273,-0.00019205012505393832,0.002270405491505542,0.03980566989987781,1.1429677997997489e-43,0.0,0.0033900000000000024,False,False,True,NORMAL,1.0,False
3.274,-0.00018975991215662504,0.0023099245423151963,0.03923109342176784,1.0342000328690462e-43,0.0,0.0033900000000000024,False,False,True,NORMAL,1.0,False
3.275,-0.00018743046882917293,0.002348865025306429,0.038648557948604265,9.357828874739322e-44,0.0,0.0033900000000000024,False,False,True,NORMAL,1.0,False
3.2760000000000002,-0.00018506237759514615,0.0023872190528038155,0.038058206379702156,8.467313717441476e-44,0.0,0.0033900000000000024,False,False,True,NORMAL,1.0,False
3.277,-0.000182656228794076,0.0024249788808056723,0.03746018315745859,7.661542281790207e-44,0.0,0.005960000000000002,False,True,True,NORMAL,1.0,False
3.278,-0.0001802126204370215,0.0024621369105097724,0.03685463423256518,6.932450136428384e-44,0.0,0.005960000000000002,False,False,True,NORMAL,1.0,False
3.279,-0.00017773215806062142,0.0024986856898041245,0.03624170702893363,6.272740282108895e-44,0.0,0.005960000000000002,False,False,True,NORMAL,1.0,False
3.2800000000000002,-0.00017521545457967354,0.00253461791472254,0.035621550408342736,5.675810120873568e-44,0.0,0.005960000000000002,False,False,True,NORMAL,1.0,False
3.281,-0.00017266313013827568,0.0025699264308647113,0.034994314634814956,5.135685375033607e-44,0.0,0.005960000000000002,False,False,True,NORMAL,1.0,False
3.282,-0.00017007581195956477,0.0026046042347805318,0.03436015133873127,4.646960294590448e-44,0.0,0.004514999999999998,False,True,True,NORMAL,1.0,False
3.283,-0.00016745413419408942,0.0026386444753184095,0.033719213480692505,4.2047435546728423e-44,0.0,0.004514999999999998,False,False,True,NORMAL,1.0,False
3.2840000000000003,-0.00016479873776685237,0.0026720404549373123,0.03307165531513581,3.804609301513517e-44,0.0,0.004514999999999998,False,False,True,NORMAL,1.0,False
3.285,-0.0001621102702230591,0.002704785630982315,0.03241763235371482,3.4425528570170863e-44,0.0,0.004514999999999998,False,False,True,NORMAL,1.0,False
3.286,-0.00015938938557260928,0.00273687361692341,0.03175730132845197,3.1149506385956563e-44,0.0,0.004514999999999998,False,False,True,NORMAL,1.0,False
3.287,-0.00015663674413336778,0.002768298183557361,0.031090820154671708,2.818523893136357e-44,0.0,0.002069999999999997,False,True,True,NORMAL,1.0,False
3.2880000000000003,-0.00015385301237325248,0.0027990532601723833,0.03041834789372323,2.550305882138162e-44,0.0,0.002069999999999997,False,False,True,NORMAL,1.0,False
3.289,-0.00015103886275117607,0.0028291329356754462,0.029740044715501446,2.307612189595814e-44,0.0,0.002069999999999997,False,False,True,NORMAL,1.0,False
3.29,-0.00014819497355687925,0.002858531459681997,0.029056071860774833,2.0880138554621835e-44,0.0,0.002069999999999997,False,False,True,NORMAL,1.0,False
3.291,-0.00014532202874969314,0.0028872432435679226,0.02836659160332907,1.8893130657997114e-44,0.0,0.002069999999999997,False,False,True,NORMAL,1.0,False
3.2920000000000003,-0.00014242071779626867,0.0029152628614835642,0.027671767211935105,1.7095211563198138e-44,0.0,0.003470000000000005,False,True,True,NORMAL,1.0,False
3.293,-0.00013949173550731095,0.002942585051329618,0.026971762912150535,1.5468387091622682e-44,0.0,0.003470000000000005,False,False,True,NORMAL,1.0,False
3.294,-0.00013653578187335699,0.002969204715694754,0.026266743847963188,1.3996375437164632e-44,0.0,0.003470000000000005,False,False,True,NORMAL,1.0,False
3.295,-0.00013355356189963483,0.0029951169227548083,0.025556876043285624,1.266444421242597e-44,0.0,0.003470000000000005,False,False,True,NORMAL,1.0,False
3.2960000000000003,-0.00013054578544004293,0.003020316907133395,0.024842326363309564,1.1459263002031965e-44,0.0,0.003470000000000005,False,False,True,NORMAL,1.0,False
3.297,-0.00012751316703028812,0.0030448000707238077,0.024123262475729115,1.0368769947353602e-44,0.0,0.0009899999999999978,False,True,True,NORMAL,1.0,False
3.298,-0.00012445642572022123,0.0030685619834720816,0.02339985281184165,9.382051027372285e-45,0.0,0.0009899999999999978,False,False,True,NORMAL,1.0,False
3.299,-0.00012137628490540904,0.0030915983841211005,0.022672266527535383,8.48923082748916e-45,0.0,0.0009899999999999978,False,False,True,NORMAL,1.0,False
3.3000000000000003,-0.00011827347215798157,0.003113905180915637,0.021940673464172396,7.681373703056563e-45,0.0,0.0009899999999999978,False,False,True,NORMAL,1.0,False
3.301,-0.00011514871905679409,0.0031354784522682278,0.02120524410937633,6.950394348443018e-45,0.0,0.0009899999999999978,False,False,True,NORMAL,1.0,False
3.302,-0.00011200276101694266,0.0031563144473857937,0.020466149557733408,6.288976876576906e-45,0.0,0.0020800000000000003,False,True,True,NORMAL,1.0,False
3.303,-0.00010883633711867294,0.003176409586856918,0.019723561471416035,5.6905015990897e-45,0.0,0.0020800000000000003,False,False,True,NORMAL,1.0,False
3.3040000000000003,-0.00010565018993572124,0.0031957604631997166,0.018977652040737703,5.148978774249823e-45,0.0,0.0020800000000000003,False,False,True,NORMAL,1.0,False
3.305,-0.00010244506536312748,0.003214363841370232,0.018228593944648337,4.6589886596141694e-45,0.0,0.0020800000000000003,False,False,True,NORMAL,1.0,False
3.306,-9.922171244455961e-05,0.0032322166592312954,0.01747656031117897,4.215627269424101e-45,0.0,0.0020800000000000003,False,False,True,NORMAL,1.0,False
3.307,-9.59808831991888e-05,0.0032493160279818112,0.016721724677844763,3.8144572938676855e-45,0.0,8.000000000000108e-05,False,True,True,NORMAL,1.0,False
3.3080000000000003,-9.27233324481553e-05,0.00326565923254643,0.015964260952015297,3.45146368899167e-45,0.0,8.000000000000108e-05,False,False,True,NORMAL,1.0,False
3.309,-8.944981764066428e-05,0.003281243731925579,0.015204343371261093,3.1230134927920904e-45,0.0,8.000000000000108e-05,False,False,True,NORMAL,1.0,False
3.31,-8.616109867975168e-05,0.003296067159505826,0.014442146463685392,2.8258194653094586e-45,0.0,8.000000000000108e-05,False,False,True,NORMAL,1.0,False
3.311,-8.285793774775934e-05,0.003310127323330579,0.01367784500824998,2.556907188826366e-45,0.0,8.000000000000108e-05,False,False,True,NORMAL,1.0,False
3.3120000000000003,-7.954109913155934e-05,0.0033234222063311066,0.01291161399510419,2.3135852988952326e-45,0.0,-0.0018550000000000025,False,True,True,NORMAL,1.0,False
3.313,-7.621134904756721e-05,0.0033359499665178956,0.012143628585925778,2.093418548258316e-45,0.0,-0.0018550000000000025,False,False,True,NORMAL,1.0,False
3.314,-7.28694554665835e-05,0.0033477089371323565,0.011374064074282753,1.8942034340746414e-45,0.0,-0.0018550000000000025,False,False,True,NORMAL,1.0,False
3.315,-6.951618793850354e-05,0.003358697626758909,0.010603095846024932,1.7139461445229463e-45,0.0,-0.0018550000000000025,False,False,True,NORMAL,1.0,False
3.3160000000000003,-6.615231741693487e-05,0.0033689147193974736,0.009830899339714134,1.5508426040628302e-45,0.0,-0.0018550000000000025,False,False,True,NORMAL,1.0,False
3.317,-6.277861608376202e-05,0.0033783590744964186,0.009057650007101826,1.4032604176403752e-45,0.0,-0.0020399999999999962,False,True,True,NORMAL,1.0,False
3.318,-5.939585717369799e-05,0.0033870297269460122,0.00828352327366303,1.2697225331297793e-45,0.0,-0.0020399999999999962,False,False,True,NORMAL,1.0,False
3.319,-5.600481479886207e-05,0.0033949258870324393,0.007508694499195305,1.1488924584992276e-45,0.0,-0.0020399999999999962,False,False,True,NORMAL,1.0,False
3.3200000000000003,-5.260626377342335e-05,0.003402046940352453,0.006733338938491574,1.039560885749427e-45,0.0,-0.0020399999999999962,False,False,True,NORMAL,1.0,False
3.321,-4.920097943834917e-05,0.0034083924476887425,0.005957631702095449,9.406335877526866e-46,0.0,-0.0020399999999999962,False,False,True,NORMAL,1.0,False
3.322,-4.578973748629784e-05,0.0034139621448460973,0.0051817477171478684,8.51120466860042e-46,0.0,-0.0024300000000000007,False,True,True,NORMAL,1.0,False
3.323,-4.2373313786694784e-05,0.00341875594244847,0.0044058616883336215,7.70125645671201e-46,0.0,-0.0024300000000000007,False,False,True,NORMAL,1.0,False
3.3240000000000003,-3.895248421103106e-05,0.0034227739256970377,0.0036301480589364323,6.968385007924057e-46,0.0,-0.0024300000000000007,False,False,True,NORMAL,1.0,False
3.325,-3.552802445842334e-05,0.0034260163540893777,0.002854780972011185,6.305255498450493e-46,0.0,-0.0024300000000000007,False,False,True,NORMAL,1.0,False
3.326,-3.210070988147406e-05,0.003428483661099876,0.002079934231681849,5.705231105274981e-46,0.0,-0.0024300000000000007,False,False,True,NORMAL,1.0,False
3.327,-2.8671315312470528e-05,0.003430176453821502,0.0013057812645736158,5.162306582595457e-46,0.0,-0.0027849999999999993,False,True,True,NORMAL,1.0,False
3.3280000000000003,-2.52406148899615e-05,0.003431095512569083,0.0005324950813877134,4.6710481593057106e-46,0.0,-0.0027849999999999993,False,False,True,NORMAL,1.0,False
3.329,-2.1809381885749654e-05,0.0034312417904442324,-0.000239751761372676,4.226539155987801e-46,0.0,-0.0027849999999999993,False,False,True,NORMAL,1.0,False
3.33,-1.8378388532338277e-05,0.003430616412862079,-0.0010107871995170064,3.824330777131885e-46,0.0,-0.0027849999999999993,False,False,True,NORMAL,1.0,False
3.331,-1.4948405850870226e-05,0.0034292206770399685,-0.0017804396991141513,3.4603975860954697e-46,0.0,-0.0027849999999999993,False,False,True,NORMAL,1.0,False
3.332,-1.1520203479597156e-05,0.0034270560514483013,-0.0025485382942630917,3.1310972171804917e-46,0.0,-0.002279999999999999,False,True,True,NORMAL,1.0,False
3.333,-8.094549502916747e-06,0.0034241241752236955,-0.0033149126246792755,2.833133921613174e-46,0.0,-0.002279999999999999,False,False,True,NORMAL,1.0,False
3.334,-4.672210281015526e-06,0.0034204268575446567,-0.004079392973088491,2.563525582582557e-46,0.0,-0.002279999999999999,False,False,True,NORMAL,1.0,False
3.335,-1.2539502801547095e-06,0.0034159660769699533,-0.0048418103024201195,2.3195738692131298e-46,0.0,-0.002279999999999999,False,False,True,NORMAL,1.0,False
3.336,2.1594680963637982e-06,0.003410743980739903,-0.005601996292791708,2.0988372307624888e-46,0.0,-0.002279999999999999,False,False,True,NORMAL,1.0,False
3.337,5.567284676514217e-06,0.0034047628840407833,-0.006359783378276873,1.8991064607608737e-46,0.0,-0.0013600000000000003,False,True,True,NORMAL,1.0,False
3.338,8.968741687109772e-06,0.0033980252692325835,-0.0071150047834485745,1.7183825865302782e-46,0.0,-0.0013600000000000003,False,False,True,NORMAL,1.0,False
3.339,1.23630839205751e-05,0.003390533785040331,-0.007867494559689894,1.5548568627940108e-46,0.0,-0.0013600000000000003,False,False,True,NORMAL,1.0,False
3.34,1.5749558900891853e-05,0.0033822912457092263,-0.008617087621264506,1.4068926691460248e-46,0.0,-0.0013600000000000003,False,False,True,NORMAL,1.0,False
3.341,1.9127417048681452e-05,0.0033733006301238278,-0.009363619781139068,1.2730091302038084e-46,0.0,-0.0013600000000000003,False,False,True,NORMAL,1.0,False
3.342,2.2495911845389164e-05,0.003363565080891546,-0.01010692778654988,1.1518662945098167e-46,0.0,-0.00439,False,True,True,NORMAL,1.0,False
3.343,2.5854299996533905e-05,0.0033530879033906993,-0.010846849354306177,1.0422517238469107e-46,0.0,-0.00439,False,False,True,NORMAL,1.0,False
3.344,2.920184159398853e-05,0.0033418725647834024,-0.011583223205822522,9.430683587491666e-47,0.0,-0.00439,False,False,True,NORMAL,1.0,False
3.345,3.253780027725552e-05,0.00332992269299356,-0.012315889101872831,8.533235387620059e-47,0.0,-0.00439,False,False,True,NORMAL,1.0,False
3.346,3.586144339370331e-05,0.003317242075650249,-0.013044687877058618,7.721190675627214e-47,0.0,-0.00439,False,False,True,NORMAL,1.0,False
3.347,3.917204215772889e-05,0.0033038346589967784,-0.013769461473984168,6.986422235097854e-47,0.0,-0.005294999999999999,False,True,True,NORMAL,1.0,False
3.348,4.2468871808812324e-05,0.0032897045467657256,-0.014490052977131362,6.321576256514959e-47,0.0,-0.005294999999999999,False,False,True,NORMAL,1.0,False
3.349,4.5751211768429496e-05,0.003274855999020247,-0.015206306646427007,5.719998737862422e-47,0.0,-0.005294999999999999,False,False,True,NORMAL,1.0,False
3.35,4.901834579578943e-05,0.0032592934309619804,-0.01591806795049559,5.175668889136381e-47,0.0,-0.005294999999999999,False,False,True,NORMAL,1.0,False
3.351,5.226956214236287e-05,0.003243021411705857,-0.01662518359959043,4.683138874255206e-47,0.0,-0.005294999999999999,False,False,True,NORMAL,1.0,False
3.352,5.550415370516936e-05,0.00322604466302214,-0.017327501578196316,4.2374792872849103e-47,0.0,-0.00266,False,True,True,NORMAL,1.0,False
3.353,5.872141817879007e-05,0.003208368058046035,-0.018024871177296817,3.834229817287736e-47,0.0,-0.00266,False,False,True,NORMAL,1.0,False
3.354,6.192065820607408e-05,0.003189996619955197,-0.018717143026299465,3.469354608031124e-47,0.0,-0.00266,False,False,True,NORMAL,1.0,False
3.355,6.510118152750645e-05,0.0031709355206154897,-0.019404169124612184,3.1392018657820406e-47,0.0,-0.00266,False,False,True,NORMAL,1.0,False
3.356,6.826230112920612e-05,0.003151190079195345,-0.020085802872864395,2.840467310927888e-47,0.0,-0.00266,False,False,True,NORMAL,1.0,False
3.357,7.140333538952275e-05,0.003130765760749082,-0.02076189910376624,2.570161107635535e-47,0.0,-0.006754999999999999,False,True,True,NORMAL,1.0,False
3.358,7.452360822420146e-05,0.003109668174769548,-0.02143231411259965,2.3255779405693797e-47,0.0,-0.006754999999999999,False,False,True,NORMAL,1.0,False
3.359,7.762244923008507e-05,0.0030879030737104595,-0.022096905687334828,2.1042699391861818e-47,0.0,-0.006754999999999999,False,False,True,NORMAL,1.0,False
3.36,8.069919382732356e-05,0.0030654763514788115,-0.022755533138366018,1.9040221786239102e-47,0.0,-0.006754999999999999,False,False,True,NORMAL,1.0,False
3.361,8.375318340006134e-05,0.0030423940418977478,-0.023408057327860422,1.7228305119892614e-47,0.0,-0.006754999999999999,False,False,True,NORMAL,1.0,False
3.362,8.678376543557262e-05,0.0030186623171402777,-0.024054340698714254,1.5588815121819335e-47,0.0,-0.006665000000000001,False,True,True,NORMAL,1.0,False
3.363,8.97902936618161e-05,0.002994287486134233,-0.024694247303109974,1.410534322506693e-47,0.0,-0.006665000000000001,False,False,True,NORMAL,1.0,False
3.364,9.277212818338052e-05,0.002969275992938874,-0.02532764283066893,1.2763042344280575e-47,0.0,-0.006665000000000001,False,False,True,NORMAL,1.0,False
3.365,9.572863561579267e-05,0.002943634415093542,-0.025954394636193662,1.1548478281082455e-47,0.0,-0.006665000000000001,False,False,True,NORMAL,1.0,False
3.366,9.865918921816028e-05,0.002917369461938783,-0.02657437176699424,1.0449495270099005e-47,0.0,-0.006665000000000001,False,False,True,NORMAL,1.0,False
3.367,0.00010156316902412258,0.002890487972910351,-0.027187444989793103,9.455094319975355e-48,0.0,-0.00647,False,True,True,NORMAL,1.0,False
3.368,0.00010443996197108126,0.0028629969158065196,-0.027793486817203065,8.555323131772967e-48,0.0,-0.00647,False,False,True,NORMAL,1.0,False
3.369,0.00010728896202768574,0.002834903385029135,-0.02839237153377299,7.741176493016771e-48,0.0,-0.00647,False,False,True,NORMAL,1.0,False
3.37,0.00011010957031954646,0.0028062145997988382,-0.028983975221596212,7.00450615050196e-48,0.0,-0.00647,False,False,True,NORMAL,1.0,False
3.371,0.00011290119525315072,0.002776937902344899,-0.029568175785476263,6.337939259837191e-48,0.0,-0.00647,False,False,True,NORMAL,1.0,False
3.372,0.00011566325263795581,0.0027470807560701117,-0.030144852977645225,5.734804595539825e-48,0.0,-0.008644999999999998,False,True,True,NORMAL,1.0,False
3.373,0.00011839516580663473,0.0027166507436911934,-0.030713888422029604,5.1890657831690105e-48,0.0,-0.008644999999999998,False,False,True,NORMAL,1.0,False
3.374,0.0001210963657334503,0.002685655565355149,-0.03127516563805904,4.6952608852613915e-48,0.0,-0.008644999999999998,False,False,True,NORMAL,1.0,False
3.375,0.0001237662911507338,0.002654103036732054,-0.031828570064013184,4.248447736425151e-48,0.0,-0.008644999999999998,False,False,True,NORMAL,1.0,False
3.376,0.0001264043886634447,0.002622001087084727,-0.032373989079902146,3.8441544804876504e-48,0.0,-0.008644999999999998,False,False,True,NORMAL,1.0,False
3.3770000000000002,0.00012901011286178897,0.0025893577573157535,-0.032911312029876155,3.4783348146558107e-48,0.0,-0.007455,False,True,True,NORMAL,1.0,False
3.378,0.00013158292643187285,0.0025561811979923394,-0.03344043024415991,3.1473274927577514e-48,0.0,-0.007455,False,False,True,NORMAL,1.0,False
3.379,0.00013412230026437104,0.0025224796673494693,-0.03396123706050769,2.8478196822605136e-48,0.0,-0.007455,False,False,True,NORMAL,1.0,False
3.38,0.00013662771356118709,0.00248826152927185,-0.03447362784517486,2.5768138083285897e-48,0.0,-0.007455,False,False,True,NORMAL,1.0,False
3.3810000000000002,0.0001390986539400855,0.002453535251255128,-0.03497750001340193,2.331597553087449e-48,0.0,-0.007455,False,False,True,NORMAL,1.0,False
3.382,0.00014153461753727478,0.002418309402346864,-0.03547275304940712,2.1097167098346083e-48,0.0,-0.007669999999999997,False,True,True,NORMAL,1.0,False
3.383,0.00014393510910792157,0.002382592651067768,-0.035959288525884,1.9089506205140668e-48,0.0,-0.007669999999999997,False,False,True,NORMAL,1.0,False
3.384,0.00014629964212457648,0.002346393763313682,-0.036437010123000234,1.727289950624091e-48,0.0,-0.007669999999999997,False,False,True,NORMAL,1.0,False
3.3850000000000002,0.00014862773887349223,0.002309721600238814,-0.03690582364689397,1.5629165791221624e-48,0.0,-0.007669999999999997,False,False,True,NORMAL,1.0,False
3.386,0.00015091893054881614,0.0022725851161207334,-0.037365637047664726,1.414185402058492e-48,0.0,-0.007669999999999997,False,False,True,NORMAL,1.0,False
3.387,0.0001531727573446385,0.0022349933562076218,-0.03781636043685509,1.2796078678227512e-48,0.0,-0.006750000000000001,False,True,True,NORMAL,1.0,False
3.388,0.00015538876854487963,0.002196955454548306,-0.038257906104420376,1.1578370792192375e-48,0.0,-0.006750000000000001,False,False,True,NORMAL,1.0,False
3.3890000000000002,0.00015756652261099857,0.002158480631805573,-0.03869018853518304,1.0476543132670315e-48,0.0,-0.006750000000000001,False,False,True,NORMAL,1.0,False
3.39,0.00015970558726750695,0.002119578193053292,-0.039113124424769004,9.479568238107771e-49,0.0,-0.006750000000000001,False,False,True,NORMAL,1.0,False
3.391,0.00016180553958527197,0.0020802575255578597,-0.03952663269502298,8.577468048665125e-49,0.0,-0.006750000000000001,False,False,True,NORMAL,1.0,False
3.392,0.00016386596606259346,0.002040528096544492,-0.03993063450890027,7.761214042440091e-49,0.0,-0.0067550000000000015,False,True,True,NORMAL,1.0,False
3.3930000000000002,0.00016588646270403965,0.0020003994509488862,-0.04032505328483225,7.022636874985924e-49,0.0,-0.0067550000000000015,False,False,True,NORMAL,1.0,False
3.394,0.00016786663509702756,0.0019598812091547835,-0.040709814710563376,6.354344617766383e-49,0.0,-0.0067550000000000015,False,False,True,NORMAL,1.0,False
3.395,0.0001698060984861342,0.0019189830647179567,-0.04108484675645713,5.74964877725043e-49,0.0,-0.0067550000000000015,False,False,True,NORMAL,1.0,False
3.396,0.00017170447784512513,0.0018777147820771619,-0.0414500796882689,5.202497354220891e-49,0.0,-0.0067550000000000015,False,False,True,NORMAL,1.0,False
3.3970000000000002,0.00017356140794668766,0.0018360861942525823,-0.0418054460793836,4.7074142733321416e-49,0.0,-0.008924999999999995,False,True,True,NORMAL,1.0,False
3.398,0.00017537653342985656,0.0017941072005323042,-0.04215088082251618,4.259444576707478e-49,0.0,-0.008924999999999995,False,False,True,NORMAL,1.0,False
3.399,0.0001771495088651203,0.0017517877641473598,-0.042486321140873105,3.8541048330552645e-49,0.0,-0.008924999999999995,False,False,True,NORMAL,1.0,False
3.4,0.00017887999881719703,0.0017091379099358824,-0.042811706598773154,3.487338265981638e-49,0.0,-0.008924999999999995,False,False,True,NORMAL,1.0,False
3.4010000000000002,0.00018056767790546947,0.0016661677219969072,-0.04312697911172599,3.1554741524088257e-49,0.0,-0.008924999999999995,False,False,True,NORMAL,1.0,False
3.402,0.00018221223086206846,0.0016228873413343696,-0.04343208295596695,2.8551910847448095e-49,0.0,-0.009690000000000002,False,True,True,NORMAL,1.0,False
3.403,0.00018381335258759615,0.0015793069634918377,-0.043726964777446885,2.583483729119784e-49,0.0,-0.009690000000000002,False,False,True,NORMAL,1.0,False
3.404,0.00018537074820447922,0.0015354368361785305,-0.04401157360027562,2.3376327469946575e-49,0.0,-0.009690000000000002,False,False,True,NORMAL,1.0,False
3.4050000000000002,0.00018688413310794416,0.0014912872568871645,-0.04428586083461818,2.1151775791069533e-49,0.0,-0.009690000000000002,False,False,True,NORMAL,1.0,False
3.406,0.00018835323301460646,0.0014468685705041793,-0.044549780284042724,1.913891819366687e-49,0.0,-0.009690000000000002,False,False,True,NORMAL,1.0,False
3.407,0.00018977778400866652,0.0014021911669128888,-0.0448032881523193,1.731760932235898e-49,0.0,-0.009389999999999999,False,True,True,NORMAL,1.0,False
3.408,0.00019115753258570537,0.0013572654785901092,-0.04504634304966887,1.5669620905798763e-49,0.0,-0.009389999999999999,False,False,True,NORMAL,1.0,False
3.4090000000000003,0.00019249223569407388,0.0013121019781968135,-0.04527890599846184,1.4178459322005246e-49,0.0,-0.009389999999999999,False,False,True,NORMAL,1.0,False
3.41,0.00019378166077387005,0.0012667111761633608,-0.045500940438365806,1.2829200524651108e-49,0.0,-0.009389999999999999,False,False,True,NORMAL,1.0,False
3.411,0.00019502558579349895,0.0012211036182698566,-0.045712412230942044,1.1608340678190887e-49,0.0,-0.009389999999999999,False,False,True,NORMAL,1.0,False
3.412,0.0001962237992838108,0.0011752898832221895,-0.045913289663690716,1.050366100693604e-49,0.0,-0.007334999999999998,False,True,True,NORMAL,1.0,False
3.4130000000000003,0.00019737610036981318,0.0011292805802243,-0.046103543453544414,9.504105505440993e-50,0.0,-0.007334999999999998,False,False,True,NORMAL,1.0,False
3.414,0.00019848229879995384,0.0010830863465472304,-0.04628314674981046,8.599670286284576e-50,0.0,-0.007334999999999998,False,False,True,NORMAL,1.0,False
3.415,0.0001995422149729712,0.0010367178450955098,-0.046452075136561785,7.781303457802297e-50,0.0,-0.007334999999999998,False,False,True,NORMAL,1.0,False
3.416,0.0002005556799623102,0.0009901857619714215,-0.046610306634476927,7.0408145297121145e-50,0.0,-0.007334999999999998,False,False,True,NORMAL,1.0,False
3.4170000000000003,0.00020152253553810135,0.0009435008040377076,-0.04675782170212936,6.370792439934779e-50,0.0,-0.00909,False,True,True,NORMAL,1.0,False
3.418,0.00020244263418670228,0.0008966736964792581,-0.0468946032367269,5.764531382193596e-50,0.0,-0.00909,False,False,True,NORMAL,1.0,False
3.419,0.00020331583912780037,0.0008497151803643361,-0.04702063657430158,5.215963692051314e-50,0.0,-0.00909,False,False,True,NORMAL,1.0,False
3.42,0.00020414202432907682,0.0008026360102058872,-0.04713590948935111,4.719599119685022e-50,0.0,-0.00909,False,False,True,NORMAL,1.0,False
3.4210000000000003,0.00020492107451843225,0.000755446951523481,-0.04724041219393248,4.270469881620583e-50,0.0,-0.00909,False,False,True,NORMAL,1.0,False
3.422,0.0002056528851937747,0.0007081587784064336,-0.047334137336208955,3.864080941485898e-50,0.0,-0.008030000000000004,False,True,True,NORMAL,1.0,False
3.423,0.0002063373626303716,0.0006607822710786544,-0.04741707999845159,3.4963650221760596e-50,0.0,-0.008030000000000004,False,False,True,NORMAL,1.0,False
3.424,0.0002069744238857679,0.0006133282134657648,-0.04748923769449642,3.163641899177026e-50,0.0,-0.008030000000000004,False,False,True,NORMAL,1.0,False
3.4250000000000003,0.00020756399680227225,0.000565807390765031,-0.0475506103666588,2.8625815676417197e-50,0.0,-0.008030000000000004,False,False,True,NORMAL,1.0,False
3.426,0.00020810602000701517,0.0005182305870186526,-0.04760120038210639,2.590170914582263e-50,0.0,-0.008030000000000004,False,False,True,NORMAL,1.0,False
3.427,0.0002086004429095821,0.0004706085826909493,-0.0476410125286924,2.3436835626224546e-50,0.0,-0.00707,False,True,True,NORMAL,1.0,False
3.428,0.00020904722569722606,0.0004229521522499827,-0.04767005401025084,2.1206525834966208e-50,0.0,-0.00707,False,False,True,NORMAL,1.0,False
3.4290000000000003,0.00020944633932766418,0.0003752720617541515,-0.047688334441355666,1.9188458082023695e-50,0.0,-0.00707,False,False,True,NORMAL,1.0,False
3.43,0.00020979776551946356,0.0003275790664442945,-0.04769586584154575,1.736243486702956e-50,0.0,-0.00707,False,False,True,NORMAL,1.0,False
3.431,0.00021010149674002238,0.000279883908341835,-0.047692662629017786,1.5710180735900547e-50,0.0,-0.00707,False,False,True,NORMAL,1.0,False
3.432,0.00021035753619115218,0.00023219731385349743,-0.04767874161378949,1.421515937395052e-50,0.0,-0.006794999999999994,False,True,True,NORMAL,1.0,False
3.4330000000000003,0.00021056589779226852,0.0001845299913831246,-0.047654121990335106,1.2862408104895056e-50,0.0,-0.006794999999999994,False,False,True,NORMAL,1.0,False
3.434,0.00021072660616119708,0.00013689262895112228,-0.04761882532969603,1.163838813935804e-50,0.0,-0.006794999999999994,False,False,True,NORMAL,1.0,False
3.435,0.0002108396965926034,8.929589182205452e-05,-0.047572875571068846,1.0530849074117064e-50,0.0,-0.006794999999999994,False,False,True,NORMAL,1.0,False
3.436,0.00021090521503405434,4.175042014091123e-05,-0.047516299012873596,9.528706285950459e-51,0.0,-0.006794999999999994,False,False,True,NORMAL,1.0,False
3.4370000000000003,0.00021092321805972058,-5.733173421433891e-06,-0.047449124303304974,8.621929993002431e-51,0.0,-0.008685000000000002,False,True,True,NORMAL,1.0,False
3.438,0.00021089377284172912,-5.3144306013059285e-05,-0.047371382430369466,7.801444873355118e-51,0.0,-0.008685000000000002,False,False,True,NORMAL,1.0,False
3.439,0.00021081695711917627,-0.00010047242693561278,-0.04728310671141124,7.059039236156518e-51,0.0,-0.008685000000000002,False,False,True,NORMAL,1.0,False
3.44,0.00021069285916481108,-0.00014770701996820045,-0.04718433278213019,6.387282836258396e-51,0.0,-0.008685000000000002,False,False,True,NORMAL,1.0,False
3.4410000000000003,0.00021052157774940073,-0.00019483760568004082,-0.0470750985850951,5.779452509825447e-51,0.0,-0.008685000000000002,False,False,True,NORMAL,1.0,False
3.442,0.00021030322210378885,-0.00024185374373138138,-0.04695544435775542,5.2294648866519036e-51,0.0,-0.0069700000000000005,False,True,True,NORMAL,1.0,False
3.443,0.00021003791187865922,-0.0002887450351621774,-0.046825412619955056,4.73181550574782e-51,0.0,-0.0069700000000000005,False,False,True,NORMAL,1.0,False
3.444,0.00020972577710201692,-0.0003355011246680372,-0.04668504816095175,4.2815237248433754e-51,0.0,-0.0069700000000000005,False,False,True,NORMAL,1.0,False
3.4450000000000003,0.00020936695813440024,-0.000382111702862941,-0.046534398025945646,3.8740828724469836e-51,0.0,-0.0069700000000000005,False,False,True,NORMAL,1.0,False
3.446,0.00020896160562183664,-0.00042856650852824443,-0.04637351150212087,3.505415143562262e-51,0.0,-0.0069700000000000005,False,False,True,NORMAL,1.0,False
3.447,0.0002085098804465567,-0.00047485533084748205,-0.04620244010420403,3.1718307876450294e-51,0.0,-0.007209999999999999,False,True,True,NORMAL,1.0,False
3.448,0.0002080119536754808,-0.000520968011626489,-0.04602123755954344,2.869991180339692e-51,0.0,-0.007209999999999999,False,False,True,NORMAL,1.0,False
3.4490000000000003,0.00020746800650649284,-0.0005668944474983643,-0.045829959792713336,2.596875409404543e-51,0.0,-0.007209999999999999,False,False,True,NORMAL,1.0,False
3.45,0.0002068782302125172,-0.0006126245921128028,-0.04562866490964716,2.349750040406682e-51,0.0,-0.007209999999999999,False,False,True,NORMAL,1.0,False
3.451,0.00020624282608341403,-0.0006581484583093257,-0.04541741318130417,2.1261417595914738e-51,0.0,-0.007209999999999999,False,False,True,NORMAL,1.0,False
3.452,0.00020556200536570968,-0.0007034561202739476,-0.04519626702687376,1.9238126201271808e-51,0.0,-0.009135,False,True,True,NORMAL,1.0,False
3.4530000000000003,0.00020483598920017907,-0.0007485377156788173,-0.04496529099652206,1.7407376439808723e-51,0.0,-0.009135,False,False,True,NORMAL,1.0,False
3.454,0.00020406500855729687,-0.0007933834478043792,-0.04472455175368523,1.5750845552576517e-51,0.0,-0.009135,False,False,True,NORMAL,1.0,False
3.455,0.00020324930417057568,-0.0008379835876436027,-0.044474118056914126,1.425195442167651e-51,0.0,-0.009135,False,False,True,NORMAL,1.0,False
3.456,0.00020238912646780894,-0.0008823284759878339,-0.04421406074127526,1.2895701640875951e-51,0.0,-0.009135,False,False,True,NORMAL,1.0,False
3.457,0.00020148473550023752,-0.0009264085254938292,-0.0439444526993127,1.1668513376492282e-51,0.0,-0.006079999999999996,False,True,True,NORMAL,1.0,False
3.458,0.00020053640086965875,-0.0009702142227315321,-0.04366536886157592,1.0558107515903332e-51,0.0,-0.006079999999999996,False,False,True,NORMAL,1.0,False
3.459,0.00019954440165349756,-0.0010137361302121639,-0.043376886176718706,9.553370744036029e-52,0.0,-0.006079999999999996,False,False,True,NORMAL,1.0,False
3.46,0.00019850902632785952,-0.0010569648883962004,-0.04307908359117409,8.644247317573833e-52,0.0,-0.006079999999999996,False,False,True,NORMAL,1.0,False
3.461,0.00019743057268858613,-0.0010998912176808143,-0.04277204202841066,7.821638423697776e-52,0.0,-0.006079999999999996,False,False,True,NORMAL,1.0,False
3.462,0.00019630934777033307,-0.0011425059203663663,-0.04245584436777539,7.077311116109549e-52,0.0,-0.007279999999999999,False,True,True,NORMAL,1.0,False
3.463,0.00019514566776369273,-0.0011847998826015344,-0.042130575422928564,6.403815916937759e-52,0.0,-0.007279999999999999,False,False,True,NORMAL,1.0,False
3.464,0.00019393985793038235,-0.001226764076306677,-0.041796321919876006,5.7944122598595425e-52,0.0,-0.007279999999999999,False,False,True,NORMAL,1.0,False
3.465,0.00019269225251651982,-0.001268389561075029,-0.041453172474604415,5.243001028247218e-52,0.0,-0.007279999999999999,False,False,True,NORMAL,1.0,False
3.466,0.00019140319466400967,-0.0013096674860513366,-0.041101217570325164,4.7440635131590936e-52,0.0,-0.007279999999999999,False,False,True,NORMAL,1.0,False
3.467,0.00019007303632006175,-0.001350589091787543,-0.04074054953433258,4.2926061802454775e-52,0.0,-0.006455000000000002,False,True,True,NORMAL,1.0,False
3.468,0.00018870213814486595,-0.0013911457120751424,-0.04037126251448212,3.884110692778521e-52,0.0,-0.006455000000000002,False,False,True,NORMAL,1.0,False
3.469,0.0001872908694174462,-0.0014313287757538237,-0.039993452455294655,3.5144886906195784e-52,0.0,-0.006455000000000002,False,False,True,NORMAL,1.0,False
3.47,0.0001858396079397181,-0.0014711298084960347,-0.039607217073692524,3.1800408725367995e-52,0.0,-0.006455000000000002,False,False,True,NORMAL,1.0,False
3.471,0.00018434873993877402,-0.0015105404345671,-0.0392126558343735,2.8774199723550175e-52,0.0,-0.006455000000000002,False,False,True,NORMAL,1.0,False
3.472,0.00018281865996742049,-0.0015495523785605356,-0.03880986992482881,2.603597258390816e-52,0.0,-0.005249999999999998,False,True,True,NORMAL,1.0,False
3.473,0.00018124977080299275,-0.0015881574671082043,-0.03839896223001106,2.355832220887849e-52,0.0,-0.005249999999999998,False,False,True,NORMAL,1.0,False
3.474,0.00017964248334447202,-0.0016263476305649683,-0.03798003730665875,2.1316451440740815e-52,0.0,-0.005249999999999998,False,False,True,NORMAL,1.0,False
3.475,0.0001779972165079309,-0.0016641149046674965,-0.03755320135728321,1.928792288332883e-52,0.0,-0.005249999999999998,False,False,True,NORMAL,1.0,False
3.476,0.00017631439712033307,-0.0017014514321668924,-0.0371185622038246,1.7452434341027955e-52,0.0,-0.005249999999999998,False,False,True,NORMAL,1.0,False
3.477,0.00017459445981171353,-0.0017383494644348156,-0.036676229260983316,1.5791615627577848e-52,0.0,-0.006105000000000001,False,True,True,NORMAL,1.0,False
3.478,0.00017283784690576618,-0.0017748013630427743,-0.03622631350923323,1.4288844711073849e-52,0.0,-0.006105000000000001,False,False,True,NORMAL,1.0,False
3.479,0.0001710450083088656,-0.001810799601314276,-0.035768927467523345,1.2929081355084838e-52,0.0,-0.006105000000000001,False,False,True,NORMAL,1.0,False
3.48,0.00016921640139755045,-0.0018463367658495262,-0.03530418516567456,1.1698716590911829e-52,0.0,-0.006105000000000001,False,False,True,NORMAL,1.0,False
3.481,0.00016735249090449596,-0.0018814055580223732,-0.034832202116478035,1.0585436514455102e-52,0.0,-0.006105000000000001,False,False,True,NORMAL,1.0,False
3.482,0.0001654537488030034,-0.0019159987954492066,-0.03435309528750196,9.578099044523121e-53,0.0,-0.0007750000000000022,False,True,True,NORMAL,1.0,False
3.483,0.00016352065419003505,-0.001950109413429519,-0.033866983072613606,8.666622409138991e-53,0.0,-0.0007750000000000022,False,False,True,NORMAL,1.0,False
3.484,0.00016155369316782253,-0.0019837304663578486,-0.03337398526322329,7.841884243777913e-53,0.0,-0.0007750000000000022,False,False,True,NORMAL,1.0,False
3.485,0.00015955335872407797,-0.002016855129106832,-0.03287422301925729,7.095630291676879e-53,0.0,-0.0007750000000000022,False,False,True,NORMAL,1.0,False
3.486,0.00015752015061083646,-0.002049476698381097,-0.03236781883986656,6.42039179245865e-53,0.0,-0.0007750000000000022,False,False,True,NORMAL,1.0,False
3.487,0.00015545457522195939,-0.0020815885940417326,-0.03185489653387826,5.809410732267551e-53,0.0,-0.0057799999999999935,False,True,True,NORMAL,1.0,False
3.488,0.00015335714546932803,-0.002113184360401087,-0.03133558118999717,5.256572207295364e-53,0.0,-0.0057799999999999935,False,False,True,NORMAL,1.0,False
3.489,0.00015122838065775745,-0.002144257667487645,-0.03080999914676396,4.756343223768722e-53,0.0,-0.0057799999999999935,False,False,True,NORMAL,1.0,False
3.49,0.00014906880635866043,-0.002174802312280744,-0.03027827796227748,4.303717321887722e-53,0.0,-0.0057799999999999935,False,False,True,NORMAL,1.0,False
3.491,0.00014687895428249187,-0.002204812219914896,-0.02974054638368832,3.8941644694935213e-53,0.0,-0.0057799999999999935,False,False,True,NORMAL,1.0,False
3.492,0.00014465936215000424,-0.0022342814448534976,-0.029196934316470708,3.52358572398389e-53,0.0,-0.0038200000000000057,False,True,True,NORMAL,1.0,False
3.493,0.00014241057356234474,-0.0022632041720316957,-0.02864757279348002,3.1882722087179503e-53,0.0,-0.0038200000000000057,False,False,True,NORMAL,1.0,False
3.494,0.00014013313787002493,-0.002291574717968213,-0.02809259394380329,2.884867993332156e-53,0.0,-0.0038200000000000057,False,False,True,NORMAL,1.0,False
3.495,0.00013782761004079434,-0.0023193875318459206,-0.02753213096140985,2.610336506461248e-53,0.0,-0.0038200000000000057,False,False,True,NORMAL,1.0,False
3.496,0.0001354945505264491,-0.0023466371965609662,-0.0269663180736096,2.3619301447114023e-53,0.0,-0.0038200000000000057,False,False,True,NORMAL,1.0,False
3.497,0.00013313452512860727,-0.002373318429740265,-0.02639529050932624,2.1371627737219657e-53,0.0,-0.0043649999999999965,False,True,True,NORMAL,1.0,False
3.498,0.0001307481048634826,-0.002399426084727177,-0.025819184467192818,1.933784846097153e-53,0.0,-0.0043649999999999965,False,False,True,NORMAL,1.0,False
3.499,0.0001283358658256885,-0.002424955151535192,-0.025238137083477122,1.749760887179613e-53,0.0,-0.0043649999999999965,False,False,True,NORMAL,1.0,False
3.5,0.00012589838905110456,-0.0024499007577694584,-0.02465228639984434,1.5832491233359109e-53,0.0,-0.0043649999999999965,False,False,True,NORMAL,1.0,False
3.501,0.00012343626037883748,-0.0024742581695159993,-0.024061771330964432,1.432583048866962e-53,0.0,-0.0043649999999999965,False,False,True,NORMAL,1.0,False
3.5020000000000002,0.00012095007031230925,-0.002498022792198457,-0.0234667316319719,1.2962547470588648e-53,0.0,-0.0025400000000000006,False,True,True,NORMAL,1.0,False
3.503,0.00011844041387950459,-0.0025211901714022288,-0.02286730786578519,1.1728997984455991e-53,0.0,-0.0025400000000000006,False,False,True,NORMAL,1.0,False
3.504,0.00011590789049241082,-0.002543755993665856,-0.02226364137029365,1.0612836252404131e-53,0.0,-0.0025400000000000006,False,False,True,NORMAL,1.0,False
3.505,0.00011335310380568277,-0.0025657160872395355,-0.021655874225419317,9.602891352663783e-54,0.0,-0.0025400000000000006,False,False,True,NORMAL,1.0,False
3.5060000000000002,0.00011077666157456555,-0.0025870664228106336,-0.021044149220061297,8.689055417224141e-54,0.0,-0.0025400000000000006,False,False,True,NORMAL,1.0,False
3.507,0.00010817917551210844,-0.0026078031141960898,-0.020428609818930264,7.862182468892459e-54,0.0,0.0008699999999999984,False,True,True,NORMAL,1.0,False
3.508,0.00010556126114570292,-0.0026279224190016025,-0.019809400129280754,7.113996885280239e-54,0.0,0.0008699999999999984,False,False,True,NORMAL,1.0,False
3.509,0.00010292353767297826,-0.0026474207392474997,-0.01918666486754886,6.43701057359283e-54,0.0,0.0008699999999999984,False,False,True,NORMAL,1.0,False
3.5100000000000002,0.0001002666278170878,-0.0026662946219612018,-0.018560549325902953,5.824448027279906e-54,0.0,0.0008699999999999984,False,False,True,NORMAL,1.0,False
3.511,9.759115768141963e-05,-0.0026845407597361967,-0.01793119933871512,5.270178514488588e-54,0.0,0.0008699999999999984,False,False,True,NORMAL,1.0,False
3.512,9.489775660376499e-05,-0.0027021559912574493,-0.01729876124896095,4.768654719638443e-54,0.0,-0.00441,False,True,True,NORMAL,1.0,False
3.513,9.21870570099781e-05,-0.0027191373017931768,-0.016663381874555305,4.314857224022641e-54,0.0,-0.00441,False,False,True,NORMAL,1.0,False
3.5140000000000002,8.945969426716107e-05,-0.0027354818236529333,-0.01602520847463184,3.9042442697784544e-54,0.0,-0.00441,False,False,True,NORMAL,1.0,False
3.515,8.671630653640757e-05,-0.002751186836611947,-0.015384388715773785,3.532706304448027e-54,0.0,-0.00441,False,False,True,NORMAL,1.0,False
3.516,8.395753462513909e-05,-0.002766249768301668,-0.014741070638203792,3.196524851196109e-54,0.0,-0.00441,False,False,True,NORMAL,1.0,False
3.517,8.118402183906746e-05,-0.0027806681945664884,-0.014095402621940445,2.892335293044067e-54,0.0,-0.0013849999999999978,False,True,True,NORMAL,1.0,False
3.5180000000000002,7.839641383381776e-05,-0.0027944398397866054,-0.013447533352929088,2.617093198652274e-54,0.0,-0.0013849999999999978,False,False,True,NORMAL,1.0,False
3.519,7.559535846624513e-05,-0.002807562577167006,-0.012797611789154643,2.3680438526279943e-54,0.0,-0.0013849999999999978,False,False,True,NORMAL,1.0,False
3.52,7.278150564547962e-05,-0.0028200344289925584,-0.012145787126744079,2.1426946854078406e-54,0.0,-0.0013849999999999978,False,False,True,NORMAL,1.0,False
3.521,6.995550718373291e-05,-0.0028318535668492026,-0.011492208766066101,1.938790326783803e-54,0.0,-0.0013849999999999978,False,False,True,NORMAL,1.0,False
3.5220000000000002,6.711801664690074e-05,-0.0028430183118112453,-0.010837026277835799,1.7542900334001507e-54,0.0,-0.00045000000000000205,False,True,True,NORMAL,1.0,False
3.523,6.426968920499504e-05,-0.0028535271345947627,-0.010180389369231739,1.5873472643080095e-54,0.0,-0.00045000000000000205,False,False,True,NORMAL,1.0,False
3.524,6.141118148243956e-05,-0.0028633786556771304,-0.009522447850033205,1.4362912001629033e-54,0.0,-0.00045000000000000205,False,False,True,NORMAL,1.0,False
3.525,5.854315140826292e-05,-0.002872571645382705,-0.008863351598785102,1.2996100211031709e-54,0.0,-0.00045000000000000205,False,False,True,NORMAL,1.0,False
3.5260000000000002,5.566625806622287e-05,-0.0028811050239346855,-0.008203250528998118,1.175935775948652e-54,0.0,-0.00045000000000000205,False,False,True,NORMAL,1.0,False
3.527,5.278116154489559e-05,-0.002888977861473196,-0.007542294555391713,1.0640306912854909e-54,0.0,-0.0008200000000000008,False,True,True,NORMAL,1.0,False
3.528,4.988852278776382e-05,-0.0028961893780396395,-0.0068806335601874,9.627747834137807e-55,0.0,-0.0008200000000000008,False,False,True,NORMAL,1.0,False
3.529,4.6989003443337365e-05,-0.002902738943527367,-0.006218417359459856,8.711546491742555e-55,0.0,-0.0008200000000000008,False,False,True,NORMAL,1.0,False
3.5300000000000002,4.4083265715339906e-05,-0.0029086260775987357,-0.005555795669553376,7.882533234688555e-55,0.0,-0.0008200000000000008,False,False,True,NORMAL,1.0,False
3.531,4.1171972212995394e-05,-0.0029138504495686145,-0.004892918073571042,7.132411019658232e-55,0.0,-0.0008200000000000008,False,False,True,NORMAL,1.0,False
3.532,3.825578580144775e-05,-0.002918411878254423,-0.004229933987944108,6.453672371398779e-55,0.0,0.0031050000000000006,False,True,True,NORMAL,1.0,False
3.533,3.5335369452347194e-05,-0.002922310331792778,-0.0035669926290889512,5.83952424538648e-55,0.0,0.0031050000000000006,False,False,True,NORMAL,1.0,False
3.5340000000000003,3.2411386094636634e-05,-0.0029255459274228493,-0.002904242980158968,5.2838200407538874e-55,0.0,0.0031050000000000006,False,False,True,NORMAL,1.0,False
3.535,2.9484498465571243e-05,-0.002928118931236512,-0.002241833757898762,4.780998083042406e-55,0.0,0.0031050000000000006,False,False,True,NORMAL,1.0,False
3.536,2.655536896200449e-05,-0.002930029757895412,-0.001579913379607892,4.3260259610949625e-55,0.0,0.0031050000000000006,False,False,True,NORMAL,1.0,False
3.537,2.3624659491973567e-05,-0.002931278970315051,-0.0009186299302214764,3.9143501609936965e-55,0.0,0.0017099999999999995,False,True,True,NORMAL,1.0,False
3.5380000000000003,2.0693031326617197e-05,-0.0029318672793160125,-0.0002581311295148507,3.541850492962179e-55,0.0,0.0017099999999999995,False,False,True,NORMAL,1.0,False
3.539,1.776114495245858e-05,-0.0029317955432424606,0.0004014357005605104,3.2047988551212883e-55,0.0,0.0017099999999999995,False,False,True,NORMAL,1.0,False
3.54,1.4829659924086146e-05,-0.00293106476754804,0.0010599236684026767,2.8998219213925456e-55,0.0,0.0017099999999999995,False,False,True,NORMAL,1.0,False
3.541,1.1899234717264658e-05,-0.002929676104349325,0.0017171863451394397,2.6238673801169062e-55,0.0,0.0017099999999999995,False,False,True,NORMAL,1.0,False
3.5420000000000003,8.970526582509023e-06,-0.0029276308519469627,0.0023730777968559136,2.374173385493759e-55,0.0,0.0036099999999999986,False,True,True,NORMAL,1.0,False
3.543,6.044191399153049e-06,-0.0029249304543146667,0.0030274526166625634,2.1482409160998654e-55,0.0,0.0036099999999999986,False,False,True,NORMAL,1.0,False
3.544,3.120883529945217e-06,-0.002921576500556229,0.003680165956596669,1.9438087638430066e-55,0.0,0.0036099999999999986,False,False,True,NORMAL,1.0,False
3.545,2.0125567620335845e-07,-0.0029175707243307126,0.004331073559350312,1.7588309030313763e-55,0.0,0.0036099999999999986,False,False,True,NORMAL,1.0,False
3.5460000000000003,-2.714041266440021e-06,-0.0029129150032460097,0.0049800317898180185,1.5914560130607656e-55,0.0,0.0036099999999999986,False,False,True,NORMAL,1.0,False
3.547,-5.624358351670234e-06,-0.002907611358220941,0.005626897666457214,1.4400089497757054e-55,0.0,0.002660000000000001,False,True,True,NORMAL,1.0,False
3.548,-8.529048725469358e-06,-0.002901661952816093,0.006271528892454745,1.302973980063723e-55,0.0,0.002660000000000001,False,False,True,NORMAL,1.0,False
3.549,-1.1427467768410465e-05,-0.0028950690925335924,0.006913783886692743,1.178979611888897e-55,0.0,0.002660000000000001,False,False,True,NORMAL,1.0,False
3.5500000000000003,-1.4318973237236179e-05,-0.0028878352240860085,0.007553521814507153,1.0667848679385871e-55,0.0,0.002660000000000001,False,False,True,NORMAL,1.0,False
3.551,-1.720292540569079e-05,-0.002879962934634613,0.008190602618232347,9.652668655053833e-56,0.0,0.002660000000000001,False,False,True,NORMAL,1.0,False
3.552,-2.0078687204575403e-05,-0.002871454950997199,0.008824887047525263,8.734095782995547e-56,0.0,0.002874999999999999,False,True,True,NORMAL,1.0,False
3.553,-2.2945624360995757e-05,-0.0028623141388256913,0.00945623668946258,7.902936677164454e-56,0.0,0.002874999999999999,False,False,True,NORMAL,1.0,False
3.5540000000000003,-2.5803105536772674e-05,-0.0028525435017537756,0.010084513998404515,7.150872817867169e-56,0.0,0.002874999999999999,False,False,True,NORMAL,1.0,False
3.555,-2.865050246598522e-05,-0.002842146180514781,0.010709582325618845,6.470377297222456e-56,0.0,0.002874999999999999,False,False,True,NORMAL,1.0,False
3.556,-3.148719009161699e-05,-0.0028311254520300643,0.011331305948658919,5.854639487337257e-56,0.0,0.002874999999999999,False,False,True,NORMAL,1.0,False
3.557,-3.431254670127615e-05,-0.00281948472846814,0.011949550100489344,5.297496877253618e-56,0.0,0.006355,False,True,True,NORMAL,1.0,False
3.5580000000000003,-3.712595406196002e-05,-0.0028072275562748134,0.012564180998353224,4.793373396467722e-56,0.0,0.006355,False,False,True,NORMAL,1.0,False
3.559,-3.9926797553835485e-05,-0.0027943576151745774,0.013175065872374851,4.337223607742111e-56,0.0,0.006355,False,False,True,NORMAL,1.0,False
3.56,-4.271446630300651e-05,-0.0027808787171435447,0.013782072993891782,3.9244822106739813e-56,0.0,0.006355,False,False,True,NORMAL,1.0,False
3.561,-4.5488353313240435e-05,-0.0027667948053541817,0.01438507170351037,3.5510183506342997e-56,0.0,0.006355,False,False,True,NORMAL,1.0,False
3.5620000000000003,-4.8247855596625084e-05,-0.00275210995309213,0.014983932438878836,3.213094275786251e-56,0.0,0.0052699999999999995,False,True,True,NORMAL,1.0,False
3.563,-5.099237430312881e-05,-0.002736828362645398,0.01557852676217208,2.9073279284085527e-56,0.0,0.0052699999999999995,False,False,True,NORMAL,1.0,False
3.564,-5.372131484903607e-05,-0.002720954364166213,0.016168727387282436,2.6306590961250297e-56,0.0,0.0052699999999999995,False,False,True,NORMAL,1.0,False
3.565,-5.643408704423125e-05,-0.002704492414505836,0.016754408206710786,2.380318784270583e-56,0.0,0.0052699999999999995,False,False,True,NORMAL,1.0,False
3.5660000000000003,-5.913010521830401e-05,-0.0026874470960226307,0.017335444318152347,2.1538015028618886e-56,0.0,0.0052699999999999995,False,False,True,NORMAL,1.0,False
3.567,-6.180878834544936e-05,-0.0026698231153637077,0.017911712050771668,1.9488401908115206e-56,0.0,0.0058649999999999996,False,True,True,NORMAL,1.0,False
3.568,-6.446956016813633e-05,-0.0026516253022204495,0.01848308899116135,1.763383526418603e-56,0.0,0.0058649999999999996,False,False,True,NORMAL,1.0,False
3.569,-6.711184931951927e-05,-0.0026328586080582353,0.01904945400897919,1.5955753970517538e-56,0.0,0.0058649999999999996,False,False,True,NORMAL,1.0,False
3.5700000000000003,-6.973508944456603e-05,-0.0026135281048206955,0.0196106872822584,1.4437363225500098e-56,0.0,0.0058649999999999996,False,False,True,NORMAL,1.0,False
3.571,-7.233871931987792e-05,-0.0025936389836088165,0.020166670322385755,1.3063466464208822e-56,0.0,0.0058649999999999996,False,False,True,NORMAL,1.0,False
3.572,-7.49221829721762e-05,-0.002573196553335241,0.020717285998742507,1.1820313266074056e-56,0.0,0.0031599999999999996,False,True,True,NORMAL,1.0,False
3.573,-7.74849297954307e-05,-0.0025522062393540943,0.02126241856300305,1.069546173605065e-56,0.0,0.0031599999999999996,False,False,True,NORMAL,1.0,False
3.5740000000000003,-8.002641466660618e-05,-0.002530673582066685,0.021801953673086415,9.67765398195047e-57,0.0,0.0031599999999999996,False,False,True,NORMAL,1.0,False
3.575,-8.25460980600024e-05,-0.0025086042355034342,0.02233577841675569,8.756703441673487e-57,0.0,0.0031599999999999996,False,False,True,NORMAL,1.0,False
3.576,-8.504344616016442e-05,-0.002486003965882377,0.02286378133486056,7.923392932670438e-57,0.0,0.0031599999999999996,False,False,True,NORMAL,1.0,False
3.577,-8.751793097333988e-05,-0.002462878650144608,0.023385852444218386,7.169382403281889e-57,0.0,0.006360000000000001,False,True,True,NORMAL,1.0,False
3.5780000000000003,-8.996903043746028e-05,-0.0024392342744670222,0.023901883260129098,6.487125462698026e-57,0.0,0.006360000000000001,False,False,True,NORMAL,1.0,False
3.579,-9.239622853062386e-05,-0.0024150769327527326,0.024411766818519465,5.869793854143012e-57,0.0,0.006360000000000001,False,False,True,NORMAL,1.0,False
3.58,-9.479901537805778e-05,-0.002390412825099525,0.02491539769771229,5.311209115386106e-57,0.0,0.006360000000000001,False,False,True,NORMAL,1.0,False
3.581,-9.717688735753815e-05,-0.0023652482562467356,0.02541267203981619,4.8057807426150165e-57,0.0,0.006360000000000001,False,False,True,NORMAL,1.0,False
3.5820000000000003,-9.952934720324604e-05,-0.002339589634000931,0.025903487571731755,4.348450238794708e-57,0.0,0.006645,False,True,True,NORMAL,1.0,False
3.583,-0.00010185590410803894,-0.0023134434676407743,0.02638774362576992,3.934640486528855e-57,0.0,0.006645,False,False,True,NORMAL,1.0,False
3.584,-0.00010415607382411675,-0.0022868163663014676,0.026865341159878472,3.5602099387305207e-57,0.0,0.006645,False,False,True,NORMAL,1.0,False
3.585,-0.00010642937876206214,-0.002259715037339167,0.027336182777472736,3.221411168626886e-57,0.0,0.006645,False,False,True,NORMAL,1.0,False
3.586,-0.00010867534808823555,-0.0022321462846757677,0.02780017274686665,2.914853364252554e-57,0.0,0.006645,False,False,True,NORMAL,1.0,False
3.587,-0.0001108935178205053,-0.0022041170071244558,0.028257217020300374,2.637468392063711e-57,0.0,0.007719999999999998,False,True,True,NORMAL,1.0,False
3.588,-0.0001130834309222938,-0.0021756341966964383,0.028707223252560764,2.3864800900263823e-57,0.0,0.007719999999999998,False,False,True,NORMAL,1.0,False
3.589,-0.00011524463739492116,-0.0021467049368892577,0.029150100819191144,2.159376482853696e-57,0.0,0.007719999999999998,False,False,True,NORMAL,1.0,False
3.59,-0.0001173766943682283,-0.002117336400957103,0.029585760834287024,1.9538846413129098e-57,0.0,0.007719999999999998,False,False,True,NORMAL,1.0,False
3.591,-0.00011947916618946132,-0.0020875358501635326,0.0300141161678741,1.7679479339856902e-57,0.0,0.007719999999999998,False,False,True,NORMAL,1.0,False
3.592,-0.00012155162451040006,-0.002057310632017031,0.03043508146286556,1.599705443809621e-57,0.0,0.008039999999999999,False,True,True,NORMAL,1.0,False
3.593,-0.00012359364837271386,-0.0020266681784898194,0.030848573151595345,1.4474733433947662e-57,0.0,0.008039999999999999,False,False,True,NORMAL,1.0,False
3.594,-0.0001256048242915278,-0.0019956160042203463,0.03125450947192428,1.309728042713198e-57,0.0,0.008039999999999999,False,False,True,NORMAL,1.0,False
3.595,-0.00012758474633718365,-0.001964161704699885,0.03165281048291615,1.1850909404979011e-57,0.0,0.008039999999999999,False,False,True,NORMAL,1.0,False
3.596,-0.00012953301621517944,-0.0019323129544436754,0.03204339808008089,1.0723146267379278e-57,0.0,0.008039999999999999,False,False,True,NORMAL,1.0,False
3.597,-0.00013144924334427275,-0.0019000775051470355,0.03242619601018192,9.702703981797402e-58,0.0,0.006949999999999999,False,True,True,NORMAL,1.0,False
3.598,-0.0001333330449327327,-0.0018674631838268882,0.03280112988560519,8.779369618856785e-58,0.0,0.006949999999999999,False,False,True,NORMAL,1.0,False
3.599,-0.00013518404605272657,-0.0018344778909491369,0.033168127198287184,7.94390213790972e-58,0.0,0.006949999999999999,False,False,True,NORMAL,1.0,False
3.6,-0.00013700187971282647,-0.0018011295985423366,0.03352711733319946,7.187939899596569e-58,0.0,0.006949999999999999,False,False,True,NORMAL,1.0,False
3.601,-0.00013878618692862352,-0.0017674263482981016,0.03387803158138745,6.503916979748614e-58,0.0,0.006949999999999999,False,False,True,NORMAL,1.0,False
3.602,-0.00014053661679143569,-0.0017333762496586991,0.034220803152561076,5.8849874470759714e-58,0.0,0.007025,False,True,True,NORMAL,1.0,False
3.603,-0.00014225282653509698,-0.0016989874778922762,0.03455536718723523,5.324956846786255e-58,0.0,0.007025,False,False,True,NORMAL,1.0,False
3.604,-0.00014393448160081602,-0.0016642682721561743,0.034881660768417866,4.8182202043989794e-58,0.0,0.007025,False,False,True,NORMAL,1.0,False
3.605,-0.00014558125570009216,-0.0016292269335487803,0.035199622932843906,4.359705929277066e-58,0.0,0.007025,False,False,True,NORMAL,1.0,False
3.606,-0.00014719283087567776,-0.0015938718231503727,0.03550919468175306,3.944825056443124e-58,0.0,0.007025,False,False,True,NORMAL,1.0,False
3.607,-0.0001487688975605761,-0.0015582113600534193,0.035810318991209754,3.5694253186755545e-58,0.0,0.008164999999999999,False,True,True,NORMAL,1.0,False
3.608,-0.00015030915463506452,-0.0015222540193827827,0.036102940821963685,3.2297495892225705e-58,0.0,0.008164999999999999,False,False,True,NORMAL,1.0,False
3.609,-0.0001518133094817329,-0.0014860083303062978,0.036387007128849354,2.9223982792148516e-58,0.0,0.008164999999999999,False,False,True,NORMAL,1.0,False
3.61,-0.00015328107803852807,-0.0014494828740361796,0.03666246686972308,2.6442953134374974e-58,0.0,0.008164999999999999,False,False,True,NORMAL,1.0,False
3.611,-0.0001547121848497952,-0.0014126862818217257,0.036929271013936504,2.3926573439353736e-58,0.0,0.008164999999999999,False,False,True,NORMAL,1.0,False
3.612,-0.00015610636311530785,-0.001375627232933778,0.03718737255034493,2.1649658933312603e-58,0.0,0.004185000000000003,False,True,True,NORMAL,1.0,False
3.613,-0.00015746335473727842,-0.0013383144526414098,0.03743672649484976,1.958942149057772e-58,0.0,0.004185000000000003,False,False,True,NORMAL,1.0,False
3.614,-0.0001587829103653417,-0.0013007567101813017,0.03767728989747384,1.7725241562352482e-58,0.0,0.004185000000000003,False,False,True,NORMAL,1.0,False
3.615,-0.00016006478943950435,-0.0012629628167202785,0.037909021848968896,1.60384618093427e-58,0.0,0.004185000000000003,False,False,True,NORMAL,1.0,False
3.616,-0.0001613087602310535,-0.0012249416233114712,0.03813188348695424,1.4512200372833991e-58,0.0,0.004185000000000003,False,False,True,NORMAL,1.0,False
3.617,-0.00016251459988141876,-0.001186702018844576,0.038345838001586086,1.3131181915375598e-58,0.0,0.005694999999999999,False,True,True,NORMAL,1.0,False
3.618,-0.00016368209443898166,-0.0011482529279906789,0.03855085064075689,1.1881584740068942e-58,0.0,0.005694999999999999,False,False,True,NORMAL,1.0,False
3.619,-0.0001648110388938272,-0.0011096033091421145,0.03874688871482429,1.0750902458379439e-58,0.0,0.005694999999999999,False,False,True,NORMAL,1.0,False
3.62,-0.00016590123721043335,-0.0010707621523478338,0.03893392160086925,9.7278188219965e-59,0.0,0.005694999999999999,False,False,True,NORMAL,1.0,False
3.621,-0.0001669525023582935,-0.0010317384772447478,0.03911192074648316,8.802094466016922e-59,0.0,0.005694999999999999,False,False,True,NORMAL,1.0,False
3.622,-0.00016796465634046862,-0.000992541330985519,0.039280859673083715,7.96446442993936e-59,0.0,0.00769,False,True,True,NORMAL,1.0,False
3.623,-0.0001689375302200657,-0.0009531797861632745,0.039440713978759694,7.206545430825571e-59,0.0,0.00769,False,False,True,NORMAL,1.0,False
3.624,-0.00016987096414463931,-0.0009136629387337087,0.0395914613406444,6.520751960587051e-59,0.0,0.00769,False,False,True,NORMAL,1.0,False
3.625,-0.00017076480736851447,-0.0008739999059350477,0.03973308151681833,5.900220367670509e-59,0.0,0.00769,False,False,True,NORMAL,1.0,False
3.626,-0.0001716189182730283,-0.0008341998242063475,0.03986555634774089,5.338740163326163e-59,0.0,0.00769,False,False,True,NORMAL,1.0,False
3.6270000000000002,-0.00017243316438468958,-0.0007942718471045948,0.039988869757212046,4.830691864948922e-59,0.0,0.005255000000000001,False,True,True,NORMAL,1.0,False
3.628,-0.00017320742239125488,-0.0007542251432210821,0.04010300775286397,4.370990754407696e-59,0.0,0.005255000000000001,False,False,True,NORMAL,1.0,False
3.629,-0.00017394157815572094,-0.0007140688940975242,0.0402079584261835,3.955035988477311e-59,0.0,0.005255000000000001,False,False,True,NORMAL,1.0,False
3.63,-0.00017463552672823316,-0.0006738122921423884,0.04030371195206604,3.5786645520531087e-59,0.0,0.005255000000000001,False,False,True,NORMAL,1.0,False
3.6310000000000002,-0.00017528917235591087,-0.0006334645385479035,0.0403902605879018,3.2381095932965484e-59,0.0,0.005255000000000001,False,False,True,NORMAL,1.0,False
3.632,-0.00017590242849058999,-0.0005930348412082165,0.04046759867219507,2.92996272371592e-59,0.0,0.007420000000000002,False,True,True,NORMAL,1.0,False
3.633,-0.00017647521779448467,-0.0005525324126391632,0.0405357226227178,2.6511399058687203e-59,0.0,0.007420000000000002,False,False,True,NORMAL,1.0,False
3.634,-0.00017700747214376982,-0.0005119664679001173,0.04059463093419839,2.3988505872783496e-59,0.0,0.007420000000000002,False,False,True,NORMAL,1.0,False
3.6350000000000002,-0.00017749913263008648,-0.0004713462225183826,0.04064432417554703,2.170569771646987e-59,0.0,0.007420000000000002,False,False,True,NORMAL,1.0,False
3.636,-0.00017795014955997323,-0.00043068089041659144,0.04068480498661886,1.9640127478439621e-59,0.0,0.007420000000000002,False,False,True,NORMAL,1.0,False
3.637,-0.00017836048245222665,-0.0003899796818435699,0.04071607807451635,1.7771122237488407e-59,0.0,0.00574,False,True,True,NORMAL,1.0,False
3.638,-0.0001787301000331946,-0.0003492518013091309,0.040738150209432486,1.6079976360970434e-59,0.0,0.00574,False,False,True,NORMAL,1.0,False
3.6390000000000002,-0.00017905898023000633,-0.00030850644552325284,0.0407510302200363,1.4549764292539752e-59,0.0,0.00574,False,False,True,NORMAL,1.0,False
3.64,-0.00017934711016174429,-0.0002677528013401008,0.04075472898840262,1.316517115549347e-59,0.0,0.00574,False,False,True,NORMAL,1.0,False
3.641,-0.0001795944861285625,-0.00022700004370734502,0.040749259444487575,1.1912339476338202e-59,0.0,0.00574,False,False,True,NORMAL,1.0,False
3.642,-0.00017980111359875708,-0.00018625733362123044,0.040734636560152186,1.0778730494537694e-59,0.0,0.007114999999999996,False,True,True,NORMAL,1.0,False
3.6430000000000002,-0.00017996700719379496,-0.00014553381608784765,0.04071087734273564,9.752998670382949e-60,0.0,0.007114999999999996,False,False,True,NORMAL,1.0,False
3.644,-0.00018009219067130708,-0.00010483861809105477,0.040678000828180676,8.824878135017453e-60,0.0,0.007114999999999996,False,False,True,NORMAL,1.0,False
3.645,-0.00018017669690605307,-6.418084656749709e-05,0.040636028073713186,7.985079946171186e-60,0.0,0.007114999999999996,False,False,True,NORMAL,1.0,False
3.646,-0.00018022056786886465,-2.3569586389169017e-05,0.040584982150078296,7.225199121304254e-60,0.0,0.007114999999999996,False,False,True,NORMAL,1.0,False
3.6470000000000002,-0.00018022385460357565,1.6986101646039387e-05,0.040524888133335456,6.537630517716624e-60,0.0,0.0048150000000000024,False,True,True,NORMAL,1.0,False
3.648,-0.00018018661720194655,5.747718281537136e-05,0.04045577309621491,5.915492717723804e-60,0.0,0.0048150000000000024,False,False,True,NORMAL,1.0,False
3.649,-0.00018010892477659257,9.789465046337077e-05,0.04037766609903827,5.352559157115727e-60,0.0,0.0048150000000000024,False,False,True,NORMAL,1.0,False
3.65,-0.00017999085543192418,0.0001382295279847531,0.04029059818020581,4.843195807609327e-60,0.0,0.0048150000000000024,False,False,True,NORMAL,1.0,False
3.6510000000000002,-0.00017983249623310942,0.00017847287079754832,0.0401946023462533,4.382304789599807e-60,0.0,0.0048150000000000024,False,False,True,NORMAL,1.0,False
3.652,-0.00017963394317306838,0.00021861576830608647,0.040089713561481256,3.9652733508681083e-60,0.0,0.008525,False,True,True,NORMAL,1.0,False
3.653,-0.00017939530113750962,0.00025864934585339997,0.03997596873715956,3.5879277006062967e-60,0.0,0.008525,False,False,True,NORMAL,1.0,False
3.654,-0.00017911668386802,0.0002985647666626196,0.03985340672031057,3.246491236716299e-60,0.0,0.008525,False,False,True,NORMAL,1.0,False
3.6550000000000002,-0.0001787982139232185,0.0003383532337669439,0.039722068282073746,2.937546748306745e-60,0.0,0.008525,False,False,True,NORMAL,1.0,False
3.656,-0.00017844002263798622,0.0003780059919277657,0.03958199610565525,2.6580022150978036e-60,0.0,0.008525,False,False,True,NORMAL,1.0,False
3.657,-0.00017804225008078404,0.00041751432954054173,0.039433234773865594,2.4050598614429576e-60,0.0,0.005850000000000001,False,True,True,NORMAL,1.0,False
3.658,-0.00017760504500907105,0.00045686958052799546,0.03927583075624899,2.1761881552499684e-60,0.0,0.005850000000000001,False,False,True,NORMAL,1.0,False
3.6590000000000003,-0.00017712856482283597,0.0004960631262202467,0.03910983239580772,1.969096471556819e-60,0.0,0.005850000000000001,False,False,True,NORMAL,1.0,False
3.66,-0.0001766129755162554,0.0005350863972214645,0.03893528989532527,1.7817121671871903e-60,0.0,0.005850000000000001,False,False,True,NORMAL,1.0,False
3.661,-0.00017605845162749215,0.000573930875262644,0.038752255303291766,1.612159837040911e-60,0.0,0.005850000000000001,False,False,True,NORMAL,1.0,False
3.662,-0.00017546517618664798,0.0006125880950401116,0.03856078249943563,1.458742544409371e-60,0.0,0.007464999999999996,False,True,True,NORMAL,1.0,False
3.6630000000000003,-0.0001748333406618851,0.0006510496460393663,0.03836092717986509,1.3199248374625815e-60,0.0,0.007464999999999996,False,False,True,NORMAL,1.0,False
3.664,-0.00017416314490373129,0.0006893071743438694,0.03815274684182374,1.1943173819311758e-60,0.0,0.007464999999999996,False,False,True,NORMAL,1.0,False
3.665,-0.00017345479708758406,0.0007273523844283982,0.03793630076806381,1.080663056182072e-60,0.0,0.007464999999999996,False,False,True,NORMAL,1.0,False
3.666,-0.00017270851365442914,0.0007651770409365834,0.03771165001084168,9.778243695226351e-61,0.0,0.007464999999999996,False,False,True,NORMAL,1.0,False
3.6670000000000003,-0.00017192451924978963,0.0008027729704422553,0.037478857375539285,8.847720778115011e-61,0.0,0.006265,False,True,True,NORMAL,1.0,False
3.668,-0.00017110304666092198,0.0008401320631942258,0.03723798740391611,8.005748824372697e-61,0.0,0.006265,False,False,True,NORMAL,1.0,False
3.669,-0.00017024433675227573,0.0008772462748441397,0.03698910635699583,7.24390109568981e-61,0.0,0.006265,False,False,True,NORMAL,1.0,False
3.67,-0.00016934863839923386,0.0009141076281570312,0.03673228219759207,6.554552763931826e-61,0.0,0.006265,False,False,True,NORMAL,1.0,False
3.6710000000000003,-0.00016841620842015148,0.0009507082147042287,0.03646758457247774,5.9308045992965355e-61,0.0,0.006265,False,False,True,NORMAL,1.0,False
3.672,-0.00016744731150671063,0.0009870401965382514,0.03619508479420252,5.3664139205032705e-61,0.0,0.003789999999999999,False,True,True,NORMAL,1.0,False
3.673,-0.0001664422201526092,0.00102309580784935,0.03591485582256305,4.85573211594041e-61,0.0,0.003789999999999999,False,False,True,NORMAL,1.0,False
3.674,-0.0001654012145806028,0.0010588673566033465,0.03562697224573061,4.393648110461807e-61,0.0,0.003789999999999999,False,False,True,NORMAL,1.0,False
3.6750000000000003,-0.00016432458266791805,0.0010943472261604305,0.035331510261040915,3.975537212028834e-61,0.0,0.003789999999999999,False,False,True,NORMAL,1.0,False
3.676,-0.00016321261987005696,0.0011295278768745807,0.035028547655450944,3.597214826238047e-61,0.0,0.003789999999999999,False,False,True,NORMAL,1.0,False
3.677,-0.00016206562914301167,0.0011644018476732769,0.03471816378566771,3.254894575493907e-61,0.0,0.004850000000000003,False,True,True,NORMAL,1.0,False
3.678,-0.00016088392086390936,0.00119896175761718,0.034400439557953834,2.9451504036691573e-61,0.0,0.004850000000000003,False,False,True,NORMAL,1.0,False
3.6790000000000003,-0.0001596678127501077,0.0012332003074394578,0.03407545740761504,2.664882286983564e-61,0.0,0.004850000000000003,False,False,True,NORMAL,1.0,False
3.68,-0.00015841762977676128,0.0012671102810644407,0.033743301278174626,2.411285207923971e-61,0.0,0.004850000000000003,False,False,True,NORMAL,1.0,False
3.681,-0.0001571337040928799,0.0013006845471052982,0.033404056600240026,2.1818210816862278e-61,0.0,0.004850000000000003,False,False,True,NORMAL,1.0,False
3.682,-0.00015581637493589966,0.00133391606034043,0.033057810270066774,1.974193354169391e-61,0.0,0.002785000000000001,False,True,True,NORMAL,1.0,False
3.6830000000000003,-0.00015446598854478862,0.0013667978631682722,0.03270465062782503,1.786324017290382e-61,0.0,0.002785000000000001,False,False,True,NORMAL,1.0,False
3.684,-0.0001530828980717084,0.0013993230870402227,0.03234466743557406,1.616332811580652e-61,0.0,0.002785000000000001,False,False,True,NORMAL,1.0,False
3.685,-0.000151667463492254,0.0014314849538713988,0.03197795185495005,1.4625184079174402e-61,0.0,0.002785000000000001,False,False,True,NORMAL,1.0,False
3.686,-0.00015022005151429395,0.0014632767774289393,0.03160459642457273,1.3233413800500787e-61,0.0,0.002785000000000001,False,False,True,NORMAL,1.0,False
3.6870000000000003,-0.00014874103548543382,0.0014946919646975777,0.03122469503717624,1.1974087975046566e-61,0.0,0.005425,False,True,True,NORMAL,1.0,False
3.688,-0.00014723079529912518,0.001525724017222208,0.030838342916469853,1.0834602846676566e-61,0.0,0.005425,False,False,True,NORMAL,1.0,False
3.689,-0.000145689717299444,0.001556366532427181,0.03044563659373413,9.803554065231882e-62,0.0,0.005425,False,False,True,NORMAL,1.0,False
3.69,-0.00014411819418456122,0.0015866132049120638,0.030046673884158177,8.87062254796035e-62,0.0,0.005425,False,False,True,NORMAL,1.0,False
3.6910000000000003,-0.00014251662490892967,0.0016164578277236131,0.02964155386292375,8.026471202668008e-62,0.0,0.005425,False,False,True,NORMAL,1.0,False
3.692,-0.00014088541458421084,0.0016458942936037053,0.029230376841041877,7.262651478962103e-62,0.0,0.0059749999999999985,False,True,True,NORMAL,1.0,False
3.693,-0.00013922497437896588,0.0016749165962129837,0.028813244340947848,6.571518812319112e-62,0.0,0.0059749999999999985,False,False,True,NORMAL,1.0,False
3.694,-0.00013753572141713528,0.0017035188313299819,0.028390259071860467,5.946156114713561e-62,0.0,0.0059749999999999985,False,False,True,NORMAL,1.0,False
3.6950000000000003,-0.00013581807867533166,0.0017316951980254902,0.027961524904911387,5.380304546076151e-62,0.0,0.0059749999999999985,False,False,True,NORMAL,1.0,False
3.696,-0.0001340724748789708,0.0017594399998119403,0.02752714684805052,4.86830087371868e-62,0.0,0.0059749999999999985,False,False,True,NORMAL,1.0,False
3.697,-0.00013229934439726575,0.0017867476457675848,0.027087231020733418,4.4050207927978165e-62,0.0,0.002470000000000001,False,True,True,NORMAL,1.0,False
3.698,-0.0001304991271371095,0.0018136126516352582,0.026641884628396752,3.9858276405498915e-62,0.0,0.002470000000000001,False,False,True,NORMAL,1.0,False
3.6990000000000003,-0.0001286722684358717,0.0018400296408955092,0.02619121593672787,3.6065259910115243e-62,0.0,0.002470000000000001,False,False,True,NORMAL,1.0,False
3.7,-0.00012681921895313516,0.0018659933458139036,0.025735334245734556,3.2633196657864476e-62,0.0,0.002470000000000001,False,False,True,NORMAL,1.0,False
3.701,-0.00012494043456139797,0.0018914986084622978,0.025274349863621096,2.9527737406161795e-62,0.0,0.002470000000000001,False,False,True,NORMAL,1.0,False
3.702,-0.0001230363762357675,0.0019165403817138953,0.024808374080476845,2.671780167503526e-62,0.0,0.002085000000000001,False,True,True,NORMAL,1.0,False
3.7030000000000003,-0.00012110750994267258,0.0019411137302118998,0.02433751914178348,2.417526668323574e-62,0.0,0.002085000000000001,False,False,True,NORMAL,1.0,False
3.704,-0.00011915430652762014,0.001965213831311589,0.02386189822174715,2.1874685885989783e-62,0.0,0.002085000000000001,False,False,True,NORMAL,1.0,False
3.705,-0.00011717724160202333,0.0019888359759956333,0.0233816253964618,1.979303429742664e-62,0.0,0.002085000000000001,False,False,True,NORMAL,1.0,False
3.706,-0.00011517679542912762,0.002011975569762498,0.02289681561690997,1.7909478048780712e-62,0.0,0.002085000000000001,False,False,True,NORMAL,1.0,False
3.7070000000000003,-0.0001131534528090621,0.002034628133487767,0.02240758468180732,1.6205165876030434e-62,0.0,0.0030749999999999974,False,True,True,NORMAL,1.0,False
3.708,-0.00011110770296304305,0.0020567893042582348,0.021914049210297333,1.4663040450111817e-62,0.0,0.0030749999999999974,False,False,True,NORMAL,1.0,False
3.709,-0.00010904003941675705,0.0020784548361786224,0.021416326614502403,1.326766766143601e-62,0.0,0.0030749999999999974,False,False,True,NORMAL,1.0,False
3.71,-0.0001069509598829512,0.0020996206011507737,0.02091453507193786,1.2005082150132956e-62,0.0,0.0030749999999999974,False,False,True,NORMAL,1.0,False
3.7110000000000003,-0.00010484096614325788,0.002120282589625201,0.02040879349779522,1.0862647536035889e-62,0.0,0.0030749999999999974,False,False,True,NORMAL,1.0,False
3.712,-0.0001027105639292819,0.0021404369113248506,0.019899221517101152,9.82892994954139e-63,0.0,0.0006649999999999994,False,True,True,NORMAL,1.0,False
3.713,-0.00010056026280297781,0.002160079795940969,0.019385939436758554,8.893583597599346e-63,0.0,0.0006649999999999994,False,False,True,NORMAL,1.0,False
3.714,-9.83905760363453e-05,0.002179207593800951,0.01886906821747627,8.047247219538753e-63,0.0,0.0006649999999999994,False,False,True,NORMAL,1.0,False
3.715,-9.620202049047086e-05,0.0021978167765080684,0.01834872944559384,7.281450396424499e-63,0.0,0.0006649999999999994,False,False,True,NORMAL,1.0,False
3.716,-9.399511649394383e-05,0.002215903937552971,0.017825045304807906,6.588528776257658e-63,0.0,0.0006649999999999994,False,False,True,NORMAL,1.0,False
3.717,-9.1770387720675e-05,0.0022334657928968684,0.017298138547806572,5.961547366564599e-63,0.0,0.0037500000000000003,False,True,True,NORMAL,1.0,False
3.718,-8.952836106714633e-05,0.0022504991815263027,0.01676813246781847,5.394231126661385e-63,0.0,0.0037500000000000003,False,False,True,NORMAL,1.0,False
3.719,-8.726956652912013e-05,0.0022670010659794305,0.016235150870082884,4.880902164937492e-63,0.0,0.0037500000000000003,False,False,True,NORMAL,1.0,False
3.72,-8.499453707783615e-05,0.0022829685328437386,0.015699318043247524,4.416422912608165e-63,0.0,0.0037500000000000003,False,False,True,NORMAL,1.0,False
3.721,-8.270380853572533e-05,0.0022983987932251224,0.015160758730700516,3.996144705199224e-63,0.0,0.0037500000000000003,False,False,True,NORMAL,1.0,False
3.722,-8.039791945166885e-05,0.002313289183188269,0.014619598101843089,3.6158612571505365e-63,0.0,-0.002335000000000001,False,True,True,NORMAL,1.0,False
3.723,-7.807741097583108e-05,0.0023276371641682827,0.014075961723309566,3.27176656389635e-63,0.0,-0.002335000000000001,False,False,True,NORMAL,1.0,False
3.724,-7.574282673409535e-05,0.0023414403233535104,0.013529975530141188,2.960416810092357e-63,0.0,-0.002335000000000001,False,False,True,NORMAL,1.0,False
3.725,-7.339471270213136e-05,0.002354696374039517,0.012981765796920277,2.6786959027542197e-63,0.0,-0.002335000000000001,False,False,True,NORMAL,1.0,False
3.726,-7.103361707912296e-05,0.002367403155954181,0.012431459108871393,2.4237842843516318e-63,0.0,-0.002335000000000001,False,False,True,NORMAL,1.0,False
3.727,-6.866009016118534e-05,0.0023795586355538742,0.011879182332935893,2.1931307137288666e-63,0.0,0.0009850000000000024,False,True,True,NORMAL,1.0,False
3.728,-6.627468421450054e-05,0.002391160906290709,0.011325062588826557,1.9844267324257887e-63,0.0,0.0009850000000000024,False,False,True,NORMAL,1.0,False
3.729,-6.387795334820008e-05,0.00240220818885083,0.010769227220068772,1.7955835608496865e-63,0.0,0.0009850000000000024,False,False,True,NORMAL,1.0,False
3.73,-6.147045338702393e-05,0.0024126988313637444,0.01021180376503477,1.6247111930670446e-63,0.0,0.0009850000000000024,False,False,True,NORMAL,1.0,False
3.731,-5.905274174378452e-05,0.002422631309582686,0.009652919927977488,1.470099480988908e-63,0.0,0.0009850000000000024,False,False,True,NORMAL,1.0,False
3.732,-5.662537729166485e-05,0.0024320042270360148,0.00909270355007057,1.3302010186340076e-63,0.0,0.0004299999999999994,False,True,True,NORMAL,1.0,False
3.733,-5.41889202363798e-05,0.002440816315149662,0.008531282580460962,1.2036156551695987e-63,0.0,0.0004299999999999994,False,False,True,NORMAL,1.0,False
3.734,-5.174393198822936e-05,0.0024490664333406387,0.007968785047340648,1.0890764817313195e-63,0.0,0.0004299999999999994,False,False,True,NORMAL,1.0,False
3.735,-4.929097503407285e-05,0.002456753569081626,0.0074053390290439525,9.85437151773454e-64,0.0,0.0004299999999999994,False,False,True,NORMAL,1.0,False
3.736,-4.6830612809253e-05,0.0024638768379366795,0.006841072625176905,8.91660408047402e-64,0.0,0.0004299999999999994,False,False,True,NORMAL,1.0,False
3.737,-4.436340956949875e-05,0.0024704354835680814,0.006276113927785096,8.068077013825013e-64,0.0,-0.0018099999999999987,False,True,True,NORMAL,1.0,False
3.738,-4.188993026283557e-05,0.0024764288777143826,0.005710590992566429,7.300297973704699e-64,0.0,-0.0018099999999999987,False,False,True,NORMAL,1.0,False
3.739,-3.941074040153221e-05,0.002481856520139683,0.005144631810135223,6.605582769420107e-64,0.0,-0.0018099999999999987,False,False,True,NORMAL,1.0,False
3.74,-3.692640593411242e-05,0.0024867180385542017,0.004578364277343993,5.9769784577049125e-64,0.0,-0.0018099999999999987,False,False,True,NORMAL,1.0,False
3.741,-3.443749311746053e-05,0.0024910131885062057,0.00401191616866931,5.4081937553262644e-64,0.0,-0.0018099999999999987,False,False,True,NORMAL,1.0,False
3.742,-3.1944568389049326e-05,0.002494741853245353,0.003445415107668069,4.893536073807617e-64,0.0,0.0006550000000000004,False,True,True,NORMAL,1.0,False
3.743,-2.9448198239318864e-05,0.002497904043557534,0.0028789885385104444,4.427854546089911e-64,0.0,0.0006550000000000004,False,False,True,NORMAL,1.0,False
3.744,-2.6948949084234678e-05,0.002500499897571286,0.0023127636975958737,4.00648847492278e-64,0.0,0.0006550000000000004,False,False,True,NORMAL,1.0,False
3.745,-2.4447387138053736e-05,0.0025025296805358675,0.00174686758525829,3.6252206870399573e-64,0.0,0.0006550000000000004,False,False,True,NORMAL,1.0,False
3.746,-2.1944078286326446e-05,0.002503993784571083,0.0011814269375668262,3.280235326271782e-64,0.0,0.0006550000000000004,False,False,True,NORMAL,1.0,False
3.747,-1.9439587959162942e-05,0.0025048927283889623,0.0006165681982282183,2.9680796631741028e-64,0.0,-0.001445,False,True,True,NORMAL,1.0,False
3.748,-1.69344810047917e-05,0.0025052271569873945,5.241749059704007e-05,2.6856295389514954e-64,0.0,-0.001445,False,False,True,NORMAL,1.0,False
3.749,-1.4429321563438509e-05,0.0025049978413158266,-0.000510899410200075,2.4300580978259755e-64,0.0,-0.001445,False,False,True,NORMAL,1.0,False
3.75,-1.1924672941553662e-05,0.002504205677913148,-0.0010732571050201482,2.1988074949142307e-64,0.0,-0.001445,False,False,True,NORMAL,1.0,False
3.751,-9.42109748641511e-06,0.0025028516885178824,-0.0016345305983334237,1.989563296456309e-64,0.0,-0.001445,False,False,True,NORMAL,1.0,False
3.7520000000000002,-6.9191564611352255e-06,0.002500937019650812,-0.0021945953257207925,1.800231316184639e-64,0.0,-0.0018650000000000001,False,True,True,NORMAL,1.0,False
3.753,-4.419409920098665e-06,0.0024984629421701795,-0.002753327181233069,1.628916656003986e-64,0.0,-0.0018650000000000001,False,False,True,NORMAL,1.0,False
3.754,-1.9224165848586848e-06,0.0024954308507995934,-0.003310602544606186,1.4739047412144158e-64,0.0,-0.0018650000000000001,False,False,True,NORMAL,1.0,False
3.755,5.712662794808628e-07,0.0024918422636288017,-0.0038662983083263967,1.333644160471411e-64,0.0,-0.0018650000000000001,False,False,True,NORMAL,1.0,False
3.7560000000000002,3.061082987370805e-06,0.0024876988215874717,-0.004420291904539638,1.2067311387396865e-64,0.0,-0.0018650000000000001,False,False,True,NORMAL,1.0,False
3.757,5.5464795553822726e-06,0.002483002287892143,-0.004972461331799226,1.091895487840811e-64,0.0,-0.0011850000000000003,False,True,True,NORMAL,1.0,False
3.758,8.026903824205929e-06,0.0024777545474665165,-0.005522685181646109,9.879878939829938e-65,0.0,-0.0011850000000000003,False,False,True,NORMAL,1.0,False
3.759,1.0501805580058234e-05,0.0024719576063352467,-0.006070842665015972,8.939684150423575e-65,0.0,-0.0011850000000000003,False,False,True,NORMAL,1.0,False
3.7600000000000002,1.2970636675468314e-05,0.00246561359099142,-0.0066168136384675,8.088960724726257e-65,0.0,-0.0011850000000000003,False,False,True,NORMAL,1.0,False
3.761,1.543285114941924e-05,0.002458724747737893,-0.007160478630226168,7.31919433675559e-65,0.0,-0.0011850000000000003,False,False,True,NORMAL,1.0,False
3.762,1.7887905346817646e-05,0.0024512934420026825,-0.007701718866037993,6.622680905773345e-65,0.0,-0.001465,False,True,True,NORMAL,1.0,False
3.763,2.0335258037265845e-05,0.0024433221576286002,-0.008240416294827715,5.9924494912560035e-65,0.0,-0.001465,False,False,True,NORMAL,1.0,False
3.7640000000000002,2.2774370533110775e-05,0.0024348134961373275,-0.008776453614155915,5.4221925253789816e-65,0.0,-0.001465,False,False,True,NORMAL,1.0,False
3.765,2.520470680674435e-05,0.0024257701759681383,-0.009309714295469685,4.906202684757796e-65,0.0,-0.001465,False,False,True,NORMAL,1.0,False
3.766,2.7625733607129905e-05,0.002416195031691473,-0.009840082609141439,4.439315769637337e-65,0.0,-0.001465,False,False,True,NORMAL,1.0,False
3.767,3.0036920575529782e-05,0.0024060910131975866,-0.01036744364929058,4.0168590188449666e-65,0.0,-0.0025699999999999994,False,True,True,NORMAL,1.0,False
3.7680000000000002,3.243774036040913e-05,0.0023954611848604817,-0.010891683358382776,3.634604343226137e-65,0.0,-0.0025699999999999994,False,False,True,NORMAL,1.0,False
3.769,3.482766873149144e-05,0.002384308724677357,-0.011412688551601609,3.2887260095070223e-65,0.0,-0.0025699999999999994,False,False,True,NORMAL,1.0,False
3.77,3.7206184692941316e-05,0.0023726369233838013,-0.011930346940987498,2.9757623510700386e-65,0.0,-0.0025699999999999994,False,False,True,NORMAL,1.0,False
3.771,3.957277059565047e-05,0.002360449183544966,-0.012444547159338803,2.69258112243083e-65,0.0,-0.0025699999999999994,False,False,True,NORMAL,1.0,False
3.7720000000000002,4.192691224860294e-05,0.0023477490186229566,-0.012955178783870099,2.436348150672678e-65,0.0,-0.00653,False,True,True,NORMAL,1.0,False
3.773,4.426809902929594e-05,0.0023345400520206915,-0.013462132359622623,2.204498970091351e-65,0.0,-0.00653,False,False,True,NORMAL,1.0,False
3.774,4.659582399319284e-05,0.002320826016102475,-0.0139652994226221,1.99471315616039e-65,0.0,-0.00653,False,False,True,NORMAL,1.0,False
3.775,4.890958398218531e-05,0.00230661075119154,-0.014464572522779003,1.804891101942527e-65,0.0,-0.00653,False,False,True,NORMAL,1.0,False
3.7760000000000002,5.120887973204145e-05,0.002291898204544824,-0.01495984524652656,1.633133004517754e-65,0.0,-0.00653,False,False,True,NORMAL,1.0,False
3.777,5.349321597881753e-05,0.0022766924293052358,-0.015451012239191798,1.4777198511171535e-65,0.0,-0.006544999999999999,False,True,True,NORMAL,1.0,False
3.778,5.5762101564210823e-05,0.002260997583431692,-0.015937969227094975,1.3370962146653277e-65,0.0,-0.006544999999999999,False,False,True,NORMAL,1.0,False
3.779,5.801504953983145e-05,0.0022448179286071878,-0.016420613039372856,1.2098546865434303e-65,0.0,-0.006544999999999999,False,False,True,NORMAL,1.0,False
3.7800000000000002,6.0251577270371454e-05,0.0022281578291251844,-0.016898841629521353,1.0947217907706626e-65,0.0,-0.006544999999999999,False,False,True,NORMAL,1.0,False
3.781,6.247120653564954e-05,0.0022110217507545988,-0.01737255409665304,9.905452386286283e-66,0.0,-0.006544999999999999,False,False,True,NORMAL,1.0,False
3.782,6.467346363151019e-05,0.0021934142595836778,-0.017841650706465307,8.962823961685414e-66,0.0,-0.006455000000000001,False,True,True,NORMAL,1.0,False
3.783,6.685787946955628e-05,0.002175340020843052,-0.018306032911914738,8.10989849180226e-66,0.0,-0.006455000000000001,False,False,True,NORMAL,1.0,False
3.7840000000000003,6.90239896756944e-05,0.0021568037977082633,-0.018765603373593634,7.338139611856078e-66,0.0,-0.006455000000000001,False,False,True,NORMAL,1.0,False
3.785,7.117133468747261e-05,0.0021378104500820658,-0.019220265979804436,6.639823299579252e-66,0.0,-0.006455000000000001,False,False,True,NORMAL,1.0,False
3.786,7.329945985019044e-05,0.0021183649333568065,-0.01966992586632806,6.007960570606295e-66,0.0,-0.006455000000000001,False,False,True,NORMAL,1.0,False
3.787,7.540791551176155e-05,0.002098472297157192,-0.02011448943588214,5.43622753036925e-66,0.0,-0.0043349999999999994,False,True,True,NORMAL,1.0,False
3.7880000000000003,7.74962571163094e-05,0.0020781376840637526,-0.020553864377265245,4.918902082435313e-66,0.0,-0.0043349999999999994,False,False,True,NORMAL,1.0,False
3.789,7.956404529647683e-05,0.002057366328317322,-0.02098795968418327,4.450806659842473e-66,0.0,-0.0043349999999999994,False,False,True,NORMAL,1.0,False
3.79,8.161084596443088e-05,0.0020361635545048497,-0.02141668567375422,4.0272564062691163e-66,0.0,-0.0043349999999999994,False,False,True,NORMAL,1.0,False
3.791,8.363623040154414e-05,0.002014534776226874,-0.021839954004687745,3.6440122884173246e-66,0.0,-0.0043349999999999994,False,False,True,NORMAL,1.0,False
3.7920000000000003,8.563977534673453e-05,0.0019924854947469756,-0.02225767769513573,3.29723867034284e-66,0.0,-0.0032400000000000016,False,True,True,NORMAL,1.0,False
3.793,8.76210630834457e-05,0.0019700212976235484,-0.022669771140210605,2.983464925121336e-66,0.0,-0.0032400000000000016,False,False,True,NORMAL,1.0,False
3.794,8.95796815252505e-05,0.001947147857324221,-0.023076150129167694,2.699550699647637e-66,0.0,-0.0032400000000000016,False,False,True,NORMAL,1.0,False
3.795,9.15152243000603e-05,0.0019238709298232625,-0.02347673186224846,2.442654484926336e-66,0.0,-0.0032400000000000016,False,False,True,NORMAL,1.0,False
3.7960000000000003,9.342729083292339e-05,0.0019001963531823176,-0.02387143496718124,2.2102051772947025e-66,0.0,-0.0032400000000000016,False,False,True,NORMAL,1.0,False
3.797,9.531548642739589e-05,0.001876130046114814,-0.024260179515336294,1.9998763459530488e-66,0.0,-0.004994999999999997,False,True,True,NORMAL,1.0,False
3.798,9.717942234546905e-05,0.001851678006534387,-0.024642887037532115,1.8095629492633461e-66,0.0,-0.004994999999999997,False,False,True,NORMAL,1.0,False
3.799,9.90187158860372e-05,0.0018268463100876758,-0.02501948053948988,1.6373602667849822e-66,0.0,-0.004994999999999997,False,False,True,NORMAL,1.0,False
3.8000000000000003,0.00010083299046189071,0.00180164110867184,-0.02538988451693317,1.4815448361923933e-66,0.0,-0.004994999999999997,False,False,True,NORMAL,1.0,False
3.801,0.00010262187567521908,0.0017760686289371573,-0.02575402497033003,1.3405572042848337e-66,0.0,-0.004994999999999997,False,False,True,NORMAL,1.0,False
3.802,0.00010438500739160924,0.0017501351707750576,-0.026111829419274667,1.2129863194545933e-66,0.0,-0.007510000000000001,False,True,True,NORMAL,1.0,False
3.803,0.00010612202781252481,0.001723847105791957,-0.02646322691650602,1.0975554094082358e-66,0.0,-0.007510000000000001,False,False,True,NORMAL,1.0,False
3.8040000000000003,0.0001078325855462522,0.0016972108757692564,-0.026808148061560625,9.931092028003486e-67,0.0,-0.007510000000000001,False,False,True,NORMAL,1.0,False
3.805,0.0001095163356773,0.0016702329911098708,-0.027146525014057305,8.986023668896175e-67,0.0,-0.007510000000000001,False,False,True,NORMAL,1.0,False
3.806,0.00011117293983423826,0.0016429200292716589,-0.027478291506611092,8.130890454974035e-67,0.0,-0.007510000000000001,False,False,True,NORMAL,1.0,False
3.807,0.00011280206625596485,0.0016152786331881247,-0.027803382857374277,7.357133925611934e-67,0.0,-0.00618,False,True,True,NORMAL,1.0,False
3.8080000000000003,0.00011440338985638626,0.0015873155096767673,-0.028121735982202058,6.657010065395466e-67,0.0,-0.00618,False,False,True,NORMAL,1.0,False
3.809,0.0001159765922875008,0.001559037427835451,-0.02843328940644086,6.023511799411827e-67,0.0,-0.00618,False,False,True,NORMAL,1.0,False
3.81,0.00011752136200087227,0.0015304512174271789,-0.028737983276337028,5.450298864088934e-67,0.0,-0.00618,False,False,True,NORMAL,1.0,False
3.811,0.00011903739430748283,0.0015015637672536467,-0.029035759370064102,4.931634351706554e-67,0.0,-0.00618,False,False,True,NORMAL,1.0,False
3.8120000000000003,0.0001205243914359539,0.0014723820235179625,-0.029326561108366574,4.462327293495602e-67,0.0,-0.006529999999999999,False,True,True,NORMAL,1.0,False
3.813,0.00012198206258912458,0.0014429129881769137,-0.029610333564818396,4.0376807066779515e-67,0.0,-0.006529999999999999,False,False,True,NORMAL,1.0,False
3.814,0.0001234101239989773,0.0014131637172831698,-0.02988702347569465,3.653444585484086e-67,0.0,-0.006529999999999999,False,False,True,NORMAL,1.0,False
3.815,0.00012480829897990064,0.0013831413193178068,-0.030156579249454352,3.305773365666877e-67,0.0,-0.006529999999999999,False,False,True,NORMAL,1.0,False
3.8160000000000003,0.00012617631798028024,0.0013528529535135453,-0.030418950975833376,2.991187436802061e-67,0.0,-0.006529999999999999,False,False,True,NORMAL,1.0,False
3.817,0.00012751391863240823,0.0013223058281690893,-0.030674090434545487,2.7065383171775765e-67,0.0,-0.007979999999999996,False,True,True,NORMAL,1.0,False
3.818,0.00012882084580070292,0.001291507198954962,-0.030921951103590598,2.448977142730349e-67,0.0,-0.007979999999999996,False,False,True,NORMAL,1.0,False
3.819,0.00013009685162823008,0.0012604643672112302,-0.03116248816716861,2.2159261546572107e-67,0.0,-0.007979999999999996,False,False,True,NORMAL,1.0,False
3.8200000000000003,0.00013134169558151813,0.0012291846782375108,-0.031395658523197846,2.005052900338383e-67,0.0,-0.007979999999999996,False,False,True,NORMAL,1.0,False
3.821,0.0001325551444936596,0.0011976755195756599,-0.0316214207904369,1.8142468893676943e-67,0.0,-0.007979999999999996,False,False,True,NORMAL,1.0,False
3.822,0.0001337369726056919,0.001165944319285536,-0.03183973531520898,1.6415984710552356e-67,0.0,-0.007095,False,True,True,NORMAL,1.0,False
3.823,0.00013488696160625032,0.00113399854421424,-0.032050564177727676,1.4853797220013982e-67,0.0,-0.007095,False,False,True,NORMAL,1.0,False
3.8240000000000003,0.00013600490066948749,0.0011018456982592277,-0.032253871198023525,1.3440271524587165e-67,0.0,-0.007095,False,False,True,NORMAL,1.0,False
3.825,0.00013709058649125276,0.0010694933206256967,-0.03244962194147041,1.216126058400968e-67,0.0,-0.007095,False,False,True,NORMAL,1.0,False
3.826,0.00013814382332352648,0.0010369489840786463,-0.03263778372391143,1.1003963626897804e-67,0.0,-0.007095,False,False,True,NORMAL,1.0,False
3.827,0.00013916442300710373,0.0010042202931900132,-0.032818325616383356,9.956798036323821e-68,0.0,-0.0068600000000000015,False,True,True,NORMAL,1.0,False
3.8280000000000003,0.0001401522050025229,0.0009713148825812823,-0.03299121844943957,9.009283427092758e-68,0.0,-0.0068600000000000015,False,False,True,NORMAL,1.0,False
3.829,0.00014110699641923483,0.0009382404151619765,-0.033156434817070805,8.15193675452477e-68,0.0,-0.0068600000000000015,False,False,True,NORMAL,1.0,False
3.83,0.00014202863204300858,0.0009050045803644265,-0.033313949080223566,7.376177404956633e-68,0.0,-0.0068600000000000015,False,False,True,NORMAL,1.0,False
3.831,0.00014291695436157012,0.0008716150923752234,-0.03346373736991611,6.674241318076144e-68,0.0,-0.0068600000000000015,False,False,True,NORMAL,1.0,False
3.8320000000000003,0.00014377181358847117,0.000838079688363757,-0.033605777589951646,6.039103281596938e-68,0.0,-0.004905000000000001,False,True,True,NORMAL,1.0,False
3.833,0.00014459306768518516,0.0008044061267082418,-0.03374004941922902,5.464406620572663e-68,0.0,-0.004905000000000001,False,False,True,NORMAL,1.0,False
3.834,0.00014538058238142818,0.0007706021852196339,-0.03386653431365079,4.944399577657571e-68,0.0,-0.004905000000000001,False,False,True,NORMAL,1.0,False
3.835,0.00014613423119370298,0.0007366756593638408,-0.03398521550762893,4.473877747585766e-68,0.0,-0.004905000000000001,False,False,True,NORMAL,1.0,False
3.8360000000000003,0.00014685389544206445,0.0007026343604826267,-0.03409607801518844,4.048131989734038e-68,0.0,-0.004905000000000001,False,False,True,NORMAL,1.0,False
3.837,0.0001475394642651055,0.0006684861140136151,-0.03419910863066916,3.6629012974597184e-68,0.0,-0.007895,False,True,True,NORMAL,1.0,False
3.838,0.00014819083463316272,0.0006342387577097906,-0.034294295929026296,3.3143301525140177e-68,0.0,-0.007895,False,False,True,NORMAL,1.0,False
3.839,0.00014880791135974148,0.0005999001398588996,-0.034381630265730184,2.9989299377195117e-68,0.0,-0.007895,False,False,True,NORMAL,1.0,False
3.84,0.00014939060711116045,0.0005654781175031528,-0.03446110377626583,2.713544021716864e-68,0.0,-0.007895,False,False,True,NORMAL,1.0,False
3.841,0.00014993884241441615,0.0005309805546596268,-0.03453271037523307,2.4553161663372007e-68,0.0,-0.007895,False,False,True,NORMAL,1.0,False
3.842,0.0001504525456632686,0.0004964153205417653,-0.03459644575504808,2.2216619404105032e-68,0.0,-0.004395000000000003,False,True,True,NORMAL,1.0,False
3.843,0.00015093165312254884,0.00046179028778237785,-0.03465230738424705,2.0102428539097995e-68,0.0,-0.004395000000000003,False,False,True,NORMAL,1.0,False
3.844,0.0001513761089306908,0.0004271133306585336,-0.03470029450539323,1.8189429535569816e-68,0.0,-0.004395000000000003,False,False,True,NORMAL,1.0,False
3.845,0.00015178586510048876,0.0003923923233187454,-0.034740408132588094,1.6458476456512016e-68,0.0,-0.004395000000000003,False,False,True,NORMAL,1.0,False
3.846,0.00015216088151808355,0.00035763513801284044,-0.03477265104858806,1.489224534171596e-68,0.0,-0.004395000000000003,False,False,True,NORMAL,1.0,False
3.847,0.0001525011259401801,0.0003228496433249109,-0.03479702780152789,1.3475060823756315e-68,0.0,-0.005355,False,True,True,NORMAL,1.0,False
3.848,0.00015280657398949955,0.00028804370240973745,-0.034813544701252,1.2192739243645174e-68,0.0,-0.005355,False,False,True,NORMAL,1.0,False
3.849,0.00015307720914846984,0.00025322517123307653,-0.03482220981525533,1.1032446696005617e-68,0.0,-0.005355,False,False,True,NORMAL,1.0,False
3.85,0.00015331302275115843,0.0002184018968162018,-0.034823032964234946,9.982570583033074e-69,0.0,-0.005355,False,False,True,NORMAL,1.0,False
3.851,0.0001535140139734522,0.00018358171548508748,-0.034816025717254374,9.032603391713369e-69,0.0,-0.005355,False,False,True,NORMAL,1.0,False
3.852,0.0001536801898214886,0.00014877245112462076,-0.03480120138652187,8.173037531100776e-69,0.0,-0.004254999999999997,False,True,True,NORMAL,1.0,False
3.853,0.00015381156511834416,0.00011398191343822797,-0.03477857502178478,7.395270177152219e-69,0.0,-0.004254999999999997,False,False,True,NORMAL,1.0,False
3.854,0.000153908162488985,7.921789621329766e-05,-0.03474816340434157,6.691517172772747e-69,0.0,-0.004254999999999997,False,False,True,NORMAL,1.0,False
3.855,0.00015397001234348628,4.4488175592782005e-05,-0.03470998504067359,6.054735121354976e-69,0.0,-0.004254999999999997,False,False,True,NORMAL,1.0,False
3.856,0.00015399715285852606,9.800508353355837e-06,-0.034664060155698395,5.478550894098478e-69,0.0,-0.004254999999999997,False,False,True,NORMAL,1.0,False
3.857,0.00015398962995716116,-2.483736980948951e-05,-0.034610410685647026,4.957197845594665e-69,0.0,-0.00769,False,True,True,NORMAL,1.0,False
3.858,0.0001539474972868915,-5.9417745989042204e-05,-0.03454906027056703,4.4854580993012976e-69,0.0,-0.00769,False,False,True,NORMAL,1.0,False
3.859,0.00015387081619602062,-9.393293176728303e-05,-0.03448003424645372,4.0586103252802684e-69,0.0,-0.00769,False,False,True,NORMAL,1.0,False
3.86,0.0001537596557083205,-0.0001283752649067447,-0.034403359637011986,3.672382487540684e-69,0.0,-0.00769,False,False,True,NORMAL,1.0,False
3.861,0.0001536140924960085,-0.00016273711103394922,-0.03431906514505099,3.3229090880667866e-69,0.0,-0.00769,False,False,True,NORMAL,1.0,False
3.862,0.0001534342108510453,-0.00019701086531405754,-0.034227181143514106,3.006692479614576e-69,0.0,-0.004155000000000004,False,True,True,NORMAL,1.0,False
3.863,0.00015322010265476278,-0.00023118895411636776,-0.03412773966614708,2.72056786008259e-69,0.0,-0.004155000000000004,False,False,True,NORMAL,1.0,False
3.864,0.00015297186734583102,-0.00026526383667030174,-0.03402077439780653,2.461671598108746e-69,0.0,-0.004155000000000004,False,False,True,NORMAL,1.0,False
3.865,0.00015268961188657433,-0.0002992280067115214,-0.03390632066441194,2.227412572885172e-69,0.0,-0.004155000000000004,False,False,True,NORMAL,1.0,False
3.866,0.00015237345072764615,-0.0003330739941178201,-0.03378441542254365,2.0154462413502525e-69,0.0,-0.004155000000000004,False,False,True,NORMAL,1.0,False
3.867,0.00015202350577107345,-0.00036679436653443614,-0.033655097248689876,1.8236511732136417e-69,0.0,-0.004804999999999995,False,True,True,NORMAL,1.0,False
3.868,0.00015163990633168105,-0.0004003817309884388,-0.03351840632814558,1.65010781896888e-69,0.0,-0.004804999999999995,False,False,True,NORMAL,1.0,False
3.869,0.00015122278909690737,-0.0004338287354918408,-0.0333743844435664,1.49307929839675e-69,0.0,-0.004804999999999995,False,False,True,NORMAL,1.0,False
3.87,0.00015077229808502273,-0.0004671280706330933,-0.03322307496318047,1.3509940172842572e-69,0.0,-0.004804999999999995,False,False,True,NORMAL,1.0,False
3.871,0.00015028858460176212,-0.0005002724711566229,-0.03306452282866154,1.2224299383815158e-69,0.0,-0.004804999999999995,False,False,True,NORMAL,1.0,False
3.872,0.00014977180719538458,-0.0005332547175300739,-0.032898774542666424,1.1061003491749878e-69,0.0,-0.0050100000000000006,False,True,True,NORMAL,1.0,False
3.873,0.00014922213161017156,-0.0005660676374989217,-0.03272587815604022,1.0008409840361692e-69,0.0,-0.0050100000000000006,False,False,True,NORMAL,1.0,False
3.874,0.0001486397307383773,-0.000598704107628126,-0.0325458832546927,9.055983718598564e-70,0.0,-0.0050100000000000006,False,False,True,NORMAL,1.0,False
3.875,0.00014802478457064388,-0.0006311570548304985,-0.032358840946149124,8.194192925712412e-70,0.0,-0.0050100000000000006,False,False,True,NORMAL,1.0,False
3.876,0.00014737748014489495,-0.0006634194578814591,-0.032164803845779175,7.414412369790144e-70,0.0,-0.0050100000000000006,False,False,True,NORMAL,1.0,False
3.8770000000000002,0.00014669801149372149,-0.0006954843489198624,-0.03196382606270754,6.708837744934794e-70,0.0,-0.003875000000000003,False,True,True,NORMAL,1.0,False
3.878,0.00014598657959027388,-0.0007273448149345761,-0.03175596318540976,6.070407423148988e-70,0.0,-0.003875000000000003,False,False,True,NORMAL,1.0,False
3.879,0.0001452433922926747,-0.0007589939992365005,-0.03154127226699706,5.492731779188453e-70,0.0,-0.003875000000000003,False,False,True,NORMAL,1.0,False
3.88,0.00014446866428696682,-0.0007904251029157185,-0.03131981181019396,4.970029241044942e-70,0.0,-0.003875000000000003,False,False,True,NORMAL,1.0,False
3.8810000000000002,0.00014366261702861198,-0.0008216313862834707,-0.031091641752012487,4.497068426030325e-70,0.0,-0.003875000000000003,False,False,True,NORMAL,1.0,False
3.882,0.00014282547868255504,-0.0008526061702986553,-0.0308568234481269,4.069115783340316e-70,0.0,-0.005349999999999999,False,True,True,NORMAL,1.0,False
3.883,0.00014195748406186967,-0.0008833428379785545,-0.030615419656952844,3.681888219087022e-70,0.0,-0.005349999999999999,False,False,True,NORMAL,1.0,False
3.884,0.00014105887456500134,-0.0009138348357934935,-0.03036749452343506,3.3315102296557184e-70,0.0,-0.005349999999999999,False,False,True,NORMAL,1.0,False
3.8850000000000002,0.0001401298981116236,-0.0009440756750451441,-0.030113113562547596,3.0144751143620665e-70,0.0,-0.005349999999999999,False,False,True,NORMAL,1.0,False
3.886,0.00013917080907712467,-0.0009740589332281851,-0.02985234364251077,2.727609879213026e-70,0.0,-0.005349999999999999,False,False,True,NORMAL,1.0,False
3.887,0.00013818186822574049,-0.0010037782553750413,-0.029585252967729046,2.4680434805164897e-70,0.0,-0.004009999999999996,False,True,True,NORMAL,1.0,False
3.888,0.0001371633426423519,-0.0010332273553834213,-0.029311911061454043,2.2331780905110234e-70,0.0,-0.004009999999999996,False,False,True,NORMAL,1.0,False
3.8890000000000002,0.00013611550566296275,-0.001062400017326384,-0.02903238874817704,2.0206630974324687e-70,0.0,-0.004009999999999996,False,False,True,NORMAL,1.0,False
3.89,0.00013503863680387697,-0.0010912900967446628,-0.028746758135755324,1.8283715798013395e-70,0.0,-0.004009999999999996,False,False,True,NORMAL,1.0,False
3.891,0.00013393302168959216,-0.0011198915219209854,-0.028455092597276754,1.6543790194777724e-70,0.0,-0.004009999999999996,False,False,True,NORMAL,1.0,False
3.892,0.00013279895197942812,-0.00114819829513613,-0.028157466752667133,1.49694404043713e-70,0.0,-0.0013950000000000021,False,True,True,NORMAL,1.0,False
3.8930000000000002,0.00013163672529290836,-0.0011762044939064608,-0.027853956450044688,1.3544909804934497e-70,0.0,-0.0013950000000000021,False,False,True,NORMAL,1.0,False
3.894,0.00013044664513391367,-0.0012039042722026944,-0.027544638746826534,1.2255941215426882e-70,0.0,-0.0013950000000000021,False,False,True,NORMAL,1.0,False
3.895,0.00012922902081362623,-0.00123129186164965,-0.027229591890591428,1.108963420496736e-70,0.0,-0.0013950000000000021,False,False,True,NORMAL,1.0,False
3.896,0.0001279841673722837,-0.001258361572706743,-0.026908895299703715,1.0034315980985926e-70,0.0,-0.0013950000000000021,False,False,True,NORMAL,1.0,False
3.8970000000000002,0.00012671240549976236,-0.0012851077958289845,-0.026582629543703055,9.079424563992272e-71,0.0,-0.0039650000000000015,False,True,True,NORMAL,1.0,False
3.898,0.00012541406145500947,-0.0013115250026082554,-0.026250876323464747,8.215403079735035e-71,0.0,-0.0039650000000000015,False,False,True,NORMAL,1.0,False
3.899,0.0001240894669843438,-0.0013376077468946295,-0.02591371845113541,7.433604110792118e-71,0.0,-0.0039650000000000015,False,False,True,NORMAL,1.0,False
3.9,0.0001227389592386453,-0.0013633506658975196,-0.025571239829848914,6.726203150310635e-71,0.0,-0.0039650000000000015,False,False,True,NORMAL,1.0,False
3.9010000000000002,0.00012136288068945374,-0.0013887484812664338,-0.025223525433227444,6.086120291712412e-71,0.0,-0.0039650000000000015,False,False,True,NORMAL,1.0,False
3.902,0.00011996157904399667,-0.0014137960001511262,-0.02487066128467256,5.5069493706093196e-71,0.0,-0.002519999999999998,False,True,True,NORMAL,1.0,False
3.903,0.00011853540715916785,-0.0014384881162409367,-0.024512734436451362,4.982893849756889e-71,0.0,-0.002519999999999998,False,False,True,NORMAL,1.0,False
3.904,0.00011708472295447673,-0.0014628198107831155,-0.02414983294858259,4.508708805361286e-71,0.0,-0.002519999999999998,False,False,True,NORMAL,1.0,False
3.9050000000000002,0.00011560988932399019,-0.0014867861535799369,-0.023782045867527888,4.079648434119102e-71,0.0,-0.002519999999999998,False,False,True,NORMAL,1.0,False
3.906,0.0001141112740472879,-0.0015103823039644081,-0.023409463204693164,3.691418555622773e-71,0.0,-0.002519999999999998,False,False,True,NORMAL,1.0,False
3.907,0.00011258924969945269,-0.001533603511754387,-0.02303217591474527,3.3401336347597414e-71,0.0,-0.0006250000000000023,False,True,True,NORMAL,1.0,False
3.908,0.00011104419356011768,-0.0015564451181849272,-0.022650275873749088,3.022277893971069e-71,0.0,-0.0006250000000000023,False,False,True,NORMAL,1.0,False
3.9090000000000003,0.00010947648752159214,-0.0015789025568186702,-0.022263855857130227,2.7346701261679394e-71,0.0,-0.0006250000000000023,False,False,True,NORMAL,1.0,False
3.91,0.00010788651799608784,-0.0016009713544341184,-0.021873009517468584,2.47443185614187e-71,0.0,-0.0006250000000000023,False,False,True,NORMAL,1.0,False
3.911,0.00010627467582206837,-0.0016226471318916164,-0.02147783136212796,2.2389585318173364e-71,0.0,-0.0006250000000000023,False,False,True,NORMAL,1.0,False
3.912,0.00010464135616974363,-0.001643925604976884,-0.02107841673072699,2.0258934570191812e-71,0.0,-0.0012699999999999994,False,True,True,NORMAL,1.0,False
3.9130000000000003,0.0001029869584457321,-0.0016648025852219425,-0.02067486177245681,1.8331042048651802e-71,0.0,-0.0012699999999999994,False,False,True,NORMAL,1.0,False
3.914,0.00010131188619691359,-0.0016852739807032837,-0.02026726342325063,1.6586612757210702e-71,0.0,-0.0012699999999999994,False,False,True,NORMAL,1.0,False
3.915,9.961654701349519e-05,-0.0017053357968171373,-0.019855719382810715,1.500818786119684e-71,0.0,-0.0012699999999999994,False,False,True,NORMAL,1.0,False
3.916,9.790135243131349e-05,-0.0017249841370316963,-0.01944032809149799,1.3579969953723977e-71,0.0,-0.0012699999999999994,False,False,True,NORMAL,1.0,False
3.9170000000000003,9.616671783339616e-05,-0.0017442152036161644,-0.01902118870708989,1.2287664949933512e-71,0.0,-0.0006800000000000005,False,True,True,NORMAL,1.0,False
3.918,9.441306235080614e-05,-0.0017630252983464995,-0.01859840108141163,1.1118339026988796e-71,0.0,-0.0006800000000000005,False,False,True,NORMAL,1.0,False
3.919,9.264080876279176e-05,-0.0017814108231877263,-0.018172065736846557,1.0060289178028985e-71,0.0,-0.0006800000000000005,False,False,True,NORMAL,1.0,False
3.92,9.085038339626631e-05,-0.0017993682809527007,-0.01774228384273087,9.102926084542851e-72,0.0,-0.0006800000000000005,False,False,True,NORMAL,1.0,False
3.9210000000000003,8.90422160246407e-05,-0.0018168942759372144,-0.017309157191638332,8.23666813490994e-72,0.0,-0.0006800000000000005,False,False,True,NORMAL,1.0,False
3.922,8.721673976603285e-05,-0.0018339855145313305,-0.016872788175560392,7.452845528410972e-72,0.0,0.0004950000000000011,False,True,True,NORMAL,1.0,False
3.923,8.537439098087773e-05,-0.0018506388058068507,-0.016433279761987215,6.74361350494823e-72,0.0,0.0004950000000000011,False,False,True,NORMAL,1.0,False
3.924,8.351560916896182e-05,-0.0018668510620808141,-0.015990735469895188,6.101873832049784e-72,0.0,0.0004950000000000011,False,False,True,NORMAL,1.0,False
3.9250000000000003,8.164083686590617e-05,-0.0018826192994549416,-0.015545259345646479,5.521203763373112e-72,0.0,0.0004950000000000011,False,False,True,NORMAL,1.0,False
3.926,7.975051953912208e-05,-0.0018979406383309355,-0.015096955938806065,4.99579175770095e-72,0.0,0.0004950000000000011,False,False,True,NORMAL,1.0,False
3.927,7.784510548326349e-05,-0.0019128123039015596,-0.014645930277881946,4.5203793150834555e-72,0.0,-0.0018000000000000021,False,True,True,NORMAL,1.0,False
3.928,7.592504571520058e-05,-0.001927231626617422,-0.014192287845993998,4.090208348003273e-72,0.0,-0.0018000000000000021,False,False,True,NORMAL,1.0,False
3.9290000000000003,7.399079386853859e-05,-0.0019411960426293938,-0.013736134556477092,3.700973560836409e-72,0.0,-0.0018000000000000021,False,False,True,NORMAL,1.0,False
3.93,7.204280608770662e-05,-0.0019547030942066003,-0.013277576728424088,3.348779361006567e-72,0.0,-0.0018000000000000021,False,False,True,NORMAL,1.0,False
3.931,7.008154092164052e-05,-0.001967750430129927,-0.012816721062174226,3.0301008705852925e-72,0.0,-0.0018000000000000021,False,False,True,NORMAL,1.0,False
3.932,6.810745921708461e-05,-0.0019803358060609916,-0.012353674614752548,2.7417486481289093e-72,0.0,-0.0016949999999999988,False,True,True,NORMAL,1.0,False
3.9330000000000003,6.61210240115367e-05,-0.0019924570848865284,-0.011888544775265965,2.480836767676545e-72,0.0,-0.0016949999999999988,False,False,True,NORMAL,1.0,False
3.934,6.412270042586104e-05,-0.0020041122370381536,-0.011421439240261502,2.2447539354331203e-72,0.0,-0.0016949999999999988,False,False,True,NORMAL,1.0,False
3.935,6.211295555659386e-05,-0.0020152993407874715,-0.010952465989052411,2.0311373550633635e-72,0.0,-0.0016949999999999988,False,False,True,NORMAL,1.0,False
3.936,6.0092258367966067e-05,-0.0020260165825164915,-0.010481733259017629,1.837849080031922e-72,0.0,-0.0016949999999999988,False,False,True,NORMAL,1.0,False
3.9370000000000003,5.8061079583667956e-05,-0.0020362622569633343,-0.010009349520880288,1.6629546163158477e-72,0.0,0.0011599999999999991,False,True,True,NORMAL,1.0,False
3.938,5.6019891578380535e-05,-0.00204603476744321,-0.009535423453970805,1.5047035613382115e-72,0.0,0.0011599999999999991,False,False,True,NORMAL,1.0,False
3.939,5.3969168269098265e-05,-0.002055332626044652,-0.009060063921480132,1.3615120853507804e-72,0.0,0.0011599999999999991,False,False,True,NORMAL,1.0,False
3.94,5.1909385006267936e-05,-0.002064154453801001,-0.008583379945708782,1.231947079933555e-72,0.0,0.0011599999999999991,False,False,True,NORMAL,1.0,False
3.9410000000000003,4.984101846476841e-05,-0.002072498980837141,-0.00810548068331718,1.1147118149640178e-72,0.0,0.0011599999999999991,False,False,True,NORMAL,1.0,False
3.942,4.7764546534756036e-05,-0.0020803650464914863,-0.007626475400582879,1.0086329605062201e-72,0.0,0.0038150000000000002,False,True,True,NORMAL,1.0,False
3.943,4.5680448212400446e-05,-0.0020877515994132327,-0.0071464734486702515,9.12648843730414e-73,0.0,0.0038150000000000002,False,False,True,NORMAL,1.0,False
3.944,4.3589203490535415e-05,-0.0020946576976348854,-0.00666558423891814,8.257988233345317e-73,0.0,0.0038150000000000002,False,False,True,NORMAL,1.0,False
3.9450000000000003,4.1491293249249624e-05,-0.0021010825086200877,-0.006183917218151034,7.472136751231511e-73,0.0,0.0038150000000000002,False,False,True,NORMAL,1.0,False
3.946,3.9387199146441844e-05,-0.002107025309286774,-0.005701581844019254,6.761068925195922e-73,0.0,0.0038150000000000002,False,False,True,NORMAL,1.0,False
3.947,3.727740350836538e-05,-0.0021124854860056796,-0.005218687560373692,6.117668149437438e-73,0.0,0.0009749999999999994,False,True,True,NORMAL,1.0,False
3.948,3.5162389220186246e-05,-0.0021174625345742456,-0.004735343772680537,5.535495052737798e-73,0.0,0.0009749999999999994,False,False,True,NORMAL,1.0,False
3.9490000000000003,3.304263961657974e-05,-0.00212195606016596,-0.004251659823481502,5.008723051070097e-73,0.0,0.0009749999999999994,False,False,True,NORMAL,1.0,False
3.95,3.091863837238996e-05,-0.0021259657772551835,-0.0037677449679049658,4.5320800331874595e-73,0.0,0.0009749999999999994,False,False,True,NORMAL,1.0,False
3.951,2.8790869393376705e-05,-0.0021294915095175166,-0.0032837083492334835,4.1007955955616667e-73,0.0,0.0009749999999999994,False,False,True,NORMAL,1.0,False
3.952,2.665981670707421e-05,-0.002132533189705762,-0.002799658974533054,3.7105532985812536e-73,0.0,0.0015299999999999997,False,True,True,NORMAL,1.0,False
3.9530000000000003,2.4525964353786126e-05,-0.0021350908595015507,-0.002315705690349552,3.357447466173074e-73,0.0,0.0015299999999999997,False,False,True,NORMAL,1.0,False
3.954,2.238979627774098e-05,-0.0021371646693426993,-0.0018319571584776721,3.037944096483419e-73,0.0,0.0015299999999999997,False,False,True,NORMAL,1.0,False
3.955,2.0251796218432406e-05,-0.002138754878226377,-0.0013485218318077257,2.7488454923996428e-73,0.0,0.0015299999999999997,False,False,True,NORMAL,1.0,False
3.956,1.8112447602168246e-05,-0.0021398618534881585,-0.0008655079302556178,2.4872582579226786e-73,0.0,0.0015299999999999997,False,False,True,NORMAL,1.0,False
3.9570000000000003,1.5972233433852637e-05,-0.0021404860705570503,-0.0003830234167812679,2.250564340087375e-73,0.0,0.001845,False,True,True,NORMAL,1.0,False
3.958,1.3831636189025046e-05,-0.002140628112686584,9.882402649924021e-05,2.0363948266084634e-73,0.0,0.001845,False,False,True,NORMAL,1.0,False
3.959,1.1691137706180138e-05,-0.0021402886706620686,0.0005799270221025718,1.8426062370101875e-73,0.0,0.001845,False,False,True,NORMAL,1.0,False
3.96,9.551219079392259e-06,-0.0021394685424841074,0.0010601785208629025,1.6672590699532533e-73,0.0,0.001845,False,False,True,NORMAL,1.0,False
3.9610000000000003,7.412360551268238e-06,-0.0021381686330284823,0.0015394718255073699,1.508598392053537e-73,0.0,0.001845,False,False,True,NORMAL,1.0,False
3.962,5.275041406252072e-06,-0.0021363899536825217,0.002017700614117066,1.3650362739189226e-73,0.0,0.00051,False,True,True,NORMAL,1.0,False
3.963,3.139739864304951e-06,-0.002134133621958065,0.002494758963468484,1.2351358976182248e-73,0.0,0.00051,False,False,True,NORMAL,1.0,False
3.964,1.0069329749839664e-06,-0.002131400861081149,0.0029705413722503305,1.1175971765244017e-73,0.0,0.00051,False,False,True,NORMAL,1.0,False
3.9650000000000003,-1.1229034880572715e-06,-0.002128192999558539,0.0034449427841506948,1.0112437436106181e-73,0.0,0.00051,False,False,True,NORMAL,1.0,False
3.966,-3.2492951321230367e-06,-0.002124511470721244,0.003917858610809549,9.150111779736495e-74,0.0,0.00051,False,False,True,NORMAL,1.0,False
3.967,-5.3717690500619445e-06,-0.0021203578122451464,0.004389184754631657,8.279363517517188e-74,0.0,6.500000000000017e-05,False,True,True,NORMAL,1.0,False
3.968,-7.4898539243626565e-06,-0.0021157336656488887,0.0048588176314549305,7.491477908171373e-74,0.0,6.500000000000017e-05,False,False,True,NORMAL,1.0,False
3.969,-9.60308013073617e-06,-0.002110640775769171,0.005326654193069395,6.778569527703216e-74,0.0,6.500000000000017e-05,False,False,True,NORMAL,1.0,False
3.97,-1.1710979841162158e-05,-0.0021050809902136017,0.005792591949581888,6.133503349424211e-74,0.0,6.500000000000017e-05,False,False,True,NORMAL,1.0,False
3.971,-1.3813087126377019e-05,-0.0020990562587912638,0.006256528991621725,5.5498233342079125e-74,0.0,6.500000000000017e-05,False,False,True,NORMAL,1.0,False
3.972,-1.5908938057781403e-05,-0.00209256863292116,0.006718364012382555,5.021687816280408e-74,0.0,0.0022999999999999995,False,True,True,NORMAL,1.0,False
3.973,-1.7998070808745202e-05,-0.002085620265018695,0.007177996329495713,4.5438110378658e-74,0.0,0.0022999999999999995,False,False,True,NORMAL,1.0,False
3.974,-2.0080025755288108e-05,-0.0020782134078603754,0.007635325906730387,4.111410247545784e-74,0.0,0.0022999999999999995,False,False,True,NORMAL,1.0,False
3.975,-2.2154345576114045e-05,-0.0020703504139268935,0.008090253375516,3.720157832875912e-74,0.0,0.0022999999999999995,False,False,True,NORMAL,1.0,False
3.976,-2.422057535197797e-05,-0.002062033734724783,0.008542680056282217,3.366138008185691e-74,0.0,0.0022999999999999995,False,False,True,NORMAL,1.0,False
3.977,-2.6278262664363673e-05,-0.002053265920086826,0.008992507979612065,3.045807624079448e-74,0.0,0.0031649999999999994,False,True,True,NORMAL,1.0,False
3.978,-2.832695769345145e-05,-0.0020440496174514025,0.00943963990720368,2.7559607064062884e-74,0.0,0.0031649999999999994,False,False,True,NORMAL,1.0,False
3.979,-3.036621331535468e-05,-0.0020343875711209764,0.009883979352636267,2.493696369793225e-74,0.0,0.0031649999999999994,False,False,True,NORMAL,1.0,False
3.98,-3.239558519860452e-05,-0.002024282621499914,0.010325430601935888,2.256389784609347e-74,0.0,0.0031649999999999994,False,False,True,NORMAL,1.0,False
3.981,-3.441463189986219e-05,-0.00201373770431184,0.010763898733936753,2.041665906788636e-74,0.0,0.0031649999999999994,False,False,True,NORMAL,1.0,False
3.982,-3.6422914958838455e-05,-0.002002755849796735,0.011199289640433754,1.8473757075906756e-74,0.0,0.004375,False,True,True,NORMAL,1.0,False
3.983,-3.8419998992400175e-05,-0.0019913401818879863,0.011631510046122019,1.6715746653987006e-74,0.0,0.004375,False,False,True,NORMAL,1.0,False
3.984,-4.040545178784396e-05,-0.00197949391736961,0.012060467528319307,1.5125033042936832e-74,0.0,0.004375,False,False,True,NORMAL,1.0,False
3.985,-4.2378844395317244e-05,-0.001967220365013858,0.012486070536467166,1.3685695846279534e-74,0.0,0.004375,False,False,True,NORMAL,1.0,False
3.986,-4.433975121936719e-05,-0.001954522924699438,0.012908228411406776,1.238332969357303e-74,0.0,0.004375,False,False,True,NORMAL,1.0,False
3.987,-4.628775010959833e-05,-0.0019414050865105702,0.01332685140442548,1.120490006662065e-74,0.0,0.0037649999999999993,False,True,True,NORMAL,1.0,False
3.988,-4.8222422450419644e-05,-0.0019278704298171163,0.013741850696070094,1.013861284563198e-74,0.0,0.0037649999999999993,False,False,True,NORMAL,1.0,False
3.989,-5.014335324986251e-05,-0.0019139226223360113,0.014153138414723081,9.173796269707854e-75,0.0,0.0037649999999999993,False,False,True,NORMAL,1.0,False
3.99,-5.205013122745078e-05,-0.0018995654191742396,0.014560627654937786,8.300794130270371e-75,0.0,0.0037649999999999993,False,False,True,NORMAL,1.0,False
3.991,-5.394234890110471e-05,-0.0018848026618535991,0.014964232495528957,7.51086912848189e-75,0.0,0.0037649999999999993,False,False,True,NORMAL,1.0,False
3.992,-5.581960267306067e-05,-0.0018696382773174978,0.015363868017414899,6.796115429421551e-75,0.0,0.0038400000000000005,False,True,True,NORMAL,1.0,False
3.993,-5.768149291478875e-05,-0.0018540762769200334,0.01575945032120752,6.149379537832142e-75,0.0,0.0038400000000000005,False,False,True,NORMAL,1.0,False
3.994,-5.9527624050890723e-05,-0.0018381207553976114,0.01615089654454683,5.564188703535198e-75,0.0,0.0038400000000000005,False,False,True,NORMAL,1.0,False
3.995,-6.135760464196095e-05,-0.0018217758898233579,0.016538124879176247,5.034686139971642e-75,0.0,0.0038400000000000005,False,False,True,NORMAL,1.0,False
3.996,-6.317104746639327e-05,-0.0018050459385445872,0.016921054587755363,4.555572407513371e-75,0.0,0.0038400000000000005,False,False,True,NORMAL,1.0,False
3.997,-6.496756960111693e-05,-0.0017879352401035905,0.017299606020406692,4.122052374890259e-75,0.0,0.0008549999999999986,False,True,True,NORMAL,1.0,False
3.998,-6.674679250124512e-05,-0.0017704482121420112,0.017673700630993168,3.729787227904697e-75,0.0,0.0008549999999999986,False,False,True,NORMAL,1.0,False
3.999,-6.85083420786198e-05,-0.0017525893502890796,0.018043260993123075,3.374851045120785e-75,0.0,0.0008549999999999986,False,False,True,NORMAL,1.0,False
4.0,-7.025184877923673e-05,-0.0017343632270339793,0.018408210815879233,3.0536915059230504e-75,0.0,0.0008549999999999986,False,False,True,NORMAL,1.0,False
4.001,-7.197694765953514e-05,-0.0017157744905826246,0.018768474959269345,2.7630943376977537e-75,0.0,0.0008549999999999986,False,False,True,NORMAL,1.0,False
4.002,-7.368327846153647e-05,-0.0016968278636991278,0.019123979449394396,2.5001511463122153e-75,0.0,0.005425000000000001,False,True,True,NORMAL,1.0,False
4.003,-7.537048568681696e-05,-0.0016775281425322399,0.019474651493332176,2.262230307928789e-75,0.0,0.005425000000000001,False,False,True,NORMAL,1.0,False
4.0040000000000004,-7.70382186692994e-05,-0.0016578801954270522,0.019820419493732942,2.0469506308289793e-75,0.0,0.005425000000000001,False,False,True,NORMAL,1.0,False
4.005,-7.868613164684934e-05,-0.0016378889617222469,0.02016121306312447,1.8521575236463723e-75,0.0,0.005425000000000001,False,False,True,NORMAL,1.0,False
4.006,-8.03138838316613e-05,-0.0016175594505331888,0.020496963037923574,1.67590143149206e-75,0.0,0.005425000000000001,False,False,True,NORMAL,1.0,False
4.007,-8.192113947942126e-05,-0.001596896739521155,0.020827601492151515,1.5164183241540441e-75,0.0,0.005915,False,True,True,NORMAL,1.0,False
4.008,-8.350756795723152e-05,-0.0015759059736489957,0.021153061750850587,1.372112041089962e-75,0.0,0.005915,False,False,True,NORMAL,1.0,False
4.009,-8.507284381028455e-05,-0.0015545923639235309,0.021473278403199316,1.2415383165158914e-75,0.0,0.005915,False,False,True,NORMAL,1.0,False
4.01,-8.661664682727275e-05,-0.0015329611861249835,0.02178818731532384,1.123390324708951e-75,0.0,0.005915,False,False,True,NORMAL,1.0,False
4.011,-8.813866210452129e-05,-0.0015110177795237532,0.02209772564280292,1.0164856008562255e-75,0.0,0.005915,False,False,True,NORMAL,1.0,False
4.0120000000000005,-8.963858010883152e-05,-0.0014887675455848397,0.022401831842864352,9.19754206549478e-76,0.0,0.002829999999999999,False,True,True,NORMAL,1.0,False
4.013,-9.111609673902273e-05,-0.001466215946660225,0.02270044568627045,8.322280214819423e-76,0.0,0.002829999999999999,False,False,True,NORMAL,1.0,False
4.014,-9.257091338616041e-05,-0.0014433685046695264,0.02299350826889038,7.530310541748957e-76,0.0,0.002829999999999999,False,False,True,NORMAL,1.0,False
4.015,-9.40027369924595e-05,-0.0014202307997692356,0.023280962022957243,6.813706747605094e-76,0.0,0.002829999999999999,False,False,True,NORMAL,1.0,False
4.016,-9.54112801088512e-05,-0.0013968084690108573,0.023562750728007804,6.165296820757188e-76,0.0,0.002829999999999999,False,False,True,NORMAL,1.0,False
4.017,-9.679626095120255e-05,-0.0013731072049882691,0.02383881952150298,5.578591256719244e-76,0.0,0.0031399999999999983,False,True,True,NORMAL,1.0,False
4.018,-9.815740345517812e-05,-0.0013491327544746206,0.024109114909127007,5.047718109007819e-76,0.0,0.0031399999999999983,False,False,True,NORMAL,1.0,False
4.019,-9.949443732973351e-05,-0.0013248909170490957,0.024373584774763684,4.567364220727991e-76,0.0,0.0031399999999999983,False,False,True,NORMAL,1.0,False
4.0200000000000005,-0.00010080709810923065,-0.0013003875437138594,0.024632178390147686,4.1327220487133376e-76,0.0,0.0031399999999999983,False,False,True,NORMAL,1.0,False
4.021,-0.00010209512720416524,-0.0012756285355015173,0.024884846424189457,3.739441548018057e-76,0.0,0.0031399999999999983,False,False,True,NORMAL,1.0,False
4.022,-0.00010335827195049719,-0.001250619842073415,0.025131540951971988,3.3835866352050505e-76,0.0,0.008160000000000004,False,True,True,NORMAL,1.0,False
4.023,-0.00010459628565757474,-0.0012253674603091031,0.02537221546341797,3.061595794699918e-76,0.0,0.008160000000000004,False,False,True,NORMAL,1.0,False
4.024,-0.00010580892765464384,-0.0011998774328873028,0.025606824871625817,2.770246433946025e-76,0.0,0.008160000000000004,False,False,True,NORMAL,1.0,False
4.025,-0.00010699596333593443,-0.0011741558468587004,0.025835325520873295,2.5066226306150457e-76,0.0,0.008160000000000004,False,False,True,NORMAL,1.0,False
4.026,-0.0001081571642043155,-0.0011482088322109047,0.026057675194287346,2.2680859490762226e-76,0.0,0.008160000000000004,False,False,True,NORMAL,1.0,False
4.027,-0.00010929230791351134,-0.001122042560425903,0.026273833121178904,2.052249034045768e-76,0.0,0.0066599999999999975,False,True,True,NORMAL,1.0,False
4.0280000000000005,-0.00011040117830887164,-0.0010956632430303493,0.02648375998404164,1.8569517171327647e-76,0.0,0.0066599999999999975,False,False,True,NORMAL,1.0,False
4.029,-0.00011148356546668852,-0.0010690771301390231,0.026687417925213452,1.6802393971478524e-76,0.0,0.0066599999999999975,False,False,True,NORMAL,1.0,False
4.03,-0.00011253926573205354,-0.001042290508991795,0.026884770553199742,1.52034347779756e-76,0.0,0.0066599999999999975,False,False,True,NORMAL,1.0,False
4.031,-0.00011356808175524876,-0.0010153097024844387,0.027075782948657624,1.3756636669781553e-76,0.0,0.0066599999999999975,False,False,True,NORMAL,1.0,False
4.032,-0.00011456982252666567,-0.0009881410676936292,0.027260421670040214,1.244751960514394e-76,0.0,0.0068049999999999986,False,True,True,NORMAL,1.0,False
4.033,-0.00011554430341024618,-0.0009607909943964662,0.02743865475890009,1.126298150047043e-76,0.0,0.0068049999999999986,False,False,True,NORMAL,1.0,False
4.034,-0.00011649134617544074,-0.0009332659035848653,0.027610451744851463,1.0191167100272441e-76,0.0,0.0068049999999999986,False,False,True,NORMAL,1.0,False
4.035,-0.00011741077902767828,-0.0009055722459751578,0.02777578365019035,9.221349325783532e-77,0.0,0.0068049999999999986,False,False,True,NORMAL,1.0,False
4.0360000000000005,-0.00011830243663734362,-0.0008777165005132413,0.027934622994172178,8.343821914749607e-77,0.0,0.0068049999999999986,False,False,True,NORMAL,1.0,False
4.037,-0.00011916616016725786,-0.0008497051728756247,0.028086943796946456,7.549802277893891e-77,0.0,0.003064999999999999,False,True,True,NORMAL,1.0,False
4.038,-0.00012000179729865791,-0.0008215447939667097,0.028232721583148095,6.831343599811514e-77,0.0,0.003064999999999999,False,False,True,NORMAL,1.0,False
4.039,-0.00012080920225567159,-0.0007932419184126527,0.028371933385145084,6.1812553045699275e-77,0.0,0.003064999999999999,False,False,True,NORMAL,1.0,False
4.04,-0.00012158823582828504,-0.0007648031230521512,0.02850455774594236,5.593031090008132e-77,0.0,0.003064999999999999,False,False,True,NORMAL,1.0,False
4.041,-0.00012233876539379952,-0.0007362350054244988,0.02863057472174164,5.060783810477806e-77,0.0,0.003064999999999999,False,False,True,NORMAL,1.0,False
4.042,-0.00012306066493677494,-0.0007075441822552508,0.028749965884157236,4.579186556310923e-77,0.0,0.006500000000000004,False,True,True,NORMAL,1.0,False
4.043,-0.0001237538150674582,-0.0006787372879398481,0.028862714322087868,4.143419340317352e-77,0.0,0.006500000000000004,False,False,True,NORMAL,1.0,False
4.0440000000000005,-0.00012441810303869411,-0.0006498209730255395,0.028968804643244486,3.749120857733012e-77,0.0,0.006500000000000004,False,False,True,NORMAL,1.0,False
4.045,-0.00012505342276131754,-0.0006208019026919493,0.02906822297533437,3.3923448368159004e-77,0.0,0.006500000000000004,False,False,True,NORMAL,1.0,False
4.046,-0.00012565967481802568,-0.0005916867552306315,0.02916095696690172,3.069520543232118e-77,0.0,0.006500000000000004,False,False,True,NORMAL,1.0,False
4.047,-0.0001262367664757295,-0.0005624822205239561,0.029246995787825074,2.7774170429464854e-77,0.0,0.0037899999999999974,False,True,True,NORMAL,1.0,False
4.048,-0.00012678461169638382,-0.0005331949985236687,0.029326330129471865,2.5131108659487674e-77,0.0,0.0037899999999999974,False,False,True,NORMAL,1.0,False
4.049,-0.0001273031311462959,-0.0005038317977294668,0.029398952204510775,2.273956747183197e-77,0.0,0.0037899999999999974,False,False,True,NORMAL,1.0,False
4.05,-0.0001277922522039129,-0.0004743993336679353,0.029464855746382305,2.057561151846693e-77,0.0,0.0037899999999999974,False,False,True,NORMAL,1.0,False
4.051,-0.0001282519089660885,-0.00044490432737218094,0.029524036008428182,1.8617583200880568e-77,0.0,0.0037899999999999974,False,False,True,NORMAL,1.0,False
4.0520000000000005,-0.00012868204225282962,-0.0004153535038625086,0.029576489762680427,1.6845885913554428e-77,0.0,0.000694999999999999,False,True,True,NORMAL,1.0,False
4.053,-0.00012908259961052454,-0.00038575359062847806,0.02962221529831074,1.524278791454893e-77,0.0,0.000694999999999999,False,False,True,NORMAL,1.0,False
4.054,-0.0001294535353136539,-0.00035611131611268057,0.029661212419741144,1.379224486027018e-77,0.0,0.000694999999999999,False,False,True,NORMAL,1.0,False
4.055,-0.0001297948103649864,-0.00032643340819657425,0.0296934824444168,1.2479739228286603e-77,0.0,0.000694999999999999,False,False,True,NORMAL,1.0,False
4.056,-0.00013010639249426168,-0.0002967265926887148,0.029719028200241953,1.1292135021084928e-77,0.0,0.000694999999999999,False,False,True,NORMAL,1.0,False
4.057,-0.00013038825615536255,-0.0002669975918157185,0.02973785402268015,1.0217546296591922e-77,0.0,0.005189999999999999,False,True,True,NORMAL,1.0,False
4.058,-0.00013064038252197984,-0.00023725312271629203,0.0297499657515199,9.245218209671115e-78,0.0,0.005189999999999999,False,False,True,NORMAL,1.0,False
4.059,-0.00013086275948177294,-0.0002074998959386639,0.029755370727306902,8.365419374017848e-78,0.0,0.005189999999999999,False,False,True,NORMAL,1.0,False
4.0600000000000005,-0.00013105538162902955,-0.00017774461394174946,0.02975407778744427,7.569344467174302e-78,0.0,0.005189999999999999,False,False,True,NORMAL,1.0,False
4.061,-0.00013121825025582857,-0.00014799396960038118,0.029746097261962003,6.849026103902771e-78,0.0,0.005189999999999999,False,False,True,NORMAL,1.0,False
4.062,-0.00013135137334171056,-0.00011825464471493434,0.029731440968957277,6.197255095916271e-78,0.0,0.006190000000000001,False,True,True,NORMAL,1.0,False
4.063,-0.00013145476554185997,-8.853330852567625e-05,0.029710122209707007,5.607508299899071e-78,0.0,0.006190000000000001,False,False,True,NORMAL,1.0,False
4.064,-0.00013152844817380436,-5.883661623216628e-05,0.029682155763454232,5.073883331695889e-78,0.0,0.006190000000000001,False,False,True,NORMAL,1.0,False
4.065,-0.00013157244920263553,-2.9171207518031725e-05,0.02964755788187004,4.5910394932674e-78,0.0,0.006190000000000001,False,False,True,NORMAL,1.0,False
4.066,-0.00013158680322475843,4.5629491855660035e-07,0.02960634628319281,4.154144321189194e-78,0.0,0.006190000000000001,False,False,True,NORMAL,1.0,False
4.067,-0.0001315715514501734,3.0039286828387476e-05,0.029558540146046433,3.758825221733574e-78,0.0,0.005645,False,True,True,NORMAL,1.0,False
4.0680000000000005,-0.00013152674168329806,5.957118386837089e-05,0.029504160102939506,3.40112570848185e-78,0.0,0.005645,False,False,True,NORMAL,1.0,False
4.069,-0.0001314524283023354,8.904542305204013e-05,0.029443228233447406,3.077465804478441e-78,0.0,0.005645,False,False,True,NORMAL,1.0,False
4.07,-0.00013134867223719483,0.00011845546419307821,0.029375768057079216,2.7846062126182295e-78,0.0,0.005645,False,False,True,NORMAL,1.0,False
4.071,-0.0001312155409459732,0.0001477947913415545,0.02930180452583164,2.5196158956723708e-78,0.0,0.005645,False,False,True,NORMAL,1.0,False
4.072,-0.00013105310839000355,0.00017705691421255958,0.029221364016431953,2.2798427414825493e-78,0.0,0.005819999999999995,False,True,True,NORMAL,1.0,False
4.073,-0.00013086145500747898,0.00020623536960692886,0.02913447432227238,2.0628870197310934e-78,0.0,0.005819999999999995,False,False,True,NORMAL,1.0,False
4.074,-0.00013064066768566,0.0002353237228237466,0.029041164645037882,1.866577364633378e-78,0.0,0.005819999999999995,False,False,True,NORMAL,1.0,False
4.075,-0.00013039083973167358,0.00026431556906432593,0.02894146558603006,1.6889490431792314e-78,0.0,0.005819999999999995,False,False,True,NORMAL,1.0,False
4.0760000000000005,-0.0001301120708419125,0.0002932045348273617,0.028835409137189273,1.5282242914246e-78,0.0,0.005819999999999995,False,False,True,NORMAL,1.0,False
4.077,-0.00012980446707004434,0.0003219842792949553,0.028723028671817544,1.3827945220324688e-78,0.0,0.004895000000000006,False,True,True,NORMAL,1.0,False
4.078,-0.0001294681407936388,0.0003506484957092143,0.02860435893500491,1.2512042249901279e-78,0.0,0.004895000000000006,False,False,True,NORMAL,1.0,False
4.079,-0.00012910321067942363,0.00037919091273913086,0.02847943603376162,1.132136400375751e-78,0.0,0.004895000000000006,False,False,True,NORMAL,1.0,False
4.08,-0.00012870980164717824,0.00040760529583744657,0.028348297426858928,1.0243993773805198e-78,0.0,0.004895000000000006,False,False,True,NORMAL,1.0,False
4.081,-0.000128288044832276,0.00043588544858721344,0.02821098191438128,9.269148876666341e-79,0.0,0.004895000000000006,False,False,True,NORMAL,1.0,False
4.082,-0.00012783807754688492,0.0004640252140377639,0.02806752962699246,8.387072736953687e-79,0.0,0.0032799999999999965,False,True,True,NORMAL,1.0,False
4.083,-0.000127360043239838,0.0004920184760298052,0.02791798201491884,7.588937240184962e-79,0.0,0.0032799999999999965,False,False,True,NORMAL,1.0,False
4.0840000000000005,-0.00012685409145518387,0.0005198591605093567,0.027762381836652337,6.866754378045901e-79,0.0,0.0032799999999999965,False,False,True,NORMAL,1.0,False
4.085,-0.00012632037778942924,0.0005475412368302514,0.027600773147376197,6.213296301718174e-79,0.0,0.0032799999999999965,False,False,True,NORMAL,1.0,False
4.086,-0.00012575906384748483,0.0005750587190449256,0.0274332012871167,5.622022983139049e-79,0.0,0.0032799999999999965,False,False,True,NORMAL,1.0,False
4.087,-0.00012517031719732626,0.000602405667183225,0.027259712868623574,5.0870167602023593e-79,0.0,0.0022799999999999986,False,True,True,NORMAL,1.0,False
4.088,-0.00012455431132338233,0.000629576188518956,0.027080355764982585,4.602923110807155e-79,0.0,0.0022799999999999986,False,False,True,NORMAL,1.0,False
4.089,-0.00012391122557866302,0.0006565644388239183,0.0268951790969633,4.164897063000793e-79,0.0,0.0022799999999999986,False,False,True,NORMAL,1.0,False
4.09,-0.0001232412451356398,0.0006833646236091528,0.026704233220105223,3.7685547048711883e-79,0.0,0.0022799999999999986,False,False,True,NORMAL,1.0,False
4.091,-0.00012254456093589112,0.0007099709993531475,0.02650756971154578,3.4099293088829133e-79,0.0,0.0022799999999999986,False,False,True,NORMAL,1.0,False
4.0920000000000005,-0.00012182136963852652,0.0007363778747167425,0.02630524135659335,3.085431631534759e-79,0.0,0.005300000000000004,False,True,True,NORMAL,1.0,False
4.093,-0.00012107187356740233,0.0007625796117444826,0.0260973021350488,2.7918139910043895e-79,0.0,0.005300000000000004,False,False,True,NORMAL,1.0,False
4.094,-0.0001202962806571431,0.0007885706270521677,0.025883807207278946,2.5261377632570793e-79,0.0,0.005300000000000004,False,False,True,NORMAL,1.0,False
4.095,-0.00011949480439798242,0.0008143453930003525,0.025664812900045516,2.2857439713086695e-79,0.0,0.005300000000000004,False,False,True,NORMAL,1.0,False
4.096,-0.00011866766377943732,0.0008398984388535559,0.02544037669209306,2.068226673290197e-79,0.0,0.005300000000000004,False,False,True,NORMAL,1.0,False
4.097,-0.00011781508323283077,0.0008652243519249386,0.025210557199499516,1.8714088829730036e-79,0.0,0.002139999999999999,False,True,True,NORMAL,1.0,False
4.098,-0.00011693729257267684,0.0008903177787062142,0.024975414160792967,1.6933207817588517e-79,0.0,0.002139999999999999,False,False,True,NORMAL,1.0,False
4.099,-0.00011603452693694344,0.0009151734259825616,0.024735008421838435,1.5321800040733118e-79,0.0,0.002139999999999999,False,False,True,NORMAL,1.0,False
4.1,-0.00011510702672620771,0.0009397860619323115,0.024489401920498265,1.3863737988520214e-79,0.0,0.002139999999999999,False,False,True,NORMAL,1.0,False
4.101,-0.00011415503754171947,0.0009641505172111799,0.02423865767107011,1.2544428885859678e-79,0.0,0.002139999999999999,False,False,True,NORMAL,1.0,False
4.102,-0.00011317881012238825,0.0009882616860208322,0.023982839748506107,1.135066864381698e-79,0.0,0.00406,False,True,True,NORMAL,1.0,False
4.103,-0.00011217860028070963,0.001012114527161557,0.02372201327241733,1.0270509708653082e-79,0.0,0.00406,False,False,True,NORMAL,1.0,False
4.104,-0.00011115466883764702,0.0010357040650688391,0.02345624439086732,9.293141486690909e-80,0.0,0.00406,False,False,True,NORMAL,1.0,False
4.105,-0.00011010728155648496,0.0010590253908336234,0.023185600263958685,8.40878214826026e-80,0.0,0.00406,False,False,True,NORMAL,1.0,False
4.106,-0.00010903670907567039,0.001082073663206061,0.022910149047216742,7.608580727858682e-80,0.0,0.00406,False,False,True,NORMAL,1.0,False
4.107,-0.00010794322684065851,0.0011048441095825423,0.022629959874774352,6.884528540713811e-80,0.0,0.00406,False,True,True,NORMAL,1.0,False
4.108,-0.00010682711503478011,0.001127332026975814,0.022345102842361804,6.229379029174357e-80,0.0,0.00406,False,False,True,NORMAL,1.0,False
4.109,-0.00010568865850914722,0.0011495327829679927,0.022055648990106133,5.636575236725477e-80,0.0,0.00406,False,False,True,NORMAL,1.0,False
4.11,-0.00010452814671161447,0.001171441816646284,0.021761670285143826,5.100184183764108e-80,0.0,0.00406,False,False,True,NORMAL,1.0,False
4.111,-0.0001033458736148134,0.001193054639521221,0.021463239604051186,4.614837488344953e-80,0.0,0.00406,False,False,True,NORMAL,1.0,False
4.112,-0.0001021421376432774,0.001214366836427245,0.021160430715096545,4.1756776376095996e-80,0.0,0.005435,False,True,True,NORMAL,1.0,False
4.113,-0.00010091724159967487,0.0012353740664054523,0.02085331826031867,3.778309372165165e-80,0.0,0.005435,False,False,True,NORMAL,1.0,False
4.114,-9.967149259016873e-05,0.0012560720635683316,0.020541977737435466,3.4187556968509955e-80,0.0,0.005435,False,False,True,NORMAL,1.0,False
4.115,-9.840520194892021e-05,0.0012764566379463288,0.020226485481587553,3.0934180776343823e-80,0.0,0.005435,False,False,True,NORMAL,1.0,False
4.116,-9.711868516175528e-05,0.0012965236763160747,0.019906918646920825,2.799040426272456e-80,0.0,0.005435,False,False,True,NORMAL,1.0,False
4.117,-9.581226178901199e-05,0.0013162691430101156,0.019583355188012522,2.5326765122866405e-80,0.0,0.0003849999999999995,False,True,True,NORMAL,1.0,False
4.118,-9.44862553875875e-05,0.0013356890807079945,0.0192558738411452,2.291660476097763e-80,0.0,0.0003849999999999995,False,False,True,NORMAL,1.0,False
4.119,-9.314099343220338e-05,0.0013547796112085317,0.018924554105432964,2.0735801482073576e-80,0.0,0.0003849999999999995,False,False,True,NORMAL,1.0,False
4.12,-9.177680723590801e-05,0.0013735369361831593,0.018589476223804562,1.876252907394568e-80,0.0,0.0003849999999999995,False,False,True,NORMAL,1.0,False
4.121,-9.039403186983533e-05,0.0013919573379101696,0.018250721163847697,1.697703836309363e-80,0.0,0.0003849999999999995,False,False,True,NORMAL,1.0,False
4.122,-8.89930060822388e-05,0.00141003717998974,0.01790837059851912,1.5361459558359073e-80,0.0,0.0012699999999999994,False,True,True,NORMAL,1.0,False
4.123,-8.757407221682011e-05,0.001427772908039603,0.01756250688672512,1.3899623404049434e-80,0.0,0.0012699999999999994,False,False,True,NORMAL,1.0,False
4.124,-8.613757613037188e-05,0.0014451610503712338,0.01721321305377682,1.2576899352592283e-80,0.0,0.0012699999999999994,False,False,True,NORMAL,1.0,False
4.125,-8.468386710975397e-05,0.0014621982186464317,0.016860572771724997,1.1380049137097732e-80,0.0,0.0012699999999999994,False,False,True,NORMAL,1.0,False
4.126,-8.32132977882231e-05,0.0014788811085141797,0.016504670339578923,1.0297094278333862e-80,0.0,0.0012699999999999994,False,False,True,NORMAL,1.0,False
4.127,-8.172622406113549e-05,0.0014952065002276646,0.01614559066341399,9.317196200080464e-81,0.0,0.00453,False,True,True,NORMAL,1.0,False
4.128,-8.022300500104246e-05,0.0015111712592413536,0.015783419236372526,8.43054775301526e-81,0.0,0.00453,False,False,True,NORMAL,1.0,False
4.1290000000000004,-7.870400277219897e-05,0.001526772336788018,0.015418242118562742,7.6282750614671875e-81,0.0,0.00453,False,False,True,NORMAL,1.0,False
4.13,-7.716958254450515e-05,0.0015420067704356084,0.015050145916860247,6.90234871068607e-81,0.0,0.00453,False,False,True,NORMAL,1.0,False
4.131,-7.562011240690118e-05,0.0015568716846238834,0.014679217764616939,6.2455033857610175e-81,0.0,0.00453,False,False,True,NORMAL,1.0,False
4.132,-7.405596328023559e-05,0.0015713642911807041,0.01430554530128195,5.651165157906842e-81,0.0,0.002469999999999999,False,True,True,NORMAL,1.0,False
4.133,-7.247750882962753e-05,0.0015854818898179068,0.013929216651939334,5.113385690375203e-81,0.0,0.002469999999999999,False,False,True,NORMAL,1.0,False
4.134,-7.088512537634338e-05,0.0015992218686066732,0.01355032040676725,4.626782705501121e-81,0.0,0.002469999999999999,False,False,True,NORMAL,1.0,False
4.135,-6.927919180920835e-05,0.0016125817044323244,0.013168945600423393,4.1864861170590653e-81,0.0,0.002469999999999999,False,False,True,NORMAL,1.0,False
4.136,-6.766008949557348e-05,0.0016255589634284631,0.01278518169136134,3.7880892888031146e-81,0.0,0.002469999999999999,False,False,True,NORMAL,1.0,False
4.1370000000000005,-6.602820219185893e-05,0.0016381513013904014,0.012399118541082658,3.4276049313702843e-81,0.0,0.0023299999999999996,False,True,True,NORMAL,1.0,False
4.138,-6.438391595369424e-05,0.001650356464167809,0.012010846393329491,3.1014251961484103e-81,0.0,0.0023299999999999996,False,False,True,NORMAL,1.0,False
4.139,-6.27276190456763e-05,0.0016621722880365277,0.011620455853222376,2.806285566714597e-81,0.0,0.0023299999999999996,False,False,True,NORMAL,1.0,False
4.14,-6.105970185076598e-05,0.0016735967000494983,0.011228037866348099,2.539232186457615e-81,0.0,0.0023299999999999996,False,False,True,NORMAL,1.0,False
4.141,-5.93805567793443e-05,0.00168462771836675,0.010833683697802344,2.2975922953881127e-81,0.0,0.0023299999999999996,False,False,True,NORMAL,1.0,False
4.142,-5.769057817794906e-05,0.0016952634525644148,0.010437484911191916,2.0789474802582935e-81,0.0,-0.00028500000000000096,False,True,True,NORMAL,1.0,False
4.143,-5.5990162237713014e-05,0.001705502103922725,0.01003953334760134,1.8811094702692783e-81,0.0,-0.00028500000000000096,False,False,True,NORMAL,1.0,False
4.144,-5.427970690252452e-05,0.0017153419656929603,0.009639921104528576,1.7020982361214452e-81,0.0,-0.00028500000000000096,False,False,True,NORMAL,1.0,False
4.1450000000000005,-5.2559611776931803e-05,0.0017247814233433182,0.009238740514794678,1.5401221732156895e-81,0.0,-0.00028500000000000096,False,False,True,NORMAL,1.0,False
4.146,-5.0830278033811915e-05,0.0017338189547836831,0.008836084125432155,1.3935601706724153e-81,0.0,-0.00028500000000000096,False,False,True,NORMAL,1.0,False
4.147,-4.909210832182543e-05,0.001742453130569275,0.00843204467655681,1.2609453867089793e-81,0.0,0.0006350000000000023,False,True,True,NORMAL,1.0,False
4.148,-4.734550667267811e-05,0.001750682614083163,0.00802671508022783,1.1409505679941073e-81,0.0,0.0006350000000000023,False,False,True,NORMAL,1.0,False
4.149,-4.5590878408210606e-05,0.0017585061616976361,0.0076201883993009326,1.0323747660504494e-81,0.0,0.0006350000000000023,False,False,True,NORMAL,1.0,False
4.15,-4.382863004733736e-05,0.0017659226229144256,0.007212557826279269,9.341313177585664e-82,0.0,0.0006350000000000023,False,False,True,NORMAL,1.0,False
4.151,-4.205916921285588e-05,0.0017729309404837775,0.006803916662166906,8.452369696671896e-82,0.0,0.0006350000000000023,False,False,True,NORMAL,1.0,False
4.152,-4.028290453814746e-05,0.0017795301505023845,0.006394358295329602,7.648020372621985e-82,0.0,0.0006299999999999977,False,True,True,NORMAL,1.0,False
4.1530000000000005,-3.8500245573790626e-05,0.001785719382490182,0.005983976180367619,6.920215007049694e-82,0.0,0.0006299999999999977,False,False,True,NORMAL,1.0,False
4.154,-3.671160269410825e-05,0.0017914978594460258,0.005572863817005318,6.261669479232544e-82,0.0,0.0006299999999999977,False,False,True,NORMAL,1.0,False
4.155,-3.491738700366961e-05,0.0017968648978822705,0.005161114729002256,5.665792844183346e-82,0.0,0.0006299999999999977,False,False,True,NORMAL,1.0,False
4.156,-3.3118010243768375e-05,0.0018018199078382703,0.004748822443090478,5.126621368257474e-82,0.0,0.0006299999999999977,False,False,True,NORMAL,1.0,False
4.157,-3.131388469889763e-05,0.001806362392872833,0.004336080467942718,4.638758842102071e-82,0.0,0.00011000000000000246,False,True,True,NORMAL,1.0,False
4.158,-2.9505423103242955e-05,0.0018104919500356589,0.003922982273176177,4.197322573579115e-82,0.0,0.00011000000000000246,False,False,True,NORMAL,1.0,False
4.159,-2.769303854721454e-05,0.0018142082698178051,0.003509621268396564,3.797894520141375e-82,0.0,0.00011000000000000246,False,False,True,NORMAL,1.0,False
4.16,-2.587714438403934e-05,0.001817511136081213,0.0030960907822870317,3.436477071577641e-82,0.0,0.00011000000000000246,False,False,True,NORMAL,1.0,False
4.1610000000000005,-2.4058154136434125e-05,0.001820400425967352,0.00268248404174665,3.109453040586088e-82,0.0,0.00011000000000000246,False,False,True,NORMAL,1.0,False
4.162,-2.223648140338031e-05,0.0018228761097850254,0.002268894151083032,2.81354946074798e-82,0.0,-0.004295,False,True,True,NORMAL,1.0,False
4.163,-2.0412539767021376e-05,0.0018249382508774017,0.001855414071263707,2.5458048295796685e-82,0.0,-0.004295,False,False,True,NORMAL,1.0,False
4.164,-1.8586742699703636e-05,0.0018265870054683243,0.0014421365992308317,2.3035394688203432e-82,0.0,-0.004295,False,False,True,NORMAL,1.0,False
4.165,-1.6759503471181002e-05,0.001827822622487973,0.0010291543472837662,2.084328705311325e-82,0.0,-0.004295,False,False,True,NORMAL,1.0,False
4.166,-1.49312350560044e-05,0.0018286454433779418,0.0006165597225340772,1.8859786040521336e-82,0.0,-0.004295,False,False,True,NORMAL,1.0,False
4.167,-1.3102350041116367e-05,0.0018290559018758106,0.00020444490643746675,1.7065040105615956e-82,0.0,-0.0023499999999999992,False,True,True,NORMAL,1.0,False
4.168,-1.127326053367129e-05,0.001829054523779289,-0.00020709816559289268,1.544108682784564e-82,0.0,-0.0023499999999999992,False,False,True,NORMAL,1.0,False
4.1690000000000005,-9.444378069101689e-06,0.0018286419266900162,-0.0006179778244871443,1.3971673136976915e-82,0.0,-0.0023499999999999992,False,False,True,NORMAL,1.0,False
4.17,-7.616113519450827e-06,0.0018278188197371047,-0.001028102687729221,1.2642092646904567e-82,0.0,-0.0023499999999999992,False,False,True,NORMAL,1.0,False
4.171,-5.788877001991874e-06,0.0018265860032805207,-0.001437381679472609,1.1439038469196518e-82,0.0,-0.0023499999999999992,False,False,True,NORMAL,1.0,False
4.172,-3.9630777881537286e-06,0.0018249443685943972,-0.001845724050557007,1.0350470033281792e-82,0.0,-0.00308,False,True,True,NORMAL,1.0,False
4.173,-2.1391242127735127e-06,0.001822894897530383,-0.0022530393984215337,9.365492580373269e-83,0.0,-0.00308,False,False,True,NORMAL,1.0,False
4.174,-3.174235836956669e-07,0.001820438662161131,-0.002659237686910171,8.474248125059885e-83,0.0,-0.00308,False,False,True,NORMAL,1.0,False
4.175,1.5016179082625685e-06,0.0018175768244040377,-0.0030642292659651344,7.667816793275257e-83,0.0,-0.00308,False,False,True,NORMAL,1.0,False
4.176,3.3175952789595768e-06,0.0018143106356253455,-0.0034679248912039226,6.938127549199954e-83,0.0,-0.00308,False,False,True,NORMAL,1.0,False
4.1770000000000005,5.130104840172128e-06,0.0018106414362247302,-0.003870235743375824,6.2778774176222464e-83,0.0,-0.0010949999999999996,False,True,True,NORMAL,1.0,False
4.178,6.938744288413018e-06,0.0018065706552004917,-0.004271073447693666,5.68045839330757e-83,0.0,-0.0010949999999999996,False,False,True,NORMAL,1.0,False
4.179,8.743112793304255e-06,0.0018020998096954792,-0.004670350093036677,5.139891305861117e-83,0.0,-0.0010949999999999996,False,False,True,NORMAL,1.0,False
4.18,1.0542811085486592e-05,0.0017972305045238775,-0.005067978251020299,4.65076597818085e-83,0.0,-0.0010949999999999996,False,False,True,NORMAL,1.0,False
4.181,1.233744154404633e-05,0.0017919644316789934,-0.0054638709949289144,4.2081870795866434e-83,0.0,-0.0010949999999999996,False,False,True,NORMAL,1.0,False
4.182,1.4126608283440472e-05,0.0017863033698221795,-0.005857941918507375,3.807725131705463e-83,0.0,-0.0020949999999999996,False,True,True,NORMAL,1.0,False
4.183,1.5909917239901423e-05,0.0017802491837530373,-0.006250105154607377,3.4453721767630055e-83,0.0,-0.0020949999999999996,False,False,True,NORMAL,1.0,False
4.184,1.7686976257302598e-05,0.00177380382386105,-0.006640275393684659,3.1175016645951716e-83,0.0,-0.0020949999999999996,False,False,True,NORMAL,1.0,False
4.1850000000000005,1.9457395172466432e-05,0.0017669693255587926,-0.007028367902143136,2.820832156915101e-83,0.0,-0.0020949999999999996,False,False,True,NORMAL,1.0,False
4.186,2.1220785899896467e-05,0.001759747808696878,-0.007414298540522023,2.552394485575867e-83,0.0,-0.0020949999999999996,False,False,True,NORMAL,1.0,False
4.187,2.2976762515915306e-05,0.0017521414769607945,-0.007797983781522135,2.3095020361376884e-83,0.0,-0.002924999999999999,False,True,True,NORMAL,1.0,False
4.188,2.4724941342190424e-05,0.001744152617249799,-0.008179340727867543,2.0897238593276174e-83,0.0,-0.002924999999999999,False,False,True,NORMAL,1.0,False
4.189,2.6464941028629978e-05,0.0017357835990380334,-0.008558287129998794,1.890860341282142e-83,0.0,-0.002924999999999999,False,False,True,NORMAL,1.0,False
4.19,2.819638263563089e-05,0.0017270368737180336,-0.008934741403594001,1.7109211890723267e-83,0.0,-0.002924999999999999,False,False,True,NORMAL,1.0,False
4.191,2.9918889715661734e-05,0.0017179149739268034,-0.009308622646914094,1.5481055111832178e-83,0.0,-0.002924999999999999,False,False,True,NORMAL,1.0,False
4.192,3.1632088394163054e-05,0.0017084205128546344,-0.00967985065796864,1.4007837935862621e-83,0.0,-0.0035499999999999993,False,True,True,NORMAL,1.0,False
4.1930000000000005,3.333560744974791e-05,0.0016985561835368506,-0.010048345951498555,1.2674815910152098e-83,0.0,-0.0035499999999999993,False,False,True,NORMAL,1.0,False
4.194,3.5029078393685775e-05,0.0016883247581286629,-0.010414029775772292,1.1468647702223124e-83,0.0,-0.0035499999999999993,False,False,True,NORMAL,1.0,False
4.195,3.6712135548652845e-05,0.0016777290871633228,-0.010776824129191873,1.037726157524361e-83,0.0,-0.0035499999999999993,False,False,True,NORMAL,1.0,False
4.196,3.83844161267323e-05,0.0016667720987937663,-0.011136651776705416,9.389734570027204e-84,0.0,-0.0035499999999999993,False,False,True,NORMAL,1.0,False
4.197,4.004556030664798e-05,0.0016554567980179436,-0.011493436266022712,8.496183184386406e-84,0.0,-0.006684999999999999,False,True,True,NORMAL,1.0,False
4.198,4.169521131021537e-05,0.0016437862658880325,-0.011847101943630508,7.687664455720732e-84,0.0,-0.006684999999999999,False,False,True,NORMAL,1.0,False
4.199,4.3333015477993765e-05,0.0016317636587037387,-0.012197573970604204,6.956086456841167e-84,0.0,-0.006684999999999999,False,False,True,NORMAL,1.0,False
4.2,4.49586223441239e-05,0.0016193922071898877,-0.012544778338212709,6.2941273092430675e-84,0.0,-0.006684999999999999,False,False,True,NORMAL,1.0,False
4.2010000000000005,4.6571684710335426e-05,0.001606675215658516,-0.012888641883313243,5.695161903285118e-84,0.0,-0.006684999999999999,False,False,True,NORMAL,1.0,False
4.202,4.817185871910874e-05,0.0015936160611556736,-0.013229092303532978,5.153195591865267e-84,0.0,-0.001645,False,True,True,NORMAL,1.0,False
4.203,4.975880392597617e-05,0.001580218192593154,-0.01356605817223437,4.662804193977657e-84,0.0,-0.001645,False,False,True,NORMAL,1.0,False
4.204,5.133218337094732e-05,0.0015664851298653674,-0.013899468953261197,4.2190797076859865e-84,0.0,-0.001645,False,False,True,NORMAL,1.0,False
4.205,5.289166364904407e-05,0.0015524204629515784,-0.014229255015462284,3.8175811891904988e-84,0.0,-0.001645,False,False,True,NORMAL,1.0,False
4.206,5.44369149799305e-05,0.001538027851003733,-0.01455534764698996,3.454290306369779e-84,0.0,-0.001645,False,False,True,NORMAL,1.0,False
4.207,5.596761127662357e-05,0.0015233110214201008,-0.014877679069370455,3.125571121962274e-84,0.0,-0.002469999999999999,False,True,True,NORMAL,1.0,False
4.208,5.748343021327047e-05,0.0015082737689049623,-0.015196182451343299,2.8281337038841015e-84,0.0,-0.002469999999999999,False,False,True,NORMAL,1.0,False
4.2090000000000005,5.898405329197871e-05,0.001492919954514573,-0.01551079192246707,2.5590011984829653e-84,0.0,-0.002469999999999999,False,False,True,NORMAL,1.0,False
4.21,6.046916590868546e-05,0.0014772535046896392,-0.015821442586488686,2.3154800371862524e-84,0.0,-0.002469999999999999,False,False,True,NORMAL,1.0,False
4.211,6.193845741805271e-05,0.0014612784102745462,-0.01612807053447368,2.095132978361416e-84,0.0,-0.002469999999999999,False,False,True,NORMAL,1.0,False
4.212,6.339162119737515e-05,0.001444998725523573,-0.016430612857694767,1.8957547145825336e-84,0.0,-0.005874999999999999,False,True,True,NORMAL,1.0,False
4.213,6.48283547094878e-05,0.001428418567094344,-0.01672900766027627,1.7153498011723571e-84,0.0,-0.005874999999999999,False,False,True,NORMAL,1.0,False
4.214,6.624835956466089e-05,0.0014115421130287576,-0.01702319407159184,1.5521126851212921e-84,0.0,-0.005874999999999999,False,False,True,NORMAL,1.0,False
4.215,6.765134158146946e-05,0.001394373601721641,-0.017313112258413088,1.4044096345060103e-84,0.0,-0.005874999999999999,False,False,True,NORMAL,1.0,False
4.216,6.90370108466256e-05,0.0013769173308773833,-0.01759870343680683,1.270762387551244e-84,0.0,-0.005874999999999999,False,False,True,NORMAL,1.0,False
4.2170000000000005,7.040508177376139e-05,0.0013591776564547972,-0.017879909883778508,1.149833357689079e-84,0.0,-0.0017250000000000013,False,True,True,NORMAL,1.0,False
4.218,7.1755273161151e-05,0.0013411589916004652,-0.018156674948659673,1.0404122465430041e-84,0.0,-0.0017250000000000013,False,False,True,NORMAL,1.0,False
4.219,7.308730824836038e-05,0.0013228658055708267,-0.018428943064237324,9.41403930854964e-85,0.0,-0.0017250000000000013,False,False,True,NORMAL,1.0,False
4.22,7.440091477181357e-05,0.001304302622643267,-0.018696659757622955,8.518175021237086e-85,0.0,-0.0017250000000000013,False,False,True,NORMAL,1.0,False
4.221,7.569582501926475e-05,0.0012854740210164674,-0.01895977166085927,7.70756349259457e-85,0.0,-0.0017250000000000013,False,False,True,NORMAL,1.0,False
4.222,7.697177588316527e-05,0.00126638463170028,-0.019218226521262604,6.974091849987493e-85,0.0,-0.00358,False,True,True,NORMAL,1.0,False
4.223,7.822850891291556e-05,0.0012470391373953942,-0.019471973211499093,6.310419262688311e-85,0.0,-0.00358,False,False,True,NORMAL,1.0,False
4.224,7.946577036599159e-05,0.0012274422713630612,-0.0197209617393927,5.709903472375274e-85,0.0,-0.00358,False,False,True,NORMAL,1.0,False
4.225,8.06833112579363e-05,0.0012075988162851428,-0.01996514325746338,5.166534315178602e-85,0.0,-0.00358,False,False,True,NORMAL,1.0,False
4.226,8.188088741120625e-05,0.0011875136031147613,-0.02020447007219355,4.674873569940391e-85,0.0,-0.00358,False,False,True,NORMAL,1.0,False
4.227,8.305825950286447e-05,0.001167191509917816,-0.02043889565302123,4.230000530669412e-85,0.0,-0.004855,False,True,True,NORMAL,1.0,False
4.228,8.42151931111102e-05,0.0011466374607056469,-0.020668374641058265,3.8274627584616494e-85,0.0,-0.004855,False,False,True,NORMAL,1.0,False
4.229,8.535145876063713e-05,0.0011258564242591156,-0.020892862857532026,3.4632315199952305e-85,0.0,-0.004855,False,False,True,NORMAL,1.0,False
4.23,8.646683196681153e-05,0.0011048534129443862,-0.021112317311949173,3.133661466613236e-85,0.0,-0.004855,False,False,True,NORMAL,1.0,False
4.231,8.756109327866199e-05,0.001083633481520679,-0.021326696209979967,2.8354541504490985e-85,0.0,-0.004855,False,False,True,NORMAL,1.0,False
4.232,8.863402832067316e-05,0.001062201725940283,-0.021535958961061884,2.5656250124517075e-85,0.0,-0.004619999999999998,False,True,True,NORMAL,1.0,False
4.233,8.968542783337576e-05,0.0010405632821411028,-0.021740066185721198,2.3214735119152796e-85,0.0,-0.004619999999999998,False,False,True,NORMAL,1.0,False
4.234,9.071508771272538e-05,0.0010187233248320285,-0.021938979722611253,2.1005560985602928e-85,0.0,-0.004619999999999998,False,False,True,NORMAL,1.0,False
4.235,9.172280904826331e-05,0.000996687066271407,-0.022132662635266354,1.9006617566609838e-85,0.0,-0.004619999999999998,False,False,True,NORMAL,1.0,False
4.236,9.270839816005245e-05,0.0009744597550389036,-0.022321079218570156,1.7197898764568158e-85,0.0,-0.004619999999999998,False,False,True,NORMAL,1.0,False
4.237,9.367166663438191e-05,0.0009520466748010372,-0.02250419500493749,1.556130231377567e-85,0.0,-0.0062400000000000025,False,True,True,NORMAL,1.0,False
4.238,9.461243135823415e-05,0.0009294531430706787,-0.022681976770208702,1.408044860687378e-85,0.0,-0.0062400000000000025,False,False,True,NORMAL,1.0,False
4.239,9.553051455250858e-05,0.0009066845099607977,-0.022854392539255627,1.2740516762231694e-85,0.0,-0.0062400000000000025,False,False,True,NORMAL,1.0,False
4.24,9.642574380399634e-05,0.0008837461569327491,-0.023021411591298297,1.1528096291581588e-85,0.0,-0.0062400000000000025,False,False,True,NORMAL,1.0,False
4.241,9.729795209610061e-05,0.0008606434955393867,-0.023183004464931718,1.0431052883344604e-85,0.0,-0.0062400000000000025,False,False,True,NORMAL,1.0,False
4.242,9.814697783829762e-05,0.0008373819661632966,-0.02333914296286191,9.438406958362082e-86,0.0,-0.005009999999999999,False,True,True,NORMAL,1.0,False
4.243,9.89726648943336e-05,0.0008139670367504392,-0.02348980015635072,8.54022378257698e-86,0.0,-0.005009999999999999,False,False,True,NORMAL,1.0,False
4.244,9.977486260915314e-05,0.0007904042015394928,-0.023634950389368695,7.727514036876251e-86,0.0,-0.005009999999999999,False,False,True,NORMAL,1.0,False
4.245,0.00010055342583455494,0.0007666989797871894,-0.023774569282455648,6.992143848963741e-86,0.0,-0.005009999999999999,False,False,True,NORMAL,1.0,False
4.246,0.0001013082149535709,0.0007428569144899385,-0.023908633736288362,6.326753386832368e-86,0.0,-0.005009999999999999,False,False,True,NORMAL,1.0,False
4.247,0.00010203909590356527,0.0007188835711020271,-0.024037121934955226,5.724683199091662e-86,0.0,-0.0032950000000000006,False,True,True,NORMAL,1.0,False
4.248,0.00010274594019805023,0.0006947845362506941,-0.024160013348937342,5.179907564939936e-86,0.0,-0.0032950000000000006,False,False,True,NORMAL,1.0,False
4.249,0.0001034286249472152,0.0006705654164483687,-0.024277288737795975,4.686974186725186e-86,0.0,-0.0032950000000000006,False,False,True,NORMAL,1.0,False
4.25,0.00010408703287716716,0.0006462318368023691,-0.02438893015256616,4.240949621517609e-86,0.0,-0.0032950000000000006,False,False,True,NORMAL,1.0,False
4.251,0.00010472105234787929,0.0006217894397223546,-0.02449492093785637,3.837369905554573e-86,0.0,-0.0032950000000000006,False,False,True,NORMAL,1.0,False
4.252,0.00010533057736984636,0.0005972438836258249,-0.024595245733654163,3.472195877390894e-86,0.0,-0.0043599999999999976,False,True,True,NORMAL,1.0,False
4.253,0.00010591550761944452,0.0005726008416419599,-0.024689890476837957,3.1417727526134795e-86,0.0,-0.0043599999999999976,False,False,True,NORMAL,1.0,False
4.2540000000000004,0.00010647574845299436,0.0005478660003140967,-0.024778842402394873,2.84279354553051e-86,0.0,-0.0043599999999999976,False,False,True,NORMAL,1.0,False
4.255,0.00010701121091952585,0.0005230450583011328,-0.02486209004434501,2.5722659717471177e-86,0.0,-0.0043599999999999976,False,False,True,NORMAL,1.0,False
4.256,0.00010752181177224422,0.0004981437250781547,-0.024939623236372183,2.3274825003774205e-86,0.0,-0.0043599999999999976,False,False,True,NORMAL,1.0,False
4.257,0.00010800747347869634,0.0004731677196365801,-0.025011433112161547,2.1059932561653842e-86,0.0,-0.003914999999999999,False,True,True,NORMAL,1.0,False
4.258,0.00010846812422963692,0.00044812276918411003,-0.02507751210544447,1.9055815003098293e-86,0.0,-0.003914999999999999,False,False,True,NORMAL,1.0,False
4.259,0.00010890369794659487,0.000423014607844782,-0.025137853949751023,1.724241444597436e-86,0.0,-0.003914999999999999,False,False,True,NORMAL,1.0,False
4.26,0.00010931413428813982,0.0003978489753594167,-0.025192453677870583,1.5601581768001369e-86,0.0,-0.003914999999999999,False,False,True,NORMAL,1.0,False
4.261,0.00010969937865484936,0.0003726316157867497,-0.025241307621021235,1.4116894964235258e-86,0.0,-0.003914999999999999,False,False,True,NORMAL,1.0,False
4.2620000000000005,0.00011005938219297793,0.0003473682762055395,-0.025284413407728346,1.277349479012347e-86,0.0,-0.0034000000000000002,False,True,True,NORMAL,1.0,False
4.263,0.00011039410179682843,0.00032206470541794124,-0.025321769962413306,1.15579360451911e-86,0.0,-0.0034000000000000002,False,False,True,NORMAL,1.0,False
4.264,0.00011070350010982791,0.0002967266526544375,-0.025353377503692938,1.0458053008955465e-86,0.0,-0.0034000000000000002,False,False,True,NORMAL,1.0,False
4.265,0.00011098754552430916,0.00027135986628061304,-0.025379237542390482,9.46283768230646e-87,0.0,-0.0034000000000000002,False,False,True,NORMAL,1.0,False
4.266,0.00011124621218000002,0.00024597009250606263,-0.025399352879259096,8.56232961575156e-87,0.0,-0.0034000000000000002,False,False,True,NORMAL,1.0,False
4.267,0.0001114794799612229,0.0002205630740957191,-0.02541372760241873,7.7475162218894715e-87,0.0,-0.004465000000000001,False,True,True,NORMAL,1.0,False
4.268,0.00011168733449280686,0.00019514454908388701,-0.025422367084507375,7.010242574406182e-87,0.0,-0.004465000000000001,False,False,True,NORMAL,1.0,False
4.269,0.00011186976713471523,0.00016972024949126765,-0.025425277979547824,6.343129790831448e-87,0.0,-0.004465000000000001,False,False,True,NORMAL,1.0,False
4.2700000000000005,0.00011202677497539191,0.00014429590004525885,-0.02542246821953107,5.739501182202903e-87,0.0,-0.004465000000000001,False,False,True,NORMAL,1.0,False
4.271,0.00011215836082382966,0.0001188772169038129,-0.02541394701071739,5.1933154305188125e-87,0.0,-0.004465000000000001,False,False,True,NORMAL,1.0,False
4.272,0.00011226453320036413,9.346990638313373e-05,-0.02539972482965663,4.69910612519695e-87,0.0,-0.002919999999999998,False,True,True,NORMAL,1.0,False
4.273,0.00011234530632619777,6.80796636894938e-05,-0.02537981341892874,4.251927053400171e-87,0.0,-0.002919999999999998,False,False,True,NORMAL,1.0,False
4.274,0.00011240070011165754,4.271217165544971e-05,-0.025354225782606116,3.847302696675856e-87,0.0,-0.002919999999999998,False,False,True,NORMAL,1.0,False
4.275,0.00011243074014319125,1.7373099480734005e-05,-0.025322976181439128,3.481183438462966e-87,0.0,-0.002919999999999998,False,False,True,NORMAL,1.0,False
4.276,0.00011243545766910726,-7.93189852190079e-06,-0.02528608012776628,3.149905034168374e-87,0.0,-0.002919999999999998,False,False,True,NORMAL,1.0,False
4.277,0.0001124148895840626,-3.3197184175611266e-05,-0.025243554380150666,2.850151938175382e-87,0.0,-0.006940000000000002,False,True,True,NORMAL,1.0,False
4.2780000000000005,0.00011236907841230481,-5.8417136682892455e-05,-0.025195416937744245,2.5789241207487985e-87,0.0,-0.006940000000000002,False,False,True,NORMAL,1.0,False
4.279,0.00011229807228967338,-8.35861538632361e-05,-0.025141687034381657,2.333507042729e-87,0.0,-0.006940000000000002,False,False,True,NORMAL,1.0,False
4.28,0.00011220192494436633,-0.00010869865338474816,-0.025082385132405297,2.1114444875116355e-87,0.0,-0.006940000000000002,False,False,True,NORMAL,1.0,False
4.281,0.00011208069567647847,-0.0001337490739894578,-0.025017532916223467,1.910513978406288e-87,0.0,-0.006940000000000002,False,False,True,NORMAL,1.0,False
4.282,0.00011193444933631753,-0.0001587318767120519,-0.024947153285603364,1.7287045353427545e-87,0.0,-0.004334999999999999,False,True,True,NORMAL,1.0,False
4.283,0.00011176325630150498,-0.00018364154609177058,-0.02487127034870097,1.564196548306591e-87,0.0,-0.004334999999999999,False,False,True,NORMAL,1.0,False
4.284,0.00011156719245286844,-0.00020847259137720214,-0.024789909414829597,1.415343566070496e-87,0.0,-0.004334999999999999,False,False,True,NORMAL,1.0,False
4.285,0.00011134633914913305,-0.00023321954772371643,-0.024703096986969365,1.280655817957035e-87,0.0,-0.004334999999999999,False,False,True,NORMAL,1.0,False
4.2860000000000005,0.00011110078320041911,-0.0002578769773832793,-0.02461086075401938,1.1587853037129733e-87,0.0,-0.004334999999999999,False,False,True,NORMAL,1.0,False
4.287,0.00011083061684055382,-0.0002824394708863913,-0.024513229582795025,1.048512302269662e-87,0.0,-0.004919999999999997,False,True,True,NORMAL,1.0,False
4.288,0.0001105359376982052,-0.0003069016482158969,-0.024410233509772325,9.487331643646205e-88,0.0,-0.004919999999999997,False,False,True,NORMAL,1.0,False
4.289,0.00011021684876684628,-0.0003312581599724134,-0.024301903732581794,8.584492668487688e-88,0.0,-0.004919999999999997,False,False,True,NORMAL,1.0,False
4.29,0.00010987345837355824,-0.00035550368853112807,-0.02418827260125391,7.767570181303023e-88,0.0,-0.004919999999999997,False,False,True,NORMAL,1.0,False
4.291,0.00010950588014668109,-0.0003796329491897188,-0.024069373609218667,7.028388147263338e-88,0.0,-0.004919999999999997,False,False,True,NORMAL,1.0,False
4.292,0.00010911423298232104,-0.00040364069130715164,-0.023945241384061504,6.3595485841243e-88,0.0,-0.0028250000000000003,False,True,True,NORMAL,1.0,False
4.293,0.0001086986410097237,-0.00042752169943311347,-0.02381591167803816,5.754357520733274e-88,0.0,-0.0028250000000000003,False,False,True,NORMAL,1.0,False
4.2940000000000005,0.00010825923355552263,-0.0004512707944278404,-0.02368142135835083,5.2067580015161e-88,0.0,-0.0028250000000000003,False,False,True,NORMAL,1.0,False
4.295,0.00010779614510687294,-0.0004748828345721037,-0.02354180839718826,4.711269466429901e-88,0.0,-0.0028250000000000003,False,False,True,NORMAL,1.0,False
4.296,0.00010730951527348001,-0.0004983527166671191,-0.023397111861532323,4.2629328996760845e-88,0.0,-0.0028250000000000003,False,False,True,NORMAL,1.0,False
4.297,0.00010679948874853332,-0.0005216753771241469,-0.023247371902733772,3.857261198203454e-88,0.0,-0.0037500000000000003,False,True,True,NORMAL,1.0,False
4.298,0.00010626621526855603,-0.0005448457930435533,-0.02309262974585978,3.490194263272705e-88,0.0,-0.0037500000000000003,False,False,True,NORMAL,1.0,False
4.299,0.00010570984957218081,-0.0005678589832831069,-0.022932927678816023,3.1580583656235926e-88,0.0,-0.0037500000000000003,False,False,True,NORMAL,1.0,False
4.3,0.0001051305513578628,-0.0005907100095152851,-0.0227683090412462,2.8575293775577136e-88,0.0,-0.0037500000000000003,False,False,True,NORMAL,1.0,False
4.301,0.00010452848524054101,-0.0006133939772733704,-0.022598818213211674,2.585599503951224e-88,0.0,-0.0037500000000000003,False,False,True,NORMAL,1.0,False
4.3020000000000005,0.00010390382070725916,-0.0006359060369861169,-0.022424500603654137,2.3395471792302833e-88,0.0,-0.0028899999999999993,False,True,True,NORMAL,1.0,False
4.303,0.00010325673207175772,-0.0006582413850007733,-0.02224540263864433,2.116909829028042e-88,0.0,-0.0028899999999999993,False,False,True,NORMAL,1.0,False
4.304,0.00010258739842804885,-0.0006803952645942479,-0.02206157174941962,1.9154592239126778e-88,0.0,-0.0028899999999999993,False,False,True,NORMAL,1.0,False
4.305,0.00010189600360298616,-0.0007023629669722069,-0.021873056360213576,1.7331791785183102e-88,0.0,-0.0028899999999999993,False,False,True,NORMAL,1.0,False
4.306,0.00010118273610784152,-0.0007241398322559008,-0.021679905875880492,1.5682453728841933e-88,0.0,-0.0028899999999999993,False,False,True,NORMAL,1.0,False
4.307,0.00010044778908890127,-0.0007457212504565117,-0.021482170669318016,1.419007094047374e-88,0.0,-0.0033000000000000013,False,True,True,NORMAL,1.0,False
4.308,9.969136027709435e-05,-0.0007671026624368265,-0.02127990206869099,1.2839707151525357e-88,0.0,-0.0033000000000000013,False,False,True,NORMAL,1.0,False
4.309,9.891365193666525e-05,-0.0007882795608600331,-0.02107315234445963,1.1617847467324048e-88,0.0,-0.0033000000000000013,False,False,True,NORMAL,1.0,False
4.3100000000000005,9.811487081290462e-05,-0.0008092474911254506,-0.02086197469621536,1.0512263105469103e-88,0.0,-0.0033000000000000013,False,False,True,NORMAL,1.0,False
4.311,9.729522807895081e-05,-0.0008300020522909986,-0.020646423239327433,9.511889006067341e-89,0.0,-0.0033000000000000013,False,False,True,NORMAL,1.0,False
4.312,9.645493928167563e-05,-0.0008505388979822214,-0.020426552991403682,8.606713088894603e-89,0.0,-0.004329999999999999,False,True,True,NORMAL,1.0,False
4.313,9.559422428666787e-05,-0.0008708537372876806,-0.02020241985856875,7.78767604913169e-89,0.0,-0.004329999999999999,False,False,True,NORMAL,1.0,False
4.314,9.471330722232835e-05,-0.0008909423356405356,-0.019974080621563074,7.0465806887968e-89,0.0,-0.004329999999999999,False,False,True,NORMAL,1.0,False
4.315,9.381241642309034e-05,-0.0009108005156861366,-0.01974159292166612,6.37600987643295e-89,0.0,-0.004329999999999999,False,False,True,NORMAL,1.0,False
4.316,9.289178437177946e-05,-0.0009304241581354523,-0.019505015246447197,5.7692523139633675e-89,0.0,-0.004329999999999999,False,False,True,NORMAL,1.0,False
4.317,9.195164764112736e-05,-0.0009498092026041654,-0.01926440691534741,5.220235367764598e-89,0.0,-0.003025000000000002,False,True,True,NORMAL,1.0,False
4.3180000000000005,9.099224683445343e-05,-0.0009689516484372654,-0.019019828065096122,4.723464291708117e-89,0.0,-0.003025000000000002,False,False,True,NORMAL,1.0,False
4.319,9.001382652552934e-05,-0.0009878475555189783,-0.018771339634965634,4.2739672338942246e-89,0.0,-0.003025000000000002,False,False,True,NORMAL,1.0,False
4.32,8.901663519764102e-05,-0.0010064930450678707,-0.018519003351867423,3.867245476687142e-89,0.0,-0.003025000000000002,False,False,True,NORMAL,1.0,False
4.321,8.800092518186294e-05,-0.0010248843004169717,-0.018262881715293704,3.499228412036837e-89,0.0,-0.003025000000000002,False,False,True,NORMAL,1.0,False
4.322,8.696695259455995e-05,-0.0010430175677787622,-0.018003037982107846,3.166232801465482e-89,0.0,-0.0004449999999999979,False,True,True,NORMAL,1.0,False
4.323,8.591497727413169e-05,-0.0010608891569948793,-0.017739536151187313,2.8649259129787894e-89,0.0,-0.0004449999999999979,False,False,True,NORMAL,1.0,False
4.324,8.484526271701495e-05,-0.0010784954422703916,-0.017472440947922777,2.592292165964042e-89,0.0,-0.0004449999999999979,False,False,True,NORMAL,1.0,False
4.325,8.375807601295967e-05,-0.0010958328628925037,-0.01720181780857717,2.345602950245749e-89,0.0,-0.0004449999999999979,False,False,True,NORMAL,1.0,False
4.3260000000000005,8.265368777959391e-05,-0.0011128979239335508,-0.016927732864508303,2.1223893172378925e-89,0.0,-0.0004449999999999979,False,False,True,NORMAL,1.0,False
4.327,8.153237209629386e-05,-0.0011296871969381497,-0.016650252926258893,1.9204172698766376e-89,0.0,-0.0005750000000000004,False,True,True,NORMAL,1.0,False
4.328,8.039440643737463e-05,-0.0011461973205943749,-0.016369445467517733,1.7376654040268433e-89,0.0,-0.0005750000000000004,False,False,True,NORMAL,1.0,False
4.329,7.92400716046179e-05,-0.0011624250013888325,-0.01608537860895578,1.5723046775900615e-89,0.0,-0.0005750000000000004,False,False,True,NORMAL,1.0,False
4.33,7.806965165915261e-05,-0.0011783670142455104,-0.01579812110194107,1.422680104836453e-89,0.0,-0.0005750000000000004,False,False,True,NORMAL,1.0,False
4.331,7.688343385270497e-05,-0.0011940202031482834,-0.015507742312136193,1.2872941927513444e-89,0.0,-0.0005750000000000004,False,False,True,NORMAL,1.0,False
4.332,7.568170855823414e-05,-0.001209381481746959,-0.015214312202982243,1.1647919536218112e-89,0.0,-0.00022500000000000037,False,True,True,NORMAL,1.0,False
4.333,7.446476919997021e-05,-0.001224447833946752,-0.01491790131907317,1.0539473438642208e-89,0.0,-0.00022500000000000037,False,False,True,NORMAL,1.0,False
4.3340000000000005,7.323291218287099e-05,-0.0012392163144810805,-0.014618580769424353,9.536509933679592e-90,0.0,-0.00022500000000000037,False,False,True,NORMAL,1.0,False
4.335,7.198643682151441e-05,-0.0012536840494675793,-0.014316422210639373,8.628991025464921e-90,0.0,-0.00022500000000000037,False,False,True,NORMAL,1.0,False
4.336,7.072564526844328e-05,-0.0012678482369472299,-0.014011497829978894,7.807833959737146e-90,0.0,-0.00022500000000000037,False,False,True,NORMAL,1.0,False
4.337,6.945084244197949e-05,-0.0012817061474065129,-0.013703880328335614,7.064820320582041e-90,0.0,-0.0015249999999999992,False,True,True,NORMAL,1.0,False
4.338,6.816233595352456e-05,-0.00129525512428249,-0.013393642903119292,6.392513777763433e-90,0.0,-0.0015249999999999992,False,False,True,NORMAL,1.0,False
4.339,6.686043603436362e-05,-0.001308492584450728,-0.013080859231055723,5.784185661430762e-90,0.0,-0.0015249999999999992,False,False,True,NORMAL,1.0,False
4.34,6.554545546199014e-05,-0.0013214160186959787,-0.012765603450903811,5.23374761932963e-90,0.0,-0.0015249999999999992,False,False,True,NORMAL,1.0,False
4.341,6.421770948596862e-05,-0.0013340229921655396,-0.012447950146094632,4.735690682526072e-90,0.0,-0.0015249999999999992,False,False,True,NORMAL,1.0,False
4.3420000000000005,6.287751575335261e-05,-0.0013463111448052136,-0.012127974327296516,4.285030129793842e-90,0.0,-0.0038599999999999993,False,True,True,NORMAL,1.0,False
4.343,6.152519423367552e-05,-0.0013582781917777992,-0.011805751414910295,3.8772555988489527e-90,0.0,-0.0038599999999999993,False,False,True,NORMAL,1.0,False
4.344,6.0161067143531656e-05,-0.0013699219238640437,-0.011481357221498555,3.5082859451279542e-90,0.0,-0.0038599999999999993,False,False,True,NORMAL,1.0,False
4.345,5.878545887076513e-05,-0.0013812402078459936,-0.011154867934153165,3.174428396321424e-90,0.0,-0.0038599999999999993,False,False,True,NORMAL,1.0,False
4.346,5.7398695898284264e-05,-0.0013922309868726831,-0.010826360096804934,2.872341593867509e-90,0.0,-0.0038599999999999993,False,False,True,NORMAL,1.0,False
4.347,5.600110672751912e-05,-0.0014028922808081055,-0.010495910592479642,2.5990021515123697e-90,0.0,-0.00018500000000000287,False,True,True,NORMAL,1.0,False
4.348,5.459302180153995e-05,-0.001413222186561415,-0.010163596625504366,2.351674396244356e-90,0.0,-0.00018500000000000287,False,False,True,NORMAL,1.0,False
4.349,5.317477342785438e-05,-0.0014232188783993127,-0.009829495703668267,2.1278829887590173e-90,0.0,-0.00018500000000000287,False,False,True,NORMAL,1.0,False
4.3500000000000005,5.1746695700901085e-05,-0.0014328806082405708,-0.009493685620341889,1.92538814943135e-90,0.0,-0.00018500000000000287,False,False,True,NORMAL,1.0,False
4.351,5.030912442425794e-05,-0.0014422057059326585,-0.00915624443655905,1.742163241848497e-90,0.0,-0.00018500000000000287,False,False,True,NORMAL,1.0,False
4.352,4.886239703258246e-05,-0.0014511925795104318,-0.008817250463065406,1.5763744895513508e-90,0.0,-0.0006949999999999988,False,True,True,NORMAL,1.0,False
4.353,4.740685251330255e-05,-0.0014598397154368576,-0.008476782242337787,1.4263626229833978e-90,0.0,-0.0006949999999999988,False,False,True,NORMAL,1.0,False
4.354,4.5942831328075554e-05,-0.0014681456788257436,-0.008134918530578385,1.2906262729632964e-90,0.0,-0.0006949999999999988,False,False,True,NORMAL,1.0,False
4.355,4.447067533403352e-05,-0.0014761091136464518,-0.0077917382796878635,1.1678069444774825e-90,0.0,-0.0006949999999999988,False,False,True,NORMAL,1.0,False
4.356,4.299072770483284e-05,-0.0014837287429105765,-0.007447320619221524,1.0566754204054685e-90,0.0,-0.0006949999999999988,False,False,True,NORMAL,1.0,False
4.357,4.150333285152618e-05,-0.0014910033688405714,-0.007101744838332535,9.561194591017462e-91,0.0,0.001439999999999999,False,True,True,NORMAL,1.0,False
4.358,4.000883634327482e-05,-0.0014979318730203152,-0.006755090367706361,8.651326627075623e-91,0.0,0.001439999999999999,False,False,True,NORMAL,1.0,False
4.359,3.85075848279195e-05,-0.001504513216527609,-0.006407436761490474,7.828044047828853e-91,0.0,0.001439999999999999,False,False,True,NORMAL,1.0,False
4.36,3.699992595242776e-05,-0.0015107464400486027,-0.006058863679223341,7.083107164509221e-91,0.0,0.001439999999999999,False,False,True,NORMAL,1.0,False
4.361,3.548620828323592e-05,-0.0015166306639741512,-0.005709450867766855,6.40906039840653e-91,0.0,0.001439999999999999,False,False,True,NORMAL,1.0,False
4.362,3.396678122650372e-05,-0.0015221650884781083,-0.005359278143246175,5.799157662930682e-91,0.0,-0.0005799999999999994,False,True,True,NORMAL,1.0,False
4.363,3.2441994948299696e-05,-0.0015273489935775633,-0.005008425373001087,5.247294846509648e-91,0.0,-0.0005799999999999994,False,False,True,NORMAL,1.0,False
4.364,3.091220029473534e-05,-0.001532181739175038,-0.0046569724575528946,4.7479487205891865e-91,0.0,-0.0005799999999999994,False,False,True,NORMAL,1.0,False
4.365,2.9377748712066077e-05,-0.0015366627650826598,-0.004304999312590878,4.296121661305057e-91,0.0,-0.0005799999999999994,False,False,True,NORMAL,1.0,False
4.366,2.7838992166777095e-05,-0.0015407915910283323,-0.003952585850982348,3.8872916315836246e-91,0.0,-0.0005799999999999994,False,False,True,NORMAL,1.0,False
4.367,2.6296283065671953e-05,-0.00154456781664393,-0.0035998119648102947,3.5173669230749193e-91,0.0,-0.003465,False,True,True,NORMAL,1.0,False
4.368,2.4749974175982002e-05,-0.001547991121435545,-0.003246757507442633,3.1826452049601973e-91,0.0,-0.003465,False,False,True,NORMAL,1.0,False
4.369,2.320041854551451e-05,-0.001551061264735823,-0.00289350227563703,2.879776469780712e-91,0.0,-0.003465,False,False,True,NORMAL,1.0,False
4.37,2.1647969422857382e-05,-0.0015537780856384195,-0.0025401259916852815,2.60572950543709e-91,0.0,-0.003465,False,False,True,NORMAL,1.0,False
4.371,2.009298017765837e-05,-0.001556141502914626,-0.002186708285601194,2.3577615577998144e-91,0.0,-0.003465,False,False,True,NORMAL,1.0,False
4.372,1.8535804220996517e-05,-0.0015581515149122043,-0.00183332867735591,2.133390880304026e-91,0.0,0.002339999999999999,False,True,True,NORMAL,1.0,False
4.373,1.6976794925863688e-05,-0.0015598081994364832,-0.0014800665591646052,1.9303718957957576e-91,0.0,0.002339999999999999,False,False,True,NORMAL,1.0,False
4.374,1.5416305547773805e-05,-0.001561111713613769,-0.0011270011778284526,1.7466727220410136e-91,0.0,0.002339999999999999,False,False,True,NORMAL,1.0,False
4.375,1.3854689145517524e-05,-0.0015620622937371263,-0.0007742116171357535,1.580454835965432e-91,0.0,0.002339999999999999,False,False,True,NORMAL,1.0,False
4.376,1.22922985020799e-05,-0.0015626602550945928,-0.00042177678032608853,1.4300546730974074e-91,0.0,0.002339999999999999,False,False,True,NORMAL,1.0,False
4.377,1.0729486045738611e-05,-0.0015629059917798892,-6.977537262135366e-05,1.2939669780557163e-91,0.0,-0.00126,False,True,True,NORMAL,1.0,False
4.378,9.166603771360184e-06,-0.0015627999764856971,0.00028171411617250436,1.1708297394477275e-91,0.0,-0.00126,False,False,True,NORMAL,1.0,False
4.3790000000000004,7.604003161911628e-06,-0.0015623427602795747,0.0006326134289892456,1.059410558401597e-91,0.0,-0.00126,False,False,True,NORMAL,1.0,False
4.38,6.042035110204812e-06,-0.0015615349723625874,0.0009828445587477983,9.585943143041352e-92,0.0,-0.00126,False,False,True,NORMAL,1.0,False
4.381,4.4810498408908105e-06,-0.0015603773198107343,0.0013323297655156688,8.673720042989048e-92,0.0,-0.00126,False,False,True,NORMAL,1.0,False
4.382,2.9213968327213943e-06,-0.001558870587299253,0.001680991593586566,7.848306448464962e-92,0.0,0.0012150000000000004,False,True,True,NORMAL,1.0,False
4.383,1.363424741094739e-06,-0.0015570156368098927,0.0020287528884685227,7.101441342784008e-92,0.0,0.0012150000000000004,False,False,True,NORMAL,1.0,False
4.384,-1.925186790976565e-07,-0.001554813407321243,0.0023755368137788374,6.425649848938499e-92,0.0,0.0012150000000000004,False,False,True,NORMAL,1.0,False
4.385,-1.7460866503059536e-06,-0.0015522649144822191,0.0027212668680421676,5.8141684185166646e-92,0.0,0.0012150000000000004,False,False,True,NORMAL,1.0,False
4.386,-3.296933448822059e-06,-0.0015493712502687954,0.0030658669013881564,5.2608771398368366e-92,0.0,0.0012150000000000004,False,False,True,NORMAL,1.0,False
4.3870000000000005,-4.844714480928111e-06,-0.0015461335826240962,0.003409261132144969,4.760238487814367e-92,0.0,0.00263,False,True,True,NORMAL,1.0,False
4.388,-6.389086358676778e-06,-0.0015425531550819444,0.003751374163325191,4.307241902549352e-92,0.0,0.00263,False,False,True,NORMAL,1.0,False
4.389,-7.92970697528688e-06,-0.0015386312863739807,0.004092130999000519,3.89735364195905e-92,0.0,0.00263,False,False,True,NORMAL,1.0,False
4.39,-9.466235580137965e-06,-0.0015343693700204646,0.0044314570605617385,3.52647140656327e-92,0.0,0.00263,False,False,True,NORMAL,1.0,False
4.391,-1.0998332853347568e-05,-0.0015297688739048746,0.004769278202860514,3.190883282292348e-92,0.0,0.00263,False,False,True,NORMAL,1.0,False
4.392,-1.252566097991503e-05,-0.0015248313398324267,0.005105520730229522,2.8872305904035156e-92,0.0,0.0025349999999999995,False,True,True,NORMAL,1.0,False
4.393,-1.4047883723415836e-05,-0.0015195583830726355,0.005440111412377516,2.6124742726951562e-92,0.0,0.0025349999999999995,False,False,True,NORMAL,1.0,False
4.394,-1.5564666499230595e-05,-0.001513951691886044,0.00577297750015595,2.3638644755908563e-92,0.0,0.0025349999999999995,False,False,True,NORMAL,1.0,False
4.3950000000000005,-1.7075676447292882e-05,-0.0015080130270352522,0.006104046741193777,2.1389130286805578e-92,0.0,0.0025349999999999995,False,False,True,NORMAL,1.0,False
4.396,-1.8580582504340327e-05,-0.0015017442212803783,0.006433247395397141,1.93536854227479e-92,0.0,0.0025349999999999995,False,False,True,NORMAL,1.0,False
4.397,-2.0079055475653414e-05,-0.0014951471788590895,0.006760508250310652,1.7511938747399396e-92,0.0,0.0018199999999999998,False,True,True,NORMAL,1.0,False
4.398,-2.157076810626668e-05,-0.0014882238749513417,0.0070857586363370145,1.5845457441000745e-92,0.0,0.0018199999999999998,False,False,True,NORMAL,1.0,False
4.399,-2.3055395151637047e-05,-0.0014809763551289718,0.007408928441811792,1.4337562798513797e-92,0.0,0.0018199999999999998,False,False,True,NORMAL,1.0,False
4.4,-2.4532613447754252e-05,-0.0014734067347902885,0.00772994812793014,1.2973163303535649e-92,0.0,0.0018199999999999998,False,False,True,NORMAL,1.0,False
4.401,-2.6002101980678415e-05,-0.0014655171985798133,0.008048748743522363,1.1738603587330055e-92,0.0,0.0018199999999999998,False,False,True,NORMAL,1.0,False
4.402,-2.746354195548999e-05,-0.0014573099997933208,0.008365261939675229,1.062152776130738e-92,0.0,0.004265,False,True,True,NORMAL,1.0,False
4.4030000000000005,-2.8916616864637477e-05,-0.0014487874597683371,0.008679419984195937,9.610755755138635e-93,0.0,0.004265,False,False,True,NORMAL,1.0,False
4.404,-3.0361012555668412e-05,-0.0014399519672602544,0.008991155775915773,8.69617142285388e-93,0.0,0.004265,False,False,True,NORMAL,1.0,False
4.405,-3.179641729832937e-05,-0.0014308059778042228,0.009300402858830442,7.868621297053202e-93,0.0,0.004265,False,False,True,NORMAL,1.0,False
4.406,-3.32225218510208e-05,-0.0014213520130629852,0.009607095436074157,7.119822977928382e-93,0.0,0.004265,False,False,True,NORMAL,1.0,False
4.407,-3.4639019526592736e-05,-0.0014115926601608215,0.009911168383724597,6.442282240221813e-93,0.0,0.00534,False,True,True,NORMAL,1.0,False
4.408,-3.6045606257467586e-05,-0.0014015305710037747,0.01021255726443587,5.829218028501223e-93,0.0,0.00534,False,False,True,NORMAL,1.0,False
4.409,-3.744198066007637e-05,-0.0013911684615863303,0.010511198340896677,5.274494590077713e-93,0.0,0.00534,False,False,True,NORMAL,1.0,False
4.41,-3.8827844098594894e-05,-0.001380509111284727,0.01080702858911094,4.772560066330554e-93,0.0,0.00534,False,False,True,NORMAL,1.0,False
4.4110000000000005,-4.0202900747966685e-05,-0.0013695553621370755,0.011099985711498117,4.3183909278400666e-93,0.0,0.00534,False,False,True,NORMAL,1.0,False
4.412,-4.156685765619947e-05,-0.00135831011811047,0.011390008149810586,3.9074416972167174e-93,0.0,0.002909999999999999,False,True,True,NORMAL,1.0,False
4.413,-4.291942480592239e-05,-0.0013467763443552722,0.011677035097865447,3.535599456435622e-93,0.0,0.002909999999999999,False,False,True,NORMAL,1.0,False
4.414,-4.426031517519112e-05,-0.0013349570664467608,0.011961006514088143,3.1991426833705505e-93,0.0,0.002909999999999999,False,False,True,NORMAL,1.0,False
4.415,-4.55892447975284e-05,-0.0013228553696143293,0.012241863133865383,2.89470400554964e-93,0.0,0.002909999999999999,False,False,True,NORMAL,1.0,False
4.416,-4.690593282118766e-05,-0.0013104743979584293,0.012519546481704868,2.619236498359886e-93,0.0,0.002909999999999999,False,False,True,NORMAL,1.0,False
4.417,-4.8210101567627526e-05,-0.0012978173536554508,0.01279399888319937,2.369983190401507e-93,0.0,0.00036999999999999924,False,True,True,NORMAL,1.0,False
4.418,-4.9501476589185196e-05,-0.0012848874961507379,0.013065163476792775,2.1444494707915254e-93,0.0,0.00036999999999999924,False,False,True,NORMAL,1.0,False
4.4190000000000005,-5.077978672593708e-05,-0.0012716881413399376,0.01333298422534575,1.9403781222595835e-93,0.0,0.00036999999999999924,False,False,True,NORMAL,1.0,False
4.42,-5.204476416173497e-05,-0.0012582226607388846,0.013597405927498696,1.7557267301588249e-93,0.0,0.00036999999999999924,False,False,True,NORMAL,1.0,False
4.421,-5.329614447940649e-05,-0.001244494480642226,0.0138583742288298,1.5886472412936288e-93,0.0,0.00036999999999999924,False,False,True,NORMAL,1.0,False
4.422,-5.453366671510858e-05,-0.0012305070812709898,0.014115835632805914,1.437467467982077e-93,0.0,0.003530000000000001,False,True,True,NORMAL,1.0,False
4.423,-5.575707341182313e-05,-0.0012162639959093088,0.014369737511524166,1.3006743522395908e-93,0.0,0.003530000000000001,False,False,True,NORMAL,1.0,False
4.424,-5.6966110671984045e-05,-0.0012017688100305064,0.01462002811624217,1.1768988225860655e-93,0.0,0.003530000000000001,False,False,True,NORMAL,1.0,False
4.425,-5.8160528209225097e-05,-0.0011870251604127614,0.014866656587694788,1.0649020919183363e-93,0.0,0.003530000000000001,False,False,True,NORMAL,1.0,False
4.426,-5.934007939923834e-05,-0.0011720367342445603,0.015109572966195467,9.635632593124795e-94,0.0,0.003530000000000001,False,False,True,NORMAL,1.0,False
4.4270000000000005,-6.0504521329733e-05,-0.00115680726822016,0.015348728201520164,8.718680916706177e-94,0.0,0.005734999999999999,False,True,True,NORMAL,1.0,False
4.428,-6.165361484948488e-05,-0.001141340547625274,0.01558407416257201,7.88898872935181e-94,0.0,0.005734999999999999,False,False,True,NORMAL,1.0,False
4.429,-6.278712461646666e-05,-0.0011256404054132045,0.015815563646824803,7.138252192781477e-94,0.0,0.005734999999999999,False,False,True,NORMAL,1.0,False
4.43,-6.390481914504969e-05,-0.001109710721271644,0.016043150389543643,6.458957683405917e-94,0.0,0.005734999999999999,False,False,True,NORMAL,1.0,False
4.431,-6.500647085226791e-05,-0.0010935554206803664,0.01626678907278083,5.844306593456532e-94,0.0,0.005734999999999999,False,False,True,NORMAL,1.0,False
4.432,-6.609185610313513e-05,-0.0010771784739600357,0.01648643533414546,5.288147288233743e-94,0.0,0.0007600000000000003,False,True,True,NORMAL,1.0,False
4.433,-6.71607552550067e-05,-0.0010605838953123604,0.016702045775345047,4.784913538479281e-94,0.0,0.0007600000000000003,False,False,True,NORMAL,1.0,False
4.434,-6.821295270097709e-05,-0.001043775741851819,0.016913577970497574,4.3295688116828994e-94,0.0,0.0007600000000000003,False,False,True,NORMAL,1.0,False
4.4350000000000005,-6.924823691230507e-05,-0.00102675811262919,0.017120990474212422,3.917555864772172e-94,0.0,0.0007600000000000003,False,False,True,NORMAL,1.0,False
4.436,-7.026640047985853e-05,-0.0010095351476471172,0.017324242829438844,3.544751133692083e-94,0.0,0.0007600000000000003,False,False,True,NORMAL,1.0,False
4.437,-7.126724015457081e-05,-0.0009921110268679425,0.017523295575080342,3.2074234633899845e-94,0.0,0.0008599999999999992,False,True,True,NORMAL,1.0,False
4.438,-7.225055688690125e-05,-0.0009744899692140427,0.017718110253373845,2.9021967651617483e-94,0.0,0.0008599999999999992,False,False,True,NORMAL,1.0,False
4.439,-7.32161558652923e-05,-0.0009566762315609052,0.017908649417032123,2.62601622762127e-94,0.0,0.0008599999999999992,False,False,True,NORMAL,1.0,False
4.44,-7.416384655361627e-05,-0.0009386741077231796,0.018094876636148432,2.3761177431213606e-94,0.0,0.0008599999999999992,False,False,True,NORMAL,1.0,False
4.441,-7.509344272760468e-05,-0.0009204879274339447,0.01827675650486197,2.1500002436353633e-94,0.0,0.0008599999999999992,False,False,True,NORMAL,1.0,False
4.442,-7.600476251025355e-05,-0.0009021220553174303,0.018454254647783195,1.9454006692277061e-94,0.0,0.0026449999999999993,False,True,True,NORMAL,1.0,False
4.4430000000000005,-7.689762840619831e-05,-0.000883580889855433,0.01862733772617777,1.7602713185894253e-94,0.0,0.0026449999999999993,False,False,True,NORMAL,1.0,False
4.444,-7.777186733505206e-05,-0.0008648688623476702,0.018795973443908216,1.5927593549552096e-94,0.0,0.0026449999999999993,False,False,True,NORMAL,1.0,False
4.445,-7.862731066370115e-05,-0.0008459904358663143,0.01896013055313223,1.4411882622902923e-94,0.0,0.0026449999999999993,False,False,True,NORMAL,1.0,False
4.446,-7.946379423755265e-05,-0.0008269501042049494,0.01911977885975677,1.3040410661544792e-94,0.0,0.0026449999999999993,False,False,True,NORMAL,1.0,False
4.447,-8.028115841072796e-05,-0.0008077523908221972,0.019274889228647087,1.1799451513120789e-94,0.0,0.0027500000000000016,False,True,True,NORMAL,1.0,False
4.448,-8.107924807519756e-05,-0.0007884018477802571,0.01942543358858984,1.0676585241372711e-94,0.0,0.0027500000000000016,False,False,True,NORMAL,1.0,False
4.449,-8.185791268885184e-05,-0.0007689030546786055,0.01957138493700957,9.660573823244516e-95,0.0,0.0027500000000000016,False,False,True,NORMAL,1.0,False
4.45,-8.261700630250324e-05,-0.0007492606175831029,0.019712717344437882,8.741248674970346e-95,0.0,0.0027500000000000016,False,False,True,NORMAL,1.0,False
4.4510000000000005,-8.335638758581543e-05,-0.0007294791679507552,0.019849405958734606,7.90940888147042e-95,0.0,0.0027500000000000016,False,False,True,NORMAL,1.0,False
4.452,-8.407591985215511e-05,-0.000709563361550379,0.019981427009060467,7.156729110500381e-95,0.0,0.003679999999999999,False,True,True,NORMAL,1.0,False
4.453,-8.47754710823625e-05,-0.0006895178773794179,0.02010875780960069,6.475676289927954e-95,0.0,0.003679999999999999,False,False,True,NORMAL,1.0,False
4.454,-8.545491394743692e-05,-0.0006693474165771597,0.020231376763039047,5.859434214215092e-95,0.0,0.003679999999999999,False,False,True,NORMAL,1.0,False
4.455,-8.61141258301338e-05,-0.0006490567013346058,0.020349263363782014,5.301835325541945e-95,0.0,0.003679999999999999,False,False,True,NORMAL,1.0,False
4.456,-8.675298884547001e-05,-0.0006286504738012398,0.02046239820093261,4.7972989868152144e-95,0.0,0.003679999999999999,False,False,True,NORMAL,1.0,False
4.457,-8.73713898601346e-05,-0.0006081334949889492,0.020570762961013705,4.340775628776403e-95,0.0,0.003340000000000001,False,True,True,NORMAL,1.0,False
4.458,-8.7969220510802e-05,-0.0005875105436733478,0.02067434043044047,3.9276962122154594e-95,0.0,0.003340000000000001,False,False,True,NORMAL,1.0,False
4.4590000000000005,-8.854637722134543e-05,-0.0005667864152927522,0.02077311449774185,3.5539264994906546e-95,0.0,0.003340000000000001,False,False,True,NORMAL,1.0,False
4.46,-8.910276121894827e-05,-0.0005459659208450617,0.020867070155530954,3.2157256776886993e-95,0.0,0.003340000000000001,False,False,True,NORMAL,1.0,False
4.461,-8.963827854911121e-05,-0.0005250538857827934,0.02095619350222421,2.909708919311779e-95,0.0,0.003340000000000001,False,False,True,NORMAL,1.0,False
4.462,-9.015284008955379e-05,-0.0005040551489065244,0.021040471743509388,2.632813505786272e-95,0.0,0.005404999999999998,False,True,True,NORMAL,1.0,False
4.463,-9.064636156300856e-05,-0.0004829745612569907,0.021119893193562413,2.382268174745853e-95,0.0,0.005404999999999998,False,False,True,NORMAL,1.0,False
4.464,-9.111876354890686e-05,-0.00046181698500609566,0.021194447276013186,2.1555653843062758e-95,0.0,0.005404999999999998,False,False,True,NORMAL,1.0,False
4.465,-9.15699714939551e-05,-0.0004405872923470772,0.02126412452466051,1.9504362167433814e-95,0.0,0.005404999999999998,False,False,True,NORMAL,1.0,False
4.466,-9.199991572160092e-05,-0.0004192903643840863,0.021328916583936337,1.7648276704019063e-95,0.0,0.005404999999999998,False,False,True,NORMAL,1.0,False
4.4670000000000005,-9.24085314403888e-05,-0.00039793109002142567,0.021388816209119615,1.5968821125648784e-95,0.0,0.00414,False,True,True,NORMAL,1.0,False
4.468,-9.27957587512047e-05,-0.00037651436485270045,0.021443817266300107,1.444918687641013e-95,0.0,0.00414,False,False,True,NORMAL,1.0,False
4.469,-9.316154265341004e-05,-0.00035504509005012926,0.021493914732092452,1.3074164945970013e-95,0.0,0.00414,False,False,True,NORMAL,1.0,False
4.47,-9.350583304986514e-05,-0.00033352817125426623,0.021539104693101056,1.1829993652687756e-95,0.0,0.00414,False,False,True,NORMAL,1.0,False
4.471,-9.382858475084266e-05,-0.0003119685174643825,0.021579384345136173,1.0704220912079778e-95,0.0,0.00414,False,False,True,NORMAL,1.0,False
4.472,-9.412975747683188e-05,-0.0002903710399297558,0.021614751992181807,9.68557961217279e-96,0.0,0.001565,False,True,True,NORMAL,1.0,False
4.473,-9.44093158602348e-05,-0.0002687406510421158,0.021645207045116004,8.763874848460157e-96,0.0,0.001565,False,False,True,NORMAL,1.0,False
4.474,-9.466722944595545e-05,-0.00024708226322949303,0.021670750020184214,7.929881889870974e-96,0.0,0.001565,False,False,True,NORMAL,1.0,False
4.4750000000000005,-9.490347269088372e-05,-0.0002254007878517173,0.02169138253722641,7.175253854560967e-96,0.0,0.001565,False,False,True,NORMAL,1.0,False
4.476,-9.511802496227576e-05,-0.00020370113409781196,0.021707107317658764,6.4924381715135115e-96,0.0,0.001565,False,False,True,NORMAL,1.0,False
4.477,-9.531087053503267e-05,-0.00018198820788552884,0.021717928182210643,5.8746009918703915e-96,0.0,0.00414,False,True,True,NORMAL,1.0,False
4.478,-9.548199858788007e-05,-0.0001602669107632681,0.02172385004841792,5.315558793475492e-96,0.0,0.00414,False,False,True,NORMAL,1.0,False
4.479,-9.563140319845072e-05,-0.00013854213881462642,0.021724878927873354,4.809716494106704e-96,0.0,0.00414,False,False,True,NORMAL,1.0,False
4.48,-9.575908333727321e-05,-0.00011681878156581563,0.021721021923235197,4.352011454012478e-96,0.0,0.00414,False,False,True,NORMAL,1.0,False
4.481,-9.586504286066958e-05,-9.510172089619331e-05,0.021712287224994943,3.937862807311572e-96,0.0,0.00414,False,False,True,NORMAL,1.0,False
4.482,-9.594929050256508e-05,-7.339582995214566e-05,0.02169868410800536,3.563125615147638e-96,0.0,0.002114999999999999,False,True,True,NORMAL,1.0,False
4.483,-9.601183986521367e-05,-5.1705972064561664e-05,0.021680222927769915,3.2240493817479788e-96,0.0,0.002114999999999999,False,False,True,NORMAL,1.0,False
4.484,-9.605270940884281e-05,-3.0036999670136555e-05,0.021656915116494833,2.9172405182012727e-96,0.0,0.002114999999999999,False,False,True,NORMAL,1.0,False
4.485,-9.607192244022163e-05,-8.393753236741601e-06,0.021628773178904978,2.639628378279124e-96,0.0,0.002114999999999999,False,False,True,NORMAL,1.0,False
4.486,-9.606950710015655e-05,1.3218939806904629e-05,0.021595810687824867,2.3884345263765297e-96,0.0,0.002114999999999999,False,False,True,NORMAL,1.0,False
4.487,-9.604549634991887e-05,3.479626613702905e-05,0.0215580422795262,2.161144929994479e-96,0.0,0.003660000000000001,False,True,True,NORMAL,1.0,False
4.488,-9.599992795660888e-05,5.6333427595828256e-05,0.021515483648843252,1.9554847984577087e-96,0.0,0.003660000000000001,False,False,True,NORMAL,1.0,False
4.489,-9.593284447746147e-05,7.78256422474926e-05,0.021468151544057592,1.7693958160450418e-96,0.0,0.003660000000000001,False,False,True,NORMAL,1.0,False
4.49,-9.584429324309827e-05,9.926814542900023e-05,0.02141606376155361,1.6010155416738251e-96,0.0,0.003660000000000001,False,False,True,NORMAL,1.0,False
4.491,-9.573432633973177e-05,0.00012065619079545291,0.02135923914024647,1.448658768963587e-96,0.0,0.003660000000000001,False,False,True,NORMAL,1.0,False
4.492,-9.560300059032685e-05,0.00014198505135972638,0.02129769755578395,1.3108006601241637e-96,0.0,0.004589999999999999,False,True,True,NORMAL,1.0,False
4.493,-9.545037753472564e-05,0.00016325002052621038,0.021231459914523954,1.1860614848665796e-96,0.0,0.004589999999999999,False,False,True,NORMAL,1.0,False
4.494,-9.52765234087417e-05,0.00018444641311841467,0.02116054814728926,1.0731928115985722e-96,0.0,0.004589999999999999,False,False,True,NORMAL,1.0,False
4.495,-9.508150912222972e-05,0.0002055695664002191,0.021084985202901356,9.71065012701604e-97,0.0,0.004589999999999999,False,False,True,NORMAL,1.0,False
4.496,-9.486541023613729e-05,0.0002266148410905479,0.021004795041495068,8.786559588379757e-97,0.0,0.004589999999999999,False,False,True,NORMAL,1.0,False
4.497,-9.462830693854528e-05,0.00024757762237124966,0.02092000262761581,7.950407891368642e-97,0.0,0.005075000000000001,False,True,True,NORMAL,1.0,False
4.498,-9.437028401970393e-05,0.00026845332088796663,0.020830633923101433,7.19382654875872e-97,0.0,0.005075000000000001,False,False,True,NORMAL,1.0,False
4.499,-9.409143084607163e-05,0.00028923737374377906,0.02073671587975045,6.509243440177378e-97,0.0,0.005075000000000001,False,False,True,NORMAL,1.0,False
4.5,-9.37918413333637e-05,0.0003099252454854118,0.020638276431778717,5.889807027777605e-97,0.0,0.005075000000000001,False,False,True,NORMAL,1.0,False
4.501,-9.34716139186189e-05,0.00033051242908179243,0.020535344488066563,5.329317783744337e-97,0.0,0.005075000000000001,False,False,True,NORMAL,1.0,False
4.502,-9.313085153129113e-05,0.00035099444689475295,0.020427949924198375,4.822166143336348e-97,0.0,0.0036699999999999992,False,True,True,NORMAL,1.0,False
4.503,-9.276966156337456e-05,0.00037136685164166776,0.020316123574296775,4.3632763624768817e-97,0.0,0.0036699999999999992,False,False,True,NORMAL,1.0,False
4.5040000000000004,-9.238815583857025e-05,0.0003916252273498243,0.020199897222653567,3.948055718000915e-97,0.0,0.0036699999999999992,False,False,True,NORMAL,1.0,False
4.505,-9.19864505805025e-05,0.0004117651903023238,0.020079303595159574,3.5723485421380543e-97,0.0,0.0036699999999999992,False,False,True,NORMAL,1.0,False
4.506,-9.156466637999371e-05,0.00043178238997531226,0.019954376350535617,3.232394631192721e-97,0.0,0.0036699999999999992,False,False,True,NORMAL,1.0,False
4.507,-9.112292816140646e-05,0.000451672509966344,0.019825150071366936,2.9247916121617195e-97,0.0,0.0059050000000000005,False,True,True,NORMAL,1.0,False
4.508,-9.06613651480616e-05,0.0004714312689136822,0.019691660254943337,2.646460890641642e-97,0.0,0.0059050000000000005,False,False,True,NORMAL,1.0,False
4.509,-9.018011082674181e-05,0.0004910544214063433,0.019553943303907393,2.394616839221329e-97,0.0,0.0059050000000000005,False,False,True,NORMAL,1.0,False
4.51,-8.967930291128973e-05,0.0005105377588846952,0.019412036516713145,2.1667389179864578e-97,0.0,0.0059050000000000005,False,False,True,NORMAL,1.0,False
4.511,-8.915908330531029e-05,0.0005298771105314197,0.019265978077897684,1.9605464481088951e-97,0.0,0.0059050000000000005,False,False,True,NORMAL,1.0,False
4.5120000000000005,-8.861959806398705e-05,0.0005490683441526543,0.019115807048168103,1.773975786046424e-97,0.0,0.0018199999999999978,False,True,True,NORMAL,1.0,False
4.513,-8.806099735502228e-05,0.0005681073670491298,0.018961563354306318,1.605159669904558e-97,0.0,0.0018199999999999978,False,False,True,NORMAL,1.0,False
4.514,-8.74834354187111e-05,0.0005869901268771226,0.018803287778894315,1.4524085312518932e-97,0.0,0.0018199999999999978,False,False,True,NORMAL,1.0,False
4.515,-8.68870705271597e-05,0.0006057126124990437,0.018641021949862367,1.3141935853513633e-97,0.0,0.0018199999999999978,False,False,True,NORMAL,1.0,False
4.516,-8.627206494265832e-05,0.0006242708548234877,0.01847480832986289,1.189131530568748e-97,0.0,0.0018199999999999978,False,False,True,NORMAL,1.0,False
4.517,-8.563858487521955e-05,0.000642660927634571,0.018304690205472544,1.0759707038249747e-97,0.0,0.0029500000000000012,False,True,True,NORMAL,1.0,False
4.518,-8.498680043929257e-05,0.000660878948410386,0.018130711676225247,9.735785535313242e-98,0.0,0.0029500000000000012,False,False,True,NORMAL,1.0,False
4.519,-8.43168856096646e-05,0.0006789210791304055,0.017952917643478925,8.809303046324676e-98,0.0,0.0029500000000000012,False,False,True,NORMAL,1.0,False
4.5200000000000005,-8.362901817656053e-05,0.0006967835270716722,0.017771353799118608,7.970987023132733e-98,0.0,0.0029500000000000012,False,False,True,NORMAL,1.0,False
4.521,-8.292337969995186e-05,0.0007144625455936097,0.017586066614098755,7.212447317209561e-98,0.0,0.0029500000000000012,False,False,True,NORMAL,1.0,False
4.522,-8.220015546308687e-05,0.0007319544349112976,0.0173971033268276,6.526092208224283e-98,0.0,0.00728,False,True,True,NORMAL,1.0,False
4.523,-8.145953442525306e-05,0.0007492555428570523,0.017204511931396358,5.905052423554253e-98,0.0,0.00728,False,False,True,NORMAL,1.0,False
4.524,-8.070170917378412e-05,0.0007663622656301613,0.017008341165656186,5.3431123882958153e-98,0.0,0.00728,False,False,True,NORMAL,1.0,False
4.525,-7.992687587532308e-05,0.0007832710485346193,0.016808640499145766,4.834648017701535e-98,0.0,0.00728,False,False,True,NORMAL,1.0,False
4.526,-7.913523422635377e-05,0.0007999783867047181,0.01660546012087252,4.3745704294497265e-98,0.0,0.00728,False,False,True,NORMAL,1.0,False
4.527,-7.832698740301288e-05,0.0008164808258183462,0.016398850926950377,3.958275012399749e-98,0.0,0.002270000000000001,False,True,True,NORMAL,1.0,False
4.5280000000000005,-7.750234201019483e-05,0.0008327749627978558,0.01618886450809705,3.581595342096044e-98,0.0,0.002270000000000001,False,False,True,NORMAL,1.0,False
4.529,-7.666150802996215e-05,0.0008488574464983573,0.015975553136993947,3.2407614817918035e-98,0.0,0.002270000000000001,False,False,True,NORMAL,1.0,False
4.53,-7.580469876927387e-05,0.0008647249783833076,0.015758969755511658,2.9323622516548857e-98,0.0,0.002270000000000001,False,False,True,NORMAL,1.0,False
4.531,-7.493213080704467e-05,0.0008803743131872563,0.015539167961804167,2.6533110885335194e-98,0.0,0.002270000000000001,False,False,True,NORMAL,1.0,False
4.532,-7.404402394054789e-05,0.0008958022595656231,0.015316201997274842,2.4008151545948507e-98,0.0,0.0015099999999999988,False,True,True,NORMAL,1.0,False
4.533,-7.314060113117515e-05,0.0009110056807313783,0.01509012673341734,2.1723473856652077e-98,0.0,0.0015099999999999988,False,False,True,NORMAL,1.0,False
4.534,-7.222208844956599e-05,0.0009259814950785017,0.014860997658534594,1.9656211995224732e-98,0.0,0.0015099999999999988,False,False,True,NORMAL,1.0,False
4.535,-7.128871502012072e-05,0.0009407266767921026,0.014628870864339007,1.7785676110126603e-98,0.0,0.0015099999999999988,False,False,True,NORMAL,1.0,False
4.5360000000000005,-7.034071296490979e-05,0.0009552382564450807,0.014393803032437081,1.6093145249510803e-98,0.0,0.0015099999999999988,False,False,True,NORMAL,1.0,False
4.537,-6.937831734699331e-05,0.0009695133215812155,0.014155851420701672,1.4561679995645023e-98,0.0,-0.002069999999999999,False,True,True,NORMAL,1.0,False
4.538,-6.840176611316437e-05,0.0009835490172845733,0.013915073849535123,1.3175952929525325e-98,0.0,-0.002069999999999999,False,False,True,NORMAL,1.0,False
4.539,-6.741130003612977e-05,0.000997342546735124,0.013671528688026513,1.1922095228915032e-98,0.0,-0.002069999999999999,False,False,True,NORMAL,1.0,False
4.54,-6.640716265614204e-05,0.0010108911717504633,0.013425274840006263,1.0787557864510308e-98,0.0,-0.002069999999999999,False,False,True,NORMAL,1.0,False
4.541,-6.53896002220969e-05,0.0010241922133135406,0.013176371730001489,9.760986005037017e-99,0.0,-0.002069999999999999,False,False,True,NORMAL,1.0,False
4.542,-6.435886163210979e-05,0.0010372430520862923,0.012924879289095262,8.83210537428283e-99,0.0,0.0005299999999999988,False,True,True,NORMAL,1.0,False
4.543,-6.331519837358603e-05,0.001050041128909089,0.012670857940693222,7.991619422687598e-99,0.0,0.0005299999999999988,False,False,True,NORMAL,1.0,False
4.5440000000000005,-6.225886446279861e-05,0.001062583945285904,0.012414368586200831,7.231116284350671e-99,0.0,0.0005299999999999988,False,False,True,NORMAL,1.0,False
4.545,-6.119011638398798e-05,0.001074869063855116,0.01215547259061462,6.542984588249643e-99,0.0,0.0005299999999999988,False,False,True,NORMAL,1.0,False
4.546,-6.010921302799823e-05,0.001086894108845861,0.011894231768030809,5.9203372810808825e-99,0.0,0.0005299999999999988,False,False,True,NORMAL,1.0,False
4.547,-5.901641563046427e-05,0.0010986567665198532,0.01163070836707468,5.3569426993152585e-99,0.0,0.0016250000000000019,False,True,True,NORMAL,1.0,False
4.548,-5.791198770956437e-05,0.0011101547855985965,0.011364965056254088,4.847162200615002e-99,0.0,0.0016250000000000019,False,False,True,NORMAL,1.0,False
4.549,-5.67961950033529e-05,0.0011213859776759143,0.011097064909240532,4.385893730405978e-99,0.0,0.0016250000000000019,False,False,True,NORMAL,1.0,False
4.55,-5.56693054066879e-05,0.0011323482176157245,0.01082707139008119,3.9685207588006475e-99,0.0,0.0016250000000000019,False,False,True,NORMAL,1.0,False
4.551,-5.453158890776825e-05,0.0011430394439349936,0.010555048338345367,3.5908660768152846e-99,0.0,0.0016250000000000019,False,False,True,NORMAL,1.0,False
4.5520000000000005,-5.3383317524295364e-05,0.001153457659171806,0.010281059954208749,3.2491499894584575e-99,0.0,0.0012449999999999994,False,True,True,NORMAL,1.0,False
4.553,-5.222476523927425e-05,0.001163600930238488,0.010005170783478975,2.9399524872731556e-99,0.0,0.0012449999999999994,False,False,True,NORMAL,1.0,False
4.554,-5.1056207936468954e-05,0.001173467388759729,0.009727445702565922,2.6601790177326393e-99,0.0,0.0012449999999999994,False,False,True,NORMAL,1.0,False
4.555,-4.987792333552742e-05,0.0011830552313956478,0.009447949903400197,2.4070295139186362e-99,0.0,0.0012449999999999994,False,False,True,NORMAL,1.0,False
4.556,-4.869019092679079e-05,0.001192362720149752,0.0091667488783033,2.1779703705104895e-99,0.0,0.0012449999999999994,False,False,True,NORMAL,1.0,False
4.557,-4.74932919058024e-05,0.0012013881826617452,0.008883908404812922,1.9707090866115334e-99,0.0,0.00027999999999999965,False,True,True,NORMAL,1.0,False
4.558,-4.6287509107531454e-05,0.0012101300124851377,0.008599494530466871,1.783171321629584e-99,0.0,0.00027999999999999965,False,False,True,NORMAL,1.0,False
4.559,-4.507312694032679e-05,0.0012185866693496241,0.008313573557549091,1.6134801345790823e-99,0.0,0.00027999999999999965,False,False,True,NORMAL,1.0,False
4.5600000000000005,-4.3850431319615856e-05,0.001226756679408187,0.008026212027801287,1.4599371990248493e-99,0.0,0.00027999999999999965,False,False,True,NORMAL,1.0,False
4.561,-4.261970960136427e-05,0.001234638635468897,0.0077374767071036145,1.3210058056602954e-99,0.0,0.00027999999999999965,False,False,True,NORMAL,1.0,False
4.562,-4.1381250515311175e-05,0.0012422311972113817,0.0074474345701279416,1.1952954824041742e-99,0.0,-0.0007899999999999993,False,True,True,NORMAL,1.0,False
4.563,-4.013534409799589e-05,0.001249533091387932,0.007156152784967177,1.0815480780886397e-99,0.0,-0.0007899999999999993,False,False,True,NORMAL,1.0,False
4.564,-3.8882281625591084e-05,0.0012565431120092306,0.006863698697744148,9.786251704594791e-100,0.0,-0.0007899999999999993,False,False,True,NORMAL,1.0,False
4.565,-3.762235554655792e-05,0.001263260120514678,0.006570139817203515,8.854966724635558e-100,0.0,-0.0007899999999999993,False,False,True,NORMAL,1.0,False
4.566,-3.635585941413863e-05,0.0012696830459273055,0.006275543799290233,8.012305227913576e-100,0.0,-0.0007899999999999993,False,False,True,NORMAL,1.0,False
4.567,-3.5083087818701824e-05,0.0012758108849932597,0.005979978431718021,7.249833574941341e-100,0.0,0.0035350000000000004,False,True,True,NORMAL,1.0,False
4.5680000000000005,-3.380433631995609e-05,0.0012816427023058532,0.0056835116185313395,6.559920693140333e-100,0.0,0.0035350000000000004,False,False,True,NORMAL,1.0,False
4.569,-3.25199013790472e-05,0.0012871776304141742,0.005386211364664359,5.93566170250176e-100,0.0,0.0035350000000000004,False,False,True,NORMAL,1.0,False
4.57,-3.1230080290554517e-05,0.001292414869916257,0.00508814576050038,5.370808809226621e-100,0.0,0.0035350000000000004,False,False,True,NORMAL,1.0,False
4.571,-2.993517111440184e-05,0.001297353689536811,0.004789382966435198,4.859708775705402e-100,0.0,0.0035350000000000004,False,False,True,NORMAL,1.0,False
4.572,-2.8635472607698337e-05,0.0013019934261895181,0.004489991197447849,4.39724634101597e-100,0.0,0.0007549999999999994,False,True,True,NORMAL,1.0,False
4.573,-2.7331284156524824e-05,0.0013063334850239067,0.004190038707682225,3.978793025672961e-100,0.0,0.0007549999999999994,False,False,True,NORMAL,1.0,False
4.574,-2.6022905707680925e-05,0.0013103733394568117,0.0038895937750429905,3.600160808249405e-100,0.0,0.0007549999999999994,False,False,True,NORMAL,1.0,False
4.575,-2.4710637700408432e-05,0.0013141125311884418,0.0035887246858092347,3.257560210250645e-100,0.0,0.0007549999999999994,False,False,True,NORMAL,1.0,False
4.5760000000000005,-2.339478099810632e-05,0.0013175506702030686,0.0032874997192693187,2.947562369739871e-100,0.0,0.0007549999999999994,False,False,True,NORMAL,1.0,False
4.577,-2.207563682005273e-05,0.0013206874347543637,0.0029859871323803184,2.667064724135379e-100,0.0,-0.001859999999999999,False,True,True,NORMAL,1.0,False
4.578,-2.0753506673149287e-05,0.0013235225713354086,0.0026842551444554766,2.413259958721445e-100,0.0,-0.001859999999999999,False,False,True,NORMAL,1.0,False
4.579,-1.9428692283703068e-05,0.0013260558946334075,0.002382371921883079,2.1836079100990785e-100,0.0,-0.001859999999999999,False,False,True,NORMAL,1.0,False
4.58,-1.8101495529261475e-05,0.0013282872874691362,0.0020804055628801275,1.9758101433769478e-100,0.0,-0.001859999999999999,False,False,True,NORMAL,1.0,False
4.581,-1.6772218370515296e-05,0.0013302167007211636,0.0017784240822841962,1.7877869486624563e-100,0.0,-0.001859999999999999,False,False,True,NORMAL,1.0,False
4.582,-1.5441162783285112e-05,0.0013318441532348848,0.0014764953963868226,1.6176565266261235e-100,0.0,-0.0028650000000000004,False,True,True,NORMAL,1.0,False
4.583,-1.4108630690606294e-05,0.0013331697317164114,0.001174687307811799,1.4637161548214e-100,0.0,-0.0028650000000000004,False,False,True,NORMAL,1.0,False
4.5840000000000005,-1.277492389492761e-05,0.0013341935906113615,0.0008730674904416702,1.3244251462661184e-100,0.0,-0.0028650000000000004,False,False,True,NORMAL,1.0,False
4.585,-1.1440344010438609e-05,0.001334915951968604,0.0005717034743957809,1.1983894297293326e-100,0.0,-0.0028650000000000004,False,False,True,NORMAL,1.0,False
4.586,-1.0105192395540741e-05,0.0013353371052890071,0.00027066263106315623,1.0843475973978753e-100,0.0,-0.0028650000000000004,False,False,True,NORMAL,1.0,False
4.587,-8.769770085477218e-06,0.0013354574073592476,-2.9987841806497308e-05,9.811582802829897e-101,0.0,-0.00284,False,True,True,NORMAL,1.0,False
4.588,-7.434377725136495e-06,0.0013352772820707439,-0.00033018093495040433,8.877887250158627e-101,0.0,-0.00284,False,False,True,NORMAL,1.0,False
4.589,-6.099315502044242e-06,0.0013347972202237706,-0.0006298498423757016,8.033044577047897e-101,0.0,-0.00284,False,False,True,NORMAL,1.0,False
4.59,-4.764883079558578e-06,0.0013340177793168266,-0.0009289279760745598,7.268599314063786e-101,0.0,-0.00284,False,False,True,NORMAL,1.0,False
4.591,-3.431379530283281e-06,0.001332939583321321,-0.001227348980668243,6.576900636075423e-101,0.0,-0.00284,False,False,True,NORMAL,1.0,False
4.5920000000000005,-2.0991032697136276e-06,0.0013315633224416533,-0.0015250467479769137,5.951025790225546e-101,0.0,0.0024799999999999996,False,True,True,NORMAL,1.0,False
4.593,-7.683519901294182e-07,0.0013298897528607613,-0.0018219554315120228,5.384710810693088e-101,0.0,0.0024799999999999996,False,False,True,NORMAL,1.0,False
4.594,5.605774052503112e-07,0.0013279196964712176,-0.0021180094608881468,4.872287826817852e-101,0.0,0.0024799999999999996,False,False,True,NORMAL,1.0,False
4.595,1.8873888678364784e-06,0.0013256540405919548,-0.00241314355615114,4.4086283371459015e-101,0.0,0.0024799999999999996,False,False,True,NORMAL,1.0,False
4.596,3.211787268948723e-06,0.0013230937376707066,-0.0027072927420195227,3.989091881663263e-101,0.0,0.0024799999999999996,False,False,True,NORMAL,1.0,False
4.597,4.533478464789509e-06,0.0013202398049722514,-0.0030003923620360163,3.6094795985123945e-101,0.0,-0.0024649999999999997,False,True,True,NORMAL,1.0,False
4.598,5.85216936109941e-06,0.0013170933242525509,-0.003292378092626193,3.265992200371427e-101,0.0,-0.0024649999999999997,False,False,True,NORMAL,1.0,False
4.599,7.167567977479521e-06,0.0013136554414188782,-0.0035831859570612094,2.955191949909664e-101,0.0,-0.0024649999999999997,False,False,True,NORMAL,1.0,False
4.6000000000000005,8.479383511367028e-06,0.0013099273661760311,-0.0038727523393216282,2.6739682537569134e-101,0.0,-0.0024649999999999997,False,False,True,NORMAL,1.0,False
4.601,9.787326401650087e-06,0.0013059103716587344,-0.004161013997859371,2.419506530639529e-101,0.0,-0.0024649999999999997,False,False,True,NORMAL,1.0,False
4.602,1.109110839190823e-05,0.0013016057940503296,-0.004447908079254846,2.1892600421050134e-101,0.0,-0.0009249999999999999,False,True,True,NORMAL,1.0,False
4.603,1.2390442593264652e-05,0.0012970150321878638,-0.004733372131766342,1.9809244039075963e-101,0.0,-0.0009249999999999999,False,False,True,NORMAL,1.0,False
4.604,1.3685043546836842e-05,0.001292139547153683,-0.005017344118768813,1.7924145229561715e-101,0.0,-0.0009249999999999999,False,False,True,NORMAL,1.0,False
4.605,1.4974627285772089e-05,0.001286980861853642,-0.005299762432079182,1.6218437290018183e-101,0.0,-0.0009249999999999999,False,False,True,NORMAL,1.0,False
4.606,1.6258911396854568e-05,0.0012815405605820494,-0.0055805659051653515,1.4675048922078178e-101,0.0,-0.0009249999999999999,False,False,True,NORMAL,1.0,False
4.607,1.7537615081670782e-05,0.0012758202885734616,-0.005859693826236119,1.327853337620461e-101,0.0,-0.001615,False,True,True,NORMAL,1.0,False
4.6080000000000005,1.8810459217320265e-05,0.0012698217515414469,-0.006137085951209229,1.2014913855429291e-101,0.0,-0.001615,False,False,True,NORMAL,1.0,False
4.609,2.007716641665861e-05,0.0012635467152044447,-0.006412682516554854,1.0871543630871115e-101,0.0,-0.001615,False,False,True,NORMAL,1.0,False
4.61,2.133746108805992e-05,0.001256997004798844,-0.006686424252011747,9.836979469022701e-102,0.0,-0.001615,False,False,True,NORMAL,1.0,False
4.611,2.259106949468604e-05,0.0012501745045794112,-0.006958252393173476,8.900867104023245e-102,0.0,-0.001615,False,False,True,NORMAL,1.0,False
4.612,2.3837719813249898e-05,0.001243081157307197,-0.007228108693942023,8.053837608685601e-102,0.0,-0.0031999999999999997,False,True,True,NORMAL,1.0,False
4.613,2.507714219226061e-05,0.0012357189637250577,-0.0074959354388462246,7.287413627123986e-102,0.0,-0.0031999999999999997,False,False,True,NORMAL,1.0,False
4.614,2.6309068809737915e-05,0.001228089982020926,-0.007761675455222419,6.593924530526934e-102,0.0,-0.0031999999999999997,False,False,True,NORMAL,1.0,False
4.615,2.7533233930383835e-05,0.0012201963272789721,-0.00802527212525482,5.966429646925967e-102,0.0,-0.0031999999999999997,False,False,True,NORMAL,1.0,False
4.616,2.8749373962199507e-05,0.0012120401709187943,-0.00828666939787308,5.398648796617694e-102,0.0,-0.0031999999999999997,False,False,True,NORMAL,1.0,False
4.617,2.9957227512535268e-05,0.0012036237401227858,-0.008545811800504614,4.884899438014494e-102,0.0,-0.0024850000000000002,False,True,True,NORMAL,1.0,False
4.618,3.115653544356227e-05,0.0011949493172518219,-0.008802644450679242,4.420039794858344e-102,0.0,-0.0024850000000000002,False,False,True,NORMAL,1.0,False
4.619,3.234704092715399e-05,0.001186019239249418,-0.009057113067483774,3.999417395595816e-102,0.0,-0.0024850000000000002,False,False,True,NORMAL,1.0,False
4.62,3.3528489499166185e-05,0.0011768358970345083,-0.009309163982864155,3.61882250987902e-102,0.0,-0.0024850000000000002,False,False,True,NORMAL,1.0,False
4.621,3.470062911310405e-05,0.0011674017348830001,-0.009558744152772912,3.274446016169343e-102,0.0,-0.0024850000000000002,False,False,True,NORMAL,1.0,False
4.622,3.586321019316532e-05,0.0011577192497982593,-0.009805801168159586,2.9628412787688022e-102,0.0,-0.0035549999999999987,False,True,True,NORMAL,1.0,False
4.623,3.701598568664844e-05,0.001147790990870684,-0.010050283265801926,2.6808896527315234e-102,0.0,-0.0035549999999999987,False,False,True,NORMAL,1.0,False
4.624,3.8158711115714887e-05,0.0011376195586265275,-0.01029213933897564,2.425769271416912e-102,0.0,-0.0035549999999999987,False,False,True,NORMAL,1.0,False
4.625,3.9291144628495006e-05,0.0011272076043661343,-0.010531318947960578,2.1949268042998494e-102,0.0,-0.0035549999999999987,False,False,True,NORMAL,1.0,False
4.626,4.041304704952689e-05,0.0011165578294917513,-0.010767772330381179,1.9860519023805955e-102,0.0,-0.0035549999999999987,False,False,True,NORMAL,1.0,False
4.627,4.152418192951791e-05,0.0011056729848250833,-0.011001450411379154,1.7970540754354633e-102,0.0,-0.0008800000000000006,False,True,True,NORMAL,1.0,False
4.628,4.262431559441871e-05,0.0010945558699147592,-0.011232304813616348,1.626041769688023e-102,0.0,-0.0008800000000000006,False,False,True,NORMAL,1.0,False
4.6290000000000004,4.371321719379976e-05,0.001083209332333883,-0.01146028786710577,1.471303436503133e-102,0.0,-0.0008800000000000006,False,False,True,NORMAL,1.0,False
4.63,4.4790658748520525e-05,0.0010716362669678388,-0.011685352618868878,1.3312904026329293e-102,0.0,-0.0008800000000000006,False,False,True,NORMAL,1.0,False
4.631,4.585641519768164e-05,0.001059839615292527,-0.011907452842417158,1.2046013705744327e-102,0.0,-0.0008800000000000006,False,False,True,NORMAL,1.0,False
4.632,4.691026444485064e-05,0.0010478223646432068,-0.012126543047056203,1.0899683939131477e-102,0.0,-0.003319999999999999,False,True,True,NORMAL,1.0,False
4.633,4.795198740355188e-05,0.0010355875474741263,-0.012342578487010362,9.862441872891742e-103,0.0,-0.003319999999999999,False,False,True,NORMAL,1.0,False
4.634,4.89813680420116e-05,0.001023138240609115,-0.012555515170366283,8.923906439797097e-103,0.0,-0.003319999999999999,False,False,True,NORMAL,1.0,False
4.635,4.999819342714906e-05,0.0010104775644833267,-0.012765309867833528,8.074684461780477e-103,0.0,-0.003319999999999999,False,False,True,NORMAL,1.0,False
4.636,5.100225376780514e-05,0.0009976086823763137,-0.012971920121320627,7.306276639852528e-103,0.0,-0.003319999999999999,False,False,True,NORMAL,1.0,False
4.6370000000000005,5.199334245719974e-05,0.000984534799636616,-0.013175304252324865,6.610992490260608e-103,0.0,-0.0047,False,True,True,NORMAL,1.0,False
4.638,5.297125611460958e-05,0.0009712591628980571,-0.013375421370134241,5.9818733755425275e-103,0.0,-0.0047,False,False,True,NORMAL,1.0,False
4.639,5.3935794626258265e-05,0.0009577850592879302,-0.013572231379840004,5.41262286014395e-103,0.0,-0.0047,False,False,True,NORMAL,1.0,False
4.64,5.488676118541052e-05,0.0009441158156272689,-0.013765694990158272,4.897543693575062e-103,0.0,-0.0047,False,False,True,NORMAL,1.0,False
4.641,5.582396233166286e-05,0.0009302547976233913,-0.013955773721059229,4.4314807904127557e-103,0.0,-0.0047,False,False,True,NORMAL,1.0,False
4.642,5.674720798942298e-05,0.000916205409054912,-0.014142429911202537,4.009769636473031e-103,0.0,-0.0007200000000000012,False,True,True,NORMAL,1.0,False
4.643,5.7656311505570496e-05,0.0009019710909494164,-0.014325626725177489,3.628189604785245e-103,0.0,-0.0007200000000000012,False,False,True,NORMAL,1.0,False
4.644,5.855108968629179e-05,0.0008875553207539926,-0.014505328160546642,3.2829217141387895e-103,0.0,-0.0007200000000000012,False,False,True,NORMAL,1.0,False
4.6450000000000005,5.9431362833081845e-05,0.0008729616114988189,-0.014681499054691642,2.9705104074355285e-103,0.0,-0.0007200000000000012,False,False,True,NORMAL,1.0,False
4.646,6.0296954777906334e-05,0.0008581935109540045,-0.014854105091459931,2.6878289673129095e-103,0.0,-0.0007200000000000012,False,False,True,NORMAL,1.0,False
4.647,6.114769291751723e-05,0.0008432546007798839,-0.015023112807611202,2.4320482229056726e-103,0.0,-0.003604999999999998,False,True,True,NORMAL,1.0,False
4.648,6.198340824691551e-05,0.0008281484956709653,-0.015188489599062438,2.2006082345529126e-103,0.0,-0.003604999999999998,False,False,True,NORMAL,1.0,False
4.649,6.280393539195477e-05,0.000812878842493735,-0.015350203726930429,1.9911926730615286e-103,0.0,-0.003604999999999998,False,False,True,NORMAL,1.0,False
4.65,6.360911264107956e-05,0.0007974493194185212,-0.015508224323370684,1.801705637105114e-103,0.0,-0.003604999999999998,False,False,True,NORMAL,1.0,False
4.651,6.439878197619284e-05,0.0007818636350456212,-0.01566252139721182,1.6302506767390247e-103,0.0,-0.003604999999999998,False,False,True,NORMAL,1.0,False
4.652,6.517278910264662e-05,0.0007661255275258962,-0.015813065839384334,1.4751118130919149e-103,0.0,-0.004674999999999999,False,True,True,NORMAL,1.0,False
4.6530000000000005,6.593098347835067e-05,0.0007502387636760418,-0.015959829428142964,1.3347363642724312e-103,0.0,-0.004674999999999999,False,False,True,NORMAL,1.0,False
4.654,6.667321834199375e-05,0.000734207138088738,-0.0161027848340817,1.2077194056069705e-103,0.0,-0.004674999999999999,False,False,True,NORMAL,1.0,False
4.655,6.739935074037274e-05,0.00071803447223789,-0.0162419056249407,1.0927897086813349e-103,0.0,-0.004674999999999999,False,False,True,NORMAL,1.0,False
4.656,6.81092415548244e-05,0.0007017246135791649,-0.01637716627020424,9.887970184594874e-104,0.0,-0.004674999999999999,False,False,True,NORMAL,1.0,False
4.657,6.880275552675559e-05,0.0006852814346460365,-0.016508542145489063,8.947005411445376e-104,0.0,-0.003100000000000001,False,True,True,NORMAL,1.0,False
4.658,6.947976128226729e-05,0.0006687088321415459,-0.01663600953672246,8.095585275645991e-104,0.0,-0.003100000000000001,False,False,True,NORMAL,1.0,False
4.659,7.014013135586834e-05,0.0006520107260259897,-0.01675954564410936,7.325188478305451e-104,0.0,-0.003100000000000001,False,False,True,NORMAL,1.0,False
4.66,7.078374221327489e-05,0.0006351910586007473,-0.016879128585887974,6.628104629336664e-104,0.0,-0.003100000000000001,False,False,True,NORMAL,1.0,False
4.6610000000000005,7.141047427329193e-05,0.0006182537935884577,-0.01699473740187337,5.997357079281177e-104,0.0,-0.003100000000000001,False,False,True,NORMAL,1.0,False
4.662,7.202021192877313e-05,0.0006012029152097597,-0.017106352056788593,5.4266330946564637e-104,0.0,-0.0037549999999999997,False,True,True,NORMAL,1.0,False
4.663,7.261284356665594e-05,0.0005840424272568069,-0.017213953443382796,4.910220677997443e-104,0.0,-0.0037549999999999997,False,False,True,NORMAL,1.0,False
4.664,7.31882615870685e-05,0.0005667763521637714,-0.01731752338533607,4.442951400265985e-104,0.0,-0.0037549999999999997,False,False,True,NORMAL,1.0,False
4.665,7.374636242150579e-05,0.0005494087300745498,-0.017417044639950627,4.020148673475925e-104,0.0,-0.0037549999999999997,False,False,True,NORMAL,1.0,False
4.666,7.428704655007215e-05,0.0005319436179078839,-0.01751250090062806,3.6375809458286437e-104,0.0,-0.0037549999999999997,False,False,True,NORMAL,1.0,False
4.667,7.481021851778763e-05,0.0005143850884201126,-0.017603876799132386,3.2914193509203937e-104,0.0,-0.002555,False,True,True,NORMAL,1.0,False
4.668,7.531578694995608e-05,0.000496737229265767,-0.01769115790763877,2.978199387160403e-104,0.0,-0.002555,False,False,True,NORMAL,1.0,False
4.6690000000000005,7.580366456659283e-05,0.00047900414205622404,-0.017774330740567723,2.6947862438744958e-104,0.0,-0.002555,False,False,True,NORMAL,1.0,False
4.67,7.627376819591013e-05,0.00046118994141663397,-0.01785338275620473,2.4383434270662204e-104,0.0,-0.002555,False,False,True,NORMAL,1.0,False
4.671,7.672601878685874e-05,0.0004432987540413346,-0.017928302358105216,2.2063043708315517e-104,0.0,-0.002555,False,False,True,NORMAL,1.0,False
4.672,7.716034142072428e-05,0.0004253347177479684,-0.017999078896284916,1.9963467503046735e-104,0.0,-0.0017299999999999987,False,True,True,NORMAL,1.0,False
4.673,7.757666532177714e-05,0.0004073019805305165,-0.01806570266819563,1.806369239050159e-104,0.0,-0.0017299999999999987,False,False,True,NORMAL,1.0,False
4.674,7.797492386697494e-05,0.00038920469961146396,-0.01812816491948656,1.634470478281727e-104,0.0,-0.0017299999999999987,False,False,True,NORMAL,1.0,False
4.675,7.835505459471688e-05,0.00037104704049331123,-0.018186457844551265,1.4789300474244376e-104,0.0,-0.0017299999999999987,False,False,True,NORMAL,1.0,False
4.676,7.871699921264926e-05,0.0003528331760096453,-0.018240574586860552,1.3381912455673273e-104,0.0,-0.0017299999999999987,False,False,True,NORMAL,1.0,False
4.6770000000000005,7.906070360452208e-05,0.00033456728537598535,-0.018290509239081442,1.2108455114774651e-104,0.0,-0.0005250000000000016,False,True,True,NORMAL,1.0,False
4.678,7.938611783609627e-05,0.0003162535532406158,-0.018336256842982585,1.0956183262457003e-104,0.0,-0.0005250000000000016,False,False,True,NORMAL,1.0,False
4.679,7.969319616010206e-05,0.00029789616873562126,-0.018377813389126398,9.91356457473039e-105,0.0,-0.0005250000000000016,False,False,True,NORMAL,1.0,False
4.68,7.998189702024838e-05,0.00027949932452833487,-0.018415175816348387,8.9701641733318e-105,0.0,-0.0005250000000000016,False,False,True,NORMAL,1.0,False
4.681,8.025218305428414e-05,0.0002610672158734145,-0.018448342011024053,8.116540189956213e-105,0.0,-0.0005250000000000016,False,False,True,NORMAL,1.0,False
4.682,8.050402109611188e-05,0.00024260403966575746,-0.018477310806123807,7.344149268865075e-105,0.0,-0.006879999999999997,False,True,True,NORMAL,1.0,False
4.683,8.073738217695494e-05,0.00022411399349446623,-0.01850208198005656,6.6452610621105545e-105,0.0,-0.006879999999999997,False,False,True,NORMAL,1.0,False
4.684,8.095224152557917e-05,0.00020560127469807608,-0.018522656255302427,6.0128808616150125e-105,0.0,-0.006879999999999997,False,False,True,NORMAL,1.0,False
4.6850000000000005,8.114857856757052e-05,0.00018707007942125512,-0.01853903529683525,5.440679593781564e-105,0.0,-0.006879999999999997,False,False,True,NORMAL,1.0,False
4.686,8.132637692367031e-05,0.0001685246016731866,-0.0185512217103356,4.922930475998243e-105,0.0,-0.006879999999999997,False,False,True,NORMAL,1.0,False
4.687,8.14856244071696e-05,0.00014996903238784277,-0.018559219040194926,4.4544517010727875e-105,0.0,-0.002250000000000001,False,True,True,NORMAL,1.0,False
4.688,8.162631302036509e-05,0.00013140755848635866,-0.01856303176731168,4.0305545759645884e-105,0.0,-0.002250000000000001,False,False,True,NORMAL,1.0,False
4.689,8.174843895007834e-05,0.00011284436194171338,-0.018562665306680194,3.64699659576882e-105,0.0,-0.002250000000000001,False,False,True,NORMAL,1.0,False
4.69,8.185200256224108e-05,9.42836188459258e-05,-0.01855812600477313,3.299938983301393e-105,0.0,-0.002250000000000001,False,False,True,NORMAL,1.0,False
4.691,8.193700839554889e-05,7.572949847997073e-05,-0.018549421136718456,2.9859082693266418e-105,0.0,-0.002250000000000001,False,False,True,NORMAL,1.0,False
4.692,8.200346515418635e-05,5.7186162386620336e-05,-0.018536558903271855,2.701761528909739e-105,0.0,-0.003004999999999999,False,True,True,NORMAL,1.0,False
4.6930000000000005,8.205138569962659e-05,3.865776344641513e-05,-0.018519548427585606,2.4446549259675746e-105,0.0,-0.003004999999999999,False,False,True,NORMAL,1.0,False
4.694,8.208078704150838e-05,2.014844495696735e-05,-0.018498399751774836,2.21201525120139e-105,0.0,-0.003004999999999999,False,False,True,NORMAL,1.0,False
4.695,8.209169032759432e-05,1.6623397157989608e-06,-0.01847312383328242,2.0015141685532302e-105,0.0,-0.003004999999999999,False,False,True,NORMAL,1.0,False
4.696,8.208412083281375e-05,-1.6796430893084996e-05,-0.018443732541043464,1.8110449124360952e-105,0.0,-0.003004999999999999,False,False,True,NORMAL,1.0,False
4.697,8.205810794739413e-05,-3.5223757808687856e-05,-0.018410238651450646,1.6387012025158368e-105,0.0,-0.0016649999999999992,False,True,True,NORMAL,1.0,False
4.698,8.201368516408499e-05,-5.361554519837902e-05,-0.018372655844121556,1.4827581650168519e-105,0.0,-0.0016649999999999992,False,False,True,NORMAL,1.0,False
4.699,8.19508900644787e-05,-7.19677113589205e-05,-0.01833099869746933,1.3416550696055855e-105,0.0,-0.0016649999999999992,False,False,True,NORMAL,1.0,False
4.7,8.186976430443243e-05,-9.027618961296633e-05,-0.018285282684077846,1.2139797090767735e-105,0.0,-0.0016649999999999992,False,False,True,NORMAL,1.0,False
4.7010000000000005,8.177035359859599e-05,-0.00010853692920083996,-0.018235524165882838,1.098454265509073e-105,0.0,-0.0016649999999999992,False,False,True,NORMAL,1.0,False
4.702,8.165270770405025e-05,-0.00012674589616739628,-0.018181740389160213,9.93922521433816e-106,0.0,-0.0015249999999999992,False,True,True,NORMAL,1.0,False
4.703,8.151688040306139e-05,-0.00014489907424377623,-0.01812394947932315,8.993382880219647e-106,0.0,-0.0015249999999999992,False,False,True,NORMAL,1.0,False
4.704,8.136292948495587e-05,-0.00016299246572386338,-0.018062170435529275,8.137549344746747e-106,0.0,-0.0015249999999999992,False,False,True,NORMAL,1.0,False
4.705,8.119091672712174e-05,-0.00018102209233525351,-0.01799642312509951,7.363159138240861e-106,0.0,-0.0015249999999999992,False,False,True,NORMAL,1.0,False
4.706,8.100090787514186e-05,-0.00019898399610454936,-0.017926728277750093,6.662461903233742e-106,0.0,-0.0015249999999999992,False,False,True,NORMAL,1.0,False
4.707,8.07929726220646e-05,-0.00021687424021679468,-0.017853107479639342,6.028444826284964e-106,0.0,-0.002485,False,True,True,NORMAL,1.0,False
4.708,8.056718458681823e-05,-0.0002346889098688632,-0.017775583167230807,5.454762451387925e-106,0.0,-0.002485,False,False,True,NORMAL,1.0,False
4.7090000000000005,8.032362129177498e-05,-0.0002524241131166195,-0.01769417862097444,4.935673172513351e-106,0.0,-0.002485,False,False,True,NORMAL,1.0,False
4.71,8.006236413947115e-05,-0.0002700759817156707,-0.017608917958807504,4.465981769686333e-106,0.0,-0.002485,False,False,True,NORMAL,1.0,False
4.711,7.97834983884897e-05,-0.00028764067195553004,-0.01751982612947689,4.0409874134786467e-106,0.0,-0.002485,False,False,True,NORMAL,1.0,False
4.712,7.94871131285121e-05,-0.0003051143654870136,-0.017426928905684702,3.656436617527829e-106,0.0,-0.003035000000000002,False,True,True,NORMAL,1.0,False
4.713,7.91733012545462e-05,-0.0003224932701426955,-0.01733025287705885,3.308480668216018e-106,0.0,-0.003035000000000002,False,False,True,NORMAL,1.0,False
4.714,7.884215944033717e-05,-0.00033977362075024686,-0.017229825442950493,2.9936371054504677e-106,0.0,-0.003035000000000002,False,False,True,NORMAL,1.0,False
4.715,7.849378811096884e-05,-0.0003569516799384861,-0.017125674805060262,2.7087548690324446e-106,0.0,-0.003035000000000002,False,False,True,NORMAL,1.0,False
4.716,7.812829141466256e-05,-0.00037402373893597113,-0.017017829959895123,2.450982761787651e-106,0.0,-0.003035000000000002,False,False,True,NORMAL,1.0,False
4.7170000000000005,7.774577719378137e-05,-0.0003909861183619642,-0.016906320691057863,2.217740913826583e-106,0.0,-0.0017299999999999987,False,True,True,NORMAL,1.0,False
4.718,7.734635695504704e-05,-0.00040783516900960335,-0.01679117756137118,2.006694962339555e-106,0.0,-0.0017299999999999987,False,False,True,NORMAL,1.0,False
4.719,7.693014583897791e-05,-0.00042456727262111637,-0.016672431904838355,1.81573268850909e-106,0.0,-0.0017299999999999987,False,False,True,NORMAL,1.0,False
4.72,7.64972625885556e-05,-0.0004411788426549143,-0.01655011581844264,1.6429428777140561e-106,0.0,-0.0017299999999999987,False,False,True,NORMAL,1.0,False
4.721,7.60478295171287e-05,-0.0004576663250444047,-0.01642426215378735,1.4865961914513558e-106,0.0,-0.0017299999999999987,False,False,True,NORMAL,1.0,False
4.722,7.558197247556189e-05,-0.00047402619894836625,-0.016294904508578876,1.345127859534936e-106,0.0,-0.0021750000000000007,False,True,True,NORMAL,1.0,False
4.723,7.509982081863891e-05,-0.0004902549774927286,-0.01616207721795466,1.217122019349828e-106,0.0,-0.0021750000000000007,False,False,True,NORMAL,1.0,False
4.724,7.460150737072823e-05,-0.0005063492085036035,-0.016025815345658445,1.1012975454232117e-106,0.0,-0.0021750000000000007,False,False,True,NORMAL,1.0,False
4.7250000000000005,7.408716839072003e-05,-0.0005223054752314163,-0.015886154675064882,9.964952274900787e-107,0.0,-0.0021750000000000007,False,False,True,NORMAL,1.0,False
4.726,7.355694353624352e-05,-0.0005381203970659869,-0.01574313170005581,9.016661687272789e-107,0.0,-0.0021750000000000007,False,False,True,NORMAL,1.0,False
4.727,7.301097582717394e-05,-0.0005537906302424141,-0.015596783615750514,8.158612880415669e-107,0.0,-0.002140000000000001,False,True,True,NORMAL,1.0,False
4.728,7.244941160843815e-05,-0.0005693128685376185,-0.015447148309092155,7.382218213470237e-107,0.0,-0.002140000000000001,False,False,True,NORMAL,1.0,False
4.729,7.187240051212851e-05,-0.0005846838439574005,-0.015294264349292814,6.679707267654443e-107,0.0,-0.002140000000000001,False,False,True,NORMAL,1.0,False
4.73,7.128009541893448e-05,-0.0005999003274138731,-0.015138170978139449,6.04404907730048e-107,0.0,-0.002140000000000001,False,False,True,NORMAL,1.0,False
4.731,7.067265241890161e-05,-0.0006149591293931337,-0.014978908100163162,5.468881761587189e-107,0.0,-0.002140000000000001,False,False,True,NORMAL,1.0,False
4.732,7.00502307715279e-05,-0.0006298571006130357,-0.014816516272674222,4.9484488526985026e-107,0.0,-0.0037549999999999997,False,True,True,NORMAL,1.0,False
4.7330000000000005,6.941299286520729e-05,-0.0006445911326709316,-0.014651036695665243,4.4775416831587194e-107,0.0,-0.0037549999999999997,False,False,True,NORMAL,1.0,False
4.734,6.876110417603054e-05,-0.0006591581586812512,-0.014482511201584995,4.05144725573772e-107,0.0,-0.0037549999999999997,False,False,True,NORMAL,1.0,False
4.735,6.809473322595364e-05,-0.000673555153902793,-0.01431098224498538,3.665901074190592e-107,0.0,-0.0037549999999999997,False,False,True,NORMAL,1.0,False
4.736,6.741405154034412e-05,-0.0006877791363555986,-0.014136492892044031,3.317044462745866e-107,0.0,-0.0037549999999999997,False,False,True,NORMAL,1.0,False
4.737,6.671923360491578e-05,-0.0007018271674272885,-0.013959086809965117,3.0013859471814456e-107,0.0,-0.002555,False,True,True,NORMAL,1.0,False
4.738,6.601045682206231e-05,-0.0007156963524687398,-0.01377880825626091,2.715766310977072e-107,0.0,-0.002555,False,False,True,NORMAL,1.0,False
4.739,6.528790146660082e-05,-0.0007293838413789857,-0.013595702067916706,2.4573269768135363e-107,0.0,-0.002555,False,False,True,NORMAL,1.0,False
4.74,6.455175064093558e-05,-0.000742886829179224,-0.01340981365044167,2.2234813969700704e-107,0.0,-0.002555,False,False,True,NORMAL,1.0,False
4.741,6.380219022965363e-05,-0.0007562025565758194,-0.013221188966808337,2.011889166285387e-107,0.0,-0.002555,False,False,True,NORMAL,1.0,False
4.742,6.303940885356258e-05,-0.0007693283105121916,-0.013029874526283292,1.8204325985961886e-107,0.0,0.0021199999999999995,False,True,True,NORMAL,1.0,False
4.743,6.226359782318237e-05,-0.0007822614247094801,-0.01283591737315181,1.6471955322222675e-107,0.0,0.0021199999999999995,False,False,True,NORMAL,1.0,False
4.744,6.147495109170188e-05,-0.0007949992801958818,-0.012639365075339101,1.4904441523763646e-107,0.0,0.0021199999999999995,False,False,True,NORMAL,1.0,False
4.745,6.0673665207412035e-05,-0.0008075393058245603,-0.012440265712930866,1.348609638563024e-107,0.0,0.0021199999999999995,False,False,True,NORMAL,1.0,False
4.746,5.9859939265626604e-05,-0.0008198789787800248,-0.01223866786659595,1.2202724632957751e-107,0.0,0.0021199999999999995,False,False,True,NORMAL,1.0,False
4.747,5.9033974860102543e-05,-0.0008320158250728854,-0.012034620605913744,1.1041481849889293e-107,0.0,0.0005150000000000005,False,True,True,NORMAL,1.0,False
4.748,5.819597603397139e-05,-0.0008439474200228886,-0.01182817347760923,9.990745928344737e-108,0.0,0.0005150000000000005,False,False,True,NORMAL,1.0,False
4.749,5.734614923019355e-05,-0.0008556713887301427,-0.011619376493698335,9.040000750056728e-108,0.0,0.0005150000000000005,False,False,True,NORMAL,1.0,False
4.75,5.648470324154721e-05,-0.0008671854065344455,-0.011408280119546456,8.179730937724467e-108,0.0,0.0005150000000000005,False,False,True,NORMAL,1.0,False
4.751,5.561184916016407e-05,-0.0008784871994626275,-0.011194935261842977,7.401326621919465e-108,0.0,0.0005150000000000005,False,False,True,NORMAL,1.0,False
4.752,5.472780032662358e-05,-0.0008895745446638295,-0.010979393256494562,6.6969972706184195e-108,0.0,-0.0046700000000000005,False,True,True,NORMAL,1.0,False
4.753,5.38327722786181e-05,-0.0009004452708326338,-0.01076170585644012,6.059693718940239e-108,0.0,-0.0046700000000000005,False,False,True,NORMAL,1.0,False
4.7540000000000004,5.292698269920094e-05,-0.000911097258619972,-0.010541925219390253,5.483037618734607e-108,0.0,-0.0046700000000000005,False,False,True,NORMAL,1.0,False
4.755,5.201065136462971e-05,-0.0009215284410317365,-0.01032010389549408,4.9612576019298575e-108,0.0,-0.0046700000000000005,False,False,True,NORMAL,1.0,False
4.756,5.1084000091817214e-05,-0.0009317368038150229,-0.010096294814936338,4.489131518741489e-108,0.0,-0.0046700000000000005,False,False,True,NORMAL,1.0,False
4.757,5.014725268540226e-05,-0.000941720385831936,-0.009870551275467605,4.0619341726418945e-108,0.0,-0.002854999999999999,False,True,True,NORMAL,1.0,False
4.758,4.920063488445298e-05,-0.0009514772794208948,-0.009642926929870578,3.6753900290053235e-108,0.0,-0.002854999999999999,False,False,True,NORMAL,1.0,False
4.759,4.824437430881513e-05,-0.0009610056307453712,-0.009413475773365348,3.325630424120287e-108,0.0,-0.002854999999999999,False,False,True,NORMAL,1.0,False
4.76,4.727870040511785e-05,-0.0009703036401300066,-0.009182252130956506,3.0091548463028335e-108,0.0,-0.002854999999999999,False,False,True,NORMAL,1.0,False
4.761,4.630384439244979e-05,-0.0009793695623840461,-0.008949310644725133,2.7227959015990505e-108,0.0,-0.002854999999999999,False,False,True,NORMAL,1.0,False
4.7620000000000005,4.532003920771803e-05,-0.0009882017071120397,-0.008714706261068498,2.4636876134417775e-108,0.0,0.0011650000000000002,False,True,True,NORMAL,1.0,False
4.763,4.432751945070282e-05,-0.000996798439011757,-0.008478494217890499,2.2292367389938333e-108,0.0,0.0011650000000000002,False,False,True,NORMAL,1.0,False
4.764,4.332652132882068e-05,-0.0010051581781592705,-0.008240730031745747,2.0170968151020824e-108,0.0,0.0011650000000000002,False,False,True,NORMAL,1.0,False
4.765,4.2317282601608965e-05,-0.0010132794002811593,-0.008001469484940276,1.8251446741055256e-108,0.0,0.0011650000000000002,False,False,True,NORMAL,1.0,False
4.766,4.130004252494461e-05,-0.0010211606370137945,-0.007760768612591846,1.6514591944597264e-108,0.0,0.0011650000000000002,False,False,True,NORMAL,1.0,False
4.767,4.0275041795010124e-05,-0.0010288004761496647,-0.007518683689652781,1.4943020735066844e-108,0.0,0.0004849999999999993,False,True,True,NORMAL,1.0,False
4.768,3.924252249201969e-05,-0.0010361975618707086,-0.007275271217898367,1.3521004299575689e-108,0.0,0.0004849999999999993,False,False,True,NORMAL,1.0,False
4.769,3.820272802371849e-05,-0.0010433505949686177,-0.0070305879128837335,1.2234310619681174e-108,0.0,0.0004849999999999993,False,False,True,NORMAL,1.0,False
4.7700000000000005,3.7155903068668245e-05,-0.0010502583330520836,-0.006784690690872229,1.1070062032562232e-108,0.0,0.0004849999999999993,False,False,True,NORMAL,1.0,False
4.771,3.6102293519332043e-05,-0.0010569195907409589,-0.006537636655738272,1.0016606347041516e-108,0.0,0.0004849999999999993,False,False,True,NORMAL,1.0,False
4.772,3.504214642497154e-05,-0.0010633332398473103,-0.0062894830858476304,9.06340022453965e-109,0.0,-0.00033499999999999936,False,True,True,NORMAL,1.0,False
4.773,3.3975709934369713e-05,-0.001069498209543342,-0.006040287420918172,8.200903657798992e-109,0.0,-0.00033499999999999936,False,False,True,NORMAL,1.0,False
4.774,3.290323323839222e-05,-0.0010754134865161714,-0.005790107248863993,7.420484491284496e-109,0.0,-0.00033499999999999936,False,False,True,NORMAL,1.0,False
4.775,3.182496651240061e-05,-0.0010810781151094411,-0.005539000292625975,6.714332027669744e-109,0.0,-0.00033499999999999936,False,False,True,NORMAL,1.0,False
4.776,3.074116085853043e-05,-0.0010864911974517565,-0.005287024396991712,6.07537885575284e-109,0.0,-0.00033499999999999936,False,False,True,NORMAL,1.0,False
4.777,2.9652068247847596e-05,-0.0010916518935719397,-0.005034237515407799,5.497230117429662e-109,0.0,-0.0007449999999999997,False,True,True,NORMAL,1.0,False
4.7780000000000005,2.8557941462396003e-05,-0.0010965594215010914,-0.004780697696787464,4.97409950580457e-109,0.0,-0.0007449999999999997,False,False,True,NORMAL,1.0,False
4.779,2.7459034037149732e-05,-0.0011012130573614621,-0.004526463072316496,4.500751353886149e-109,0.0,-0.0007449999999999997,False,False,True,NORMAL,1.0,False
4.78,2.6355600201882956e-05,-0.0011056121354421269,-0.004271591842260475,4.072448234272192e-109,0.0,-0.0007449999999999997,False,False,True,NORMAL,1.0,False
4.781,2.524789482297078e-05,-0.0011097560482614707,-0.0040161422627762195,3.6849035453839527e-109,0.0,-0.0007449999999999997,False,False,True,NORMAL,1.0,False
4.782,2.4136173345134173e-05,-0.0011136442466164885,-0.0037601726327304557,3.334238609716769e-109,0.0,-0.0025999999999999994,False,True,True,NORMAL,1.0,False
4.783,2.3020691733142205e-05,-0.0011172762396189084,-0.0035037412805286336,3.0169438547319287e-109,0.0,-0.0025999999999999994,False,False,True,NORMAL,1.0,False
4.784,2.190170641348474e-05,-0.00112065159471815,-0.0032469065509568417,2.7298436878750936e-109,0.0,-0.0025999999999999994,False,False,True,NORMAL,1.0,False
4.785,2.0779474216028742e-05,-0.0011237699377111326,-0.002989726792039768,2.4700647141786613e-109,0.0,-0.0025999999999999994,False,False,True,NORMAL,1.0,False
4.7860000000000005,1.965425231567134e-05,-0.001126630952738951,-0.0027322603419176247,2.2350069783591504e-109,0.0,-0.0025999999999999994,False,False,True,NORMAL,1.0,False
4.787,1.8526298174002787e-05,-0.001129234382270438,-0.0024745655157449704,2.0223179435908453e-109,0.0,-0.0005750000000000004,False,True,True,NORMAL,1.0,False
4.788,1.7395869480992395e-05,-0.001131580027072638,-0.002216700592614332,1.8298689465265316e-109,0.0,-0.0005750000000000004,False,False,True,NORMAL,1.0,False
4.789,1.626322409671052e-05,-0.0011336677461682195,-0.0019587238025075377,1.655733892919248e-109,0.0,-0.0005750000000000004,False,False,True,NORMAL,1.0,False
4.79,1.5128619993099683e-05,-0.0011354974567798516,-0.0017006933132776509,1.4981699806236804e-109,0.0,-0.0005750000000000004,False,False,True,NORMAL,1.0,False
4.791,1.3992315195807776e-05,-0.0011370691342615803,-0.001442667217664379,1.3556002570465144e-109,0.0,-0.0005750000000000004,False,False,True,NORMAL,1.0,False
4.792,1.2854567726096423e-05,-0.0011383828120172376,-0.0011847035203458387,1.226597836474851e-109,0.0,0.000354999999999999,False,True,True,NORMAL,1.0,False
4.793,1.1715635542837364e-05,-0.001139438581405923,-0.000926860125029522,1.1098716193243984e-109,0.0,0.000354999999999999,False,False,True,NORMAL,1.0,False
4.7940000000000005,1.0575776484609825e-05,-0.0011402365916345944,-0.0006691948215853191,1.004253370380878e-109,0.0,0.000354999999999999,False,False,True,NORMAL,1.0,False
4.795,9.435248211911718e-06,-0.0011407770496378168,-0.00041176527322341126,9.086860267093439e-110,0.0,0.000354999999999999,False,False,True,NORMAL,1.0,False
4.796,8.294308149497488e-06,-0.0011410602199447106,-0.0001546290037198687,8.222131182130376e-110,0.0,0.000354999999999999,False,False,True,NORMAL,1.0,False
4.797,7.153213428855407e-06,-0.0011410864245331514,0.00010215661530726035,7.439691949591802e-110,0.0,-0.0021849999999999986,False,True,True,NORMAL,1.0,False
4.798,6.012220830837007e-06,-0.0011408560426712719,0.0003585343770685814,6.73171165465156e-110,0.0,-0.0021849999999999986,False,False,True,NORMAL,1.0,False
4.799,4.871586728451339e-06,-0.0011403695107463216,0.0006144472522179308,6.091104592557495e-110,0.0,-0.0021849999999999986,False,False,True,NORMAL,1.0,False
4.8,3.731567029836682e-06,-0.0011396273220809403,0.000869838401408157,5.5114593525167e-110,0.0,-0.0021849999999999986,False,False,True,NORMAL,1.0,False
4.801,2.592417121422226e-06,-0.001138630026736907,0.0011246511877853597,4.986974650141352e-110,0.0,-0.0021849999999999986,False,False,True,NORMAL,1.0,False
4.8020000000000005,1.454391811292264e-06,-0.001137378231306426,0.0013788291894188793,4.512401266244683e-110,0.0,0.00014999999999999974,False,True,True,NORMAL,1.0,False
4.803,3.1774527276528394e-07,-0.0011358725986910163,0.0016323162116643353,4.0829895108910333e-110,0.0,0.00014999999999999974,False,False,True,NORMAL,1.0,False
4.804,-8.172690117996454e-07,-0.001134113847868073,0.0018850562994570299,3.694441686902548e-110,0.0,0.00014999999999999974,False,False,True,NORMAL,1.0,False
4.805,-1.950398306956924e-06,-0.001132102753645171,0.0021369937495330643,3.3428690770613166e-110,0.0,0.00014999999999999974,False,False,True,NORMAL,1.0,False
4.806,-3.0813906798766728e-06,-0.0011298401464021844,0.002388073122575528,3.0247530245204124e-110,0.0,0.00014999999999999974,False,False,True,NORMAL,1.0,False
4.807,-4.20999505578304e-06,-0.0011273269118212987,0.0026382392552831316,2.7369097169035095e-110,0.0,0.003349999999999999,False,True,True,NORMAL,1.0,False
4.808,-5.335961273116511e-06,-0.0011245639906049944,0.0028874372723587064,2.4764583216405006e-110,0.0,0.003349999999999999,False,False,True,NORMAL,1.0,False
4.809,-6.459040138408205e-06,-0.001121552378182083,0.00313561259841497,2.2407921536268563e-110,0.0,0.003349999999999999,False,False,True,NORMAL,1.0,False
4.8100000000000005,-7.578983480854283e-06,-0.001118293124401879,0.003382710969795032,2.0275525866429617e-110,0.0,0.003349999999999999,False,False,True,NORMAL,1.0,False
4.811,-8.695544206578626e-06,-0.0011147873332165966,0.0036286784463050855,1.8346054474301485e-110,0.0,0.003349999999999999,False,False,True,NORMAL,1.0,False
4.812,-9.808476352572054e-06,-0.0011110361623520573,0.0038734614228567977,1.660019656167402e-110,0.0,0.00033500000000000007,False,True,True,NORMAL,1.0,False
4.813,-1.091753514029646e-05,-0.001107040822966802,0.0041170066410169065,1.5020478995754534e-110,0.0,0.00033500000000000007,False,False,True,NORMAL,1.0,False
4.814,-1.2022477028942282e-05,-0.0011028025792997006,0.004359261200461565,1.3591091432181895e-110,0.0,0.00033500000000000007,False,False,True,NORMAL,1.0,False
4.815,-1.3123059768327882e-05,-0.001098322748306156,0.004600172570333007,1.2297728079786116e-110,0.0,0.00033500000000000007,False,False,True,NORMAL,1.0,False
4.816,-1.4219042451429467e-05,-0.0010936026992830015,0.004839688600496132,1.1127444523421989e-110,0.0,0.00033500000000000007,False,False,True,NORMAL,1.0,False
4.817,-1.5310185566530296e-05,-0.0010886438534821919,0.005077757532692604,1.0068528171911531e-110,0.0,0.0037399999999999994,False,True,True,NORMAL,1.0,False
4.8180000000000005,-1.639625104897801e-05,-0.0010834476837133938,0.005314328011590142,9.110381034494749e-111,0.0,0.0037399999999999994,False,False,True,NORMAL,1.0,False
4.819,-1.747700233253906e-05,-0.0010780157139355796,0.0055493490957246585,8.243413652576002e-111,0.0,0.0037399999999999994,False,False,True,NORMAL,1.0,False
4.82,-1.8552204400339273e-05,-0.001072349518837733,0.005782770268332935,7.458949125199247e-111,0.0,0.0037399999999999994,False,False,True,NORMAL,1.0,False
4.821,-1.9621623835379703e-05,-0.0010664507234087789,0.006014541448073602,6.749136267706866e-111,0.0,0.0037399999999999994,False,False,True,NORMAL,1.0,False
4.822,-2.0685028870617105e-05,-0.0010603210024968481,0.006244612999634121,6.106871034444733e-111,0.0,0.0026149999999999997,False,True,True,NORMAL,1.0,False
4.823,-2.174218943859837e-05,-0.0010539620803579938,0.006472935744221624,5.5257254190855615e-111,0.0,0.0026149999999999997,False,False,True,NORMAL,1.0,False
4.824,-2.2792877220638453e-05,-0.0010473757301944747,0.006699460969935364,4.99988312098105e-111,0.0,0.0026149999999999997,False,False,True,NORMAL,1.0,False
4.825,-2.3836865695531414e-05,-0.0010405637736827281,0.00692414044201866,4.524081333670068e-111,0.0,0.0026149999999999997,False,False,True,NORMAL,1.0,False
4.8260000000000005,-2.4873930187784336e-05,-0.00103352808049115,0.0071469264129882006,4.093558072942705e-111,0.0,0.0026149999999999997,False,False,True,NORMAL,1.0,False
4.827,-2.5903847915363975e-05,-0.0010262705677878089,0.0073677716326386086,3.7040045173017356e-111,0.0,0.0012799999999999999,False,True,True,NORMAL,1.0,False
4.828,-2.6926398036946142e-05,-0.001018793199738219,0.007586629357920211,3.351521883828833e-111,0.0,0.0012799999999999999,False,False,True,NORMAL,1.0,False
4.829,-2.794136169865793e-05,-0.0010110979869932988,0.007803453362687981,3.032582407854696e-111,0.0,0.0012799999999999999,False,False,True,NORMAL,1.0,False
4.83,-2.8948522080303083e-05,-0.0010031869861676461,0.008018197947319661,2.7439940359045162e-111,0.0,0.0012799999999999999,False,False,True,NORMAL,1.0,False
4.831,-2.9947664441060792e-05,-0.000995062299308262,0.008230817948201071,2.4828684785539145e-111,0.0,0.0012799999999999999,False,False,True,NORMAL,1.0,False
4.832,-3.093857616464856e-05,-0.0009867260733538562,0.00844126874707671,2.246592303457595e-111,0.0,0.0019349999999999997,False,True,True,NORMAL,1.0,False
4.833,-3.192104680393967e-05,-0.0009781804995848693,0.00864950628026373,2.0328007792400293e-111,0.0,0.0019349999999999997,False,False,True,NORMAL,1.0,False
4.8340000000000005,-3.289486812502614e-05,-0.0009694278130643512,0.008855487047727408,1.839354208469035e-111,0.0,0.0019349999999999997,False,False,True,NORMAL,1.0,False
4.835,-3.385983415071796e-05,-0.0009604702920698336,0.009059168122016292,1.6643165128446974e-111,0.0,0.0019349999999999997,False,False,True,NORMAL,1.0,False
4.836,-3.481574120346988e-05,-0.0009513102575163385,0.009260507157055231,1.505935856277008e-111,0.0,0.0019349999999999997,False,False,True,NORMAL,1.0,False
4.837,-3.5762387947726706e-05,-0.0009419500723706645,0.009459462396794505,1.3626271119214596e-111,0.0,0.004034999999999999,False,True,True,NORMAL,1.0,False
4.838,-3.669957543167867e-05,-0.0009323921410570984,0.009655992683713347,1.23295599769681e-111,0.0,0.004034999999999999,False,False,True,NORMAL,1.0,False
4.839,-3.7627107128418235e-05,-0.0009226389088546953,0.009850057467176147,1.1156247215079321e-111,0.0,0.004034999999999999,False,False,True,NORMAL,1.0,False
4.84,-3.854478897649008e-05,-0.0009126928612862773,0.010041616811639684,1.0094589925063237e-111,0.0,0.004034999999999999,False,False,True,NORMAL,1.0,False
4.841,-3.945242941982594e-05,-0.0009025565234993002,0.010230631404709785,9.13396268392603e-112,0.0,0.004034999999999999,False,False,True,NORMAL,1.0,False
4.8420000000000005,-4.034983944705635e-05,-0.0008922324596387397,0.01041706256504579,8.264751211360431e-112,0.0,0.003355000000000001,False,True,True,NORMAL,1.0,False
4.843,-4.123683263019135e-05,-0.0008817232722121493,0.010600872250111278,7.478256146796941e-112,0.0,0.003355000000000001,False,False,True,NORMAL,1.0,False
4.844,-4.211322516266238e-05,-0.0008710316014470455,0.010782023063769604,6.766605983279288e-112,0.0,0.003355000000000001,False,False,True,NORMAL,1.0,False
4.845,-4.2978835896717784e-05,-0.0008601601246407755,0.010960478263722664,6.122678286777106e-112,0.0,0.003355000000000001,False,False,True,NORMAL,1.0,False
4.846,-4.383348638016453e-05,-0.0008491115555030251,0.011136201768791557,5.540028412472229e-112,0.0,0.003355000000000001,False,False,True,NORMAL,1.0,False
4.847,-4.467700089244877e-05,-0.0008378886434911258,0.011309158166037662,5.012825004587227e-112,0.0,0.0047350000000000005,False,True,True,NORMAL,1.0,False
4.848,-4.5509206480068226e-05,-0.0008264941731383204,0.011479312717722831,4.535791634216803e-112,0.0,0.0047350000000000005,False,False,True,NORMAL,1.0,False
4.849,-4.6329932991309315e-05,-0.0008149309633751505,0.011646631368107322,4.1041539910538376e-112,0.0,0.0047350000000000005,False,False,True,NORMAL,1.0,False
4.8500000000000005,-4.713901311030239e-05,-0.0008032018668441272,0.011811080750084229,3.713592100487133e-112,0.0,0.0047350000000000005,False,False,True,NORMAL,1.0,False
4.851,-4.793628239038828e-05,-0.0007913097692078491,0.011972628191649135,3.360197087843513e-112,0.0,0.0047350000000000005,False,False,True,NORMAL,1.0,False
4.852,-4.872157928678975e-05,-0.0007792575884507349,0.012131241722203796,3.0404320570562744e-112,0.0,-7.000000000000018e-05,False,True,True,NORMAL,1.0,False
4.853,-4.949474518858164e-05,-0.0007670482741745341,0.01228689007869267,2.7510966922205604e-112,0.0,-7.000000000000018e-05,False,False,True,NORMAL,1.0,False
4.854,-5.025562444995338e-05,-0.000754684806887787,0.01243954271157119,2.4892952277561206e-112,0.0,-7.000000000000018e-05,False,False,True,NORMAL,1.0,False
4.855,-5.100406442075806e-05,-0.0007421701972893994,0.012589169790604664,2.252407466612084e-112,0.0,-7.000000000000018e-05,False,False,True,NORMAL,1.0,False
4.856,-5.173991547634221e-05,-0.0007295074855465048,0.012735742210496755,2.0380625564541946e-112,0.0,-7.000000000000018e-05,False,False,True,NORMAL,1.0,False
4.857,-5.246303104665062e-05,-0.0007166997405667826,0.012879231596346562,1.8441152613777803e-112,0.0,0.0018849999999999993,False,True,True,NORMAL,1.0,False
4.8580000000000005,-5.317326764460081e-05,-0.0007037500592654063,0.013019610308933293,1.6686244916657794e-112,0.0,0.0018849999999999993,False,False,True,NORMAL,1.0,False
4.859,-5.387048489372185e-05,-0.0006906615658267934,0.013156851449827608,1.5098338767104293e-112,0.0,0.0018849999999999993,False,False,True,NORMAL,1.0,False
4.86,-5.455454555505233e-05,-0.0006774374109613301,0.01329092886632877,1.366154186665888e-112,0.0,0.0018849999999999993,False,False,True,NORMAL,1.0,False
4.861,-5.52253155532927e-05,-0.0006640807711572479,0.013421817156226729,1.2361474269017783e-112,0.0,0.0018849999999999993,False,False,True,NORMAL,1.0,False
4.862,-5.588266400220708e-05,-0.0006505948479278247,0.01354949167238833,1.1185124460696e-112,0.0,0.003295000000000001,False,True,True,NORMAL,1.0,False
4.863,-5.652646322927004e-05,-0.0006369828670540883,0.013673928527166892,1.0120719137427023e-112,0.0,0.003295000000000001,False,False,True,NORMAL,1.0,False
4.864,-5.7156588799553886e-05,-0.000623248077823199,0.013795104596634423,9.157605372976591e-113,0.0,0.003295000000000001,False,False,True,NORMAL,1.0,False
4.865,-5.7772919538852236e-05,-0.0006093937522626894,0.013912997524635788,8.286144001076369e-113,0.0,0.003295000000000001,False,False,True,NORMAL,1.0,False
4.866,-5.837533755603589e-05,-0.0005954231843707382,0.014027585726664182,7.497613143408096e-113,0.0,0.003295000000000001,False,False,True,NORMAL,1.0,False
4.867,-5.896372826463698e-05,-0.0005813396893426594,0.01413884839355731,6.784120918113856e-113,0.0,0.001855,False,True,True,NORMAL,1.0,False
4.868,-5.9537980403657885e-05,-0.0005671466027937843,0.0142467654950137,6.138526455189884e-113,0.0,0.001855,False,False,True,NORMAL,1.0,False
4.869,-6.009798605760122e-05,-0.0005528472799789177,0.014351317782928651,5.554368428259446e-113,0.0,0.001855,False,False,True,NORMAL,1.0,False
4.87,-6.064364067571771e-05,-0.0005384450950085488,0.014452486794549307,5.0258003874467274e-113,0.0,0.001855,False,False,True,NORMAL,1.0,False
4.871,-6.117484309046865e-05,-0.0005239434400619967,0.01455025485544844,4.547532246141422e-113,0.0,0.001855,False,False,True,NORMAL,1.0,False
4.872,-6.169149553520014e-05,-0.0005093457245976744,0.014644605082316542,4.1147773360338715e-113,0.0,0.001855,False,True,True,NORMAL,1.0,False
4.873,-6.219350366102617e-05,-0.0004946553745606501,0.01473552138557186,3.723204500529772e-113,0.0,0.001855,False,False,True,NORMAL,1.0,False
4.874,-6.268077655291799e-05,-0.00047987583158769074,0.014822988471788081,3.368894747079223e-113,0.0,0.001855,False,False,True,NORMAL,1.0,False
4.875,-6.315322674499733e-05,-0.00046501055220996907,0.014906991845939355,3.048302024582071e-113,0.0,0.001855,False,False,True,NORMAL,1.0,False
4.876,-6.361077023503131e-05,-0.0004500630070536164,0.01498751781346247,2.758217733316629e-113,0.0,0.001855,False,False,True,NORMAL,1.0,False
4.877,-6.40533264981268e-05,-0.00043503668003830526,0.015064553482135989,2.4957386121952155e-113,0.0,0.0043300000000000005,False,True,True,NORMAL,1.0,False
4.878,-6.44808184996225e-05,-0.0004199350675740447,0.015138086763776128,2.2582376819513677e-113,0.0,0.0043300000000000005,False,False,True,NORMAL,1.0,False
4.8790000000000004,-6.489317270717701e-05,-0.0004047616777563706,0.015208106375749384,2.043337953448386e-113,0.0,0.0043300000000000005,False,False,True,NORMAL,1.0,False
4.88,-6.529031910205139e-05,-0.0003895200295601159,0.015274601842301736,1.8488886379731192e-113,0.0,0.0043300000000000005,False,False,True,NORMAL,1.0,False
4.881,-6.567219118958473e-05,-0.00037421365203194263,0.015337563495704476,1.672943621419619e-113,0.0,0.0043300000000000005,False,False,True,NORMAL,1.0,False
4.882,-6.603872600886188e-05,-0.00035884608348182027,0.015396982477216655,1.5137419869250557e-113,0.0,0.0029949999999999977,False,True,True,NORMAL,1.0,False
4.883,-6.63898641415721e-05,-0.0003434208706736331,0.015452850737864173,1.3696903910218906e-113,0.0,0.0029949999999999977,False,False,True,NORMAL,1.0,False
4.884,-6.672554972005796e-05,-0.0003279415680151002,0.015505161039035693,1.2393471169209113e-113,0.0,0.0029949999999999977,False,False,True,NORMAL,1.0,False
4.885,-6.704573043455395e-05,-0.00031241173674719083,0.015553906952895427,1.1214076453250278e-113,0.0,0.0029949999999999977,False,False,True,NORMAL,1.0,False
4.886,-6.73503575396143e-05,-0.00029683494413321903,0.015599082862613047,1.0146915983616832e-113,0.0,0.0029949999999999977,False,False,True,NORMAL,1.0,False
4.8870000000000005,-6.763938585972975e-05,-0.0002812147626477991,0.015640683962410893,9.181309259643663e-114,0.0,0.0017250000000000013,False,True,True,NORMAL,1.0,False
4.888,-6.791277379413342e-05,-0.00026555476916584537,0.015678706257428787,8.307592164685618e-114,0.0,0.0017250000000000013,False,False,True,NORMAL,1.0,False
4.889,-6.817048332079562e-05,-0.0002498585441517983,0.01571314656340671,7.517020244389903e-114,0.0,0.0017250000000000013,False,False,True,NORMAL,1.0,False
4.89,-6.841247999960822e-05,-0.00023412967084925868,0.01574400250618574,6.801681189257797e-114,0.0,0.0017250000000000013,False,False,True,NORMAL,1.0,False
4.891,-6.863873297475883e-05,-0.0002183717344712116,0.01577127252102755,6.154415645591779e-114,0.0,0.0017250000000000013,False,False,True,NORMAL,1.0,False
4.892,-6.884921497629559e-05,-0.00020258832139102162,0.01579495585175304,5.5687455622773784e-114,0.0,0.003854999999999999,False,True,True,NORMAL,1.0,False
4.893,-6.904390232088348e-05,-0.00018678301833437942,0.01581505254970035,5.038809356270271e-114,0.0,0.003854999999999999,False,False,True,NORMAL,1.0,False
4.894,-6.922277491175305e-05,-0.00017095941157238052,0.015831563472503005,4.559303247903027e-114,0.0,0.003854999999999999,False,False,True,NORMAL,1.0,False
4.8950000000000005,-6.938581623784293e-05,-0.00015512108611591573,0.01584449028268853,4.125428178875539e-114,0.0,0.003854999999999999,False,False,True,NORMAL,1.0,False
4.896,-6.953301337213741e-05,-0.0001392716249115523,0.015853835446098242,3.732841781666534e-114,0.0,0.003854999999999999,False,False,True,NORMAL,1.0,False
4.897,-6.966435696920076e-05,-0.00012341460803908457,0.015859602230128795,3.377614919659897e-114,0.0,-6.000000000000059e-05,False,True,True,NORMAL,1.0,False
4.898,-6.977984126190998e-05,-0.00010755361191093183,0.015861794701796144,3.0561923630247962e-114,0.0,-6.000000000000059e-05,False,False,True,NORMAL,1.0,False
4.899,-6.9879464057388e-05,-9.16922084735608e-05,0.015860417725622643,2.7653572067805743e-114,0.0,-6.000000000000059e-05,False,False,True,NORMAL,1.0,False
4.9,-6.996322673213928e-05,-7.583396441110914e-05,0.015855476961348,2.502198674930468e-114,0.0,-6.000000000000059e-05,False,False,True,NORMAL,1.0,False
4.901,-7.003113422639036e-05,-5.9982440351385614e-05,0.015846978861464908,2.264082988437084e-114,0.0,-6.000000000000059e-05,False,False,True,NORMAL,1.0,False
4.902,-7.008319503763749e-05,-4.414119007442218e-05,0.015834930668580067,2.0486270054765504e-114,0.0,0.0034749999999999994,False,True,True,NORMAL,1.0,False
4.9030000000000005,-7.011942121340435e-05,-2.831375972375177e-05,0.015819340412601607,1.8536743701541413e-114,0.0,0.0034749999999999994,False,False,True,NORMAL,1.0,False
4.904,-7.013982834321233e-05,-1.2503687020585233e-05,0.015800216907753652,1.6772739309697066e-114,0.0,0.0034749999999999994,False,False,True,NORMAL,1.0,False
4.905,-7.01444355497666e-05,3.285499518940307e-06,0.01577756974941907,1.5176602130376535e-114,0.0,0.0034749999999999994,False,False,True,NORMAL,1.0,False
4.906,-7.013326547936098e-05,1.905028136327031e-05,0.01575140931081131,1.3732357486208946e-114,0.0,0.0034749999999999994,False,False,True,NORMAL,1.0,False
4.907,-7.010634429150505e-05,3.47871507415285e-05,0.015721746739476343,1.2425550891368083e-114,0.0,-0.0007499999999999991,False,True,True,NORMAL,1.0,False
4.908,-7.006370164777689e-05,5.049261141602995e-05,0.015688593953625755,1.1243103386219912e-114,0.0,-0.0007499999999999991,False,False,True,NORMAL,1.0,False
4.909,-7.000537069990517e-05,6.616317945104332e-05,0.0156519636383021,1.0173180638698577e-114,0.0,-0.0007499999999999991,False,False,True,NORMAL,1.0,False
4.91,-6.993138807708448e-05,8.179538397763496e-05,0.015611869241377556,9.205074502333434e-115,0.0,-0.0007499999999999991,False,False,True,NORMAL,1.0,False
4.9110000000000005,-6.984179387252779e-05,9.738576795442893e-05,0.015568324969387108,8.32909584552003e-115,0.0,-0.0007499999999999991,False,False,True,NORMAL,1.0,False
4.912,-6.973663162926023e-05,0.0001129308889241178,0.015521345783197374,7.53647757943438e-115,0.0,0.0010650000000000004,False,True,True,NORMAL,1.0,False
4.913,-6.961594832515869e-05,0.00012842731976556073,0.015470947393512364,6.819286914061303e-115,0.0,0.0010650000000000004,False,False,True,NORMAL,1.0,False
4.914,-6.947979435724143e-05,0.00014387164944130624,0.015417146256217363,6.170345964165635e-115,0.0,0.0010650000000000004,False,False,True,NORMAL,1.0,False
4.915,-6.932822352521263e-05,0.00015926048374037847,0.015359959567562276,5.583159910604236e-115,0.0,0.0010650000000000004,False,False,True,NORMAL,1.0,False
4.916,-6.916129301426653e-05,0.0001745904460161671,0.015299405259185722,5.051851997993015e-115,0.0,0.0010650000000000004,False,False,True,NORMAL,1.0,False
4.917,-6.897906337715624e-05,0.00018985817791926222,0.015235501992981262,4.571104718163803e-115,0.0,0.0009600000000000006,False,True,True,NORMAL,1.0,False
4.918,-6.878159851553228e-05,0.00020506034012507713,0.015168269155807145,4.136106590755327e-115,0.0,0.0009600000000000006,False,False,True,NORMAL,1.0,False
4.9190000000000005,-6.856896566055618e-05,0.00022019361305610326,0.015097726854040984,3.7425040083005655e-115,0.0,0.0009600000000000006,False,False,True,NORMAL,1.0,False
4.92,-6.834123535279456e-05,0.00023525469759864284,0.015023895907980811,3.386357663859913e-115,0.0,0.0009600000000000006,False,False,True,NORMAL,1.0,False
4.921,-6.809848142139932e-05,0.00025024031581386626,0.014946797846094049,3.0641031251132873e-115,0.0,0.0009600000000000006,False,False,True,NORMAL,1.0,False
4.922,-6.784078096257968e-05,0.00026514721164304334,0.014866454899115861,2.7725151603234213e-115,0.0,0.00443,False,True,True,NORMAL,1.0,False
4.923,-6.756821431737189e-05,0.00027997215160679794,0.014782889993998478,2.508675459132599e-115,0.0,0.00443,False,False,True,NORMAL,1.0,False
4.924,-6.728086504871286e-05,0.0002947119254982382,0.014696126747713034,2.269943425131716e-115,0.0,0.00443,False,False,True,NORMAL,1.0,False
4.925,-6.69788199178237e-05,0.0003093633470698155,0.01460618946090561,2.0539297478838845e-115,0.0,0.00443,False,False,True,NORMAL,1.0,False
4.926,-6.666216885990958e-05,0.0003239232547137674,0.014513103111409003,1.8584724899025033e-115,0.0,0.00443,False,False,True,NORMAL,1.0,False
4.9270000000000005,-6.63310049591825e-05,0.00033838851213600056,0.01441689334761206,1.681615449254242e-115,0.0,0.0012049999999999986,False,True,True,NORMAL,1.0,False
4.928,-6.598542442321344e-05,0.00035275600902327304,0.014317586481688113,1.5215885812325884e-115,0.0,0.0012049999999999986,False,False,True,NORMAL,1.0,False
4.929,-6.562552655662074e-05,0.00036702266170353463,0.014215209482684366,1.376790283155494e-115,0.0,0.0012049999999999986,False,False,True,NORMAL,1.0,False
4.93,-6.525141373410171e-05,0.0003811854137992883,0.014109789969473952,1.2457713649874149e-115,0.0,0.0012049999999999986,False,False,True,NORMAL,1.0,False
4.931,-6.486319137281426e-05,0.00039524123687383566,0.014001356203572455,1.1272205453583455e-115,0.0,0.0012049999999999986,False,False,True,NORMAL,1.0,False
4.932,-6.446096790411608e-05,0.0004091871310702717,0.013889937081820713,1.0199513278191316e-115,0.0,0.0027500000000000016,False,True,True,NORMAL,1.0,False
4.933,-6.404485474466837e-05,0.0004230201257430966,0.013775562128935737,9.228901259862116e-116,0.0,0.0027500000000000016,False,False,True,NORMAL,1.0,False
4.934,-6.361496626691177e-05,0.0004367372800823131,0.01365826148993168,8.350655187282452e-116,0.0,0.0027500000000000016,False,False,True,NORMAL,1.0,False
4.9350000000000005,-6.317141976892198e-05,0.00045033568372988044,0.013538065922412626,7.555985278569245e-116,0.0,0.0027500000000000016,False,False,True,NORMAL,1.0,False
4.936,-6.271433544365284e-05,0.0004638124573883984,0.013415006788739293,6.836938210178316e-116,0.0,0.0027500000000000016,False,False,True,NORMAL,1.0,False
4.937,-6.224383634757459e-05,0.00047716475342189505,0.013289116048071438,6.186317517369142e-116,0.0,0.0006550000000000004,False,True,True,NORMAL,1.0,False
4.938,-6.176004836871541e-05,0.0004903897564485964,0.013160426248288074,5.597611569566921e-116,0.0,0.0006550000000000004,False,False,True,NORMAL,1.0,False
4.939,-6.12631001941142e-05,0.0005034846839255552,0.013028970517787359,5.064928399775148e-116,0.0,0.0006550000000000004,False,False,True,NORMAL,1.0,False
4.94,-6.07531232766929e-05,0.0005164467867250208,0.012894782557168374,4.582936735789549e-116,0.0,0.0006550000000000004,False,False,True,NORMAL,1.0,False
4.941,-6.0230251801556606e-05,0.0005292733497024326,0.012757896630796586,4.146812643033964e-116,0.0,0.0006550000000000004,False,False,True,NORMAL,1.0,False
4.942,-5.9694622651729867e-05,0.0005419616922559215,0.012618347558255335,3.752191245001725e-116,0.0,0.00020499999999999902,False,True,True,NORMAL,1.0,False
4.9430000000000005,-5.914637537333787e-05,0.0005545091688772065,0.012476170705685212,3.3951230381044933e-116,0.0,0.00020499999999999902,False,False,True,NORMAL,1.0,False
4.944,-5.8585652140241e-05,0.000566913169693776,0.01233140197701356,3.072034363712872e-116,0.0,0.00020499999999999902,False,False,True,NORMAL,1.0,False
4.945,-5.801259771813168e-05,0.0005791711210022444,0.01218407780507626,2.779691641779697e-116,0.0,0.00020499999999999902,False,False,True,NORMAL,1.0,False
4.946,-5.742735942810227e-05,0.0005912804857927771,0.012034235142633843,2.5151690080840785e-116,0.0,0.00020499999999999902,False,False,True,NORMAL,1.0,False
4.947,-5.683008710969304e-05,0.0006032387642644805,0.01188191145328421,2.275819031198863e-116,0.0,0.003295000000000001,False,True,True,NORMAL,1.0,False
4.948,-5.6220933083429384e-05,0.0006150434943316528,0.011727144702274131,2.059246216107078e-116,0.0,0.003295000000000001,False,False,True,NORMAL,1.0,False
4.949,-5.560005211285732e-05,0.000626692252120798,0.0115699733472117,1.8632830292826477e-116,0.0,0.003295000000000001,False,False,True,NORMAL,1.0,False
4.95,-5.4967601366086665e-05,0.0006381826524583025,0.011410436328682045,1.685968205286332e-116,0.0,0.003295000000000001,False,False,True,NORMAL,1.0,False
4.9510000000000005,-5.432374037685124e-05,0.0006495123493486807,0.011248573060768508,1.5255271177620053e-116,0.0,0.003295000000000001,False,False,True,NORMAL,1.0,False
4.952,-5.366863100509559e-05,0.0006606790364432955,0.011084423421481564,1.380354018379612e-116,0.0,0.002129999999999999,False,True,True,NORMAL,1.0,False
4.953,-5.300243739709778e-05,0.0006716804474994617,0.01091802774309781,1.2489959659661696e-116,0.0,0.002129999999999999,False,False,True,NORMAL,1.0,False
4.954,-5.232532594513792e-05,0.0006825143568298456,0.010749426802411265,1.130138284982158e-116,0.0,0.002129999999999999,False,False,True,NORMAL,1.0,False
4.955,-5.163746524672221e-05,0.0006931785797420721,0.010578661810899389,1.0225914078068432e-116,0.0,0.002129999999999999,False,False,True,NORMAL,1.0,False
4.956,-5.093902606337227e-05,0.0007036709729684568,0.010405774404806075,9.25278969145701e-117,0.0,0.002129999999999999,False,False,True,NORMAL,1.0,False
4.957,-5.0230181278989715e-05,0.0007139894350857797,0.010230806635144016,8.372270334047703e-117,0.0,-0.0008599999999999994,False,True,True,NORMAL,1.0,False
4.958,-4.9511105857806035e-05,0.0007241319069250231,0.010053800957618823,7.575543472158783e-117,0.0,-0.0008599999999999994,False,False,True,NORMAL,1.0,False
4.9590000000000005,-4.8781976801927686e-05,0.0007340963719709942,0.009874800222477238,6.854635195567322e-117,0.0,-0.0008599999999999994,False,False,True,NORMAL,1.0,False
4.96,-4.804297310848672e-05,0.0007438808567517603,0.009693847664281871,6.20233041193555e-117,0.0,-0.0008599999999999994,False,False,True,NORMAL,1.0,False
4.961,-4.7294275726407064e-05,0.0007534834312178218,0.009510986891614857,5.612100635741672e-117,0.0,-0.0008599999999999994,False,False,True,NORMAL,1.0,False
4.962,-4.6536067512796816e-05,0.0007629022091109549,0.00932626187671285,5.078038649002461e-117,0.0,0.0029149999999999996,False,True,True,NORMAL,1.0,False
4.963,-4.576853318897687e-05,0.0007721353483226563,0.009139716945035811,4.594799379850199e-117,0.0,0.0029149999999999996,False,False,True,NORMAL,1.0,False
4.964,-4.4991859296156335e-05,0.0007811810512421238,0.00895139676477199,4.1575464072568825e-117,0.0,0.0029149999999999996,False,False,True,NORMAL,1.0,False
4.965,-4.4206234150765234e-05,0.0007900375650937117,0.00876134633628161,3.761903556506997e-117,0.0,0.0029149999999999996,False,False,True,NORMAL,1.0,False
4.966,-4.3411847799455e-05,0.0007987031822637998,0.008569610981481676,3.403911100970085e-117,0.0,0.0029149999999999996,False,False,True,NORMAL,1.0,False
4.9670000000000005,-4.2608891973777475e-05,0.0008071762406170191,0.008376236333174403,3.079986131825712e-117,0.0,0.0011649999999999998,False,True,True,NORMAL,1.0,False
4.968,-4.1797560044553e-05,0.0008154551238017786,0.008181268324321757,2.7868866991077396e-117,0.0,0.0011649999999999998,False,False,True,NORMAL,1.0,False
4.969,-4.0978046975938343e-05,0.0008235382615450409,0.007984753177268565,2.5216793651794052e-117,0.0,0.0011649999999999998,False,False,True,NORMAL,1.0,False
4.97,-4.0150549279205257e-05,0.0008314241299362961,0.007786737392916739,2.2817098459034905e-117,0.0,0.0011649999999999998,False,False,True,NORMAL,1.0,False
4.971,-3.9315264966240476e-05,0.0008391112517006863,0.007587267739853077,2.0645764456745414e-117,0.0,0.0011649999999999998,False,False,True,NORMAL,1.0,False
4.972,-3.8472393502778065e-05,0.0008465981964612364,0.00738639124343321,1.8681060204420106e-117,0.0,-0.0011049999999999994,False,True,True,NORMAL,1.0,False
4.973,-3.762213576137495e-05,0.0008538835809901475,0.0071841551748241415,1.6903322281541803e-117,0.0,-0.0011049999999999994,False,False,True,NORMAL,1.0,False
4.974,-3.676469397414067e-05,0.0008609660694491129,0.006980607040007981,1.5294758489459989e-117,0.0,-0.0011049999999999994,False,False,True,NORMAL,1.0,False
4.9750000000000005,-3.590027168523234e-05,0.0008678443736186202,0.006775794568749345,1.383926978108655e-117,0.0,-0.0011049999999999994,False,False,True,NORMAL,1.0,False
4.976,-3.502907370312578e-05,0.000874517253116203,0.006569765703528997,1.2522289136221433e-117,0.0,-0.0011049999999999994,False,False,True,NORMAL,1.0,False
4.977,-3.415130605267397e-05,0.0008809835156036114,0.006362568588446227,1.1330635769918347e-117,0.0,-0.0011799999999999996,False,True,True,NORMAL,1.0,False
4.978,-3.326717592696388e-05,0.0008872420169828686,0.006154251558092571,1.0252383214758803e-117,0.0,-0.0011799999999999996,False,False,True,NORMAL,1.0,False
4.979,-3.23768916389828e-05,0.0008932916615811901,0.005944863126399344,9.276739956757566e-118,0.0,-0.0011799999999999996,False,False,True,NORMAL,1.0,False
4.98,-3.1480662573105346e-05,0.0008991314023247366,0.0057344519754615976,8.393941430263535e-118,0.0,-0.0011799999999999996,False,False,True,NORMAL,1.0,False
4.981,-3.057869913641231e-05,0.0009047602409011812,0.005523066944340997,7.595152290904726e-118,0.0,-0.0011799999999999996,False,False,True,NORMAL,1.0,False
4.982,-2.96712127098525e-05,0.0009101772279110692,0.0053107570178502084,6.872377988492135e-118,0.0,-0.0014950000000000007,False,True,True,NORMAL,1.0,False
4.9830000000000005,-2.8758415599258903e-05,0.000915381463007955,0.0050975713153213215,6.218384754874385e-118,0.0,-0.0014950000000000007,False,False,True,NORMAL,1.0,False
4.984,-2.7840520986230263e-05,0.0009203720950273,0.00488355907936086,5.626627205954711e-118,0.0,-0.0014950000000000007,False,False,True,NORMAL,1.0,False
4.985,-2.6917742878889416e-05,0.0009251483221041194,0.0046687696645939395,5.0911828332869456e-118,0.0,-0.0014950000000000007,False,False,True,NORMAL,1.0,False
4.986,-2.5990296062529615e-05,0.00092970939177937,0.004453252526400108,4.606692729620361e-118,0.0,-0.0014950000000000007,False,False,True,NORMAL,1.0,False
4.987,-2.505839605016008e-05,0.0009340546010950696,0.0042370572096434135,4.168307955154714e-118,0.0,0.00011500000000000063,False,True,True,NORMAL,1.0,False
4.988,-2.4122259032962076e-05,0.000938183296678145,0.00402023333739925,3.7716410077209416e-118,0.0,0.00011500000000000063,False,False,True,NORMAL,1.0,False
4.989,-2.318210183066678e-05,0.0009420948748130071,0.0038028305996805145,3.4127219111847614e-118,0.0,0.00011500000000000063,False,False,True,NORMAL,1.0,False
4.99,-2.22381418418662e-05,0.000945788781502851,0.0035848987421656193,3.087958482591165e-118,0.0,0.00011500000000000063,False,False,True,NORMAL,1.0,False
4.9910000000000005,-2.1290596994268444e-05,0.0009492645125196882,0.0033664875549308682,2.794100380390029e-118,0.0,0.00011500000000000063,False,False,True,NORMAL,1.0,False
4.992,-2.0339685694908578e-05,0.000952521613443113,0.0031476468611897606,2.5282065739254065e-118,0.0,-0.0013300000000000005,False,True,True,NORMAL,1.0,False
4.993,-1.9385626780326352e-05,0.0009555596796878135,0.002928426506041709,2.287615908612204e-118,0.0,-0.0013300000000000005,False,False,True,NORMAL,1.0,False
4.994,-1.8428639466722034e-05,0.0009583783565198363,0.002708876345232703,2.0699204722066525e-118,0.0,-0.0013300000000000005,False,False,True,NORMAL,1.0,False
4.995,-1.74689433001016e-05,0.0009609773390616196,0.0024890462339304305,1.8729414956112415e-118,0.0,-0.0013300000000000005,False,False,True,NORMAL,1.0,False
4.996,-1.6506758106422505e-05,0.0009633563722858094,0.0022689860155163492,1.694707547021284e-118,0.0,-0.0013300000000000005,False,False,True,NORMAL,1.0,False
4.997,-1.5542303941751228e-05,0.0009655152509978773,0.00204874551039721,1.5334348011727932e-118,0.0,0.0033749999999999995,False,True,True,NORMAL,1.0,False
4.998,-1.4575801042443803e-05,0.0009674538198075606,0.001828374504838515,1.3875091862196751e-118,0.0,0.0033749999999999995,False,False,True,NORMAL,1.0,False
4.999,-1.3607469775360473e-05,0.0009691719730891476,0.0016079227398223853,1.255470229560186e-118,0.0,0.0033749999999999995,False,False,True,NORMAL,1.0,False
5.0,-1.2637530588125642e-05,0.0009706696549306347,0.0013874398999323175,1.135996440936252e-118,0.0,0.0033749999999999995,False,False,True,NORMAL,1.0,False
