time_s,true_acceleration_m_s2,raw_acceleration_m_s2,processed_acceleration_m_s2,input_valid,sensor_fault,consecutive_dropouts
0.0,0.0,0.09337528953992091,-0.026657448044563353,True,False,0
0.001,0.0,-0.031125096513335393,-0.04640322640248416,True,False,0
0.002,0.0,0.15083700617989848,-0.03415810707292119,True,False,0
0.003,0.0,0.16041395895322808,-0.022336159326287006,True,False,0
0.004,0.0,0.1268946242465745,-0.0177053452152026,True,False,0
0.005,0.0,0.17477938811322247,-0.006214448721621335,True,False,0
0.006,0.0,-0.045490525673329785,-0.03148084862619013,True,False,0
0.007,0.0,0.026336620126642174,-0.04134819882302213,True,False,0
0.008,0.0,0.19872177004651803,-0.02231027742541858,True,False,0
0.009000000000000001,0.0,0.08379833676659132,-0.024518645311270192,True,False,0
0.01,0.0,0.1316831006332393,-0.01878223560891519,True,False,0
0.011,0.0,0.21308719920651242,-0.0010449200405965586,True,False,0
0.012,0.0,0.07900986037992652,-0.007385429547324978,True,False,0
0.013000000000000001,0.0,0.09816376592658571,-0.009682521318836946,True,False,0
0.014,0.0,0.09816376592658571,-0.011615294019332726,True,False,0
0.015,0.0,0.17477938811322247,-0.0010902804833400233,True,False,0
0.016,0.0,0.03112509651330697,-0.01501812595526731,True,False,0
0.017,0.0,0.1077407186999153,-0.01458576499877241,True,False,0
0.018000000000000002,0.0,0.1125291950865801,-0.01346252353569932,True,False,0
0.019,0.0,0.27054891584649,0.012544521131070107,True,False,0
0.02,0.0,0.1316831006332393,0.012402707536188686,True,False,0
0.021,0.0,0.1412600534065689,0.013802291624500154,True,False,0
0.022,0.0,0.08379833676659132,0.005866465318641854,True,False,0
0.023,0.0,0.1364715770199041,0.007543245308204436,True,False,0
0.024,0.0,0.03591357289997177,-0.006994425528372982,True,False,0
0.025,0.0,0.2657604394598252,0.01722732489072947,True,False,0
0.026000000000000002,0.0,0.1364715770199041,0.017102270989030496,True,False,0
0.027,0.0,0.16520243533989287,0.02155376873594516,True,False,0
0.028,0.0,0.10295224231325051,0.015426369148759706,True,False,0
0.029,0.0,0.04549052567330136,0.0011573398139724002,True,False,0
0.03,0.0,0.20829872281984763,0.014972782962989943,True,False,0
0.031,0.0,0.04549052567330136,0.0007756924596741578,True,False,0
0.032,0.0,0.15083700617989848,0.005538228766402059,True,False,0
0.033,0.0,0.15083700617989848,0.005538228766402059,False,False,1
0.034,0.0,0.27054891584649,0.02853175150376511,True,False,0
0.035,0.0,0.16999091172655767,0.03192998508223928,True,False,0
0.036000000000000004,0.0,0.07422138399326172,0.01960019807228097,True,False,0
0.037,0.0,0.1125291950865801,0.01530154108867506,True,False,0
0.038,0.0,0.16520243533989287,0.020038634845546587,True,False,0
0.039,0.0,0.1173176714732449,0.016429894743143065,True,False,0
0.04,0.0,0.059855954833295755,0.004280065152311625,True,False,0
0.041,0.0,0.07900986037992652,-0.002904987738671024,True,False,0
0.042,0.0,0.1077407186999153,-0.004393772169961967,True,False,0
0.043000000000000003,0.0,0.2897028213931492,0.02321277933750719,True,False,0
0.044,0.0,0.0023942381933181878,0.000873747151563499,True,False,0
0.045,0.0,0.14604852979323368,0.004861278956900153,True,False,0
0.046,0.0,0.22266415197984202,0.020367635889527422,True,False,0
0.047,0.0,0.06464443121993213,0.0083527330248517,True,False,0
0.048,0.0,0.1077407186999153,0.005078472531528348,True,False,0
0.049,0.0,0.29927977416645035,0.03270163075359338,True,False,0
0.05,0.0,0.01675966735331258,0.011136024468796617,True,False,0
0.051000000000000004,0.0,0.1125291950865801,0.00817978658327988,True,False,0
0.052000000000000005,0.0,-0.007182714580011407,-0.013293916911002759,True,False,0
0.053,0.0,0.20829872281984763,0.0028134975429287314,True,False,0
0.054,0.0,0.21308719920651242,0.017125726862031197,True,False,0
0.055,0.0,0.2322411047531716,0.03220584669698519,True,False,0
0.056,0.0,0.2657604394598252,0.0502104285476225,True,False,0
0.057,0.0,0.026336620126642174,0.027386830551208757,True,False,0
0.058,0.0,0.15562548256656328,0.02868828970898773,True,False,0
0.059000000000000004,0.0,0.1364715770199041,0.026745525210211157,True,False,0
0.06,0.0,0.21787567559317722,0.03802158466226701,True,False,0
0.061,0.0,0.1364715770199041,0.034598558299742316,True,False,0
0.062,0.0,0.1221061478599097,0.029440065347985486,True,False,0
0.063,0.0,0.09337528953992091,0.02054299200553064,True,False,0
0.064,0.0,0.1125291950865801,0.01609480777439333,True,False,0
0.065,0.0,0.08379833676659132,0.007795388091737137,True,False,0
0.066,0.0,0.1221061478599097,0.00688788162278932,True,False,0
0.067,0.0,-0.04070204928666499,-0.01969709666337221,True,False,0
0.068,0.0,0.2609719630731604,0.005779846131721642,True,False,0
0.069,0.0,0.08379833676659132,-0.0008836192151823298,True,False,0
0.07,0.0,-0.10774071869994373,-0.03686837859189362,True,False,0
0.07100000000000001,0.0,0.03112509651330697,-0.045121812781134224,True,False,0
0.07200000000000001,0.0,0.08379833676659132,-0.043712268020954695,True,False,0
0.073,0.0,0.20829872281984763,-0.022780498895756576,True,False,0
0.074,0.0,0.17477938811322247,-0.010484682330154508,True,False,0
0.075,0.0,0.1173176714732449,-0.00925242012882142,True,False,0
0.076,0.0,0.1412600534065689,-0.004418329813333599,True,False,0
0.077,0.0,0.1173176714732449,-0.004148191955831231,True,False,0
0.078,0.0,0.2561834866864956,0.01810323939952317,True,False,0
0.079,0.0,0.1316831006332393,0.01707981232244702,True,False,0
0.08,0.0,0.1316831006332393,0.016218700920607378,True,False,0
0.081,0.0,0.05027900205996616,0.0025834606715553123,True,False,0
0.082,0.0,0.09816376592658571,-0.0012946984602799647,True,False,0
0.083,0.0,0.09816376592658571,-0.004557781020214418,True,False,0
0.084,0.0,0.07900986037992652,-0.010341150292244677,True,False,0
0.085,0.0,0.20351024643318283,0.0045385019559174376,True,False,0
0.08600000000000001,0.0,0.07900986037992652,-0.0026875390476751347,True,False,0
0.08700000000000001,0.0,0.05027900205996616,-0.01332424703646835,True,False,0
0.088,0.0,0.1221061478599097,-0.01088217646825487,True,False,0
0.089,0.0,-0.0215481437400058,-0.03161100904114815,True,False,0
0.09,0.0,0.07900986037992652,-0.03310373262683374,True,False,0
0.091,0.0,0.0023942381933181878,-0.04651095826670459,True,False,0
0.092,0.0,0.16999091172655767,-0.031210940593588112,True,False,0
0.093,0.0,0.07900986037992652,-0.03276711509010171,True,False,0
0.094,0.0,0.18914481727318844,-0.016609060780734142,True,False,0
0.095,0.0,0.05027900205996616,-0.025037813507216983,True,False,0
0.096,0.0,0.026336620126642174,-0.035927029960408405,True,False,0
0.097,0.0,0.19393329365985323,-0.018508359704074547,True,False,0
0.098,0.0,-0.05027900205999458,-0.04258439664908662,True,False,0
0.099,0.0,0.16041395895322808,-0.02942603821630847,True,False,0
0.1,0.0,0.2322411047531716,-0.006962802034922465,True,False,0
0.101,0.0,0.03591357289997177,-0.019199811767008485,True,False,0
0.10200000000000001,0.0,0.026336620126642174,-0.031014936099441358,True,False,0
0.10300000000000001,0.0,-0.007182714580011407,-0.04627235118348462,True,False,0
0.10400000000000001,0.0,0.06943290760659693,-0.04695868991569005,True,False,0
0.105,0.0,0.2609719630731604,-0.017158054679885265,True,False,0
0.106,0.0,0.14604852979323368,-0.010310676623104597,True,False,0
0.107,0.0,0.246606533913166,0.011399219620836284,True,False,0
0.108,0.0,0.17956786449985884,0.019033581140717827,True,False,0
0.109,0.0,0.1077407186999153,0.01406533666665169,True,False,0
0.11,0.0,0.011971190966647782,-0.005304003825574798,True,False,0
0.111,0.0,0.1221061478599097,-0.004133944934105681,True,False,0
0.112,0.0,0.10295224231325051,-0.006187269598876145,True,False,0
0.113,0.0,0.27054891584649,0.018665918792518752,True,False,0
0.114,0.0,0.1316831006332393,0.017553250686295048,True,False,0
0.115,0.0,0.14604852979323368,0.018895410936108307,True,False,0
0.116,0.0,-0.10774071869994373,-0.02022630534397318,True,False,0
0.117,0.0,0.2418180575265012,0.0022967579656118058,True,False,0
0.11800000000000001,0.0,0.30406825055311515,0.03112054951433068,True,False,0
0.11900000000000001,0.0,0.01675966735331258,0.00980570293162025,True,False,0
0.12,0.0,0.09816376592658571,0.0047820951836381196,True,False,0
0.121,0.0,0.1221061478599097,0.004352497384510541,True,False,0
0.122,0.0,0.07900986037992652,-0.002844043268464729,True,False,0
0.123,0.0,0.07422138399326172,-0.009658664597480184,True,False,0
0.124,0.0,0.16041395895322808,-0.0017223317983029104,True,False,0
0.125,0.0,0.09816376592658571,-0.004917591651989313,True,False,0
0.126,0.0,-0.016759667353341,-0.02583295518363677,True,False,0
0.127,0.0,0.011971190966647782,-0.0388744210988444,True,False,0
0.128,0.0,0.33758758525976873,0.0017952962105600295,True,False,0
0.129,0.0,0.21787567559317722,0.017028465414835756,True,False,0
0.13,0.0,-0.05027900205999458,-0.01268371688350908,True,False,0
0.131,0.0,0.1173176714732449,-0.011102687499451154,True,False,0
0.132,0.0,0.1412600534065689,-0.005975144524405157,True,False,0
0.133,0.0,0.17477938811322247,0.0036553405256699234,True,False,0
0.134,0.0,0.16520243533989287,0.010239523294222288,True,False,0
0.135,0.0,0.01675966735331258,-0.0077635896569809865,True,False,0
0.136,0.0,0.15562548256656328,-0.0008872690178745686,True,False,0
0.137,0.0,0.14604852979323368,0.0033795601942312858,True,False,0
0.138,0.0,-0.07422138399329015,-0.027965168927014755,True,False,0
0.139,0.0,-0.031125096513335393,-0.04750354257305086,True,False,0
0.14,0.0,0.1316831006332393,-0.038121725002510126,True,False,0
0.14100000000000001,0.0,0.1316831006332393,-0.038121725002510126,False,False,1
0.14200000000000002,0.0,0.07422138399326172,-0.039341301154687654,True,False,0
0.14300000000000002,0.0,0.1125291950865801,-0.03429182825119878,True,False,0
0.14400000000000002,0.0,0.06464443121993213,-0.037637732582618384,True,False,0
0.145,0.0,0.05027900205996616,-0.04273133506801002,True,False,0
0.146,0.0,0.09816376592658571,-0.03942256136073618,True,False,0
0.147,0.0,0.09337528953992091,-0.037398012632452945,True,False,0
0.148,0.0,0.246606533913166,-0.011392061170511957,True,False,0
0.149,0.0,0.22266415197984202,0.006692077742602481,True,False,0
0.15,0.0,0.16999091172655767,0.013554086584494288,True,False,0
0.151,0.0,0.2897028213931492,0.03831410522408008,True,False,0
0.152,0.0,0.05027900205996616,0.021174530812414306,True,False,0
0.153,0.0,0.15083700617989848,0.022701808549743366,True,False,0
0.154,0.0,-0.07422138399329015,-0.011707431819214291,True,False,0
0.155,0.0,0.1077407186999153,-0.011800147408212247,True,False,0
0.156,0.0,0.1077407186999153,-0.011800147408212247,False,False,1
0.157,0.0,0.22266415197984202,0.006348714038349601,True,False,0
0.158,0.0,0.09816376592658571,0.0018733852044835854,True,False,0
0.159,0.0,0.10295224231325051,-0.0011327028468092366,True,False,0
0.16,0.0,0.22745262836650681,0.016083753438358217,True,False,0
0.161,0.0,0.06943290760659693,0.005507727933619071,True,False,0
0.162,0.0,0.2322411047531716,0.022430463997127215,True,False,0
0.163,0.0,0.1173176714732449,0.018442379462193802,True,False,0
0.164,0.0,0.14604852979323368,0.019643523765815248,True,False,0
0.165,0.0,0.08858681315325612,0.011540730252421876,True,False,0
0.166,0.0,0.18435634088652364,0.019912101180430006,True,False,0
0.167,0.0,0.14604852979323368,0.020880147417321755,True,False,0
0.168,0.0,0.1173176714732449,0.017137943305251882,True,False,0
0.169,0.0,0.011971190966647782,-0.002718713022613242,True,False,0
0.17,0.0,0.06943290760659693,-0.010312664759631154,True,False,0
0.171,0.0,0.1221061478599097,-0.008348231554884422,True,False,0
0.17200000000000001,0.0,0.21787567559317722,0.008493702548627883,True,False,0
0.17300000000000001,0.0,0.06943290760659693,-0.000878539840693084,True,False,0
0.17400000000000002,0.0,0.16999091172655767,0.00718416999154254,True,False,0
0.17500000000000002,0.0,0.007182714579982985,-0.011853269533005664,True,False,0
0.176,0.0,0.17477938811322247,-0.0012905130478016377,True,False,0
0.177,0.0,0.021548143739977377,-0.016705507634988244,True,False,0
0.178,0.0,0.17956786449985884,-0.004613732505433704,True,False,0
0.179,0.0,0.06943290760659693,-0.011907133891742597,True,False,0
0.18,0.0,0.1316831006332393,-0.00817091163572898,True,False,0
0.181,0.0,0.1268946242465745,-0.005786707757348286,True,False,0
0.182,0.0,0.03112509651330697,-0.01896969921744148,True,False,0
0.183,0.0,0.20829872281984763,-0.0019621049087840195,True,False,0
0.184,0.0,0.18914481727318844,0.009310270547398304,True,False,0
0.185,0.0,0.06464443121993213,-0.0009509326526447228,True,False,0
0.186,0.0,0.20351024643318283,0.01243942978588688,True,False,0
0.187,0.0,0.1173176714732449,0.010035924651511848,True,False,0
0.188,0.0,0.0023942381933181878,-0.010213256568243704,True,False,0
0.189,0.0,0.2322411047531716,0.009202829800293246,True,False,0
0.19,0.0,0.15562548256656328,0.013388273979084545,True,False,0
0.191,0.0,0.18435634088652364,0.02146662421784242,True,False,0
0.192,0.0,0.07422138399326172,0.010796327680620032,True,False,0
0.193,0.0,0.026336620126642174,-0.005776188495343322,True,False,0
0.194,0.0,0.17477938811322247,0.003822742101148406,True,False,0
0.195,0.0,0.20829872281984763,0.017215452080689995,True,False,0
0.196,0.0,-0.026336620126670596,-0.008729121259754828,True,False,0
0.197,0.0,0.2609719630731604,0.015008299127253353,True,False,0
0.198,0.0,0.07422138399326172,0.005362293837992402,True,False,0
0.199,0.0,0.2322411047531716,0.02230809576907706,True,False,0
0.2,0.0,0.08858681315325612,0.013782700769350766,True,False,0
0.201,0.0,0.1364715770199041,0.014203964727244583,True,False,0
0.202,0.0,0.09337528953992091,0.007723339039557962,True,False,0
0.203,0.0,0.0023942381933181878,-0.012159065783955538,True,False,0
0.20400000000000001,0.0,0.011971190966647782,-0.027369212439328362,True,False,0
0.20500000000000002,0.0,0.040702049286636566,-0.03561030965981317,True,False,0
0.20600000000000002,0.0,0.08858681315325612,-0.034949837589586294,True,False,0
0.20700000000000002,0.0,-0.007182714580011407,-0.0495831767558937,True,False,0
0.20800000000000002,0.0,0.08379833676659132,-0.04746605905548304,True,False,0
0.209,0.0,0.15083700617989848,-0.03505237432092045,True,False,0
0.21,0.0,0.2513950102998308,-0.008658988404156007,True,False,0
0.211,0.0,0.1364715770199041,-0.004678469455616112,True,False,0
0.212,0.0,0.059855954833295755,-0.013480509580247196,True,False,0
0.213,0.0,0.07900986037992652,-0.01784873287498762,True,False,0
0.214,0.0,0.01675966735331258,-0.03139704453312121,True,False,0
0.215,0.0,0.10295224231325051,-0.02912643785038723,True,False,0
0.216,0.0,0.09337528953992091,-0.028734855727477908,True,False,0
0.217,0.0,0.1316831006332393,-0.0223297544730085,True,False,0
0.218,0.0,0.20351024643318283,-0.005548707952278076,True,False,0
0.219,0.0,0.17956786449985884,0.004773597212546551,True,False,0
0.22,0.0,0.040702049286636566,-0.008565354041220262,True,False,0
0.221,0.0,-0.016759667353341,-0.028902181956043986,True,False,0
0.222,0.0,0.0023942381933181878,-0.04297577411038893,True,False,0
0.223,0.0,0.059855954833295755,-0.04570385644748804,True,False,0
0.224,0.0,0.16041395895322808,-0.0320507512614803,True,False,0
0.225,0.0,0.05506747844663096,-0.037270996739344836,True,False,0
0.226,0.0,0.16041395895322808,-0.024955344263316713,True,False,0
0.227,0.0,0.09337528953992091,-0.025225298157213062,True,False,0
0.228,0.0,0.2609719630731604,0.0011284181554232497,True,False,0
0.229,0.0,0.18435634088652364,0.011151183214634196,True,False,0
0.23,0.0,-0.0023942381933466095,-0.01003433118044615,True,False,0
0.231,0.0,0.16520243533989287,-0.001278964595756554,True,False,0
0.232,0.0,0.05027900205996616,-0.012139072686428302,True,False,0
0.233,0.0,-0.05506747844665938,-0.03798473244254879,True,False,0
0.234,0.0,0.18435634088652364,-0.021758616316963107,True,False,0
0.23500000000000001,0.0,0.08379833676659132,-0.024054477730518217,True,False,0
0.23600000000000002,0.0,0.246606533913166,-0.0001648127399467049,True,False,0
0.23700000000000002,0.0,0.21308719920651242,0.014619776999802315,True,False,0
0.23800000000000002,0.0,0.08379833676659132,0.006554297400944157,True,False,0
0.23900000000000002,0.0,-0.011971190966676204,-0.015421056299137082,True,False,0
0.24,0.0,0.01675966735331258,-0.02935439779622198,True,False,0
0.241,0.0,0.16041395895322808,-0.018294319001809486,True,False,0
0.242,0.0,0.1364715770199041,-0.012785635294766964,True,False,0
0.243,0.0,0.03591357289997177,-0.02409914287068428,True,False,0
0.244,0.0,0.059855954833295755,-0.02982106151961596,True,False,0
0.245,0.0,0.2849143450064844,0.0010588085634553879,True,False,0
0.246,0.0,0.1173176714732449,0.0004602715208054378,True,False,0
0.247,0.0,0.09337528953992091,-0.003840602533359953,True,False,0
0.248,0.0,-0.031125096513335393,-0.027205135728702878,True,False,0
0.249,0.0,-0.0023942381933466095,-0.04230733266196525,True,False,0
0.25,0.0,0.19393329365985323,-0.023876745519305482,True,False,0
0.251,0.0,0.246606533913166,-1.5268881886291996e-05,True,False,0
0.252,0.0,0.1125291950865801,-0.0012029101076902482,True,False,0
0.253,0.0,0.059855954833295755,-0.010556174423100851,True,False,0
0.254,0.0,0.07422138399326172,-0.016147650689887175,True,False,0
0.255,0.0,0.06464443121993213,-0.022371224078968695,True,False,0
0.256,0.0,0.1125291950865801,-0.020013207734583524,True,False,0
0.257,0.0,0.1316831006332393,-0.014991361051789345,True,False,0
0.258,0.0,0.27054891584649,0.011258157455383073,True,False,0
0.259,0.0,0.1077407186999153,0.007523096247623219,True,False,0
0.26,0.0,0.040702049286636566,-0.0062519259314073716,True,False,0
0.261,0.0,0.08379833676659132,-0.011007150573660491,True,False,0
0.262,0.0,0.19393329365985323,0.0024592233832357157,True,False,0
0.263,0.0,0.07422138399326172,-0.00519649676641019,True,False,0
0.264,0.0,-0.031125096513335393,-0.028345984949835323,True,False,0
0.265,0.0,-0.03591357290000019,-0.04858341413602238,True,False,0
0.266,0.0,0.08379833676659132,-0.046624858924679574,True,False,0
0.267,0.0,0.05506747844663096,-0.04953364892192489,True,False,0
0.268,0.0,0.05506747844663096,-0.04953364892192489,False,False,1
0.269,0.0,0.22745262836650681,-0.024640795929809927,True,False,0
0.27,0.0,0.17477938811322247,-0.012049935998650726,True,False,0
0.271,0.0,-0.016759667353341,-0.03183410873558609,True,False,0
0.272,0.0,0.08858681315325612,-0.03177254265150506,True,False,0
0.273,0.0,0.059855954833295755,-0.03627745903942373,True,False,0
0.274,0.0,0.20351024643318283,-0.017284304655410167,True,False,0
0.275,0.0,0.06464443121993213,-0.02332760456916874,True,False,0
0.276,0.0,0.059855954833295755,-0.029171889298875913,True,False,0
0.277,0.0,0.011971190966647782,-0.04168379980400625,True,False,0
0.278,0.0,0.19872177004651803,-0.022592652044643637,True,False,0
0.279,0.0,0.15083700617989848,-0.01412389308430552,True,False,0
0.28,0.0,0.06943290760659693,-0.019908981694312565,True,False,0
0.281,0.0,0.01675966735331258,-0.0331305376062338,True,False,0
0.28200000000000003,0.0,0.19393329365985323,-0.016155391422038413,True,False,0
0.28300000000000003,0.0,0.22266415197984202,0.0026842123243496115,True,False,0
0.28400000000000003,0.0,0.05506747844663096,-0.00804500315737387,True,False,0
0.28500000000000003,0.0,0.059855954833295755,-0.016313110573708416,True,False,0
0.28600000000000003,0.0,0.21787567559317722,0.0017920544380685202,True,False,0
0.28700000000000003,0.0,0.040702049286636566,-0.011074023721438809,True,False,0
0.28800000000000003,0.0,0.06943290760659693,-0.017342822032024766,True,False,0
0.289,0.0,0.007182714579982985,-0.032490277246992716,True,False,0
0.29,0.0,0.10295224231325051,-0.030046283705422,True,False,0
0.291,0.0,0.21308719920651242,-0.010522488559189108,True,False,0
0.292,0.0,0.2418180575265012,0.010461548073191395,True,False,0
0.293,0.0,0.21787567559317722,0.024320248539673503,True,False,0
0.294,0.0,0.16520243533989287,0.027626974053942408,True,False,0
0.295,0.0,0.22266415197984202,0.03952268861187125,True,False,0
0.296,0.0,0.06943290760659693,0.02522924476367503,True,False,0
0.297,0.0,0.22266415197984202,0.03750523951694127,True,False,0
0.298,0.0,0.026336620126642174,0.016696686248886882,True,False,0
0.299,0.0,0.1125291950865801,0.012858526639962349,True,False,0
0.3,0.0,0.16041395895322808,0.017223629810765088,True,False,0
0.301,0.0,0.16520243533989287,0.021655880031855014,True,False,0
0.302,0.0,0.06943290760659693,0.010196114482724367,True,False,0
0.303,0.0,0.1364715770199041,0.011186211519151685,True,False,0
0.304,0.0,0.2322411047531716,0.0272083393046979,True,False,0
0.305,0.0,0.16520243533989287,0.03005701322626463,True,False,0
0.306,0.0,0.22266415197984202,0.041567323237116684,True,False,0
0.307,0.0,0.007182714579982985,0.017076710877079307,True,False,0
0.308,0.0,-0.0215481437400058,-0.008086405075617253,True,False,0
0.309,0.0,0.01675966735331258,-0.02318302326591918,True,False,0
0.31,0.0,0.05506747844663096,-0.029809691623980877,True,False,0
0.311,0.0,0.16999091172655767,-0.017158497138309716,True,False,0
0.312,0.0,0.15562548256656328,-0.008792142880029333,True,False,0
0.313,0.0,-0.07900986037995494,-0.03896589123277246,True,False,0
0.314,0.0,0.15083700617989848,-0.02790033428442072,True,False,0
0.315,0.0,0.16999091172655767,-0.015551964135510224,True,False,0
0.316,0.0,0.1268946242465745,-0.011997124315113142,True,False,0
0.317,0.0,0.1077407186999153,-0.012043894634403063,True,False,0
0.318,0.0,0.01675966735331258,-0.026512854436174824,True,False,0
0.319,0.0,0.1412600534065689,-0.01894125686469614,True,False,0
0.32,0.0,0.05506747844663096,-0.026240669957611894,True,False,0
0.321,0.0,0.21308719920651242,-0.007320445675391994,True,False,0
0.322,0.0,0.08858681315325612,-0.01114674992546631,True,False,0
0.323,0.0,0.1364715770199041,-0.006771671657358166,True,False,0
0.324,0.0,0.1125291950865801,-0.006887746473366084,True,False,0
0.325,0.0,0.09337528953992091,-0.01002322386264997,True,False,0
0.326,0.0,0.16041395895322808,-0.00202907191385745,True,False,0
0.327,0.0,0.20829872281984763,0.012291736573608875,True,False,0
0.328,0.0,0.011971190966647782,-0.00679631069983329,True,False,0
0.329,0.0,0.15083700617989848,-0.0008328536501837278,True,False,0
0.33,0.0,0.2370295811398364,0.01785495253867571,True,False,0
0.331,0.0,0.011971190966647782,-0.0021154215522629673,True,False,0
0.332,0.0,0.07900986037992652,-0.008286149371951941,True,False,0
0.333,0.0,0.08379833676659132,-0.012718745896648075,True,False,0
0.334,0.0,0.1173176714732449,-0.0111321609062867,True,False,0
0.335,0.0,0.06464443121993213,-0.018151191665123106,True,False,0
0.336,0.0,0.08379833676659132,-0.021019191124801724,True,False,0
0.337,0.0,0.06943290760659693,-0.025710684516869423,True,False,0
0.338,0.0,0.22745262836650681,-0.0045961569571723315,True,False,0
0.339,0.0,0.18914481727318844,0.0070939795163007715,True,False,0
0.34,0.0,0.1173176714732449,0.005538263530156856,True,False,0
0.341,0.0,0.1173176714732449,0.005538263530156856,False,False,1
0.342,0.0,0.2370295811398364,0.02321560965761911,True,False,0
0.343,0.0,0.05027900205996616,0.008470658720179828,True,False,0
0.34400000000000003,0.0,0.15083700617989848,0.012012772319249389,True,False,0
0.34500000000000003,0.0,0.15562548256656328,0.01575255922791727,True,False,0
0.34600000000000003,0.0,0.10295224231325051,0.010545232266887226,True,False,0
0.34700000000000003,0.0,0.16999091172655767,0.016796130271076085,True,False,0
0.34800000000000003,0.0,0.021548143739977377,-0.001487408435006353,True,False,0
0.34900000000000003,0.0,0.08858681315325612,-0.006238833193967159,True,False,0
0.35000000000000003,0.0,0.17956786449985884,0.004192925929142947,True,False,0
0.35100000000000003,0.0,0.2322411047531716,0.0213241897714632,True,False,0
0.352,0.0,0.1268946242465745,0.0190304665084639,True,False,0
0.353,0.0,0.2322411047531716,0.03380849437342258,True,False,0
0.354,0.0,0.18914481727318844,0.039407647861808615,True,False,0
0.355,0.0,0.1173176714732449,0.03272697963006425,True,False,0
0.356,0.0,0.059855954833295755,0.017992430133868708,True,False,0
0.357,0.0,0.2801258686198196,0.04052962084832408,True,False,0
0.358,0.0,0.06464443121993213,0.025317024395117356,True,False,0
0.359,0.0,0.026336620126642174,0.006441523722347665,True,False,0
0.36,0.0,0.040702049286636566,-0.0071619609053618204,True,False,0
0.361,0.0,0.10295224231325051,-0.008735041820469597,True,False,0
0.362,0.0,0.22266415197984202,0.00892769345815168,True,False,0
0.363,0.0,0.06464443121993213,-0.0012728329628984621,True,False,0
0.364,0.0,0.07900986037992652,-0.007577195448791505,True,False,0
0.365,0.0,0.07900986037992652,-0.012881685177011451,True,False,0
0.366,0.0,0.059855954833295755,-0.020382694159557596,True,False,0
0.367,0.0,0.08858681315325612,-0.022137324002822513,True,False,0
0.368,0.0,0.15562548256656328,-0.012981327118798963,True,False,0
0.369,0.0,0.1077407186999153,-0.012872002738008904,True,False,0
0.37,0.0,0.059855954833295755,-0.020374547356713048,True,False,0
0.371,0.0,0.1364715770199041,-0.014535939146366438,True,False,0
0.372,0.0,0.06464443121993213,-0.021015130208004003,True,False,0
0.373,0.0,0.026336620126642174,-0.032542344785927275,True,False,0
0.374,0.0,-0.04070204928666499,-0.05287368373850386,True,False,0
0.375,0.0,0.20351024643318283,-0.03124836583375946,True,False,0
0.376,0.0,0.21308719920651242,-0.011533920296579063,True,False,0
0.377,0.0,0.20351024643318283,0.003534905438382429,True,False,0
0.378,0.0,0.18914481727318844,0.013935454297176408,True,False,0
0.379,0.0,0.09816376592658571,0.008256867414409019,True,False,0
0.38,0.0,0.2657604394598252,0.03005976067437724,True,False,0
0.381,0.0,0.07422138399326172,0.018026591512828018,True,False,0
0.382,0.0,0.18914481727318844,0.02612875696631941,True,False,0
0.383,0.0,0.16999091172655767,0.0299081058090579,True,False,0
0.384,0.0,0.10295224231325051,0.022455707212612502,True,False,0
0.385,0.0,0.2513950102998308,0.03972830348568346,True,False,0
0.386,0.0,0.21787567559317722,0.04894529251696289,True,False,0
0.387,0.0,0.16999091172655767,0.04910593568206671,True,False,0
0.388,0.0,0.1268946242465745,0.04240602369518512,True,False,0
0.389,0.0,0.06943290760659693,0.027655282506060343,True,False,0
0.39,0.0,0.08379833676659132,0.017522369940368467,True,False,0
0.391,0.0,-0.0023942381933466095,-0.00467361554601807,True,False,0
0.392,0.0,-0.031125096513335393,-0.027906032762940056,True,False,0
0.393,0.0,0.04549052567330136,-0.03530253719247316,True,False,0
0.394,0.0,0.19393329365985323,-0.017982911575057117,True,False,0
0.395,0.0,0.059855954833295755,-0.02467486534900096,True,False,0
0.396,0.0,0.16041395895322808,-0.014356961044569563,True,False,0
0.397,0.0,0.021548143739977377,-0.027699615181670238,True,False,0
0.398,0.0,0.1221061478599097,-0.02297760924773628,True,False,0
0.399,0.0,0.246606533913166,0.0007412642533008405,True,False,0
0.4,0.0,0.06464443121993213,-0.008160893369497959,True,False,0
0.401,0.0,0.011971190966647782,-0.024005150719908,True,False,0
0.402,0.0,0.17477938811322247,-0.011515104206496988,True,False,0
0.403,0.0,0.16999091172655767,-0.0017654338023714022,True,False,0
0.404,0.0,0.246606533913166,0.018589185754470414,True,False,0
0.405,0.0,0.16520243533989287,0.022804858615003303,True,False,0
0.406,0.0,0.1125291950865801,0.01799794202839583,True,False,0
0.40700000000000003,0.0,0.06943290760659693,0.007118325949905569,True,False,0
0.40800000000000003,0.0,0.20829872281984763,0.019988355877598434,True,False,0
0.40900000000000003,0.0,-0.11731767147327332,-0.020825607648113222,True,False,0
0.41000000000000003,0.0,-0.05027900205999458,-0.04453412875037311,True,False,0
0.41100000000000003,0.0,0.1364715770199041,-0.034863807606901165,True,False,0
0.41200000000000003,0.0,0.19872177004651803,-0.016854311548354817,True,False,0
0.41300000000000003,0.0,0.09816376592658571,-0.01764963733169015,True,False,0
0.41400000000000003,0.0,0.1316831006332393,-0.013002653239995972,True,False,0
0.41500000000000004,0.0,0.1364715770199041,-0.00833322845085168,True,False,0
0.41600000000000004,0.0,0.21787567559317722,0.00850632615829677,True,False,0
0.417,0.0,-0.007182714580011407,-0.013019166557511778,True,False,0
0.418,0.0,0.18435634088652364,-0.0007525926162783546,True,False,0
0.419,0.0,0.15562548256656328,0.005011782927537076,True,False,0
0.42,0.0,0.04549052567330136,-0.0076054915996325925,True,False,0
0.421,0.0,0.18914481727318844,0.004561925762185828,True,False,0
0.422,0.0,0.17956786449985884,0.013280683028785248,True,False,0
0.423,0.0,0.1221061478599097,0.011503208028105763,True,False,0
0.424,0.0,0.18435634088652364,0.019880529986053073,True,False,0
0.425,0.0,0.026336620126642174,0.0018672580745624015,True,False,0
0.426,0.0,0.1412600534065689,0.004937765897048971,True,False,0
0.427,0.0,0.18914481727318844,0.015115820894080374,True,False,0
0.428,0.0,0.1412600534065689,0.01608510483053587,True,False,0
0.429,0.0,0.2322411047531716,0.03133026746286309,True,False,0
0.43,0.0,0.04549052567330136,0.014538877667258705,True,False,0
0.431,0.0,0.09816376592658571,0.008764587754971891,True,False,0
0.432,0.0,0.20829872281984763,0.021373520333873845,True,False,0
0.433,0.0,0.16041395895322808,0.024388144333253384,True,False,0
0.434,0.0,0.040702049286636566,0.007938323207398002,True,False,0
0.435,0.0,0.07422138399326172,-0.0005863829282234997,True,False,0
0.436,0.0,-0.08858681315328454,-0.03358047196587744,True,False,0
0.437,0.0,0.09816376592658571,-0.031723026405659244,True,False,0
0.438,0.0,0.2370295811398364,-0.00813603456763571,True,False,0
0.439,0.0,0.18914481727318844,0.004115526981904842,True,False,0
0.44,0.0,-0.04070204928666499,-0.02202975547676711,True,False,0
0.441,0.0,0.08858681315325612,-0.0235231611685052,True,False,0
0.442,0.0,0.01675966735331258,-0.036171507718548414,True,False,0
0.443,0.0,0.21308719920651242,-0.015676251201070687,True,False,0
0.444,0.0,0.04549052567330136,-0.025012400668998774,True,False,0
0.445,0.0,0.31364520332644474,0.009661533224139849,True,False,0
0.446,0.0,0.0023942381933181878,-0.01052826946372239,True,False,0
0.447,0.0,0.03112509651330697,-0.02295924858479827,True,False,0
0.448,0.0,0.03591357289997177,-0.0326592196931401,True,False,0
0.449,0.0,0.16041395895322808,-0.021074995691169496,True,False,0
0.45,0.0,0.16999091172655767,-0.00980912518223965,True,False,0
0.451,0.0,0.007182714579982985,-0.026151425754136773,True,False,0
0.452,0.0,0.22266415197984202,-0.005726449587334322,True,False,0
0.453,0.0,0.1221061478599097,-0.004489390739926286,True,False,0
0.454,0.0,0.1412600534065689,-0.00041071754085732996,True,False,0
0.455,0.0,0.1268946242465745,0.0007427184863599515,True,False,0
0.456,0.0,-0.026336620126670596,-0.02258927703955841,True,False,0
0.457,0.0,0.09816376592658571,-0.022475036506921113,True,False,0
0.458,0.0,-0.07422138399329015,-0.04971922303405821,True,False,0
0.459,0.0,0.1364715770199041,-0.03922654522378226,True,False,0
0.46,0.0,0.1268946242465745,-0.031916913585425054,True,False,0
0.461,0.0,0.16520243533989287,-0.019690966420504802,True,False,0
0.462,0.0,0.1364715770199041,-0.013960774240693984,True,False,0
0.463,0.0,0.2513950102998308,0.009087481001375939,True,False,0
0.464,0.0,0.10295224231325051,0.0049372363641163,True,False,0
0.465,0.0,0.1268946242465745,0.005242486166185532,True,False,0
0.466,0.0,0.2513950102998308,0.025245101665568398,True,False,0
0.467,0.0,0.15083700617989848,0.02612678630552175,True,False,0
0.468,0.0,0.1364715770199041,0.024590276598969382,True,False,0
0.46900000000000003,0.0,0.19872177004651803,0.03317034672224109,True,False,0
0.47000000000000003,0.0,0.05027900205996616,0.016846573116691185,True,False,0
0.47100000000000003,0.0,0.06943290760659693,0.00614956430601289,True,False,0
0.47200000000000003,0.0,0.09816376592658571,0.0017058206470962735,True,False,0
0.47300000000000003,0.0,0.14604852979323368,0.005561385481557332,True,False,0
0.47400000000000003,0.0,0.16041395895322808,0.011083816244088917,True,False,0
0.47500000000000003,0.0,0.09337528953992091,0.005098046535128661,True,False,0
0.47600000000000003,0.0,0.2370295811398364,0.022845211138571367,True,False,0
0.47700000000000004,0.0,0.021548143739977377,0.0036022873746176416,True,False,0
0.47800000000000004,0.0,0.1125291950865801,0.0018409012287964829,True,False,0
0.47900000000000004,0.0,-0.016759667353341,-0.02014636020363738,True,False,0
0.48,0.0,0.026336620126642174,-0.03181136182378633,True,False,0
0.481,0.0,0.011971190966647782,-0.04390465162330369,True,False,0
0.482,0.0,0.1268946242465745,-0.03585307166632675,True,False,0
0.483,0.0,0.16999091172655767,-0.022243396274437367,True,False,0
0.484,0.0,0.15562548256656328,-0.013070576313541332,True,False,0
0.485,0.0,0.17477938811322247,-0.0023147548054564173,True,False,0
0.486,0.0,0.16520243533989287,0.005216285904031588,True,False,0
0.487,0.0,0.16041395895322808,0.010793449507040635,True,False,0
0.488,0.0,0.03591357289997177,-0.004259704162664309,True,False,0
0.489,0.0,0.17477938811322247,0.005098711810013076,True,False,0
0.49,0.0,-0.03591357290000019,-0.020443050883905828,True,False,0
0.491,0.0,0.22745262836650681,-0.0001639707431648138,True,False,0
0.492,0.0,0.33279910887310393,0.033606810799933204,True,False,0
0.493,0.0,0.01675966735331258,0.0118976428352442,True,False,0
0.494,0.0,0.246606533913166,0.03008529655747215,True,False,0
0.495,0.0,0.1221061478599097,0.0256426075390142,True,False,0
0.496,0.0,0.15562548256656328,0.027220700706512998,True,False,0
0.497,0.0,0.31843367971310954,0.054369910548565506,True,False,0
0.498,0.0,0.09337528953992091,0.04151896032722805,True,False,0
0.499,0.0,0.18435634088652364,0.045135779840699455,True,False,0
0.5,18.75,18.878568154421288,3.0130835370248326,True,False,0
0.501,18.71978885594634,18.95039530022123,5.5217061667693095,True,False,0
0.502,18.685414278448807,18.95039530022123,5.5217061667693095,False,False,1
0.503,18.646890236313247,18.715759957274713,7.595247704603078,True,False,0
0.504,18.604231610320184,18.696606051728054,9.336887457184993,True,False,0
0.505,18.557454188512274,18.739702339208037,10.809137982500971,True,False,0
0.506,18.50657466128486,18.720548433661378,12.044851559881401,True,False,0
0.507,18.451610616280988,18.481124614328195,13.046608143180483,True,False,0
0.508,18.392580533092406,18.562528712901496,13.902396695771747,True,False,0
0.509,18.329503777767876,18.55774023651483,14.621697613161242,True,False,0
0.51,18.26240059713051,18.375778133821598,15.198058091561805,True,False,0
0.511,18.19129211290556,18.39972051575492,15.686804983856051,True,False,0
0.512,18.11620031566029,18.15071974364841,16.05854499507043,True,False,0
0.513,18.03714805855764,18.01185392843516,16.34930285195968,True,False,0
0.514,17.954159050925274,18.01185392843516,16.34930285195968,False,False,1
0.515,17.867257851641803,17.930449829861885,16.58103577150721,True,False,0
0.516,17.776469862341926,17.892142018768567,16.769940194020485,True,False,0
0.517,17.681821320442232,17.705391439688697,16.89926568159512,True,False,0
0.518,17.583339291989613,17.73891077439535,17.01339630014303,True,False,0
0.519,17.481051664334064,17.657506675822077,17.096515085652104,True,False,0
0.52,17.374987138627816,17.489910002288838,17.139870364861398,True,False,0
0.521,17.265175222152735,17.35583266346225,17.15508480643744,True,False,0
0.522,17.15164622047804,17.27442856488898,17.15497553425216,True,False,0
0.523,17.034431229450206,17.212178371862336,17.145010703471534,True,False,0
0.524,16.913562127017272,17.063735603875784,17.11308325279702,True,False,0
0.525,16.78907156488955,16.915292835889204,17.062676456765594,True,False,0
0.526,16.660992960038836,16.68544596932935,16.983810440859394,True,False,0
0.527,16.52936048603836,16.72375378042267,16.923528210037137,True,False,0
0.528,16.394209064245572,16.56573405966276,16.84774479986317,True,False,0
0.529,16.255574354830056,16.3502526222629,16.74980526335028,True,False,0
0.53,16.113492747648746,16.288002429236258,16.657526061624765,True,False,0
0.531,15.968001352970804,15.98632841687646,16.532036814122247,True,False,0
0.532,15.819137992054424,15.871404983596534,16.40822330620917,True,False,0
0.533,15.666941187577887,15.919289747463182,16.31164116782414,True,False,0
0.534,15.511450153927283,15.713385262836624,16.197720490283658,True,False,0
0.535,15.35270478734327,15.411711250476827,16.054022108008052,True,False,0
0.536,15.190745655929307,15.406922774090162,15.932354855918899,True,False,0
0.537,15.0256139895238,15.13876809643699,15.787454677980243,True,False,0
0.538,14.857351669438653,14.928075135423796,15.632119755593608,True,False,0
0.539,14.686001218066746,14.98074837567711,15.509774956421289,True,False,0
0.54,14.511605788360843,14.549785500877391,15.338483287992034,True,False,0
0.541,14.3342091531865,14.497112260624078,15.186004518592066,True,False,0
0.542,14.153855694551586,14.176284342717622,15.00682555107599,True,False,0
0.543,13.970590392714948,14.023053098344377,14.831761896020486,True,False,0
0.544,13.78445881517695,13.965591381704428,14.675349924578414,True,False,0
0.545,13.595507105554441,13.616032605477983,14.48830484332268,True,False,0
0.546,13.403781972342909,13.510686124971386,14.31421717138658,True,False,0
0.547,13.209330677568447,13.175492777904907,14.114578117208447,True,False,0
0.548,13.012201025332315,13.194646683451566,13.949639656546154,True,False,0
0.549,12.812441350250742,12.955222864118383,13.772887807750296,True,False,0
0.55,-6.139899494207146,-6.14122096589611,10.59547020759307,True,False,0
0.551,-6.314561003426952,-6.2226250644693835,7.909080774764231,True,False,0
0.552,-6.4875410322238025,-6.418952596322583,5.61761550203507,True,False,0
0.553,-6.658803210326157,-6.600914699015817,3.660717722317882,True,False,0
0.554,-6.828311608196408,-6.7014727031357495,1.9982356864222135,True,False,0
0.555,-6.996030744448207,-6.926531093308938,0.5637292385117056,True,False,0
0.556,-7.161925593151929,-6.945684998855597,-0.6463021014430603,True,False,0
0.557,-7.325961591026767,-7.209051200122076,-1.7061922201512245,True,False,0
0.558,-7.488104644518047,-7.4819943541619125,-2.6412724419878044,True,False,0
0.559,-7.648321136758324,-7.683110362401777,-3.459945838562598,True,False,0
0.56,-7.806577934410866,-7.793245319295039,-4.166244941116858,True,False,0
0.561,-7.962842394394181,-7.831553130388357,-4.7666005329372085,True,False,0
0.562,-8.117082370486226,-7.893803323414971,-5.281612534471528,True,False,0
0.5630000000000001,-8.269266219807033,-8.190688859388132,-5.762029648556062,True,False,0
0.5640000000000001,-8.419362809178422,-8.43490115510798,-6.20498464594879,True,False,0
0.5650000000000001,-8.567341521359618,-8.62165173418785,-6.607305587346207,True,False,0
0.5660000000000001,-8.713172261157506,-8.549824588387906,-6.934426576876598,True,False,0
0.5670000000000001,-8.85682546141036,-8.774882978561095,-7.245360424106253,True,False,0
0.5680000000000001,-8.998272088843892,-8.870652506294363,-7.522169180659553,True,False,0
0.5690000000000001,-9.13748364979849,-9.062191561760898,-7.7854541508883255,True,False,0
0.5700000000000001,-9.274432195826549,-9.100499372854216,-8.01305771272385,True,False,0
0.5710000000000001,-9.409090329158829,-9.220211282520808,-8.223549643680684,True,False,0
0.5720000000000001,-9.54143120803883,-9.416538814374007,-8.431795098990818,True,False,0
0.5730000000000001,-9.67142855192414,-9.52667377126727,-8.624480215753119,True,False,0
0.5740000000000001,-9.799056646553836,-9.732578255893799,-8.819261926077523,True,False,0
0.5750000000000001,-9.924290348880954,-9.718212826733804,-8.980872871303372,True,False,0
0.5760000000000001,-10.047105091869149,-9.957636646066987,-9.154824949068834,True,False,0
0.577,-10.167476889152661,-10.144387225146886,-9.330806870903698,True,False,0
0.578,-10.28538233955876,-10.053406173800283,-9.464448428460834,True,False,0
0.579,-10.40079863149182,-10.211425894560165,-9.60195636605609,True,False,0
0.58,-10.513703547178281,-10.407753426413393,-9.748793099393584,True,False,0
0.581,-10.624075466771753,-10.470003619440007,-9.882214395799602,True,False,0
0.582,-10.731893372317511,-10.809985442893122,-10.04839622021573,True,False,0
0.583,-10.837136851575755,-10.69985048599986,-10.17075416509806,True,False,0
0.584,-10.939786101702932,-10.76688915541314,-10.28433846527968,True,False,0
0.585,-11.03982193279055,-10.84829325398644,-10.39281898105858,True,False,0
0.586,-11.13722577126087,-11.035043833066311,-10.513713139646109,True,False,0
0.587,-11.231979663118956,-11.149967266346238,-10.633660340378345,True,False,0
0.588,-11.32406627706054,-11.159544219119567,-10.736102804598575,True,False,0
0.589,-11.413468907435222,-11.322352416266142,-10.84811928236658,True,False,0
0.59,-11.500171477064592,-11.384602609292756,-10.952242820527312,True,False,0
0.591,-11.584158539914801,-11.60487252307928,-11.074787189842748,True,False,0
0.592,-11.665415283623256,-11.451641278706035,-11.153593508883489,True,False,0
0.593,-11.74392753187903,-11.61444947585261,-11.245722537349543,True,False,0
0.594,-11.819681746656729,-11.686276621652553,-11.334631684431438,True,False,0
0.595,-11.892665030303496,-11.686276621652553,-11.40943982855323,True,False,0
0.596,-11.96286512747891,-11.79162310215915,-11.48909135702739,True,False,0
0.597,-12.030270426947578,-11.954431299305725,-11.58193154459443,True,False,0
0.598,-12.094869963224218,-12.10766254367897,-11.684349762080076,True,False,0
0.599,-12.156653418071098,-11.973585204852384,-11.749259751795433,True,False,0
0.6,-12.215611121847717,-12.203432071412237,-11.840328752871814,True,False,0
0.601,-12.271734054712631,-12.14597035477226,-11.907840761682198,True,False,0
0.602,-12.32501384767739,-12.203432071412237,-11.973758792771548,True,False,0
0.603,-12.375442783512574,-12.323143981078829,-12.04820854040469,True,False,0
0.604,-12.423013797505918,-12.24652835889222,-12.098699299599499,True,False,0
0.605,-12.467720478072614,-12.299201599145505,-12.149536200590466,True,False,0
0.606,-12.50955706721786,-12.327932457465494,-12.19686708017227,True,False,0
0.607,-12.548518460851747,-12.495529130998705,-12.263272131222008,True,False,0
0.608,-12.584600208956688,-12.43327893797209,-12.3092724428597,True,False,0
0.609,-12.617798515607529,-12.49074065461204,-12.35709053490771,True,False,0
0.61,-12.648110238844556,-12.519471512932029,-12.401881389060266,True,False,0
0.611,-12.675532890399715,-12.538625418478688,-12.442606219636566,True,False,0
0.612,-12.700064635276195,-12.667914280918609,-12.497377317851868,True,False,0
0.613,-12.721704291181855,-12.596087135118637,-12.53206991714783,True,False,0
0.614,-12.740451327816675,-12.792414666971865,-12.592397838986551,True,False,0
0.615,-12.756305866014761,-12.730164473945223,-12.633284854942234,True,False,0
0.616,-12.769268676741182,-12.672702757305274,-12.658573748376554,True,False,0
0.617,-12.77934117994419,-12.730164473945223,-12.68896525599791,True,False,0
0.618,-12.786525443263209,-12.615241040665296,-12.696309793998596,True,False,0
0.619,-12.790824180593194,-12.734952950331888,-12.721475812606002,True,False,0
0.62,-12.792240750505798,-12.519471512932029,-12.70847511158023,True,False,0
0.621,-12.790779154527987,-12.64876037537195,-12.718041554897585,True,False,0
0.622,-12.78644403527869,-12.687068186465268,-12.732166383098702,True,False,0
0.623,-12.779240674464068,-12.715799044785228,-12.748607729686295,True,False,0
0.624,-12.769174990732163,-12.634394946211955,-12.749530775208925,True,False,0
0.625,-12.756253537387508,-12.687068186465268,-12.758661408736096,True,False,0
0.626,-12.740483499966498,-12.567356276798677,-12.747357597185427,True,False,0
0.627,-12.721872693674266,-12.615241040665296,-12.745441101839635,True,False,0
0.628,-12.700429560683784,-12.49074065461204,-12.724082784561451,True,False,0
0.629,-12.676163167298132,-12.696645139238598,-12.738768378934205,True,False,0
0.63,-12.649083200976612,-12.615241040665296,-12.738214134784837,True,False,0
0.631,-12.619199967225732,-12.524259989318693,-12.72331818657226,True,False,0
0.632,-12.586524386355865,-12.399759603265437,-12.691038959437796,True,False,0
0.633,-12.551067990104562,-12.49074065461204,-12.678308829429676,True,False,0
0.634,-12.512842918127431,-12.232162929732226,-12.626587237049,True,False,0
0.635,-12.471861914357648,-12.356663315785482,-12.602814474694139,True,False,0
0.636,-12.428138323235009,-12.203432071412237,-12.558509579279107,True,False,0
0.637,-12.381686085805674,-12.174701213092249,-12.516674728290166,True,False,0
0.638,-12.3325197356936,-12.141181878385595,-12.476158719327717,True,False,0
0.639,-12.280654394944776,-12.222585976958896,-12.454979256195296,True,False,0
0.64,-12.226105769745422,-11.90175805905244,-12.386275506907403,True,False,0
0.641,-12.168890146015244,-11.964008252079054,-12.338341070888402,True,False,0
0.642,-12.10902438487698,-12.112451020065635,-12.321552086444017,True,False,0
0.643,-12.046525918003397,-12.007104539559037,-12.290717870939634,True,False,0
0.644,-11.981412742843004,-11.700642050812547,-12.216168973375655,True,False,0
0.645,-11.9137034177257,-11.76289224383919,-12.163316430401387,True,False,0
0.646,-11.84341705684967,-11.695853574425882,-12.108213965822035,True,False,0
0.647,-11.770573325150824,-11.633603381399269,-12.051977870527498,True,False,0
0.648,-11.695192433056091,-11.451641278706035,-11.975801613161021,True,False,0
0.649,-11.617295131121944,-11.38939108567942,-11.90183403151492,True,False,0
0.65,-11.536902704559527,-11.346294798199438,-11.832762641371113,True,False,0
0.651,-11.454036967647786,-11.422910420386074,-11.786797231427833,True,False,0
0.652,-11.368720258036017,-11.030255356679646,-11.685846794697062,True,False,0
0.653,-11.280975430937287,-11.264890699626164,-11.638120308795996,True,False,0
0.654,-11.1908258532142,-11.245736794079505,-11.594925438070408,True,False,0
0.655,-11.098295397358493,-10.833927824826446,-11.493268320601146,True,False,0
0.656,-11.003408435365984,-10.958428210879703,-11.427479814307324,True,False,0
0.657,-10.906189832508387,-10.833927824826446,-11.35237959580555,True,False,0
0.658,-10.80666494100356,-10.647177245746548,-11.259571614754233,True,False,0
0.659,-10.704859593585772,-10.632811816586582,-11.17920463322571,True,False,0
0.66,-10.60080009697758,-10.537042288853286,-11.096394805749892,True,False,0
0.661,-10.494513225264892,-10.398176473640063,-11.004694490906237,True,False,0
0.662,-10.38602621317693,-10.21621437094683,-10.898678644090618,True,False,0
0.663,-10.275366749272662,-10.163541130693545,-10.801122942015136,True,False,0
0.664,-10.162562969035433,-9.943271216907021,-10.684104749078166,True,False,0
0.665,-10.047643447877466,-9.770886066987117,-10.558305349145822,True,False,0
0.666,-9.930637194055928,-9.809193878080436,-10.458533375461483,True,False,0
0.667,-9.811573641502315,-9.770886066987117,-10.368509626420868,True,False,0
0.668,-9.690482642566863,-9.66553958648052,-10.276055690061511,True,False,0
0.669,-9.567394460679784,-9.512308342107275,-10.173962464288866,True,False,0
0.67,-9.442339762931057,-9.426115767147337,-10.07439108392287,True,False,0
0.671,-9.315349612570607,-9.12444175478754,-9.942766198315574,True,False,0
0.672,-9.186455461430645,-9.047826132600903,-9.81986578945546,True,False,0
0.673,-9.05568914227201,-8.904171841001016,-9.693673811937312,True,False,0
0.674,-8.923082861056338,-8.78924840772109,-9.569269027085774,True,False,0
0.675,-8.788669189145896,-8.712632785534453,-9.45244361000815,True,False,0
0.676,-8.652481055432983,-8.530670682841247,-9.325287505629806,True,False,0
0.677,-8.514551738400712,-8.387016391241332,-9.195514786488154,True,False,0
0.678,-8.374914858117126,-8.396593344014661,-9.087842944485189,True,False,0
0.679,-8.233604368164492,-8.051823044174881,-8.942567254447184,True,False,0
0.68,-8.090654547505723,-7.826764654001693,-8.784638017190522,True,False,0
0.681,-7.946099992289833,-7.7836683665217095,-8.644921301568184,True,False,0
0.682,-7.799975607598358,-7.544244547188526,-8.489391025578712,True,False,0
0.683,-7.652316599134698,-7.635225598535158,-8.372957480021975,True,False,0
0.684,-7.503158464858327,-7.2665129167620535,-8.216512428750507,True,False,0
0.685,-7.35253698656583,-7.18510881818878,-8.071968882901777,True,False,0
0.686,-7.200488221420755,-7.041454526588865,-7.9275663728992605,True,False,0
0.687,-7.0470484934342315,-6.883434805828955,-7.781004171397044,True,False,0
0.6880000000000001,-6.892254384898391,-6.787665278095687,-7.642497694943093,True,False,0
0.6890000000000001,-6.736142727774536,-6.610491651789147,-7.497858603202349,True,False,0
0.6900000000000001,-6.578750595038094,-6.466837360189231,-7.353375700899439,True,False,0
0.6910000000000001,-6.420115291982359,-6.4381065018692425,-7.227251088698418,True,False,0
0.6920000000000001,-6.2602743474830325,-6.155586395056076,-7.076322129533624,True,False,0
0.6930000000000001,-6.099265505225593,-5.954470386816212,-6.917433497480341,True,False,0
0.6940000000000001,-5.937126714897521,-5.710258091096364,-6.74501252062995,True,False,0
0.6950000000000001,-5.7738961233474075,-5.523507512016494,-6.570318866894368,True,False,0
0.6960000000000001,-5.609612065712984,-5.3942186495765725,-6.402826419305475,True,False,0
0.6970000000000001,-5.444313056520126,-5.360699314869919,-6.256582125852922,True,False,0
0.6980000000000001,-5.2780377807548655,-5.087756160830111,-6.090243375678869,True,False,0
0.6990000000000001,-5.110825084910449,-5.140429401083395,-5.958639957320218,True,False,0
0.7000000000000001,-4.942713968011525,-4.80044757763028,-5.793987695243023,True,False,0
0.7010000000000001,-4.77374357261747,-4.59454309300375,-5.622792824993654,True,False,0
0.7020000000000001,-4.603953175806945,-4.599331569390415,-5.479508937734121,True,False,0
0.7030000000000001,-4.433382180145711,-4.254561269550635,-5.304269277717061,True,False,0
0.704,-4.262070104639781,-4.24977279316397,-5.156063198875977,True,False,0
0.705,-4.090056575675938,-3.9193679224841844,-4.978960366580739,True,False,0
0.706,-3.9173813179517043,-3.8331753475242465,-4.816275913607124,True,False,0
0.707,-3.7440841453967932,-3.684732579537666,-4.655850193831951,True,False,0
0.708,-3.5702049520881114,-3.4022124727245,-4.476060287473717,True,False,0
0.709,-3.3957837031603577,-3.3351738033112213,-4.314152742808274,True,False,0
0.71,-3.2208604257142723,-2.8994224521248384,-4.108813532750736,True,False,0
0.711,-3.045475199724574,-2.8323837827115312,-3.9254088074679943,True,False,0
0.712,-2.86966814894965,-2.559440628671723,-3.727803275064886,True,False,0
0.713,-2.6934794318450166,-2.4732480537117567,-3.5478678530414496,True,False,0
0.714,-2.5169492324826046,-2.5211328175784047,-3.404064743845715,True,False,0
0.715,-2.340117751477891,-2.2194588052186077,-3.2352232876868716,True,False,0
0.716,-2.1630251969269194,-2.109323848325346,-3.075692690388914,True,False,0
0.717,-1.9857117753552145,-1.8699000289921628,-2.903491017083747,True,False,0
0.718,-1.8082176826806142,-1.7406111665522417,-2.738095321486136,True,False,0
0.719,-1.6305830951920453,-1.4533025833524107,-2.553364225140949,True,False,0
0.72,-1.452848160546219,-1.362321532005808,-2.383501898831506,True,False,0
0.721,-1.2750529887842688,-1.2138787640192277,-2.2170367174191625,True,False,0
0.722,-1.0972376433703033,-0.9983973266193686,-2.042797551063105,True,False,0
0.723,-0.9194421322538695,-0.8547430350194816,-1.8734091500515166,True,False,0
0.724,-0.7417063989582884,-0.5003957824063718,-1.6746862497276371,True,False,0
0.725,-0.5640703136968345,-0.49560730601970704,-1.506721375723429,True,False,0
0.726,-0.38657366451871344,-0.20351024643321125,-1.319069120006656,True,False,0
0.727,-0.20925614848678487,-0.05506747844665938,-1.1376354944386873,True,False,0
0.728,-0.03215736288896057,0.15083700617989848,-0.9523207872571071,True,False,0
0.729,0.14468320351478745,0.15562548256656328,-0.7956375651180106,True,False,0
0.73,0.32122617920790164,0.3902608255130815,-0.6265911258935085,True,False,0
0.731,0.4974323185932905,0.7206656961928672,-0.4319532172390652,True,False,0
0.732,0.6732625106280652,0.8547430350194531,-0.24692022329178384,True,False,0
0.733,0.8486777874150825,0.9505125627527207,-0.0760444273677095,True,False,0
0.734,1.0236393327494284,1.1085322835126021,0.09279239326647029,True,False,0
0.735,1.1981084906179837,1.2473980987258528,0.2568758083172123,True,False,0
0.736,1.3720467736502384,1.4341486778057515,0.42455423870172926,True,False,0
0.737,1.5454158715185211,1.7501881193255429,0.6157627458651329,True,False,0
0.738,1.7181776592858344,1.8268037415121512,0.7887968057045049,True,False,0
0.739,1.8902942056994976,2.027919749752016,0.9662846664239602,True,False,0
0.74,2.0617277814288113,2.1955164232852553,1.1422037834947638,True,False,0
0.741,2.23244086724498,2.3487476676585004,1.3145246008341345,True,False,0
0.742,2.4023961621415326,2.5690175814450242,1.4944501514672883,True,False,0
0.743,2.5715565913935157,2.607325392538314,1.651915109124387,True,False,0
0.744,2.7398853145537263,2.846749211871497,1.8223787535199447,True,False,0
0.745,2.9073457333842927,3.162788653391317,2.015930739369028,True,False,0
0.746,3.073901499721906,3.272923610284579,2.1962527729484584,True,False,0
0.747,3.239516523275046,3.4548857129777844,2.376834921714989,True,False,0
0.748,3.404154979351538,3.5410782879377223,2.542446871088834,True,False,0
0.749,3.567781316514813,3.651213244830984,2.6992601618222385,True,False,0
0.75,3.7303602641672624,3.8858485877775024,2.8684160407440955,True,False,0
0.751,3.891856840059078,3.8571177294575136,3.0061870559123722,True,False,0
0.752,4.052236357721017,4.206676505683959,3.177547639124125,True,False,0
0.753,4.21146443381952,4.321599938963885,3.339957282591563,True,False,0
0.754,4.369506995432655,4.450888801403806,3.497113965630984,True,False,0
0.755,4.526330287245364,4.5562352819104035,3.6460535434201895,True,False,0
0.756,4.681900878662524,4.728620431830308,3.7987115921751746,True,False,0
0.757,4.836185670838333,4.862697770656894,3.948422737779016,True,False,0
0.758,4.989151903620581,5.207468070496674,4.129070292082656,True,False,0
0.759,5.140767162408355,5.293660645456612,4.294737273666427,True,False,0
0.76,5.290999384921786,5.489988177309812,4.465267022741481,True,False,0
0.761,5.439816867882438,5.585757705043079,4.623939790425549,True,False,0
0.762,5.587188273602956,5.829970000762927,4.796179139025384,True,False,0
0.763,5.73308263648466,5.959258863202848,4.961606534610745,True,False,0
0.764,5.877469369421734,5.940104957656189,5.097759310440225,True,False,0
0.765,6.020318270110724,6.160374871442713,5.247253075923278,True,False,0
0.766,6.161599527264063,6.323183068589287,5.398858512100084,True,False,0
0.767,6.301283726726376,6.38543326161593,5.536292194418982,True,False,0
0.768,6.439341857492321,6.557818411535806,5.67926918430833,True,False,0
0.769,6.575745317624788,6.706261179522386,5.82311304735593,True,False,0
0.77,6.710465920072238,6.864280900282267,5.969205203387139,True,False,0
0.771,6.84347589838406,6.9696273807888645,6.10883508967399,True,False,0
0.772,6.974747912322794,7.10370471961545,6.2475843411696745,True,False,0
0.773,7.104255053372115,7.161166436255428,6.37344137845298,True,False,0
0.774,7.231970850139499,7.367070920881957,6.511993951898562,True,False,0
0.775,7.357869273652525,7.572975405508487,6.66122854772432,True,False,0
0.776,7.481924742547749,7.730995126268397,6.81185646557337,True,False,0
0.777,7.604112128151187,7.60649474021514,6.918848996568906,True,False,0
0.778,7.724406759449394,7.845918559548323,7.046845148115873,True,False,0
0.779,7.842784427950196,7.893803323414943,7.162135622554296,True,False,0
0.78,7.959221392432167,8.056611520561518,7.284962414352145,True,False,0
0.781,8.073694383581904,8.238573623254723,7.417168074594361,True,False,0
0.782,8.186180608518274,8.219419717708092,7.525368086877066,True,False,0
0.783,8.296657755202764,8.367862485694644,7.639950605751358,True,False,0
0.784,8.4051039967351,8.487574395361236,7.755346646711057,True,False,0
0.785,8.511497995533373,8.631228686961151,7.8752244501103155,True,False,0
0.786,8.615818907397875,8.755729073014408,7.995835395754515,True,False,0
0.787,8.718046385457912,8.913748793774317,8.1223793782791,True,False,0
0.788,8.818160584000918,8.822767742427686,8.214423860502674,True,False,0
0.789,8.916142162183123,9.138807183947506,8.341993974089858,True,False,0
0.79,9.011972287621163,9.090922420080858,8.441736919972216,True,False,0
0.791,9.105632639863996,9.22021128252078,8.546165852285794,True,False,0
0.792,9.197105413744511,9.325557763027376,8.65074030786903,True,False,0
0.793,9.286373322610268,9.373442526894024,8.746323770546141,True,False,0
0.794,9.373419601432815,9.459635101853962,8.840417837139226,True,False,0
0.795,9.458228009795073,9.507519865720582,8.927183101962006,True,False,0
0.796,9.540782834756293,9.775674543373754,9.04271675261686,True,False,0
0.797,9.621068893594137,9.933694264133663,9.16498869983599,True,False,0
0.798,9.69907153642342,9.90975188220034,9.264071034334068,True,False,0
0.799,9.774776648691164,9.833136260013731,9.33528764872786,True,False,0
0.8,9.848170653547514,9.89059797665368,9.404322734445373,True,False,0
0.801,9.919240514092253,10.072560079346886,9.491268060592736,True,False,0
0.802,9.987973735496519,10.206637418173472,9.585688530435867,True,False,0
0.803,10.054358366999491,10.168329607080182,9.65905827666054,True,False,0
0.804,10.11838300377975,10.278464563973444,9.738258990355737,True,False,0
0.805,10.180036788701099,10.302406945906739,9.808695725030562,True,False,0
0.806,10.239309413932629,10.45084971389332,9.891504227321398,True,False,0
0.807,10.29619112244286,10.508311430533297,9.97029272592057,True,False,0
0.808,10.350672709367805,10.60886943465323,10.05253387109058,True,False,0
0.809,10.40274552325284,10.656754198519849,10.129326089458813,True,False,0
0.81,10.4524014671683,10.656754198519849,10.129326089458813,False,False,1
0.811,10.499632999698722,10.628023340199888,10.189382333345492,True,False,0
0.812,10.544433135805711,10.560984670786581,10.22928130649594,True,False,0
0.8130000000000001,10.586795447564427,10.560984670786581,10.22928130649594,False,False,1
0.8140000000000001,10.626714064773711,10.881812588693037,10.313735648937403,True,False,0
0.8150000000000001,10.664183675439915,10.78604306095977,10.369606460772346,True,False,0
0.8160000000000001,10.699199526134487,10.819562395666424,10.421932325259425,True,False,0
0.8170000000000001,10.731757422225462,10.695062009613167,10.446213522081473,True,False,0
0.8180000000000001,10.761853727982954,10.94406278171968,10.506135274462563,True,False,0
0.8190000000000001,10.789485366558848,10.74773524986648,10.525415855107031,True,False,0
0.8200000000000001,10.81464981984086,10.93448582894635,10.571257200545372,True,False,0
0.8210000000000001,10.837345128181207,10.896178017853032,10.603752478179798,True,False,0
0.8220000000000001,10.85756989000011,10.93448582894635,10.637169624420546,True,False,0
0.8230000000000001,10.87532326126445,11.078140120546266,10.688070397082667,True,False,0
0.8240000000000001,10.890604954841816,10.963216687266339,10.712671427866805,True,False,0
0.8250000000000001,10.903415239730348,11.116447931639556,10.757673228224265,True,False,0
0.8260000000000001,10.91375494016469,10.977582116426333,10.773513599454066,True,False,0
0.8270000000000001,10.92162543459844,11.011101451132959,10.79215785672372,True,False,0
0.8280000000000001,10.92702865456354,11.015889927519623,10.808604585238932,True,False,0
0.8290000000000001,10.929967083407009,11.10208250247959,10.836113014596537,True,False,0
0.8300000000000001,10.930443754905532,11.154755742732874,10.867612586424595,True,False,0
0.8310000000000001,10.928462251758345,11.058986214999607,10.878927261551409,True,False,0
0.8320000000000001,10.924026703958988,11.111659455252891,10.896801410797762,True,False,0
0.833,10.917141787046445,10.939274305333015,10.884500409018779,True,False,0
0.834,10.907812720236242,11.068563167772936,10.89465557918611,True,False,0
0.835,10.896045264432136,11.001524498359629,10.892567795774935,True,False,0
0.836,10.881845720118978,10.996736021972964,10.890051682086263,True,False,0
0.837,10.865220925137425,11.044620785839612,10.895529154512467,True,False,0
0.838,10.846178252341181,10.877024112306373,10.873557043576417,True,False,0
0.839,10.824725607137465,10.915331923399691,10.861145336568075,True,False,0
0.84,10.800871424911419,10.857870206759742,10.841588691833778,True,False,0
0.841,10.774624668335251,10.968005163653004,10.84260115296174,True,False,0
0.842,10.745994824562835,10.93448582894635,10.838136866519138,True,False,0
0.843,10.714991902310603,10.714215915159826,10.799445777887327,True,False,0
0.844,10.681626428825567,10.75731220263981,10.773726178359883,True,False,0
0.845,10.645909446741292,10.733369820706486,10.748288445787392,True,False,0
0.846,10.607852510822713,10.628023340199888,10.710177174797993,True,False,0
0.847,10.567467684600686,10.503522954146632,10.65836457827328,True,False,0
0.848,10.524767536897206,10.5992924818799,10.62995852696155,True,False,0
0.849,10.47976513824223,10.584927052719905,10.603779320254919,True,False,0
0.85,10.432474057183056,10.709427438773162,10.601497917691848,True,False,0
0.851,10.382908356487293,10.551407718013252,10.574516396434891,True,False,0
0.852,10.331082589240392,10.43169580834666,10.532827822817492,True,False,0
0.853,10.277011794838787,10.522676859693291,10.512180669973258,True,False,0
0.854,10.220711494879716,10.177906559853511,10.440127541419775,True,False,0
0.855,10.162197688948785,10.230579800106796,10.387856032120013,True,False,0
0.856,10.101486850306381,10.177906559853511,10.33552080823575,True,False,0
0.857,10.038595921474059,10.173118083466846,10.29072650504651,True,False,0
0.858,9.973542309722037,10.144387225146858,10.248479866423686,True,False,0
0.859,9.906343882458968,9.943271216906993,10.181036523920934,True,False,0
0.86,9.83701896252518,9.962425122453624,10.127327516873637,True,False,0
0.861,9.765586323390561,9.847501689173697,10.063909893403416,True,False,0
0.862,9.692065184258338,9.857078641947027,10.012069219768668,True,False,0
0.863,9.616475205075975,9.852290165560362,9.967691031091327,True,False,0
0.864,9.538836481454478,9.68469349202715,9.903770373762347,True,False,0
0.865,9.459169539497339,9.660751110093827,9.846190276411686,True,False,0
0.866,9.377495330540453,9.40696186160065,9.757491380693615,True,False,0
0.867,9.293835225804338,9.292038428320723,9.664633269710029,True,False,0
0.868,9.208211010959927,9.272884522774063,9.583464655849621,True,False,0
0.869,9.120644880609362,9.383019479667325,9.532636814631998,True,False,0
0.87,9.031159432683108,9.119653278400847,9.448100360267702,True,False,0
0.871,8.939777662754786,9.04303765621421,9.364820150976602,True,False,0
0.872,8.846522958275118,9.01430679789425,9.290191476254911,True,False,0
0.873,8.751419092726438,8.932902699320948,9.214488218378131,True,False,0
0.874,8.654490219699131,8.726998214694419,9.118135028024593,True,False,0
0.875,8.55576086689154,8.70784430914776,9.034025654863193,True,False,0
0.876,8.455255930034708,8.506728300907895,8.93135901327953,True,False,0
0.877,8.353000666743537,8.372650962081309,8.823710630791378,True,False,0
0.878,8.24902069029574,8.34392010376132,8.728578578494474,True,False,0
0.879,8.143341963340221,8.31518924544136,8.64397776469838,True,False,0
0.88,8.035990791536266,8.190688859388104,8.553048873252562,True,False,0
0.881,7.926993817125225,8.066188473334847,8.456795538142938,True,False,0
0.882,7.81637801243609,7.788456842908346,8.331759720426653,True,False,0
0.883,7.70417067332664,7.826764654001664,8.232630224713846,True,False,0
0.884,7.590399412561663,7.745360555428391,8.136311979426187,True,False,0
0.885,7.475092153129835,7.596917787441811,8.031726777666723,True,False,0
0.886,7.3582771215009135,7.505936736095208,7.929299196034519,True,False,0
0.887,7.239982840824761,7.414955684748605,7.828687035680527,True,False,0
0.888,7.120238124073897,7.323974633401974,7.7296023705402375,True,False,0
0.889,6.9990720671311335,7.137224054322104,7.616613879387271,True,False,0
0.89,6.876514041824001,7.003146715495518,7.500280694091676,True,False,0
0.891,6.752593688907553,7.012723668268848,7.4039168740176535,True,False,0
0.892,6.627340910997232,6.768511372549,7.28410426536389,True,False,0
0.893,6.500785865453445,6.553029935149141,7.149118567308024,True,False,0
0.894,6.37295895721956,6.462048883802538,7.0211120122748,True,False,0
0.895,6.243890831614928,6.371067832455935,6.898977707220573,True,False,0
0.896,6.113612367084721,6.318394592202623,6.787859936600844,True,False,0
0.897,5.982154667908162,6.088547725642769,6.657911715029203,True,False,0
0.898,5.849549056866969,6.055028390936116,6.543257128181896,True,False,0
0.899,5.715827067875619,5.8156045716029325,6.408814123895464,True,False,0
0.9,5.581020438575218,5.67673875638971,6.273669661187514,True,False,0
0.901,5.445161102892645,5.643219421683057,6.154642957763061,True,False,0
0.902,5.308281183566748,5.351122362096589,6.008167272038748,True,False,0
0.903,5.170412984643263,5.403795602349874,5.893276633375169,True,False,0
0.904,5.031588983940232,5.1452178774700315,5.755597203067939,True,False,0
0.905,4.891841825485655,5.250564357976629,5.656461715653456,True,False,0
0.906,4.751204311929091,4.833966912336905,5.5069767179852,True,False,0
0.907,4.609709396928982,4.699889573510319,5.3599353771291565,True,False,0
0.908,4.467390177517432,4.551446805523739,5.212671769737389,True,False,0
0.909,4.324279886444198,4.393427084763857,5.063702241285516,True,False,0
0.91,4.180411884501643,4.221041934843953,4.911018992047083,True,False,0
0.911,4.0358196528324095,4.149214789044009,4.771159531938899,True,False,0
0.912,3.890536785221548,4.158791741817339,4.655000707474518,True,False,0
0.913,3.7445969803749026,3.8666946822308432,4.510938054712618,True,False,0
0.914,3.59803403418545,3.6416362920576546,4.354029466853171,True,False,0
0.915,3.4508818319894057,3.521924382391063,4.2030202772729615,True,False,0
0.916,3.303174340813812,3.3447507560845224,4.047861404428019,True,False,0
0.917,3.154945601617386,3.2968659922178745,3.909716220026764,True,False,0
0.918,3.006229721526372,3.1675771297779534,3.772975649507108,True,False,0
0.919,2.857060866067163,2.9760380743114183,3.627544031735212,True,False,0
0.92,2.7074732513974253,2.8228068299381732,3.4808753921112,True,False,0
0.921,2.5575011365374904,2.794075971618213,3.3529117008289435,True,False,0
0.922,2.4071788156037495,2.530709770351706,3.2034731528332987,True,False,0
0.923,2.2565406100458056,2.3200168093385116,3.0443196465051416,True,False,0
0.924,2.1056208608891063,2.2098818524452497,2.8929404888617687,True,False,0
0.925,1.9544539209848153,2.118900801098647,2.751140479187174,True,False,0
0.926,1.8030741472686285,1.8651115526054696,2.591578960827473,True,False,0
0.927,1.6515158930302836,1.85553459983214,2.4558050152059856,True,False,0
0.928,1.4998135001954744,1.592168398565633,2.299794920283917,True,False,0
0.929,1.3480012916218862,1.5107642999923598,2.155617346647726,True,False,0
0.93,1.1961135634110676,1.3000713389791656,2.0008904234217617,True,False,0
0.931,1.0441845772378415,1.1181092362859317,1.8418439969850293,True,False,0
0.932,0.8922485526989534,1.0127627557793346,1.6913143893613343,True,False,0
0.933,0.7403396596826465,0.8834738933394135,1.5441535668462771,True,False,0
0.934,0.5884920107608503,0.6248961684595997,1.3793220082864377,True,False,0
0.935,0.4367396536056632,0.5530690226596278,1.2292409623866905,True,False,0
0.936,0.28511656343178493,0.29927977416645035,1.062711781286525,True,False,0
0.937,0.1336566354665735,0.21787567559317722,0.9096834499873934,True,False,0
0.9380000000000001,-0.017606322550629307,0.1268946242465745,0.7664958258257514,True,False,0
0.9390000000000001,-0.16863859783826288,-0.1460485297932621,0.6027289567725038,True,False,0
0.9400000000000001,-0.31940658000976324,-0.1699909117265861,0.461138270614777,True,False,0
0.9410000000000001,-0.46987676847661375,-0.5003957824063718,0.2896016288131109,True,False,0
0.9420000000000001,-0.6200157798156121,-0.47645340047304785,0.14906798707156307,True,False,0
0.9430000000000001,-0.7697903550987513,-0.8068582711528336,-0.0215792577037677,True,False,0
0.9440000000000001,-0.9191673671841283,-0.7063002670329013,-0.14921331268947094,True,False,0
0.9450000000000001,-1.068113827966291,-0.9409356099794195,-0.29381778666795166,True,False,0
0.9460000000000001,-1.2165968955844608,-1.1372631418326193,-0.4466255447418828,True,False,0
0.9470000000000001,-1.3645838815870726,-1.1755709529259377,-0.5812735954707641,True,False,0
0.9480000000000001,-1.512042258051081,-1.3431676264591488,-0.7211473023097776,True,False,0
0.9490000000000001,-1.6589396646545107,-1.5059758236057235,-0.8646584224671023,True,False,0
0.9500000000000001,-1.805243915700718,-1.6161107804989854,-1.0028760785385562,True,False,0
0.9510000000000001,-1.9509230070928691,-1.9417271747921063,-1.1708152002759575,True,False,0
0.9520000000000001,-2.095945123257131,-1.9082078400854527,-1.3068029831028791,True,False,0
0.9530000000000001,-2.2402786440131064,-2.406209384298478,-1.5002061982947212,True,False,0
0.9540000000000001,-2.3838921513900333,-2.1715740413519597,-1.625722439272454,True,False,0
0.9550000000000001,-2.526754436387312,-2.3918439551384836,-1.7662666257947173,True,False,0
0.9560000000000001,-2.6688345056779137,-2.4588826245517907,-1.895152827189955,True,False,0
0.9570000000000001,-2.8101015882532545,-2.4828250064850863,-2.007394924379421,True,False,0
0.9580000000000001,-2.9505251420081238,-2.818018353551537,-2.154997120475,True,False,0
0.9590000000000001,-3.090074860264279,-3.05744217288472,-2.3171622386497015,True,False,0
0.96,-3.228720678231335,-3.0478652201113903,-2.452089040742238,True,False,0
0.961,-3.366432779403583,-3.2872890394445733,-2.6035890841467735,True,False,0
0.962,-3.5031816018914044,-3.4788280949111368,-2.7614393203732712,True,False,0
0.963,-3.6389378446859424,-3.426154854657824,-2.885900504264372,True,False,0
0.964,-3.7736724738557417,-3.70867496147099,-3.03542985507807,True,False,0
0.965,-3.907356728674042,-3.881060111390866,-3.1885841387747123,True,False,0
0.966,-4.039962127675474,-4.039079832150776,-3.3425100814590194,True,False,0
0.967,-4.171460474640886,-3.991195068284128,-3.4644288183174266,True,False,0
0.968,-4.3018238645090685,-4.158791741817367,-3.5935920822172402,True,False,0
0.969,-4.431024689214159,-4.187522600137356,-3.7068267527737073,True,False,0
0.97,-4.55903564344753,-4.431734895857176,-3.8408344927021525,True,False,0
0.971,-4.685829730342957,-4.537081376363801,-3.970296552942825,True,False,0
0.972,-4.8113802670839405,-4.59454309300375,-4.0883393487819735,True,False,0
0.973,-4.9356608904320005,-4.79087062485695,-4.218798114524063,True,False,0
0.974,-5.058645562174838,-4.843543865110263,-4.336920085221205,True,False,0
0.975,-5.180308574493259,-5.049448349736792,-4.46896437470545,True,False,0
0.976,-5.300624555245776,-4.991986633096843,-4.57095298554447,True,False,0
0.977,-5.419568473169801,-5.389430173189908,-4.719800788814508,True,False,0
0.978,-5.537115642998438,-5.576180752269806,-4.874659977542992,True,False,0
0.979,-5.653241730491772,-5.580969228656443,-5.005717930645991,True,False,0
0.98,-5.767922757381741,-5.786873713283001,-5.14864655394668,True,False,0
0.981,-5.881135106229529,-5.868277811856274,-5.281817379160508,True,False,0
0.982,-5.992855525194577,-5.83475847714962,-5.388551122076227,True,False,0
0.983,-6.103061132714237,-5.901797146562927,-5.4889892208728615,True,False,0
0.984,-6.211729422093171,-6.260932875562702,-5.6304567994136425,True,False,0
0.985,-6.31883826600158,-6.260932875562702,-5.749487600533484,True,False,0
0.986,-6.424365920881416,-6.3758563088426286,-5.867866972548787,True,False,0
0.987,-6.528291031259688,-6.519510600442516,-5.990254950287754,True,False,0
0.988,-6.630592633968065,-6.615280128175783,-6.108421238193412,True,False,0
0.989,-6.731250162267948,-6.500356694895856,-6.189619464248473,True,False,0
0.99,-6.830243449880233,-6.696684226749085,-6.28907721404364,True,False,0
0.991,-6.927552734918995,-6.644010986495772,-6.3644069678855795,True,False,0
0.992,-7.02315866372837,-6.988781286335552,-6.482470029394811,True,False,0
0.993,-7.117042294621878,-6.969627380788893,-6.5787704610494435,True,False,0
0.994,-7.209185101523556,-7.031877573815535,-6.669670520172741,True,False,0
0.995,-7.299568977510162,-7.0270890974288704,-6.745394364398476,True,False,0
0.996,-7.38817623825385,-7.395801779201975,-6.867586278571243,True,False,0
0.997,-7.474989625364666,-7.2904552986953775,-6.953690572041099,True,False,0
0.998,-7.559992309632273,-7.309609204242008,-7.0291765247747,True,False,0
0.999,-7.64316789416633,-7.649591027695124,-7.146611558996119,True,False,0
1.0,-7.7245004174349665,-7.635225598535158,-7.243143021590965,True,False,0
1.0010000000000001,-7.803974356200809,-7.611283216601834,-7.320567315867778,True,False,0
1.002,-7.881574628354089,-7.869860941481676,-7.426722569162936,True,False,0
1.0030000000000001,-7.957286595642309,-7.778879890135045,-7.5016119774181345,True,False,0
1.004,-8.031096066296028,-7.970418945601608,-7.595002035770755,True,False,0
1.0050000000000001,-8.10298929755034,-7.927322658121625,-7.666745340895315,True,False,0
1.006,-8.17295299806162,-7.9991498039215685,-7.738501943162526,True,False,0
1.0070000000000001,-8.240974330219142,-8.094919331654864,-7.814066998712571,True,False,0
1.008,-8.307040912351255,-8.157169524681478,-7.887520315234422,True,False,0
1.0090000000000001,-8.37114082082569,-8.315189245441388,-7.97438587510383,True,False,0
1.01,-8.433262592043805,-8.190688859388132,-8.02772876686829,True,False,0
1.0110000000000001,-8.49339522432836,-8.430112678721315,-8.110584119347823,True,False,0
1.012,-8.55152817970464,-8.42532420233465,-8.179539148510358,True,False,0
1.0130000000000001,-8.607651385574632,-8.401381820401326,-8.233760635491436,True,False,0
1.014,-8.661755236284092,-8.583343923094532,-8.30824180170015,True,False,0
1.0150000000000001,-8.713830594582253,-8.659959545281168,-8.38306149292064,True,False,0
1.016,-8.763868792974057,-8.688690403601129,-8.450571488901794,True,False,0
1.0170000000000001,-8.811861634964735,-8.607286305027856,-8.494463688997685,True,False,0
1.018,-8.857801396196626,-8.64080563973451,-8.536710751215653,True,False,0
1.0190000000000001,-8.901680825478154,-8.918537270160982,-8.616305698351557,True,False,0
1.02,-8.943493145704874,-8.813190789654385,-8.666568909617467,True,False,0
1.0210000000000001,-8.983232054672547,-8.990364415960954,-8.736960130170296,True,False,0
1.022,-9.020891725782233,-8.9568450812543,-8.790871122362027,True,False,0
1.0230000000000001,-9.0564668086374,-8.952056604867636,-8.83547237076083,True,False,0
1.024,-9.089952429533056,-8.918537270160982,-8.86768368393058,True,False,0
1.025,-9.121344191837007,-9.043037656214238,-8.914532056757606,True,False,0
1.026,-9.150638176263255,-8.98557593957429,-8.944836835043258,True,False,0
1.027,-9.177830941037678,-9.129230231174205,-8.99311886173619,True,False,0
1.028,-9.202919521956106,-9.16274956588083,-9.03905952344891,True,False,0
1.029,-9.225901432334934,-9.229788235294137,-9.088346332085797,True,False,0
1.03,-9.246774662854454,-9.12444175478754,-9.113108279788698,True,False,0
1.031,-9.265537681295102,-9.119653278400875,-9.133183526165183,True,False,0
1.032,-9.282189432166808,-9.349500144960729,-9.186528580365003,True,False,0
1.033,-9.296729336231765,-9.090922420080886,-9.190402638885669,True,False,0
1.034,-9.309157289920803,-9.14359566033417,-9.202016254343354,True,False,0
1.035,-9.319473664643704,-9.244153664454132,-9.227736462080639,True,False,0
1.036,-9.327679305993767,-9.229788235294137,-9.247099082290676,True,False,0
1.037,-9.333775532846957,-9.17232651865416,-9.254277352106122,True,False,0
1.038,-9.33776413635599,-9.138807183947534,-9.255000976244828,True,False,0
1.039,-9.33964737883975,-9.157961089494165,-9.258647645550633,True,False,0
1.04,-9.33942799256844,-9.315980810254075,-9.286777902057082,True,False,0
1.041,-9.337109178444896,-9.196268900587484,-9.291460370667043,True,False,0
1.042,-9.332694604582512,-9.239365188067467,-9.302235276235104,True,False,0
1.043,-9.326188404780257,-9.110076325627546,-9.290796048925875,True,False,0
1.044,-9.317595176895288,-9.18190347142749,-9.292562879848292,True,False,0
1.045,-9.306919981113657,-9.14359566033417,-9.287973867033188,True,False,0
1.046,-9.294168338119665,-9.244153664454132,-9.30006118557105,True,False,0
1.047,-9.27934622716444,-9.004729845120949,-9.272258803037417,True,False,0
1.048,-9.262460084034306,-9.057403085374233,-9.257219865350343,True,False,0
1.049,-9.243516798919545,-8.97599898680096,-9.231655404015607,True,False,0
1.05,-9.222523714184213,-9.110076325627546,-9.2314101541514,True,False,0
1.051,-9.199488622037608,-8.937691175707641,-9.203863492453815,True,False,0
1.052,-9.174419762108128,-9.14359566033417,-9.213342214683527,True,False,0
1.053,-9.147325818920141,-9.047826132600903,-9.206128549988117,True,False,0
1.054,-9.11821591927463,-9.023883750667608,-9.196261708437092,True,False,0
1.055,-9.087099629534315,-9.004729845120949,-9.184921937258563,True,False,0
1.056,-9.053986952814032,-9.023883750667608,-9.178418467404242,True,False,0
1.057,-9.018888326077134,-9.062191561760898,-9.179022072873748,True,False,0
1.058,-8.981814617138676,-8.841921647974374,-9.144595107799496,True,False,0
1.059,-8.942777121576258,-8.7605175494011,-9.102717562888767,True,False,0
1.06,-8.901787559549295,-8.650382592507839,-9.050014383046143,True,False,0
1.061,-8.858858072527623,-8.688690403601129,-9.01174555888806,True,False,0
1.062,-8.814001219930276,-8.60249782864119,-8.965876021259026,True,False,0
1.063,-8.76722997567533,-8.669536498054498,-8.937913740801825,True,False,0
1.064,-8.718557724641727,-8.669536498054498,-8.914386281872437,True,False,0
1.065,-8.667998259044024,-8.674324974441163,-8.895349734180135,True,False,0
1.066,-8.615565774720976,-8.501939824521259,-8.851992077075465,True,False,0
1.067,-8.561274867338938,-8.47320896620127,-8.81095423227053,True,False,0
1.068,-8.505140528511088,-8.387016391241332,-8.762754841050223,True,False,0
1.069,-8.447178141833424,-8.401381820401326,-8.724478238950457,True,False,0
1.07,-8.387403478838564,-8.2864583871214,-8.674045438879762,True,False,0
1.071,-8.325832694868442,-8.233785146868087,-8.623257304687845,True,False,0
1.072,-8.262482324866832,-8.161958001068143,-8.56913238036016,True,False,0
1.073,-8.197369279092896,-8.018303709468228,-8.500808086064849,True,False,0
1.074,-8.130510838756734,-8.008726756694898,-8.441801128217907,True,False,0
1.075,-8.061924651578089,-7.951265040054949,-8.383039245839003,True,False,0
1.076,-7.991628727269316,-7.917745705348295,-8.328280834994013,True,False,0
1.077,-7.919641432943725,-7.663956456855118,-8.241956105913582,True,False,0
1.078,-7.845981488450453,-7.802822272068369,-8.191346628141853,True,False,0
1.079,-7.770667961637034,-7.510725212481901,-8.10243718666829,True,False,0
1.08,-7.6937202635408175,-7.453263495841924,-8.018515358680192,True,False,0
1.081,-7.6151581435104445,-7.5059367360952365,-7.956257527309151,True,False,0
1.082,-7.5350016842585745,-7.39101330281531,-7.885646924229157,True,False,0
1.083,-7.453271296847068,-7.189897294575417,-7.794338145934704,True,False,0
1.084,-7.369987715605879,-7.237782058442065,-7.725105482578492,True,False,0
1.085,-7.285171992986878,-7.228205105668735,-7.66533422312869,True,False,0
1.086,-7.198845494353857,-6.974415857175558,-7.574791683921882,True,False,0
1.087,-7.111029892710005,-6.974415857175558,-7.574791683921882,False,False,1
1.088,-7.0217471633641155,-6.969627380788893,-7.497849750877158,True,False,0
1.089,-6.931019578536825,-6.754145943389034,-7.398935433380209,True,False,0
1.09,-6.838869701908173,-6.73020356145571,-7.311911675178958,True,False,0
1.091,-6.745320383107823,-6.634434033722442,-7.2235008367266085,True,False,0
1.092,-6.650394752149237,-6.476414312962561,-7.124050019962873,True,False,0
1.093,-6.554116213809159,-6.323183068589316,-7.016069619980677,True,False,0
1.094,-6.456508441953752,-6.299240686655992,-6.921417661223734,True,False,0
1.095,-6.35759537381275,-6.107701631189457,-6.811399395598058,True,False,0
1.096,-6.257401204202953,-6.232202017242713,-6.73857582039583,True,False,0
1.097,-6.155950379702495,-6.021509056229519,-6.643886141634682,True,False,0
1.098,-6.05326759277723,-6.026297532616184,-6.5649737119670695,True,False,0
1.099,-5.9493777758606425,-5.892220193789598,-6.477312120116763,True,False,0
1.1,-5.844306095388673,-5.8491239063096145,-6.3967185916712825,True,False,0
1.101,-5.738077945790888,-5.767719807736341,-6.3159965066920085,True,False,0
1.102,-5.630718943439384,-5.6097000869764315,-6.223015006042627,True,False,0
1.103,-5.522254920556868,-5.351122362096589,-6.103769921446088,True,False,0
1.104,-5.412711919085345,-5.389430173189908,-6.009512747783494,True,False,0
1.105,-5.302116184516832,-5.164371783016719,-5.89451048318552,True,False,0
1.106,-5.1904941596875735,-5.188314164950043,-5.801544858644656,True,False,0
1.107,-5.077872478537173,-4.886640152590218,-5.675478055079741,True,False,0
1.108,-4.964277959834121,-4.771716719310291,-5.55117859157523,True,False,0
1.109,-4.849737600869179,-4.60412004577708,-5.42001218460295,True,False,0
1.11,-4.734278571118067,-4.470042706950494,-5.288384103438065,True,False,0
1.111,-4.617928205874951,-4.522715947203807,-5.185986237207927,True,False,0
1.112,-4.500713999858178,-4.4556772777905,-5.089196344457973,True,False,0
1.113,-4.382663600789771,-4.24977279316397,-4.975100862423434,True,False,0
1.114,-4.26380480295013,-4.158791741817367,-4.864671332276292,True,False,0
1.115,-4.144165540709453,-4.067810690470765,-4.75732633354281,True,False,0
1.116,-4.023773882037358,-3.928944875257514,-4.644982128978722,True,False,0
1.117,-3.9026580219921896,-3.794867536430928,-4.529191046330363,True,False,0
1.118,-3.780846276191517,-3.6751556267643366,-4.41277811997745,True,False,0
1.119,-3.6583670742653105,-3.5745976226444043,-4.298879786472149,True,False,0
1.12,-3.535248953293302,-3.4405202838178184,-4.181781059946485,True,False,0
1.121,-3.411520551228018,-3.344750756084551,-4.068065147283956,True,False,0
1.122,-3.287210600305001,-3.124480842298027,-3.937449755382512,True,False,0
1.123,-3.1623479204416984,-3.0287113145647595,-3.8123609223325454,True,False,0
1.124,-3.036961412626546,-2.913787881284833,-3.6888843230847534,True,False,0
1.125,-2.91108005229972,-2.7126718730449397,-3.5530941028884913,True,False,0
1.1260000000000001,-2.784732882727084,-2.7366142549782637,-3.4426374953674186,True,False,0
1.127,-2.65794900836881,-2.5211328175784047,-3.315523935377317,True,False,0
1.1280000000000001,-2.530757588244186,-2.382267002365154,-3.186546466091844,True,False,0
1.129,-2.403187829294098,-2.2817089982452217,-3.0620763278918295,True,False,0
1.1300000000000001,-2.275268979742688,-2.1141123247120106,-2.9307663152542363,True,False,0
1.131,-2.147030322459688,-2.0758045136186922,-2.8142064645776377,True,False,0
1.1320000000000001,-2.018501168324899,-2.0279197497520443,-2.708538492118029,True,False,0
1.133,-1.8897108495963342,-1.687937926298929,-2.565708310651859,True,False,0
1.1340000000000001,-1.7606887132834828,-1.77891897764556,-2.4599606228796356,True,False,0
1.135,-1.6314641145271993,-1.5442836346990418,-2.333771335263255,True,False,0
1.1360000000000001,-1.5020664099876833,-1.4245717250324503,-2.2086093606809265,True,False,0
1.137,-1.372524951242027,-1.2617635278858756,-2.0774766900202053,True,False,0
1.1380000000000001,-1.2428690781928051,-1.2090902876325629,-1.9587876958172477,True,False,0
1.139,-1.1131281124891699,-0.9648779919127435,-1.8201906887230996,True,False,0
1.1400000000000001,-0.9833313509619037,-0.8643199877927827,-1.6876266727344031,True,False,0
1.141,-0.8535080590739019,-0.7541850308995208,-1.5586199086042327,True,False,0
1.1420000000000001,-0.7236874643875157,-0.5434920698863266,-1.4166577024092988,True,False,0
1.143,-0.5938987500502138,-0.44293406576639427,-1.2812622083602196,True,False,0
1.1440000000000001,-0.46417104829999195,-0.3902608255131099,-1.1589864751448196,True,False,0
1.145,-0.33453343399196167,-0.2897028213931492,-1.0401551767520754,True,False,0
1.1460000000000001,-0.20501491814754538,-0.10295224231327893,-0.910551871097412,True,False,0
1.147,-0.07564444152768894,0.03591357289997177,-0.779479530152338,True,False,0
1.1480000000000001,0.05354913176849191,0.1173176714732449,-0.6562845792812316,True,False,0
1.149,0.18253702067824,0.3806838727397519,-0.510858448811403,True,False,0
1.1500000000000001,0.3112905335214567,0.40941473105971227,-0.3839402045605206,True,False,0
1.151,0.4397810743173975,0.6201076920729349,-0.24373527870465778,True,False,0
1.1520000000000001,0.5679801490703822,0.749396554512856,-0.10526164200849275,True,False,0
1.153,0.6958593720231548,0.9122047516594023,0.037071459323268774,True,False,0
1.154,0.823390471876536,0.9217817044327319,0.15834941722788712,True,False,0
1.155,0.9505452979740184,1.1659940001525797,0.29912477802440435,True,False,0
1.156,1.0772958264499715,1.2617635278858472,0.4327622075047859,True,False,0
1.157,1.2036141663401194,1.4197832486457571,0.5702666717368339,True,False,0
1.158,1.3294725656529873,1.458091059739047,0.6920385331327139,True,False,0
1.159,1.454843417400995,1.5825914457923034,0.8142431389146687,True,False,0
1.16,1.5796992655899171,1.745399642938878,0.9428874798736566,True,False,0
1.161,1.704012811165412,1.8986308873121231,1.0754313070970314,True,False,0
1.162,1.827756917915358,2.023131273365351,1.2066994434441325,True,False,0
1.163,1.9509046183267291,1.8363806942854808,1.2875297677686626,True,False,0
1.164,2.073429119395763,2.2098818524452497,1.414777726607727,True,False,0
1.165,2.1953038083901895,2.334382238498506,1.5415899200249268,True,False,0
1.166,2.3165022585622883,2.4349402426184383,1.6642381954072942,True,False,0
1.167,2.436998234811571,2.5402867231250355,1.7841424037418292,True,False,0
1.168,2.556765699295889,2.70309492027161,1.9108511906050674,True,False,0
1.169,2.675778816989778,2.8228068299381732,2.03645027178222,True,False,0
1.17,2.7940119611888803,2.9329417868314636,2.15959674072026,True,False,0
1.171,2.911439718959269,3.1484232242313226,2.2973875483606134,True,False,0
1.172,3.0280368965305557,3.0478652201113903,2.3973762016616287,True,False,0
1.173,3.1437785246316294,3.114903889524669,2.4921389829844958,True,False,0
1.174,3.258639863767934,3.4022124727244716,2.617439554977215,True,False,0
1.175,3.3725964094391663,3.5171359060043983,2.741094311342306,True,False,0
1.176,3.4856238972963283,3.675155626764308,2.870199355788654,True,False,0
1.177,3.597698308237053,3.593751528191035,2.965917621188363,True,False,0
1.178,3.708795873438156,3.8475407766842125,3.086705966255513,True,False,0
1.179,3.818893079324374,3.8475407766842125,3.1883372631758746,True,False,0
1.18,3.927966672472269,4.000772021057429,3.29815231886184,True,False,0
1.181,4.035993664448293,4.2545612695506065,3.430801701336284,True,False,0
1.182,4.142951336580026,4.240195840390612,3.540134514457896,True,False,0
1.183,4.2488172446596115,4.479619659723795,3.6700997790637446,True,False,0
1.184,4.35356922357843,4.537081376363773,3.788565970986521,True,False,0
1.185,4.457185391892089,4.479619659723795,3.879129972405513,True,False,0
1.186,4.55964415631478,4.695101097123654,3.9895058963583256,True,False,0
1.187,4.6609242161421305,4.733408908216973,4.088451807695849,True,False,0
1.188,4.761004567601623,4.8435438651102345,4.189172303198001,True,False,0
1.189,4.859864508129764,4.920159487296843,4.286069762475744,True,False,0
1.19,4.957483640575096,5.078179208056753,4.392661220834305,True,False,0
1.191,5.053841877326259,5.288872169069947,4.515763191837105,True,False,0
1.192,5.148919444364272,5.427737984283198,4.641365310700612,True,False,0
1.193,5.2426968852382245,5.221833499656668,4.714390436638963,True,False,0
1.194,5.335155064963627,5.5187190356298,4.822919854409543,True,False,0
1.195,5.426275173842632,5.480411224536482,4.908160867479132,True,False,0
1.196,5.516038731205404,5.566603799496448,4.993552798395459,True,False,0
1.197,5.604427589071896,5.748565902189654,5.094260771842586,True,False,0
1.198,5.691423935733355,5.8634893354695805,5.197223319175084,True,False,0
1.199,5.777010299252844,5.786873713282972,5.271704744113885,True,False,0
1.2,5.861169550884129,5.829970000762927,5.3412084819334655,True,False,0
1.201,5.943884908408296,6.064605343709445,5.4369021150464585,True,False,0
1.202,6.025139939387433,6.141220965896082,5.529569973001609,True,False,0
1.203,6.104918564334821,6.064605343709445,5.595389447714739,True,False,0
1.204,6.183205059801003,6.447683454642544,5.711526185783631,True,False,0
1.205,6.259984061375191,6.347125450522611,5.793295107926578,True,False,0
1.206,6.335240566601441,6.481202789349197,5.88336015215261,True,False,0
1.207,6.40895993780909,6.687107273975727,5.991797347564384,True,False,0
1.208,6.4811279048569395,6.553029935149141,6.061771704478641,True,False,0
1.209,6.5517305677906785,6.763722896162335,6.15406405136431,True,False,0
1.21,6.620754399413115,6.701472703135721,6.221845930156549,True,False,0
1.211,6.688186247766733,6.888223282215591,6.3084962611831825,True,False,0
1.212,6.754013338528179,6.888223282215591,6.381403837786866,True,False,0
1.213,6.818223277314246,6.897800234988921,6.444267168737463,True,False,0
1.214,6.880804051898982,6.998358239108853,6.513108880039086,True,False,0
1.215,6.941744034341558,7.108493196002115,6.588499705773036,True,False,0
1.216,7.001031983024558,7.228205105668707,6.6709198615167935,True,False,0
1.217,7.0586570446023345,7.1707433890287575,6.731154733054298,True,False,0
1.218,7.114608755859175,7.357493968108628,6.811455013215182,True,False,0
1.219,7.168877045476952,7.180320341802087,6.8509198963847755,True,False,0
1.22,7.221452235712033,7.414955684748605,6.921338841328282,True,False,0
1.221,7.272325043981172,7.434109590295236,6.983627143969943,True,False,0
1.222,7.321486584356192,7.395801779201946,7.0299608891323295,True,False,0
1.223,7.368928368967244,7.46762892500189,7.080337891143442,True,False,0
1.224,7.414642309314477,7.405378731975276,7.112852204525316,True,False,0
1.225,7.45862071748794,7.534667594415197,7.160714974702903,True,False,0
1.226,7.5008563072955985,7.754937508201721,7.235921541578181,True,False,0
1.227,7.541342195299351,7.592129311055146,7.273378934131397,True,False,0
1.228,7.580071901758919,7.659167980468425,7.3155279212646755,True,False,0
1.229,7.617039351483594,7.778879890135016,7.3699783985835365,True,False,0
1.23,7.652238874591716,7.845918559548323,7.426425364900573,True,False,0
1.231,7.685665207177926,7.80282227206834,7.467084757469352,True,False,0
1.232,7.717313491888121,7.9033802761882725,7.5172440780715295,True,False,0
1.233,7.747179278402144,7.850707035934988,7.55109414037341,True,False,0
1.234,7.775258523824249,7.831553130388329,7.576537766081753,True,False,0
1.235,7.801547592981375,7.989572851148239,7.623007978706276,True,False,0
1.236,7.8260432586293005,7.889014847028278,7.64615949592567,True,False,0
1.237,7.848742701566789,7.936899610894926,7.67323370946634,True,False,0
1.238,7.869643510657813,8.027880662241529,7.710443556275903,True,False,0
1.239,7.888743682761995,7.99914980392154,7.737195198179209,True,False,0
1.24,7.906041622573452,8.10928476081483,7.777171445312547,True,False,0
1.241,7.921536142368153,8.118861713588132,7.812326360177777,True,False,0
1.242,7.9352264616600445,8.042246091401523,7.8297544524881975,True,False,0
1.243,7.947112206766126,8.00872675669487,7.839102275863908,True,False,0
1.244,7.957193410280712,8.123650189974796,7.865194405496462,True,False,0
1.245,7.965470510459154,8.171534953841444,7.894742849916969,True,False,0
1.246,7.971944350511264,7.893803323414943,7.875556632188404,True,False,0
1.247,7.976616177804771,8.118861713588132,7.895107642878411,True,False,0
1.248,7.979487642979084,8.252939052414717,7.932822544968434,True,False,0
1.249,7.980560798969739,8.123650189974796,7.944050627026139,True,False,0
1.25,7.979838099943855,8.0183037094682,7.9367899674217774,True,False,0
1.2510000000000001,7.977322400146957,8.094919331654836,7.942832097649915,True,False,0
1.252,7.973016952661621,8.070976949721512,7.944118680123708,True,False,0
1.2530000000000001,7.966925408078265,8.00872675669487,7.935328321261175,True,False,0
1.254,7.9590518130785926,8.056611520561518,7.93552664466136,True,False,0
1.2550000000000001,7.949400608932093,8.056611520561518,7.93552664466136,False,False,1
1.256,7.937976629906093,8.023092185854864,7.930377342846624,True,False,0
1.2570000000000001,7.924785101589817,8.032669138628194,7.927563627035725,True,False,0
1.258,7.9098316391329995,8.085342378881506,7.933550150091,True,False,0
1.2590000000000001,7.893122245399535,7.932111134508261,7.914284713325511,True,False,0
1.26,7.874663309036749,8.003938280308205,7.909466572688229,True,False,0
1.2610000000000001,7.854461602460798,8.003938280308205,7.905412589818944,True,False,0
1.262,7.832524279758843,7.879437894254977,7.882255790832594,True,False,0
1.2630000000000001,7.808858874508527,8.061399996948182,7.891630877874711,True,False,0
1.264,7.783473297515424,7.9512650400549205,7.882051655505418,True,False,0
1.2650000000000001,7.75637583446904,7.946476563668256,7.873232246108123,True,False,0
1.266,7.7275751435180835,7.7597259845883855,7.836192928717813,True,False,0
1.2670000000000001,7.697080252765592,7.778879890135016,7.808065864216868,True,False,0
1.268,7.664900557684658,7.754937508201721,7.780602490946918,True,False,0
1.2690000000000001,7.631045818455435,7.549033023575163,7.724838332864288,True,False,0
1.27,7.595526157224132,7.745360555428391,7.709055951490511,True,False,0
1.2710000000000001,7.5583520552847325,7.592129311055146,7.671474161533577,True,False,0
1.272,7.519534350184203,7.745360555428391,7.664155345075169,True,False,0
1.2730000000000001,7.4790842327519425,7.6639564568550895,7.645086592680025,True,False,0
1.274,7.437013244054244,7.558609976348492,7.6123341807355445,True,False,0
1.2750000000000001,7.3933332722745995,7.549033023575163,7.583257399804295,True,False,0
1.276,7.348056549520619,7.304820727855343,7.520060096627314,True,False,0
1.2770000000000001,7.301195648558433,7.405378731975276,7.48283440771854,True,False,0
1.278,7.252763479475376,7.352705491721963,7.443158735041111,True,False,0
1.2790000000000001,7.202773286271852,7.252147487602031,7.393827116220166,True,False,0
1.28,7.151238643383234,7.2329935820553715,7.349281686876641,True,False,0
1.281,7.098173452132676,7.161166436255428,7.300409373549467,True,False,0
1.282,7.043591937115758,7.2329935820553715,7.270680011046762,True,False,0
1.283,6.987508642517861,7.175531865415422,7.236552293362226,True,False,0
1.284,6.929938428365226,7.055819955748831,7.1888509110538985,True,False,0
1.285,6.870896466710591,7.027089097428842,7.144158256460256,True,False,0
1.286,6.810398237754435,6.936108046082239,7.092124255772823,True,False,0
1.287,6.748459525902719,6.9648389044022,7.052899572836313,True,False,0
1.288,6.685096415762169,6.845126994735637,7.000909604666265,True,False,0
1.289,6.620325288074039,6.682318797589062,6.931343850133179,True,False,0
1.29,6.5541628155874285,6.821184612802313,6.894835371239738,True,False,0
1.291,6.4866259588730975,6.75893441977567,6.854244252942997,True,False,0
1.292,6.417731962078871,6.490779742122527,6.777561522822104,True,False,0
1.293,6.347498348627631,6.533876029602482,6.719875761372972,True,False,0
1.294,6.275942916858986,6.418952596322555,6.653112097296206,True,False,0
1.295,6.203083735615649,6.284875257495969,6.575672475142502,True,False,0
1.296,6.128939139775627,6.332760021362617,6.518109317854874,True,False,0
1.297,6.053527725731287,6.1651633478293775,6.443094829751299,True,False,0
1.298,5.976868346816399,6.146009442282747,6.376939837727053,True,False,0
1.299,5.898980108682285,6.083759249256104,6.311404147361084,True,False,0
1.3,5.819882364624145,5.825181524376262,6.215251963760768,True,False,0
1.301,5.739594710858733,5.973624292362842,6.157892573135691,True,False,0
1.302,5.658136981754481,5.897008670176234,6.097479141535511,True,False,0
1.303,5.575529245015241,5.6719502800030455,6.010952996852328,True,False,0
1.304,5.491791796818774,5.758142854962983,5.951820064868728,True,False,0
1.305,5.406945156911171,5.4085840787365385,5.846625554028832,True,False,0
1.306,5.32101006365835,5.394218649576544,5.7558365480404445,True,False,0
1.307,5.234007469055831,5.413372555123203,5.6824845029484425,True,False,0
1.308,5.145958533697952,5.217045023270003,5.58962852873605,True,False,0
1.309,5.056884621707731,5.17394873579002,5.504664447685799,True,False,0
1.31,4.9668072956285645,5.0829676844434175,5.418746074318678,True,False,0
1.311,4.875748311278983,5.001563585870144,5.333543665554975,True,False,0
1.312,4.783729612571647,4.690312620736989,5.2124899246493,True,False,0
1.313,4.6907733262978395,4.776505195696927,5.124305477954708,True,False,0
1.314,4.596901756878649,4.790870624856922,5.0523854556803816,True,False,0
1.315,4.502137381084083,4.63285090409704,4.966810009379881,True,False,0
1.316,4.40650284272135,4.589754616617057,4.887971763512976,True,False,0
1.317,4.310020947293558,4.470042706950466,4.802650948943677,True,False,0
1.318,4.212714656630046,4.374273179217198,4.715672967028946,True,False,0
1.319,4.114607083489637,4.177945647363998,4.611352131448687,True,False,0
1.32,4.015721486138034,4.154003265430674,4.519779329676016,True,False,0
1.321,3.9160812629006343,4.0630222140840715,4.428300379602338,True,False,0
1.322,3.815709946692023,3.9911950682840995,4.339938208390341,True,False,0
1.323,3.714631199523398,3.8666946822308432,4.245844511332302,True,False,0
1.324,3.612868806989214,3.766136678110911,4.150725574284829,True,False,0
1.325,3.510446672734297,3.507558953231097,4.029682050997028,True,False,0
1.326,3.4073888129027123,3.6416362920576546,3.94910073154237,True,False,0
1.327,3.3037193505696627,3.225038846417931,3.8152272082426624,True,False,0
1.328,3.1994625101576966,3.335173803311193,3.7200534634744247,True,False,0
1.329,3.094642611838483,3.335173803311193,3.6399742877212824,True,False,0
1.33,2.9892840659214683,3.110115413138004,3.5369013886135865,True,False,0
1.331,2.8834113672306696,2.956884168764759,3.425873369045542,True,False,0
1.332,2.7770490894709012,2.9520956923780943,3.3316949556434485,True,False,0
1.333,2.6702218795846986,2.9042109285114748,3.2448587214271747,True,False,0
1.334,2.5629544521012506,2.7366142549782353,3.145213870423488,True,False,0
1.335,2.455271583478595,2.659998632791627,3.049221458278757,True,False,0
1.336,2.347198106440377,2.4301517662317735,2.9319997112468967,True,False,0
1.337,2.238758904308444,2.391843955138455,2.827293725312573,True,False,0
1.338,2.1299789053325577,2.262555092698534,2.71868889178213,True,False,0
1.339,2.0208830770185116,2.1284777538719766,2.6060441154069887,True,False,0
1.34,1.911496420455911,2.0614390844586694,2.5006324738708896,True,False,0
1.341,1.8018439646469202,1.984823462272061,2.399787884965633,True,False,0
1.342,1.691950760837218,1.7645535484855372,2.2800024231026055,True,False,0
1.343,1.5818418768504663,1.6256877332722866,2.1571908145729872,True,False,0
1.344,1.4715423914275299,1.5394951583123486,2.0401869898058935,True,False,0
1.345,1.3610773885717342,1.482033441672371,1.9326265515800953,True,False,0
1.346,1.2504719519014125,1.2282441931791936,1.8018742039264257,True,False,0
1.347,1.1397511590110057,1.31443676813916,1.7055293508484977,True,False,0
1.348,1.028940075841966,1.1659940001525797,1.6009217612979612,True,False,0
1.349,0.9180637510647247,1.0702244724193122,1.497715889567663,True,False,0
1.35,0.8071472104729537,0.9648779919127151,1.3941705169909198,True,False,0
1.351,0.6962154513913815,0.7350311253528616,1.2705937100907685,True,False,0
1.352,0.5852934370983861,0.7541850308994924,1.1696540138228422,True,False,0
1.353,0.4744060912646051,0.6632039795528897,1.070293760009637,True,False,0
1.354,0.36357829240878525,0.5578574990462926,0.9699840898192214,True,False,0
1.355,0.25283486837209457,0.45251101853969544,0.86887558081965,True,False,0
1.356,0.14220059081210892,0.31843367971310954,0.7625382108733683,True,False,0
1.357,0.03170016971768439,0.2849143450064844,0.6677497913350513,True,False,0
1.358,-0.07864175205408468,0.1173176714732449,0.5614139726955302,True,False,0
1.359,-0.18880060421762634,-0.21787567559320564,0.4187813185592366,True,False,0
1.36,-0.29875189447418177,-0.17477938811322247,0.30560530011753007,True,False,0
1.361,-0.40847121390144525,-0.2992797741664788,0.19063323541452415,True,False,0
1.362,-0.5179342423163819,-0.45251101853972386,0.06959325955177888,True,False,0
1.363,-0.6271167536100539,-0.5195496879530026,-0.04288210167809926,True,False,0
1.364,-0.7359946210533027,-0.5387035934996618,-0.14055666719662008,True,False,0
1.365,-0.844543822572133,-0.6919348378729069,-0.2470425296254839,True,False,0
1.366,-0.9527404459916623,-0.8116467475394984,-0.35562604496600897,True,False,0
1.367,-1.0605606942475003,-0.988820373846039,-0.4750879613429838,True,False,0
1.368,-1.1679808905634395,-0.9505125627527491,-0.5695275772358073,True,False,0
1.369,-1.2749774835943368,-1.098955330739301,-0.6725321004809318,True,False,0
1.37,-1.3815270525330923,-1.2090902876325629,-0.7766675114837196,True,False,0
1.371,-1.487606312180619,-1.2952828625925292,-0.8779571862213804,True,False,0
1.372,-1.593192117977729,-1.5490721110857066,-1.0034333143389187,True,False,0
1.373,-1.6982614709978565,-1.577802969405667,-1.1135656293554834,True,False,0
1.374,-1.8027915228995521,-1.6687840207522697,-1.2206605513189903,True,False,0
1.375,-1.9067595808377067,-1.8268037415121796,-1.335832153378295,True,False,0
1.3760000000000001,-2.010143112332443,-1.951304127565436,-1.452483301862578,True,False,0
1.377,-2.1129197500946635,-1.97524650949876,-1.554430827216179,True,False,0
1.3780000000000001,-2.2150672968072245,-2.1332662302586414,-1.6652714104761295,True,False,0
1.379,-2.3165637298607247,-2.2290357579919373,-1.773721722255942,True,False,0
1.3800000000000001,-2.4173872060429225,-2.272132045471892,-1.8718068767898073,True,False,0
1.381,-2.5175160661807863,-2.5019789120317455,-1.9907894569799467,True,False,0
1.3820000000000001,-2.616928839734216,-2.454094148165126,-2.0833068534435855,True,False,0
1.383,-2.71560424934046,-2.616902345311672,-2.186972380566769,True,False,0
1.3840000000000001,-2.8135212153082994,-2.727037302204934,-2.291663960141609,True,False,0
1.385,-2.9106588600610457,-2.7126718730449397,-2.3774730817501784,True,False,0
1.3860000000000001,-3.006996512527443,-2.86111464103152,-2.4732159082919964,True,False,0
1.387,-3.102513712479561,-3.0622306492713847,-2.5856709359493073,True,False,0
1.3880000000000001,-3.1971902148167795,-3.0718076020447143,-2.681809486775135,True,False,0
1.389,-3.2910059937949834,-3.0909615075913734,-2.765738262267452,True,False,0
1.3900000000000001,-3.383941247200115,-3.2394042755779537,-2.85989896584577,True,False,0
1.391,-3.4759764004651945,-3.3782700907912044,-2.9611499062803164,True,False,0
1.3920000000000001,-3.5670921107300035,-3.3495392324712157,-3.041785715548338,True,False,0
1.393,-3.6572692708425865,-3.5698091462577395,-3.1445675130051,True,False,0
1.3940000000000001,-3.7464890133017543,-3.497982000457796,-3.219656308037092,True,False,0
1.395,-3.83473271413981,-3.8283868711375817,-3.3352382677954884,True,False,0
1.3960000000000001,-3.9219819967446887,-3.799656012817593,-3.4279321947508072,True,False,0
1.397,-4.008218735620768,-3.8092329655909225,-3.5074437581648876,True,False,0
1.3980000000000001,-4.093425060087578,-3.952887257190838,-3.5971283670945704,True,False,0
1.399,-4.177583357915675,-4.096541548790725,-3.6953725751213784,True,False,0
1.4000000000000001,-4.260676278898966,-4.039079832150776,-3.7689218020726276,True,False,0
1.401,-4.342686738362766,-4.426946419470511,-3.8923218056249067,True,False,0
1.4020000000000001,-4.423597920606892,-4.2641382223239646,-3.970329149167273,True,False,0
1.403,-4.5033932822831355,-4.24977279316397,-4.033686158249575,True,False,0
1.4040000000000001,-4.582056555706431,-4.450888801403835,-4.118891763552378,True,False,0
1.405,-4.659571752099088,-4.5658122346837615,-4.208810620461198,True,False,0
1.4060000000000001,-4.735923164767455,-4.517927470817142,-4.27687380415478,True,False,0
1.407,-4.811095372210404,-4.723831955443671,-4.366798637141764,True,False,0
1.408,-4.885073241159024,-4.8770631998169165,-4.4667638756848715,True,False,0
1.409,-4.95784192954698,-4.771716719310291,-4.534166647338072,True,False,0
1.41,-5.029386889410928,-4.920159487296871,-4.614422373559952,True,False,0
1.411,-5.099693869720464,-5.039871396963463,-4.7009358559048975,True,False,0
1.412,-5.168748919137087,-5.126063971923401,-4.787398442294427,True,False,0
1.413,-5.236538388701628,-5.183525688563378,-4.86926148675148,True,False,0
1.414,-5.303048934449682,-5.217045023270032,-4.94345721219056,True,False,0
1.415,-5.368267519954543,-5.221833499656697,-5.006644938380258,True,False,0
1.416,-5.432181418797184,-5.427737984283226,-5.092467562094283,True,False,0
1.417,-5.494778216962842,-5.389430173189908,-5.158603081768891,True,False,0
1.418,-5.556045815163762,-5.494776653696505,-5.230957465226445,True,False,0
1.419,-5.615972431087722,-5.494776653696505,-5.2918364335124695,True,False,0
1.42,-5.674546601571894,-5.475622748149846,-5.340022176996993,True,False,0
1.421,-5.73175718470172,-5.552238370336482,-5.392716903155309,True,False,0
1.422,-5.787593361834397,-5.700681138323034,-5.460597281921453,True,False,0
1.423,-5.842044639546668,-5.738988949416353,-5.523787447385829,True,False,0
1.424,-5.89510085150655,-5.8251815243762906,-5.590625798161078,True,False,0
1.425,-5.946752160268748,-5.853912382696279,-5.651420295389753,True,False,0
1.426,-5.996989058993404,-5.79645066605633,-5.69345934082812,True,False,0
1.427,-6.045802373087969,-5.8970086701762625,-5.744779501164944,True,False,0
1.428,-6.093183261771893,-6.035874485389513,-5.809984414410481,True,False,0
1.429,-6.139123219563935,-6.035874485389513,-5.864847819443803,True,False,0
1.43,-6.1836140776918525,-6.169951824216071,-5.932274565275692,True,False,0
1.431,-6.226648005424279,-6.074182296482803,-5.973818359666146,True,False,0
1.432,-6.2682175113246,-6.146009442282775,-6.020165097756804,True,False,0
1.433,-6.308315444426676,-6.155586395056076,-6.060680142837014,True,False,0
1.434,-6.346934995332247,-6.2226250644693835,-6.10540183838581,True,False,0
1.435,-6.384069697229903,-6.236990493629378,-6.145309025908657,True,False,0
1.436,-6.419713426835504,-6.217836588082719,-6.175849115944527,True,False,0
1.437,-6.453860405253953,-6.351913926909305,-6.2228102278841835,True,False,0
1.438,-6.486505198762256,-6.4620488838025665,-6.2797907203255035,True,False,0
1.439,-6.5176427195138,-6.476414312962561,-6.330012457867044,True,False,0
1.44,-6.54726822616381,-6.529087553215845,-6.380623004075967,True,False,0
1.441,-6.575377324415969,-6.447683454642572,-6.410296009458681,True,False,0
1.442,-6.601965967490199,-6.514722124055851,-6.445895214297743,True,False,0
1.443,-6.627030456511595,-6.600914699015817,-6.4895185345990685,True,False,0
1.444,-6.650567440820566,-6.548241458762504,-6.517869207147088,True,False,0
1.445,-6.672573918204233,-6.715838132295744,-6.568304314610071,True,False,0
1.446,-6.69304723504912,-6.6296455573357775,-6.597070252842318,True,False,0
1.447,-6.711985086415247,-6.519510600442516,-6.603806489996435,True,False,0
1.448,-6.729385516031741,-6.49556821850922,-6.6056770939422496,True,False,0
1.449,-6.745246916214036,-6.644010986495772,-6.630794063271632,True,False,0
1.45,-6.759568027702831,-6.821184612802341,-6.680027239318909,True,False,0
1.451,-6.772347939424974,-6.754145943389034,-6.710819684678418,True,False,0
1.452,-6.783586088176399,-6.572183840695828,-6.707869229444097,True,False,0
1.453,-6.793282258227341,-6.648799462882437,-6.717537965036147,True,False,0
1.454,-6.801436580850009,-6.591337746242488,-6.7165598016677945,True,False,0
1.455,-6.808049533768972,-6.711049655909079,-6.734723100488402,True,False,0
1.456,-6.813121940534457,-6.687107273975755,-6.746208432548161,True,False,0
1.457,-6.816654969818843,-6.7254150850690735,-6.761947813473118,True,False,0
1.458,-6.818650134636619,-6.648799462882437,-6.763039678197551,True,False,0
1.459,-6.8191092914880915,-6.591337746242488,-6.754844936861268,True,False,0
1.46,-6.818034639427149,-6.797242230869017,-6.78060636222037,True,False,0
1.461,-6.815428719053407,-6.825973089189006,-6.806838740055629,True,False,0
1.462,-6.811294411429082,-6.610491651789147,-6.794735273537455,True,False,0
1.463,-6.805634936920946,-6.648799462882437,-6.790627042584492,True,False,0
1.464,-6.798453853967702,-6.706261179522414,-6.796283813791113,True,False,0
1.465,-6.789755057773257,-6.667953368429096,-6.794967796195923,True,False,0
1.466,-6.779542778926174,-6.7254150850690735,-6.802973935337596,True,False,0
1.467,-6.767821581945839,-6.758934419775699,-6.815026470806204,True,False,0
1.468,-6.754596363755705,-6.548241458762504,-6.791751539885485,True,False,0
1.469,-6.739872352084103,-6.605703175402482,-6.781281452376361,True,False,0
1.47,-6.72365510379307,-6.49556821850922,-6.75500450287013,True,False,0
1.471,-6.705950503135685,-6.711049655909079,-6.767070466790482,True,False,0
1.472,-6.686764759942408,-6.452471931029237,-6.736212304429548,True,False,0
1.473,-6.666104407736947,-6.562606887922499,-6.727715670181422,True,False,0
1.474,-6.643976301782164,-6.567395364309164,-6.721326056307858,True,False,0
1.475,-6.620387617056586,-6.538664505989175,-6.711393117991183,True,False,0
1.476,-6.595345846162051,-6.49556821850922,-6.696200467934302,True,False,0
1.477,-6.568858797163098,-6.457260407415902,-6.6773417501566525,True,False,0
1.478,-6.5409345913586625,-6.466837360189231,-6.662992933640822,True,False,0
1.479,-6.5115816609866854,-6.418952596322583,-6.643325311260976,True,False,0
1.48,-6.480808746862259,-6.452471931029237,-6.632093147592985,True,False,0
1.481,-6.448624895949939,-6.34712545052264,-6.605934440325304,True,False,0
1.482,-6.415039458870855,-6.284875257495997,-6.574051618450462,True,False,0
1.483,-6.3800620873453076,-6.299240686655992,-6.549503775552993,True,False,0
1.484,-6.343702731571471,-6.217836588082719,-6.51593852268255,True,False,0
1.485,-6.305971637540954,-6.241778970016043,-6.4914939886043985,True,False,0
1.486,-6.266879344291853,-6.227413540856048,-6.4686480019530395,True,False,0
1.487,-6.226436681100061,-6.232202017242713,-6.450184844941707,True,False,0
1.488,-6.184654764609515,-6.069393820096138,-6.4088285447046465,True,False,0
1.489,-6.141544995902145,-5.882643241016268,-6.344412691838474,True,False,0
1.49,-6.0971190575082685,-5.882643241016268,-6.290213202099784,True,False,0
1.491,-6.051388910358179,-5.786873713283001,-6.229420698615577,True,False,0
1.492,-6.004366790675726,-5.839546953536285,-6.186623877699766,True,False,0
1.493,-5.956065206814637,-5.901797146562927,-6.1604875276485345,True,False,0
1.494,-5.906496936038423,-5.753354378576347,-6.114953362884748,True,False,0
1.495,-5.855675021244635,-5.705469614709699,-6.069046392779831,True,False,0
1.496,-5.8036127676343146,-5.743777425803017,-6.036495898559975,True,False,0
1.497,-5.750323739327468,-5.705469614709699,-6.003032293091845,True,False,0
1.498,-5.695821755925392,-5.705469614709699,-5.9748760200551825,True,False,0
1.499,-5.64012088902072,-5.595334657816437,-5.9337179164795035,True,False,0
1.5,-5.5832354586560395,-5.537872941176488,-5.889974057628635,True,False,0
1.5010000000000001,-5.525180029731971,-5.389430173189908,-5.829624937383432,True,False,0
1.502,-5.465969408365564,-5.3942186495765725,-5.779606648926255,True,False,0
1.5030000000000001,-5.405618638199928,-5.29366064545664,-5.721572754611261,True,False,0
1.504,-5.344142996665993,-5.173948735790049,-5.65375671857529,True,False,0
1.5050000000000001,-5.281557991197313,-5.13564092469673,-5.59062069107523,True,False,0
1.506,-5.2178793553988205,-5.183525688563378,-5.545092576361161,True,False,0
1.5070000000000001,-5.153123045170493,-5.111698542763435,-5.4953934316984165,True,False,0
1.508,-5.087305234786833,-5.039871396963463,-5.44218478301074,True,False,0
1.5090000000000001,-5.020442312933142,-4.934524916456866,-5.380707067022994,True,False,0
1.51,-4.952550878699519,-4.810024530403609,-5.309233946891638,True,False,0
1.5110000000000001,-4.883647737533571,-4.786082148470285,-5.245299208378192,True,False,0
1.512,-4.813749897152782,-4.527504423590472,-5.150494065446321,True,False,0
1.5130000000000001,-4.742874563417543,-4.608908522163745,-5.083635732461606,True,False,0
1.514,-4.671039136165817,-4.59454309300375,-5.025102781245934,True,False,0
1.5150000000000001,-4.598261205010433,-4.527504423590472,-4.965220821953829,True,False,0
1.516,-4.524558545100015,-4.379061655603891,-4.891293106217794,True,False,0
1.5170000000000001,-4.449949112844554,-4.441311848630505,-4.8389632255480866,True,False,0
1.518,-4.374451041606632,-4.139637836270708,-4.74708733128534,True,False,0
1.5190000000000001,-4.2980826373593155,-4.106118501564055,-4.664466795397407,True,False,0
1.52,-4.220862374311761,-4.096541548790725,-4.593430981841437,True,False,0
1.5210000000000001,-4.14280889050354,-4.077387643244094,-4.530623646034124,True,False,0
1.522,-4.063940983368751,-3.861906205844207,-4.443602176707964,True,False,0
1.5230000000000001,-3.984277605270925,-3.881060111390866,-4.373420136445189,True,False,0
1.524,-3.903837859009799,-3.7661366781109393,-4.296142105093973,True,False,0
1.5250000000000001,-3.822640993301013,-3.641636292057683,-4.211374601789741,True,False,0
1.526,-3.7407063982297593,-3.3734816144045396,-4.097521867401727,True,False,0
1.5270000000000001,-3.658053600679472,-3.3830585671778692,-4.003245098380059,True,False,0
1.528,-3.574702259736611,-3.579386099031069,-3.95505821146108,True,False,0
1.5290000000000001,-3.4906721620726104,-3.497982000457796,-3.901603070203409,True,False,0
1.53,-3.4059832173040636,-3.2872890394445733,-3.823209989098325,True,False,0
1.5310000000000001,-3.3206554533322232,-3.1915195117113058,-3.742061001167204,True,False,0
1.532,-3.2347090116628894,-3.129269318684692,-3.663909364708203,True,False,0
1.5330000000000001,-3.1481641427077767,-2.9185763576714976,-3.5647366559386886,True,False,0
1.534,-3.0610412010684365,-2.9185763576714976,-3.4812927524250856,True,False,0
1.5350000000000001,-2.973360640803818,-2.908999404898168,-3.4095641574621642,True,False,0
1.536,-2.885143010682572,-2.5785945342183823,-3.296809469579557,True,False,0
1.537,-2.79640894942117,-2.5450751995117287,-3.1966215196125636,True,False,0
1.538,-2.7071791809089416,-2.5690175814450527,-3.1161206573639193,True,False,0
1.539,-2.617474509421118,-2.51634434119174,-3.0400332597925073,True,False,0
1.54,-2.527315814820977,-2.3535361440451936,-2.9501919314766574,True,False,0
1.541,-2.43672404775219,-2.377478525978489,-2.8783967152617005,True,False,0
1.542,-2.345720224822455,-2.1811509941252893,-2.7868506566522506,True,False,0
1.543,-2.25432542377952,-2.085381466392022,-2.6946347552586607,True,False,0
1.544,-2.1625607786806986,-2.0949584191653514,-2.618563214541514,True,False,0
1.545,-2.0704474750569535,-1.9800349858854247,-2.53632975831832,True,False,0
1.546,-1.9780067450726648,-1.8842654581521572,-2.4519494792912147,True,False,0
1.547,-1.885259862682166,-1.6975148790722585,-2.3513332565907166,True,False,0
1.548,-1.7922281387841423,-1.7262457373922473,-2.271231498736794,True,False,0
1.549,-1.698932916374991,-1.539495158312377,-2.174215223162739,True,False,0
1.55,-1.6053955657022236,-1.410206295872456,-2.0720805108714075,True,False,0
1.551,-1.5116374794190102,-1.3718984847791376,-1.9800687538919555,True,False,0
1.552,-1.4176800677409462,-1.3718984847791376,-1.9026500742292431,True,False,0
1.553,-1.3235447536061344,-1.1851479056992673,-1.807891340276111,True,False,0
1.554,-1.229252967839654,-1.0654359960326758,-1.7091750292215435,True,False,0
1.555,-1.1348261443235113,-1.036705137712687,-1.6215584205999036,True,False,0
1.556,-1.0402857151731384,-0.8547430350194816,-1.5189786036376183,True,False,0
1.557,-0.9456531059215213,-0.7302426489662253,-1.4129221814014774,True,False,0
1.558,-0.8509497307120247,-0.6632039795529181,-1.3130539801314487,True,False,0
1.559,-0.7561969875009833,-0.7110887434195661,-1.2366194194612685,True,False,0
1.56,-0.6614162532711236,-0.5865883573663098,-1.1525616122720073,True,False,0
1.561,-0.5666288792568759,-0.6296846448462929,-1.0886704619922833,True,False,0
1.562,-0.4718561861826298,-0.30406825055314357,-0.983269652001535,True,False,0
1.563,-0.37711945951498904,-0.22266415197987044,-0.88167472374328,True,False,0
1.564,-0.2824399447300685,-0.2657604394598536,-0.8030278422090186,True,False,0
1.565,-0.1878388425968749,0.007182714579982985,-0.6935655451223575,True,False,0
1.566,-0.09333730447781026,0.05027900205996616,-0.5946289062905434,True,False,0
1.567,0.0010435723526739,0.19393329365985323,-0.4886000415770593,True,False,0
1.568,0.09528274937024538,0.1364715770199041,-0.40850080556072305,True,False,0
1.569,0.18935925144266205,0.246606533913166,-0.32363790008072385,True,False,0
1.57,0.28325217145053433,0.2849143450064844,-0.24615863897591764,True,False,0
1.571,0.3769406748858695,0.45251101853969544,-0.15438674386080847,True,False,0
1.572,0.47040400442739866,0.5674344518196222,-0.05894301160736398,True,False,0
1.573,0.563621484491692,0.5961653101396109,0.02592004966128178,True,False,0
1.574,0.6565725257590761,0.8212237003127996,0.13301810938351272,True,False,0
1.575,0.7492366296733725,0.8308006530861292,0.22464930812582357,True,False,0
1.576,0.841593392914486,0.9888203738460106,0.32680973559444654,True,False,0
1.577,0.9336225118428771,0.9169932280460671,0.4013757100039116,True,False,0
1.578,1.0253037869149624,1.2569750514991824,0.5180366745899811,True,False,0
1.579,1.1166171270684921,1.1899363820859037,0.6055628519487187,True,False,0
1.58,1.2075425540769669,1.2473980987258528,0.6883208017009196,True,False,0
1.581,1.2980602068721567,1.4341486778057515,0.7875719967727275,True,False,0
1.582,1.388150345833803,1.6448416388189457,0.9044978712559921,True,False,0
1.583,1.4777933570455852,1.7358226901655485,1.0173088932200618,True,False,0
1.584,1.566969756516446,1.6687840207522697,1.1015957293863583,True,False,0
1.585,1.6556601943663793,1.769342024872202,1.188463175028834,True,False,0
1.586,1.743845458975792,1.8507461234454752,1.274464133074438,True,False,0
1.587,1.8315064810975625,1.8651115526054696,1.3491036863825288,True,False,0
1.588,1.918624337930925,2.0039773678187203,1.4339295336656004,True,False,0
1.589,2.0051802571563244,2.0853814663919934,1.5182126911325033,True,False,0
1.59,2.0911556209303903,2.0853814663919934,1.5891285282287262,True,False,0
1.591,2.176531969840191,2.114112324711982,1.6533538218868524,True,False,0
1.592,2.261291006815944,2.4301517662317735,1.757516874042677,True,False,0
1.593,2.345414601001362,2.4062093842984495,1.8413623867260736,True,False,0
1.594,2.4288847915808245,2.468459577325092,1.921782878740632,True,False,0
1.595,2.5116837915625903,2.7414027313649,2.0327374914413814,True,False,0
1.596,2.5937939915172534,2.717460349431576,2.122297422232834,True,False,0
1.597,2.675197963270675,2.7844990188448833,2.2082854778710366,True,False,0
1.598,2.755878463550634,2.827595306324838,2.287470893177909,True,False,0
1.599,2.835818437586434,3.0239228381780663,2.385235064286491,True,False,0
1.6,2.91500102266074,3.134057795071328,2.4849612437226067,True,False,0
1.601,2.9934095516129102,3.090961507591345,2.562035760255039,True,False,0
1.602,3.071027556293109,3.090961507591345,2.626886247860828,True,False,0
1.603,3.1478387709665023,3.2537697047379197,2.7072728416776815,True,False,0
1.604,3.223827135666843,3.5315013351643927,2.8189583854533122,True,False,0
1.605,3.2989767994987607,3.435731807431125,2.8977415263441113,True,False,0
1.606,3.373272123888105,3.6129054337376942,2.9921294117592927,True,False,0
1.607,3.44669768577968,3.593751528191035,3.068509553505833,True,False,0
1.608,3.5192382807817215,3.63684781567099,3.139610871386203,True,False,0
1.609,3.590878926256517,3.6703671503776434,3.204751681564357,True,False,0
1.61,3.6616048643565193,3.871483158617508,3.2914581768637796,True,False,0
1.611,3.7314015650053833,3.8858485877775024,3.3666913691201596,True,False,0
1.612,3.8002547288233197,3.976829639124105,3.4444221739949796,True,False,0
1.613,3.8681502899961946,4.005560497444094,3.5143815806043537,True,False,0
1.614,3.935074419087825,3.98161811551077,3.5694481506310094,True,False,0
1.615,4.001013525794905,3.938521828030815,3.6089460779509945,True,False,0
1.616,4.065954261644049,4.216253458457288,3.686227903361988,True,False,0
1.617,4.129883522630416,4.168368694590669,3.7436582904920157,True,False,0
1.618,4.192788451797409,4.292869080643925,3.8117259886793566,True,False,0
1.619,4.254656441756993,4.359907750057204,3.879630482761548,True,False,0
1.62,4.3154751371500835,4.6280624277103755,3.9792946835103047,True,False,0
1.621,4.375232437046617,4.479619659723795,4.0396090848808655,True,False,0
1.622,4.433916497284812,4.618485474937046,4.112381751294682,True,False,0
1.623,4.491515732749192,4.6520048096436994,4.178928833898918,True,False,0
1.624,4.548018819586951,4.508350518043784,4.212137949632995,True,False,0
1.625,4.603414697362271,4.747774337376967,4.278052745730749,True,False,0
1.6260000000000001,4.6576925711481705,4.810024530403581,4.343386335277212,True,False,0
1.627,4.710841913555538,4.929736440070172,4.417344333876581,True,False,0
1.6280000000000001,4.762852466698966,4.929736440070172,4.47957258372229,True,False,0
1.629,4.8137142440990495,4.929736440070172,4.531931424580551,True,False,0
1.6300000000000001,4.863417532520812,5.068602255283423,4.598010283473915,True,False,0
1.631,4.911952893747951,5.202679594110009,4.674873710640526,True,False,0
1.6320000000000001,4.959311166292577,5.169160259403355,4.734230416586591,True,False,0
1.633,5.005483467040186,5.207468070496674,4.790248764912916,True,False,0
1.6340000000000001,5.050461192829586,5.121275495536736,4.823712441239391,True,False,0
1.635,5.094236021967497,5.197891117723344,4.864020022116514,True,False,0
1.6360000000000001,5.136799915677603,5.221833499656668,4.90173208018948,True,False,0
1.637,5.178145119483844,5.312814551003271,4.947892607924868,True,False,0
1.6380000000000001,5.2182641645276915,5.3606993148698905,4.994326599747906,True,False,0
1.639,5.257149868819248,5.442103413443192,5.046306855313034,True,False,0
1.6400000000000001,5.294795338421972,5.475622748149817,5.095359206289986,True,False,0
1.641,5.331193968570867,5.451680366216522,5.132834582584105,True,False,0
1.6420000000000001,5.36633944472398,5.542661417563124,5.178795966303337,True,False,0
1.643,5.4002257435470735,5.509142082856471,5.212151697144557,True,False,0
1.6440000000000001,5.432847133831346,5.37985322041655,5.219711973113292,True,False,0
1.645,5.464198177344107,5.633642468909727,5.266324198002785,True,False,0
1.6460000000000001,5.49427372961231,5.67673875638971,5.312378794735375,True,False,0
1.647,5.523068940638849,5.542661417563124,5.32986444170412,True,False,0
1.6480000000000001,5.550579255551593,5.691104185549705,5.3681199060845435,True,False,0
1.649,5.57680041518509,5.643219421683057,5.39271351841304,True,False,0
1.6500000000000001,5.601728456594914,5.719835043869665,5.4255578286626855,True,False,0
1.651,5.625359713504645,5.738988949416324,5.45623083884279,True,False,0
1.6520000000000001,5.647690816685473,5.67673875638971,5.4721662162091045,True,False,0
1.653,5.668718694268463,5.877854764629575,5.517471267110768,True,False,0
1.6540000000000001,5.688440571989485,5.940104957656189,5.565463819884912,True,False,0
1.655,5.706853973366871,5.9113740993362285,5.60128802910324,True,False,0
1.6560000000000001,5.7239567198118575,5.758142854962983,5.607128017370008,True,False,0
1.657,5.739746930671886,6.035874485389485,5.656090057492588,True,False,0
1.6580000000000001,5.754223023206854,5.897008670176234,5.675262573915873,True,False,0
1.659,5.76738371249843,5.791662189669637,5.674686360293643,True,False,0
1.6600000000000001,5.779228011292533,5.877854764629575,5.68787168847897,True,False,0
1.661,5.789755229775137,5.901797146562899,5.702763086868781,True,False,0
1.6620000000000001,5.79896497528153,5.849123906309586,5.706938724273646,True,False,0
1.663,5.806857151939215,5.940104957656189,5.724881712273134,True,False,0
1.6640000000000001,5.813431960244595,6.05981686732278,5.758965265251301,True,False,0
1.665,5.818689896573692,5.949681910429518,5.77017574272099,True,False,0
1.666,5.822631752627051,6.007143627069496,5.788721673086744,True,False,0
1.667,5.8252586148090915,5.959258863202848,5.796731686207113,True,False,0
1.668,5.826571863542135,5.829970000762927,5.782966078772814,True,False,0
1.669,5.826573172515344,5.973624292362842,5.794167288984577,True,False,0
1.67,5.825264507868869,5.916162575722893,5.7944785495504,True,False,0
1.671,5.822648127313451,6.055028390936116,5.816764581546872,True,False,0
1.672,5.8187265791858085,5.906585622949564,5.811973002375645,True,False,0
1.673,5.813502701440081,6.05981686732278,5.832243864760756,True,False,0
1.674,5.806979620575683,5.920951052109558,5.827275628183329,True,False,0
1.675,5.799160750501893,6.03108600900282,5.840562773927276,True,False,0
1.676,5.790049791339517,5.844335429922921,5.822123908991187,True,False,0
1.677,5.7796507281600045,5.8395469535362565,5.8058499975571785,True,False,0
1.678,5.767967829662396,5.925739528496223,5.805827284963508,True,False,0
1.679,5.755005646788479,5.906585622949564,5.802770362535253,True,False,0
1.68,5.740769011276566,5.853912382696251,5.791844285273289,True,False,0
1.681,5.725263034154305,5.806027618829631,5.775056555230719,True,False,0
1.682,5.708493104170971,5.6958926619363694,5.743463942166086,True,False,0
1.683,5.690464886169654,5.734200473029659,5.722957545990424,True,False,0
1.684,5.671184319399817,5.801239142442967,5.716335809262403,True,False,0
1.685,5.650657615770691,5.753354378576319,5.703169750752861,True,False,0
1.686,5.628891258045992,5.758142854962983,5.692851283948202,True,False,0
1.687,5.605891997980433,5.604911610589738,5.65986683095795,True,False,0
1.688,5.581666854398573,5.6001231342030735,5.631354263736481,True,False,0
1.689,5.55622311121648,5.595334657816409,5.606604340585584,True,False,0
1.69,5.529568315406779,5.729411996642995,5.6070444430371875,True,False,0
1.691,5.501710274907593,5.533084464789795,5.576277171615002,True,False,0
1.692,5.472657056475954,5.667161803616381,5.571654278059065,True,False,0
1.693,5.442416983486238,5.552238370336454,5.54953770372677,True,False,0
1.694,5.4109986336742155,5.633642468909727,5.543839522360597,True,False,0
1.695,5.378410836827274,5.523507512016465,5.521577654026483,True,False,0
1.696,5.3446626724214585,5.470834271763152,5.494492537921717,True,False,0
1.697,5.309763467205906,5.37985322041655,5.457273517696223,True,False,0
1.698,5.2737227927353025,5.403795602349874,5.429754704268248,True,False,0
1.699,5.236550462851011,5.284083692683282,5.38761405309208,True,False,0
1.7,5.198256531111492,5.284083692683282,5.352156914990539,True,False,0
1.701,5.158851288172686,5.274506739909953,5.3208043778428795,True,False,0
1.702,5.118345259119017,5.231410452429998,5.287589280276707,True,False,0
1.703,5.076749200745685,5.293660645456612,5.269514990933518,True,False,0
1.704,5.034074098792947,5.130852448310037,5.228485883898929,True,False,0
1.705,4.9903311651330595,5.197891117723344,5.204596341077906,True,False,0
1.706,4.945531834910604,5.0829676844434175,5.166268810704845,True,False,0
1.707,4.899687763636896,5.0350829205767695,5.126425501784732,True,False,0
1.708,4.8528108242392145,4.886640152590218,5.069358303714599,True,False,0
1.709,4.8049131040655615,4.924947963683508,5.02741759522033,True,False,0
1.71,4.756006901845704,4.905794058136848,4.989090876808763,True,False,0
1.711,4.706104724609263,4.8435438651102345,4.946969892031645,True,False,0
1.712,4.655219284561567,4.800447577630251,4.904694224111662,True,False,0
1.713,4.603363495918078,4.685524144350325,4.8508966106100635,True,False,0
1.714,4.550550471698133,4.666370238803665,4.802593493956709,True,False,0
1.715,4.496793520478802,4.704678049896984,4.768026882360681,True,False,0
1.716,4.442106143109641,4.6041200457770515,4.722994026830677,True,False,0
1.717,4.3865020293891455,4.561023758297068,4.678268311259857,True,False,0
1.718,4.329995054703695,4.455677277790471,4.623928134029477,True,False,0
1.719,4.272599276629824,4.455677277790471,4.578206316384441,True,False,0
1.72,4.214328931500611,4.383850131990528,4.528344190102233,True,False,0
1.721,4.155198430937038,4.3407538445105445,4.4795551267849625,True,False,0
1.722,4.095222358345125,4.426946419470511,4.452174169870441,True,False,0
1.723,4.034415465379704,4.144426312657345,4.384328108677672,True,False,0
1.724,3.972792668375664,4.144426312657345,4.327242442124943,True,False,0
1.725,3.910369044747517,4.072599166857401,4.267818774935342,True,False,0
1.726,3.8471598293581524,4.0151374502174235,4.2087062733728535,True,False,0
1.727,3.783180410857623,3.871483158617508,4.136185432278415,True,False,0
1.728,3.718446327992861,3.8810601113908376,4.076685312587152,True,False,0
1.729,3.652973265889163,3.8666946822308432,4.024343561024182,True,False,0
1.73,3.5867770523043476,3.78529058365757,3.9673925172267204,True,False,0
1.731,3.519873653856456,3.593751528191035,3.8890957962607238,True,False,0
1.732,3.452279172225897,3.6703671503776434,3.835368194232953,True,False,0
1.733,3.3840098403328995,3.5602321934843815,3.7726943779624884,True,False,0
1.734,3.315082018491205,3.3447507560845224,3.6857852519562653,True,False,0
1.735,3.245512190538881,3.225038846417931,3.593673599948208,True,False,0
1.736,3.1753169599471547,3.2920775158312097,3.5268032108148963,True,False,0
1.737,3.104513045908192,3.3399622796978576,3.4781330047364163,True,False,0
1.738,3.0331172794027133,3.0574421728846914,3.3923741722262584,True,False,0
1.739,2.9611465992483796,3.119692365911334,3.33008959153064,True,False,0
1.74,2.8886180481298513,3.0478652201113903,3.2662915586965244,True,False,0
1.741,2.8155487686114458,2.8659031174181564,3.1837526881246854,True,False,0
1.742,2.7419559991333173,2.832383782711503,3.10898832268561,True,False,0
1.743,2.6678570699920847,2.880268546578151,3.053676126029584,True,False,0
1.744,2.593269399306827,2.827595306324838,2.9987824682221196,True,False,0
1.745,2.5182104889713814,2.6695755855649566,2.9275330026413977,True,False,0
1.746,2.442697920593879,2.5354982467383707,2.846319027719462,True,False,0
1.747,2.3667493514244375,2.5211328175783763,2.77570724135299,True,False,0
1.748,2.290382510271956,2.315228332951847,2.683638014427696,True,False,0
1.749,2.2136151934109405,2.2721320454718636,2.5993359024365623,True,False,0
1.75,2.1364652604792944,2.262555092698534,2.5268852109787265,True,False,0
1.7510000000000001,2.058950630368017,2.3248052857251764,2.475798098333479,True,False,0
1.752,1.9810892771037345,2.090169942778658,2.395600211108246,True,False,0
1.7530000000000001,1.902899225725011,2.1428431830319425,2.3364757029827015,True,False,0
1.754,1.8243985481533713,1.831592217898816,2.2373639040859463,True,False,0
1.7550000000000001,1.7456053590599714,1.9082078400854243,2.1661224983511596,True,False,0
1.756,1.6665378117288514,1.8699000289921344,2.1001043652578124,True,False,0
1.7570000000000001,1.587214093917709,1.5730144930189738,1.9974706303029288,True,False,0
1.758,1.507652423717129,1.5490721110856782,1.9073173547643278,True,False,0
1.7590000000000001,1.4278710454091932,1.5730144930189738,1.8352596661990686,True,False,0
1.76,1.3478882253264182,1.458091059739047,1.7564034646242113,True,False,0
1.7610000000000001,1.2677222477119328,1.3383791500724556,1.6710675421247119,True,False,0
1.762,1.1873914105818422,1.2138787640191993,1.5795201303169901,True,False,0
1.7630000000000001,1.1069140215906919,1.2809174334325064,1.5131244928106122,True,False,0
1.764,1.0263083939009636,1.0989553307392725,1.4283999980249331,True,False,0
1.7650000000000001,0.9455928420575253,0.8643199877927827,1.3198996220948769,True,False,0
1.766,0.8647856778679514,0.9600895155260503,1.2437964809911004,True,False,0
1.7670000000000001,0.7839052062896361,0.9792434210727095,1.1828011205923976,True,False,0
1.768,0.7029697213246082,0.8308006530861292,1.1079365893184627,True,False,0
1.7690000000000001,0.621997501922966,0.7302426489661968,1.0289970697160153,True,False,0
1.77,0.5410068078958336,0.5865883573662813,0.9397937783707335,True,False,0
1.7710000000000001,0.4600158758387471,0.5865883573662813,0.8647381413061984,True,False,0
1.772,0.3790429150663712,0.40941473105971227,0.7734865770975723,True,False,0
1.7730000000000001,0.2981061035594416,0.1412600534065689,0.6541781547567364,True,False,0
1.774,0.21722358392482766,0.3998377782864111,0.5948025273580491,True,False,0
1.7750000000000001,0.1364134593696036,0.2513950102998308,0.5213008392074697,True,False,0
1.776,0.05569378969001171,0.09337528953992091,0.4343945794563052,True,False,0
1.7770000000000001,-0.02491741272380157,0.16041395895322808,0.37190400665174334,True,False,0
1.778,-0.10540218686640422,0.03112509651330697,0.2988192159203086,True,False,0
1.7790000000000001,-0.18574262707818037,-0.059855954833295755,0.22289607579298093,True,False,0
1.78,-0.2659208869880512,0.007182714579982985,0.16964669832875523,True,False,0
1.7810000000000001,-0.34591918343695743,-0.2609719630731888,0.0823133106859733,True,False,0
1.782,-0.4257198003812487,-0.2897028213931492,0.004274292256849929,True,False,0
1.7830000000000001,-0.5053050927751327,-0.3854723491264451,-0.07657678738743694,True,False,0
1.784,-0.5846574904313436,-0.4285686366063999,-0.15143995179981945,True,False,0
1.7850000000000001,-0.6637595018591922,-0.5626459754329858,-0.23569449242150925,True,False,0
1.786,-0.7425937180791717,-0.6296846448462929,-0.31721859350083637,True,False,0
1.7870000000000001,-0.8211428164132943,-0.7350311253528901,-0.4025209272350241,True,False,0
1.788,-0.8993895642503434,-0.8260121766994928,-0.4887239063638695,True,False,0
1.7890000000000001,-0.9773168227852331,-0.8260121766994928,-0.4887239063638695,False,False,1
1.79,-1.0549075507316732,-1.060647519646011,-0.5984682788168472,True,False,0
1.7910000000000001,-1.132144808007343,-1.1085322835126306,-0.6984017088368314,True,False,0
1.792,-1.20901175939079,-0.9696664682994083,-0.7604615457066976,True,False,0
1.793,-1.2854916781492707,-1.1181092362859602,-0.8362217273370047,True,False,0
1.794,-1.3615679496367612,-1.194724858472597,-0.9121175819572449,True,False,0
1.795,-1.437224074861379,-1.338379150072484,-0.9987599340052676,True,False,0
1.796,-1.512443674021449,-1.2857059098191996,-1.0633068139460204,True,False,0
1.797,-1.58721049000948,-1.386263913939132,-1.133565063136323,True,False,0
1.798,-1.6615083918832954,-1.5490721110857066,-1.2185017468063382,True,False,0
1.799,-1.7353213783036052,-1.467668012512405,-1.2770567595259137,True,False,0
1.8,-1.8086335809372778,-1.6161107804989854,-1.349867982598396,True,False,0
1.801,-1.8814292678256155,-1.6448416388189742,-1.4156880537561627,True,False,0
1.802,-1.9536928467169152,-1.9369386984054415,-1.5173956864119291,True,False,0
1.803,-2.025408868362627,-1.9465156511787711,-1.6044913805621799,True,False,0
1.804,-2.0965620297764187,-1.9896119386587543,-1.684608762760695,True,False,0
1.805,-2.1671371774554755,-1.994400415045419,-1.7527789701330274,True,False,0
1.806,-2.2371193105633598,-2.3343822384985344,-1.8640585372140404,True,False,0
1.807,-2.306493584073779,-2.233824234378602,-1.9417406363560794,True,False,0
1.808,-2.375245311874607,-2.382267002365154,-2.0306453873127426,True,False,0
1.809,-2.4433599698315347,-2.3104398565652104,-2.094058037328879,True,False,0
1.81,-2.5108231988106957,-2.401420907911813,-2.1618430395891344,True,False,0
1.811,-2.5776208076596814,-2.5019789120317455,-2.2348258444535363,True,False,0
1.812,-2.6437387761463094,-2.5785945342183823,-2.30838481464508,True,False,0
1.813,-2.7091632578545655,-2.5738060578317175,-2.369517869029579,True,False,0
1.814,-2.773880583037124,-2.5738060578317175,-2.420955212577465,True,False,0
1.815,-2.8378772614238734,-2.8563261646448552,-2.5090423141736493,True,False,0
1.816,-2.901139984985881,-2.8228068299382016,-2.5778426182405045,True,False,0
1.817,-2.963655630654242,-2.688729491111644,-2.6144665002307477,True,False,0
1.818,-3.0254112629932695,-2.8994224521248384,-2.6786977621040085,True,False,0
1.819,-3.0863941368274905,-2.9377302632181284,-2.738817561116786,True,False,0
1.82,-3.1465916998219337,-3.076596078431379,-2.8114264891335385,True,False,0
1.821,-3.2059915950151883,-3.0478652201113903,-2.8679629130940514,True,False,0
1.822,-3.264581663304743,-2.990403503471441,-2.906419216270449,True,False,0
1.823,-3.3223499458841204,-3.2489812283512833,-2.9797868072152833,True,False,0
1.824,-3.3792846866313173,-3.2489812283512833,-3.041518288141699,True,False,0
1.825,-3.4353743344481034,-3.2729236102846073,-3.0972564127684485,True,False,0
1.826,-3.490607545549715,-3.430943331044489,-3.1692164126147278,True,False,0
1.827,-3.5449731857045084,-3.339962279697886,-3.2153339393229317,True,False,0
1.828,-3.598460332423148,-3.4788280949111368,-3.2761613573491735,True,False,0
1.829,-3.651058277096891,-3.622482386511024,-3.350125128920256,True,False,0
1.83,-3.702756527084609,-3.6129054337377227,-3.4108393301160405,True,False,0
1.831,-3.753544807748092,-3.5889630518043987,-3.45812698557974,True,False,0
1.832,-3.803413064435323,-3.7038864850843254,-3.5161416847110276,True,False,0
1.833,-3.852351464411291,-3.7852905836575985,-3.5778659458119364,True,False,0
1.834,-3.900350398736039,-3.7661366781109393,-3.6267629185546006,True,False,0
1.835,-3.9474004840895707,-3.818809918364252,-3.676258807844026,True,False,0
1.836,-3.9934925645432995,-3.751771248950945,-3.7072723000893335,True,False,0
1.837,-4.038617713277715,-3.818809918364252,-3.7439993903901514,True,False,0
1.838,-4.082767234245972,-3.933733351644179,-3.7931284314464064,True,False,0
1.839,-4.1259326637831,-4.0486567849241055,-3.8526924721619156,True,False,0
1.84,-4.168105772160545,-4.029502879377446,-3.8997718357695272,True,False,0
1.841,-4.209278565085802,-4.034291355764111,-3.940143858845139,True,False,0
1.842,-4.249443285146854,-4.144426312657373,-3.9915802928228374,True,False,0
1.843,-4.288592413201201,-4.182734123750691,-4.04093452540472,True,False,0
1.844,-4.326718669709223,-4.211464982070652,-4.087017887991114,True,False,0
1.845,-4.363815016011686,-4.177945647364027,-4.120476251834385,True,False,0
1.846,-4.399874655551177,-4.297657557030618,-4.167614439912768,True,False,0
1.847,-4.43489103503727,-4.321599938963914,-4.211073769945053,True,False,0
1.848,-4.468857845555258,-4.3742731792172265,-4.255994427406126,True,False,0
1.849,-4.501769023618275,-4.470042706950494,-4.30897972268861,True,False,0
1.85,-4.533618752162676,-4.465254230563829,-4.352802089835336,True,False,0
1.851,-4.564401461486506,-4.3742731792172265,-4.375244616261563,True,False,0
1.852,-4.594111830130953,-4.5418698527504375,-4.420708610390561,True,False,0
1.853,-4.622744785704681,-4.3742731792172265,-4.4323811533135435,True,False,0
1.854,-4.650295505650906,-4.517927470817142,-4.464986019735915,True,False,0
1.855,-4.676759417957184,-4.656793286030364,-4.514443887256845,True,False,0
1.856,-4.702132201807769,-4.513138994430477,-4.533274139771119,True,False,0
1.857,-4.726409788178555,-4.623273951323739,-4.5665853309624165,True,False,0
1.858,-4.749588360374482,-4.556235281910432,-4.583981020454794,True,False,0
1.859,-4.77166435450944,-4.484408136110488,-4.587225955993736,True,False,0
1.86,-4.792634459928583,-4.556235281910432,-4.601348039516225,True,False,0
1.861,-4.812495619573102,-4.709466526283677,-4.637532855089524,True,False,0
1.862,-4.831245030287421,-4.704678049897012,-4.667219300920501,True,False,0
1.863,-4.848880143068849,-4.709466526283677,-4.692956925371925,True,False,0
1.864,-4.865398663259734,-4.6136969985504095,-4.6994234987688195,True,False,0
1.865,-4.880798550682122,-4.75256281376366,-4.726888610134457,True,False,0
1.866,-4.895078019715011,-4.747774337376995,-4.749238298044843,True,False,0
1.867,-4.908235539314265,-4.824389959563604,-4.780194570597829,True,False,0
1.868,-4.920269832975248,-4.632850904097069,-4.775863053514026,True,False,0
1.869,-4.931179878638299,-4.786082148470285,-4.796521012076198,True,False,0
1.87,-4.940964908537137,-4.680735667963688,-4.797194649265248,True,False,0
1.871,-4.949624408990314,-4.910582534523542,-4.834215192164205,True,False,0
1.872,-4.9571581201358725,-4.76213976653699,-4.841821228439023,True,False,0
1.873,-4.963566035609322,-4.867486247043587,-4.864928912617003,True,False,0
1.874,-4.968848402165109,-4.910582534523542,-4.891206792028887,True,False,0
1.875,-4.973005719241743,-4.824389959563604,-4.899646841902712,True,False,0
1.8760000000000001,-4.976038738470773,-4.838755388723598,-4.9090266577465895,True,False,0
1.877,-4.97794846312979,-4.819601483176939,-4.913881021452004,True,False,0
1.8780000000000001,-4.97873614753968,-4.810024530403609,-4.9164465763783,True,False,0
1.879,-4.978403296406329,-4.795659101243615,-4.916326874898995,True,False,0
1.8800000000000001,-4.976951664107039,-4.991986633096843,-4.947363731655193,True,False,0
1.881,-4.974383253921865,-4.968044251163519,-4.969680873590698,True,False,0
1.8820000000000001,-4.970700317210145,-4.75256281376366,-4.954283128125164,True,False,0
1.883,-4.9659053525325,-4.742985860990331,-4.93980856118149,True,False,0
1.8840000000000001,-4.960001104718558,-4.905794058136877,-4.95345106501467,True,False,0
1.885,-4.952990563880729,-5.006352062256809,-4.98087837915194,True,False,0
1.8860000000000001,-4.944876964374281,-4.786082148470285,-4.9690208788601,True,False,0
1.887,-4.935663783704092,-4.819601483176939,-4.964360150842371,True,False,0
1.8880000000000001,-4.9253547413783565,-4.7812936720836205,-4.954362990819387,True,False,0
1.889,-4.913953797709609,-4.905794058136877,-4.965697160109468,True,False,0
1.8900000000000001,-4.901465152563399,-4.738197384603666,-4.948652873108873,True,False,0
1.891,-4.887893244054993,-4.661581762417029,-4.922160564151415,True,False,0
1.8920000000000001,-4.873242747194451,-4.656793286030364,-4.899110486025893,True,False,0
1.893,-4.857518572480486,-4.642427856870398,-4.877437794421219,True,False,0
1.8940000000000001,-4.840725864443487,-4.757351290150325,-4.877429267017357,True,False,0
1.895,-4.8228700001380975,-4.59454309300375,-4.8516006895928685,True,False,0
1.8960000000000001,-4.803956587585785,-4.771716719310291,-4.857968289610977,True,False,0
1.897,-4.7839914641678165,-4.704678049897012,-4.852693645197377,True,False,0
1.8980000000000001,-4.762980694969075,-4.738197384603666,-4.853571731209871,True,False,0
1.899,-4.7409305710731635,-4.695101097123683,-4.847475475536072,True,False,0
1.9000000000000001,-4.717847607809255,-4.747774337376995,-4.850700070002345,True,False,0
1.901,-4.693738542951156,-4.599331569390415,-4.829870199915845,True,False,0
1.9020000000000001,-4.668610334869049,-4.5897546166170855,-4.810825044063492,True,False,0
1.903,-4.642470160634424,-4.537081376363801,-4.786446469398299,True,False,0
1.9040000000000001,-4.615325414078667,-4.527504423590472,-4.764415434001694,True,False,0
1.905,-4.58718370380583,-4.450888801403835,-4.733727275629955,True,False,0
1.9060000000000001,-4.558052851160096,-4.235407364003976,-4.673730877778849,True,False,0
1.907,-4.527940888148456,-4.479619659723824,-4.661982020583842,True,False,0
1.9080000000000001,-4.496856055319137,-4.307234509803948,-4.624756225260897,True,False,0
1.909,-4.464806799596327,-4.393427084763886,-4.607104600445817,True,False,0
1.9100000000000001,-4.431801772071749,-4.41736946669721,-4.596049790823909,True,False,0
1.911,-4.397849825753634,-4.345542320897238,-4.57535648032256,True,False,0
1.9120000000000001,-4.36296001327368,-4.3503307972839025,-4.5587045847276615,True,False,0
1.913,-4.327141584552564,-4.2641382223239646,-4.531023527817441,True,False,0
1.9140000000000001,-4.2904039844245965,-4.292869080643953,-4.512289408424386,True,False,0
1.915,-4.252756850222112,-4.096541548790725,-4.4653889493802605,True,False,0
1.9160000000000001,-4.214210009320214,-4.067810690470765,-4.421370191510924,True,False,0
1.917,-4.174773476642457,-4.019925926604117,-4.376738284558494,True,False,0
1.9180000000000001,-4.134457452128107,-4.0869645960173955,-4.3498173463822996,True,False,0
1.919,-4.093272318161606,-3.818809918364252,-4.284636703933971,True,False,0
1.92,-4.051228636964872,-4.0725991668574295,-4.270044730075689,True,False,0
1.921,-4.008337147953063,-3.775713630884269,-4.210680958425519,True,False,0
1.922,-3.9646087650544795,-3.9002140169375252,-4.180478067484785,True,False,0
1.923,-3.9200545739952406,-3.7182519142443198,-4.126206144679722,True,False,0
1.924,-3.8746858295494144,-3.641636292057683,-4.068390508078496,True,False,0
1.925,-3.8285139527552503,-3.670367150377672,-4.024301157479614,True,False,0
1.926,-3.7815505280982173,-3.660790197604342,-3.9856854779243878,True,False,0
1.927,-3.7338073006615056,-3.660790197604342,-3.9856854779243878,False,False,1
1.928,-3.685296173244701,-3.7613482017242745,-3.9691427637487995,True,False,0
1.929,-3.6360292034513124,-3.531501335164421,-3.918769981656778,True,False,0
1.93,-3.586018600745866,-3.4548857129778128,-3.8642350815150306,True,False,0
1.931,-3.5352767234812643,-3.497982000457796,-3.8251845011630596,True,False,0
1.932,-3.4838160758971286,-3.3064429449912325,-3.761949227677189,True,False,0
1.933,-3.4316493050898407,-3.3016544686045677,-3.7079836242528845,True,False,0
1.934,-3.3787891979550113,-3.2872890394445733,-3.660298613915445,True,False,0
1.935,-3.3252486781030903,-3.2154618936446298,-3.608784657571962,True,False,0
1.936,-3.2710408027488778,-3.2489812283512833,-3.5707569928886698,True,False,0
1.937,-3.216178759575646,-3.0478652201113903,-3.5068634944781505,True,False,0
1.938,-3.160675863574637,-2.928153310444827,-3.4341171883624275,True,False,0
1.939,-3.104545553860675,-2.908999404898168,-3.3698706443506787,True,False,0
1.94,-3.047801390464638,-2.908999404898168,-3.3698706443506787,False,False,1
1.941,-2.990457051103562,-2.889845499351509,-3.312775799003741,True,False,0
1.942,-2.932526327929117,-2.798864448004906,-3.25030659672289,True,False,0
1.943,-2.8740231242552414,-2.818018353551537,-3.200782830573913,True,False,0
1.944,-2.8149614512656735,-2.7222488258182693,-3.143924480274763,True,False,0
1.945,-2.7553554247021785,-2.7701335896849173,-3.103678402293801,True,False,0
1.946,-2.695219261534229,-2.559440628671723,-3.0363994252123234,True,False,0
1.947,-2.634567276610913,-2.597748439765013,-2.985866527262937,True,False,0
1.948,-2.5734138792958605,-2.4157863370718076,-2.9144889393579776,True,False,0
1.949,-2.511773570085961,-2.3104398565652104,-2.837723880412655,True,False,0
1.95,-2.449660937214663,-2.272132045471892,-2.767058146267952,True,False,0
1.951,-2.387090653240635,-2.248189663538568,-2.703802742212589,True,False,0
1.952,-2.3240774716225867,-2.185939470511954,-2.640706764764692,True,False,0
1.953,-2.260636223281029,-2.1476316594186358,-2.5815421939112078,True,False,0
1.954,-2.1967818131477763,-2.185939470511954,-2.537836756245607,True,False,0
1.955,-2.132529216703981,-2.037496702525374,-2.477519963580402,True,False,0
1.956,-2.0678934765074914,-1.9896119386587543,-2.4191748923931624,True,False,0
1.957,-2.002889698710343,-1.8794769817654924,-2.352615938207233,True,False,0
1.958,-1.9375330495671603,-1.8555345998321684,-2.292815978244135,True,False,0
1.959,-1.8718387519352875,-1.8076498359655204,-2.2349057700213333,True,False,0
1.96,-1.8058220817674369,-1.8076498359655204,-2.186180128790471,True,False,0
1.961,-1.7394983645976576,-1.5873799221789966,-2.1102475423296885,True,False,0
1.962,-1.6728829720214224,-1.649630115205639,-2.0562307637080317,True,False,0
1.963,-1.6059913181706367,-1.443725630579081,-1.9781245740159314,True,False,0
1.964,-1.5388388561843664,-1.4963988708323939,-1.920760019906975,True,False,0
1.965,-1.4714410746760875,-1.2665520042725404,-1.8360397473116503,True,False,0
1.966,-1.403813494198252,-1.2617635278858756,-1.763996668592749,True,False,0
1.967,-1.3359716637049754,-1.098955330739301,-1.6775582296029437,True,False,0
1.968,-1.2679311570136402,-1.1181092362859602,-1.6078667509849587,True,False,0
1.969,-1.1997075692662114,-0.9936088502327038,-1.529482572106641,True,False,0
1.97,-1.1313165133910636,-0.9840318974593742,-1.4620112287556868,True,False,0
1.971,-1.0627736165661106,-1.036705137712687,-1.4135948328949335,True,False,0
1.972,-0.9940945166840348,-0.8643199877927827,-1.3455169755836711,True,False,0
1.973,-0.9252948588204041,-0.8691084641794475,-1.2889957288225007,True,False,0
1.974,-0.8563902917054691,-0.7206656961928957,-1.2178957161476014,True,False,0
1.975,-0.7873964642004249,-0.5051842587930366,-1.1238967896460383,True,False,0
1.976,-0.7183290217789285,-0.6584155031662533,-1.069108602261349,True,False,0
1.977,-0.6492036030146476,-0.6105307392996338,-1.01541529879646,True,False,0
1.978,-0.5800358360756281,-0.4333571129930647,-0.9421379991393557,True,False,0
1.979,-0.5108413352262554,-0.4285686366063999,-0.8797230362762467,True,False,0
1.98,-0.4416356973375832,-0.22745262836653524,-0.7953100685326564,True,False,0
1.981,-0.3724344984068049,-0.17477938811322247,-0.7159310259360592,True,False,0
1.982,-0.3032532900866345,-0.07900986037995494,-0.6339524501416368,True,False,0
1.983,-0.23410759622536237,-0.07900986037995494,-0.6339524501416368,False,False,1
1.984,-0.1650129094183485,-0.05506747844665938,-0.5611784226787266,True,False,0
1.985,-0.09598468757171137,0.16520243533989287,-0.46501152735108636,True,False,0
1.986,-0.027038350478966397,0.1077407186999153,-0.39321015101910595,True,False,0
1.987,0.04181072358863608,0.2849143450064844,-0.3046967213431011,True,False,0
1.988,0.11054720127732613,0.2322411047531716,-0.23857551694360823,True,False,0
1.989,0.17915579753084276,0.33758758525976873,-0.16623317835656504,True,False,0
1.99,0.24762127895453667,0.5961653101396109,-0.0643538818795572,True,False,0
1.991,0.3159284671628163,0.42856863660637146,-0.005213511323083793,True,False,0
1.992,0.38406224210920886,0.4046262546730759,0.0407499232572456,True,False,0
1.993,0.4520075453983134,0.4812418768596842,0.09157479900933241,True,False,0
1.994,0.5197493835789299,0.4956073060196786,0.13661720151549728,True,False,0
1.995,0.5872728314176495,0.6967233142595433,0.20641289936502666,True,False,0
1.996,0.6545630351522026,0.7398196017395264,0.2719740670564028,True,False,0
1.997,0.7216052157238605,0.8068582711528052,0.3377695667241606,True,False,0
1.998,0.7883846719881975,0.9457240863660559,0.4151540284910997,True,False,0
1.999,0.8548867839035231,0.8978393224994079,0.4726707738368938,True,False,0
2.0,0.9210970156963008,1.003185803006005,0.4726707738368938,False,False,1
2.001,0.9870009190028759,1.161205523765915,0.4726707738368938,False,False,2
2.0020000000000002,1.0525841359868455,1.3671100083924443,0.4726707738368938,False,False,3
2.003,1.1178324024313975,1.1276861890592613,0.4726707738368938,False,False,4
2.004,1.1827315508059697,1.1420516182192557,0.4726707738368938,False,True,5
2.005,1.2472675133065763,1.5203412527656894,0.4726707738368938,False,True,6
2.0060000000000002,1.3114263248691522,1.4102062958724275,0.4726707738368938,False,True,7
2.007,1.375194126155284,1.5586490638589794,0.4726707738368938,False,True,8
2.008,1.4385571665096957,1.5107642999923598,0.6182753412192491,True,False,0
2.009,1.5015018068888666,1.7118803082322245,0.7726840307593649,True,False,0
2.0100000000000002,1.5640145227601656,1.8028613595788272,0.9170330881550488,True,False,0
2.011,1.626081906970896,1.6927264026855653,1.0210209458703239,True,False,0
2.012,1.687690672586648,1.9704580331120667,1.1525645898428185,True,False,0
2.013,1.7488276556983708,1.8938424109254584,1.2510941455620697,True,False,0
2.0140000000000002,1.8094798181975762,2.0183427969786862,1.3537426785455882,True,False,0
2.015,1.869634250519099,1.7837074540321964,1.4028979424000811,True,False,0
2.016,1.9292781743508483,1.941727174792078,1.4693191240983123,True,False,0
2.017,1.9883989453099846,2.133266230258613,1.5555840177910305,True,False,0
2.0180000000000002,2.046984055584978,2.114112324711982,1.6251294754199286,True,False,0
2.019,2.1050211365430003,2.114112324711982,1.6251294754199286,False,False,1
2.02,2.162497961302117,2.2817089982451932,1.710225869382012,True,False,0
2.021,2.219402447267754,2.2386127107652385,1.774990886429495,True,False,0
2.0220000000000002,2.2757226586329256,2.286497474631858,1.837078692999957,True,False,0
2.023,2.3314468088417106,2.468459577325092,1.9181785794288664,True,False,0
2.024,2.386563263015479,2.578594534218354,2.003883432028326,True,False,0
2.025,2.441060540341386,2.4588826245517623,2.0570091578693184,True,False,0
2.0260000000000002,2.4949273164226446,2.4924019592583875,2.1070253073787777,True,False,0
2.027,2.5481524255901036,2.7366142549782353,2.187840992396444,True,False,0
2.028,2.6007248631746878,2.573806057831689,2.2300178961829182,True,False,0
2.029,2.6526337877402195,2.722248825818241,2.2890485806525307,True,False,0
2.0300000000000002,2.7038685232762076,2.8228068299381732,2.354665503732383,True,False,0
2.031,2.7544185613501475,2.9712495979247535,2.4334186172103616,True,False,0
2.032,2.8042735632189246,2.9712495979247535,2.4996814760551764,True,False,0
2.033,2.853423361898903,2.9425187396047647,2.55087831828757,True,False,0
2.0340000000000003,2.901857964194289,2.9425187396047647,2.5939553342977875,True,False,0
2.035,2.949567552683389,3.09574998397801,2.654502826082383,True,False,0
2.036,2.996542487662367,2.9329417868314636,2.67962607487123,True,False,0
2.037,3.042773309046137,3.2346157991912605,2.748610312812752,True,False,0
2.0380000000000003,3.0882507382260176,3.248981228351255,2.8089320001665805,True,False,0
2.039,3.132965679883806,3.28250056305788,2.865002830702856,True,False,0
2.04,3.176909223761921,3.3255968505378632,2.91901589692525,True,False,0
2.041,3.2200726463892915,3.3016544686045393,2.9606652183443405,True,False,0
2.0420000000000003,3.2624474127626546,3.335173803311193,3.0010251227522424,True,False,0
2.043,3.3040251779829686,3.416577901884466,3.047894642001999,True,False,0
2.044,3.3447977888466305,3.526712858777728,3.104798068366639,True,False,0
2.045,3.384757285391208,3.6895210559243026,3.1784980059486174,True,False,0
2.0460000000000003,3.423895902395413,3.4931935240711027,3.2093715497253874,True,False,0
2.047,3.4622060708330378,3.550655240711052,3.2444619813764954,True,False,0
2.048,3.499680419280608,3.5362898115510575,3.271708706698384,True,False,0
2.049,3.5363117752784974,3.7134634378576266,3.322733859144724,True,False,0
2.05,3.572093166645264,3.679944103150973,3.3603502442962143,True,False,0
2.051,3.6070178227449996,3.833175347524218,3.416303162027599,True,False,0
2.052,3.641079175707458,3.871483158617508,3.469457563418411,True,False,0
2.053,3.6742708616007693,3.656001721217649,3.4800062838157055,True,False,0
2.054,3.706586721556549,4.1013300251773614,3.5595111059868554,True,False,0
2.055,3.7380208028472084,4.1013300251773614,3.5595111059868554,False,False,1
2.056,3.768567359915314,3.8188099183642237,3.5815987246104766,True,False,0
2.057,3.7982208553548245,3.9864065918974347,3.626764099363193,True,False,0
2.058,3.826975960844052,4.034291355764083,3.6723607696035367,True,False,0
2.059,3.854827558030221,3.837963823910883,3.6795882281057537,True,False,0
2.06,3.881770739365503,3.938521828030815,3.7016179239841898,True,False,0
2.061,3.907800808894389,4.0630222140840715,3.739899485423184,True,False,0
2.062,3.9329132829923172,3.9289448752574856,3.7508449015653818,True,False,0
2.063,3.957103891055462,4.072599166857401,3.782837963614445,True,False,0
2.064,3.9803685761415846,4.0390798321507475,3.804440750524271,True,False,0
2.065,4.00270349556189,4.034291355764083,3.8218578794441287,True,False,0
2.066,4.024105021423834,4.149214789044009,3.8547395216512808,True,False,0
2.067,4.044569741124815,4.091753072404032,3.8732926947150323,True,False,0
2.068,4.0640944577967275,4.072599166857401,3.885865519923101,True,False,0
2.069,4.082676190701347,4.125272407110685,3.904798276474714,True,False,0
2.07,4.10031217557653,4.201888029297294,3.93287954345256,True,False,0
2.071,4.1169998649332165,4.268926698710601,3.967139459816778,True,False,0
2.072,4.132736928303269,4.163580218204004,3.97925778242899,True,False,0
2.073,4.147521252438133,4.283292127870595,4.008440462751713,True,False,0
2.074,4.161350941458365,4.312022986190584,4.037551484042637,True,False,0
2.075,4.174224316954074,4.33596536812388,4.065842758420293,True,False,0
2.076,4.186139918036312,4.321599938963885,4.087368673747788,True,False,0
2.077,4.197096501339476,4.283292127870595,4.099404951832488,True,False,0
2.078,4.207093040974826,4.264138222323936,4.106494462501831,True,False,0
2.079,4.216128728435148,4.182734123750663,4.099548874569554,True,False,0
2.08,4.2242029724507075,4.426946419470511,4.132436961541048,True,False,0
2.081,4.231315398796568,4.47483118333713,4.167703523531485,True,False,0
2.082,4.237465850051406,4.407792513923852,4.186744461745226,True,False,0
2.083,4.24265438530794,4.3407538445105445,4.1921331623457165,True,False,0
2.084,4.246881279835119,4.331176891737215,4.195148308262011,True,False,0
2.085,4.250147024692211,4.47483118333713,4.2204688420341165,True,False,0
2.086,4.252452326294959,4.441311848630477,4.236457364569777,True,False,0
2.087,4.253798105933968,4.441311848630477,4.249910105231438,True,False,0
2.088,4.254185499245498,4.431734895857147,4.259710333345678,True,False,0
2.089,4.2536158556348695,4.3024460334172545,4.247451012560915,True,False,0
2.09,4.252090737652667,4.426946419470511,4.256881800097283,True,False,0
2.091,4.249611920323954,4.436523372243812,4.266335769460339,True,False,0
2.092,4.2461813904307295,4.28808060425726,4.2507472945549045,True,False,0
2.093,4.241801345747849,4.403004037537187,4.2558580262446615,True,False,0
2.094,4.236474194232647,4.221041934843953,4.2312989806621255,True,False,0
2.095,4.230202553168533,4.422157943083846,4.242532029666215,True,False,0
2.096,4.222989248262799,4.3407538445105445,4.239072814318685,True,False,0
2.097,4.214837312698917,4.211464982070623,4.215656999629536,True,False,0
2.098,4.205749986143625,4.407792513923852,4.227092509936258,True,False,0
2.099,4.195730713709063,4.379061655603863,4.232157628652337,True,False,0
2.1,4.184783144870285,4.312022986190584,4.225787076650417,True,False,0
2.101,4.17291113233844,4.3024460334172545,4.218907989044986,True,False,0
2.102,4.1601187308899545,4.345542320897209,4.219955002804156,True,False,0
2.103,4.146410196152039,4.3024460334172545,4.2140008829131705,True,False,0
2.104,4.131789983344856,4.345542320897209,4.21582616438001,True,False,0
2.105,4.116262745980699,4.32638841535055,4.214324143900004,True,False,0
2.106,4.099833334520547,4.3024460334172545,4.209263079005962,True,False,0
2.107,4.082506794988338,4.307234509803919,4.205764152714227,True,False,0
2.108,4.064288367543374,4.091753072404032,4.168644770994294,True,False,0
2.109,4.045183485011195,4.197099552910657,4.154120494625217,True,False,0
2.11,4.02519777137336,4.144426312657345,4.133545787335226,True,False,0
2.111,4.004337040216492,4.0630222140840715,4.103323530218256,True,False,0
2.112,3.9826072931410437,4.072599166857401,4.079413433265818,True,False,0
2.113,3.960014718130158,4.1013300251773614,4.063852199062394,True,False,0
2.114,3.9365656878790825,3.976829639124105,4.0310132003867665,True,False,0
2.115,3.9122667580855466,4.086964596017367,4.020849890735997,True,False,0
2.116,3.8871246657015766,3.9720411627374403,3.994071611063811,True,False,0
2.117,3.8611463271471567,3.814021441977559,3.9464784207777477,True,False,0
2.118,3.834338836486235,3.9576757335774744,3.929217107432336,True,False,0
2.119,3.806709463565524,4.0390798321507475,3.9276041419924956,True,False,0
2.12,3.778265652116555,3.9337333516441504,3.909539026790485,True,False,0
2.121,3.749015017821506,3.837963823910883,3.8791499810697503,True,False,0
2.122,3.7189653463432446,3.6895210559243026,3.8300375987547675,True,False,0
2.123,3.6881245913201304,3.78529058365757,3.8039035073075835,True,False,0
2.124,3.656500872326042,3.6943095323109674,3.7674846790981285,True,False,0
2.125,3.624102472796159,3.6943095323109674,3.73684188205352,True,False,0
2.126,3.590937837919016,3.6416362920576546,3.7027050536848662,True,False,0
2.1270000000000002,3.557015572495349,3.837963823910883,3.7051199045567467,True,False,0
2.128,3.522344438764257,3.5650206698710463,3.6638629379634167,True,False,0
2.129,3.4869333541972387,3.5985400045777,3.6344655030446553,True,False,0
2.13,3.4507913892606275,3.4931935240711027,3.5930225390459154,True,False,0
2.1310000000000002,3.4139277651469824,3.593751528191035,3.5741009481285575,True,False,0
2.132,3.376351851475998,3.5554437170977167,3.552104700023963,True,False,0
2.133,3.3380731639654817,3.4309433310444604,3.513851281537277,True,False,0
2.134,3.299101362072982,3.4692511421377787,3.4877404845959568,True,False,0
2.1350000000000002,3.259446246608632,3.459674189364449,3.464251957614554,True,False,0
2.136,3.219117757319792,3.28250056305788,3.4163889527348115,True,False,0
2.137,3.1781259704480744,3.28250056305788,3.376117027014416,True,False,0
2.138,3.136481096259342,3.2585581811245845,3.3384349691854185,True,False,0
2.1390000000000002,3.0941934765472823,3.248981228351255,3.3052103848852012,True,False,0
2.14,3.051273582111143,3.028711314564731,3.24232038559309,True,False,0
2.141,3.0077320102082514,3.0191343617914015,3.1878858428141426,True,False,0
2.142,2.9635794819819186,3.0622306492713562,3.148919703133419,True,False,0
2.1430000000000002,2.918826839865346,3.0382882673380607,3.11233633349854,True,False,0
2.144,2.8734850449621523,2.980826550698083,3.072441655156023,True,False,0
2.145,2.827565174404151,2.846749211871497,3.017609593902242,True,False,0
2.146,2.781078418686997,2.980826550698083,2.9927385894930483,True,False,0
2.1470000000000002,2.7340360789843414,2.789287495231548,2.941434009254482,True,False,0
2.148,2.686449564441128,2.9473072159914295,2.9233282919549755,True,False,0
2.149,2.638330389446675,2.6408447272449678,2.8594891510292832,True,False,0
2.15,2.5896901708881774,2.659998632791627,2.80881271869303,True,False,0
2.1510000000000002,2.540540625385286,2.6025369161516494,2.7570601393326264,True,False,0
2.152,2.490893566506404,2.6647871091782918,2.723388415358327,True,False,0
2.153,2.4407609019673666,2.659998632791627,2.694297578425442,True,False,0
2.154,2.3901546308131456,2.5115558648050467,2.6462775088059365,True,False,0
2.1550000000000002,2.3390868405832483,2.4924019592583875,2.602835616780049,True,False,0
2.156,2.287569704461468,2.339170714885171,2.5419811183660763,True,False,0
2.157,2.2356154784106517,2.334382238498506,2.490018698759698,True,False,0
2.158,2.1832364982931542,2.35832462043183,2.450094791121177,True,False,0
2.1590000000000003,2.1304451769776396,2.2529781399252045,2.399794854424353,True,False,0
2.16,2.0772540014329106,2.0853814663919934,2.3308916391265457,True,False,0
2.161,2.0236755298094313,2.315228332951847,2.3093702279160664,True,False,0
2.162,1.969722388509222,2.2194588052185793,2.276073055209354,True,False,0
2.1630000000000003,1.9154072692448028,2.133266230258613,2.2343866644274546,True,False,0
2.164,1.860742926087857,1.9752465094987315,2.174249791504869,True,False,0
2.165,1.8057421725083054,2.0566506080720046,2.1365613361359967,True,False,0
2.166,1.750417878404455,1.984823462272061,2.093458479767651,True,False,0
2.1670000000000003,1.6947829671249235,1.9560926039520723,2.0526350242672025,True,False,0
2.168,1.6388504124829992,1.8268037415121512,1.9977809430542932,True,False,0
2.169,1.5826332357641404,1.6544185915922753,1.9242864181734856,True,False,0
2.17,1.5261445027272795,1.6879379262989005,1.8677643061471667,True,False,0
2.1710000000000003,1.4693973206006266,1.721457261005554,1.825522779961403,True,False,0
2.172,1.4124048350726508,1.721457261005554,1.825522779961403,False,False,1
2.173,1.3551802272789302,1.4724564888990415,1.7504892089248263,True,False,0
2.174,1.2977367107855375,1.3862639139391035,1.673685818330649,True,False,0
2.1750000000000003,1.2400875285696686,1.400629343099098,1.6113418150933034,True,False,0
2.176,1.1822459499981757,1.4149947722590923,1.5611639383885443,True,False,0
2.177,1.1242252678046991,1.3048598153658304,1.5014768605164583,True,False,0
2.178,1.0660387950660775,1.15641704737925,1.4277131179804134,True,False,0
2.179,1.0076998621787143,0.9553010391393855,1.3337512885814815,True,False,0
2.18,0.9492218138355836,1.113320759899267,1.279753767707608,True,False,0
2.181,0.8906180060045522,1.0079742793926698,1.2176122947709365,True,False,0
2.182,0.831901802908697,0.8547430350194531,1.141023971551485,True,False,0
2.183,0.7730865740092905,0.8738969405660839,1.0796203789874046,True,False,0
2.184,0.7141856909921329,0.7733389364461516,1.0120068913633526,True,False,0
2.185,0.655212524757899,0.7446080781261912,0.9505601940967487,True,False,0
2.186,0.5961804424171762,0.8164352239261348,0.9102507466775042,True,False,0
2.187,0.5371028042908541,0.572222928206287,0.8376022794630101,True,False,0
2.188,0.4779929609165399,0.6823578850995489,0.7939432884609812,True,False,0
2.189,0.41886425006165967,0.5291266407263038,0.7329061229983487,True,False,0
2.19,0.3597299937439069,0.47166492408635463,0.672436024210936,True,False,0
2.191,0.3006034952596989,0.3471645380330983,0.6018107130533019,True,False,0
2.192,0.24149803622129598,0.2801258686198196,0.5317542437698048,True,False,0
2.193,0.18242687360323603,0.16520243533989287,0.4545818678232767,True,False,0
2.194,0.12340323679873684,0.33279910887310393,0.4162298968017457,True,False,0
2.195,0.06444032468670996,0.17956786449985884,0.3596580572205171,True,False,0
2.196,0.005551302710032815,0.10295224231325051,0.2999072709602727,True,False,0
2.197,-0.053250700034284615,0.1412600534065689,0.25570859173208044,True,False,0
2.198,-0.1119525936923976,-0.06943290760662535,0.18510389650501752,True,False,0
2.199,-0.17054133053776133,0.04549052567330136,0.14392398798577904,True,False,0
2.2,-0.2290039078414693,-0.10774071869994373,0.0849727221830722,True,False,0
2.201,-0.2873273707281738,-0.22745262836653524,0.01638480990356153,True,False,0
2.202,-0.34549881501696683,-0.2992797741664788,-0.05271684525797245,True,False,0
2.203,-0.4035053900466049,-0.31364520332647317,-0.11313732744456373,True,False,0
2.204,-0.4613343014844673,-0.31843367971313796,-0.16473456585693877,True,False,0
2.205,-0.5189728141186392,-0.4142032074464055,-0.22333753543322518,True,False,0
2.206,-0.5764082546325175,-0.2992797741664788,-0.25441919364120485,True,False,0
2.207,-0.6336280143613444,-0.4237801602197351,-0.3003170749388278,True,False,0
2.208,-0.6906195520300696,-0.6632039795529181,-0.37690819663591646,True,False,0
2.209,-0.7473703964719631,-0.5722229282063154,-0.4269223486322004,True,False,0
2.21,-0.8038681493273853,-0.7877043656061744,-0.5031796348599574,True,False,0
2.211,-0.8601004877221479,-0.6632039795529181,-0.5475967266419133,True,False,0
2.212,-0.916055166924885,-0.8260121766994928,-0.6107906640240026,True,False,0
2.213,-0.9717200229828762,-0.9169932280460955,-0.678391641504063,True,False,0
2.214,-1.0270829753357549,-0.8930508461127715,-0.7314738295858081,True,False,0
2.215,-1.082132029406551,-1.0319166613260222,-0.7981613127334871,True,False,0
2.216,-1.1368552791695197,-0.8547430350194816,-0.8261723903691388,True,False,0
2.217,-1.1912409096942096,-1.0941668543526362,-0.8877135579260664,True,False,0
2.218,-1.2452771996652414,-1.0414936140993518,-0.9311403046896568,True,False,0
2.219,-1.298952523877259,-1.1803594293126025,-0.9897037008407222,True,False,0
2.22,-1.3522553557045334,-1.170782476539273,-1.0374600282770212,True,False,0
2.221,-1.4051742695447036,-1.3479561028458136,-1.1057419571205276,True,False,0
2.222,-1.4576979432361385,-1.4724564888990699,-1.1829401410125375,True,False,0
2.223,-1.5098151604484231,-1.3479561028458136,-1.2281489039597386,True,False,0
2.224,-1.5615148130454641,-1.5490721110857066,-1.298084577461471,True,False,0
2.225,-1.612785903420732,-1.5586490638590078,-1.3584473495509828,True,False,0
2.226,-1.66361754680415,-1.5969568749523262,-1.41531220179198,True,False,0
2.227,-1.7139989735401582,-1.5107642999923883,-1.4494881263957908,True,False,0
2.228,-1.7639195313364817,-1.5921683985656614,-1.4911544458892323,True,False,0
2.229,-1.8133686874831412,-1.8363806942855092,-1.564944585080265,True,False,0
2.23,-1.8623360310412556,-1.731034213778912,-1.6103236317400387,True,False,0
2.231,-1.9108112750011788,-1.711880308232253,-1.6454677433008524,True,False,0
2.232,-1.9587842584095498,-1.889053934538822,-1.7031377554420313,True,False,0
2.233,-2.006244948464802,-2.1141123247120106,-1.787355587369874,True,False,0
2.234,-2.05318344258073,-1.9800349858854247,-1.8369517751810664,True,False,0
2.235,-2.0995899704176817,-1.9800349858854247,-1.8786820007815175,True,False,0
2.236,-2.145454895880972,-2.142843183031971,-1.9396152093281673,True,False,0
2.237,-2.1907687190861256,-2.138054706645306,-1.9901249496018174,True,False,0
2.238,-2.2355220782905434,-2.2050933760586133,-2.043256180311215,True,False,0
2.239,-2.2797057517912203,-2.1476316594186358,-2.0788473543546364,True,False,0
2.24,-2.323310659788132,-2.300862903791881,-2.133096259738339,True,False,0
2.241,-2.366327866212925,-2.3343822384985344,-2.184057452360502,True,False,0
2.242,-2.408748580522551,-2.2290357579919373,-2.210228226518239,True,False,0
2.243,-2.450564159457495,-2.3535361440451936,-2.2519940906516713,True,False,0
2.244,-2.4917661087642564,-2.3726900495918244,-2.2901736950420815,True,False,0
2.245,-2.532346084881744,-2.4157863370718076,-2.329133086046979,True,False,0
2.246,-2.5722958965912652,-2.5498636758983935,-2.3831781966635726,True,False,0
2.247,-2.6116075066297952,-2.425363289845137,-2.408905966942445,True,False,0
2.248,-2.6502730332662074,-2.626479298085002,-2.46245033589341,True,False,0
2.249,-2.6882847518401802,-2.707883396658275,-2.5204132617956634,True,False,0
2.25,-2.725635096263478,-2.597748439765013,-2.551715840358141,True,False,0
2.251,-2.7623166604833362,-2.66478710917832,-2.5886861678464506,True,False,0
2.2520000000000002,-2.798322199907666,-2.7126718730449397,-2.6273875264460655,True,False,0
2.253,-2.8336446327918297,-2.626479298085002,-2.6462806899991134,True,False,0
2.254,-2.868277041586717,-2.8275953063248664,-2.6940744217913357,True,False,0
2.255,-2.90221267424789,-2.669575585564985,-2.7092261116911427,True,False,0
2.2560000000000002,-2.9354449455055582,-2.8706915938048496,-2.7538717680663134,True,False,0
2.257,-2.967967438095146,-2.7366142549782637,-2.7701719328121808,True,False,0
2.258,-2.9997739039482543,-2.9616726451514523,-2.8195811808336413,True,False,0
2.259,-3.030858265343786,-2.9520956923781227,-2.8596352092932,True,False,0
2.2600000000000002,-3.061214616019058,-2.7461912077515933,-2.8606801837361377,True,False,0
2.261,-3.0908372222406935,-2.904210928511503,-2.886621374542934,True,False,0
2.262,-3.119720523835117,-3.1101154131380326,-2.941104768510496,True,False,0
2.263,-3.147859135178493,-3.1149038895246974,-2.987706541712257,True,False,0
2.2640000000000002,-3.1752478461459273,-3.0239228381780947,-3.0124876600107746,True,False,0
2.265,-3.2018816230197977,-3.0095574090181003,-3.031060130496241,True,False,0
2.266,-3.2277556093570525,-3.0670191256580495,-3.055800440772538,True,False,0
2.267,-3.252865126815363,-3.186731035324641,-3.095603259779176,True,False,0
2.2680000000000002,-3.2772056759379886,-3.234615799191289,-3.136687876352598,True,False,0
2.269,-3.3007729368972476,-3.162788653391317,-3.159864671878191,True,False,0
2.27,-3.323562770196495,-3.1388462714580214,-3.1755683593757276,True,False,0
2.271,-3.345571217330495,-3.210673417257965,-3.200173235081992,True,False,0
2.2720000000000002,-3.3667945014041187,-3.253769704737948,-3.227710851239782,True,False,0
2.273,-3.3872290277092825,-3.387847043564534,-3.2721456820715287,True,False,0
2.274,-3.4068713842600578,-3.1963079880979706,-3.27915502206897,True,False,0
2.275,-3.425718342285903,-3.4548857129778128,-3.326063142521784,True,False,0
2.2760000000000002,-3.4437668566829602,-3.450097236591148,-3.364772175602978,True,False,0
2.277,-3.461014066423382,-3.2394042755779537,-3.363926018105849,True,False,0
2.278,-3.477457294922664,-3.3495392324712157,-3.3806814806208085,True,False,0
2.279,-3.4930940503649555,-3.536289811551086,-3.4243981920124082,True,False,0
2.2800000000000002,-3.5079220259863386,-3.512347429617762,-3.457384161893533,True,False,0
2.281,-3.521939100316089,-3.2825005630579085,-3.448684807752231,True,False,0
2.282,-3.535143337375899,-3.296865992217903,-3.4436435314159732,True,False,0
2.283,-3.547532986837116,-3.36390466163121,-3.450034144392999,True,False,0
2.2840000000000003,-3.5591064841359925,-3.474039618524472,-3.4728786245892125,True,False,0
2.285,-3.5698624505470073,-3.4405202838178184,-3.4867837959867947,True,False,0
2.286,-3.579799693214292,-3.5219243823910915,-3.5113943065215465,True,False,0
2.287,-3.5889172051412204,-3.5458667643244155,-3.5358988517681844,True,False,0
2.2880000000000003,-3.597214165138228,-3.3830585671778692,-3.5306955702991045,True,False,0
2.289,-3.6046899377289385,-3.445308760204483,-3.5361904191658926,True,False,0
2.29,-3.611344073014676,-3.497982000457796,-3.5491677673978077,True,False,0
2.291,-3.6171763064974494,-3.469251142137807,-3.5555301883320034,True,False,0
2.2920000000000003,-3.6221865588615363,-3.5698091462577395,-3.5768320417197264,True,False,0
2.293,-3.6263749357137436,-3.684732579537666,-3.6129822905596454,True,False,0
2.294,-3.6297417272824886,-3.4644626657511424,-3.6084642663264357,True,False,0
2.295,-3.6322874080758245,-3.5506552407110803,-3.618332955606033,True,False,0
2.2960000000000003,-3.6340126364985488,-3.4405202838178184,-3.609169050091442,True,False,0
2.297,-3.6349182544285297,-3.4405202838178184,-3.6014585412523177,True,False,0
2.298,-3.635005286752434,-3.3782700907912044,-3.5850980309970004,True,False,0
2.299,-3.6342749408609945,-3.6799441031510014,-3.619177839786469,True,False,0
2.3000000000000003,-3.6327286061040014,-3.5027704768444607,-3.619752824703577,True,False,0
2.301,-3.630367853205211,-3.4596741893644776,-3.613401539809823,True,False,0
2.302,-3.6271944336373423,-3.493193524071131,-3.6133737406704496,True,False,0
2.303,-3.623210278957382,-3.445308760204483,-3.605755820340742,True,False,0
2.3040000000000003,-3.61841750010239,-3.507558953231097,-3.6092189924024254,True,False,0
2.305,-3.6128183866460404,-3.445308760204483,-3.602260015719674,True,False,0
2.306,-3.6064154060161036,-3.493193524071131,-3.603999263833948,True,False,0
2.307,-3.599211202673125,-3.469251142137807,-3.601665401889165,True,False,0
2.308,-3.591208597250526,-3.4644626657511424,-3.598942237756172,True,False,0
2.309,-3.58241058565639,-3.421366378271159,-3.589815890705452,True,False,0
2.31,-3.5728203381371815,-3.536289811551086,-3.600363855883048,True,False,0
2.311,-3.562441198303684,-3.6751556267643366,-3.6312630497314147,True,False,0
2.312,-3.5512766821194077,-3.5267128587777563,-3.6337185837572905,True,False,0
2.313,-3.539330476851774,-3.430943331044489,-3.6205956094734857,True,False,0
2.314,-3.5266064399863537,-3.3255968505378917,-3.592845974413813,True,False,0
2.315,-3.513108598104463,-3.339962279697886,-3.5717757943339454,True,False,0
2.316,-3.4988411457244273,-3.4884050476844664,-3.577590391140521,True,False,0
2.317,-3.4838084441068196,-3.4405202838178184,-3.5748882619558864,True,False,0
2.318,-3.468015020024009,-3.3734816144045396,-3.561982348638993,True,False,0
2.319,-3.4514655644943355,-3.2633466575112777,-3.5336558956332484,True,False,0
2.32,-3.4341649314812575,-3.296865992217903,-3.515138193067981,True,False,0
2.321,-3.416118136557816,-3.3495392324712157,-3.5079113838288256,True,False,0
2.322,-3.3973303555367655,-3.2441927519646185,-3.485122781226474,True,False,0
2.323,-3.3778069230667285,-3.3064429449912325,-3.4758213433112726,True,False,0
2.324,-3.3575533311947487,-3.2250388464179593,-3.4550844134951735,True,False,0
2.325,-3.3365752278956107,-3.253769704737948,-3.4421930816836777,True,False,0
2.326,-3.3148784155683044,-3.2825005630579085,-3.435903034953783,True,False,0
2.327,-3.292468849500024,-3.1340577950713566,-3.4070675470739427,True,False,0
2.328,-3.2693526362981,-3.043076743724754,-3.3683757642777326,True,False,0
2.329,-3.2455360322902567,-3.0718076020447143,-3.3403772216391556,True,False,0
2.33,-3.2210254418936093,-3.1963079880979706,-3.336565030073267,True,False,0
2.331,-3.1958274159528095,-3.0957499839780382,-3.317408939325155,True,False,0
2.332,-3.169948650047759,-2.995191979858106,-3.28534249391627,True,False,0
2.333,-3.1433959827713234,-2.990403503471441,-3.257602338147456,True,False,0
2.334,-3.116176393977473,-3.01913436179143,-3.2388184929829125,True,False,0
2.335,-3.0882970030002888,-3.0095574090181003,-3.2214948622183814,True,False,0
2.336,-3.059765066844278,-3.129269318684692,-3.2259050870207995,True,False,0
2.337,-3.030587978346456,-2.837172259098196,-3.183289215723017,True,False,0
2.338,-3.0007732643106353,-2.86111464103152,-3.1512294925453666,True,False,0
2.339,-2.9703285836143984,-3.038288267338089,-3.1523542073841053,True,False,0
2.34,-2.939261725289216,-2.8275953063248664,-3.1198846096889565,True,False,0
2.341,-2.907580606574168,-2.688729491111644,-3.0705405572565,True,False,0
2.342,-2.875293270943777,-2.8084414007782357,-3.0480088036731803,True,False,0
2.343,-2.842407886110397,-2.8228068299382016,-3.0313289483495898,True,False,0
2.344,-2.808932742001678,-2.755768160524923,-3.0066621781825593,True,False,0
2.345,-2.7748762487135785,-2.727037302204934,-2.981350843075296,True,False,0
2.346,-2.7402469344394302,-2.5019789120317455,-2.924359597551595,True,False,0
2.347,-2.7050534433755575,-2.449305671778461,-2.8680531882578912,True,False,0
2.348,-2.66930453360395,-2.51634434119174,-2.8313093254180317,True,False,0
2.349,-2.6330090749525104,-2.626479298085002,-2.8178604635967446,True,False,0
2.35,-2.596176046833385,-2.5067673884184103,-2.7875582677665736,True,False,0
2.351,-2.5588145360598906,-2.348747667658529,-2.737000054910033,True,False,0
2.352,-2.520933734642576,-2.4349402426184668,-2.70813053581658,True,False,0
2.353,-2.482542937564928,-2.2242472816052725,-2.6504237938177644,True,False,0
2.354,-2.443651540539265,-2.248189663538568,-2.6056666141085967,True,False,0
2.355,-2.404269037743346,-2.1332662302586414,-2.549781056929007,True,False,0
2.356,-2.3644050195382333,-2.3679015732051596,-2.5399721544818767,True,False,0
2.357,-2.324069170167955,-2.1763625177386245,-2.501340824761812,True,False,0
2.358,-2.2832712654415026,-2.0183427969787147,-2.443774479796308,True,False,0
2.359,-2.242021170397721,-2.138054706645306,-2.4143244904069787,True,False,0
2.36,-2.200328836953636,-1.994400415045419,-2.3667616829738076,True,False,0
2.361,-2.1582043015367725,-1.9848234622720895,-2.3252234373161205,True,False,0
2.362,-2.1156576827020253,-2.138054706645306,-2.314575659575459,True,False,0
2.363,-2.072699178733632,-2.0422851789120386,-2.2904275605741606,True,False,0
2.364,-2.029339065232819,-1.9848234622720895,-2.2609959172317873,True,False,0
2.365,-1.9855876926916798,-1.8842654581521572,-2.2202836232838936,True,False,0
2.366,-1.9414554840538503,-1.7837074540321964,-2.170079791468603,True,False,0
2.367,-1.8969529322625536,-1.793284406805526,-2.1293572003142414,True,False,0
2.368,-1.8520905977965814,-1.7597650720989009,-2.089777046623579,True,False,0
2.369,-1.8068791061947815,-1.601745351338991,-2.031412361299761,True,False,0
2.37,-1.7613291455696372,-1.4628795361257403,-1.9602801856994154,True,False,0
2.371,-1.7154514641104943,-1.7501881193255713,-1.9459967637622566,True,False,0
2.372,-1.6692568675770316,-1.4006293430991263,-1.8785386245046414,True,False,0
2.373,-1.6227562167835423,-1.5011873472190587,-1.8377278687038658,True,False,0
2.374,-1.5759604250746069,-1.4533025833524107,-1.7957951742505376,True,False,0
2.375,-1.5288804557927438,-1.252186575112546,-1.7286159843288036,True,False,0
2.376,-1.4815273197386085,-1.3479561028458136,-1.6872804834470918,True,False,0
2.3770000000000002,-1.4339120726243353,-1.2665520042725404,-1.6395900974585031,True,False,0
2.378,-1.3860458125205959,-1.194724858472597,-1.5880716180428827,True,False,0
2.379,-1.337939677297963,-1.3527445792324784,-1.5697859260052327,True,False,0
2.38,-1.2896048420631594,-1.27612895704587,-1.5422490990204056,True,False,0
2.3810000000000002,-1.2410525165907769,-1.098955330739301,-1.4909798550747837,True,False,0
2.382,-1.1922939427510544,-1.170782476539273,-1.459233715479513,True,False,0
2.383,-1.1433403919342924,-1.012762755779363,-1.4074605685376842,True,False,0
2.384,-1.094203162472492,-1.060647519646011,-1.3714931799619046,True,False,0
2.3850000000000002,-1.0448935770588008,-0.9983973266193686,-1.3313573349839953,True,False,0
2.386,-0.9954229801653508,-0.9409356099794195,-1.2884736043766385,True,False,0
2.387,-0.9458027354600688,-0.6823578850995773,-1.2113807766005606,True,False,0
2.388,-0.8960442232230439,-0.7254541725795605,-1.1533499590407852,True,False,0
2.3890000000000002,-0.8461588377630318,-0.821223700312828,-1.1197118974057108,True,False,0
2.39,-0.7961579848346791,-0.821223700312828,-1.1197118974057108,False,False,1
2.391,-0.7460530790570439,-0.5913768337529746,-1.0549550923134077,True,False,0
2.392,-0.6958555413339917,-0.5626459754329858,-0.9959120073359649,True,False,0
2.3930000000000002,-0.6455767962770498,-0.6153192156862985,-0.9545871469110491,True,False,0
2.394,-0.5952282696312836,-0.47166492408638305,-0.8970328246223819,True,False,0
2.395,-0.5448213857047828,-0.32322215609980276,-0.825063582340782,True,False,0
2.396,-0.4943675648023201,-0.5051842587930366,-0.7933678863103317,True,False,0
2.3970000000000002,-0.4438782206637574,-0.2657604394598536,-0.7287264813429788,True,False,0
2.398,-0.393364757907768,-0.31843367971313796,-0.6826911952488148,True,False,0
2.399,-0.3428385694814401,-0.09337528953994934,-0.6082628202161211,True,False,0
2.4,-0.29231103411632764,-0.10295224231327893,-0.5471577017316654,True,False,0
2.4010000000000002,-0.24179351379151032,0.03591357289997177,-0.4737197260470122,True,False,0
2.402,-0.19129735120422278,-0.1604139589532565,-0.44306659697461326,True,False,0
2.403,-0.14083386724860905,-0.0215481437400058,-0.395250920991408,True,False,0
2.404,-0.09041435850315908,0.040702049286636566,-0.34514592861908394,True,False,0
2.4050000000000002,-0.040050094727377875,0.01675966735331258,-0.3067848599997343,True,False,0
2.406,0.010247683631764383,0.040702049286636566,-0.27071059707264,True,False,0
2.407,0.060467767923053126,0.059855954833295755,-0.23731990515413648,True,False,0
2.408,0.11059898376338059,0.011971190966647782,-0.2168195117057606,True,False,0
2.4090000000000003,0.16063019349868665,0.15562548256656328,-0.17678689306593803,True,False,0
2.41,0.21055029865295286,0.3854723491264167,-0.10664970858966012,True,False,0
2.411,0.26034824236471826,0.2897028213931492,-0.0628253514967424,True,False,0
2.412,0.3100130118105862,0.3615299671930927,-0.01455974826201678,True,False,0
2.4130000000000003,0.35953364061519855,0.41899168383304186,0.03516435982406065,True,False,0
2.414,0.408899211247154,0.5674344518196222,0.10054526095295219,True,False,0
2.415,0.4580988574003546,0.572222928206287,0.15631619518087994,True,False,0
2.416,0.5071217663602655,0.572222928206287,0.15631619518087994,False,False,1
2.4170000000000003,0.5559571813545789,0.701511790646208,0.2237470829384826,True,False,0
2.418,0.6045944038877789,0.7829158892194812,0.29339412385400965,True,False,0
2.419,0.6530227960591023,0.725454172579532,0.3428816983324808,True,False,0
2.42,0.7012317828634042,0.7781274128328164,0.3928745198411496,True,False,0
2.4210000000000003,0.749210854474433,0.835589129472794,0.4440519091452813,True,False,0
2.422,0.7969495685100291,0.9888203738460106,0.5114150539048501,True,False,0
2.423,0.8444375522787654,1.003185803006005,0.5703727536784277,True,False,0
2.424,0.8916645050075519,0.9553010391393855,0.6123852240183302,True,False,0
2.4250000000000003,0.9386202000497323,1.113320759899267,0.6727964602361544,True,False,0
2.426,0.9852944870732054,1.1276861890592613,0.7259048251192136,True,False,0
2.427,1.0316772942281078,1.2761289570458416,0.7941332394514493,True,False,0
2.428,1.0777586302936057,1.2761289570458416,0.8515406178831183,True,False,0
2.4290000000000003,1.1235285868033378,1.424571725032422,0.9233862216236576,True,False,0
2.43,1.1689773401490693,1.3479561028457852,0.9716858545055262,True,False,0
2.431,1.2140951536621134,1.290494386205836,1.0032117228016442,True,False,0
2.432,1.2588723796720873,1.3958408667124331,1.0464455503512429,True,False,0
2.433,1.3032994615425724,1.4485141069657175,1.0911764700544047,True,False,0
2.434,1.3473669356832567,1.4485141069657175,1.0911764700544047,False,False,1
2.435,1.3910654335381425,1.424571725032422,1.1250157946693384,True,False,0
2.436,1.4343856835494064,1.5011873472190302,1.1656394459646846,True,False,0
2.437,1.4773185130965094,1.482033441672371,1.196782368520159,True,False,0
2.438,1.5198548504101559,1.7023033554588949,1.2579208579066574,True,False,0
2.439,1.5619857264607104,1.678360973525571,1.3055655093956462,True,False,0
2.44,1.6037022768206832,1.7023033554588949,1.3494509776719368,True,False,0
2.441,1.6449957435009106,1.8842654581521288,1.4152354191645704,True,False,0
2.442,1.6858574767600485,1.7549765957122077,1.4500812078135745,True,False,0
2.443,1.7262789368870206,2.008765844205385,1.51965145931806,True,False,0
2.444,1.7662516959560537,2.008765844205385,1.5781878593618377,True,False,0
2.445,1.8057674395539534,1.8890539345387936,1.6084540529605575,True,False,0
2.446,1.844817968479267,1.8890539345387936,1.6339200240902274,True,False,0
2.447,1.8833952004129988,2.0566506080720046,1.6819279441767097,True,False,0
2.448,1.9214911715605423,1.984823462272061,1.7109300063256268,True,False,0
2.449,1.959098038264504,2.066227560845334,1.7482430386613865,True,False,0
2.45,1.9962080785881002,2.1045353719386526,1.7857138430449657,True,False,0
2.451,2.0328136938688126,2.0805929900053286,1.8134445076289096,True,False,0
2.452,2.0689074102420006,2.3248052857251764,1.875509188696483,True,False,0
2.453,2.1044818801341743,2.1955164232852553,1.9072251714356392,True,False,0
2.454,2.139529883725632,2.176362517738596,1.930873182893532,True,False,0
2.455,2.174044330382183,2.367901573205131,1.9811487370311436,True,False,0
2.456,2.208018260055686,2.4253632898451087,2.0325640175303668,True,False,0
2.457,2.24144484465312,2.3822670023651256,2.068989750344343,True,False,0
2.458,2.2743173893739423,2.420574813458444,2.105713981032376,True,False,0
2.459,2.3066293340154713,2.439728719005103,2.139651555735505,True,False,0
2.46,2.3383742542460557,2.4493056717784327,2.169725532448816,True,False,0
2.461,2.3695458628457793,2.468459577325092,2.1980675843726147,True,False,0
2.462,2.400138010914491,2.578594534218354,2.2393820022783686,True,False,0
2.463,2.4301446890469163,2.549863675898365,2.2695872297372652,True,False,0
2.464,2.459560028474649,2.5690175814450242,2.2980397160203414,True,False,0
2.465,2.4883783021748163,2.6504216800182974,2.3348903352981982,True,False,0
2.466,2.516593925945204,2.5690175814450242,2.3529857400543266,True,False,0
2.467,2.5442014594456706,2.4540941481650975,2.3499843387960175,True,False,0
2.468,2.5711956072056523,2.607325392538314,2.3717614566307503,True,False,0
2.469,2.5975712195975826,2.5450751995117002,2.3802118314016463,True,False,0
2.47,2.623323293776073,2.7366142549782353,2.417700096121845,True,False,0
2.471,2.6484469745826758,2.8084414007782073,2.460634512105946,True,False,0
2.472,2.6729375554160932,2.846749211871497,2.5028351479177946,True,False,0
2.473,2.6967904790676798,2.8371722590981676,2.536823851056011,True,False,0
2.474,2.7200013385221067,2.9042109285114748,2.576054283392766,True,False,0
2.475,2.742565877723055,2.818018353551537,2.595392609515449,True,False,0
2.476,2.764479992303824,2.9329417868314636,2.629890746784723,True,False,0
2.477,2.785739730282743,2.9664611215380887,2.6642336458328884,True,False,0
2.478,2.806341292723275,2.9425187396047647,2.6893324912979804,True,False,0
2.479,2.8262810343587264,2.880268546578151,2.7005777672400275,True,False,0
2.48,2.845555464181467,2.8084414007782073,2.6986477456639495,True,False,0
2.481,2.864161245996595,2.9904035034714127,2.7258830402984997,True,False,0
2.482,2.8820951989399513,2.9760380743114183,2.7465204544154362,True,False,0
2.483,2.899354297960446,2.827595306324838,2.7403417283871945,True,False,0
2.484,2.915935674266627,3.1915195117112773,2.7928613782033858,True,False,0
2.485,2.931836615737451,2.985615027084748,2.8043949247406625,True,False,0
2.486,2.947054567297208,3.0813845548180154,2.8292883094855616,True,False,0
2.487,2.961587131254582,3.1005384603646746,2.8532714120399314,True,False,0
2.488,2.9754320676058192,3.2537697047379197,2.8977532876698877,True,False,0
2.489,2.988587294301985,3.067019125658021,2.905561664167836,True,False,0
2.49,3.0010508874803117,3.0765960784313506,2.913650537106396,True,False,0
2.491,3.012821081659634,3.0526536964980266,2.9166592486151295,True,False,0
2.492,3.0238962698999208,3.119692365911334,2.9298231202573413,True,False,0
2.493,3.034275003925928,2.9904035034714127,2.920393968674208,True,False,0
2.494,3.04395599421499,3.2298273228045957,2.9504329325178156,True,False,0
2.495,3.0529381100489887,3.2346157991912605,2.9764671655765644,True,False,0
2.496,3.061220379530542,3.201096464484607,2.9930561945938092,True,False,0
2.497,3.06880198956346,3.033499790951396,2.980433345844639,True,False,0
2.498,3.0756822857975274,3.196307988097942,2.995633885111898,True,False,0
2.499,3.0818607725376785,3.225038846417931,3.0129803348425424,True,False,0
2.5,3.087337112617641,3.2633466575112493,3.033651259369358,True,False,0
2.501,3.0921111272381223,3.1532117006179874,3.0335763531055084,True,False,0
2.5020000000000002,3.0961827957696366,3.3495392324711872,3.0646509005498235,True,False,0
2.503,3.0995522555200665,3.3399622796978576,3.089278114466424,True,False,0
2.504,3.102219801467066,3.119692365911334,3.0750646102341763,True,False,0
2.505,3.1041858859554092,3.1244808422979986,3.0638648227425502,True,False,0
2.5060000000000002,3.1054511183594227,3.416577901884466,3.1007679569277973,True,False,0
2.507,3.1060162647106107,3.2346157991912605,3.1029590344306888,True,False,0
2.508,3.105882247290621,3.196307988097942,3.0987269826300228,True,False,0
2.509,3.1050501441896925,3.2346157991912605,3.101241758937357,True,False,0
2.5100000000000002,3.103521188830734,3.143634747844658,3.088928084114786,True,False,0
2.511,3.101296769459191,3.134057795071328,3.077048453785767,True,False,0
2.512,3.098378428598872,3.2298273228045957,3.0822419947367594,True,False,0
2.513,3.0947678624739035,3.1675771297779534,3.076738950199388,True,False,0
2.5140000000000002,3.090466920396994,3.201096464484607,3.077424860379166,True,False,0
2.515,3.0854776041242,3.2777120866712437,3.090153233330319,True,False,0
2.516,3.0798020671763804,3.2777120866712437,3.090153233330319,False,False,1
2.517,3.0734426141275515,3.1053269367513394,3.0735225760845517,True,False,0
2.5180000000000002,3.0664016998603474,3.1819425589379478,3.071680791586415,True,False,0
2.519,3.0586819287887983,3.134057795071328,3.062536584225432,True,False,0
2.52,3.0502860540486645,3.1292693186846634,3.054083196396277,True,False,0
2.521,3.0412169766555355,3.1675771297779534,3.0530461411500447,True,False,0
2.5220000000000002,3.031477744630953,3.1005384603646746,3.0415412208158275,True,False,0
2.523,3.0210715520967897,3.0430767437247255,3.022747546264375,True,False,0
2.524,3.0100017383381337,3.172365606164618,3.027439782454267,True,False,0
2.525,2.9982717868349504,3.0813845548180154,3.016958222077286,True,False,0
2.5260000000000002,2.9858853242627696,3.143634747844658,3.018011927797204,True,False,0
2.527,2.972846119462676,3.158000177004652,3.0211768746862635,True,False,0
2.528,2.959158082380886,2.9281533104447988,2.9873861159024804,True,False,0
2.529,2.9448252629781844,3.0191343617914015,2.9733841833725956,True,False,0
2.5300000000000002,2.929851850109521,2.9904035034714127,2.9570462411858633,True,False,0
2.531,2.9142421703740573,2.9712495979247535,2.9402616868228013,True,False,0
2.532,2.8980006869359656,3.1005384603646746,2.946644396462777,True,False,0
2.533,2.8811319983162975,3.0622306492713562,2.9459391833655313,True,False,0
2.5340000000000003,2.8636408371562267,3.0239228381780663,2.939270193052412,True,False,0
2.535,2.845532068951995,2.8611146410314916,2.907837503052481,True,False,0
2.536,2.826810690761884,3.009557409018072,2.9049330854380817,True,False,0
2.537,2.8074818298855426,2.9377302632181,2.8910975136504464,True,False,0
2.5380000000000003,2.7875507425160198,2.875480070191486,2.869583376272993,True,False,0
2.539,2.76702281236483,2.9042109285114748,2.8560381021263095,True,False,0
2.54,2.745903549260418,2.9999804562447423,2.859830170598292,True,False,0
2.541,2.7241985877203665,2.7270373022049057,2.819731994704198,True,False,0
2.5420000000000003,2.7019136854977073,2.8084414007782073,2.7989040962580005,True,False,0
2.543,2.6790547221017116,2.8084414007782073,2.781379505371058,True,False,0
2.544,2.655627697293515,2.7509796841382297,2.7575208808447784,True,False,0
2.545,2.6316387295569705,2.6504216800182974,2.72149772416196,True,False,0
2.5460000000000003,2.607094054545093,2.683941014724951,2.6965040161817884,True,False,0
2.547,2.582000023502496,2.679152538338286,2.674714860712363,True,False,0
2.548,2.5563631016641994,2.6216908216983086,2.6472680321331388,True,False,0
2.549,2.5301898666312166,2.717460349431576,2.639363334618282,True,False,0
2.5500000000000003,2.503487006723304,2.818018353551537,2.6486608365059734,True,False,0
2.551,2.4762613193092924,2.5977484397649846,2.621548914681796,True,False,0
2.552,2.4485197091154065,2.5881714869916834,2.597218041361705,True,False,0
2.553,2.4202691865119776,2.5690175814450242,2.5737082358427736,True,False,0
2.5540000000000003,2.3915168657789727,2.4876134828717227,2.541016387479806,True,False,0
2.555,2.3622699633507684,2.501978912031717,2.5157878298065404,True,False,0
2.556,2.3325357960405806,2.4014209079117848,2.4786120115623356,True,False,0
2.557,2.3023217792449917,2.4014209079117848,2.4473322832066424,True,False,0
2.5580000000000003,2.271635425129005,2.4732480537117567,2.432405319278402,True,False,0
2.559,2.240484340792063,2.4493056717784327,2.4160485088141335,True,False,0
2.56,2.2088762264154673,2.4588826245517623,2.4038047967675467,True,False,0
2.561,2.176818873391654,2.2386127107652385,2.358568100502904,True,False,0
2.562,2.1443201624357635,2.2146703288319145,2.316708685421071,True,False,0
2.563,2.1113880616799534,2.181150994125261,2.276172008234244,True,False,0
2.564,2.078030624750926,1.879476981765464,2.194218913759378,True,False,0
2.565,2.0442559888311047,2.1667855649652665,2.1708307721700324,True,False,0
2.566,2.010072372703936,1.9991888914320555,2.1245711375728926,True,False,0
2.567,1.975488074783773,2.047073655298675,2.093242817525332,True,False,0
2.568,1.9405114711308138,2.0039773678187203,2.060048096223851,True,False,0
2.569,1.9051510134515506,2.066227560845334,2.04199095146697,True,False,0
2.57,1.8694152270852131,1.984823462272061,2.013886971118969,True,False,0
2.571,1.833312708976678,1.8746885053787992,1.9727728666043363,True,False,0
2.572,1.7968521256363112,1.965669556725402,1.9526090719841258,True,False,0
2.573,1.7600422110872311,1.9513041275654075,1.9333648989236967,True,False,0
2.574,1.7228917648004736,1.8459576470588104,1.9004648880555812,True,False,0
2.575,1.6854096496185307,1.85553459983214,1.8743017294653588,True,False,0
2.576,1.6476047896677586,1.7501881193255429,1.835580085124451,True,False,0
2.577,1.609486168260135,1.7932844068054976,1.8098347760275735,True,False,0
2.578,1.571062825784855,1.7118803082322245,1.7752619752617065,True,False,0
2.579,1.5323438575902548,1.6113223041122922,1.7302239121650516,True,False,0
2.58,1.4933384118565551,1.673572497138906,1.702201781251223,True,False,0
2.581,1.4540556874599109,1.4868219180590359,1.6490052966189834,True,False,0
2.582,1.41450493182827,1.616110780498957,1.6247510131403515,True,False,0
2.583,1.3746954387895274,1.482033441672371,1.583078777973098,True,False,0
2.584,1.3346365464124716,1.5203412527656894,1.5540913891471397,True,False,0
2.585,1.2943376348410232,1.3096482917524952,1.4962854715716114,True,False,0
2.586,1.2538081241222567,1.3575330556191147,1.455242110614675,True,False,0
2.587,1.2130574720287124,1.3479561028457852,1.4191893263250879,True,False,0
2.588,1.1720951718754826,1.2378211459525232,1.3713870992676713,True,False,0
2.589,1.1309307503325865,1.218667240405864,1.3281284999435528,True,False,0
2.59,1.0895737652331192,1.3240137209124896,1.3084386867270035,True,False,0
2.591,1.048033803377683,1.1468400946059205,1.2637719190863483,True,False,0
2.592,1.0063204783355966,1.2713404806591768,1.2459350852970745,True,False,0
2.593,0.9644434282433795,1.185147905699239,1.2172570215531404,True,False,0
2.594,0.9224123136010155,1.0367051377126586,1.1695842592380257,True,False,0
2.595,0.8802368150664902,1.0127627557793346,1.1256751385165005,True,False,0
2.596,0.8379266312491018,0.9361471335927263,1.0765787621625607,True,False,0
2.597,0.7954914765020444,0.9122047516594023,1.0314718127846416,True,False,0
2.598,0.7529410787147589,0.835589129472794,0.98136758356402,True,False,0
2.599,0.7102851771055515,0.7541850308994924,0.926299190757548,True,False,0
2.6,0.6675335200149726,0.7446080781261912,0.8784457465994552,True,False,0
2.601,0.624695862700452,0.9169932280460671,0.8655221737645198,True,False,0
2.602,0.5817819651326851,0.6823578850995489,0.8174350836848031,True,False,0
2.603,0.5388015897942624,0.6727809323262193,0.7754557066804478,True,False,0
2.604,0.4957644994810332,0.5674344518196222,0.7234262983420253,True,False,0
2.605,0.45268045510669513,0.6009537865262757,0.6849649324211114,True,False,0
2.606,0.4095592135110973,0.5961653101396109,0.6518440914133462,True,False,0
2.607,0.36641052527274404,0.42856863660637146,0.5973953648646555,True,False,0
2.608,0.3232441325259852,0.4956073060196786,0.5622145560308579,True,False,0
2.609,0.2800697667833776,0.21308719920651242,0.48780570050638417,True,False,0
2.61,0.23689714676369708,0.5674344518196222,0.48139762272462344,True,False,0
2.611,0.19373597622608382,0.29449129777978555,0.43271704517605714,True,False,0
2.612,0.15059594181079636,0.22745262836650681,0.38112487173187726,True,False,0
2.613,0.10748671088705139,0.15083700617989848,0.32556397587419883,True,False,0
2.614,0.06441792940842213,0.1077407186999153,0.2719799686202149,True,False,0
2.615,0.0213992197762654,0.2370295811398364,0.247399623660966,True,False,0
2.616,-0.021559821288353154,0.19872177004651803,0.22064210068410636,True,False,0
2.617,-0.0644496248637706,-0.06943290760662535,0.15559895576201296,True,False,0
2.618,-0.1072606519374121,0.19872177004651803,0.14340103134468254,True,False,0
2.619,-0.14998339550558937,0.021548143739977377,0.1050379379088938,True,False,0
2.62,-0.192608382662956,0.021548143739977377,0.07275923637035797,True,False,0
2.621,-0.23512617668116384,-0.17477938811322247,0.014462367772614101,True,False,0
2.622,-0.2775273790762709,-0.12210614785993812,-0.026234626293098633,True,False,0
2.623,-0.31980263166445166,-0.1460485297932621,-0.06427433656936543,True,False,0
2.624,-0.36194261860556604,-0.33758758525979715,-0.12665906411261876,True,False,0
2.625,-0.4039380684341444,-0.33758758525979715,-0.17914956528406448,True,False,0
2.626,-0.44577975607735293,-0.2705489158465184,-0.21268272355488274,True,False,0
2.6270000000000002,-0.4874585048595028,-0.36152996719312114,-0.25532712557171433,True,False,0
2.628,-0.5289651884926752,-0.35195301441979154,-0.2896892135337462,True,False,0
2.629,-0.5702907330530324,-0.31364520332647317,-0.3125258455070262,True,False,0
2.63,-0.6114261189423952,-0.5387035934996618,-0.36743487615428616,True,False,0
2.6310000000000002,-0.6523623828346661,-0.5674344518196506,-0.4181920450686143,True,False,0
2.632,-0.6930906196066827,-0.6248961684596281,-0.47001255617470195,True,False,0
2.633,-0.7336019842530919,-0.6344731212329293,-0.5151332331169639,True,False,0
2.634,-0.7738876937848382,-0.5482805462729914,-0.5394276102402877,True,False,0
2.6350000000000002,-0.813939029110863,-0.7446080781262197,-0.5910064693736313,True,False,0
2.636,-0.8537473369026176,-0.6584155031662533,-0.6207347601039523,True,False,0
2.637,-0.8933040314409959,-0.6248961684596281,-0.6404319687378008,True,False,0
2.638,-0.9326005964452998,-0.8020697947661688,-0.6851049588815494,True,False,0
2.6390000000000002,-0.9716285868838487,-0.8595315114061464,-0.7318062428071871,True,False,0
2.64,-1.0103796307658603,-0.8164352239261632,-0.7642656195527419,True,False,0
2.641,-1.0488454309142206,-1.0223397085526926,-0.8242334142723453,True,False,0
2.642,-1.0870177667187781,-0.988820373846039,-0.8693741374021506,True,False,0
2.6430000000000002,-1.1248884958697964,-0.9505125627527491,-0.9012799115225789,True,False,0
2.644,-1.1624495560712031,-1.1133207598992954,-0.9539468279456733,True,False,0
2.645,-1.1996929667332803,-1.0750129488060054,-0.9921851400675541,True,False,0
2.646,-1.236610830644454,-1.0031858030060334,-1.012967055419241,True,False,0
2.6470000000000002,-1.2731953356218242,-1.1276861890592897,-1.0501987344947097,True,False,0
2.648,-1.309438756140109,-1.1276861890592897,-1.0815254641461423,True,False,0
2.649,-1.345333454938665,-1.2426096223392165,-1.1261106424950347,True,False,0
2.65,-1.3808718846062513,-1.2904943862058644,-1.1712191355610295,True,False,0
2.6510000000000002,-1.4160465891432188,-1.3479561028458136,-1.2182868515855203,True,False,0
2.652,-1.4508502055008068,-1.27612895704587,-1.2464978261660395,True,False,0
2.653,-1.485275465097236,-1.5011873472190587,-1.3059288279435806,True,False,0
2.654,-1.5193151953102855,-1.3527445792324784,-1.3323910212354033,True,False,0
2.6550000000000002,-1.5529623209460641,-1.4868219180590643,-1.3759209914156918,True,False,0
2.656,-1.5862098656836712,-1.6065338277256558,-1.4315334276802991,True,False,0
2.657,-1.6190509534954651,-1.410206295872456,-1.4471881503372725,True,False,0
2.658,-1.6514788100426534,-1.6592070679789686,-1.4998515885427752,True,False,0
2.6590000000000003,-1.6834867640459286,-1.4628795361257403,-1.513025024638563,True,False,0
2.66,-1.715068248630881,-1.6161107804989854,-1.548411648397559,True,False,0
2.661,-1.7462168026479172,-1.5969568749523262,-1.5751481367045053,True,False,0
2.662,-1.7769260719664368,-1.6927264026855937,-1.612833274562648,True,False,0
2.6630000000000003,-1.8071898107430022,-1.5969568749523262,-1.6293524840961087,True,False,0
2.664,-1.8370018826632666,-1.7214572610055825,-1.662997523082623,True,False,0
2.665,-1.8663562621574135,-1.687937926298929,-1.685990283160327,True,False,0
2.666,-1.895247035588872,-1.7693420248722305,-1.7182470895601862,True,False,0
2.6670000000000003,-1.9236684024160957,-1.8459576470588388,-1.7575392102471055,True,False,0
2.668,-1.9516146763271596,-1.8842654581521572,-1.7966752192970497,True,False,0
2.669,-1.9790802863469859,-1.97524650949876,-1.8440338591885475,True,False,0
2.67,-2.006059777916971,-1.8699000289921628,-1.867173445974374,True,False,0
2.6710000000000003,-2.032547813946828,-2.1141123247120106,-1.9253751948142928,True,False,0
2.672,-2.058539175838436,-1.927361745632112,-1.9447274707434008,True,False,0
2.673,-2.0840287644815194,-1.999188891432084,-1.972402268253989,True,False,0
2.674,-2.1090116012209674,-2.0279197497520443,-2.0002445571542458,True,False,0
2.6750000000000003,-2.1334828287956253,-1.9321502220187767,-2.0084819949288084,True,False,0
2.676,-2.157437712248381,-1.9560926039521007,-2.0192102390077773,True,False,0
2.677,-2.1808716398073966,-2.0758045136186922,-2.0472233074438884,True,False,0
2.678,-2.203780123738317,-1.9369386984054415,-2.0487693619725245,True,False,0
2.6790000000000003,-2.226158801167322,-2.0949584191653514,-2.075132161494484,True,False,0
2.68,-2.2480034348748625,-2.2577666163118977,-2.123135219853079,True,False,0
2.681,-2.269309914059968,-2.1955164232852837,-2.153652097372353,True,False,0
2.682,-2.2900742550749755,-2.2003048996719485,-2.1800884469320523,True,False,0
2.6830000000000003,-2.310292602130579,-2.1811509941252893,-2.199294175759169,True,False,0
2.684,-2.3299612279710677,-2.233824234378602,-2.2238078565032393,True,False,0
2.685,-2.349076534519661,-2.3343822384985344,-2.2603821773975783,True,False,0
2.686,-2.3676350534938293,-2.214670328831943,-2.272169480621699,True,False,0
2.6870000000000003,-2.3856334469905134,-2.2290357579919373,-2.284365674973971,True,False,0
2.688,-2.4030685080411525,-2.238612710765267,-2.296146457251444,True,False,0
2.689,-2.419937161136442,-2.2003048996719485,-2.2999831817286736,True,False,0
2.69,-2.4362364627207542,-2.425363289845137,-2.3389056928229337,True,False,0
2.691,-2.4519636016561424,-2.3966324315251484,-2.3670983702197397,True,False,0
2.692,-2.467115899655886,-2.32001680933854,-2.3786684368821547,True,False,0
2.693,-2.4816908116875154,-2.248189663538568,-2.377011694173502,True,False,0
2.694,-2.4956859263452693,-2.348747667658529,-2.391566224375485,True,False,0
2.695,-2.509098966191959,-2.4684595773251203,-2.4227987294290454,True,False,0
2.696,-2.5219277880701916,-2.324805285725205,-2.426294164470878,True,False,0
2.697,-2.5341703833829428,-2.3679015732051596,-2.436070300158036,True,False,0
2.698,-2.5458248783434567,-2.377478525978489,-2.4458148454076554,True,False,0
2.699,-2.5568895341944553,-2.3343822384985344,-2.447178827316051,True,False,0
2.7,-2.5673627473966723,-2.324805285725205,-2.446807575478573,True,False,0
2.701,-2.577243049786691,-2.406209384298478,-2.459405905467623,True,False,0
2.702,-2.5865291087041187,-2.4971904356450807,-2.4844357458485753,True,False,0
2.703,-2.595219727088104,-2.492401959258416,-2.5047363970875134,True,False,0
2.704,-2.60331384354322,-2.4349402426184668,-2.5127039260816195,True,False,0
2.705,-2.610810532374748,-2.4828250064850863,-2.5270023340186754,True,False,0
2.706,-2.617709003593402,-2.5785945342183823,-2.5542220727649387,True,False,0
2.707,-2.6240086028895346,-2.35832462043183,-2.5421899185676624,True,False,0
2.708,-2.629708811576876,-2.5450751995117287,-2.5616847332184487,True,False,0
2.709,-2.6348092465058652,-2.5690175814450527,-2.5818849326521813,True,False,0
2.71,-2.6393096599466412,-2.3918439551384836,-2.5707816161670496,True,False,0
2.711,-2.6432099394417605,-2.6312677744716666,-2.599411937892462,True,False,0
2.712,-2.646510107628727,-2.559440628671723,-2.6121096914465176,True,False,0
2.713,-2.6492103220324084,-2.4109978606851428,-2.5992505361130775,True,False,0
2.714,-2.6513108748274434,-2.6743640619516498,-2.630200760341939,True,False,0
2.715,-2.652812192570729,-2.535498246738399,-2.634218137350475,True,False,0
2.716,-2.6537148359040956,-2.492401959258416,-2.6307632806888135,True,False,0
2.717,-2.654019499227285,-2.5881714869916834,-2.643045425044364,True,False,0
2.718,-2.653727010341342,-2.4732480537117567,-2.6351527472848493,True,False,0
2.719,-2.6528383300625515,-2.5307097703517343,-2.637625285469135,True,False,0
2.72,-2.6513545518070476,-2.602536916151678,-2.6510974739636897,True,False,0
2.721,-2.6492769011462323,-2.4684595773251203,-2.6411682871239353,True,False,0
2.722,-2.6466067353331515,-2.6599986327916554,-2.663191991233757,True,False,0
2.723,-2.643345542799971,-2.7174603494316045,-2.6908361690067353,True,False,0
2.724,-2.6394949426267162,-2.5546521522850583,-2.6882745739133393,True,False,0
2.725,-2.6350566839814364,-2.5498636758983935,-2.6853597951404367,True,False,0
2.726,-2.630032645531955,-2.5259212939650695,-2.679110035613126,True,False,0
2.727,-2.624424834829391,-2.4732480537117567,-2.6654975056553143,True,False,0
2.728,-2.6182353876636295,-2.583383010605047,-2.6715113441383713,True,False,0
2.729,-2.6114665673909223,-2.66478710917832,-2.6894820882446018,True,False,0
2.73,-2.6041207642338167,-2.5738060578317175,-2.690173062601452,True,False,0
2.731,-2.5962004945536137,-2.4157863370718076,-2.6656924988759503,True,False,0
2.732,-2.587708400095555,-2.3535361440451936,-2.6352216667466095,True,False,0
2.733,-2.578647247206953,-2.535498246738399,-2.6384427273085436,True,False,0
2.734,-2.569019926028475,-2.5019789120317455,-2.6358367561258085,True,False,0
2.735,-2.558829449658815,-2.492401959258416,-2.632125186303675,True,False,0
2.736,-2.5480789532929635,-2.3726900495918244,-2.610015946621848,True,False,0
2.737,-2.536771693334327,-2.4349402426184668,-2.6012861245745085,True,False,0
2.738,-2.524911046480924,-2.401420907911813,-2.588624682408639,True,False,0
2.739,-2.512500508785901,-2.3295937621118696,-2.56657955150586,True,False,0
2.74,-2.4995436946926324,-2.3295937621118696,-2.5480307813974274,True,False,0
2.741,-2.4860443360446385,-2.5211328175784047,-2.562801969330943,True,False,0
2.742,-2.4720062810706,-2.2912859510185513,-2.538776700165075,True,False,0
2.743,-2.457433493344725,-2.2625550926985625,-2.5140051239119265,True,False,0
2.744,-2.442330050722739,-2.343959191271864,-2.50607302429485,True,False,0
2.745,-2.426700144253783,-2.4732480537117567,-2.5199041881400936,True,False,0
2.746,-2.4105480770684857,-2.3966324315251484,-2.5193904792762094,True,False,0
2.747,-2.3938782632435065,-2.2434011871519033,-2.4946557482682987,True,False,0
2.748,-2.3766952266428407,-2.32001680933854,-2.4859951972217296,True,False,0
2.749,-2.3590035997361705,-2.1524201358053006,-2.452127355280924,True,False,0
2.75,-2.340808122394576,-2.238612710765267,-2.437301111979565,True,False,0
2.751,-2.3221136406639014,-2.138054706645306,-2.4088777996166346,True,False,0
2.7520000000000002,-2.302925105516092,-2.085381466392022,-2.3766084453537726,True,False,0
2.753,-2.2832475715788063,-2.1284777538719766,-2.3562920922407993,True,False,0
2.754,-2.263086195843634,-2.0710160372320274,-2.330084479361657,True,False,0
2.755,-2.2424462363532354,-2.1189008010986754,-2.3156279276286873,True,False,0
2.7560000000000002,-2.2213330508677247,-2.0279197497520443,-2.2890345797280673,True,False,0
2.757,-2.199752095510636,-2.252978139925233,-2.3023532321104456,True,False,0
2.758,-2.1777089233948077,-2.01355432059205,-2.2755868937041708,True,False,0
2.759,-2.1552091832285134,-2.1476316594186358,-2.274330384637336,True,False,0
2.7600000000000002,-2.132258617902197,-2.032708226138709,-2.2550462857509954,True,False,0
2.761,-2.108863063056145,-2.0039773678187487,-2.234263929518713,True,False,0
2.762,-2.085028445629456,-1.8986308873121231,-2.2000696915414326,True,False,0
2.763,-2.0607607823906604,-1.8268037415121796,-2.1599068692056065,True,False,0
2.7640000000000002,-2.0360661784503424,-1.8507461234455036,-2.129911141087034,True,False,0
2.765,-2.0109508257561357,-1.6831494499122641,-2.078091884093329,True,False,0
2.766,-1.9854210015704414,-1.7741305012588953,-2.048920775650142,True,False,0
2.767,-1.9594830669312584,-1.8459576470588388,-2.0357680042261572,True,False,0
2.7680000000000002,-1.933143465096479,-1.903419363698788,-2.033814700324884,True,False,0
2.769,-1.906408719972031,-1.6544185915923038,-1.9926796339752684,True,False,0
2.77,-1.879285434524246,-1.8220152651255148,-1.984649450290245,True,False,0
2.771,-1.8517802891768336,-1.687937926298929,-1.9566281704570772,True,False,0
2.7720000000000002,-1.8239000401928387,-1.6975148790722585,-1.9345699754884,True,False,0
2.773,-1.7956515180419799,-1.7358226901655769,-1.9220858373868495,True,False,0
2.774,-1.767041625753746,-1.6304762096589798,-1.8948737190030285,True,False,0
2.775,-1.7380773372566507,-1.539495158312377,-1.8575478390774114,True,False,0
2.7760000000000002,-1.7087656957040342,-1.491610394445729,-1.8185473187059613,True,False,0
2.777,-1.6791138117868145,-1.5011873472190587,-1.7872511922589958,True,False,0
2.778,-1.6491288620335776,-1.4868219180590643,-1.7586402767312201,True,False,0
2.779,-1.6188180870984195,-1.5969568749523262,-1.7520344756593167,True,False,0
2.7800000000000002,-1.5881887900369331,-1.4245717250324503,-1.7191360470507222,True,False,0
2.781,-1.5572483345707522,-1.3431676264591488,-1.6785446125118821,True,False,0
2.782,-1.5260041433410547,-1.3958408667124615,-1.652744968227264,True,False,0
2.783,-1.4944636961514408,-1.2713404806592052,-1.6112913727180107,True,False,0
2.7840000000000003,-1.4626345282005893,-1.4628795361257403,-1.606790443710726,True,False,0
2.785,-1.4305242283051096,-1.3431676264591488,-1.5840170373191202,True,False,0
2.786,-1.3981404371130062,-1.2617635278858756,-1.551944795080568,True,False,0
2.787,-1.3654908453081624,-1.3527445792324784,-1.539388822135392,True,False,0
2.7880000000000003,-1.332583191806269,-1.1612055237659433,-1.4984461076762383,True,False,0
2.789,-1.2994252619426132,-1.1516285709926137,-1.4624780073360377,True,False,0
2.79,-1.266024885652147,-1.146840094605949,-1.431454999644839,True,False,0
2.791,-1.2323899356422556,-1.0175512321660278,-1.3848470138701994,True,False,0
2.7920000000000003,-1.1985283255586487,-1.1276861890592897,-1.3630984803687822,True,False,0
2.793,-1.1644480081447977,-1.146840094605949,-1.3478370793281125,True,False,0
2.794,-1.1301569733953394,-1.2043018112459265,-1.3441095747574892,True,False,0
2.795,-1.0956632467038747,-1.0702244724193406,-1.3197085685391765,True,False,0
2.7960000000000003,-1.0609748870055835,-0.9361471335927547,-1.2779128808789428,True,False,0
2.797,-1.0260999849150825,-0.9983973266193686,-1.2526188842112043,True,False,0
2.798,-0.9910466608599532,-0.7637619836728504,-1.1941233212206002,True,False,0
2.799,-0.955823063210362,-0.9840318974593742,-1.179840001201891,True,False,0
2.8000000000000003,-0.9204373664052045,-0.9026277988861011,-1.1549113164693523,True,False,0
2.801,-0.8848977690751951,-0.7015117906462365,-1.1020392979871272,True,False,0
2.802,-0.8492124921633337,-0.7015117906462365,-1.1020392979871272,False,False,1
2.803,-0.8133897770431693,-0.5099727351797014,-1.0271746683601417,True,False,0
2.8040000000000003,-0.7774378836352942,-0.7158772198062309,-0.9968400588844846,True,False,0
2.805,-0.7413650885224897,-0.6344731212329293,-0.9584058214113449,True,False,0
2.806,-0.7051796830639514,-0.5626459754329858,-0.9146754640830798,True,False,0
2.807,-0.6688899715090196,-0.5051842587930366,-0.8687673112786986,True,False,0
2.8080000000000003,-0.6325042691108361,-0.6153192156862985,-0.8476076171421674,True,False,0
2.809,-0.5960309002403583,-0.4333571129930647,-0.8009446388839125,True,False,0
2.81,-0.5594781965011478,-0.5291266407263322,-0.7768714756730486,True,False,0
2.811,-0.522854494845359,-0.37110691996645073,-0.7315543700053475,True,False,0
2.8120000000000003,-0.48616813569134976,-0.4142032074464055,-0.7002596406555684,True,False,0
2.813,-0.44942746104333336,-0.18435634088655206,-0.6374745150256963,True,False,0
2.814,-0.41264081261349267,-0.3806838727397803,-0.6157846925236761,True,False,0
2.815,-0.3758165299469753,-0.20351024643321125,-0.5694351173454049,True,False,0
2.816,-0.3389629485501852,-0.23702958113986483,-0.5357527622639602,True,False,0
2.817,-0.30208839802278864,-0.19872177004654645,-0.5013368092226208,True,False,0
2.818,-0.2652012001938479,-0.07900986037995494,-0.45339290572473745,True,False,0
2.819,-0.22830966726249527,-0.19872177004654645,-0.432039237262323,True,False,0
2.82,-0.19142209994355944,0.08379833676659132,-0.3692645357438742,True,False,0
2.821,-0.15454678561855353,0.1173176714732449,-0.31112973942699057,True,False,0
2.822,-0.1176919964924316,0.08379833676659132,-0.2675313009010334,True,False,0
2.823,-0.08086598775652055,-0.016759667353341,-0.24679609401304434,True,False,0
2.824,-0.04407699575803069,0.17477938811322247,-0.19897137323977537,True,False,0
2.825,-0.007333236176546194,0.1173176714732449,-0.1678450959264951,True,False,0
2.826,0.029357097792103964,0.040702049286636566,-0.15380669869798938,True,False,0
2.827,0.06598583724419839,0.27054891584649,-0.10554104854067647,True,False,0
2.828,0.1025448393683035,0.3854723491264167,-0.04670346480874425,True,False,0
2.829,0.13902598923688933,0.2657604394598252,-0.016183855296250865,True,False,0
2.83,0.1754212015889907,0.32322215609977434,0.018608776113592584,True,False,0
2.831,0.2117224226035266,0.2849143450064844,0.04180766728462773,True,False,0
2.832,0.2479216316628933,0.44772254215303064,0.08714861359207335,True,False,0
2.833,0.2840108431064488,0.4046262546730759,0.11846340245285328,True,False,0
2.834,0.31998210797350946,0.486030353246349,0.15772236272576895,True,False,0
2.835,0.3558275157354836,0.3615299671930927,0.17100906813988123,True,False,0
2.836,0.39153919601676784,0.3615299671930927,0.17100906813988123,False,False,1
2.837,0.4271093203040364,0.4908188296330138,0.20269373161889892,True,False,0
2.838,0.46253010364355734,0.47166492408635463,0.22631539105562018,True,False,0
2.839,0.4977938063261703,0.6775694087128841,0.2788471316475431,True,False,0
2.84,0.5328927355595675,0.8403776058594588,0.348868733421853,True,False,0
2.841,0.5678192471275193,0.6536270267795601,0.3781662319836769,True,False,0
2.842,0.6025657470356915,0.7733389364461516,0.4218034685867386,True,False,0
2.843,0.6371246931437057,0.6153192156862701,0.43345788400627344,True,False,0
2.844,0.6714885967830938,0.8643199877927827,0.48275546425259314,True,False,0
2.845,0.7056500243608057,0.8260121766994644,0.5181588173789146,True,False,0
2.846,0.739601598947932,0.8691084641794191,0.5547822709521848,True,False,0
2.847,0.773336001853305,0.9888203738460106,0.6045835650939072,True,False,0
2.848,0.8068459741816476,0.9553010391393855,0.6411701960362859,True,False,0
2.849,0.8401243183759437,0.9553010391393855,0.6719541822772881,True,False,0
2.85,0.8731638997437049,1.0654359960326474,0.7153232433815535,True,False,0
2.851,0.905957647966818,1.0079742793926698,0.7427005292623836,True,False,0
2.852,0.9384985585946538,1.1181092362859317,0.7832031931523245,True,False,0
2.853,0.9707796945201314,1.0175512321659994,0.8013336156875136,True,False,0
2.854,1.0027941874384274,1.1516285709925853,0.8378532350995299,True,False,0
2.855,1.0345352392880325,1.1899363820859037,0.8746564619582361,True,False,0
2.856,1.0659961236738524,1.1468400946059205,0.8987876148495378,True,False,0
2.857,1.0971701872720663,1.2761289570458416,0.9395967949437869,True,False,0
2.858,1.1280508512164487,1.2473980987258528,0.9693769153775986,True,False,0
2.859,1.1586316124658742,1.2378211459525232,0.9929149985856603,True,False,0
2.86,1.1889060451527267,1.4676680125123767,1.04917368321912,True,False,0
2.861,1.2188678019119328,1.180359429312574,1.0509425519031732,True,False,0
2.862,1.2485106151903589,1.3575330556191147,1.080530639279905,True,False,0
2.863,1.277828298536296,1.4054178194857627,1.1130205820653576,True,False,0
2.864,1.3068147478687828,1.529918205539019,1.1601033938127019,True,False,0
2.865,1.335463942726505,1.3335906736857908,1.1685812915744276,True,False,0
2.866,1.3637699474960212,1.5490721110856782,1.2098899792041604,True,False,0
2.867,1.3917269126190759,1.424571725032422,1.2249013249342788,True,False,0
2.868,1.419329075778751,1.678360973525571,1.277782878895809,True,False,0
2.869,1.4465707630642268,1.568226016632309,1.3048099918065026,True,False,0
2.87,1.4734463901139234,1.592168398565633,1.3313478659597604,True,False,0
2.871,1.4999504632367908,1.6256877332722866,1.3589930007173585,True,False,0
2.872,1.5260775805115379,1.5825914457923034,1.37541853617484,True,False,0
2.873,1.5518224328635775,1.673572497138906,1.4036685867103493,True,False,0
2.874,1.5771798051194872,1.616110780498957,1.4183247391788412,True,False,0
2.875,1.602144577038772,1.7070918318455597,1.4450860311108622,True,False,0
2.876,1.626711724322745,1.7023033554588949,1.466843525446641,True,False,0
2.8770000000000002,1.650876319600317,1.7358226901655485,1.4904664492835393,True,False,0
2.878,1.674633533390524,1.8842654581521288,1.5338858175764056,True,False,0
2.879,1.6979786350415977,1.7406111665522133,1.5476352776710127,True,False,0
2.88,1.7209069936464139,1.8842654581521288,1.581987661915828,True,False,0
2.8810000000000002,1.743414078934139,2.01355432059205,1.631396984664595,True,False,0
2.882,1.7654954621379195,1.9560926039520723,1.6638565458620358,True,False,0
2.883,1.7871468168384432,1.769342024872202,1.6615493486506072,True,False,0
2.884,1.8083639197832329,1.960881080338737,1.6899861937850014,True,False,0
2.8850000000000002,1.8291426516815115,2.0853814663919934,1.7336587297264066,True,False,0
2.886,1.8494789979745052,2.1093238483253174,1.7742020605274793,True,False,0
2.887,1.8693690495810467,1.9321502220187483,1.7802154519758377,True,False,0
2.888,1.888809003618341,1.9752465094987315,1.7921101958370078,True,False,0
2.8890000000000002,1.9077951640977828,1.9896119386587259,1.8043967907265104,True,False,0
2.89,1.926323942595691,2.1380547066452777,1.8382777734027864,True,False,0
2.891,1.944391858898858,2.066227560845334,1.8553934323584662,True,False,0
2.892,1.961995541624802,2.1428431830319425,1.8819457936691073,True,False,0
2.8930000000000002,1.9791317288166212,1.8651115526054696,1.8602386720241346,True,False,0
2.894,1.9957972685123566,1.9704580331120667,1.8586822691615694,True,False,0
2.895,2.0119891192887676,2.114112324711982,1.880156302420137,True,False,0
2.896,2.0277043507794414,1.9944004150453907,1.8792382257051523,True,False,0
2.8970000000000002,2.042940144167164,2.315228332951847,1.9293491080058138,True,False,0
2.898,2.0576937926504635,2.0614390844586694,1.9312613877492801,True,False,0
2.899,2.071962701884274,2.0805929900053286,1.9359081917173895,True,False,0
2.9,2.0857443903946615,2.291285951018523,1.9732339445425187,True,False,0
2.9010000000000002,2.0990364899675433,2.152420135805272,1.9826156904347523,True,False,0
2.902,2.1118367460113645,2.1045353719386526,1.9829149599999942,True,False,0
2.903,2.124143017893686,2.291285951018523,2.012785432907892,True,False,0
2.904,2.135953279251647,2.329593762111841,2.0439940688128813,True,False,0
2.9050000000000002,2.1472656182762675,2.3439591912718356,2.0725313698106755,True,False,0
2.906,2.1580782379705767,2.205093376058585,2.074518513544583,True,False,0
2.907,2.168389456381534,2.1955164232852553,2.0746715899813517,True,False,0
2.908,2.178197706805744,2.152420135805272,2.0679653113502896,True,False,0
2.9090000000000003,2.1875015379689486,2.367901573205131,2.096498035052301,True,False,0
2.91,2.196299614179297,2.176362517738596,2.0901273442987414,True,False,0
2.911,2.204590715454403,2.3822670023651256,2.117423525567177,True,False,0
2.912,2.2123737376221966,2.3056513801785172,2.1282392805105292,True,False,0
2.9130000000000003,2.2196476923955863,2.262555092698534,2.1305045781078404,True,False,0
2.914,2.226411707420955,2.4588826245517623,2.1635481727589543,True,False,0
2.915,2.232665026300519,2.2098818524452497,2.1518594920361274,True,False,0
2.916,2.2384070085885845,2.5115558648050467,2.1898701775514406,True,False,0
2.9170000000000003,2.2436371297617383,2.3008629037918524,2.188436430508465,True,False,0
2.918,2.2483549811630223,2.3774785259784608,2.1993813241640305,True,False,0
2.919,2.2525602699201395,2.468459577325092,2.2230199634414882,True,False,0
2.92,2.2562528188377566,2.3870554787517904,2.2299988100430976,True,False,0
2.9210000000000003,2.259432566263954,2.5211328175783763,2.2571354949989337,True,False,0
2.922,2.262099565930902,2.468459577325092,2.271614314835641,True,False,0
2.923,2.264253986769834,2.3487476676585004,2.2648104665099673,True,False,0
2.924,2.2658961127003994,2.4876134828717227,2.2811098468640947,True,False,0
2.9250000000000003,2.2670263423944728,2.4301517662317735,2.2857107070862517,True,False,0
2.926,2.267645189014528,2.506767388418382,2.301733118464404,True,False,0
2.927,2.267753279926652,2.4301517662317735,2.303063124973218,True,False,0
2.928,2.267351356388325,2.4014209079117848,2.2996254741841415,True,False,0
2.9290000000000003,2.2664402732110527,2.3870554787517904,2.2944546762418963,True,False,0
2.93,2.2650209983979788,2.4349402426184383,2.2976984977023993,True,False,0
2.931,2.263094612756592,2.3248052857251764,2.282960429316331,True,False,0
2.932,2.2606623094866527,2.5163443411917115,2.3009379411547335,True,False,0
2.9330000000000003,2.2577253937434647,2.4971904356450523,2.313026405086993,True,False,0
2.934,2.2542852821766353,2.3870554787517904,2.305730217659736,True,False,0
2.935,2.2503435024444562,2.3822670023651256,2.29883175354855,True,False,0
2.936,2.245901692704061,2.3631130968184664,2.289989574739485,True,False,0
2.9370000000000003,2.2409616010774918,2.468459577325092,2.2992577330089836,True,False,0
2.938,2.235525085093855,2.2960744274051876,2.279715651606159,True,False,0
2.939,2.229594111107711,2.3822670023651256,2.276943101250387,True,False,0
2.94,2.2231707536938674,2.329593762111841,2.266256294611087,True,False,0
2.9410000000000003,2.216257195018747,2.3774785259784608,2.2648589471128253,True,False,0
2.942,2.208855724188518,2.367901573205131,2.2621643130925144,True,False,0
2.943,2.2009687365741426,2.4109978606851143,2.266732125522474,True,False,0
2.944,2.192598733113563,2.286497474631858,2.2508297039146408,True,False,0
2.945,2.183748319591187,2.267343569085199,2.2344115965067415,True,False,0
2.946,2.174420205894885,2.286497474631858,2.2236352152477505,True,False,0
2.947,2.164617205250697,2.2529781399252045,2.2092517984427817,True,False,0
2.948,2.1543422334354507,2.391843955138455,2.2191737309212995,True,False,0
2.949,2.143598307967506,2.310439856565182,2.214611342309553,True,False,0
2.95,2.132388547275837,2.090169942778658,2.1758377105261197,True,False,0
2.951,2.1207161698476718,2.2577666163118693,2.169794437560175,True,False,0
2.952,2.108584493354914,2.1428431830319425,2.1464827561877287,True,False,0
2.953,2.095996933759576,2.099746895551988,2.1200332335644885,True,False,0
2.954,2.0829570043984518,2.3008629037918524,2.1296756354466337,True,False,0
2.955,2.069468315047273,2.2481896635385397,2.1294347679121532,True,False,0
2.956,2.0555345709645807,2.205093376058585,2.1223970248778894,True,False,0
2.957,2.0411595719155677,2.066227560845334,2.094451331457955,True,False,0
2.958,2.026347211176135,2.176362517738596,2.088405248176062,True,False,0
2.959,2.0111014745174156,2.1428431830319425,2.0780019034381874,True,False,0
2.96,1.995426439171027,1.9560926039520723,2.039629863070245,True,False,0
2.961,1.97932627277531,2.0183427969786862,2.0172165227631846,True,False,0
2.962,1.9628052323028242,2.094958419165323,2.0105091895329132,True,False,0
2.963,1.9458676629693625,2.090169942778658,2.0041061872620514,True,False,0
2.964,1.9285179971247637,2.0853814663919934,1.9979592490185638,True,False,0
2.965,1.9107607531257973,2.01355432059205,1.9813954208197533,True,False,0
2.966,1.8926005341913992,2.0327082261386806,1.9704964301073342,True,False,0
2.967,1.8740420272405478,1.8986308873121231,1.9400613364360364,True,False,0
2.968,1.8550900017130598,2.0422851789120102,1.93723684322152,True,False,0
2.969,1.8357493083736027,2.008765844205385,1.9295441439230847,True,False,0
2.97,1.816024878099216,1.965669556725402,1.9162364306679143,True,False,0
2.971,1.7959217206506377,1.8507461234454752,1.8868124502356198,True,False,0
2.972,1.7754449234277363,1.9129963164720891,1.8719280063272592,True,False,0
2.973,1.7545996502093555,1.8890539345387936,1.855606972201872,True,False,0
2.974,1.733391139877873,1.7549765957122077,1.8206097719489112,True,False,0
2.975,1.711824705128788,1.9034193636987595,1.8147061758980452,True,False,0
2.976,1.6899057311656445,1.8938424109254584,1.8082199849655878,True,False,0
2.977,1.6676396743806137,1.8603230762188048,1.7974463337110818,True,False,0
2.978,1.6450320610210443,1.807649835965492,1.7800274018764455,True,False,0
2.979,1.622088485842307,1.85553459983214,1.7729656451650984,True,False,0
2.98,1.5988146107472598,1.8172267887388216,1.7609482599296595,True,False,0
2.981,1.575216163412651,1.6879379262989005,1.7303316022743331,True,False,0
2.982,1.5512989359027949,1.6687840207522697,1.7015329386805937,True,False,0
2.983,1.5270687832708514,1.568226016632309,1.661353233806105,True,False,0
2.984,1.5025316221480371,1.616110780498957,1.6351405657906561,True,False,0
2.985,1.4776934293211097,1.5442836346990134,1.6016934353225394,True,False,0
2.986,1.4525602402984576,1.6017453513389626,1.5826644605138125,True,False,0
2.987,1.427138147865138,1.458091059739047,1.5438698933149397,True,False,0
2.988,1.4014333006272022,1.5778029694056386,1.5302144751556654,True,False,0
2.989,1.3754519015456548,1.5873799221789682,1.5202437142228191,True,False,0
2.99,1.3492002064603883,1.3335906736857908,1.4716033076161805,True,False,0
2.991,1.3226845226044406,1.4963988708323654,1.4564986786577878,True,False,0
2.992,1.2959112071089274,1.4054178194857627,1.4293600386688694,True,False,0
2.993,1.268886665498994,1.2857059098191712,1.3875392653720153,True,False,0
2.994,1.2416173501811458,1.4437256305790527,1.3774132219283985,True,False,0
2.995,1.2141097589222996,1.3192252445258248,1.3491473920102544,True,False,0
2.996,1.1863704333209224,1.1995133348592333,1.3063782012620386,True,False,0
2.997,1.1584059572706036,1.2761289570458416,1.2825434582713142,True,False,0
2.998,1.1302229554164214,1.242609622339188,1.2571727377019508,True,False,0
2.999,1.1018280916044632,1.2569750514991824,1.2381041759469178,True,False,0
3.0,1.073228067324853,1.1468400946059205,1.204592471393234,True,False,0
3.001,1.0444296201486525,1.180359429312574,1.1817118988889685,True,False,0
3.0020000000000002,1.0154395221589905,1.003185803006005,1.1343604268226422,True,False,0
3.003,0.9862645783767863,0.9217817044327319,1.0816082035070498,True,False,0
3.004,0.9569116251814263,1.0893783779659714,1.0638033455492502,True,False,0
3.005,0.9273875287267586,1.0989553307392725,1.050341246540837,True,False,0
3.0060000000000002,0.897699183352767,0.9696664682993799,1.0185090069157112,True,False,0
3.007,0.8678535099932891,1.0798014251926418,1.0091927841915158,True,False,0
3.008,0.8378574545801407,0.7781274128328164,0.9535085758059153,True,False,0
3.009,0.8077179864440149,0.9169932280460671,0.9286800279310213,True,False,0
3.0100000000000002,0.7774420967125143,0.8547430350194531,0.8979164019862605,True,False,0
3.011,0.7470367967056851,0.8499545586327883,0.8712724383353068,True,False,0
3.012,0.7165091163294174,0.7924928419928108,0.8397407748201122,True,False,0
3.013,0.685866102467072,0.6775694087128841,0.7949831651464472,True,False,0
3.0140000000000002,0.6551148173697044,0.7206656961928672,0.7641591956490741,True,False,0
3.015,0.6242623370452443,0.5387035934996334,0.7093646974319041,True,False,0
3.016,0.5933157496469975,0.7158772198062024,0.6913603756804442,True,False,0
3.017,0.562282153861832,0.6871463614862137,0.6716548237533629,True,False,0
3.0180000000000002,0.5311686572984127,0.6105307392996053,0.6429233268529253,True,False,0
3.019,0.4999823748758453,0.5817998809796165,0.6141919312314347,True,False,0
3.02,0.468730427213092,0.6153192156862701,0.5953335100049988,True,False,0
3.021,0.43741993901952014,0.5291266407263038,0.5657958827319911,True,False,0
3.0220000000000002,0.4060580374869432,0.47645340047301943,0.5325889440571074,True,False,0
3.023,0.3746518506835138,0.5434920698862982,0.5152809726176918,True,False,0
3.024,0.3432085059498274,0.4812418768596842,0.49084515865099454,True,False,0
3.025,0.3117351282975931,0.5530690226596278,0.48167666334800374,True,False,0
3.0260000000000002,0.28023883881122874,0.46208797131302504,0.4595326853999944,True,False,0
3.027,0.24872675305273442,0.31843367971310954,0.41811715498831925,True,False,0
3.028,0.2172059794701985,0.2801258686198196,0.37719450928812776,True,False,0
3.029,0.1856836178102888,0.3471645380330983,0.353394543019214,True,False,0
3.0300000000000002,0.15416675753507914,0.3854723491264167,0.3394448787852926,True,False,0
3.031,0.12266247624356154,0.31364520332644474,0.3163158380116951,True,False,0
3.032,0.09117783809819112,0.21308719920651242,0.280906552998001,True,False,0
3.033,0.059719892256810674,0.18914481727318844,0.24731592039057249,True,False,0
3.0340000000000003,0.028295671310298767,0.1125291950865801,0.20690151851612396,True,False,0
3.035,-0.003087810273715583,0.18435634088652364,0.18428864154602798,True,False,0
3.036,-0.03442355770073089,0.19393329365985323,0.16678107600220338,True,False,0
3.037,-0.06570459739250517,0.1364715770199041,0.1429367765972847,True,False,0
3.0380000000000003,-0.0969239785231049,-0.016759667353341,0.09857168991817872,True,False,0
3.039,-0.1280747745475364,-0.0215481437400058,0.06048345907675718,True,False,0
3.04,-0.15915008472262665,0.01675966735331258,0.03451165099743473,True,False,0
3.041,-0.1901430356198241,-0.08379833676661974,-0.0032895380361630255,True,False,0
3.0420000000000003,-0.2210467826295902,-0.06943290760662535,-0.03281709424670812,True,False,0
3.043,-0.2518545114570575,-0.0215481437400058,-0.05006704584193694,True,False,0
3.044,-0.2825594396086296,-0.22745262836653524,-0.09723763233270458,True,False,0
3.045,-0.31315481786920407,-0.33758758525979715,-0.15439437663250788,True,False,0
3.0460000000000003,-0.3436339317696981,-0.24181805752652963,-0.18729699314690468,True,False,0
3.047,-0.3739901030445637,-0.1508370061799269,-0.20055164289352617,True,False,0
3.048,-0.4042166910789782,-0.1508370061799269,-0.20055164289352617,False,False,1
3.049,-0.4343070943454005,-0.2513950102998592,-0.2276526166557295,True,False,0
3.0500000000000003,-0.46425475182918696,-0.294491297779814,-0.25729044937434625,True,False,0
3.051,-0.4940531444429618,-0.31364520332647317,-0.28526552980101827,True,False,0
3.052,-0.5236957964294396,-0.44293406576639427,-0.329308989994646,True,False,0
3.053,-0.5531762767524069,-0.37589539635311553,-0.35573480914894745,True,False,0
3.0540000000000003,-0.5824882004755604,-0.3902608255131099,-0.3802478487907757,True,False,0
3.055,-0.6116252301289165,-0.45729949492638866,-0.41150545916541176,True,False,0
3.056,-0.6405810770625003,-0.6392615976195941,-0.4666648227570421,True,False,0
3.057,-0.6693495027870296,-0.7158772198062309,-0.525227151913984,True,False,0
3.0580000000000003,-0.6979243203013116,-0.33758758525979715,-0.5145046995215782,True,False,0
3.059,-0.7262993954060744,-0.49560730601970704,-0.530544779008184,True,False,0
3.06,-0.7544686480039579,-0.6967233142595717,-0.5759379262594548,True,False,0
3.061,-0.7824260533853924,-0.6009537865263042,-0.5989426538357571,True,False,0
3.0620000000000003,-0.8101656435000975,-0.5003957824063718,-0.602350315164173,True,False,0
3.063,-0.8376815082139362,-0.7398196017395549,-0.6431901716253546,True,False,0
3.064,-0.8649677965508646,-0.7110887434195661,-0.6729961031500827,True,False,0
3.065,-0.8920187179197188,-0.9457240863660843,-0.7352880075085654,True,False,0
3.0660000000000003,-0.9188285433255879,-0.8068582711528336,-0.7656762698658967,True,False,0
3.067,-0.945391606565522,-0.6871463614862421,-0.7722586242881123,True,False,0
3.068,-0.9717023054083312,-0.8308006530861576,-0.8005806068062917,True,False,0
3.069,-0.9977551027582332,-1.0462820904860166,-0.8585861046197739,True,False,0
3.0700000000000003,-1.0235445278021125,-0.9313586572060899,-0.8891650501687356,True,False,0
3.071,-1.0490651771401585,-1.0223397085526926,-0.9293237780078639,True,False,0
3.072,-1.0743117158996525,-0.8355891294728224,-0.9334946585494314,True,False,0
3.073,-1.0992788788316774,-0.8882623697261067,-0.9453580200146646,True,False,0
3.074,-1.1239614713905306,-1.0462820904860166,-0.9804018001735301,True,False,0
3.075,-1.1483543707956252,-0.9744549446860731,-0.9984958367710726,True,False,0
3.076,-1.1724525270756614,-1.0558590432593462,-1.0266308579087293,True,False,0
3.077,-1.1962509640948653,-1.1755709529259377,-1.0692899861670409,True,False,0
3.078,-1.2197447805610897,-1.0558590432593462,-1.086197045470006,True,False,0
3.079,-1.2429291510155753,-1.0414936140993518,-1.0981442837999977,True,False,0
3.08,-1.26579932680418,-1.0941668543526362,-1.1165506716384705,True,False,0
3.081,-1.2883506370298847,-1.0079742793926982,-1.1183676495854564,True,False,0
3.082,-1.31057848948639,-1.1085322835126306,-1.1358449678691434,True,False,0
3.083,-1.3324783715726198,-1.3144367681391884,-1.183206860660301,True,False,0
3.084,-1.3540458511879592,-1.1276861890592897,-1.1934384832014258,True,False,0
3.085,-1.3752765776080504,-1.2186672404058925,-1.2164769762613263,True,False,0
3.086,-1.3961662823409804,-1.3192252445258532,-1.2518100744411789,True,False,0
3.087,-1.4167107799636978,-1.252186575112546,-1.2709069961955346,True,False,0
3.088,-1.4369059689384989,-1.1516285709926137,-1.2710266302430355,True,False,0
3.089,-1.4567478324094325,-1.3144367681391884,-1.2969486927821943,True,False,0
3.09,-1.4762324389784687,-1.5203412527657179,-1.351415992227998,True,False,0
3.091,-1.4953559434612942,-1.5059758236057235,-1.394966411446301,True,False,0
3.092,-1.5141145876225903,-1.386263913939132,-1.4126234028403712,True,False,0
3.093,-1.5325047008906592,-1.4197832486457855,-1.4327961640663,True,False,0
3.094,-1.5505227010512732,-1.3479561028458136,-1.4383777273797527,True,False,0
3.095,-1.5681650949206152,-1.5347066819257122,-1.4726927215206138,True,False,0
3.096,-1.5854284789971966,-1.448514106965746,-1.4878951986215767,True,False,0
3.097,-1.6023095400926324,-1.4389371541924163,-1.4991676547351018,True,False,0
3.098,-1.6188050559411704,-1.5251297291523827,-1.5223224520058511,True,False,0
3.099,-1.6349118957878601,-1.553860587472343,-1.5463616133262095,True,False,0
3.1,-1.6506270209552687,-1.5873799221789966,-1.5719043314500012,True,False,0
3.101,-1.6659474853886451,-1.5347066819257122,-1.5850419878135389,True,False,0
3.102,-1.6808704361794435,-1.4293602014191151,-1.5793880437673682,True,False,0
3.103,-1.6953931140671206,-1.43414867780578,-1.5753902690386066,True,False,0
3.104,-1.7095128539191233,-1.515552776379053,-1.5849372431658997,True,False,0
3.105,-1.7232270851889993,-1.707091831845588,-1.6233481864336914,True,False,0
3.106,-1.7365333323525511,-1.6592070679789686,-1.648072618676632,True,False,0
3.107,-1.749429215321975,-1.7406111665522417,-1.6817864537980576,True,False,0
3.108,-1.761912449837922,-1.601745351338991,-1.688129132631355,True,False,0
3.109,-1.7739808478394268,-1.7453996429389065,-1.7162494521419953,True,False,0
3.11,-1.7856323178116535,-1.7453996429389065,-1.7399098851092034,True,False,0
3.111,-1.7968648651114127,-1.6592070679789686,-1.7461476159046088,True,False,0
3.112,-1.8076765922704163,-1.5969568749523262,-1.7415231525586576,True,False,0
3.113,-1.8180656992762243,-1.577802969405667,-1.7345943176805838,True,False,0
3.114,-1.8280304838308616,-1.7693420248722305,-1.7591425175181532,True,False,0
3.115,-1.8375693415870815,-1.6304762096589798,-1.757773232084704,True,False,0
3.116,-1.8466807663622464,-1.707091831845588,-1.7687723637296553,True,False,0
3.117,-1.8553633503298277,-1.6927264026855937,-1.7757486725410596,True,False,0
3.118,-1.863615784188495,-1.7741305012588953,-1.7945292390491405,True,False,0
3.119,-1.871436857308807,-1.8268037415121796,-1.8186851882764672,True,False,0
3.12,-1.8788254578574977,-1.6975148790722585,-1.8185047692610616,True,False,0
3.121,-1.8857805728993642,-1.6639955443656334,-1.8130367936299632,True,False,0
3.122,-1.892301288476762,-1.841169170672174,-1.8365358011956359,True,False,0
3.123,-1.8983867896667377,-1.8363806942855092,-1.8555484099144235,True,False,0
3.124,-1.9040363606158017,-1.8124383123521852,-1.8677483512056552,True,False,0
3.125,-1.90924938455238,-1.8076498359655204,-1.8772539271157542,True,False,0
3.126,-1.9140253437769688,-1.77891897764556,-1.880695199296056,True,False,0
3.1270000000000002,-1.9183638196300323,-1.6975148790722585,-1.870679984001053,True,False,0
3.128,-1.9222644924376784,-1.7837074540321964,-1.87592333747761,True,False,0
3.129,-1.9257271414351629,-1.994400415045419,-1.913751026977073,True,False,0
3.13,-1.9287516446682738,-1.754976595712236,-1.907606589028941,True,False,0
3.1310000000000002,-1.9313379788726401,-1.711880308232253,-1.8956015826608923,True,False,0
3.132,-1.9334862193310443,-1.7023033554589233,-1.8839816659270392,True,False,0
3.133,-1.9351965397087822,-1.7453996429389065,-1.8810397467098443,True,False,0
3.134,-1.9364692118671565,-1.6831494499122641,-1.8686915271063094,True,False,0
3.1350000000000002,-1.937304605655173,-1.8268037415121796,-1.8810853272438597,True,False,0
3.136,-1.937703188679516,-1.927361745632112,-1.9074619822634338,True,False,0
3.137,-1.9376655260528892,-1.7166687846189177,-1.8962393635620571,True,False,0
3.138,-1.9371922801208172,-1.8363806942855092,-1.9057829790749812,True,False,0
3.1390000000000002,-1.93628421016699,-1.8555345998321684,-1.9168507879095251,True,False,0
3.14,-1.9349421720972568,-1.7262457373922473,-1.9056580093684155,True,False,0
3.141,-1.9331671181023735,-1.8555345998321684,-1.9167456384156152,True,False,0
3.142,-1.9309600962996012,-1.8315922178988444,-1.9222775029015624,True,False,0
3.1430000000000002,-1.9283222503532822,-1.6975148790722585,-1.9056673285334615,True,False,0
3.144,-1.9252548190744998,-1.8028613595788556,-1.9083994964083728,True,False,0
3.145,-1.9217591359999446,-1.7980728831921908,-1.9099388890686408,True,False,0
3.146,-1.9178366289501199,-1.9369386984054415,-1.9332582712404067,True,False,0
3.1470000000000002,-1.9134888195670086,-1.7262457373922473,-1.919463263585531,True,False,0
3.148,-1.9087173228313388,-1.7980728831921908,-1.91924794124925,True,False,0
3.149,-1.9035238465595907,-1.711880308232253,-1.9053966148173391,True,False,0
3.15,-1.8979101908808824,-1.711880308232253,-1.9053966148173391,False,False,1
3.1510000000000002,-1.89187824769389,-1.7358226901655769,-1.8975393757321501,True,False,0
3.152,-1.8854300001039412,-1.81722678873885,-1.9038389970809648,True,False,0
3.153,-1.8785675218404574,-1.8459576470588388,-1.9136962156996975,True,False,0
3.154,-1.8712929766548851,-1.77891897764556,-1.9113577358965306,True,False,0
3.1550000000000002,-1.863608617699296,-1.7262457373922473,-1.901036156160465,True,False,0
3.156,-1.8555167868858167,-1.8076498359655204,-1.9052622816246978,True,False,0
3.157,-1.8470199142270618,-1.841169170672174,-1.9141343141051999,True,False,0
3.158,-1.8381205171577497,-1.6161107804989854,-1.8859049493665911,True,False,0
3.1590000000000003,-1.828821199837683,-1.601745351338991,-1.8598744067182746,True,False,0
3.16,-1.8191246524362685,-1.7453996429389065,-1.8607559021284816,True,False,0
3.161,-1.8090336503987798,-1.6783609735255993,-1.8508652500526168,True,False,0
3.162,-1.7985510536945417,-1.5921683985656614,-1.8288731025090383,True,False,0
3.1630000000000003,-1.787679806047242,-1.7214572610055825,-1.8308741439634346,True,False,0
3.164,-1.7764229341475646,-1.6927264026855937,-1.8280011018852445,True,False,0
3.165,-1.76478354684835,-1.6831494499122641,-1.8240648186484212,True,False,0
3.166,-1.7527648343424902,-1.6639955443656334,-1.8177150184194861,True,False,0
3.1670000000000003,-1.7403700673237688,-1.5634375402456726,-1.7964237840914288,True,False,0
3.168,-1.727602596130858,-1.4820334416723995,-1.7655986412232159,True,False,0
3.169,-1.714465849874696,-1.5634375402456726,-1.7525730714891234,True,False,0
3.17,-1.7009633355494589,-1.5873799221789966,-1.745410623975864,True,False,0
3.1710000000000003,-1.6870986371273546,-1.6065338277256558,-1.7424219536787464,True,False,0
3.172,-1.6728754146374705,-1.5347066819257122,-1.7285154916954688,True,False,0
3.173,-1.6582974032288988,-1.5203412527657179,-1.714536237454815,True,False,0
3.174,-1.6433684122183787,-1.4820334416723995,-1.6966984707499886,True,False,0
3.1750000000000003,-1.6280923241226894,-1.4293602014191151,-1.6733357931474013,True,False,0
3.176,-1.6124730936760394,-1.3431676264591488,-1.6400082851792357,True,False,0
3.177,-1.5965147468326872,-1.5442836346990418,-1.6438635511384998,True,False,0
3.178,-1.5802213797550506,-1.443725630579081,-1.631158858097089,True,False,0
3.1790000000000003,-1.563597157787543,-1.448514106965746,-1.6212285841338376,True,False,0
3.18,-1.5466463144163958,-1.3766869611658024,-1.6014814577809626,True,False,0
3.181,-1.5293731502157217,-1.410206295872456,-1.590182399481004,True,False,0
3.182,-1.5117820317800705,-1.252186575112546,-1.5556134239277588,True,False,0
3.1830000000000003,-1.4938773906437446,-1.3335906736858192,-1.53943779388759,True,False,0
3.184,-1.4756637221871343,-1.3910523903257968,-1.534941057162576,True,False,0
3.185,-1.457145584530335,-1.362321532005808,-1.5266007854182522,True,False,0
3.186,-1.4383275974143201,-1.2904943862058644,-1.5081914867136164,True,False,0
3.1870000000000003,-1.4192144410699379,-1.1803594293126025,-1.4752344859998296,True,False,0
3.188,-1.399810855074998,-1.4245717250324503,-1.486236573835843,True,False,0
3.189,-1.3801216371997351,-1.2186672404058925,-1.4628372494353503,True,False,0
3.19,-1.3601516422409163,-1.2569750514992108,-1.4492246852143946,True,False,0
3.1910000000000003,-1.339905780844875,-1.2569750514992108,-1.4492246852143946,False,False,1
3.192,-1.3193890183197525,-1.1612055237659433,-1.4225820152764979,True,False,0
3.193,-1.298606373437232,-1.2378211459525517,-1.412316124676745,True,False,0
3.194,-1.2775629172240461,-1.1995133348592617,-1.3976027816284595,True,False,0
3.1950000000000003,-1.2562637717435503,-1.2043018112459265,-1.3859824298257915,True,False,0
3.196,-1.2347141088676448,-1.0510705668726814,-1.3519025709773393,True,False,0
3.197,-1.212919149039342,-1.1516285709926137,-1.339176295720352,True,False,0
3.198,-1.1908841600262672,-1.0798014251926702,-1.3170766142636263,True,False,0
3.1990000000000003,-1.1686144556653868,-0.9983973266193686,-1.2855712440925808,True,False,0
3.2,-1.146115394599263,-0.9983973266193686,-1.2855712440925808,False,False,1
3.201,-1.123392379004126,-1.122897712672625,-1.278808408323374,True,False,0
3.202,-1.1004508533100679,-0.8978393224994363,-1.2374238675906448,True,False,0
3.203,-1.077296302913654,-0.9457240863660843,-1.2101974508498445,True,False,0
3.204,-1.053934252883252,-0.9122047516594307,-1.1819729764538243,True,False,0
3.205,-1.0303702666573848,-1.0175512321660278,-1.1749328738832432,True,False,0
3.206,-1.0066099447364065,-0.9074162752727659,-1.1515419132323748,True,False,0
3.207,-0.9826589233678061,-0.9026277988861011,-1.1311013091453048,True,False,0
3.208,-0.9585228732254468,-0.821223700312828,-1.1009918864448214,True,False,0
3.209,-0.9342074980830436,-0.8738969405661123,-1.084011805478783,True,False,0
3.21,-0.9097185334821869,-0.8020697947661688,-1.0583329724837387,True,False,0
3.211,-0.885061745395222,-0.7446080781262197,-1.0276133697696397,True,False,0
3.212,-0.86024292888329,-0.821223700312828,-1.013917148492931,True,False,0
3.213,-0.835267906749841,-0.6823578850995773,-0.9803690123959369,True,False,0
3.214,-0.8101425281899262,-0.6248961684596281,-0.9430281791345863,True,False,0
3.215,-0.7848726674355837,-0.6296846448462929,-0.9123690601799374,True,False,0
3.216,-0.7594642223976247,-0.7350311253528901,-0.9032804480127063,True,False,0
3.217,-0.7339231133041305,-0.6153192156862985,-0.8766469656415361,True,False,0
3.218,-0.7082552813359753,-0.6248961684596281,-0.8557564632664384,True,False,0
3.219,-0.6824666872596805,-0.6009537865263042,-0.8343819323735012,True,False,0
3.22,-0.6565633100579177,-0.557857499046321,-0.8095623278971854,True,False,0
3.221,-0.6305511455579664,-0.5051842587930366,-0.7803251329542905,True,False,0
3.222,-0.6044362050584423,-0.45729949492638866,-0.7481304310143894,True,False,0
3.223,-0.5782245139546042,-0.49081882963304224,-0.7263579843281556,True,False,0
3.224,-0.5519221103625526,-0.4333571129930647,-0.6989252145168097,True,False,0
3.225,-0.525535043742631,-0.4046262546730759,-0.6712865676893904,True,False,0
3.226,-0.4990693735223395,-0.34237606164646195,-0.6381585248726135,True,False,0
3.227,-0.47253116771907056,-0.43814558937972947,-0.6254736544799517,True,False,0
3.228,-0.4459265015629805,-0.2753373922331832,-0.5889792038088167,True,False,0
3.229,-0.419261456120301,-0.2657604394598536,-0.5567538720078232,True,False,0
3.23,-0.39254211691740326,-0.21787567559320564,-0.5220449521266526,True,False,0
3.231,-0.36577457256592155,-0.32801063248646756,-0.5103082910308203,True,False,0
3.232,-0.3389649133892434,-0.22266415197987044,-0.48372509969676625,True,False,0
3.233,-0.31211923005067427,-0.04070204928666499,-0.43249879164273325,True,False,0
3.234,-0.2852436121835821,0.026336620126642174,-0.37876464090151357,True,False,0
3.235,-0.2583441470238255,-0.1412600534065973,-0.3601335893428934,True,False,0
3.236,-0.2314269180447726,0.17477938811322247,-0.2943335262163262,True,False,0
3.237,-0.20449800359521003,0.05506747844663096,-0.25795568749914694,True,False,0
3.238,-0.17756347554044657,-0.045490525673329785,-0.2432958922967936,True,False,0
3.239,-0.15062939790691146,-0.09816376592661413,-0.2393151257819844,True,False,0
3.24,-0.12370182553054569,-0.10774071869994373,-0.23748461541166604,True,False,0
3.241,-0.09678680270928683,-0.059855954833295755,-0.22834989410027456,True,False,0
3.242,-0.06989036185994127,-0.07422138399329015,-0.22294229988700534,True,False,0
3.243,-0.04301852217974231,-0.05506747844665938,-0.21535453880492475,True,False,0
3.244,-0.016177288312885597,0.040702049286636566,-0.1937811373991269,True,False,0
3.245,0.010627350977664476,0.22745262836650681,-0.14601061288767073,True,False,0
3.246,0.03738942413280706,0.021548143739977377,-0.13847297972837105,True,False,0
3.247,0.06410297811408694,0.2322411047531716,-0.0987148836195204,True,False,0
3.248,0.09076207971433871,0.2513950102998308,-0.06222461496874175,True,False,0
3.249,0.11736081686190818,0.32801063248643914,-0.01937045972637623,True,False,0
3.25,0.14389329991816682,0.29927977416645035,0.012130302515694788,True,False,0
3.251,0.17035366296803792,0.20829872281984763,0.024205432270461014,True,False,0
3.2520000000000002,0.1967360651032547,0.3663184435797575,0.0594273942390025,True,False,0
3.253,0.22303469169807286,0.4908188296330138,0.1088089265511022,True,False,0
3.254,0.24924375567716198,0.22745262836650681,0.10858862528701023,True,False,0
3.255,0.275357498775402,0.3615299671930927,0.12966794821916777,True,False,0
3.2560000000000002,0.301370192789315,0.5051842587930082,0.17018767804698998,True,False,0
3.257,0.3272761408198614,0.46687644769968983,0.19820534903892262,True,False,0
3.258,0.35306967850633647,0.5578574990462926,0.2362090208181698,True,False,0
3.259,0.37874517525110096,0.509972735179673,0.2605907748866849,True,False,0
3.2600000000000002,0.40429703543488554,0.5291266407263038,0.2841433914603351,True,False,0
3.261,0.42971969962240975,0.5147612115663378,0.30168220076353064,True,False,0
3.262,0.4550076457580583,0.47166492408635463,0.3096042753741962,True,False,0
3.263,0.48015539035136146,0.5003957824063434,0.3208266259442186,True,False,0
3.2640000000000002,0.5051574896520283,0.6632039795528897,0.3560905126378115,True,False,0
3.265,0.5300085408142834,0.4956073060196786,0.35918068656806673,True,False,0
3.266,0.5547031830502628,0.6871463614862137,0.3921588790384551,True,False,0
3.267,0.5792360987722243,0.7398196017395264,0.4282607087970357,True,False,0
3.2680000000000002,0.6036020147233346,0.5770114045929517,0.4328153809206418,True,False,0
3.269,0.6277957030967932,0.763761983672822,0.4662663489556505,True,False,0
3.27,0.6518119826430616,0.6488385503928953,0.47618511652743595,True,False,0
3.271,0.6756457197649649,0.7733389364461516,0.5042765445555445,True,False,0
3.2720000000000002,0.699291829600439,0.7446080781261912,0.523355950150732,True,False,0
3.273,0.7227452770926973,0.9026277988860727,0.5644713088476886,True,False,0
3.274,0.7460010780475962,0.8643199877927827,0.5929901418881635,True,False,0
3.275,0.7690543001779805,1.0606475196459826,0.6481234576489552,True,False,0
3.2760000000000002,0.791900064134793,0.8308006530861292,0.6580588772835754,True,False,0
3.277,0.8145335445247371,1.1516285709925853,0.7173018899194736,True,False,0
3.278,0.8369499709142828,0.8882623697260783,0.7253790368429953,True,False,0
3.279,0.8591446288198117,0.8834738933394135,0.731415694139354,True,False,0
3.2800000000000002,0.8811128606836995,0.9217817044327319,0.742570560868064,True,False,0
3.281,0.9028500668361347,1.003185803006005,0.7648669654328379,True,False,0
3.282,0.9243517064424847,1.1468400946059205,0.8064107475788866,True,False,0
3.283,0.9456132984360096,1.003185803006005,0.8185820897476215,True,False,0
3.2840000000000003,0.9666304224357446,1.0462820904859882,0.8356581324976503,True,False,0
3.285,0.9873987196493607,1.075012948805977,0.8545826306006483,True,False,0
3.286,1.0079138937608252,1.0845899015793066,0.8720246067282422,True,False,0
3.287,1.0281717118026863,1.3096482917524952,0.9223945746891868,True,False,0
3.2880000000000003,1.0481680050128073,1.1516285709925853,0.9397139093468905,True,False,0
3.289,1.0678986696753818,1.0606475196459826,0.9398567878833773,True,False,0
3.29,1.0873596679460626,1.2857059098191712,0.9756712975113288,True,False,0
3.291,1.1065470286610481,1.1276861890592613,0.9807436715303218,True,False,0
3.2920000000000003,1.1254568481299594,1.2330326695658584,1.0017195326348556,True,False,0
3.293,1.1440852909123624,1.3096482917524952,1.0315198675024257,True,False,0
3.294,1.1624285905777807,1.1659940001525797,1.033810274746817,True,False,0
3.295,1.1804830504490536,1.2713404806591768,1.0524453893899686,True,False,0
3.2960000000000003,1.1982450443288986,1.3910523903257683,1.0871112976308852,True,False,0
3.297,1.2157110172095373,1.4772449652857063,1.1299493423029374,True,False,0
3.298,1.2328774859652545,1.568226016632309,1.1804228744575178,True,False,0
3.299,1.2497410400277558,1.35274457923245,1.1887159118483057,True,False,0
3.3000000000000003,1.2662983420442022,1.4485141069657175,1.2108827326432072,True,False,0
3.301,1.2825461285177966,1.4628795361257119,1.2318122516514274,True,False,0
3.302,1.2984812104308043,1.4197832486457571,1.242587268941381,True,False,0
3.303,1.3141004738498976,1.3718984847791091,1.2440588368689613,True,False,0
3.3040000000000003,1.3294008805137094,1.4341486778057515,1.2551699030997185,True,False,0
3.305,1.3443794684024928,1.6256877332722866,1.2948968732481634,True,False,0
3.306,1.3590333522897888,1.35274457923245,1.2850343186804003,True,False,0
3.307,1.3733597242759987,1.529918205539019,1.3048357281334135,True,False,0
3.3080000000000003,1.3873558543037725,1.5251297291523542,1.3207371783089579,True,False,0
3.309,1.4010190906551248,1.5778029694056386,1.3424706394502228,True,False,0
3.31,1.414346860430191,1.568226016632309,1.359238264636667,True,False,0
3.311,1.4273366700075478,1.529918205539019,1.3672709180513751,True,False,0
3.3120000000000003,1.439986105486017,1.5251297291523542,1.37327013851554,True,False,0
3.313,1.4522928331078857,1.458091059739047,1.3676855395959329,True,False,0
3.314,1.464254599663474,1.6592070679789401,1.3948836854115372,True,False,0
3.315,1.4758692328769842,1.6304762096589513,1.4132114834760248,True,False,0
3.3160000000000003,1.48713464177358,1.5011873472190302,1.4081272588740954,True,False,0
3.317,1.4980488170276327,1.7262457373922189,1.439543684640575,True,False,0
3.318,1.5086098312920906,1.6927264026855653,1.4606612898615738,True,False,0
3.319,1.5188158395089224,1.529918205539019,1.4526082375209266,True,False,0
3.3200000000000003,1.528665079200597,1.6065338277256274,1.4579836486097741,True,False,0
3.321,1.5381558707425564,1.6352646860456161,1.4670632368429315,True,False,0
3.322,1.5472866176166562,1.9225732692454187,1.5202699819590273,True,False,0
3.323,1.5560558066455388,1.5873799221789682,1.51187641901542,True,False,0
3.3240000000000003,1.5644620082079195,1.745399642938878,1.5298760257638153,True,False,0
3.325,1.5725038764347652,1.8124383123521568,1.5556532345980931,True,False,0
3.326,1.580180149386346,1.673572497138906,1.555318037165376,True,False,0
3.327,1.587489649210155,1.6448416388189457,1.5504792840090138,True,False,0
3.3280000000000003,1.5944312822796858,1.6448416388189457,1.5504792840090138,False,False,1
3.329,1.6010040393140637,1.8459576470588104,1.5783049843471875,True,False,0
3.33,1.6072069954785373,1.678360973525571,1.5751366693014006,True,False,0
3.331,1.613039310465831,1.769342024872202,1.5869004567193614,True,False,0
3.332,1.618500228558373,1.6256877332722866,1.5740149154212804,True,False,0
3.333,1.6235890786714124,1.8172267887388216,1.593551143296628,True,False,0
3.334,1.6283052743770412,1.69751487907223,1.5910025973988227,True,False,0
3.335,1.632648313909153,1.8220152651254864,1.6086040295889816,True,False,0
3.336,1.6366177801493507,1.678360973525571,1.600630281799033,True,False,0
3.337,1.6402133405938546,1.673572497138906,1.5931617184919034,True,False,0
3.338,1.6434347473014286,1.7406111665522133,1.597510012545605,True,False,0
3.339,1.646281836822377,1.769342024872202,1.6057253846467106,True,False,0
3.34,1.6487545301086481,1.678360973525571,1.5982081903406757,True,False,0
3.341,1.6508528324051017,1.7166687846188893,1.5979588481959917,True,False,0
3.342,1.6525768331219821,1.8603230762188048,1.6205326421627475,True,False,0
3.343,1.6539267056886655,1.663995544365605,1.60838865573606,True,False,0
3.344,1.6549027073887324,1.7023033554588949,1.6042463313376496,True,False,0
3.345,1.6555051791764375,1.6927264026855653,1.5992420741312323,True,False,0
3.346,1.6557345454746408,1.831592217898816,1.617055630205503,True,False,0
3.347,1.655591313954277,1.745399642938878,1.6183737995876566,True,False,0
3.348,1.6550760752954408,1.7597650720988725,1.6217612661657341,True,False,0
3.349,1.6541895029301628,1.7932844068054976,1.6299276511748106,True,False,0
3.35,1.6529323527669697,1.965669556725402,1.664139154893428,True,False,0
3.351,1.651305462897315,1.8124383123521568,1.6686222129746295,True,False,0
3.352,1.6493097532839698,1.8459576470588104,1.677710428523698,True,False,0
3.353,1.646946225431475,1.7741305012588668,1.6739654566297553,True,False,0
3.354,1.6442159620387569,1.7837074540321964,1.6723333438209913,True,False,0
3.355,1.641120126634005,1.7310342137788837,1.662606101176828,True,False,0
3.356,1.6376599631919269,1.7980728831921624,1.6650539427471145,True,False,0
3.357,1.6338367957334898,1.941727174792078,1.689897146720544,True,False,0
3.358,1.6296520279082654,1.6352646860456161,1.6621952222446041,True,False,0
3.359,1.625107142559498,1.678360973525571,1.6457219039259192,True,False,0
3.36,1.6202037012720198,1.678360973525571,1.631861256159124,True,False,0
3.361,1.614943343903139,1.678360973525571,1.631861256159124,False,False,1
3.362,1.6093277880966375,1.7884959304188328,1.6376663283518358,True,False,0
3.363,1.6033588287800031,1.7310342137788837,1.633437279130878,True,False,0
3.364,1.597038337645044,1.663995544365605,1.6192466155055099,True,False,0
3.365,1.5903682626120217,1.7932844068054976,1.627811824455286,True,False,0
3.366,1.5833506272774467,1.6448416388189457,1.6114755466604016,True,False,0
3.367,1.5759875303456918,1.6927264026855653,1.605324734909136,True,False,0
3.368,1.5682811450445695,1.7741305012588668,1.6130601439819328,True,False,0
3.369,1.5602337185250283,1.7980728831921624,1.6233659811803045,True,False,0
3.37,1.5518475712451316,1.616110780498957,1.603178096657933,True,False,0
3.371,1.543125096338478,1.5251297291523542,1.5717624061368825,True,False,0
3.372,1.534068758967227,1.5011873472190302,1.5415319833860899,True,False,0
3.373,1.524681095659904,1.5011873472190302,1.5415319833860899,False,False,1
3.374,1.5149647136341478,1.6927264026855653,1.5464742303935897,True,False,0
3.375,1.5049222901045856,1.6496301152056105,1.543797559221809,True,False,0
3.376,1.494556571576005,1.6831494499122357,1.546861579562513,True,False,0
3.3770000000000002,1.483870373122007,1.6687840207522697,1.5471612868143114,True,False,0
3.378,1.4728665776493268,1.592168398565633,1.5352622122344766,True,False,0
3.379,1.4615481351480026,1.5778029694056386,1.5229719734788854,True,False,0
3.38,1.449918061927591,1.505975823605695,1.5012391730744408,True,False,0
3.3810000000000002,1.4379794398396106,1.6065338277256274,1.4989017110934229,True,False,0
3.382,1.4257354154864226,1.5155527763790246,1.4825053636426468,True,False,0
3.383,1.413189199416733,1.640053162432281,1.4884552575114405,True,False,0
3.384,1.400344065307929,1.400629343099098,1.4554888467056952,True,False,0
3.3850000000000002,1.3872033491354427,1.5203412527656894,1.4467372385337085,True,False,0
3.386,1.373770448329359,1.4293602014190867,1.424944029360367,True,False,0
3.387,1.3600488209184662,1.6352646860456161,1.439263705752366,True,False,0
3.388,1.3460419846619691,1.4054178194857627,1.414858534837589,True,False,0
3.3890000000000002,1.3317535161690721,1.35274457923245,1.385970044236347,True,False,0
3.39,1.3171870500066514,1.4341486778057515,1.3745739734532263,True,False,0
3.391,1.302346277795235,1.4485141069657175,1.3672636801055764,True,False,0
3.392,1.2872349472935096,1.4485141069657175,1.3611128002886792,True,False,0
3.3930000000000002,1.2718568614715788,1.5011873472190302,1.3642914340084646,True,False,0
3.394,1.256215877573197,1.3958408667124331,1.350257969680092,True,False,0
3.395,1.2403159061672082,1.2473980987258528,1.314907171298296,True,False,0
3.396,1.2241609101884143,1.3575330556191147,1.302630433720353,True,False,0
3.3970000000000002,1.2077549039681117,1.3862639139391035,1.2968575064940129,True,False,0
3.398,1.1911019522545225,1.242609622339188,1.269216575907075,True,False,0
3.399,1.1742061692233616,1.3335906736857908,1.2603891079758678,True,False,0
3.4,1.1570717174787706,1.266552004272512,1.2423293354803873,True,False,0
3.4010000000000002,1.1397028070448658,1.2282441931791936,1.2210582212773837,True,False,0
3.402,1.1221036943481324,1.3048598153658304,1.2153119569339081,True,False,0
3.403,1.1042786811909135,1.1420516182192557,1.1846556484378783,True,False,0
3.404,1.0862321137162354,1.204301811245898,1.16873432386625,True,False,0
3.4050000000000002,1.0679683813642151,1.075012948805977,1.1348328921905928,True,False,0
3.406,1.0494919158202993,1.1468400946059205,1.1177000274496471,True,False,0
3.407,1.0308071899555804,1.113320759899267,1.0979682663175434,True,False,0
3.408,1.0119187167594415,1.185147905699239,1.0927577604223586,True,False,0
3.4090000000000003,0.9928310482647807,1.0845899015793066,1.072425128189969,True,False,0
3.41,0.9735487744660718,1.0845899015793066,1.0553172542271814,True,False,0
3.411,0.9540765222305061,1.0414936140993234,1.0340876143048487,True,False,0
3.412,0.9344189542024829,0.9505125627527207,1.001795390933605,True,False,0
3.4130000000000003,0.9145807677016922,0.9505125627527207,0.9746247186320929,True,False,0
3.414,0.8945666936150584,0.9409356099793911,0.9502444126684515,True,False,0
3.415,0.8743814952827926,0.9840318974593458,0.9365659037089965,True,False,0
3.416,0.8540299673788242,1.1037438071259373,0.9440431334966768,True,False,0
3.4170000000000003,0.8335169347858606,0.9361471335927263,0.9237536181294335,True,False,0
3.418,0.8128472514653445,1.0079742793926698,0.9180738178975384,True,False,0
3.419,0.7920257993225661,0.9505125627527207,0.9041813985987077,True,False,0
3.42,0.7710574870671945,0.9792434210727095,0.8970490369947128,True,False,0
3.4210000000000003,0.7499472490694888,0.8595315114061179,0.872061543578291,True,False,0
3.422,0.7287000442124578,0.8547430350194531,0.8502776170419497,True,False,0
3.423,0.7073208547402257,0.763761983672822,0.8175190169899383,True,False,0
3.424,0.6858146851028735,0.8451660822461236,0.8028666366474247,True,False,0
3.4250000000000003,0.6641865607980187,0.81164674753947,0.7852219547468745,True,False,0
3.426,0.6424415272094002,0.7446080781261912,0.7597433796307399,True,False,0
3.427,0.6205846484427318,0.8164352239261348,0.7496975052400848,True,False,0
3.428,0.5986210061590919,0.8068582711528052,0.7397260018824561,True,False,0
3.4290000000000003,0.5765556984061153,0.6679924559395545,0.7093118429300957,True,False,0
3.43,0.5543938384472525,0.701511790646208,0.6890375448685957,True,False,0
3.431,0.5321405535893624,0.6679924559395545,0.6666625821728039,True,False,0
3.432,0.5098009840089058,0.5961653101396109,0.636444496432621,True,False,0
3.4330000000000003,0.48738028157700397,0.5147612115663378,0.5981083020144815,True,False,0
3.434,0.46488360868362977,0.5865883573662813,0.5772440285121856,True,False,0
3.435,0.44231613706119594,0.5051842587930082,0.5467781304240231,True,False,0
3.436,0.4196830466078061,0.5770114045929517,0.5325359231709043,True,False,0
3.4370000000000003,0.39698952421043376,0.6344731212329293,0.5296659681128963,True,False,0
3.438,0.37424076256829436,0.5051842587930082,0.5067459569502754,True,False,0
3.439,0.3514419590166736,0.42856863660637146,0.4753098144913241,True,False,0
3.44,0.3285983143514765,0.41899168383304186,0.44734054252409483,True,False,0
3.4410000000000003,0.3057150316547607,0.4908188296330138,0.43519899614562557,True,False,0
3.442,0.28279731512151585,0.31364520332644474,0.3968833391839731,True,False,0
3.443,0.2598503688879508,0.33758758525976873,0.3684418157570806,True,False,0
3.444,0.23687939586155152,0.3902608255130815,0.35286510501036183,True,False,0
3.4450000000000003,0.21388959655316764,0.3615299671930927,0.33520214464865744,True,False,0
3.446,0.1908861679113886,0.29927977416645035,0.3104676430515844,True,False,0
3.447,0.1678743021594688,0.3519530144197631,0.29801001996243065,True,False,0
3.448,0.14485918563505693,0.2897028213931492,0.27765528843028947,True,False,0
3.4490000000000003,0.12184599763298896,0.33279910887310393,0.26736389724362425,True,False,0
3.45,0.0988399092513982,0.31843367971310954,0.25642636307384653,True,False,0
3.451,0.07584608224139819,0.2801258686198196,0.24114789921815274,True,False,0
3.452,0.05286966786059097,0.2561834866864956,0.22449533676328765,True,False,0
3.4530000000000003,0.029915805730653288,0.1125291950865801,0.18770028259198607,True,False,0
3.454,0.006989622699250949,0.17477938811322247,0.16661381825380756,True,False,0
3.455,-0.015903768293468915,0.08379833676659132,0.13444206279936732,True,False,0
3.456,-0.038759269343559666,0.10295224231325051,0.11041056424154402,True,False,0
3.457,-0.06157179870688499,0.15083700617989848,0.09778499479912314,True,False,0
3.458,-0.08433629191741115,-0.026336620126670596,0.059062080898058,True,False,0
3.459,-0.10704770289993858,-0.011971190966676204,0.028758985510844985,True,False,0
3.46,-0.1297010050770309,-0.007182714580011407,0.004021418235180648,True,False,0
3.461,-0.15229119246990105,-0.06943290760662535,-0.026665656645906168,True,False,0
3.462,-0.17481328079301636,-0.07422138399329015,-0.05324521024241731,True,False,0
3.463,-0.19726230854218552,-0.10295224231327893,-0.0801659610640677,True,False,0
3.464,-0.21963333807589286,-0.06943290760662535,-0.09750090600504266,True,False,0
3.465,-0.2419214566896471,0.03112509651330697,-0.09613801300419353,True,False,0
3.466,-0.2641217776831127,-0.2657604394598536,-0.14207736187430325,True,False,0
3.467,-0.2862294414197959,-0.20829872281987605,-0.1716172875276716,True,False,0
3.468,-0.30823961637905734,-0.20829872281987605,-0.19647217690804913,True,False,0
3.469,-0.3301475002002268,-0.21308719920654084,-0.2181445304267076,True,False,0
3.47,-0.351948320718597,-0.32322215609980276,-0.25384706501205273,True,False,0
3.471,-0.37363733699307544,-0.3998377782864395,-0.2960384209201505,True,False,0
3.472,-0.39520984032527645,-0.24660653391319443,-0.30723572553564166,True,False,0
3.473,-0.41666115526983644,-0.31364520332647317,-0.3272894782912153,True,False,0
3.474,-0.4379866406357383,-0.3902608255131099,-0.3563139513208424,True,False,0
3.475,-0.45918169047843466,-0.4237801602197351,-0.3860513100308846,True,False,0
3.476,-0.4802417350825587,-0.3806838727397803,-0.40423724243409015,True,False,0
3.477,-0.5011622419350167,-0.45729949492638866,-0.4316901316762216,True,False,0
3.478,-0.521938716688259,-0.3998377782864395,-0.4456755527421457,True,False,0
3.479,-0.5425667041135255,-0.4237801602197351,-0.46124014917160244,True,False,0
3.48,-0.5630417890438675,-0.47645340047304785,-0.4826901816172612,True,False,0
3.481,-0.5833595973067495,-0.44772254215305907,-0.4961815178831534,True,False,0
3.482,-0.6035157966460364,-0.43814558937972947,-0.506014220333484,True,False,0
3.483,-0.6235060976331748,-0.5865883573663098,-0.5378304982490737,True,False,0
3.484,-0.6433262545673789,-0.557857499046321,-0.5600439920270852,True,False,0
3.485,-0.6629720663646375,-0.47166492408638305,-0.5650642683877835,True,False,0
3.486,-0.6824393774353563,-0.5099727351797014,-0.5753639523370714,True,False,0
3.487,-0.7017240785504567,-0.6584155031662533,-0.6075731484216279,True,False,0
3.488,-0.7208221076957533,-0.49081882963304224,-0.6080931060937316,True,False,0
3.489,-0.7397294509144354,-0.5003957824063718,-0.6100495044350319,True,False,0
3.49,-0.7584421431374818,-0.5003957824063718,-0.6116956177302232,True,False,0
3.491,-0.7769562690018387,-0.6248961684596281,-0.632826435588231,True,False,0
3.492,-0.7952679636561963,-0.8020697947661688,-0.6787056643359386,True,False,0
3.493,-0.813373413554202,-0.5291266407263322,-0.6740196193071125,True,False,0
3.494,-0.8312688572349489,-0.7637619836728504,-0.7072899793391486,True,False,0
3.495,-0.8489505860905843,-0.7254541725795605,-0.7292080315823444,True,False,0
3.496,-0.8664149451208859,-0.6967233142595717,-0.7430931596414899,True,False,0
3.497,-0.883658333674653,-0.6632039795529181,-0.7494599333836506,True,False,0
3.498,-0.900677206177769,-0.7063002670329013,-0.7616520130582042,True,False,0
3.499,-0.917468072847788,-0.7829158892195096,-0.7840616754391357,True,False,0
3.5,-0.9340275003949084,-0.821223700312828,-0.808992786393261,True,False,0
3.501,-0.9503521127091938,-0.7350311253528901,-0.8162996654720273,True,False,0
3.5020000000000002,-0.966438591533909,-0.749396554512856,-0.8247260315648501,True,False,0
3.503,-0.9822836771248384,-0.845166082246152,-0.8470050351113039,True,False,0
3.504,-0.9978841688954633,-0.8834738933394419,-0.8718262097400722,True,False,0
3.505,-1.013236926047869,-0.9792434210727095,-0.9078998029329217,True,False,0
3.5060000000000002,-1.028338868189267,-0.9553010391394139,-0.9344548542132312,True,False,0
3.507,-1.0431869759340102,-0.9074162752727659,-0.9492037405691389,True,False,0
3.508,-1.057778291490991,-0.9696664682994083,-0.971486340698679,True,False,0
3.509,-1.07210991923631,-0.797281318379504,-0.9628946088862506,True,False,0
3.5100000000000002,-1.0861790262711104,-0.9600895155260787,-0.9814869293894521,True,False,0
3.511,-1.0999828429644731,-0.8978393224994363,-0.9872576161237859,True,False,0
3.512,-1.1135186634812742,-1.0175512321660278,-1.0110993964922261,True,False,0
3.513,-1.126783846294908,-0.9840318974593742,-1.0258436961175024,True,False,0
3.5140000000000002,-1.1397758146847834,-1.1755709529259377,-1.0686276683442073,True,False,0
3.515,-1.1524920572185047,-1.0175512321660278,-1.0795641472348707,True,False,0
3.516,-1.1649301282186502,-1.0941668543526362,-1.1009173472889937,True,False,0
3.517,-1.1770876482140695,-1.1181092362859602,-1.1226811919454007,True,False,0
3.5180000000000002,-1.1889623043756161,-0.9553010391394139,-1.1151718853767905,True,False,0
3.519,-1.2005518509362485,-0.9936088502327038,-1.1149291799732854,True,False,0
3.52,-1.21185410959542,-0.9409356099794195,-1.1063709845287446,True,False,0
3.521,-1.2228669699076966,-1.189936382085932,-1.1386616767750624,True,False,0
3.5220000000000002,-1.2335883896555357,-1.0414936140993518,-1.14228801736152,True,False,0
3.523,-1.244016395206167,-1.1995133348592617,-1.1704011692863063,True,False,0
3.524,-1.2541490818525192,-1.146840094605949,-1.1857015882963333,True,False,0
3.525,-1.263984614138137,-1.1612055237659433,-1.200853717787501,True,False,0
3.5260000000000002,-1.273521226166046,-1.0654359960326758,-1.1984136571812813,True,False,0
3.527,-1.2827572218915109,-1.0798014251926702,-1.1986389495642327,True,False,0
3.528,-1.2916909753986539,-1.2090902876325629,-1.219333741915933,True,False,0
3.529,-1.3003209311608899,-1.146840094605949,-1.226873448174321,True,False,0
3.5300000000000002,-1.3086456042851455,-1.084589901579335,-1.2233444668037905,True,False,0
3.531,-1.3166635807398341,-1.300071338979194,-1.254550567983652,True,False,0
3.532,-1.3243735175665545,-1.1564170473792785,-1.2580237868097872,True,False,0
3.533,-1.331774143075495,-1.2665520042725404,-1.2784135719688428,True,False,0
3.5340000000000003,-1.3388642570245208,-1.1659940001526081,-1.2796210211071744,True,False,0
3.535,-1.34564273078193,-1.1324746654459545,-1.2753207975496705,True,False,0
3.536,-1.3521085074728663,-1.2569750514992108,-1.2914483683979707,True,False,0
3.537,-1.3582606021093768,-1.2904943862058644,-1.3103342753871199,True,False,0
3.5380000000000003,-1.3640981017041163,-1.3288021972991544,-1.3323004990394247,True,False,0
3.539,-1.3696201653676896,-1.228244193179222,-1.3348343633090758,True,False,0
3.54,-1.3748260243896426,-1.2857059098191996,-1.3460797925221248,True,False,0
3.541,-1.3797149823031003,-1.2090902876325629,-1.3433904468944762,True,False,0
3.5420000000000003,-1.3842864149330687,-1.338379150072484,-1.3616328632250838,True,False,0
3.543,-1.3885397704284084,-1.300071338979194,-1.3709064057055764,True,False,0
3.544,-1.392474569277502,-1.2234557167925573,-1.3665579148524643,True,False,0
3.545,-1.3960904043076334,-1.3431676264591488,-1.3818854205911144,True,False,0
3.5460000000000003,-1.399386940668104,-1.2857059098191996,-1.3856685456455278,True,False,0
3.547,-1.4023639157971146,-1.3671100083924728,-1.4017623677798186,True,False,0
3.548,-1.4050211393724443,-1.386263913939132,-1.4183415195643447,True,False,0
3.549,-1.407358493245962,-1.2713404806592052,-1.4140643432643492,True,False,0
3.5500000000000003,-1.4093759313620093,-1.2904943862058644,-1.4135033397690904,True,False,0
3.551,-1.411073479659698,-1.27612895704587,-1.4107529524640685,True,False,0
3.552,-1.4124512359591654,-1.189936382085932,-1.394768622716256,True,False,0
3.553,-1.413509369831843,-1.1851479056992673,-1.3805599568519469,True,False,0
3.5540000000000003,-1.4142481224547852,-1.3096482917525236,-1.388350565706593,True,False,0
3.555,-1.4146678064491172,-1.3144367681391884,-1.3956650359387572,True,False,0
3.556,-1.414768805702665,-1.3479561028458136,-1.4071356012820702,True,False,0
3.557,-1.4145515751768272,-1.300071338979194,-1.4091924032460519,True,False,0
3.5580000000000003,-1.414016640697755,-1.27612895704587,-1.4071257310667211,True,False,0
3.559,-1.4131645987319166,-1.3096482917525236,-1.4107030044757478,True,False,0
3.56,-1.4119961161461139,-1.2665520042725404,-1.4068778447060124,True,False,0
3.561,-1.4105119299520308,-1.2378211459525517,-1.3991026377194586,True,False,0
3.5620000000000003,-1.4087128470353953,-1.3958408667124615,-1.41762252908504,True,False,0
3.563,-1.406599743869837,-1.2665520042725404,-1.412699931760221,True,False,0
3.564,-1.4041735662155281,-1.228244193179222,-1.4024824349382823,True,False,0
3.565,-1.4014353288026988,-1.3335906736858192,-1.4105934008209728,True,False,0
3.5660000000000003,-1.3983861150001229,-1.2665520042725404,-1.406785624205965,True,False,0
3.567,-1.3950270764686623,-1.3192252445258532,-1.4119357446374354,True,False,0
3.568,-1.391359432799986,-1.2952828625925292,-1.4124717901910433,True,False,0
3.569,-1.3873844711405499,-1.1612055237659433,-1.3916581344606413,True,False,0
3.5700000000000003,-1.383103545800955,-1.1659940001526081,-1.374904980406576,True,False,0
3.571,-1.3785180778507928,-1.2665520042725404,-1.376757392179623,True,False,0
3.572,-1.3736295546990862,-1.1612055237659433,-1.3616080448877381,True,False,0
3.573,-1.3684395296604441,-1.1276861890592897,-1.343545215064364,True,False,0
3.5740000000000003,-1.3629496215070502,-1.3814754375524672,-1.3685981622658303,True,False,0
3.575,-1.3571615140066084,-1.410206295872456,-1.3942344266767341,True,False,0
3.576,-1.3510769554463626,-1.1181092362859602,-1.3694781421850637,True,False,0
3.577,-1.34469775814333,-1.3240137209124896,-1.3813046874119073,True,False,0
3.5780000000000003,-1.3380257979408698,-1.146840094605949,-1.3631557794292255,True,False,0
3.579,-1.3310630136917243,-1.3048598153658588,-1.372947240203971,True,False,0
3.58,-1.3238114067276692,-1.146840094605949,-1.3561238244983602,True,False,0
3.581,-1.316273040315912,-1.1181092362859602,-1.3374118867557767,True,False,0
3.5820000000000003,-1.3084500391023794,-1.1372631418326193,-1.3247054769687878,True,False,0
3.583,-1.3003445885420408,-1.1276861890592897,-1.312495399494744,True,False,0
3.584,-1.2919589343164135,-1.2426096223392165,-1.320448714318443,True,False,0
3.585,-1.2832953817384003,-1.0558590432593462,-1.2975219647799363,True,False,0
3.586,-1.274356295144612,-1.1803594293126025,-1.2979771792306245,True,False,0
3.587,-1.265144097275333,-1.2138787640192277,-1.303676367703161,True,False,0
3.588,-1.2556612686422812,-1.1133207598992954,-1.2925231508107191,True,False,0
3.589,-1.2459103468843327,-1.0941668543526362,-1.2801010235969121,True,False,0
3.59,-1.235893926111362,-1.0941668543526362,-1.269649047468362,True,False,0
3.591,-1.2256146562363752,-1.252186575112546,-1.2859167056461613,True,False,0
3.592,-1.2150752422960942,-1.1324746654459545,-1.2806179856545576,True,False,0
3.593,-1.2042784437601681,-1.0271281849393574,-1.259451677079812,True,False,0
3.594,-1.1932270738291821,-1.0750129488060054,-1.2492368780949346,True,False,0
3.595,-1.1819239987216363,-1.0319166613260222,-1.2338070705106046,True,False,0
3.596,-1.1703721369500757,-1.2617635278858756,-1.257278177192896,True,False,0
3.597,-1.158574458586547,-0.9936088502327038,-1.2344973943551047,True,False,0
3.598,-1.1465339845175648,-0.9122047516594307,-1.202418945575747,True,False,0
3.599,-1.1342537856887693,-0.9648779919127435,-1.1837821263378647,True,False,0
3.6,-1.1217369823394627,-1.1085322835126306,-1.1908846996083122,True,False,0
3.601,-1.108986743227209,-1.012762755779363,-1.1816717435055086,True,False,0
3.602,-1.0960062848426888,-0.9792434210727095,-1.168603792411846,True,False,0
3.603,-1.082798870615,-1.0319166613260222,-1.1659624033110734,True,False,0
3.604,-1.069367810107593,-1.1085322835126306,-1.1758911871053666,True,False,0
3.605,-1.0557164582050451,-1.084589901579335,-1.1804479993549668,True,False,0
3.606,-1.0418482142908567,-0.9169932280460955,-1.1577012450729955,True,False,0
3.607,-1.0277665214164826,-0.8547430350194816,-1.128689239970888,True,False,0
3.608,-1.0134748654617867,-1.036705137712687,-1.1331377573928183,True,False,0
3.609,-0.9989767742871268,-0.7158772198062309,-1.085997387417231,True,False,0
3.61,-0.9842758168772723,-0.845166082246152,-1.066838717977452,True,False,0
3.611,-0.9693756024773604,-0.8691084641794475,-1.0545158812156699,True,False,0
3.612,-0.9542797797210935,-0.821223700312828,-1.0365529179221333,True,False,0
3.613,-0.9389920357513891,-0.8834738933394419,-1.0313117722574145,True,False,0
3.614,-0.9235160953336905,-0.9553010391394139,-1.038293668222739,True,False,0
3.615,-0.9078557199621451,-0.7110887434195661,-1.0054361308252564,True,False,0
3.616,-0.8920147069588689,-0.7924928419928392,-0.9907005046138713,True,False,0
3.617,-0.8759968885665026,-0.9217817044327603,-0.998807182118758,True,False,0
3.618,-0.8598061310342776,-0.77333893644618,-0.982085096029228,True,False,0
3.619,-0.8434463336978082,-0.7302426489662253,-0.9611800579703786,True,False,0
3.62,-0.8269214280528214,-0.749396554512856,-0.9466283738790254,True,False,0
3.621,-0.810235376823047,-0.749396554512856,-0.9343845888867115,True,False,0
3.622,-0.793392173022482,-0.5722229282063154,-0.8959829083694415,True,False,0
3.623,-0.7763958390122528,-0.6727809323262477,-0.8796202529549455,True,False,0
3.624,-0.7592504255522902,-0.5674344518196506,-0.8491447506376534,True,False,0
3.625,-0.7419600108480431,-0.6871463614862421,-0.8424889925251299,True,False,0
3.626,-0.72452869959245,-0.5722229282063154,-0.8186619662346231,True,False,0
3.6270000000000002,-0.7069606220033915,-0.6632039795529181,-0.8130435168536819,True,False,0
3.628,-0.6892599328568453,-0.6201076920729633,-0.8014810771937018,True,False,0
3.629,-0.6714308105159723,-0.6536270267795885,-0.7970686131510181,True,False,0
3.63,-0.6534774559563514,-0.5626459754329858,-0.7789263592510539,True,False,0
3.6310000000000002,-0.635404091787594,-0.5243381643396674,-0.7575858452056664,True,False,0
3.632,-0.6172149612715595,-0.45251101853972386,-0.7282381444176049,True,False,0
3.633,-0.5989143273374001,-0.5626459754329858,-0.7210124123290703,True,False,0
3.634,-0.5805064715936603,-0.3950493018997747,-0.6883518268621445,True,False,0
3.6350000000000002,-0.5619956933376562,-0.32801063248646756,-0.6502388725512789,True,False,0
3.636,-0.5433863085623644,-0.2992797741664788,-0.6136139199554389,True,False,0
3.637,-0.5246826489610443,-0.34716453803312675,-0.5903922200181506,True,False,0
3.638,-0.5058890609298243,-0.4189916838330703,-0.5822452800924559,True,False,0
3.6390000000000002,-0.48700990456847537,-0.32801063248646756,-0.5609608386983488,True,False,0
3.64,-0.4680495526796024,-0.37110691996645073,-0.5498871897617477,True,False,0
3.641,-0.4490123897664799,-0.30406825055314357,-0.5299374808773739,True,False,0
3.642,-0.429902811029759,-0.33758758525979715,-0.5184679696632853,True,False,0
3.6430000000000002,-0.41072522136327283,-0.30406825055314357,-0.5035013534094644,True,False,0
3.644,-0.39148403434916823,-0.36631844357978594,-0.5007813337317029,True,False,0
3.645,-0.37218367125258994,-0.22745262836653524,-0.476468572149859,True,False,0
3.646,-0.3528285600161448,-0.24181805752652963,-0.45829017694136137,True,False,0
3.6470000000000002,-0.3334231342543709,-0.18914481727321686,-0.4346408945626474,True,False,0
3.648,-0.31397183224844,-0.2849143450065128,-0.4299314518984039,True,False,0
3.649,-0.29447909594131616,-0.256183486686524,-0.42141220940607854,True,False,0
3.65,-0.27494936993359825,-0.20351024643321125,-0.4058901367937594,True,False,0
3.6510000000000002,-0.25538710048026997,-0.031125096513335393,-0.3654895585378395,True,False,0
3.652,-0.23579673448858107,-0.07422138399329015,-0.33833159467587337,True,False,0
3.653,-0.21618271851728438,0.026336620126642174,-0.2995323743299611,True,False,0
3.654,-0.19654949777745132,-0.19872177004654645,-0.3025810073162634,True,False,0
3.6550000000000002,-0.17690151513508792,-0.19393329365988166,-0.3043866736777137,True,False,0
3.656,-0.15724321011577289,-0.016759667353341,-0.27780619959645203,True,False,0
3.657,-0.13757901791153887,-0.0023942381933466095,-0.2531630333203582,True,False,0
3.658,-0.11791336839021631,0.040702049286636566,-0.22559319948238246,True,False,0
3.6590000000000003,-0.09825068510745953,-0.05506747844665938,-0.21758500535974065,True,False,0
3.66,-0.07859538432167243,0.026336620126642174,-0.19793621069276054,True,False,0
3.661,-0.05895187401205163,0.01675966735331258,-0.18292262359095277,True,False,0
3.662,-0.03932455289996277,-0.05027900205999458,-0.18092253566192404,True,False,0
3.6630000000000003,-0.0197178094738648,0.29449129777978555,-0.12455904496246493,True,False,0
3.664,-0.00013602101799677774,0.1173176714732449,-0.10523457315227841,True,False,0
3.665,0.019416447354960634,0.05027900205996616,-0.09960730742274529,True,False,0
3.666,0.038935243667037295,0.1125291950865801,-0.08499963763320742,True,False,0
3.6670000000000003,0.05841603003372889,0.31843367971310954,-0.04005226669019946,True,False,0
3.668,0.07785448361814663,0.22266415197984202,-0.017422615238335704,True,False,0
3.669,0.09724629758035379,0.05027900205996616,-0.02572233811590685,True,False,0
3.67,0.11658718202168258,0.22266415197984202,-0.005365415307565378,True,False,0
3.6710000000000003,0.13587286492382702,0.1173176714732449,-0.004945069560369374,True,False,0
3.672,0.1550990930825078,0.22745262836650681,0.012876028610108158,True,False,0
3.673,0.17426163303550832,0.30885672693977995,0.040781399392785786,True,False,0
3.674,0.19335627198488078,0.3950493018997463,0.0779311287776552,True,False,0
3.6750000000000003,0.21237881871312428,0.16520243533989287,0.0727351613099168,True,False,0
3.676,0.23132510449313767,0.2561834866864956,0.08279288225902558,True,False,0
3.677,0.2501909839917522,0.41899168383304186,0.11707684974982185,True,False,0
3.678,0.26897233616665045,0.4046262546730759,0.143645016238189,True,False,0
3.6790000000000003,0.28766506515647905,0.4812418768596842,0.1781507160862729,True,False,0
3.68,0.30626510116396644,0.3950493018997463,0.19351365294305856,True,False,0
3.681,0.324768401331857,0.3423760616464335,0.1980860427491581,True,False,0
3.682,0.3431709506114751,0.4908188296330138,0.22547629432965263,True,False,0
3.6830000000000003,0.3614687626237352,0.3854723491264167,0.2318144819380301,True,False,0
3.684,0.3796578805124161,0.45729949492636024,0.2485392273261453,True,False,0
3.685,0.39773437778951815,0.44772254215303064,0.261092519767033,True,False,0
3.686,0.4156943591725265,0.3950493018997463,0.26330087514817646,True,False,0
3.6870000000000003,0.43353396141340256,0.33758758525976873,0.256045548896829,True,False,0
3.688,0.4512493541191313,0.43814558937970105,0.2658894316762868,True,False,0
3.689,0.4688367405636525,0.6296846448462645,0.3045501938431632,True,False,0
3.69,0.4862923584910044,0.5770114045929517,0.3287253706596503,True,False,0
3.6910000000000003,0.5036124809095148,0.6344731212329293,0.3581797972720022,True,False,0
3.692,0.5207934168768732,0.7158772198062024,0.39587344900505583,True,False,0
3.693,0.5378315122759211,0.701511790646208,0.425310523345719,True,False,0
3.694,0.5547231505809997,0.8164352239261348,0.4683057459761257,True,False,0
3.6950000000000003,0.5714647536146998,0.701511790646208,0.48625504805129527,True,False,0
3.696,0.5880527822948513,0.6871463614862137,0.4990792293064187,True,False,0
3.697,0.604483737371608,0.6679924559395545,0.5068316815949487,True,False,0
3.698,0.6207541601544692,0.6584155031662249,0.5118356878563337,True,False,0
3.6990000000000003,0.6368606332290943,0.7829158892194812,0.5357918363940879,True,False,0
3.7,0.6527997811637614,0.725454172579532,0.5468351003124617,True,False,0
3.701,0.6685682712053301,0.8451660822461236,0.5751132263981051,True,False,0
3.702,0.684162813964565,0.7972813183794756,0.591311907658145,True,False,0
3.7030000000000003,0.6995801640906812,0.8786854169527487,0.6178521770756069,True,False,0
3.704,0.7148171209349811,0.8547430350194531,0.6363858910429849,True,False,0
3.705,0.7298705292034418,0.8260121766994644,0.6474234373425048,True,False,0
3.706,0.7447372795981315,0.8260121766994644,0.6567104272802768,True,False,0
3.7070000000000003,0.7594143094473211,0.8691084641794191,0.6713595764600239,True,False,0
3.708,0.7738986033241688,0.8882623697260783,0.6867231806193678,True,False,0
3.709,0.7881871936538554,0.9744549446860447,0.7133202692929724,True,False,0
3.71,0.8022771613090519,0.8403776058594588,0.7144343716580249,True,False,0
3.7110000000000003,0.8161656361936019,0.7972813183794756,0.7085367001107947,True,False,0
3.712,0.829849797814304,0.9505125627527207,0.7278768965229285,True,False,0
3.713,0.8433268758406888,1.0702244724193122,0.7631360604672556,True,False,0
3.714,0.8565941506526744,0.9744549446860447,0.7776140558834191,True,False,0
3.715,0.8696489538760036,0.9744549446860447,0.7897958392345673,True,False,0
3.716,0.8824886689053549,1.1276861890592613,0.8243480865106594,True,False,0
3.717,0.8951107314150318,0.9265701808193967,0.8215233160365787,True,False,0
3.718,0.9075126298571314,0.9888203738460106,0.8290194437273024,True,False,0
3.719,0.9196919059471019,1.137263141832591,0.8588697279616458,True,False,0
3.72,0.931646155136596,0.9840318974593458,0.8596832565688349,True,False,0
3.721,0.9433730270735341,1.0654359960326474,0.8732784606610193,True,False,0
3.722,0.954870226049296,1.113320759899267,0.8923119936512929,True,False,0
3.723,0.9661355114329513,1.075012948805977,0.9022511815803793,True,False,0
3.724,0.9771666980924625,1.1181092362859317,0.9174490900602832,True,False,0
3.725,0.9879616568027738,1.1181092362859317,0.9302366081642104,True,False,0
3.726,0.9985183146407229,1.1181092362859317,0.9302366081642104,False,False,1
3.727,1.0088346553666991,1.1181092362859317,0.9409960241374339,True,False,0
3.728,1.0189087197929882,1.242609622339188,0.9697947736148484,True,False,0
3.729,1.0287386061387367,1.0127627557793346,0.9575722928019799,True,False,0
3.73,1.0383224703714786,1.161205523765915,0.9708313425544628,True,False,0
3.731,1.0476585265351654,1.0702244724193122,0.9675578979303473,True,False,0
3.732,1.056745047064649,1.1037438071259373,0.9701197931703662,True,False,0
3.733,1.0655803630865637,1.161205523765915,0.981388807638026,True,False,0
3.734,1.0741628647065635,1.0989553307392725,0.9809976656816607,True,False,0
3.735,1.0824910012828666,1.1707824765392445,0.9920603540998871,True,False,0
3.736,1.0905632816860702,1.2761289570458416,1.0180764649157348,True,False,0
3.737,1.0983782745451958,1.2521865751125176,1.0361691519078284,True,False,0
3.738,1.105934608479928,1.1228977126725965,1.0308871048819355,True,False,0
3.739,1.113230972319021,1.3671100083924443,1.0651748949431756,True,False,0
3.74,1.1202661153048397,1.2090902876325629,1.068962687328802,True,False,0
3.741,1.1270388472840098,1.15641704737925,1.0637957521694799,True,False,0
3.742,1.1335480388841594,1.3096482917524952,1.0837507900778582,True,False,0
3.743,1.1397926216767302,1.2138787640191993,1.0853518959530484,True,False,0
3.744,1.1457715883258404,1.1947248584725685,1.083661254161078,True,False,0
3.745,1.1514839927231915,1.185147905699239,1.080719842362395,True,False,0
3.746,1.1569289501090068,1.2761289570458416,1.092674546141245,True,False,0
3.747,1.1621056371789953,1.2809174334325064,1.1034926852697011,True,False,0
3.748,1.167013292177339,1.3192252445258248,1.1186706901540588,True,False,0
3.749,1.1716512149757021,1.3958408667124331,1.1435927095956893,True,False,0
3.75,1.1760187671382683,1.424571725032422,1.1691188114074813,True,False,0
3.751,1.1801153719728066,1.4197832486457571,1.189837016946048,True,False,0
3.7520000000000002,1.1839405145677844,1.2617635278858472,1.1822073627813168,True,False,0
3.753,1.1874937418155298,1.4102062958724275,1.1993308162436205,True,False,0
3.754,1.1907746624214675,1.2521865751125176,1.18867653817652,True,False,0
3.755,1.1937829468994408,1.2761289570458416,1.1835092951456043,True,False,0
3.7560000000000002,1.1965183275531477,1.3814754375524387,1.1958695438732025,True,False,0
3.757,1.1989805984437094,1.290494386205836,1.191839848190414,True,False,0
3.758,1.2011696153434062,1.3192252445258248,1.1930059808799554,True,False,0
3.759,1.2030852956756035,1.3718984847791091,1.2023411479159138,True,False,0
3.7600000000000002,1.204727618440913,1.2713404806591768,1.1942472428864648,True,False,0
3.761,1.2060966241296154,1.3096482917524952,1.1935126564184488,True,False,0
3.762,1.207192414620392,1.31443676813916,1.1936540284790975,True,False,0
3.763,1.2080151530654077,1.3623215320057795,1.2013675090491354,True,False,0
3.7640000000000002,1.2085650637617857,1.4341486778057515,1.219249425745971,True,False,0
3.765,1.2088424320095328,1.4197832486457571,1.2320169089530357,True,False,0
3.766,1.208847603955961,1.2857059098191712,1.221494783181342,True,False,0
3.767,1.2085809864266592,1.328802197299126,1.2194765451286598,True,False,0
3.7680000000000002,1.208043046743081,1.1995133348592333,1.1972731685371374,True,False,0
3.769,1.2072343125268008,1.3431676264591204,1.201374840940951,True,False,0
3.77,1.2061553714905093,1.2809174334325064,1.194953098358217,True,False,0
3.771,1.2048068712158093,1.35274457923245,1.2009416402391562,True,False,0
3.7720000000000002,1.2031895189178858,1.3862639139391035,1.2112965696501858,True,False,0
3.773,1.201304081197123,1.1995133348592333,1.1903905382950235,True,False,0
3.774,1.1991513837777383,1.1995133348592333,1.1903905382950235,False,False,1
3.775,1.1967323112335206,1.204301811245898,1.1735596594029947,True,False,0
3.7760000000000002,1.1940478067007438,1.2617635278858472,1.168511596384176,True,False,0
3.777,1.1910988715783468,1.2617635278858472,1.1642641568546994,True,False,0
3.778,1.1878865652154647,1.4054178194857627,1.1834739522319848,True,False,0
3.779,1.184412004586396,1.4724564888990415,1.2102694136121022,True,False,0
3.7800000000000002,1.1806763639531053,1.4437256305790527,1.228258393047976,True,False,0
3.781,1.1766808745153499,1.328802197299126,1.2251674455398478,True,False,0
3.782,1.1724268240485294,1.3192252445258248,1.2210478167042607,True,False,0
3.783,1.1679155565293597,1.2713404806591768,1.2099870314311494,True,False,0
3.7840000000000003,1.1631484717494718,1.0893783779659714,1.1718212737010825,True,False,0
3.785,1.1581270249170406,1.3048598153658304,1.1738839960176668,True,False,0
3.786,1.1528527262465522,1.2809174334325064,1.1718223052222014,True,False,0
3.787,1.1473271405368195,1.4054178194857627,1.1898333772284835,True,False,0
3.7880000000000003,1.1415518867373577,1.2857059098191712,1.1860015653922906,True,False,0
3.789,1.135528637503236,1.1276861890592613,1.1577155299862476,True,False,0
3.79,1.1292591187385195,1.3192252445258248,1.164293784238098,True,False,0
3.791,1.1227451091284275,1.2234557167925288,1.154639666185183,True,False,0
3.7920000000000003,1.1159884396603241,1.1516285709925853,1.135124897377269,True,False,0
3.793,1.1089909931336674,1.2234557167925288,1.1300969687937972,True,False,0
3.794,1.1017547036590458,1.242609622339188,1.1289042824305167,True,False,0
3.795,1.0942815561464285,1.0367051377126586,1.0952442766966084,True,False,0
3.7960000000000003,1.0865735857827619,1.1037438071259373,1.0775550946960666,True,False,0
3.797,1.0786328774990455,1.1947248584725685,1.077101026656207,True,False,0
3.798,1.070461565427022,1.1420516182192557,1.0683649907185142,True,False,0
3.799,1.0620618323456223,1.218667240405864,1.0731657395027783,True,False,0
3.8000000000000003,1.0534359091173002,1.2282441931791936,1.078723994896861,True,False,0
3.801,1.044586074114403,1.0319166613259938,1.052263136656276,True,False,0
3.802,1.0355146526357217,1.075012948805977,1.0368340512972662,True,False,0
3.803,1.0262240163133611,1.113320759899267,1.029927645109193,True,False,0
3.8040000000000003,1.0167165825100872,1.1659940001525797,1.032470579044223,True,False,0
3.805,1.0069948137072926,1.0989553307392725,1.023977861114549,True,False,0
3.806,0.9970612168837376,1.2282441931791936,1.0373373207887122,True,False,0
3.807,0.9869183428852162,1.0079742793926698,1.013643129687196,True,False,0
3.8080000000000003,0.9765687857853065,1.1037438071259373,1.008895900829761,True,False,0
3.809,0.9660151822373592,1.0127627557793346,0.9904719758607252,True,False,0
3.81,0.9552602108178848,1.027128184939329,0.9772484469680056,True,False,0
3.811,0.9443065913614996,1.0079742793926698,0.963084359522017,True,False,0
3.8120000000000003,0.9331570842875913,1.204301811245898,0.9823042718581999,True,False,0
3.813,0.9218144899188716,1.0079742793926698,0.9673383298890009,True,False,0
3.814,0.910281647791977,0.9648779919127151,0.9479109112513722,True,False,0
3.815,0.8985614359602866,1.051070566872653,0.9452348381304588,True,False,0
3.8160000000000003,0.8866567702891275,0.9888203738460106,0.9331103013957578,True,False,0
3.817,0.8745706037435319,0.8738969405660839,0.9046818455249942,True,False,0
3.818,0.8623059256687241,0.9744549446860447,0.896710659955868,True,False,0
3.819,0.8498657610635045,0.9553010391393855,0.8869658934596866,True,False,0
3.8200000000000003,0.8372531698467075,0.9265701808193967,0.8742099301879733,True,False,0
3.821,0.8244712461169084,0.9600895155260503,0.8687932355425976,True,False,0
3.822,0.8115231174055546,1.003185803006005,0.8710707065371484,True,False,0
3.823,0.7984119439237002,0.8260121766994644,0.8448872088092624,True,False,0
3.8240000000000003,0.7851409178025225,1.003185803006005,0.8509561789329246,True,False,0
3.825,0.771713262327799,0.9265701808193967,0.8439113613396938,True,False,0
3.826,0.7581322311685299,0.9457240863660559,0.8410216648411036,True,False,0
3.827,0.744401107599883,0.8978393224994079,0.8309957444671165,True,False,0
3.8280000000000003,0.7305232037206498,0.8020697947661404,0.8073708761685767,True,False,0
3.829,0.7165018596653914,0.8978393224994079,0.8026819755080282,True,False,0
3.83,0.7023404428114651,0.7781274128328164,0.7797504097932291,True,False,0
3.831,0.6880423469811118,0.8403776058594588,0.7703286827348893,True,False,0
3.8320000000000003,0.6736109916387958,0.7541850308994924,0.748731088636533,True,False,0
3.833,0.6590498210839817,0.7733389364461516,0.7335966879888313,True,False,0
3.834,0.6443623036395381,0.7685504600594868,0.7201031523524145,True,False,0
3.835,0.6295519308359561,0.6871463614862137,0.695838992090471,True,False,0
3.8360000000000003,0.6146222165915739,0.6967233142595433,0.6769420370120841,True,False,0
3.837,0.5995766963889955,0.6584155031662249,0.6549665174990104,True,False,0
3.838,0.5844189264478961,0.6105307392996053,0.6288817882666391,True,False,0
3.839,0.5691524828944057,0.5817998809796165,0.6023773825968937,True,False,0
3.84,0.553780960927261,0.7685504600594868,0.6096952468499616,True,False,0
3.841,0.5383079739809208,0.5195496879530026,0.5763609401097987,True,False,0
3.842,0.5227371528858337,0.763761983672822,0.5870455627071278,True,False,0
3.843,0.5070721450260552,0.5770114045929517,0.5664169351535558,True,False,0
3.844,0.491316613494405,0.7350311253528616,0.5741219602225364,True,False,0
3.845,0.4754742362453584,0.45251101853969544,0.5357972394432444,True,False,0
3.846,0.45954870524586766,0.42378016021970666,0.49899410657000715,True,False,0
3.847,0.44354372562430366,0.5626459754329574,0.4900520930333887,True,False,0
3.848,0.42746301481771576,0.6392615976195657,0.4946795322942572,True,False,0
3.849,0.4113103017176022,0.44772254215303064,0.46819493850102223,True,False,0
3.85,0.3950893258143846,0.5817998809796165,0.46717548931283465,True,False,0
3.851,0.37880383634078335,0.5434920698862982,0.4602421007960277,True,False,0
3.852,0.3624575914142862,0.509972735179673,0.4490921775555838,True,False,0
3.853,0.34605435717890276,0.42378016021970666,0.42604047942738577,True,False,0
3.854,0.3295979069464043,0.5051842587930082,0.41955548502800644,True,False,0
3.855,0.3130920203372367,0.3998377782864111,0.3973910453297767,True,False,0
3.856,0.2965404824213028,0.3711069199664223,0.3741851707346695,True,False,0
3.857,0.2799470828588087,0.2561834866864956,0.33643287871282956,True,False,0
3.858,0.26331561504136464,0.2849143450064844,0.3092248234825489,True,False,0
3.859,0.24664987523353513,0.3854723491264167,0.3022804828444069,True,False,0
3.86,0.22995366171502932,0.5195496879530026,0.3177021999723921,True,False,0
3.861,0.2132307739237241,0.3615299671930927,0.305616081187736,True,False,0
3.862,0.1964850115997121,0.3519530144197631,0.2939279164777097,True,False,0
3.863,0.1797201739305632,0.29927977416645035,0.27573951314742573,True,False,0
3.864,0.16294005869799305,0.21308719920651242,0.2467656388400577,True,False,0
3.865,0.1461484614261256,0.31364520332644474,0.2383355382734115,True,False,0
3.866,0.12934917453154032,0.2897028213931492,0.2274451877476966,True,False,0
3.867,0.11254598647529186,0.1316831006332393,0.19322009885946637,True,False,0
3.868,0.09574268091708998,0.1412600534065689,0.16594201980543538,True,False,0
3.869,0.07894303587182723,0.22266415197984202,0.15590094907655888,True,False,0
3.87,0.06215082286863921,0.17956786449985884,0.1406173164229251,True,False,0
3.871,0.04536980611268419,0.18435634088652364,0.1285171230247826,True,False,0
3.872,0.02860374164982526,0.19393329365985323,0.11985492799197084,True,False,0
3.873,0.011856376534399186,0.17956786449985884,0.11028819924188604,True,False,0
3.874,-0.004868551999745734,0.09816376592658571,0.08932805375381705,True,False,0
3.875,-0.02156731736476172,0.0023942381933181878,0.05650312994871704,True,False,0
3.876,-0.03823620444068232,0.01675966735331258,0.031162602616750967,True,False,0
3.8770000000000002,-0.05487151039349322,-0.05027900205999458,-0.0007912557865183759,True,False,0
3.878,-0.07146954548921469,-0.06464443121996055,-0.029955586891826723,True,False,0
3.879,-0.08802663390381847,0.1125291950865801,-0.02639468956179794,True,False,0
3.88,-0.10453911452880343,0.06943290760659693,-0.030233628162148984,True,False,0
3.8810000000000002,-0.1210033417722553,-0.007182714580011407,-0.04561495879254614,True,False,0
3.882,-0.13741568635521723,-0.0023942381933466095,-0.05779735525489519,True,False,0
3.883,-0.15377253610319883,-0.059855954833295755,-0.07716105812734464,True,False,0
3.884,-0.1700702967326537,-0.11252919508660852,-0.10180765821142247,True,False,0
3.8850000000000002,-0.18630539263225548,0.1221061478599097,-0.08533210645652378,True,False,0
3.886,-0.20247426763880483,0.0023942381933181878,-0.09045590482095994,True,False,0
3.887,-0.21857338580760108,-0.011971190966676204,-0.09704542710111769,True,False,0
3.888,-0.23459923217711356,-0.06943290760662535,-0.11170328640618893,True,False,0
3.8890000000000002,-0.25054831352778895,-0.1604139589532565,-0.13846601447027757,True,False,0
3.89,-0.26641715913483344,-0.08858681315328454,-0.14959237497465136,True,False,0
3.891,-0.28220232151480873,-0.1412600534065973,-0.16730807632359743,True,False,0
3.892,-0.2979003771658841,-0.1652024353399213,-0.18601133006994813,True,False,0
3.8930000000000002,-0.31350792730158683,-0.10295224231327893,-0.19187535601980435,True,False,0
3.894,-0.3290215985778964,-0.2705489158465184,-0.2233902021290064,True,False,0
3.895,-0.34443804381352894,-0.22745262836653524,-0.24307171218529794,True,False,0
3.896,-0.35975394270325883,-0.1412600534065973,-0.24596157779091388,True,False,0
3.8970000000000002,-0.37496600252413054,-0.31843367971313796,-0.27649287182321186,True,False,0
3.898,-0.390070958834409,-0.19872177004654645,-0.283195573077065,True,False,0
3.899,-0.40506557616512456,-0.2513950102998592,-0.29718920814126953,True,False,0
3.9,-0.41994664870406817,-0.35674149080645634,-0.3256714170617774,True,False,0
3.9010000000000002,-0.43471100097209214,-0.32322215609980276,-0.34432017263229164,True,False,0
3.902,-0.44935548849157964,-0.3902608255131099,-0.3706435751961891,True,False,0
3.903,-0.4638769984469402,-0.33758758525979715,-0.38443809934021383,True,False,0
3.904,-0.47827245033699795,-0.49560730601970704,-0.42110675951130777,True,False,0
3.9050000000000002,-0.4925387966191368,-0.45729949492638866,-0.4458841410239338,True,False,0
3.906,-0.5066730233450693,-0.35674149080645634,-0.45078331313047504,True,False,0
3.907,-0.5206721507881008,-0.46208797131305346,-0.47161344216970236,True,False,0
3.908,-0.5345332340617583,-0.5291266407263322,-0.49977225207003767,True,False,0
3.9090000000000003,-0.5482533637296608,-0.44293406576639427,-0.5097949165980494,True,False,0
3.91,-0.5618296664065024,-0.49081882963304224,-0.5258225152905744,True,False,0
3.911,-0.5752593053500329,-0.3854723491264451,-0.5226001683223895,True,False,0
3.912,-0.58853948104391,-0.5291266407263322,-0.5426724764396997,True,False,0
3.9130000000000003,-0.6016674317713099,-0.43814558937972947,-0.545131706466321,True,False,0
3.914,-0.614640434179179,-0.35195301441979154,-0.5335307480245673,True,False,0
3.915,-0.6274558038330157,-0.49560730601970704,-0.5465532936008255,True,False,0
3.916,-0.6401108957620691,-0.45251101853972386,-0.5506753845330338,True,False,0
3.9170000000000003,-0.6526031049948496,-0.5387035934996618,-0.5678138655240297,True,False,0
3.918,-0.6649298670848429,-0.5770114045929802,-0.5883098051819193,True,False,0
3.919,-0.6770886586263253,-0.7589735072861856,-0.6344143005131659,True,False,0
3.92,-0.6890769977601788,-0.6248961684596281,-0.6519419321559599,True,False,0
3.9210000000000003,-0.7008924446696067,-0.5626459754329858,-0.656816789829636,True,False,0
3.922,-0.7125326020656553,-0.6105307392996338,-0.6685130245432043,True,False,0
3.923,-0.7239951156624442,-0.5147612115663662,-0.6631651745466056,True,False,0
3.924,-0.7352776746420187,-0.6105307392996338,-0.6738545545705951,True,False,0
3.9250000000000003,-0.7463780121087303,-0.5099727351797014,-0.6669000841629504,True,False,0
3.926,-0.7572939055330632,-0.6153192156862985,-0.6777565600216717,True,False,0
3.927,-0.7680231771848188,-0.6775694087129125,-0.6967640864944272,True,False,0
3.928,-0.7785636945555807,-0.6536270267795885,-0.7089597515845467,True,False,0
3.9290000000000003,-0.7889133707703786,-0.6584155031662533,-0.7199806355271512,True,False,0
3.93,-0.7990701649884746,-0.605742262912969,-0.7208996226086816,True,False,0
3.931,-0.8090320827932014,-0.6105307392996338,-0.7224323112264052,True,False,0
3.932,-0.8187971765707763,-0.821223700312828,-0.7571378478241875,True,False,0
3.9330000000000003,-0.8283635458780263,-0.749396554512856,-0.7749472863359687,True,False,0
3.934,-0.8377293377989559,-0.8978393224994363,-0.8134751888761524,True,False,0
3.935,-0.8468927472900964,-0.7063002670329013,-0.8155144402218051,True,False,0
3.936,-0.855852017514573,-0.6967233142595717,-0.815711359995926,True,False,0
3.9370000000000003,-0.8646054401648334,-0.7446080781262197,-0.8234715784044411,True,False,0
3.938,-0.873151355773984,-0.7829158892195096,-0.8360766492157718,True,False,0
3.939,-0.8814881540156743,-0.9265701808194251,-0.8694661444750936,True,False,0
3.94,-0.8896142739924886,-0.7063002670329013,-0.8626252225590187,True,False,0
3.9410000000000003,-0.8975282045127891,-0.8260121766994928,-0.8758555971442229,True,False,0
3.942,-0.9052284843559704,-0.7015117906462365,-0.8672418541419399,True,False,0
3.943,-0.9127137025260813,-0.749396554512856,-0.8675887821026337,True,False,0
3.944,-0.9199824984937736,-0.845166082246152,-0.8830697475163551,True,False,0
3.9450000000000003,-0.9270335624265446,-0.5961653101396394,-0.8566038729696094,True,False,0
3.946,-0.9338656354072319,-0.7541850308995208,-0.8593974392216696,True,False,0
3.947,-0.9404775096407398,-1.0079742793926982,-0.9019989552113972,True,False,0
3.948,-0.9468680286489558,-0.9169932280460955,-0.9234142576421008,True,False,0
3.9490000000000003,-0.9530360874538418,-0.9361471335927547,-0.9444709022158518,True,False,0
3.95,-0.9589806327486716,-0.8738969405661123,-0.9523150708840822,True,False,0
3.951,-0.9647006630573921,-0.7158772198062309,-0.9338532038679797,True,False,0
3.952,-0.970195228882096,-0.9217817044327603,-0.9509758710927239,True,False,0
3.9530000000000003,-0.9754634328385859,-0.8547430350194816,-0.9547505387470098,True,False,0
3.954,-0.9805044297800177,-0.9169932280460955,-0.9677994327709316,True,False,0
3.955,-0.9853174269086162,-0.8930508461127715,-0.9749815053384443,True,False,0
3.956,-0.9899016838754519,-0.8403776058594872,-0.9726705170571504,True,False,0
3.9570000000000003,-0.994256512868278,-0.9553010391394139,-0.9889529241656242,True,False,0
3.958,-0.9983812786874225,-0.9457240863660843,-1.0011340332388825,True,False,0
3.959,-1.0022753988097401,-0.8834738933394419,-1.0015103275581736,True,False,0
3.96,-1.0059383434406217,-0.8786854169527771,-1.0010674885328847,True,False,0
3.9610000000000003,-1.0093696355540744,-0.7877043656061744,-0.9862652765763802,True,False,0
3.962,-1.012568850920876,-0.8403776058594872,-0.9821646806242277,True,False,0
3.963,-1.0155356181248172,-0.9169932280460955,-0.9908656879745404,True,False,0
3.964,-1.018269618567046,-0.8643199877927827,-0.9898327312105013,True,False,0
3.9650000000000003,-1.0207705864585308,-0.9505125627527491,-1.0026337557791567,True,False,0
3.966,-1.0230383088006623,-0.9457240863660843,-1.0126450830761777,True,False,0
3.967,-1.0250726253540128,-0.9792434210727095,-1.0263847835828035,True,False,0
3.968,-1.0268734285952863,-0.9409356099794195,-1.0318697415885214,True,False,0
3.969,-1.0284406636624748,-0.8260121766994928,-1.0182579121694748,True,False,0
3.97,-1.0297743282882612,-1.0510705668726814,-1.0424992124161359,True,False,0
3.971,-1.0308744727216972,-0.9265701808194251,-1.0431500607504212,True,False,0
3.972,-1.0317411996381882,-0.8499545586328168,-1.031546436229082,True,False,0
3.973,-1.0323746640378306,-0.9026277988861011,-1.0301371313047831,True,False,0
3.974,-1.0327750731321337,-0.9936088502327038,-1.043380949596939,True,False,0
3.975,-1.032942686219176,-0.9122047516594307,-1.0416135952517327,True,False,0
3.976,-1.0328778145472357,-0.8355891294728224,-1.0279752953285872,True,False,0
3.977,-1.0325808211669465,-0.8882623697261067,-1.0248540148011571,True,False,0
3.978,-1.0320521207720306,-1.0079742793926982,-1.0412140951389854,True,False,0
3.979,-1.0312921795286552,-1.0271281849393574,-1.0580172765393339,True,False,0
3.98,-1.030301514893476,-0.9026277988861011,-1.0524096926997344,True,False,0
3.981,-1.029080695420422,-0.8499545586328168,-1.0393374892772116,True,False,0
3.982,-1.0276303405562783,-0.8882623697261067,-1.0344141632262176,True,False,0
3.983,-1.0259511204251384,-0.821223700312828,-1.0196393351715818,True,False,0
3.984,-1.0240437556017805,-0.8547430350194816,-1.0125239679756286,True,False,0
3.985,-1.0219090168740455,-0.7781274128328448,-0.9943858507756875,True,False,0
3.986,-1.0195477249942777,-0.8691084641794475,-0.9935540487208174,True,False,0
3.987,-1.0169607504199103,-0.8499545586328168,-0.9898163585312356,True,False,0
3.988,-1.014149013043257,-0.9744549446860731,-1.006417244877907,True,False,0
3.989,-1.0111134819106022,-0.988820373846039,-1.0226635874071928,True,False,0
3.99,-1.0078551749306541,-0.8499545586328168,-1.0143091203768015,True,False,0
3.991,-1.0043751585724563,-0.9648779919127435,-1.0255065452973007,True,False,0
3.992,-1.0006745475528265,-0.6248961684596281,-0.9810068931073691,True,False,0
3.993,-0.9967545045134246,-0.8260121766994928,-0.975461918455598,True,False,0
3.994,-0.9926162396875231,-0.77333893644618,-0.962442394395095,True,False,0
3.995,-0.9882610105565811,-0.8547430350194816,-0.9643984698759582,True,False,0
3.996,-0.9836901214967091,-0.9457240863660843,-0.9804739187779785,True,False,0
3.997,-0.9789049234151205,-0.749396554512856,-0.9628622257079185,True,False,0
3.998,-0.9739068133766664,-0.8116467475394984,-0.9579166387609065,True,False,0
3.999,-0.968697234220554,-0.8499545586328168,-0.9598310466942794,True,False,0
4.0,-0.9632776741673461,-0.8738969405661123,-0.9652390943348454,True,False,0
4.001,-0.9576496664163477,-0.8834738933394419,-0.9713083309030629,True,False,0
4.002,-0.951814788733485,-0.8882623697261067,-0.9771744387302677,True,False,0
4.003,-0.9457746630297797,-0.8691084641794475,-0.9790723689939008,True,False,0
4.0040000000000004,-0.9395309549305314,-0.9409356099794195,-0.992061082463083,True,False,0
4.005,-0.9330853733353187,-0.7637619836728504,-0.974890022679599,True,False,0
4.006,-0.9264396699689283,-0.7924928419928392,-0.9649990134229214,True,False,0
4.007,-0.9195956389233312,-0.6967233142595717,-0.9414876593199235,True,False,0
4.008,-0.9125551161908179,-0.9744549446860731,-0.9657534840110028,True,False,0
4.009,-0.9053199791884147,-0.7206656961928957,-0.9459197358377602,True,False,0
4.01,-0.8978921462736995,-0.7541850308995208,-0.934547793950058,True,False,0
4.011,-0.8902735762521374,-0.7302426489662253,-0.9211821785415714,True,False,0
4.0120000000000005,-0.8824662678760615,-0.7015117906462365,-0.9053796334932332,True,False,0
4.013,-0.874472259335425,-0.7063002670329013,-0.892842827277583,True,False,0
4.014,-0.8662936277404479,-0.6536270267795885,-0.8739403771012307,True,False,0
4.015,-0.8579324885962892,-0.7877043656061744,-0.8793005425090692,True,False,0
4.016,-0.849390995269876,-0.7206656961928957,-0.8731782427530006,True,False,0
4.017,-0.8406713384490172,-0.7015117906462365,-0.8649891285255397,True,False,0
4.018,-0.8317757455939387,-0.749396554512856,-0.8656933390789446,True,False,0
4.019,-0.8227064803813714,-0.7254541725795605,-0.8624885966728607,True,False,0
4.0200000000000005,-0.8134658421413336,-0.7158772198062309,-0.858273220825786,True,False,0
4.021,-0.8040561652867366,-0.749396554512856,-0.8600425752644064,True,False,0
4.022,-0.7944798187359629,-0.6392615976195941,-0.8440638905289963,True,False,0
4.023,-0.7847392053285481,-0.6679924559395829,-0.8351761454737104,True,False,0
4.024,-0.774836761234115,-0.6009537865263042,-0.8170656558143237,True,False,0
4.025,-0.7647749553546977,-0.5530690226596562,-0.7942329621690549,True,False,0
4.026,-0.7545562887206045,-0.6344731212329293,-0.7879322381114752,True,False,0
4.027,-0.7441832938799624,-0.533915117112997,-0.7666822964672484,True,False,0
4.0280000000000005,-0.7336585342820894,-0.6440500740062589,-0.7662700178081744,True,False,0
4.029,-0.7229846036548452,-0.7063002670329013,-0.7757960157801171,True,False,0
4.03,-0.7121641253761068,-0.5865883573663098,-0.7648248638188835,True,False,0
4.031,-0.7011997518395212,-0.6248961684596281,-0.7616693621783414,True,False,0
4.032,-0.6900941638146825,-0.5099727351797014,-0.7407874512017631,True,False,0
4.033,-0.6788500698018918,-0.6153192156862985,-0.7399253804820454,True,False,0
4.034,-0.6674702053816476,-0.557857499046321,-0.7300865981318899,True,False,0
4.035,-0.6559573325590228,-0.5770114045929802,-0.7248460600712421,True,False,0
4.0360000000000005,-0.6443142391030845,-0.5722229282063154,-0.7196772190542866,True,False,0
4.037,-0.6325437378815109,-0.533915117112997,-0.7092525328236646,True,False,0
4.038,-0.6206486661905617,-0.4237801602197351,-0.6830137839469189,True,False,0
4.039,-0.6086318850805629,-0.47645340047304785,-0.6692904874036163,True,False,0
4.04,-0.5964962786770597,-0.5387035934996618,-0.6676165967592133,True,False,0
4.041,-0.5842447534978008,-0.36152996719312114,-0.6381084238919752,True,False,0
4.042,-0.5718802377657104,-0.49081882963304224,-0.633785482673166,True,False,0
4.043,-0.5594056807180117,-0.4333571129930647,-0.6210347243612525,True,False,0
4.0440000000000005,-0.5468240519116597,-0.4189916838330703,-0.6080278790306726,True,False,0
4.045,-0.5341383405252488,-0.46208797131305346,-0.6039189982830176,True,False,0
4.046,-0.5213515546575526,-0.5626459754329858,-0.6164102998763663,True,False,0
4.047,-0.5084667206228635,-0.34237606164646195,-0.5919856406851016,True,False,0
4.048,-0.4954868822432925,-0.47645340047304785,-0.5926994201875877,True,False,0
4.049,-0.4824151001381928,-0.18914481727321686,-0.5477328133367989,True,False,0
4.05,-0.46925445101087326,-0.2513950102998592,-0.5197708056984149,True,False,0
4.051,-0.4560080269327636,-0.17477938811322247,-0.4840923280984795,True,False,0
4.0520000000000005,-0.4426789346251985,-0.3950493018997747,-0.48900730058810526,True,False,0
4.053,-0.42927029473898365,-0.18914481727321686,-0.4604862781726817,True,False,0
4.054,-0.41578524113191057,-0.2657604394598536,-0.4486399420567828,True,False,0
4.055,-0.4022269201443843,-0.33279910887313235,-0.4493047786715147,True,False,0
4.056,-0.38859848987333173,-0.280125868619848,-0.4415101889562505,True,False,0
4.057,-0.37490311944455296,-0.35195301441979154,-0.44634361744876727,True,False,0
4.058,-0.36114398828368627,-0.30885672693980837,-0.44357538639344746,True,False,0
4.059,-0.3473242853859479,-0.22266415197987044,-0.42757604291658935,True,False,0
4.0600000000000005,-0.33344720858481636,-0.09816376592661413,-0.3943684191585726,True,False,0
4.061,-0.3195159638198247,-0.11252919508660852,-0.36870588813887767,True,False,0
4.062,-0.3055337644036295,-0.1508370061799269,-0.3531890621799173,True,False,0
4.063,-0.2915038302885183,-0.026336620126670596,-0.32038742859507063,True,False,0
4.064,-0.2774293873325259,-0.1699909117265861,-0.3155717290229084,True,False,0
4.065,-0.2633136665653218,-0.1556254825665917,-0.309241441024179,True,False,0
4.066,-0.24915990345403552,-0.17956786449988726,-0.30771240264185284,True,False,0
4.067,-0.23497133716918445,-0.07422138399329015,-0.289717903654487,True,False,0
4.0680000000000005,-0.22075120985086974,-0.0215481437400058,-0.26622335153093574,True,False,0
4.069,-0.20650276587540423,-0.23702958113986483,-0.280630424226247,True,False,0
4.07,-0.1922292511225368,-0.19393329365988166,-0.28591745608593105,True,False,0
4.071,-0.17793391224343708,0.0023942381933181878,-0.25922839040082046,True,False,0
4.072,-0.16361999592960416,-0.05506747844665938,-0.2458856503706846,True,False,0
4.073,-0.14929074818286167,-0.1556254825665917,-0.25060758403423056,True,False,0
4.074,-0.13494941358660228,-0.1556254825665917,-0.25060758403423056,False,False,1
4.075,-0.12059923457844349,-0.12210614785993812,-0.24926444727268784,True,False,0
4.0760000000000005,-0.106243450724456,0.01675966735331258,-0.22611019478710667,True,False,0
4.077,-0.09188529799512538,0.09337528953992091,-0.19447696171125017,True,False,0
4.078,-0.07752800804320753,0.07422138399326172,-0.1708985758086725,True,False,0
4.079,-0.06317480748363731,0.1125291950865801,-0.14498410104423753,True,False,0
4.08,-0.04882891717564898,0.14604852979323368,-0.11786349444662221,True,False,0
4.081,-0.03449355150726685,-0.026336620126670596,-0.1223845282824682,True,False,0
4.082,-0.020171917682323178,0.21787567559317722,-0.08745642182782956,True,False,0
4.083,-0.005867215010159929,0.1316831006332393,-0.0717380721104072,True,False,0
4.0840000000000005,0.008417365801829696,0.1316831006332393,-0.058512654820838866,True,False,0
4.085,0.0226786433526658,0.1316831006332393,-0.04738479053306703,True,False,0
4.086,0.036913446249097606,0.10295224231325051,-0.04257852513500485,True,False,0
4.087,0.051118613803618505,0.20829872281984763,-0.02182656778750884,True,False,0
4.088,0.06529099672902759,0.14604852979323368,-0.01423876290952337,True,False,0
4.089,0.07942745782938737,0.2322411047531716,0.005815769318605625,True,False,0
4.09,0.093524872687227,0.40941473105971227,0.05078941148541806,True,False,0
4.091,0.10758013034684291,0.32322215609977434,0.07496007356890899,True,False,0
4.0920000000000005,0.12159013399354833,0.3854723491264167,0.10517015449930549,True,False,0
4.093,0.13555180162872565,0.22745262836650681,0.1055269629832832,True,False,0
4.094,0.149462066740536,0.4046262546730759,0.1339269431019599,True,False,0
4.095,0.16331787897014113,0.29927977416645035,0.14111471616343185,True,False,0
4.096,0.17711620477329595,0.29927977416645035,0.14716250742839637,True,False,0
4.097,0.1908540280771682,0.2609719630731604,0.14617549405650207,True,False,0
4.098,0.20452835093224603,0.31364520332644474,0.15369900429261774,True,False,0
4.099,0.21813619415919383,0.30406825055311515,0.15851037874260104,True,False,0
4.1,0.2316745979905183,0.27054891584649,0.15724249744646518,True,False,0
4.101,0.2451406227069085,0.42856863660637146,0.18123765175262369,True,False,0
4.102,0.25853134926811483,0.20351024643318283,0.16573287963734812,True,False,0
4.103,0.27184387993823306,0.44772254215303064,0.19141927021491545,True,False,0
4.104,0.2850753389052613,0.29449129777978555,0.18872929927219878,True,False,0
4.105,0.2982228728947994,0.5003957824063434,0.2191224376830561,True,False,0
4.106,0.3112836517777613,0.44293406576636585,0.23558178399499585,True,False,0
4.107,0.32425486917197305,0.6105307392996053,0.27601153119905625,True,False,0
4.108,0.33713374303752963,0.46208797131302504,0.2864860715071146,True,False,0
4.109,0.34991751626578727,0.5865883573662813,0.31504512663905493,True,False,0
4.11,0.36260345726186693,0.5578574990462926,0.3345179936150616,True,False,0
4.111,0.37518886052054967,0.4908188296330138,0.34027011901669835,True,False,0
4.112,0.38767104719544165,0.46208797131302504,0.3405532384556086,True,False,0
4.113,0.4000473656612937,0.5195496879530026,0.3499048912777498,True,False,0
4.114,0.4123151920693573,0.6344731212329293,0.3760002430060037,True,False,0
4.115,0.42447193089566326,0.524338164339639,0.3804894490430989,True,False,0
4.116,0.43651501548211125,0.5339151171129686,0.38578557241257844,True,False,0
4.117,0.44844190857025656,0.5387035934996334,0.391001182900737,True,False,0
4.118,0.4602501028276896,0.6248961684595997,0.4090597510956578,True,False,0
4.119,0.4719371213668958,0.7781274128328164,0.4485567243307196,True,False,0
4.12,0.4835005182564943,0.6440500740062305,0.46052478779090095,True,False,0
4.121,0.49493787902475045,0.5961653101396109,0.46300018460196546,True,False,0
4.122,0.5062468211552602,0.6057422629129405,0.4666018891657407,True,False,0
4.123,0.5174249945747074,0.5913768337529461,0.46735400384884745,True,False,0
4.124,0.5284700821325956,0.5817998809796165,0.4664679270121981,True,False,0
4.125,0.53937980007286,0.749396554512856,0.4923032375655737,True,False,0
4.126,0.5501518984972626,0.6440500740062305,0.49733309800767145,True,False,0
4.127,0.5607841618204821,0.6201076920729349,0.49776795682277214,True,False,0
4.128,0.5712744092168066,0.7398196017395264,0.5171201723141206,True,False,0
4.1290000000000004,0.5816204950583428,0.7589735072861572,0.5364409358209514,True,False,0
4.13,0.5918203093446529,0.8451660822461236,0.5663675778250703,True,False,0
4.131,0.60187177812374,0.8595315114061179,0.5938262093310605,True,False,0
4.132,0.6117728639042959,0.701511790646208,0.5918679486479117,True,False,0
4.133,0.6215215660591343,0.81164674753947,0.607687687695167,True,False,0
4.134,0.6311159212197323,0.8068582711528052,0.6202389609391404,True,False,0
4.135,0.6405540036618012,0.7589735072861572,0.6232050703820399,True,False,0
4.136,0.6498339256818191,0.5817998809796165,0.5976009929498454,True,False,0
4.1370000000000005,0.6589538379644482,0.7063002670328729,0.5958035040791553,True,False,0
4.138,0.667911929940773,0.9313586572060615,0.629985388837681,True,False,0
4.139,0.6767064301372882,0.6967233142595433,0.6215328242959132,True,False,0
4.14,0.6853356065155756,0.8691084641794191,0.6417611461490289,True,False,0
4.141,0.6937977668026045,0.7302426489661968,0.636757115973832,True,False,0
4.142,0.702091258811598,0.7972813183794756,0.643179067865645,True,False,0
4.143,0.710214470753404,0.787704365606146,0.6470635912762943,True,False,0
4.144,0.7181658315383187,0.7733389364461516,0.6480536696982482,True,False,0
4.1450000000000005,0.725943811068307,0.9026277988860727,0.6693919529179435,True,False,0
4.146,0.7335469205195676,0.7541850308994924,0.6638029380563311,True,False,0
4.147,0.7409737126153977,0.9026277988860727,0.6826433851475094,True,False,0
4.148,0.7482227818893044,0.8930508461127431,0.6969768287102573,True,False,0
4.149,0.7552927649383246,0.7446080781261912,0.6854939427250822,True,False,0
4.15,0.7621823406665063,0.8260121766994644,0.6887429452710975,True,False,0
4.151,0.7688902305185139,0.8595315114061179,0.6967928266626524,True,False,0
4.152,0.7754151987033194,0.8643199877927827,0.7043254487716986,True,False,0
4.1530000000000005,0.7817560524079433,0.9600895155260503,0.7258524562531673,True,False,0
4.154,0.7879116420012121,0.9361471335927263,0.7401680123173655,True,False,0
4.155,0.7938808612275026,0.8691084641794191,0.7415807770273909,True,False,0
4.156,0.7996626473904439,0.9648779919127151,0.7579585373353526,True,False,0
4.157,0.8052559815265505,0.9026277988860727,0.7618658934261104,True,False,0
4.158,0.8106598885687621,0.9457240863660559,0.7719886194271625,True,False,0
4.159,0.8158734374998706,0.9648779919127151,0.783543691746738,True,False,0
4.16,0.8208957414958126,0.8547430350194531,0.7757987086899572,True,False,0
4.1610000000000005,0.8257259580588108,1.0079742793926698,0.7935845774521201,True,False,0
4.162,0.8303632891403517,1.0319166613259938,0.8123468700502972,True,False,0
4.163,0.834806981253984,0.9217817044327319,0.810666041144298,True,False,0
4.164,0.8390563255779308,0.9792434210727095,0.81836522809925,True,False,0
4.165,0.843110658047503,1.027128184939329,0.8324378530814829,True,False,0
4.166,0.8469693594373163,1.0319166613259938,0.8450380108190626,True,False,0
4.167,0.8506318554332994,0.9553010391393855,0.8434885335855627,True,False,0
4.168,0.8540976166945007,0.8643199877927827,0.8277551963929306,True,False,0
4.1690000000000005,0.8573661589046871,0.9840318974593458,0.8335034939879329,True,False,0
4.17,0.8604370428137476,0.9409356099793911,0.831505033669573,True,False,0
4.171,0.8633098742688969,0.9553010391393855,0.83210188847397,True,False,0
4.172,0.8659843042357004,0.9169932280460671,0.8265284579141382,True,False,0
4.173,0.8684600288089159,0.9936088502326754,0.8339902224281953,True,False,0
4.174,0.8707367892131794,1.0558590432593178,0.8501414392426294,True,False,0
4.175,0.8728143717935396,1.0127627557793346,0.8568959937241685,True,False,0
4.176,0.8746926079958632,0.9696664682993799,0.8557441978116909,True,False,0
4.1770000000000005,0.8763713743371309,1.0367051377126586,0.865407419082131,True,False,0
4.178,0.8778505923656428,1.0223397085526642,0.871259693088228,True,False,0
4.179,0.8791302286111607,1.0798014251926418,0.8852972317969463,True,False,0
4.18,0.8802102945250112,1.0558590432593178,0.8933111498662202,True,False,0
4.181,0.8810908464101798,1.1228977126725965,0.9106864016198054,True,False,0
4.182,0.8817719853414243,1.0654359960326474,0.916192499889438,True,False,0
4.183,0.8822538570754445,0.9553010391393855,0.903357910899307,True,False,0
4.184,0.8825366519511383,0.9744549446860447,0.8955967015439734,True,False,0
4.1850000000000005,0.8826206047799866,1.1947248584725685,0.9240012596934957,True,False,0
4.186,0.8825059947266003,0.9265701808193967,0.905371482241444,True,False,0
4.187,0.8821931451794792,0.9648779919127151,0.8957720141666697,True,False,0
4.188,0.8816824236120174,0.9600895155260503,0.8869355700355688,True,False,0
4.189,0.8809742414338083,0.9457240863660559,0.8772222281181582,True,False,0
4.19,0.880069053832294,1.0798014251926418,0.8903141079507507,True,False,0
4.191,0.8789673596048087,0.9265701808193967,0.8770271174000774,True,False,0
4.192,0.8776697009810702,0.9792434210727095,0.8742014285303137,True,False,0
4.1930000000000005,0.8761766634361718,0.9888203738460106,0.8733428003316062,True,False,0
4.194,0.874488875494132,0.9744549446860447,0.8703419916420568,True,False,0
4.195,0.8726070085220617,1.0127627557793346,0.8738927357336744,True,False,0
4.196,0.8705317765150045,1.266552004272512,0.9171313410534263,True,False,0
4.197,0.8682639358715173,1.185147905699239,0.9406015963862887,True,False,0
4.198,0.8658042851600557,1.0414936140993234,0.9375658755811257,True,False,0
4.199,0.8631536648762244,0.9648779919127151,0.9228603722930859,True,False,0
4.2,0.8603129571909695,1.0558590432593178,0.9249167711113999,True,False,0
4.2010000000000005,0.857283085689774,0.8691084641794191,0.8970283572573081,True,False,0
4.202,0.8540650151029383,1.0223397085526642,0.8978655461181312,True,False,0
4.203,0.8506597510270094,1.0845899015793066,0.9084428458894025,True,False,0
4.204,0.8470683396374433,0.9313586572060615,0.8930400880211119,True,False,0
4.205,0.8432918673925732,0.9600895155260503,0.8846369277525792,True,False,0
4.206,0.8393314607289654,0.9361471335927263,0.8737692447899857,True,False,0
4.207,0.8351882857482433,1.0414936140993234,0.8813331441433878,True,False,0
4.208,0.8308635478954632,1.1707824765392445,0.9082026393903188,True,False,0
4.2090000000000005,0.8263584916291269,0.9936088502326754,0.9027108674847907,True,False,0
4.21,0.8216744000829166,1.0558590432593178,0.907962980538049,True,False,0
4.211,0.8168125947192434,0.9888203738460106,0.901749765545699,True,False,0
4.212,0.8117744349746957,0.9074162752727375,0.8836112660719817,True,False,0
4.213,0.8065613178974834,0.9888203738460106,0.8812602363444761,True,False,0
4.214,0.8011746777769675,0.8691084641794191,0.8602957549110742,True,False,0
4.215,0.7956159857653742,1.051070566872653,0.8715154576406074,True,False,0
4.216,0.7898867494917858,0.9074162752727375,0.8581721235605436,True,False,0
4.2170000000000005,0.7839885126685114,0.9169932280460671,0.8484639501290056,True,False,0
4.218,0.7779228546899349,0.9744549446860447,0.849408930504643,True,False,0
4.219,0.7716913902239396,0.7924928419928108,0.8213448223395683,True,False,0
4.22,0.7652957687960174,1.0367051377126586,0.8364637892928602,True,False,0
4.221,0.7587376743661637,0.7685504600594868,0.8066555172362506,True,False,0
4.222,0.7520188248986643,0.8834738933394135,0.7998017135594955,True,False,0
4.223,0.7451409719248825,0.8882623697260783,0.7947943771026476,True,False,0
4.224,0.738105900099154,0.8738969405660839,0.7883028458555107,True,False,0
4.225,0.7309154267479009,0.9074162752727375,0.7881570434536971,True,False,0
4.226,0.723571401412077,0.7446080781261912,0.7622129628648247,True,False,0
4.227,0.7160757053830539,0.7158772198062024,0.7358268989443675,True,False,0
4.228,0.7084302512320669,0.8451660822461236,0.7341308997638122,True,False,0
4.229,0.700636982333332,0.9122047516594023,0.7433362284793681,True,False,0
4.23,0.6926978723809529,0.8212237003127996,0.7366519835325293,True,False,0
4.231,0.6846149248997355,0.7350311253528616,0.7173577065061472,True,False,0
4.232,0.676390172750028,0.7206656961928672,0.6988451454295291,True,False,0
4.233,0.6680256776267095,0.8260121766994644,0.6999766453896414,True,False,0
4.234,0.6595235295524445,0.7685504600594868,0.6918152531352018,True,False,0
4.235,0.6508858463653306,0.7206656961928672,0.6773537286775744,True,False,0
4.236,0.6421147732010583,0.749396554512856,0.6697425220712704,True,False,0
4.237,0.6332124819697105,0.725454172579532,0.6595411888111122,True,False,0
4.238,0.6241811708273277,0.81164674753947,0.6646279426573956,True,False,0
4.239,0.615023063642362,0.6775694087128841,0.6476432522583239,True,False,0
4.24,0.6057404094571535,0.8020697947661404,0.653098114451371,True,False,0
4.241,0.5963354819445499,0.7685504600594868,0.6523716636537078,True,False,0
4.242,0.5868105788598066,0.5865883573662813,0.6229012135293929,True,False,0
4.243,0.577168021487892,0.7685504600594868,0.6269639953727145,True,False,0
4.244,0.5674101540863314,0.725454172579532,0.6235473423327988,True,False,0
4.245,0.5575393433237217,0.572222928206287,0.5963700744945885,True,False,0
4.246,0.547557977714048,0.6584155031662249,0.5871732793225992,True,False,0
4.247,0.5374684670469386,0.6679924559395545,0.5809540031577974,True,False,0
4.248,0.5272732418139884,0.4956073060196786,0.5483807965528568,True,False,0
4.249,0.5169747526312886,0.6153192156862701,0.5399600303413267,True,False,0
4.25,0.5065754696582989,0.6057422629129405,0.5313558927820167,True,False,0
4.251,0.4960778820131944,0.6632039795528897,0.5332298087886391,True,False,0
4.252,0.4854844971848278,0.5817998809796165,0.5218958202247576,True,False,0
4.253,0.4747978404414431,0.5770114045929517,0.5115999507927725,True,False,0
4.2540000000000004,0.4640204542362772,0.5578574990462926,0.49989919561423257,True,False,0
4.255,0.45315489761018946,0.45251101853969544,0.473346215514048,True,False,0
4.256,0.44220374559145703,0.45251101853969544,0.4510045417111487,True,False,0
4.257,0.43116958859287563,0.5147612115663378,0.4420791496263188,True,False,0
4.258,0.42005503180630505,0.47166492408635463,0.42773424883028077,True,False,0
4.259,0.40886269459479957,0.43335711299303625,0.40958882716406303,True,False,0
4.26,0.39759520988246244,0.3998377782864111,0.38900510077435646,True,False,0
4.261,0.386255223542168,0.5434920698862982,0.3944695466351319,True,False,0
4.2620000000000005,0.3748453937812882,0.3854723491264167,0.3740053811762603,True,False,0
4.263,0.36336839052556796,0.486030353246349,0.37273534846389733,True,False,0
4.264,0.3518268948012893,0.548280546272963,0.3815396322934157,True,False,0
4.265,0.3402235981158649,0.47166492408635463,0.37679630727594327,True,False,0
4.266,0.32856120183700516,0.572222928206287,0.38875378754796,True,False,0
4.267,0.3168424165705976,0.6009537865262757,0.4033715278862161,True,False,0
4.268,0.30506996153744226,0.3758953963530871,0.3799766009485758,True,False,0
4.269,0.29324656394898496,0.44772254215303064,0.371683907848619,True,False,0
4.2700000000000005,0.2813749583821887,0.45251101853969544,0.36546589002906443,True,False,0
4.271,0.2694578861536865,0.3758953963530871,0.3480828024709644,True,False,0
4.272,0.2574980946933578,0.3567414908064279,0.3304188629362339,True,False,0
4.273,0.2454983369174683,0.4956073060196786,0.33758056404129405,True,False,0
4.274,0.23346137060151606,0.3950493018997463,0.32765790507663184,True,False,0
4.275,0.22138995775292597,0.30885672693977995,0.30563882694121863,True,False,0
4.276,0.20928686398373214,0.3950493018997463,0.3007821318754577,True,False,0
4.277,0.1971548578833904,0.33758758525976873,0.2875822731501576,True,False,0
4.2780000000000005,0.1849967103918617,0.3663184435797575,0.28103263191744265,True,False,0
4.279,0.1728151941731064,0.2418180575265012,0.25577598632747356,True,False,0
4.28,0.1606130829891302,0.2753373922331548,0.23984121929947283,True,False,0
4.281,0.14839315107472165,0.1125291950865801,0.20061230604650881,True,False,0
4.282,0.13615817251301973,0.21787567559317722,0.1843130701357843,True,False,0
4.283,0.12391092061205247,0.42378016021970666,0.20325537487503942,True,False,0
4.284,0.11165416728238386,0.31364520332644474,0.2017260081597756,True,False,0
4.285,0.0993906824160077,0.15562548256656328,0.17537724976169572,True,False,0
4.2860000000000005,0.0871232332666263,0.22266415197984202,0.1638397502635732,True,False,0
4.287,0.07485458383145144,0.3950493018997463,0.18147240826886946,True,False,0
4.288,0.0625874942346638,0.1077407186999153,0.15074134346249476,True,False,0
4.289,0.050324720112667386,0.10295224231325051,0.12412477674889894,True,False,0
4.29,0.03806901200127449,0.10295224231325051,0.12412477674889894,False,False,1
4.291,0.025823114724955548,0.05506747844663096,0.09413507104056515,True,False,0
4.292,0.01358976678828901,0.040702049286636566,0.06662337774252541,True,False,0
4.293,0.0013716997697438543,0.1077407186999153,0.05410738497958361,True,False,0
4.2940000000000005,-0.010828362282071983,0.059855954833295755,0.035981900253247295,True,False,0
4.295,-0.02300770344956523,0.20829872281984763,0.04427416332512198,True,False,0
4.296,-0.035163616544581756,-0.03591357290000019,0.012519168630798522,True,False,0
4.297,-0.047293403703971726,0.10295224231325051,0.007824657863350248,True,False,0
4.298,-0.0593943769821652,0.16520243533989287,0.01374758632849462,True,False,0
4.299,-0.07146385894063008,0.08858681315325612,0.0065798893038759975,True,False,0
4.3,-0.08349918323408406,-0.026336620126670596,-0.01767788231683047,True,False,0
4.301,-0.0954976951933341,0.007182714579982985,-0.03277219692452765,True,False,0
4.3020000000000005,-0.10745675240461691,0.08858681315325612,-0.03256184992460994,True,False,0
4.303,-0.11937372528531588,0.040702049286636566,-0.03997939412547968,True,False,0
4.304,-0.1312459976559304,-0.12210614785993812,-0.0720419172635712,True,False,0
4.305,-0.1430709673081741,-0.007182714580011407,-0.08079244749012521,True,False,0
4.306,-0.15484604656908102,-0.0023942381933466095,-0.08739568940500535,True,False,0
4.307,-0.16656866286099786,-0.059855954833295755,-0.10206509240884433,True,False,0
4.308,-0.1782362592573432,-0.1460485297932621,-0.1280780803257215,True,False,0
4.309,-0.18984629503401498,-0.10774071869994373,-0.143889780669752,True,False,0
4.3100000000000005,-0.20139624621632873,-0.256183486686524,-0.18073678659045703,True,False,0
4.311,-0.2128836061213701,-0.18435634088655206,-0.2003480570959029,True,False,0
4.312,-0.22430588589564698,-0.12689462424660292,-0.20773554123569962,True,False,0
4.313,-0.2356606150479273,-0.10295224231327893,-0.21015410430565679,True,False,0
4.314,-0.2469453419771496,-0.059855954833295755,-0.20535400581605404,True,False,0
4.315,-0.2581576344952954,-0.10295224231327893,-0.2081502807312399,True,False,0
4.316,-0.26929508034511335,-0.05506747844665938,-0.20290853592248173,True,False,0
4.317,-0.28035528771258617,-0.280125868619848,-0.23419242420860847,True,False,0
4.3180000000000005,-0.29133588573403396,-0.2992797741664788,-0.26355249556329985,True,False,0
4.319,-0.302234524997746,-0.22745262836653524,-0.27686426035502565,True,False,0
4.32,-0.31304887804003867,-0.11252919508660852,-0.26983790508884425,True,False,0
4.321,-0.32377663983563537,-0.20829872281987605,-0.2791149910099505,True,False,0
4.322,-0.3344155282822658,-0.1364715770199325,-0.2755289346210542,True,False,0
4.323,-0.344963284679386,-0.22745262836653524,-0.2869412345303948,True,False,0
4.324,-0.3554176742009192,-0.24181805752652963,-0.2988219011452069,True,False,0
4.325,-0.36577648636192045,-0.23702958113986483,-0.30805883938649536,True,False,0
4.3260000000000005,-0.37603753547906915,-0.33279910887313235,-0.3310198582271377,True,False,0
4.327,-0.3861986611248955,-0.34237606164646195,-0.351858162348005,True,False,0
4.328,-0.39625772857564767,-0.32322215609980276,-0.3663536965131174,True,False,0
4.329,-0.4062126292527093,-0.32322215609980276,-0.378550236965218,True,False,0
4.33,-0.41606128115747626,-0.19393329365988166,-0.36830717305181937,True,False,0
4.331,-0.42580162929960663,-0.19872177004654645,-0.3604481134981843,True,False,0
4.332,-0.4354316461185564,-0.31843367971313796,-0.3728218272152298,True,False,0
4.333,-0.4449493318983157,-0.35195301441979154,-0.38854923933063035,True,False,0
4.3340000000000005,-0.4543527151752642,-0.32801063248646756,-0.3979850166517789,True,False,0
4.335,-0.4636398531390624,-0.37110691996645073,-0.412759355515432,True,False,0
4.336,-0.47280883202650065,-0.34237606164646195,-0.4206337641199262,True,False,0
4.337,-0.4818577675082267,-0.5147612115663662,-0.45459959893190055,True,False,0
4.338,-0.490784805068277,-0.5147612115663662,-0.45459959893190055,False,False,1
4.339,-0.49958812037633443,-0.4333571129930647,-0.47026774643534497,True,False,0
4.34,-0.508265919652644,-0.5051842587930366,-0.4948427187954749,True,False,0
4.341,-0.5168164400255107,-0.37110691996645073,-0.49425541277259066,True,False,0
4.3420000000000005,-0.5252379498813144,-0.34237606164646195,-0.4892045354831445,True,False,0
4.343,-0.5335287492069709,-0.23702958113986483,-0.46824676172389396,True,False,0
4.344,-0.5416871699247756,-0.4142032074464055,-0.47871265527576434,True,False,0
4.345,-0.5497115762195663,-0.45729949492638866,-0.49435373379421427,True,False,0
4.346,-0.5576003648581405,-0.4046262546730759,-0.49916015195616886,True,False,0
4.347,-0.5653519655008693,-0.605742262912969,-0.5351012981145101,True,False,0
4.348,-0.5729648410054501,-0.37110691996645073,-0.5281289758724922,True,False,0
4.349,-0.5804374877227378,-0.4285686366063999,-0.5313759010625645,True,False,0
4.3500000000000005,-0.5877684357846046,-0.4285686366063999,-0.5341078634707503,True,False,0
4.351,-0.5949562493837726,-0.5626459754329858,-0.5576712206505636,True,False,0
4.352,-0.6019995270455688,-0.5195496879530026,-0.5706623490157043,True,False,0
4.353,-0.6088969018915553,-0.5961653101396394,-0.59374433085496,True,False,0
4.354,-0.615647041894984,-0.5961653101396394,-0.6131655071986847,True,False,0
4.355,-0.622248650128035,-0.46208797131305346,-0.6082417979167023,True,False,0
4.356,-0.6287004650007912,-0.6440500740062589,-0.6329582041274028,True,False,0
4.357,-0.6350012604919121,-0.5482805462729914,-0.6385655246370597,True,False,0
4.358,-0.6411498463709623,-0.44293406576639427,-0.6265755570395246,True,False,0
4.359,-0.6471450684123626,-0.49560730601970704,-0.6248411831040752,True,False,0
4.36,-0.6529858086009241,-0.4285686366063999,-0.6127495389206897,True,False,0
4.361,-0.6586709853289335,-0.581799880979645,-0.6268781276089844,True,False,0
4.362,-0.6641995535847569,-0.557857499046321,-0.6349686551185465,True,False,0
4.363,-0.6695705051329348,-0.5722229282063154,-0.6440543828932241,True,False,0
4.364,-0.6747828686857373,-0.45729949492638866,-0.6334722406623543,True,False,0
4.365,-0.6798357100661561,-0.5482805462729914,-0.6389980349068423,True,False,0
4.366,-0.6847281323623079,-0.7110887434195661,-0.669468839891918,True,False,0
4.367,-0.68945927607323,-0.6679924559395829,-0.6882718938900182,True,False,0
4.368,-0.6940283192460435,-0.7063002670329013,-0.7101684050470586,True,False,0
4.369,-0.6984344776044719,-0.5291266407263322,-0.7004923650125241,True,False,0
4.37,-0.7026770046686946,-0.6296846448462929,-0.7082994595478763,True,False,0
4.371,-0.7067551918665239,-0.7158772198062309,-0.7285385020635419,True,False,0
4.372,-0.7106683686358921,-0.5147612115663662,-0.7136706030733767,True,False,0
4.373,-0.7144159025186397,-0.49081882963304224,-0.6973634898398782,True,False,0
4.374,-0.7179971992455965,-0.5291266407263322,-0.689718311119017,True,False,0
4.375,-0.7214117028129484,-0.581799880979645,-0.6916396419466064,True,False,0
4.376,-0.724658895549887,-0.5243381643396674,-0.68414281327539,True,False,0
4.377,-0.7277382981775407,-0.5961653101396394,-0.6892267778694043,True,False,0
4.378,-0.730649469859183,-0.7110887434195661,-0.711731297309699,True,False,0
4.3790000000000004,-0.7333920082417268,-0.7924928419928392,-0.7435772981044138,True,False,0
4.38,-0.7359655494885001,-0.5530690226596562,-0.7323998681031209,True,False,0
4.381,-0.7383697683033162,-0.605742262912969,-0.7313491631893535,True,False,0
4.382,-0.7406043779458416,-0.6296846448462929,-0.7342623652883069,True,False,0
4.383,-0.742669130238272,-0.5482805462729914,-0.7238028318995138,True,False,0
4.384,-0.7445638155633294,-0.7302426489662253,-0.7438613964684163,True,False,0
4.385,-0.7462882628535926,-0.5387035934996618,-0.7303605493862048,True,False,0
4.386,-0.7478423395721755,-0.5243381643396674,-0.7167225794675,True,False,0
4.3870000000000005,-0.7492259516847735,-0.5387035934996618,-0.7075259524956344,True,False,0
4.388,-0.7504390436230937,-0.6584155031662533,-0.7187742371710153,True,False,0
4.389,-0.7514815982396923,-0.533915117112997,-0.7084927639913204,True,False,0
4.39,-0.7523536367542427,-0.7398196017395549,-0.732498413464491,True,False,0
4.391,-0.753055218691256,-0.6967233142595717,-0.7458616865044079,True,False,0
4.392,-0.7535864418092849,-0.7206656961928957,-0.7609028076703874,True,False,0
4.393,-0.7539474420216365,-0.6919348378729069,-0.7690016868673527,True,False,0
4.394,-0.7541383933086263,-0.6967233142595717,-0.7765755357231297,True,False,0
4.3950000000000005,-0.7541595076214047,-0.6679924559395829,-0.7783914530257044,True,False,0
4.396,-0.7540110347773913,-0.6296846448462929,-0.7738437414841144,True,False,0
4.397,-0.7536932623473522,-0.6584155031662533,-0.7745740157013289,True,False,0
4.398,-0.7532065155341591,-0.6392615976195941,-0.7721506562721502,True,False,0
4.399,-0.7525511570432684,-0.5722229282063154,-0.7594792997891421,True,False,0
4.4,-0.7517275869449641,-0.6344731212329293,-0.7586905113667356,True,False,0
4.401,-0.7507362425284053,-0.6632039795529181,-0.7625835429792495,True,False,0
4.402,-0.7495775981475261,-0.6344731212329293,-0.7613024211597824,True,False,0
4.4030000000000005,-0.7482521650588317,-0.5243381643396674,-0.7427570661205293,True,False,0
4.404,-0.7467604912511419,-0.6105307392996338,-0.7408231611899316,True,False,0
4.405,-0.7451031612673314,-0.48124187685971265,-0.7186907424757235,True,False,0
4.406,-0.7432807960181188,-0.6248961684596281,-0.7228521188277507,True,False,0
4.407,-0.7412940525879579,-0.6584155031662533,-0.7316696714141471,True,False,0
4.408,-0.7391436240330873,-0.7781274128328448,-0.7580750842912979,True,False,0
4.409,-0.7368302391717955,-0.5626459754329858,-0.7461172094335631,True,False,0
4.41,-0.7343546623669602,-0.7685504600595152,-0.7687123347654805,True,False,0
4.4110000000000005,-0.7317176933009214,-0.6344731212329293,-0.7664591857254633,True,False,0
4.412,-0.7289201667427517,-0.77333893644618,-0.7865875238324211,True,False,0
4.413,-0.7259629523079875,-0.5195496879530026,-0.763272495016571,True,False,0
4.414,-0.7228469542108842,-0.5243381643396674,-0.7444146859925709,True,False,0
4.415,-0.7195731110092665,-0.605742262912969,-0.7414584293084309,True,False,0
4.416,-0.7161423953420373,-0.5482805462729914,-0.7298575991759474,True,False,0
4.417,-0.7125558136594197,-0.6344731212329293,-0.7337668165464115,True,False,0
4.418,-0.7088144059459998,-0.6919348378729069,-0.7461694676692513,True,False,0
4.4190000000000005,-0.7049192454366469,-0.7158772198062309,-0.760402321686373,True,False,0
4.42,-0.7008714383253829,-0.6009537865263042,-0.7541509707677081,True,False,0
4.421,-0.6966721234672779,-0.605742262912969,-0.7496505379786265,True,False,0
4.422,-0.6923224720734505,-0.5770114045929802,-0.7413071563665047,True,False,0
4.423,-0.6878236873992496,-0.6536270267795885,-0.7464382844462796,True,False,0
4.424,-0.6831770044256995,-0.6632039795529181,-0.7522745209341485,True,False,0
4.425,-0.6783836895342905,-0.47645340047304785,-0.727566461975161,True,False,0
4.426,-0.6734450401751961,-0.47645340047304785,-0.727566461975161,False,False,1
4.4270000000000005,-0.6683623845290031,-0.6679924559395829,-0.7371552251172694,True,False,0
4.428,-0.6631370811620393,-0.45251101853972386,-0.7110478234862547,True,False,0
4.429,-0.6577705186753868,-0.45729949492638866,-0.6898405123597747,True,False,0
4.43,-0.6522641153476683,-0.6632039795529181,-0.7046531632877899,True,False,0
4.431,-0.6466193187716965,-0.49560730601970704,-0.6905356702587517,True,False,0
4.432,-0.6408376054850784,-0.5147612115663662,-0.6816950256215951,True,False,0
4.433,-0.6349204805948638,-0.4285686366063999,-0.6605863541924718,True,False,0
4.434,-0.6288694773963355,-0.5865883573663098,-0.6678874704106122,True,False,0
4.4350000000000005,-0.6226861569860311,-0.46208797131305346,-0.6542848502340821,True,False,0
4.436,-0.6163721078690971,-0.533915117112997,-0.6542314026956104,True,False,0
4.437,-0.6099289455610661,-0.5674344518196506,-0.6595026030404586,True,False,0
4.438,-0.6033583121841612,-0.46687644769971826,-0.6479892769962661,True,False,0
4.439,-0.5966618760582216,-0.6105307392996338,-0.6610855564597748,True,False,0
4.44,-0.5898413312863521,-0.4333571129930647,-0.6440050026891173,True,False,0
4.441,-0.5828983973353972,-0.48603035324637744,-0.6379874102480111,True,False,0
4.442,-0.5758348186113409,-0.5722229282063154,-0.6465943630438084,True,False,0
4.4430000000000005,-0.5686523640297366,-0.4046262546730759,-0.6272553964601527,True,False,0
4.444,-0.56135282658127,-0.5147612115663662,-0.6284510119541188,True,False,0
4.445,-0.5539380228925599,-0.3950493018997747,-0.6104706773220839,True,False,0
4.446,-0.5464097927823053,-0.43814558937972947,-0.6021771033604775,True,False,0
4.447,-0.5387699988128809,-0.48124187685971265,-0.6020339684941829,True,False,0
4.448,-0.5310205258374935,-0.46208797131305346,-0.5988757227823109,True,False,0
4.449,-0.5231632805430041,-0.5387035934996618,-0.6083696234951388,True,False,0
4.45,-0.5152001909885275,-0.3902608255131099,-0.5928147468219085,True,False,0
4.4510000000000005,-0.5071332061399181,-0.6727809323262477,-0.6245346035414329,True,False,0
4.452,-0.49896429540025183,-0.3998377782864395,-0.6079348648362708,True,False,0
4.453,-0.4906954481364196,-0.3950493018997747,-0.5932083939599212,True,False,0
4.454,-0.4823286732019395,-0.3902608255131099,-0.5800580903769936,True,False,0
4.455,-0.4738659984561041,-0.36152996719312114,-0.5644367086690564,True,False,0
4.456,-0.46530947027957553,-0.4094147310597407,-0.5588874103869862,True,False,0
4.457,-0.4566611530865424,-0.47166492408638305,-0.564091120754937,True,False,0
4.458,-0.4479231288335536,-0.32801063248646756,-0.5456859315295716,True,False,0
4.4590000000000005,-0.43909749652514346,-0.2657604394598536,-0.5203269186687411,True,False,0
4.46,-0.430186371716367,-0.24660653391319443,-0.4959520366816924,True,False,0
4.461,-0.42119188601235785,-0.18435634088655206,-0.46557012515254076,True,False,0
4.462,-0.4121161865650286,-0.23702958113986483,-0.44836077212355707,True,False,0
4.463,-0.40296143556703,-0.2849143450065128,-0.44147535499045015,True,False,0
4.464,-0.3937298097430881,-0.2753373922331832,-0.4341630599344784,True,False,0
4.465,-0.3844234998388342,-0.35195301441979154,-0.44016174410073183,True,False,0
4.466,-0.3750447101072517,-0.34716453803312675,-0.4444495831190986,True,False,0
4.4670000000000005,-0.3655956577928537,-0.18435634088655206,-0.4222359678111416,True,False,0
4.468,-0.3560785726137136,-0.20351024643321125,-0.4065832470024394,True,False,0
4.469,-0.346495696241468,-0.32801063248646756,-0.41315882822555927,True,False,0
4.47,-0.33684928177941087,-0.18435634088655206,-0.3959079309489789,True,False,0
4.471,-0.32714159323880043,-0.21308719920654084,-0.3859497464365948,True,False,0
4.472,-0.3173749050134984,-0.2609719630731888,-0.38516546149567427,True,False,0
4.473,-0.3075515013530621,-0.1556254825665917,-0.3677975979514373,True,False,0
4.474,-0.29767367583441096,-0.23224110475320003,-0.3653355281751992,True,False,0
4.4750000000000005,-0.28774373083218746,-0.1460485297932621,-0.3495937887564361,True,False,0
4.476,-0.27776397698793454,-0.1508370061799269,-0.33710814438914416,True,False,0
4.477,-0.26773673267820913,-0.2609719630731888,-0.34407014425301286,True,False,0
4.478,-0.25766432348175505,-0.1699909117265861,-0.3354983627190216,True,False,0
4.479,-0.24754908164585418,-0.10295224231327893,-0.3176537247229746,True,False,0
4.48,-0.23739334555197875,-0.04070204928666499,-0.29276635958936703,True,False,0
4.481,-0.22719945918086562,-0.10774071869994373,-0.2824584761829,True,False,0
4.482,-0.21696977157713318,-0.031125096513335393,-0.261634176282692,True,False,0
4.483,-0.20670663631356204,-0.17477938811322247,-0.26689620362483174,True,False,0
4.484,-0.19641241095516118,-0.04070204928666499,-0.25005898832106244,True,False,0
4.485,-0.18608945652313946,-0.11252919508660852,-0.24728395288757615,True,False,0
4.486,-0.17574013695890364,0.01675966735331258,-0.22444380708396777,True,False,0
4.487,-0.16536681858820304,0.040702049286636566,-0.20142884647853102,True,False,0
4.488,-0.15497186958554174,0.1077407186999153,-0.17143171959899572,True,False,0
4.489,-0.1445576594389777,0.08858681315325612,-0.14922995322489263,True,False,0
4.49,-0.1341265584154284,-0.045490525673329785,-0.151814074437893,True,False,0
4.491,-0.12368093702660354,-0.17956786449988726,-0.17525303805641407,True,False,0
4.492,-0.11322316549568262,0.03591357289997177,-0.16079919320061875,True,False,0
4.493,-0.10275561322485695,0.03591357289997177,-0.14863773012764156,True,False,0
4.494,-0.09228064826385436,0.15562548256656328,-0.11941875142716674,True,False,0
4.495,-0.08180063677956464,0.01675966735331258,-0.11685804416801499,True,False,0
4.496,-0.07131794252688314,0.04549052567330136,-0.11014674734989152,True,False,0
4.497,-0.06083492632088981,0.05506747844663096,-0.10298095710298984,True,False,0
4.498,-0.050353945510480454,0.1364715770199041,-0.08404096094115657,True,False,0
4.499,-0.03987735345356613,0.1125291950865801,-0.07190211584535557,True,False,0
4.5,-0.029407498993956355,0.1125291950865801,-0.07190211584535557,False,False,1
4.501,-0.018946725940041566,0.10295224231325051,-0.06320739927945197,True,False,0
4.502,-0.008497372545388794,0.1221061478599097,-0.052853853902131966,True,False,0
4.503,0.0019382290086351938,0.1125291950865801,-0.04566128827372081,True,False,0
4.5040000000000004,0.012357753128099915,0.19393329365985323,-0.02669876330956946,True,False,0
4.505,0.022758881319494148,0.20351024643318283,-0.009224791386233236,True,False,0
4.506,0.033139302700343355,0.1125291950865801,-0.008951801075719459,True,False,0
4.507,0.04349671450735087,0.040702049286636566,-0.02011390227250448,True,False,0
4.508,0.05382882260195179,0.1412600534065689,-0.013557179394608867,True,False,0
4.509,0.06413334197317025,0.1173176714732449,-0.011837618736111746,True,False,0
4.51,0.07440799723767061,0.1173176714732449,-0.010390780634644771,True,False,0
4.511,0.08465052313689476,0.18914481727318844,0.002218383951351507,True,False,0
4.5120000000000005,0.094858665031178,0.1173176714732449,0.0014359380926365008,True,False,0
4.513,0.10503017939073656,0.20829872281984763,0.015207195516325878,True,False,0
4.514,0.11516283428342174,0.19393329365985323,0.02451597057654653,True,False,0
4.515,0.1252544098591354,0.20829872281984763,0.03462673167273091,True,False,0
4.516,0.13530269883080293,0.31843367971310954,0.06060134398455341,True,False,0
4.517,0.1453055069518008,0.2370295811398364,0.0695456779758783,True,False,0
4.518,0.1552606534897367,0.32801063248643914,0.09150104662709405,True,False,0
4.519,0.16516597169648123,0.18914481727318844,0.08795015339019151,True,False,0
4.5200000000000005,0.17501930927435091,0.3806838727397519,0.11534055285987511,True,False,0
4.521,0.18481852883834374,0.30885672693977995,0.12699503599855588,True,False,0
4.522,0.1945615083743288,0.27054891584649,0.13072549239778772,True,False,0
4.523,0.204246141693094,0.27054891584649,0.1338642978988319,True,False,0
4.524,0.21387033888015444,0.33279910887310393,0.14637817759450375,True,False,0
4.525,0.22343202674122847,0.30406825055311515,0.15235063616607264,True,False,0
4.526,0.2329291492432862,0.20351024643318283,0.1414273486973575,True,False,0
4.527,0.24235966795107913,0.3567414908064279,0.15653899256462295,True,False,0
4.5280000000000005,0.25172156245905875,0.15083700617989848,0.13659744804340085,True,False,0
4.529,0.2610128308185939,0.29449129777978555,0.142602225639962,True,False,0
4.53,0.2702314899603989,0.30885672693977995,0.14993300372481674,True,False,0
4.531,0.2793755761120835,0.46208797131302504,0.18040361583729858,True,False,0
4.532,0.28844314521073816,0.21787567559317722,0.16730948097424678,True,False,0
4.533,0.2974322733104704,0.33758758525976873,0.17527840304623737,True,False,0
4.534,0.30634105698480696,0.5817998809796165,0.2207155566832501,True,False,0
4.535,0.31516761372387964,0.32322215609977434,0.21793590875840912,True,False,0
4.5360000000000005,0.3239100823263132,0.45251101853969544,0.23610234474858385,True,False,0
4.537,0.3325666232857351,0.5003957824063434,0.2589821116288801,True,False,0
4.538,0.3411354191718284,0.6105307392996053,0.29570056365058045,True,False,0
4.539,0.34961467500585,0.41420320744637706,0.29545789056517063,True,False,0
4.54,0.3580026186305384,0.486030353246349,0.30664550067099133,True,False,0
4.541,0.36629750107433634,0.46208797131302504,0.3122614892059058,True,False,0
4.542,0.37449759690985457,0.5578574990462926,0.3321758414618077,True,False,0
4.543,0.38260120460650443,0.5051842587930082,0.3405777915585037,True,False,0
4.5440000000000005,0.39060664687723035,0.4046262546730759,0.3316986779247595,True,False,0
4.545,0.3985122710192712,0.5051842587930082,0.3401763062240838,True,False,0
4.546,0.4063164492488839,0.5195496879530026,0.3495877405500066,True,False,0
4.547,0.4140175790299627,0.32801063248643914,0.32712839954627904,True,False,0
4.548,0.42161408339648987,0.5003957824063434,0.3355714216114837,True,False,0
4.549,0.42910441126875404,0.5578574990462926,0.3517888153806723,True,False,0
4.55,0.4364870377632745,0.5674344518196222,0.36695303429426657,True,False,0
4.551,0.4437604644963716,0.7110887434195376,0.40249579641472244,True,False,0
4.5520000000000005,0.45092321988132383,0.46687644769968983,0.3936693678705083,True,False,0
4.553,0.45797385941905605,0.572222928206287,0.4029507784106807,True,False,0
4.554,0.4649109659822995,0.5961653101396109,0.4145574210309943,True,False,0
4.555,0.471733150093175,0.5051842587930082,0.4098936412732243,True,False,0
4.556,0.4784390501941413,0.6392615976195657,0.42723422201217015,True,False,0
4.557,0.4850273329122616,0.7446080781261912,0.45853255056290715,True,False,0
4.558,0.49149669331673607,0.5339151171129686,0.45145102729347864,True,False,0
4.559,0.49784585516965535,0.6584155031662249,0.46523841294684143,True,False,0
4.5600000000000005,0.5040735711699258,0.6967233142595433,0.4829147414487202,True,False,0
4.561,0.5101786231903237,0.6871463614862137,0.49626869579060123,True,False,0
4.562,0.5161598225076359,0.5530690226596278,0.48624002675105016,True,False,0
4.563,0.522016010025844,0.6632039795528897,0.4952693253176274,True,False,0
4.564,0.5277460564923121,0.8308006530861292,0.5294474313710321,True,False,0
4.565,0.5333488627069436,0.6201076920729349,0.5247889524961271,True,False,0
4.566,0.5388233597242645,0.7972813183794756,0.5489690705210835,True,False,0
4.567,0.5441685090484047,0.7063002670328729,0.554884611238809,True,False,0
4.5680000000000005,0.5493833028209392,0.7063002670328729,0.5598619463847903,True,False,0
4.569,0.55446676400156,0.6344731212329293,0.5526580802853018,True,False,0
4.57,0.5594179465415497,0.6105307392996053,0.5427994832715327,True,False,0
4.571,0.5642359355500258,0.6009537865262757,0.5329855550730485,True,False,0
4.572,0.5689198474529309,0.6679924559395545,0.5353604594298561,True,False,0
4.573,0.5734688301447447,0.7398196017395264,0.5487504988354089,True,False,0
4.574,0.5778820631328928,0.5913768337529461,0.5364738327221673,True,False,0
4.575,0.5821587576748317,0.8930508461127431,0.5739897874108862,True,False,0
4.5760000000000005,0.5862981569077904,0.749396554512856,0.5827721161112127,True,False,0
4.577,0.5902995359711498,0.6727809323262193,0.5780103180510544,True,False,0
4.578,0.5941622021214432,0.6919348378728785,0.5770415538734733,True,False,0
4.579,0.5978854948399654,0.7398196017395264,0.5838209659654114,True,False,0
4.58,0.6014687859329731,0.749396554512856,0.5910440683943289,True,False,0
4.581,0.6049114796244696,0.7063002670328729,0.5902865086603039,True,False,0
4.582,0.6082130126415607,0.6536270267795601,0.5812951148528971,True,False,0
4.583,0.6113728542923761,0.6057422629129405,0.5661352272028022,True,False,0
4.5840000000000005,0.6143905065365481,0.81164674753947,0.5860361794117894,True,False,0
4.585,0.6172655040482442,0.6392615976195657,0.5754405293666962,True,False,0
4.586,0.6199974142717496,0.7972813183794756,0.5915873003308842,True,False,0
4.587,0.6225858374695997,0.8068582711528052,0.6066920972260679,True,False,0
4.588,0.625030406763261,0.7541850308994924,0.6110472881039927,True,False,0
4.589,0.627330788166364,0.8068582711528052,0.6230657282608825,True,False,0
4.59,0.6294866806104915,0.6919348378728785,0.6149511698248972,True,False,0
4.591,0.6314978159635262,0.7541850308994924,0.6179964706522907,True,False,0
4.5920000000000005,0.6333639590405676,0.8308006530861292,0.6327100345697216,True,False,0
4.593,0.6350849076074235,0.8164352239261348,0.6428116661841256,True,False,0
4.594,0.6366604923766892,0.81164674753947,0.650551724620846,True,False,0
4.595,0.638090576996424,0.7589735072861572,0.6487102255731263,True,False,0
4.596,0.6393750580314417,0.9648779919127151,0.6798172681196938,True,False,0
4.597,0.6405138649372267,0.7589735072861572,0.6733342498464422,True,False,0
4.598,0.6415069600264958,0.7541850308994924,0.6671199861495535,True,False,0
4.599,0.6423543384284219,0.9409356099793911,0.6915099730668887,True,False,0
4.6000000000000005,0.6430560280405418,0.6967233142595433,0.6732996010012671,True,False,0
4.601,0.6436120894733683,0.7589735072861572,0.6678502856297568,True,False,0
4.602,0.6440226159877304,0.725454172579532,0.6579490613295734,True,False,0
4.603,0.6442877334248668,0.7158772198062024,0.6480992665381653,True,False,0
4.604,0.6444076001293002,0.8738969405660839,0.6648736000101779,True,False,0
4.605,0.644382406864518,0.8260121766994644,0.6713929917479078,True,False,0
4.606,0.6442123767214918,0.8260121766994644,0.6768784070590376,True,False,0
4.607,0.6438977650200656,0.7302426489661968,0.6663047744717672,True,False,0
4.6080000000000005,0.6434388592032458,0.6919348378728785,0.6513324973575217,True,False,0
4.609,0.6428359787244283,0.8834738933394135,0.6691129460042604,True,False,0
4.61,0.6420894749275955,0.701511790646208,0.655214198526121,True,False,0
4.611,0.6411997309205264,0.8738969405660839,0.670860102805908,True,False,0
4.612,0.6401671614410526,0.8164352239261348,0.6749111283490259,True,False,0
4.613,0.6389922127164048,0.6823578850995489,0.6570549762981754,True,False,0
4.614,0.6376753623156901,0.8020697947661404,0.6610171377635531,True,False,0
4.615,0.6362171189955437,0.6727809323262193,0.6438456685036852,True,False,0
4.616,0.6346180225390007,0.7446080781261912,0.6407893918375317,True,False,0
4.617,0.6328786435876333,0.8547430350194531,0.6556852603877618,True,False,0
4.618,0.6309995834670022,0.6009537865262757,0.6279676324068107,True,False,0
4.619,0.628981474005471,0.701511790646208,0.6205945373263663,True,False,0
4.62,0.6268249773464333,0.6871463614862137,0.6121124570988374,True,False,0
4.621,0.6245307857540073,0.7063002670328729,0.6080134480175005,True,False,0
4.622,0.6220996214122485,0.6632039795528897,0.5977294652165445,True,False,0
4.623,0.6195322362179372,0.6296846448462645,0.5837603524064223,True,False,0
4.624,0.6168294115669953,0.5674344518196222,0.5621338536310181,True,False,0
4.625,0.6139919581345925,0.763761983672822,0.5750748941013714,True,False,0
4.626,0.6110207156489984,0.6823578850995489,0.5730527825385592,True,False,0
4.627,0.6079165526592415,0.7158772198062024,0.5766675492441936,True,False,0
4.628,0.6046803662966376,0.7063002670328729,0.5781901074254299,True,False,0
4.6290000000000004,0.6013130820302487,0.7924928419928108,0.5931413419174248,True,False,0
4.63,0.5978156534163376,0.8260121766994644,0.6110374796582296,True,False,0
4.631,0.594189061841884,0.6632039795528897,0.6002738850229807,True,False,0
4.632,0.5904343162622264,0.6919348378728785,0.595774116060432,True,False,0
4.633,0.586552452932901,0.749396554512856,0.6011014472396581,True,False,0
4.634,0.5825445351357429,0.6919348378728785,0.5964704267956809,True,False,0
4.635,0.5784116528993234,0.7972813183794756,0.609281853134151,True,False,0
4.636,0.5741549227137903,0.6775694087128841,0.6010750601484748,True,False,0
4.6370000000000005,0.5697754872401904,0.6823578850995489,0.594929318673257,True,False,0
4.638,0.5652745150143396,0.7446080781261912,0.5996311818205575,True,False,0
4.639,0.5606532001453217,0.5147612115663378,0.5671335841649956,True,False,0
4.64,0.5559127620086893,0.6105307392996053,0.554979170244238,True,False,0
4.641,0.5510544449344443,0.6584155031662249,0.5523469781812844,True,False,0
4.642,0.5460795178898742,0.6919348378728785,0.5554484232380402,True,False,0
4.643,0.540989274157326,0.7685504600594868,0.5702092269023273,True,False,0
4.644,0.5357850310069965,0.7781274128328164,0.5841478711020681,True,False,0
4.6450000000000005,0.5304681293648185,0.7685504600594868,0.5943569383863943,True,False,0
4.646,0.5250399334755282,0.6727809323262193,0.5877577859194489,True,False,0
4.647,0.5195018305609936,0.5961653101396109,0.5700540117214743,True,False,0
4.648,0.5138552304738894,0.6105307392996053,0.5574364175884408,True,False,0
4.649,0.5081015653468032,0.701511790646208,0.5612495828825038,True,False,0
4.65,0.5022422892368585,0.787704365606146,0.5781281338840691,True,False,0
4.651,0.49627887776594143,0.44772254215303064,0.5384085803970866,True,False,0
4.652,0.49021282775661745,0.5530690226596278,0.5216965198609655,True,False,0
4.6530000000000005,0.4840456568638278,0.47166492408635463,0.4947242931912441,True,False,0
4.654,0.47777890320245514,0.6105307392996053,0.4940540027816401,True,False,0
4.655,0.4714141249708464,0.6823578850995489,0.5048818157297147,True,False,0
4.656,0.4649529000703841,0.5578574990462926,0.49424655769651665,True,False,0
4.657,0.45839682572120016,0.572222928206287,0.48757641209197666,True,False,0
4.658,0.4517475180741201,0.5626459754329574,0.48044524647052217,True,False,0
4.659,0.44500661181893486,0.4812418768596842,0.4615343834637762,True,False,0
4.66,0.4381757597890893,0.5291266407263038,0.4532173160694845,True,False,0
4.6610000000000005,0.4312566325628861,0.5051842587930082,0.4424220716394366,True,False,0
4.662,0.4242509180612971,0.47645340047301943,0.42878223637870216,True,False,0
4.663,0.41716032114247825,0.548280546272963,0.4286974760735014,True,False,0
4.664,0.40998656319308463,0.6488385503928953,0.4445746720534566,True,False,0
4.665,0.40273138171648176,0.47645340047301943,0.43059343407088463,True,False,0
4.666,0.39539652991795093,0.548280546272963,0.430221417562503,True,False,0
4.667,0.3879837762869856,0.548280546272963,0.429908402923536,True,False,0
4.668,0.3804949041767782,0.44772254215303064,0.4136965191602875,True,False,0
4.6690000000000005,0.372931711380995,0.6057422629129405,0.4251177918467512,True,False,0
4.67,0.3652960097079388,0.6440500740062305,0.4408032732238275,True,False,0
4.671,0.35758962455219934,0.5626459754329574,0.4410903338623274,True,False,0
4.672,0.3498143944638906,0.45729949492636024,0.42462390034120945,True,False,0
4.673,0.34197217071557673,0.32322215609977434,0.3895043610566862,True,False,0
4.674,0.33406481686698586,0.4812418768596842,0.38501673498903327,True,False,0
4.675,0.32609420832761515,0.524338164339639,0.3880759241570505,True,False,0
4.676,0.3180622319173261,0.4812418768596842,0.38381484837821694,True,False,0
4.6770000000000005,0.3099707854250334,0.5865883573662813,0.3969375461070386,True,False,0
4.678,0.3018217771655898,0.47645340047301943,0.3905115628539095,True,False,0
4.679,0.2936171255349676,0.46687644769968983,0.3835858354013381,True,False,0
4.68,0.2853587585638411,0.41899168383304186,0.37016399913798437,True,False,0
4.681,0.27704861346967186,0.31364520332644474,0.3421629016498392,True,False,0
4.682,0.2686886362073997,0.32801063248643914,0.32088114111725385,True,False,0
4.683,0.2602807810188429,0.33279910887310393,0.30373412374703745,True,False,0
4.684,0.2518270099809106,0.41420320744637706,0.30221732692500064,True,False,0
4.6850000000000005,0.2433292925527311,0.3567414908064279,0.29182765812244155,True,False,0
4.686,0.23478960512179867,0.3854723491264167,0.28764251030406984,True,False,0
4.687,0.22620993054924357,0.2897028213931492,0.2689320672301992,True,False,0
4.688,0.21759225771432766,0.33279910887310393,0.2600241801260869,True,False,0
4.689,0.2089385810582702,0.2609719630731604,0.2411372899358226,True,False,0
4.69,0.20025090012750668,0.47645340047301943,0.25942124874783823,True,False,0
4.691,0.19153121911648446,0.3711069199664223,0.25809740287374255,True,False,0
4.692,0.18278154641009847,0.41420320744637706,0.2638185962613177,True,False,0
4.6930000000000005,0.17400389412587114,0.2609719630731604,0.24432991114993613,True,False,0
4.694,0.16520027765597897,0.3567414908064279,0.2431211944539696,True,False,0
4.695,0.15637271520922957,0.20829872281984763,0.21856113696553678,True,False,0
4.696,0.14752322735309154,0.30885672693977995,0.21384482126305035,True,False,0
4.697,0.13865383655588095,0.3423760616464335,0.2151926849762556,True,False,0
4.698,0.12976656672920636,0.1364715770199041,0.183670297727151,True,False,0
4.699,0.12086344277077543,0.18914481727318844,0.16550134858431118,True,False,0
4.7,0.11194649010766494,0.07900986037992652,0.13274657795875022,True,False,0
4.7010000000000005,0.10301773424015626,0.27054891584649,0.13556483901174676,True,False,0
4.702,0.0940792002862384,0.07900986037992652,0.1075580029233267,True,False,0
4.703,0.08513291252687949,0.3615299671930927,0.1288007827041667,True,False,0
4.704,0.07618089395216807,0.20829872281984763,0.12237195824847526,True,False,0
4.705,0.06722516580842504,0.15562548256656328,0.10860876308456609,True,False,0
4.706,0.058267747146386314,0.16999091172655767,0.09930677160861523,True,False,0
4.707,0.049310654370556296,0.16041395895322808,0.08996117123306847,True,False,0
4.708,0.04035590078983202,0.16999091172655767,0.08361669039046726,True,False,0
4.7090000000000005,0.031405496169496394,0.09337528953992091,0.06612719686217117,True,False,0
4.71,0.02246144628468012,0.16041395895322808,0.062043881606552484,True,False,0
4.711,0.013525752475389653,0.22745262836650681,0.06924052290501839,True,False,0
4.712,0.004600411203199489,0.15562548256656328,0.0639039806968786,True,False,0
4.713,-0.0043125863902944706,0.05027900205996616,0.0427058485143435,True,False,0
4.714,-0.013211254923163497,0.19393329365985323,0.04765333342556844,True,False,0
4.715,-0.02209361521088068,0.10295224231325051,0.03738653928759767,True,False,0
4.716,-0.03095769470200624,0.08379833676659132,0.025710248057440807,True,False,0
4.7170000000000005,-0.03980152791172837,0.14604852979323368,0.025758707401877846,True,False,0
4.718,-0.04862315685316547,-0.011971190966676204,0.0007375316333343811,True,False,0
4.719,-0.057420631466336323,-0.03591357290000019,-0.024112547284513185,True,False,0
4.72,-0.06619201004470496,0.09337528953992091,-0.024516168895207302,True,False,0
4.721,-0.07493535965920821,-0.011971190966676204,-0.04156374236576685,True,False,0
4.722,-0.08364875657967423,0.04549052567330136,-0.04679413217314203,True,False,0
4.723,-0.09233028669354114,0.1221061478599097,-0.03904373321716657,True,False,0
4.724,-0.100978045921786,0.1268946242465745,-0.03176309558821152,True,False,0
4.7250000000000005,-0.10959014063197424,0.06464443121993213,-0.03551005726790651,True,False,0
4.726,-0.11816468804834145,-0.007182714580011407,-0.05005454551615231,True,False,0
4.727,-0.12669981665881974,-0.04070204928666499,-0.06760844702343032,True,False,0
4.728,-0.13519366661892146,0.026336620126642174,-0.07174595514370258,True,False,0
4.729,-0.14364439015239444,-0.08379833676661974,-0.09269467322344609,True,False,0
4.73,-0.15205015194856333,0.05506747844663096,-0.08829678433421077,True,False,0
4.731,-0.16040912955627307,-0.04070204928666499,-0.09978546150323617,True,False,0
4.732,-0.16871951377435024,-0.026336620126670596,-0.1071736738512403,True,False,0
4.7330000000000005,-0.17697950903850068,0.007182714579982985,-0.10807394360795027,True,False,0
4.734,-0.18518733380456107,-0.1604139589532565,-0.13541228593919694,True,False,0
4.735,-0.1933412209280237,-0.1508370061799269,-0.15689585738772202,True,False,0
4.736,-0.2014394180397554,0.05506747844663096,-0.1423156518566606,True,False,0
4.737,-0.20948018791783124,-0.05027900205999458,-0.1467558352317602,True,False,0
4.738,-0.2174618088554051,-0.18435634088655206,-0.17175648929809798,True,False,0
4.739,-0.22538257502454115,-0.007182714580011407,-0.16469227468035522,True,False,0
4.74,-0.23324079683592944,-0.06943290760662535,-0.1686213346519023,True,False,0
4.741,-0.24103480129441207,-0.21787567559320564,-0.19547028859811946,True,False,0
4.742,-0.24876293235024505,0.10295224231325051,-0.1671776428320154,True,False,0
4.743,-0.256423551246024,-0.20351024643321125,-0.19197720745820357,True,False,0
4.744,-0.26401503685920275,-0.1604139589532565,-0.20600848059864013,True,False,0
4.745,-0.2715357860401325,-0.1316831006332677,-0.2132576738058575,True,False,0
4.746,-0.27898421394555456,-0.1652024353399213,-0.224673315069366,True,False,0
4.747,-0.2863587543674773,-0.011971190966676204,-0.20997593761729727,True,False,0
4.748,-0.2936578600573697,-0.256183486686524,-0.23634166995339828,True,False,0
4.749,-0.3008800030456073,-0.22266415197987044,-0.2532096224169964,True,False,0
4.75,-0.30802367495610444,-0.1460485297932621,-0.25525106707876716,True,False,0
4.751,-0.3150873873160697,-0.1556254825665917,-0.2584876443638336,True,False,0
4.752,-0.3220696718608227,-0.24660653391319443,-0.2756405073077276,True,False,0
4.753,-0.32896908083361004,-0.2849143450065128,-0.2961485479388069,True,False,0
4.7540000000000004,-0.3357841872803615,-0.18914481727321686,-0.2982149502287906,True,False,0
4.755,-0.3425135853393277,-0.22266415197987044,-0.3052697919276333,True,False,0
4.756,-0.34915589052554075,-0.18914481727321686,-0.305889563666007,True,False,0
4.757,-0.355709740010043,-0.1652024353399213,-0.3026137744525736,True,False,0
4.758,-0.3621737928938286,-0.31843367971313796,-0.3241600222996175,True,False,0
4.759,-0.3685467304764434,-0.18435634088655206,-0.3210243478881416,True,False,0
4.76,-0.37482725651919147,-0.32801063248646756,-0.34116958228274613,True,False,0
4.761,-0.381014097502898,-0.30885672693980837,-0.3550819676755398,True,False,0
4.7620000000000005,-0.3871060028801765,-0.1699909117265861,-0.3447637094316308,True,False,0
4.763,-0.3931017453221545,-0.2657604394598536,-0.3512709886402065,True,False,0
4.764,-0.39900012095960835,-0.31843367971313796,-0.365100195622398,True,False,0
4.765,-0.40479994961846255,-0.21308719920654084,-0.3600281221716128,True,False,0
4.766,-0.41050007504960906,-0.256183486686524,-0.3625955573918805,True,False,0
4.767,-0.41609936515300266,-0.18914481727321686,-0.35412345484023405,True,False,0
4.768,-0.4215967121959916,-0.2753373922331832,-0.3606651831667407,True,False,0
4.769,-0.42699103302584185,-0.21308719920654084,-0.3562965033016313,True,False,0
4.7700000000000005,-0.4322812692764173,-0.2992797741664788,-0.36629085091200025,True,False,0
4.771,-0.4374663875689769,-0.294491297779814,-0.3739406406024868,True,False,0
4.772,-0.44254537970705354,-0.20351024643321125,-0.3659475653339795,True,False,0
4.773,-0.4475172628653786,-0.3902608255131099,-0.3888408604396995,True,False,0
4.774,-0.4523810797728193,-0.21308719920654084,-0.3800035142824377,True,False,0
4.775,-0.45713589888929745,-0.37110691996645073,-0.39762972189592394,True,False,0
4.776,-0.4617808145766563,-0.5099727351797014,-0.43448454795596014,True,False,0
4.777,-0.4663149472634497,-0.2897028213931492,-0.43055935489881075,True,False,0
4.7780000000000005,-0.47073744360362196,-0.46208797131305346,-0.45459700649617274,True,False,0
4.779,-0.4750474766290556,-0.35674149080645634,-0.4581143169400231,True,False,0
4.78,-0.4792442458959583,-0.2657604394598536,-0.4466441742019795,True,False,0
4.781,-0.4833269776250675,-0.3854723491264451,-0.45597952302450867,True,False,0
4.782,-0.487294924835651,-0.33279910887313235,-0.45548030108791415,True,False,0
4.783,-0.49114736747328,-0.30406825055314357,-0.4505035377365528,True,False,0
4.784,-0.49488361253135804,-0.32801063248646756,-0.45011335480629666,True,False,0
4.785,-0.49850299416638644,-0.3854723491264451,-0.4588984911076603,True,False,0
4.7860000000000005,-0.5020048738069497,-0.44772254215305907,-0.4761631927618483,True,False,0
4.787,-0.5053886402564061,-0.30406825055314357,-0.46790611994526415,True,False,0
4.788,-0.50865370978927,-0.46208797131305346,-0.48602056946775735,True,False,0
4.789,-0.511799526241274,-0.46208797131305346,-0.5012620648036354,True,False,0
4.79,-0.5148255610930975,-0.2753373922331832,-0.4844675893453034,True,False,0
4.791,-0.5177313135477571,-0.4046262546730759,-0.49084195137707926,True,False,0
4.792,-0.5205163106016463,-0.36152996719312114,-0.4893702615896811,True,False,0
4.793,-0.5231801071092209,-0.43814558937972947,-0.5002832302253097,True,False,0
4.7940000000000005,-0.5257222858413244,-0.2992797741664788,-0.4874412631346042,True,False,0
4.795,-0.5281424575371487,-0.4046262546730759,-0.4933440000942524,True,False,0
4.796,-0.5304402609498297,-0.3998377782864395,-0.4975511091461873,True,False,0
4.797,-0.5326153628856755,-0.36631844357978594,-0.4957747990272692,True,False,0
4.798,-0.5346674582370303,-0.4046262546730759,-0.5003558360477385,True,False,0
4.799,-0.5365962700087722,-0.47166492408638305,-0.5148426621591904,True,False,0
4.8,-0.5384015493384525,-0.4285686366063999,-0.520196798532242,True,False,0
4.801,-0.5400830755100795,-0.4285686366063999,-0.520196798532242,False,False,1
4.8020000000000005,-0.5416406559615532,-0.43814558937972947,-0.5262206741673904,True,False,0
4.803,-0.5430741262857592,-0.17956786449988726,-0.49027869955461134,True,False,0
4.804,-0.5443833502253316,-0.4237801602197351,-0.498769230762712,True,False,0
4.805,-0.5455682196610933,-0.4333571129930647,-0.5074320685805376,True,False,0
4.806,-0.5466286545941899,-0.44772254215305907,-0.5169993381698446,True,False,0
4.807,-0.5475646031219256,-0.4142032074464055,-0.5197330663895725,True,False,0
4.808,-0.5483760414073202,-0.4142032074464055,-0.5220332249375209,True,False,0
4.809,-0.5490629736424014,-0.2753373922331832,-0.501944440624073,True,False,0
4.8100000000000005,-0.5496254320052496,-0.49560730601970704,-0.5199765788999756,True,False,0
4.811,-0.5500634766108169,-0.5195496879530026,-0.5389460826331248,True,False,0
4.812,-0.5503771954555365,-0.557857499046321,-0.5609826445743338,True,False,0
4.813,-0.5505667043557492,-0.4333571129930647,-0.5597784264017593,True,False,0
4.814,-0.5506321468799649,-0.4094147310597407,-0.5549679323282105,True,False,0
4.815,-0.5505736942749881,-0.4237801602197351,-0.5531987423178963,True,False,0
4.816,-0.5503915453859306,-0.3950493018997747,-0.5471534280040453,True,False,0
4.817,-0.5500859265701393,-0.34716453803312675,-0.5344723712344758,True,False,0
4.8180000000000005,-0.5496570916050676,-0.49560730601970704,-0.5473455752400855,True,False,0
4.819,-0.5491053215901195,-0.37589539635311553,-0.5391907619750408,True,False,0
4.82,-0.5484309248424993,-0.5195496879530026,-0.5551128936288259,True,False,0
4.821,-0.5476342367870971,-0.44293406576639427,-0.5563585247913544,True,False,0
4.822,-0.5467156198404454,-0.4094147310597407,-0.5520904275837564,True,False,0
4.823,-0.5456754632887799,-0.5147612115663662,-0.5652072174833862,True,False,0
4.824,-0.5445141831602449,-0.35195301441979154,-0.550422280232158,True,False,0
4.825,-0.5432322220912748,-0.48124187685971265,-0.5584874674349054,True,False,0
4.8260000000000005,-0.5418300491871945,-0.48603035324637744,-0.566032967851383,True,False,0
4.827,-0.5403081598770796,-0.44772254215305907,-0.5663061267534991,True,False,0
4.828,-0.5386670757629135,-0.5434920698863266,-0.5817250228914786,True,False,0
4.829,-0.5369073444630879,-0.3998377782864395,-0.5719148895675235,True,False,0
4.83,-0.5350295394502866,-0.3950493018997747,-0.562901191724747,True,False,0
4.831,-0.5330342598838032,-0.557857499046321,-0.581138470068067,True,False,0
4.832,-0.5309221304363303,-0.33279910887313235,-0.560789021909879,True,False,0
4.833,-0.5286938011152765,-0.3902608255131099,-0.5527804351946347,True,False,0
4.8340000000000005,-0.5263499470786531,-0.22745262836653524,-0.5202206089662693,True,False,0
4.835,-0.5238912684455819,-0.5051842587930366,-0.536873050456034,True,False,0
4.836,-0.521318490101477,-0.5051842587930366,-0.5508844124343304,True,False,0
4.837,-0.5186323614979484,-0.3998377782864395,-0.5459656041722054,True,False,0
4.838,-0.5158336564474838,-0.4333571129930647,-0.547143090673587,True,False,0
4.839,-0.5129231729129602,-0.5434920698863266,-0.5656012469704621,True,False,0
4.84,-0.5099017327920422,-0.4046262546730759,-0.559107799739795,True,False,0
4.841,-0.5067701816965221,-0.2849143450065128,-0.5346578887891882,True,False,0
4.8420000000000005,-0.5035293887266578,-0.2705489158465184,-0.5118073780380855,True,False,0
4.843,-0.5001802462405701,-0.2897028213931492,-0.4956187734911459,True,False,0
4.844,-0.49672366961875586,-0.45729949492638866,-0.5085785393345417,True,False,0
4.845,-0.4931605970237774,-0.37589539635311553,-0.506572183298031,True,False,0
4.846,-0.48949198915519104,-0.4189916838330703,-0.5117191127288561,True,False,0
4.847,-0.4857188289997753,-0.33758758525979715,-0.5031390372097682,True,False,0
4.848,-0.4818421215771234,-0.3998377782864395,-0.5057926520274936,True,False,0
4.849,-0.477862893680663,-0.36631844357978594,-0.5027092320736553,True,False,0
4.8500000000000005,-0.4737821936141686,-0.3950493018997747,-0.5046715610313383,True,False,0
4.851,-0.46960109092383384,-0.3950493018997747,-0.5046715610313383,False,False,1
4.852,-0.4653206761259681,-0.3950493018997747,-0.506322664346338,True,False,0
4.853,-0.46094206043038755,-0.32801063248646756,-0.4970795602556763,True,False,0
4.854,-0.45646637545956786,-0.3998377782864395,-0.5006942089520376,True,False,0
4.855,-0.4518947729636291,-0.32322215609980276,-0.4915843256475587,True,False,0
4.856,-0.4472284245312219,-0.2609719630731888,-0.47404638190963105,True,False,0
4.857,-0.44246852129638714,-0.4333571129930647,-0.48663026695714545,True,False,0
4.8580000000000005,-0.437616273641461,-0.22745262836653524,-0.4645618665127764,True,False,0
4.859,-0.43267291089609655,-0.256183486686524,-0.45055023549785,True,False,0
4.86,-0.42763968103247846,-0.2753373922331832,-0.4417986631448016,True,False,0
4.861,-0.42251785035680095,-0.256183486686524,-0.4313972793160007,True,False,0
4.862,-0.41730870319708885,-0.37589539635311553,-0.4416318817377173,True,False,0
4.863,-0.41201354158743214,-0.21787567559320564,-0.4251813253528963,True,False,0
4.864,-0.4066336849487148,-0.2609719630731888,-0.4181749065980196,True,False,0
4.865,-0.40117046976591264,-0.1316831006332677,-0.3917744754499848,True,False,0
4.866,-0.3956252492620377,-0.09816376592661413,-0.36424498521807075,True,False,0
4.867,-0.38999939306880943,-0.23702958113986483,-0.3631058133239111,True,False,0
4.868,-0.3842942868941295,-0.30885672693980837,-0.37353910945539354,True,False,0
4.869,-0.37851133218644056,-0.2992797741664788,-0.3807987773573841,True,False,0
4.87,-0.3726519457960501,-0.1556254825665917,-0.3641234705182873,True,False,0
4.871,-0.3667175596334983,-0.19872177004654645,-0.35692794676210154,True,False,0
4.872,-0.36070962032505205,-0.2849143450065128,-0.36454378831146567,True,False,0
4.873,-0.35462958886540746,-0.21308719920654084,-0.3595599611367498,True,False,0
4.874,-0.3484789402676823,-0.20829872281987605,-0.354607116623897,True,False,0
4.875,-0.3422591632107804,-0.2705489158465184,-0.36031268311120185,True,False,0
4.876,-0.3359717596842139,-0.22266415197987044,-0.3575188158309338,True,False,0
4.877,-0.3296182446304636,-0.24660653391319443,-0.3589653213545532,True,False,0
4.878,-0.32320014558496435,-0.2705489158465184,-0.36397967597193526,True,False,0
4.8790000000000004,-0.31671900231379824,-0.23224110475320003,-0.36212312914695,True,False,0
4.88,-0.3101763664491811,-0.24181805752652963,-0.3620799369313804,True,False,0
4.881,-0.3035738011228279,-0.22266415197987044,-0.35900578295207747,True,False,0
4.882,-0.29691288059728177,-0.34237606164646195,-0.375405515561016,True,False,0
4.883,-0.2901951898952935,-0.07900986037995494,-0.34743433256461453,True,False,0
4.884,-0.28342232442733734,-0.05506747844665938,-0.32010211797114013,True,False,0
4.885,-0.2765958896173494,-0.30406825055314357,-0.3365963530886379,True,False,0
4.886,-0.2697175005267755,-0.30885672693980837,-0.3512340532608428,True,False,0
4.8870000000000005,-0.2627887814770172,-0.11252919508660852,-0.3324126386073389,True,False,0
4.888,-0.2558113656703596,-0.1699909117265861,-0.3256897390726952,True,False,0
4.889,-0.24878689480947264,-0.19393329365988166,-0.3238303573980698,True,False,0
4.89,-0.24171701871557025,-0.18914481727321686,-0.321506420899104,True,False,0
4.891,-0.2346033949453177,-0.18435634088655206,-0.3187916080348557,True,False,0
4.892,-0.22744768840657292,-0.17956786449988726,-0.315747911850639,True,False,0
4.893,-0.22025157097305156,-0.11252919508660852,-0.30255460410729346,True,False,0
4.894,-0.21301672109800396,-0.07422138399329015,-0.2853781326771647,True,False,0
4.8950000000000005,-0.20574482342699088,-0.10295224231327893,-0.27548257006174476,True,False,0
4.896,-0.19843756840984852,-0.1604139589532565,-0.27626988120384655,True,False,0
4.897,-0.19109665191192915,-0.11252919508660852,-0.26933779455282214,True,False,0
4.898,-0.18372377482470773,0.08858681315325612,-0.2316081112202505,True,False,0
4.899,-0.1763206426758417,-0.12689462424660292,-0.23403774647488843,True,False,0
4.9,-0.1688889652387732,0.10295224231325051,-0.19962829658307368,True,False,0
4.901,-0.16143045614196164,0.05027900205996616,-0.17903017332988544,True,False,0
4.902,-0.15394683247783525,0.01675966735331258,-0.16701508635509102,True,False,0
4.9030000000000005,-0.1464398144115503,0.10295224231325051,-0.14323543957985196,True,False,0
4.904,-0.13891112478964557,-0.08858681315328454,-0.15360536860562718,True,False,0
4.905,-0.1313624887486806,-0.007182714580011407,-0.14941992422710348,True,False,0
4.906,-0.12379563332394587,0.007182714579982985,-0.14361993286158536,True,False,0
4.907,-0.11621228705833246,-0.007182714580011407,-0.14101817996595206,True,False,0
4.908,-0.108614179611449,-0.06464443121996055,-0.14794250160273037,True,False,0
4.909,-0.10100304136907337,0.07900986037992652,-0.13098503446222393,True,False,0
4.91,-0.0933806030530268,0.07422138399326172,-0.11747647695712786,True,False,0
4.9110000000000005,-0.08574859533155686,-0.007182714580011407,-0.11902107976499153,True,False,0
4.912,-0.07810874843031657,-0.06464443121996055,-0.12943414452019958,True,False,0
4.913,-0.07046279174402628,-0.059855954833295755,-0.1374362427587429,True,False,0
4.914,-0.06281245344890422,0.0023942381933181878,-0.13429631793669497,True,False,0
4.915,-0.05515946011595199,0.03112509651330697,-0.1270976675408446,True,False,0
4.916,-0.04750553632518062,0.1221061478599097,-0.10661111682667435,True,False,0
4.917,-0.03985240428086246,0.04549052567330136,-0.10152498409475123,True,False,0
4.918,-0.03220178342789392,0.011971190966647782,-0.10256168381027117,True,False,0
4.9190000000000005,-0.02455539006935353,0.01675966735331258,-0.10267450979450489,True,False,0
4.92,-0.016914936985339732,0.059855954833295755,-0.0959343644382183,True,False,0
4.921,-0.009282133053171895,0.03112509651330697,-0.09481992514540628,True,False,0
4.922,-0.0016586828690381798,0.03112509651330697,-0.09481992514540628,False,False,1
4.923,0.005953713628827008,0.1268946242465745,-0.07869317580244609,True,False,0
4.924,0.013553361535353605,0.06464443121993213,-0.07499702030310415,True,False,0
4.925,0.021138571352152368,0.17477938811322247,-0.05441965625788167,True,False,0
4.926,0.028707659359256035,0.10295224231325051,-0.04849766018794427,True,False,0
4.9270000000000005,0.03625894798500402,0.2801258686198196,-0.015415132000149268,True,False,0
4.928,0.04379076617399057,0.20829872281984763,0.0010287074587765621,True,False,0
4.929,0.05130144975299622,0.15562548256656328,0.0065105685656011185,True,False,0
4.93,0.058789341794823514,0.14604852979323368,0.009604099719107204,True,False,0
4.931,0.06625279297995833,0.1364715770199041,0.010688090378498879,True,False,0
4.932,0.07369016195597865,0.20351024643318283,0.02223250216289043,True,False,0
4.933,0.08109981569463338,0.2418180575265012,0.03802159276002513,True,False,0
4.934,0.08848012984651454,0.09337528953992091,0.027763487989297665,True,False,0
4.9350000000000005,0.09582948909324653,0.16999091172655767,0.03128356826687092,True,False,0
4.936,0.10314628749711707,0.2418180575265012,0.04563715853458786,True,False,0
4.937,0.11042892884807523,0.2418180575265012,0.05771426741094983,True,False,0
4.938,0.11767582700802202,0.2753373922331548,0.07319211625420886,True,False,0
4.939,0.12488540625232081,0.3806838727397519,0.1029231424442018,True,False,0
4.94,0.1320561016084543,0.29449129777978555,0.11426866954200744,True,False,0
4.941,0.13918635919175684,0.2753373922331548,0.1207769824260213,True,False,0
4.942,0.14627463653815045,0.32801063248643914,0.13460705914258422,True,False,0
4.9430000000000005,0.15331940293381457,0.33758758525976873,0.1477625898165676,True,False,0
4.944,0.16031913974171985,0.22745262836650681,0.14136423219898012,True,False,0
4.945,0.16727234072495734,0.3471645380330983,0.15496698032403963,True,False,0
4.946,0.17417751236679516,0.20829872281984763,0.14438819332565733,True,False,0
4.947,0.18103317418739556,0.1173176714732449,0.1210575961391861,True,False,0
4.948,0.1878378590571263,0.3567414908064279,0.1393998855648299,True,False,0
4.949,0.1945901135064009,0.33758758525976873,0.15179527330880527,True,False,0
4.95,0.20128849803198326,0.2609719630731604,0.15007350263086083,True,False,0
4.9510000000000005,0.2079315873996932,0.3806838727397519,0.1676111303634894,True,False,0
4.952,0.2145179709434502,0.2849143450064844,0.16717822764941706,True,False,0
4.953,0.22104625286059384,0.43335711299303625,0.1903570267921073,True,False,0
4.954,0.2275150525034192,0.3567414908064279,0.1977084169813636,True,False,0
4.955,0.23392300466686905,0.31364520332644474,0.19705879855123673,True,False,0
4.956,0.24026875987232205,0.3567414908064279,0.20334728681740552,True,False,0
4.957,0.24655098464742012,0.5003957824063434,0.23142201039231983,True,False,0
4.958,0.252768361801878,0.2801258686198196,0.22010924031223822,True,False,0
4.9590000000000005,0.25891959069921855,0.40941473105971227,0.23109590849505207,True,False,0
4.96,0.2650033875243788,0.2801258686198196,0.21983485822074514,True,False,0
4.961,0.2710184855471332,0.41420320744637706,0.2316244964547881,True,False,0
4.962,0.2769636353812812,0.47166492408635463,0.2506577326079845,True,False,0
4.963,0.28283760523954615,0.22266415197984202,0.22718073817267984,True,False,0
4.964,0.2886391811841363,0.41420320744637706,0.23780531883563422,True,False,0
4.965,0.2943671673729164,0.45251101853969544,0.25282046365375027,True,False,0
4.966,0.3000203863011428,0.31364520332644474,0.2434300670385756,True,False,0
4.9670000000000005,0.3055976790387124,0.3471645380330983,0.2408451597149467,True,False,0
4.968,0.3110979054628809,0.46208797131302504,0.25689709137888805,True,False,0
4.969,0.31651994448640347,0.509972735179673,0.27799771461002387,True,False,0
4.97,0.32186269428105324,0.5195496879530026,0.2972706821210222,True,False,0
4.971,0.3271250724964757,0.3567414908064279,0.2876655518649776,True,False,0
4.972,0.3323060164743356,0.5147612115663378,0.30464574604338657,True,False,0
4.973,0.33740448345771507,0.3758953963530871,0.2969087416895933,True,False,0
4.974,0.34241945079572417,0.5530690226596278,0.318498588800184,True,False,0
4.9750000000000005,0.347349916143284,0.46687644769968983,0.3229941289407212,True,False,0
4.976,0.35219489765604534,0.42856863660637146,0.3207010516863018,True,False,0
4.977,0.35695343418040576,0.46208797131302504,0.32408782789629986,True,False,0
4.978,0.36162458543859005,0.5865883573662813,0.34668323929133016,True,False,0
4.979,0.36620743220876006,0.4812418768596842,0.3489870490273749,True,False,0
4.98,0.37070107650012024,0.5387035934996334,0.36003891038749597,True,False,0
4.981,0.3751046417229878,0.47166492408635463,0.35870560282256364,True,False,0
4.982,0.37941727285379634,0.5051842587930082,0.36289992911724245,True,False,0
4.9830000000000005,0.3836381365950033,0.47645340047301943,0.3618723166018942,True,False,0
4.984,0.38776642152987295,0.3950493018997463,0.3480969823388447,True,False,0
4.985,0.39180133827210895,0.5003957824063434,0.35321438428810364,True,False,0
4.986,0.39574211961030836,0.42378016021970666,0.34536891736385056,True,False,0
4.987,0.399588020647214,0.29449129777978555,0.31826251120154625,True,False,0
4.988,0.4033383189337421,0.524338164339639,0.33190892944690087,True,False,0
4.989,0.406992314597761,0.42856863660637146,0.32820196360562354,True,False,0
4.99,0.41054933046760117,0.7206656961928672,0.3714095568965491,True,False,0
4.9910000000000005,0.4140087121902773,0.47645340047301943,0.3690323162445723,True,False,0
4.992,0.4173698283444013,0.5674344518196222,0.3814617135486372,True,False,0
4.993,0.420632070547772,0.486030353246349,0.3790091054961065,True,False,0
4.994,0.4237948535596229,0.486030353246349,0.37694548141815887,True,False,0
4.995,0.426857615377514,0.5961653101396109,0.39267656771952725,True,False,0
4.996,0.42981981732885377,0.6967233142595433,0.42186121485816436,True,False,0
4.997,0.43268094415703906,0.548280546272963,0.4228741295183768,True,False,0
4.998,0.4354405041022009,0.5530690226596278,0.42448584878788004,True,False,0
4.999,0.4380980289765468,0.6296846448462645,0.43799319737974707,True,False,0
5.0,0.44065307423429056,0.548280546272963,0.4364475773924543,True,False,0
