time_s,true_acceleration_m_s2,measured_acceleration_m_s2,valid,saturated
0.0,0.0,0.1412600534065689,True,False
0.001,0.0,0.2322411047531716,True,False
0.002,0.0,0.09816376592658571,True,False
0.003,0.0,0.14604852979323368,True,False
0.004,0.0,0.10295224231325051,True,False
0.005,0.0,0.16041395895322808,True,False
0.006,0.0,0.1125291950865801,True,False
0.007,0.0,0.06943290760659693,True,False
0.008,0.0,0.16520243533989287,True,False
0.009000000000000001,0.0,0.011971190966647782,True,False
0.01,0.0,0.17477938811322247,True,False
0.011,0.0,0.1077407186999153,True,False
0.012,0.0,0.2657604394598252,True,False
0.013000000000000001,0.0,0.22745262836650681,True,False
0.014,0.0,0.1316831006332393,True,False
0.015,0.0,0.22745262836650681,True,False
0.016,0.0,0.21308719920651242,True,False
0.017,0.0,0.17477938811322247,True,False
0.018000000000000002,0.0,0.08379833676659132,True,False
0.019,0.0,0.18914481727318844,True,False
0.02,0.0,0.06943290760659693,True,False
0.021,0.0,0.2370295811398364,True,False
0.022,0.0,0.17956786449985884,True,False
0.023,0.0,0.05506747844663096,True,False
0.024,0.0,0.3711069199664223,True,False
0.025,0.0,0.18435634088652364,True,False
0.026000000000000002,0.0,0.19872177004651803,True,False
0.027,0.0,0.1173176714732449,True,False
0.028,0.0,0.1412600534065689,True,False
0.029,0.0,0.07422138399326172,True,False
0.03,0.0,0.040702049286636566,True,False
0.031,0.0,0.007182714579982985,True,False
0.032,0.0,0.22266415197984202,True,False
0.033,0.0,0.1412600534065689,True,False
0.034,0.0,0.1316831006332393,True,False
0.035,0.0,0.06464443121993213,True,False
0.036000000000000004,0.0,0.07422138399326172,True,False
0.037,0.0,0.15562548256656328,True,False
0.038,0.0,0.06943290760659693,True,False
0.039,0.0,0.1077407186999153,True,False
0.04,0.0,0.06464443121993213,True,False
0.041,0.0,0.06943290760659693,True,False
0.042,0.0,0.15562548256656328,True,False
0.043000000000000003,0.0,0.021548143739977377,True,False
0.044,0.0,0.10295224231325051,True,False
0.045,0.0,0.17477938811322247,True,False
0.046,0.0,-0.03591357290000019,True,False
0.047,0.0,0.01675966735331258,True,False
0.048,0.0,0.2849143450064844,True,False
0.049,0.0,0.1412600534065689,True,False
0.05,0.0,0.03591357289997177,True,False
0.051000000000000004,0.0,0.1173176714732449,True,False
0.052000000000000005,0.0,0.09337528953992091,True,False
0.053,0.0,0.1364715770199041,True,False
0.054,0.0,0.16041395895322808,True,False
0.055,0.0,0.21308719920651242,True,False
0.056,0.0,-0.06464443121996055,True,False
0.057,0.0,0.06943290760659693,True,False
0.058,0.0,0.2513950102998308,True,False
0.059000000000000004,0.0,0.17956786449985884,True,False
0.06,0.0,0.15562548256656328,True,False
0.061,0.0,0.08379833676659132,True,False
0.062,0.0,0.20351024643318283,True,False
0.063,0.0,0.2322411047531716,True,False
0.064,0.0,0.2513950102998308,True,False
0.065,0.0,0.03591357289997177,True,False
0.066,0.0,0.03112509651330697,True,False
0.067,0.0,0.0023942381933181878,True,False
0.068,0.0,0.2897028213931492,True,False
0.069,0.0,0.2609719630731604,True,False
0.07,0.0,-0.07900986037995494,True,False
0.07100000000000001,0.0,0.007182714579982985,True,False
0.07200000000000001,0.0,0.1364715770199041,True,False
0.073,0.0,0.2418180575265012,True,False
0.074,0.0,0.16520243533989287,True,False
0.075,0.0,0.1364715770199041,True,False
0.076,0.0,0.10295224231325051,True,False
0.077,0.0,0.05027900205996616,True,False
0.078,0.0,0.007182714579982985,True,False
0.079,0.0,-0.059855954833295755,True,False
0.08,0.0,0.17956786449985884,True,False
0.081,0.0,0.3519530144197631,True,False
0.082,0.0,0.04549052567330136,True,False
0.083,0.0,0.04549052567330136,True,False
0.084,0.0,0.17956786449985884,True,False
0.085,0.0,0.2322411047531716,True,False
0.08600000000000001,0.0,0.16520243533989287,True,False
0.08700000000000001,0.0,0.22266415197984202,True,False
0.088,0.0,-0.0215481437400058,True,False
0.089,0.0,0.08379833676659132,True,False
0.09,0.0,0.2753373922331548,True,False
0.091,0.0,0.16999091172655767,True,False
0.092,0.0,0.059855954833295755,True,False
0.093,0.0,0.20829872281984763,True,False
0.094,0.0,0.10295224231325051,True,False
0.095,0.0,0.15562548256656328,True,False
0.096,0.0,0.08858681315325612,True,False
0.097,0.0,0.16520243533989287,True,False
0.098,0.0,0.08858681315325612,True,False
0.099,0.0,0.1412600534065689,True,False
0.1,0.0,0.0023942381933181878,True,False
0.101,0.0,0.15083700617989848,True,False
0.10200000000000001,0.0,0.1316831006332393,True,False
0.10300000000000001,0.0,0.15083700617989848,True,False
0.10400000000000001,0.0,0.1412600534065689,True,False
0.105,0.0,0.1412600534065689,True,False
0.106,0.0,0.07900986037992652,True,False
0.107,0.0,0.16999091172655767,True,False
0.108,0.0,0.08379833676659132,True,False
0.109,0.0,0.18914481727318844,True,False
0.11,0.0,0.1268946242465745,True,False
0.111,0.0,0.06943290760659693,True,False
0.112,0.0,-0.0023942381933466095,True,False
0.113,0.0,-0.0023942381933466095,True,False
0.114,0.0,0.07422138399326172,True,False
0.115,0.0,0.15083700617989848,True,False
0.116,0.0,0.059855954833295755,True,False
0.117,0.0,0.03112509651330697,True,False
0.11800000000000001,0.0,0.10295224231325051,True,False
0.11900000000000001,0.0,0.2418180575265012,True,False
0.12,0.0,0.2849143450064844,True,False
0.121,0.0,0.17477938811322247,True,False
0.122,0.0,0.16041395895322808,True,False
0.123,0.0,0.32322215609977434,True,False
0.124,0.0,0.16999091172655767,True,False
0.125,0.0,0.03112509651330697,True,False
0.126,0.0,0.1125291950865801,True,False
0.127,0.0,0.1077407186999153,True,False
0.128,0.0,0.19393329365985323,True,False
0.129,0.0,0.09816376592658571,True,False
0.13,0.0,0.1316831006332393,True,False
0.131,0.0,0.18435634088652364,True,False
0.132,0.0,0.22745262836650681,True,False
0.133,0.0,0.0023942381933181878,True,False
0.134,0.0,-0.0215481437400058,True,False
0.135,0.0,0.17477938811322247,True,False
0.136,0.0,0.06464443121993213,True,False
0.137,0.0,0.01675966735331258,True,False
0.138,0.0,0.1221061478599097,True,False
0.139,0.0,0.2418180575265012,True,False
0.14,0.0,0.15562548256656328,True,False
0.14100000000000001,0.0,0.07900986037992652,True,False
0.14200000000000002,0.0,0.19872177004651803,True,False
0.14300000000000002,0.0,0.21308719920651242,True,False
0.14400000000000002,0.0,0.1221061478599097,True,False
0.145,0.0,0.007182714579982985,True,False
0.146,0.0,0.19872177004651803,True,False
0.147,0.0,0.19872177004651803,False,False
0.148,0.0,0.021548143739977377,True,False
0.149,0.0,0.06943290760659693,True,False
0.15,0.0,0.04549052567330136,True,False
0.151,0.0,0.06464443121993213,True,False
0.152,0.0,0.1125291950865801,True,False
0.153,0.0,0.3567414908064279,True,False
0.154,0.0,0.1412600534065689,True,False
0.155,0.0,0.06943290760659693,True,False
0.156,0.0,0.20829872281984763,True,False
0.157,0.0,0.1268946242465745,True,False
0.158,0.0,0.1125291950865801,True,False
0.159,0.0,0.06943290760659693,True,False
0.16,0.0,0.09816376592658571,True,False
0.161,0.0,0.04549052567330136,True,False
0.162,0.0,0.1364715770199041,True,False
0.163,0.0,0.04549052567330136,True,False
0.164,0.0,0.18914481727318844,True,False
0.165,0.0,0.059855954833295755,True,False
0.166,0.0,0.1412600534065689,True,False
0.167,0.0,0.09337528953992091,True,False
0.168,0.0,0.03112509651330697,True,False
0.169,0.0,0.07422138399326172,True,False
0.17,0.0,0.07900986037992652,True,False
0.171,0.0,0.15083700617989848,True,False
0.17200000000000001,0.0,0.021548143739977377,True,False
0.17300000000000001,0.0,0.17477938811322247,True,False
0.17400000000000002,0.0,0.06943290760659693,True,False
0.17500000000000002,0.0,0.08858681315325612,True,False
0.176,0.0,0.15562548256656328,True,False
0.177,0.0,0.09337528953992091,True,False
0.178,0.0,0.18435634088652364,True,False
0.179,0.0,-0.06464443121996055,True,False
0.18,0.0,0.03591357289997177,True,False
0.181,0.0,0.2561834866864956,True,False
0.182,0.0,0.19393329365985323,True,False
0.183,0.0,0.03112509651330697,True,False
0.184,0.0,0.1412600534065689,True,False
0.185,0.0,0.2801258686198196,True,False
0.186,0.0,0.059855954833295755,True,False
0.187,0.0,0.20351024643318283,True,False
0.188,0.0,0.07422138399326172,True,False
0.189,0.0,0.007182714579982985,True,False
0.19,0.0,0.05506747844663096,True,False
0.191,0.0,0.1077407186999153,True,False
0.192,0.0,0.19393329365985323,True,False
0.193,0.0,0.10295224231325051,True,False
0.194,0.0,0.15562548256656328,True,False
0.195,0.0,0.2322411047531716,True,False
0.196,0.0,-0.059855954833295755,True,False
0.197,0.0,0.1268946242465745,True,False
0.198,0.0,0.07422138399326172,True,False
0.199,0.0,0.16520243533989287,True,False
0.2,0.0,0.22745262836650681,True,False
0.201,0.0,-0.011971190966676204,True,False
0.202,0.0,0.16999091172655767,True,False
0.203,0.0,0.09816376592658571,True,False
0.20400000000000001,0.0,0.1364715770199041,True,False
0.20500000000000002,0.0,-0.0023942381933466095,True,False
0.20600000000000002,0.0,0.1316831006332393,True,False
0.20700000000000002,0.0,0.2513950102998308,True,False
0.20800000000000002,0.0,0.15562548256656328,True,False
0.209,0.0,0.059855954833295755,True,False
0.21,0.0,0.07900986037992652,True,False
0.211,0.0,0.2801258686198196,True,False
0.212,0.0,0.22266415197984202,True,False
0.213,0.0,0.16041395895322808,True,False
0.214,0.0,0.16041395895322808,True,False
0.215,0.0,0.06464443121993213,True,False
0.216,0.0,0.19872177004651803,True,False
0.217,0.0,0.16041395895322808,True,False
0.218,0.0,0.1268946242465745,True,False
0.219,0.0,0.17956786449985884,True,False
0.22,0.0,0.2370295811398364,True,False
0.221,0.0,0.04549052567330136,True,False
0.222,0.0,0.21308719920651242,True,False
0.223,0.0,0.1316831006332393,True,False
0.224,0.0,0.05027900205996616,True,False
0.225,0.0,0.2753373922331548,True,False
0.226,0.0,0.17956786449985884,True,False
0.227,0.0,0.0023942381933181878,True,False
0.228,0.0,0.06943290760659693,True,False
0.229,0.0,0.1221061478599097,True,False
0.23,0.0,0.1077407186999153,True,False
0.231,0.0,0.040702049286636566,True,False
0.232,0.0,0.21787567559317722,True,False
0.233,0.0,0.06943290760659693,True,False
0.234,0.0,0.1077407186999153,True,False
0.23500000000000001,0.0,0.2753373922331548,True,False
0.23600000000000002,0.0,0.040702049286636566,True,False
0.23700000000000002,0.0,0.1077407186999153,True,False
0.23800000000000002,0.0,0.1364715770199041,True,False
0.23900000000000002,0.0,0.011971190966647782,True,False
0.24,0.0,0.20351024643318283,True,False
0.241,0.0,0.1316831006332393,True,False
0.242,0.0,0.22266415197984202,True,False
0.243,0.0,0.15562548256656328,True,False
0.244,0.0,0.03591357289997177,True,False
0.245,0.0,0.007182714579982985,True,False
0.246,0.0,0.14604852979323368,True,False
0.247,0.0,0.026336620126642174,True,False
0.248,0.0,0.1077407186999153,True,False
0.249,0.0,0.059855954833295755,True,False
0.25,0.0,0.16041395895322808,True,False
0.251,0.0,0.01675966735331258,True,False
0.252,0.0,0.15562548256656328,True,False
0.253,0.0,0.04549052567330136,True,False
0.254,0.0,0.16999091172655767,True,False
0.255,0.0,0.2849143450064844,True,False
0.256,0.0,0.03112509651330697,True,False
0.257,0.0,0.04549052567330136,True,False
0.258,0.0,0.22266415197984202,True,False
0.259,0.0,0.16999091172655767,True,False
0.26,0.0,0.14604852979323368,True,False
0.261,0.0,0.06464443121993213,True,False
0.262,0.0,0.1221061478599097,True,False
0.263,0.0,0.07422138399326172,True,False
0.264,0.0,0.15562548256656328,True,False
0.265,0.0,0.10295224231325051,True,False
0.266,0.0,0.08858681315325612,True,False
0.267,0.0,0.1364715770199041,True,False
0.268,0.0,0.17956786449985884,True,False
0.269,0.0,0.1077407186999153,True,False
0.27,0.0,0.1221061478599097,True,False
0.271,0.0,0.18914481727318844,True,False
0.272,0.0,0.17477938811322247,True,False
0.273,0.0,0.1412600534065689,True,False
0.274,0.0,0.1221061478599097,True,False
0.275,0.0,0.1412600534065689,True,False
0.276,0.0,0.011971190966647782,True,False
0.277,0.0,0.19393329365985323,True,False
0.278,0.0,0.1364715770199041,True,False
0.279,0.0,0.19872177004651803,True,False
0.28,0.0,-0.031125096513335393,True,False
0.281,0.0,-0.031125096513335393,True,False
0.28200000000000003,0.0,0.0023942381933181878,True,False
0.28300000000000003,0.0,0.059855954833295755,True,False
0.28400000000000003,0.0,0.06943290760659693,True,False
0.28500000000000003,0.0,0.1221061478599097,True,False
0.28600000000000003,0.0,0.16041395895322808,True,False
0.28700000000000003,0.0,0.1268946242465745,True,False
0.28800000000000003,0.0,0.1316831006332393,True,False
0.289,0.0,0.08858681315325612,True,False
0.29,0.0,0.21308719920651242,True,False
0.291,0.0,0.1412600534065689,True,False
0.292,0.0,0.09816376592658571,True,False
0.293,0.0,0.15562548256656328,True,False
0.294,0.0,0.09816376592658571,True,False
0.295,0.0,0.1268946242465745,True,False
0.296,0.0,0.18435634088652364,True,False
0.297,0.0,0.08858681315325612,True,False
0.298,0.0,0.059855954833295755,True,False
0.299,0.0,0.1316831006332393,True,False
0.3,0.0,0.19393329365985323,True,False
0.301,0.0,0.04549052567330136,True,False
0.302,0.0,0.21308719920651242,True,False
0.303,0.0,0.09337528953992091,True,False
0.304,0.0,0.18435634088652364,True,False
0.305,0.0,0.08379833676659132,True,False
0.306,0.0,0.19393329365985323,True,False
0.307,0.0,0.17956786449985884,True,False
0.308,0.0,0.09816376592658571,True,False
0.309,0.0,0.1173176714732449,True,False
0.31,0.0,0.14604852979323368,True,False
0.311,0.0,0.011971190966647782,True,False
0.312,0.0,0.05506747844663096,True,False
0.313,0.0,0.08858681315325612,True,False
0.314,0.0,0.21787567559317722,True,False
0.315,0.0,0.007182714579982985,True,False
0.316,0.0,0.17477938811322247,True,False
0.317,0.0,0.15562548256656328,True,False
0.318,0.0,0.007182714579982985,True,False
0.319,0.0,0.1221061478599097,True,False
0.32,0.0,0.16520243533989287,True,False
0.321,0.0,0.1412600534065689,True,False
0.322,0.0,0.22745262836650681,True,False
0.323,0.0,0.14604852979323368,True,False
0.324,0.0,0.10295224231325051,True,False
0.325,0.0,0.17956786449985884,True,False
0.326,0.0,0.1221061478599097,True,False
0.327,0.0,0.04549052567330136,True,False
0.328,0.0,0.07900986037992652,True,False
0.329,0.0,0.1316831006332393,True,False
0.33,0.0,0.1316831006332393,False,False
0.331,0.0,0.05506747844663096,True,False
0.332,0.0,-0.11252919508660852,True,False
0.333,0.0,0.1412600534065689,True,False
0.334,0.0,0.07422138399326172,True,False
0.335,0.0,0.16999091172655767,True,False
0.336,0.0,0.16520243533989287,True,False
0.337,0.0,0.040702049286636566,True,False
0.338,0.0,0.20829872281984763,True,False
0.339,0.0,0.04549052567330136,True,False
0.34,0.0,0.09816376592658571,True,False
0.341,0.0,0.18435634088652364,True,False
0.342,0.0,0.09816376592658571,True,False
0.343,0.0,-0.007182714580011407,True,False
0.34400000000000003,0.0,0.1221061478599097,True,False
0.34500000000000003,0.0,-0.07422138399329015,True,False
0.34600000000000003,0.0,0.1173176714732449,True,False
0.34700000000000003,0.0,0.2849143450064844,True,False
0.34800000000000003,0.0,0.15083700617989848,True,False
0.34900000000000003,0.0,0.1316831006332393,True,False
0.35000000000000003,0.0,0.15083700617989848,True,False
0.35100000000000003,0.0,0.05027900205996616,True,False
0.352,0.0,0.16041395895322808,True,False
0.353,0.0,-0.059855954833295755,True,False
0.354,0.0,0.040702049286636566,True,False
0.355,0.0,0.19872177004651803,True,False
0.356,0.0,0.1077407186999153,True,False
0.357,0.0,0.15562548256656328,True,False
0.358,0.0,0.1173176714732449,True,False
0.359,0.0,0.07422138399326172,True,False
0.36,0.0,0.08379833676659132,True,False
0.361,0.0,0.10295224231325051,True,False
0.362,0.0,0.29927977416645035,True,False
0.363,0.0,0.19393329365985323,True,False
0.364,0.0,0.08858681315325612,True,False
0.365,0.0,0.05027900205996616,True,False
0.366,0.0,0.2370295811398364,True,False
0.367,0.0,0.15562548256656328,True,False
0.368,0.0,0.021548143739977377,True,False
0.369,0.0,0.06464443121993213,True,False
0.37,0.0,0.2801258686198196,True,False
0.371,0.0,0.1173176714732449,True,False
0.372,0.0,0.15083700617989848,True,False
0.373,0.0,0.1268946242465745,True,False
0.374,0.0,0.09337528953992091,True,False
0.375,0.0,0.06943290760659693,True,False
0.376,0.0,0.20829872281984763,True,False
0.377,0.0,0.2322411047531716,True,False
0.378,0.0,0.22266415197984202,True,False
0.379,0.0,0.17477938811322247,True,False
0.38,0.0,0.18914481727318844,True,False
0.381,0.0,0.27054891584649,True,False
0.382,0.0,0.040702049286636566,True,False
0.383,0.0,0.15083700617989848,True,False
0.384,0.0,0.06943290760659693,True,False
0.385,0.0,0.2418180575265012,True,False
0.386,0.0,0.1125291950865801,True,False
0.387,0.0,0.2322411047531716,True,False
0.388,0.0,0.03591357289997177,True,False
0.389,0.0,-0.026336620126670596,True,False
0.39,0.0,0.04549052567330136,True,False
0.391,0.0,0.15562548256656328,True,False
0.392,0.0,0.09337528953992091,True,False
0.393,0.0,0.09816376592658571,True,False
0.394,0.0,0.04549052567330136,True,False
0.395,0.0,0.2322411047531716,True,False
0.396,0.0,0.2322411047531716,True,False
0.397,0.0,0.011971190966647782,True,False
0.398,0.0,0.15083700617989848,True,False
0.399,0.0,0.15083700617989848,False,False
0.4,0.0,0.14604852979323368,True,False
0.401,0.0,0.1125291950865801,True,False
0.402,0.0,0.22745262836650681,True,False
0.403,0.0,0.10295224231325051,True,False
0.404,0.0,0.011971190966647782,True,False
0.405,0.0,0.16520243533989287,True,False
0.406,0.0,0.1125291950865801,True,False
0.40700000000000003,0.0,0.19872177004651803,True,False
0.40800000000000003,0.0,0.1077407186999153,True,False
0.40900000000000003,0.0,0.08858681315325612,True,False
0.41000000000000003,0.0,0.19872177004651803,True,False
0.41100000000000003,0.0,0.19872177004651803,False,False
0.41200000000000003,0.0,0.16999091172655767,True,False
0.41300000000000003,0.0,0.059855954833295755,True,False
0.41400000000000003,0.0,0.17477938811322247,True,False
0.41500000000000004,0.0,0.10295224231325051,True,False
0.41600000000000004,0.0,0.1125291950865801,True,False
0.417,0.0,0.05506747844663096,True,False
0.418,0.0,0.21308719920651242,True,False
0.419,0.0,0.1316831006332393,True,False
0.42,0.0,0.0023942381933181878,True,False
0.421,0.0,-0.0215481437400058,True,False
0.422,0.0,0.1125291950865801,True,False
0.423,0.0,0.1173176714732449,True,False
0.424,0.0,0.03591357289997177,True,False
0.425,0.0,0.1221061478599097,True,False
0.426,0.0,0.10295224231325051,True,False
0.427,0.0,0.04549052567330136,True,False
0.428,0.0,-0.07422138399329015,True,False
0.429,0.0,0.06943290760659693,True,False
0.43,0.0,0.1364715770199041,True,False
0.431,0.0,0.1316831006332393,True,False
0.432,0.0,0.22745262836650681,True,False
0.433,0.0,0.21787567559317722,True,False
0.434,0.0,0.15083700617989848,True,False
0.435,0.0,0.19872177004651803,True,False
0.436,0.0,0.27054891584649,True,False
0.437,0.0,0.07900986037992652,True,False
0.438,0.0,0.06464443121993213,True,False
0.439,0.0,0.22266415197984202,True,False
0.44,0.0,0.18914481727318844,True,False
0.441,0.0,0.21787567559317722,True,False
0.442,0.0,0.1364715770199041,True,False
0.443,0.0,0.19393329365985323,True,False
0.444,0.0,0.2561834866864956,True,False
0.445,0.0,0.04549052567330136,True,False
0.446,0.0,0.17956786449985884,True,False
0.447,0.0,0.31364520332644474,True,False
0.448,0.0,0.21787567559317722,True,False
0.449,0.0,0.1364715770199041,True,False
0.45,0.0,0.06464443121993213,True,False
0.451,0.0,0.246606533913166,True,False
0.452,0.0,0.16520243533989287,True,False
0.453,0.0,-0.03591357290000019,True,False
0.454,0.0,0.08858681315325612,True,False
0.455,0.0,0.20829872281984763,True,False
0.456,0.0,0.07422138399326172,True,False
0.457,0.0,0.20829872281984763,True,False
0.458,0.0,0.04549052567330136,True,False
0.459,0.0,0.1412600534065689,True,False
0.46,0.0,0.16999091172655767,True,False
0.461,0.0,-0.03591357290000019,True,False
0.462,0.0,0.16041395895322808,True,False
0.463,0.0,-0.031125096513335393,True,False
0.464,0.0,0.14604852979323368,True,False
0.465,0.0,0.21787567559317722,True,False
0.466,0.0,0.07900986037992652,True,False
0.467,0.0,0.15083700617989848,True,False
0.468,0.0,0.1077407186999153,True,False
0.46900000000000003,0.0,0.18914481727318844,True,False
0.47000000000000003,0.0,0.17477938811322247,True,False
0.47100000000000003,0.0,0.21787567559317722,True,False
0.47200000000000003,0.0,0.16041395895322808,True,False
0.47300000000000003,0.0,0.07900986037992652,True,False
0.47400000000000003,0.0,0.06943290760659693,True,False
0.47500000000000003,0.0,-0.05027900205999458,True,False
0.47600000000000003,0.0,0.09816376592658571,True,False
0.47700000000000004,0.0,0.1221061478599097,True,False
0.47800000000000004,0.0,0.1364715770199041,True,False
0.47900000000000004,0.0,0.1125291950865801,True,False
0.48,0.0,-0.016759667353341,True,False
0.481,0.0,0.07422138399326172,True,False
0.482,0.0,0.1412600534065689,True,False
0.483,0.0,0.1173176714732449,True,False
0.484,0.0,-0.08858681315328454,True,False
0.485,0.0,0.05027900205996616,True,False
0.486,0.0,0.059855954833295755,True,False
0.487,0.0,0.1173176714732449,True,False
0.488,0.0,0.18435634088652364,True,False
0.489,0.0,0.18435634088652364,True,False
0.49,0.0,0.03591357289997177,True,False
0.491,0.0,0.2801258686198196,True,False
0.492,0.0,0.22266415197984202,True,False
0.493,0.0,0.246606533913166,True,False
0.494,0.0,-0.05027900205999458,True,False
0.495,0.0,0.16520243533989287,True,False
0.496,0.0,0.16041395895322808,True,False
0.497,0.0,0.09816376592658571,True,False
0.498,0.0,0.22745262836650681,True,False
0.499,0.0,0.1173176714732449,True,False
0.5,18.75,18.907299012741277,True,False
0.501,18.71978885594634,18.825894914167975,True,False
0.502,18.685414278448807,18.778010150301355,True,False
0.503,18.646890236313247,18.619990429541446,True,False
0.504,18.604231610320184,18.691817575341418,True,False
0.505,18.557454188512274,18.56731718928816,True,False
0.506,18.50657466128486,18.552951760128167,True,False
0.507,18.451610616280988,18.648721287861434,True,False
0.508,18.392580533092406,18.548163283741502,True,False
0.509,18.329503777767876,18.49549004348819,True,False
0.51,18.26240059713051,18.414085944914916,True,False
0.511,18.19129211290556,18.342258799114973,True,False
0.512,18.11620031566029,18.270431653315,True,False
0.513,18.03714805855764,18.06452716868847,True,False
0.514,17.954159050925274,18.06452716868847,True,False
0.515,17.867257851641803,18.09325802700846,True,False
0.516,17.776469862341926,17.844257254901947,True,False
0.517,17.681821320442232,17.77721858548864,True,False
0.518,17.583339291989613,17.57131410086211,True,False
0.519,17.481051664334064,17.398928950942235,True,False
0.52,17.374987138627816,17.528217813382156,True,False
0.521,17.265175222152735,17.288793994048973,True,False
0.522,17.15164622047804,17.351044187075587,True,False
0.523,17.034431229450206,17.27442856488898,True,False
0.524,16.913562127017272,17.063735603875784,True,False
0.525,16.78907156488955,16.81473483176927,True,False
0.526,16.660992960038836,16.886561977569215,True,False
0.527,16.52936048603836,16.718965304036004,True,False
0.528,16.394209064245572,16.446022149996168,True,False
0.529,16.255574354830056,16.450810626382832,True,False
0.53,16.113492747648746,16.14434813763637,True,False
0.531,15.968001352970804,16.08209794460973,True,False
0.532,15.819137992054424,15.909712794689852,True,False
0.533,15.666941187577887,15.86661650720987,True,False
0.534,15.511450153927283,15.574519447623402,True,False
0.535,15.35270478734327,15.560154018463408,True,False
0.536,15.190745655929307,15.287210864423571,True,False
0.537,15.0256139895238,15.15792200198365,True,False
0.538,14.857351669438653,14.841882560463858,True,False
0.539,14.686001218066746,14.832305607690529,True,False
0.54,14.511605788360843,14.679074363317284,True,False
0.541,14.3342091531865,14.568939406424022,True,False
0.542,14.153855694551586,14.319938634317538,True,False
0.543,13.970590392714948,14.10445719691765,True,False
0.544,13.78445881517695,13.903341188677786,True,False
0.545,13.595507105554441,13.74053299153124,True,False
0.546,13.403781972342909,13.510686124971386,True,False
0.547,13.209330677568447,13.290416211184834,True,False
0.548,13.012201025332315,13.127608014038287,True,False
0.549,12.812441350250742,12.998319151598366,True,False
0.55,-6.139899494207146,-5.987989721522865,True,False
0.551,-6.314561003426952,-6.2226250644693835,True,False
0.552,-6.4875410322238025,-6.308817639429321,True,False
0.553,-6.658803210326157,-6.572183840695828,True,False
0.554,-6.828311608196408,-6.778088325322358,True,False
0.555,-6.996030744448207,-6.802030707255682,True,False
0.556,-7.161925593151929,-7.098916243228814,True,False
0.557,-7.325961591026767,-7.314397680628673,True,False
0.558,-7.488104644518047,-7.4341095902952645,True,False
0.559,-7.648321136758324,-7.572975405508515,True,False
0.56,-7.806577934410866,-7.668744933241783,True,False
0.561,-7.962842394394181,-7.788456842908374,True,False
0.562,-8.117082370486226,-8.047034567788216,True,False
0.5630000000000001,-8.269266219807033,-8.142804095521484,True,False
0.5640000000000001,-8.419362809178422,-8.291246863508064,True,False
0.5650000000000001,-8.567341521359618,-8.310400769054723,True,False
0.5660000000000001,-8.713172261157506,-8.607286305027856,True,False
0.5670000000000001,-8.85682546141036,-8.79882536049439,True,False
0.5680000000000001,-8.998272088843892,-8.995152892347619,True,False
0.5690000000000001,-9.13748364979849,-9.210634329747478,True,False
0.5700000000000001,-9.274432195826549,-9.253730617227461,True,False
0.5710000000000001,-9.409090329158829,-9.229788235294137,True,False
0.5720000000000001,-9.54143120803883,-9.339923192187399,True,False
0.5730000000000001,-9.67142855192414,-9.483577483787315,True,False
0.5740000000000001,-9.799056646553836,-9.689481968413844,True,False
0.5750000000000001,-9.924290348880954,-9.746943685053793,True,False
0.5760000000000001,-10.047105091869149,-9.991155980773641,True,False
0.577,-10.167476889152661,-10.153964177920216,True,False
0.578,-10.28538233955876,-10.17790655985354,True,False
0.579,-10.40079863149182,-10.302406945906768,True,False
0.58,-10.513703547178281,-10.321560851453427,True,False
0.581,-10.624075466771753,-10.465215143053342,True,False
0.582,-10.731893372317511,-10.671119627679872,True,False
0.583,-10.837136851575755,-10.771677631799804,True,False
0.584,-10.939786101702932,-10.805196966506458,True,False
0.585,-11.03982193279055,-10.91533192339972,True,False
0.586,-11.13722577126087,-10.982370592813027,True,False
0.587,-11.231979663118956,-11.106870978866255,True,False
0.588,-11.32406627706054,-11.130813360799579,True,False
0.589,-11.413468907435222,-11.370237180132762,True,False
0.59,-11.500171477064592,-11.432487373159404,True,False
0.591,-11.584158539914801,-11.54741080643933,True,False
0.592,-11.665415283623256,-11.58571861753262,True,False
0.593,-11.74392753187903,-11.657545763332593,True,False
0.594,-11.819681746656729,-11.796411578545815,True,False
0.595,-11.892665030303496,-11.94006587014573,True,False
0.596,-11.96286512747891,-11.89218110627911,True,False
0.597,-12.030270426947578,-11.825142436865804,True,False
0.598,-12.094869963224218,-11.906546535439077,True,False
0.599,-12.156653418071098,-12.016681492332367,True,False
0.6,-12.215611121847717,-12.069354732585651,True,False
0.601,-12.271734054712631,-12.208220547798902,True,False
0.602,-12.32501384767739,-12.3135670283055,True,False
0.603,-12.375442783512574,-12.227374453345561,True,False
0.604,-12.423013797505918,-12.265682264438851,True,False
0.605,-12.467720478072614,-12.351874839398818,True,False
0.606,-12.50955706721786,-12.241739882505556,True,False
0.607,-12.548518460851747,-12.27525921721218,True,False
0.608,-12.584600208956688,-12.495529130998705,True,False
0.609,-12.617798515607529,-12.457221319905415,True,False
0.61,-12.648110238844556,-12.514683036545364,True,False
0.611,-12.675532890399715,-12.356663315785482,True,False
0.612,-12.700064635276195,-12.529048465705358,True,False
0.613,-12.721704291181855,-12.476375225452074,True,False
0.614,-12.740451327816675,-12.586510182345336,True,False
0.615,-12.756305866014761,-12.85466485999848,True,False
0.616,-12.769268676741182,-12.572144753185341,True,False
0.617,-12.77934117994419,-12.739741426718552,True,False
0.618,-12.786525443263209,-12.691856662851933,True,False
0.619,-12.790824180593194,-12.620029517051961,True,False
0.62,-12.792240750505798,-12.576933229572006,True,False
0.621,-12.790779154527987,-12.653548851758615,True,False
0.622,-12.78644403527869,-12.725375997558558,True,False
0.623,-12.779240674464068,-12.706222092011927,True,False
0.624,-12.769174990732163,-12.533836942092023,True,False
0.625,-12.756253537387508,-12.600875611505302,True,False
0.626,-12.740483499966498,-12.596087135118637,True,False
0.627,-12.721872693674266,-12.672702757305274,True,False
0.628,-12.700429560683784,-12.552990847638682,True,False
0.629,-12.676163167298132,-12.615241040665296,True,False
0.63,-12.649083200976612,-12.48116370183871,True,False
0.631,-12.619199967225732,-12.48116370183871,True,False
0.632,-12.586524386355865,-12.48116370183871,True,False
0.633,-12.551067990104562,-12.423701985198761,True,False
0.634,-12.512842918127431,-12.289624646372175,True,False
0.635,-12.471861914357648,-12.347086363012153,True,False
0.636,-12.428138323235009,-12.198643595025572,True,False
0.637,-12.381686085805674,-12.251316835278857,True,False
0.638,-12.3325197356936,-12.260893788052186,True,False
0.639,-12.280654394944776,-12.122027972838964,True,False
0.64,-12.226105769745422,-12.074143208972316,True,False
0.641,-12.168890146015244,-12.112451020065635,True,False
0.642,-12.10902438487698,-11.9304889173724,True,False
0.643,-12.046525918003397,-11.89218110627911,True,False
0.644,-11.981412742843004,-11.77246919661252,True,False
0.645,-11.9137034177257,-11.786834625772514,True,False
0.646,-11.84341705684967,-11.79162310215915,True,False
0.647,-11.770573325150824,-11.518679948119342,True,False
0.648,-11.695192433056091,-11.600084046692615,True,False
0.649,-11.617295131121944,-11.576141664759291,True,False
0.65,-11.536902704559527,-11.41812194399941,True,False
0.651,-11.454036967647786,-11.394179562066086,True,False
0.652,-11.368720258036017,-11.26967917601283,True,False
0.653,-11.280975430937287,-11.2601022232395,True,False
0.654,-11.1908258532142,-11.159544219119567,True,False
0.655,-11.098295397358493,-10.90575497062639,True,False
0.656,-11.003408435365984,-10.8674471595331,True,False
0.657,-10.906189832508387,-10.8674471595331,True,False
0.658,-10.80666494100356,-10.72858134431985,True,False
0.659,-10.704859593585772,-10.623234863813252,True,False
0.66,-10.60080009697758,-10.493946001373331,True,False
0.661,-10.494513225264892,-10.36465713893341,True,False
0.662,-10.38602621317693,-10.144387225146886,True,False
0.663,-10.275366749272662,-10.091713984893573,True,False
0.664,-10.162562969035433,-10.024675315480295,True,False
0.665,-10.047643447877466,-9.952848169680323,True,False
0.666,-9.930637194055928,-9.924117311360362,True,False
0.667,-9.811573641502315,-9.699058921187174,True,False
0.668,-9.690482642566863,-9.632020251773866,True,False
0.669,-9.567394460679784,-9.406961861600678,True,False
0.67,-9.442339762931057,-9.33034623941407,True,False
0.671,-9.315349612570607,-9.177114995040824,True,False
0.672,-9.186455461430645,-8.885017935454357,True,False
0.673,-9.05568914227201,-9.052614608987568,True,False
0.674,-8.923082861056338,-8.899383364614351,True,False
0.675,-8.788669189145896,-8.525882206454583,True,False
0.676,-8.652481055432983,-8.592920875867861,True,False
0.677,-8.514551738400712,-8.391804867627997,True,False
0.678,-8.374914858117126,-8.252939052414746,True,False
0.679,-8.233604368164492,-8.185900383001467,True,False
0.68,-8.090654547505723,-8.176323430228138,True,False
0.681,-7.946099992289833,-7.8076107484550334,True,False
0.682,-7.799975607598358,-7.711841220721766,True,False
0.683,-7.652316599134698,-7.611283216601834,True,False
0.684,-7.503158464858327,-7.376647873655315,True,False
0.685,-7.35253698656583,-7.2329935820554,True,False
0.686,-7.200488221420755,-7.103704719615479,True,False
0.687,-7.0470484934342315,-6.902588711375614,True,False
0.6880000000000001,-6.892254384898391,-6.7397805142290395,True,False
0.6890000000000001,-6.736142727774536,-6.663164892042431,True,False
0.6900000000000001,-6.578750595038094,-6.4859912657358905,True,False
0.6910000000000001,-6.420115291982359,-6.265721351949367,True,False
0.6920000000000001,-6.2602743474830325,-6.2465674464027074,True,False
0.6930000000000001,-6.099265505225593,-6.035874485389513,True,False
0.6940000000000001,-5.937126714897521,-5.853912382696279,True,False
0.6950000000000001,-5.7738961233474075,-5.710258091096364,True,False
0.6960000000000001,-5.609612065712984,-5.336756932936623,True,False
0.6970000000000001,-5.444313056520126,-5.255352834363322,True,False
0.6980000000000001,-5.2780377807548655,-5.231410452430026,True,False
0.6990000000000001,-5.110825084910449,-5.0686022552834515,True,False
0.7000000000000001,-4.942713968011525,-4.80044757763028,True,False
0.7010000000000001,-4.77374357261747,-4.719043479057007,True,False
0.7020000000000001,-4.603953175806945,-4.537081376363801,True,False
0.7030000000000001,-4.433382180145711,-4.283292127870624,True,False
0.704,-4.262070104639781,-4.082176119630731,True,False
0.705,-4.090056575675938,-3.9624642099641676,True,False
0.706,-3.9173813179517043,-3.8283868711375817,True,False
0.707,-3.7440841453967932,-3.6129054337377227,True,False
0.708,-3.5702049520881114,-3.555443717097745,True,False
0.709,-3.3957837031603577,-3.3112314213778973,True,False
0.71,-3.2208604257142723,-3.210673417257965,True,False
0.711,-3.045475199724574,-2.9329417868314636,True,False
0.712,-2.86966814894965,-2.7414027313649285,True,False
0.713,-2.6934794318450166,-2.650421680018326,True,False
0.714,-2.5169492324826046,-2.3391707148851992,True,False
0.715,-2.340117751477891,-2.1572086121919654,True,False
0.716,-2.1630251969269194,-2.138054706645306,True,False
0.717,-1.9857117753552145,-1.7980728831921908,True,False
0.718,-1.8082176826806142,-1.625687733272315,True,False
0.719,-1.6305830951920453,-1.5586490638590078,True,False
0.72,-1.452848160546219,-1.252186575112546,True,False
0.721,-1.2750529887842688,-1.1372631418326193,True,False
0.722,-1.0972376433703033,-0.8164352239261632,True,False
0.723,-0.9194421322538695,-0.8882623697261067,True,False
0.724,-0.7417063989582884,-0.5722229282063154,True,False
0.725,-0.5640703136968345,-0.46687644769971826,True,False
0.726,-0.38657366451871344,-0.294491297779814,True,False
0.727,-0.20925614848678487,-0.31364520332647317,True,False
0.728,-0.03215736288896057,0.17956786449985884,True,False
0.729,0.14468320351478745,0.30406825055311515,True,False
0.73,0.32122617920790164,0.43814558937970105,True,False
0.731,0.4974323185932905,0.6105307392996053,True,False
0.732,0.6732625106280652,0.7446080781261912,True,False
0.733,0.8486777874150825,0.8786854169527487,True,False
0.734,1.0236393327494284,1.0702244724193122,True,False
0.735,1.1981084906179837,1.2138787640191993,True,False
0.736,1.3720467736502384,1.4389371541924163,True,False
0.737,1.5454158715185211,1.745399642938878,True,False
0.738,1.7181776592858344,1.85553459983214,True,False
0.739,1.8902942056994976,2.0422851789120102,True,False
0.74,2.0617277814288113,2.118900801098647,True,False
0.741,2.23244086724498,2.4253632898451087,True,False
0.742,2.4023961621415326,2.4876134828717227,True,False
0.743,2.5715565913935157,2.6743640619516214,True,False
0.744,2.7398853145537263,2.765345113298224,True,False
0.745,2.9073457333842927,3.0765960784313506,True,False
0.746,3.073901499721906,3.0239228381780663,True,False
0.747,3.239516523275046,3.2968659922178745,True,False
0.748,3.404154979351538,3.4500972365911196,True,False
0.749,3.567781316514813,3.7565597253375813,True,False
0.75,3.7303602641672624,3.9050024933241616,True,False
0.751,3.891856840059078,3.967252686350804,True,False
0.752,4.052236357721017,4.2306188876172826,True,False
0.753,4.21146443381952,4.307234509803919,True,False
0.754,4.369506995432655,4.407792513923852,True,False
0.755,4.526330287245364,4.6520048096436994,True,False
0.756,4.681900878662524,4.771716719310291,True,False
0.757,4.836185670838333,4.905794058136848,True,False
0.758,4.989151903620581,4.972832727550156,True,False
0.759,5.140767162408355,5.221833499656668,True,False
0.76,5.290999384921786,5.399007125963209,True,False
0.761,5.439816867882438,5.461257318989851,True,False
0.762,5.587188273602956,5.762931331349648,True,False
0.763,5.73308263648466,5.825181524376262,True,False
0.764,5.877469369421734,6.1268555367360875,True,False
0.765,6.020318270110724,6.04066296177615,True,False
0.766,6.161599527264063,6.304029163042628,True,False
0.767,6.301283726726376,6.4524719310292085,True,False
0.768,6.439341857492321,6.553029935149141,True,False
0.769,6.575745317624788,6.682318797589062,True,False
0.77,6.710465920072238,6.9552619516288985,True,False
0.771,6.84347589838406,6.9696273807888645,True,False
0.772,6.974747912322794,6.983992809948859,True,False
0.773,7.104255053372115,7.218628152895377,True,False
0.774,7.231970850139499,7.381436350041952,True,False
0.775,7.357869273652525,7.352705491721963,True,False
0.776,7.481924742547749,7.525090641641867,True,False
0.777,7.604112128151187,7.745360555428391,True,False
0.778,7.724406759449394,7.788456842908346,True,False
0.779,7.842784427950196,7.965630469214915,True,False
0.78,7.959221392432167,8.013515233081534,True,False
0.781,8.073694383581904,8.114073237201467,True,False
0.782,8.186180608518274,8.387016391241303,True,False
0.783,8.296657755202764,8.4923628717479,True,False
0.784,8.4051039967351,8.64080563973448,True,False
0.785,8.511497995533373,8.573766970321174,True,False
0.786,8.615818907397875,8.83713317158768,True,False
0.787,8.718046385457912,8.69826735637443,True,False
0.788,8.818160584000918,9.019095274280915,True,False
0.789,8.916142162183123,9.095710896467523,True,False
0.79,9.011972287621163,9.02388375066758,True,False
0.791,9.105632639863996,9.224999758907444,True,False
0.792,9.197105413744511,9.20105737697412,True,False
0.793,9.286373322610268,9.335134715800706,True,False
0.794,9.373419601432815,9.560193105973894,True,False
0.795,9.458228009795073,9.670328062867156,True,False
0.796,9.540782834756293,9.660751110093827,True,False
0.797,9.621068893594137,9.75173216144043,True,False
0.798,9.69907153642342,9.904963405813675,True,False
0.799,9.774776648691164,9.938482740520328,True,False
0.8,9.848170653547514,9.837924736400396,True,False
0.801,9.919240514092253,10.101290937666874,True,False
0.802,9.987973735496519,10.072560079346886,True,False
0.803,10.054358366999491,10.417330379186666,True,False
0.804,10.11838300377975,10.173118083466846,True,False
0.805,10.180036788701099,10.26409913481345,True,False
0.806,10.239309413932629,10.25452218204012,True,False
0.807,10.29619112244286,10.374234091706711,True,False
0.808,10.350672709367805,10.470003619439979,True,False
0.809,10.40274552325284,10.503522954146632,True,False
0.81,10.4524014671683,10.498734477759967,True,False
0.811,10.499632999698722,10.522676859693291,True,False
0.812,10.544433135805711,10.819562395666424,True,False
0.8130000000000001,10.586795447564427,10.637600292973218,True,False
0.8140000000000001,10.626714064773711,10.695062009613167,True,False
0.8150000000000001,10.664183675439915,10.604080958266564,True,False
0.8160000000000001,10.699199526134487,10.857870206759742,True,False
0.8170000000000001,10.731757422225462,10.867447159533071,True,False
0.8180000000000001,10.761853727982954,10.838716301213083,True,False
0.8190000000000001,10.789485366558848,10.968005163653004,True,False
0.8200000000000001,10.81464981984086,11.011101451132959,True,False
0.8210000000000001,10.837345128181207,11.078140120546266,True,False
0.8220000000000001,10.85756989000011,10.9919475455863,True,False
0.8230000000000001,10.87532326126445,11.044620785839612,True,False
0.8240000000000001,10.890604954841816,11.058986214999607,True,False
0.8250000000000001,10.903415239730348,11.011101451132959,True,False
0.8260000000000001,10.91375494016469,10.972793640039669,True,False
0.8270000000000001,10.92162543459844,10.9919475455863,True,False
0.8280000000000001,10.92702865456354,11.097294026092925,True,False
0.8290000000000001,10.929967083407009,11.001524498359629,True,False
0.8300000000000001,10.930443754905532,11.106870978866226,True,False
0.8310000000000001,10.928462251758345,11.245736794079477,True,False
0.8320000000000001,10.924026703958988,11.169121171892868,True,False
0.833,10.917141787046445,11.116447931639556,True,False
0.834,10.907812720236242,11.12123640802622,True,False
0.835,10.896045264432136,11.078140120546266,True,False
0.836,10.881845720118978,11.073351644159601,True,False
0.837,10.865220925137425,11.015889927519623,True,False
0.838,10.846178252341181,10.93448582894635,True,False
0.839,10.824725607137465,10.896178017853032,True,False
0.84,10.800871424911419,10.824350872053088,True,False
0.841,10.774624668335251,11.011101451132959,True,False
0.842,10.745994824562835,10.7956200137331,True,False
0.843,10.714991902310603,10.862658683146407,True,False
0.844,10.681626428825567,10.695062009613167,True,False
0.845,10.645909446741292,10.853081730373077,True,False
0.846,10.607852510822713,10.833927824826418,True,False
0.847,10.567467684600686,10.685485056839838,True,False
0.848,10.524767536897206,10.632811816586553,True,False
0.849,10.47976513824223,10.58971552910657,True,False
0.85,10.432474057183056,10.560984670786581,True,False
0.851,10.382908356487293,10.508311430533297,True,False
0.852,10.331082589240392,10.460426666666649,True,False
0.853,10.277011794838787,10.426907331959995,True,False
0.854,10.220711494879716,10.350291709773387,True,False
0.855,10.162197688948785,10.311983898680069,True,False
0.856,10.101486850306381,10.082137032120215,True,False
0.857,10.038595921474059,10.292829993133438,True,False
0.858,9.973542309722037,10.144387225146858,True,False
0.859,9.906343882458968,10.07734855573355,True,False
0.86,9.83701896252518,9.972002075226953,True,False
0.861,9.765586323390561,9.823559307240401,True,False
0.862,9.692065184258338,9.785251496147083,True,False
0.863,9.616475205075975,9.708635873960475,True,False
0.864,9.538836481454478,9.746943685053765,True,False
0.865,9.459169539497339,9.612866346227179,True,False
0.866,9.377495330540453,9.450058149080633,True,False
0.867,9.293835225804338,9.344711668574035,True,False
0.868,9.208211010959927,9.493154436560587,True,False
0.869,9.120644880609362,9.35907709773403,True,False
0.87,9.031159432683108,9.110076325627517,True,False
0.871,8.939777662754786,9.110076325627517,False,False
0.872,8.846522958275118,8.99515289234759,True,False
0.873,8.751419092726438,8.784459931334396,True,False
0.874,8.654490219699131,8.784459931334396,True,False
0.875,8.55576086689154,8.808402313267692,True,False
0.876,8.455255930034708,8.334343150988019,True,False
0.877,8.353000666743537,8.36307400930798,True,False
0.878,8.24902069029574,8.401381820401298,True,False
0.879,8.143341963340221,8.056611520561518,True,False
0.88,8.035990791536266,8.056611520561518,False,False
0.881,7.926993817125225,7.979995898374909,True,False
0.882,7.81637801243609,7.96084199282825,True,False
0.883,7.70417067332664,7.683110362401749,True,False
0.884,7.590399412561663,7.730995126268397,True,False
0.885,7.475092153129835,7.673533409628419,True,False
0.886,7.3582771215009135,7.462840448615225,True,False
0.887,7.239982840824761,7.362282444495293,True,False
0.888,7.120238124073897,7.4484750194552305,True,False
0.889,6.9990720671311335,7.151589483482098,True,False
0.89,6.876514041824001,7.118070148775445,True,False
0.891,6.752593688907553,6.830761565575642,True,False
0.892,6.627340910997232,6.734992037842346,True,False
0.893,6.500785865453445,6.6918957503623915,True,False
0.894,6.37295895721956,6.318394592202623,True,False
0.895,6.243890831614928,6.500356694895856,True,False
0.896,6.113612367084721,6.3423369741359465,True,False
0.897,5.982154667908162,6.117278583962758,True,False
0.898,5.849549056866969,5.892220193789569,True,False
0.899,5.715827067875619,5.968835815976178,True,False
0.9,5.581020438575218,5.758142854962983,True,False
0.901,5.445161102892645,5.628853992523062,True,False
0.902,5.308281183566748,5.480411224536482,True,False
0.903,5.170412984643263,5.245775881589964,True,False
0.904,5.031588983940232,4.98719815671015,True,False
0.905,4.891841825485655,5.001563585870144,True,False
0.906,4.751204311929091,4.939313392843502,True,False
0.907,4.609709396928982,4.6041200457770515,True,False
0.908,4.467390177517432,4.575389187457063,True,False
0.909,4.324279886444198,4.379061655603863,True,False
0.91,4.180411884501643,4.168368694590669,True,False
0.911,4.0358196528324095,4.192311076523993,True,False
0.912,3.890536785221548,4.048656784924077,True,False
0.913,3.7445969803749026,3.8619062058441784,True,False
0.914,3.59803403418545,3.8283868711375533,True,False
0.915,3.4508818319894057,3.63684781567099,True,False
0.916,3.303174340813812,3.4261548546577956,True,False
0.917,3.154945601617386,3.1053269367513394,True,False
0.918,3.006229721526372,3.1292693186846634,True,False
0.919,2.857060866067163,3.0191343617914015,True,False
0.92,2.7074732513974253,2.7126718730449113,True,False
0.921,2.5575011365374904,2.7270373022049057,True,False
0.922,2.4071788156037495,2.525921293965041,True,False
0.923,2.2565406100458056,2.3008629037918524,True,False
0.924,2.1056208608891063,2.3056513801785172,True,False
0.925,1.9544539209848153,1.9513041275654075,True,False
0.926,1.8030741472686285,1.9273617456320835,True,False
0.927,1.6515158930302836,1.8651115526054696,True,False
0.928,1.4998135001954744,1.5490721110856782,True,False
0.929,1.3480012916218862,1.5490721110856782,False,False
0.93,1.1961135634110676,1.3383791500724556,True,False
0.931,1.0441845772378415,1.137263141832591,True,False
0.932,0.8922485526989534,0.9265701808193967,True,False
0.933,0.7403396596826465,0.8930508461127431,True,False
0.934,0.5884920107608503,0.7110887434195376,True,False
0.935,0.4367396536056632,0.5674344518196222,True,False
0.936,0.28511656343178493,0.3663184435797575,True,False
0.937,0.1336566354665735,0.3998377782864111,True,False
0.9380000000000001,-0.017606322550629307,0.17477938811322247,True,False
0.9390000000000001,-0.16863859783826288,-0.07422138399329015,True,False
0.9400000000000001,-0.31940658000976324,-0.19872177004654645,True,False
0.9410000000000001,-0.46987676847661375,-0.4285686366063999,True,False
0.9420000000000001,-0.6200157798156121,-0.3806838727397803,True,False
0.9430000000000001,-0.7697903550987513,-0.7158772198062309,True,False
0.9440000000000001,-0.9191673671841283,-0.8020697947661688,True,False
0.9450000000000001,-1.068113827966291,-0.9553010391394139,True,False
0.9460000000000001,-1.2165968955844608,-1.1133207598992954,True,False
0.9470000000000001,-1.3645838815870726,-1.2186672404058925,True,False
0.9480000000000001,-1.512042258051081,-1.4580910597390755,True,False
0.9490000000000001,-1.6589396646545107,-1.5730144930190022,True,False
0.9500000000000001,-1.805243915700718,-1.5921683985656614,True,False
0.9510000000000001,-1.9509230070928691,-1.9129963164721175,True,False
0.9520000000000001,-2.095945123257131,-1.994400415045419,True,False
0.9530000000000001,-2.2402786440131064,-2.238612710765267,True,False
0.9540000000000001,-2.3838921513900333,-2.099746895552016,True,False
0.9550000000000001,-2.526754436387312,-2.454094148165126,True,False
0.9560000000000001,-2.6688345056779137,-2.592959963378348,True,False
0.9570000000000001,-2.8101015882532545,-2.779710542458247,True,False
0.9580000000000001,-2.9505251420081238,-2.8228068299382016,True,False
0.9590000000000001,-3.090074860264279,-3.0095574090181003,True,False
0.96,-3.228720678231335,-3.100538460364703,True,False
0.961,-3.366432779403583,-3.2154618936446298,True,False
0.962,-3.5031816018914044,-3.368693138017875,True,False
0.963,-3.6389378446859424,-3.531501335164421,True,False
0.964,-3.7736724738557417,-3.603328480964393,True,False
0.965,-3.907356728674042,-3.7278288670176494,True,False
0.966,-4.039962127675474,-3.8379638239109113,True,False
0.967,-4.171460474640886,-4.0869645960173955,True,False
0.968,-4.3018238645090685,-4.173157170977362,True,False
0.969,-4.431024689214159,-4.41736946669721,True,False
0.97,-4.55903564344753,-4.441311848630505,True,False
0.971,-4.685829730342957,-4.493985088883818,True,False
0.972,-4.8113802670839405,-4.628062427710404,True,False
0.973,-4.9356608904320005,-4.79087062485695,True,False
0.974,-5.058645562174838,-4.996775109483508,True,False
0.975,-5.180308574493259,-5.126063971923401,True,False
0.976,-5.300624555245776,-5.159583306630054,True,False
0.977,-5.419568473169801,-5.164371783016719,True,False
0.978,-5.537115642998438,-5.504353606469834,True,False
0.979,-5.653241730491772,-5.667161803616409,True,False
0.98,-5.767922757381741,-5.753354378576347,True,False
0.981,-5.881135106229529,-5.676738756389739,True,False
0.982,-5.992855525194577,-5.8491239063096145,True,False
0.983,-6.103061132714237,-6.093336202029462,True,False
0.984,-6.211729422093171,-6.04066296177615,True,False
0.985,-6.31883826600158,-6.1364324895094455,True,False
0.986,-6.424365920881416,-6.505145171282521,True,False
0.987,-6.528291031259688,-6.284875257495997,True,False
0.988,-6.630592633968065,-6.576972317082493,True,False
0.989,-6.731250162267948,-6.529087553215845,True,False
0.99,-6.830243449880233,-6.811607660029011,True,False
0.991,-6.927552734918995,-6.859492423895631,True,False
0.992,-7.02315866372837,-6.845126994735637,True,False
0.993,-7.117042294621878,-7.065396908522189,True,False
0.994,-7.209185101523556,-7.113281672388808,True,False
0.995,-7.299568977510162,-7.2186281528954055,True,False
0.996,-7.38817623825385,-7.300032251468707,True,False
0.997,-7.474989625364666,-7.41974416113527,True,False
0.998,-7.559992309632273,-7.486782830548577,True,False
0.999,-7.64316789416633,-7.515513688868566,True,False
1.0,-7.7245004174349665,-7.592129311055174,True,False
1.0010000000000001,-7.803974356200809,-7.692687315175107,True,False
1.002,-7.881574628354089,-7.683110362401777,True,False
1.0030000000000001,-7.957286595642309,-7.778879890135045,True,False
1.004,-8.031096066296028,-7.860283988708346,True,False
1.0050000000000001,-8.10298929755034,-8.008726756694898,True,False
1.006,-8.17295299806162,-8.018303709468228,True,False
1.0070000000000001,-8.240974330219142,-8.147592571908149,True,False
1.008,-8.307040912351255,-8.339131627374684,True,False
1.0090000000000001,-8.37114082082569,-8.21941971770812,True,False
1.01,-8.433262592043805,-8.272092957961405,True,False
1.0110000000000001,-8.49339522432836,-8.367862485694673,True,False
1.012,-8.55152817970464,-8.377439438468002,True,False
1.0130000000000001,-8.607651385574632,-8.650382592507839,True,False
1.014,-8.661755236284092,-8.636017163347844,True,False
1.0150000000000001,-8.713830594582253,-8.516305253681253,True,False
1.016,-8.763868792974057,-8.679113450827828,True,False
1.0170000000000001,-8.811861634964735,-8.683901927214464,True,False
1.018,-8.857801396196626,-8.645594116121174,True,False
1.0190000000000001,-8.901680825478154,-8.822767742427715,True,False
1.02,-8.943493145704874,-8.846710124361039,True,False
1.0210000000000001,-8.983232054672547,-8.885017935454357,True,False
1.022,-9.020891725782233,-8.846710124361039,True,False
1.0230000000000001,-9.0564668086374,-9.028672227054244,True,False
1.024,-9.089952429533056,-8.980787463187625,True,False
1.025,-9.121344191837007,-9.009518321507613,True,False
1.026,-9.150638176263255,-8.880229459067692,True,False
1.027,-9.177830941037678,-9.043037656214238,True,False
1.028,-9.202919521956106,-9.062191561760898,True,False
1.029,-9.225901432334934,-9.14359566033417,True,False
1.03,-9.246774662854454,-9.110076325627546,True,False
1.031,-9.265537681295102,-9.229788235294137,True,False
1.032,-9.282189432166808,-9.019095274280943,True,False
1.033,-9.296729336231765,-9.16274956588083,True,False
1.034,-9.309157289920803,-9.14359566033417,True,False
1.035,-9.319473664643704,-9.215422806134143,True,False
1.036,-9.327679305993767,-9.282461475547422,True,False
1.037,-9.333775532846957,-9.12444175478754,True,False
1.038,-9.33776413635599,-9.292038428320751,True,False
1.039,-9.33964737883975,-9.186691947814154,True,False
1.04,-9.33942799256844,-9.186691947814154,False,False
1.041,-9.337109178444896,-9.066980038147562,True,False
1.042,-9.332694604582512,-9.16274956588083,True,False
1.043,-9.326188404780257,-9.248942140840796,True,False
1.044,-9.317595176895288,-9.205845853360813,True,False
1.045,-9.306919981113657,-9.138807183947534,True,False
1.046,-9.294168338119665,-9.177114995040824,True,False
1.047,-9.27934622716444,-9.220211282520808,True,False
1.048,-9.262460084034306,-9.186691947814154,True,False
1.049,-9.243516798919545,-9.138807183947534,True,False
1.05,-9.222523714184213,-8.932902699320977,True,False
1.051,-9.199488622037608,-9.196268900587484,True,False
1.052,-9.174419762108128,-9.028672227054244,True,False
1.053,-9.147325818920141,-8.923325746547647,True,False
1.054,-9.11821591927463,-9.052614608987568,True,False
1.055,-9.087099629534315,-8.980787463187625,True,False
1.056,-9.053986952814032,-8.755729073014436,True,False
1.057,-9.018888326077134,-9.004729845120949,True,False
1.058,-8.981814617138676,-8.870652506294363,True,False
1.059,-8.942777121576258,-8.947268128480971,True,False
1.06,-8.901787559549295,-8.693478879987794,True,False
1.061,-8.858858072527623,-8.645594116121174,True,False
1.062,-8.814001219930276,-8.578555446707867,True,False
1.063,-8.76722997567533,-8.501939824521259,True,False
1.064,-8.718557724641727,-8.693478879987794,True,False
1.065,-8.667998259044024,-8.511516777294588,True,False
1.066,-8.615565774720976,-8.4827859189746,True,False
1.067,-8.561274867338938,-8.343920103761349,True,False
1.068,-8.505140528511088,-8.367862485694673,True,False
1.069,-8.447178141833424,-8.324766198214718,True,False
1.07,-8.387403478838564,-8.296035339894729,True,False
1.071,-8.325832694868442,-8.214631241321456,True,False
1.072,-8.262482324866832,-8.176323430228138,True,False
1.073,-8.197369279092896,-8.075765426108205,True,False
1.074,-8.130510838756734,-8.171534953841473,True,False
1.075,-8.061924651578089,-7.798033795681704,True,False
1.076,-7.991628727269316,-7.908168752574966,True,False
1.077,-7.919641432943725,-8.027880662241557,True,False
1.078,-7.845981488450453,-7.817187701228363,True,False
1.079,-7.770667961637034,-7.687898838788442,True,False
1.08,-7.6937202635408175,-7.486782830548577,True,False
1.081,-7.6151581435104445,-7.443686543068594,True,False
1.082,-7.5350016842585745,-7.41974416113527,True,False
1.083,-7.453271296847068,-7.309609204242008,True,False
1.084,-7.369987715605879,-7.252147487602059,True,False
1.085,-7.285171992986878,-7.0270890974288704,True,False
1.086,-7.198845494353857,-7.065396908522189,True,False
1.087,-7.111029892710005,-6.9792043335622225,True,False
1.088,-7.0217471633641155,-6.974415857175558,True,False
1.089,-6.931019578536825,-6.835550041962335,True,False
1.09,-6.838869701908173,-6.7397805142290395,True,False
1.091,-6.745320383107823,-6.663164892042431,True,False
1.092,-6.650394752149237,-6.442894978255907,True,False
1.093,-6.554116213809159,-6.476414312962561,True,False
1.094,-6.456508441953752,-6.404587167162589,True,False
1.095,-6.35759537381275,-6.236990493629378,True,False
1.096,-6.257401204202953,-6.280086781109333,True,False
1.097,-6.155950379702495,-6.078970772869468,True,False
1.098,-6.05326759277723,-6.050239914549479,True,False
1.099,-5.9493777758606425,-5.777296760509671,True,False
1.1,-5.844306095388673,-5.762931331349677,True,False
1.101,-5.738077945790888,-5.547449893949818,True,False
1.102,-5.630718943439384,-5.580969228656443,True,False
1.103,-5.522254920556868,-5.494776653696505,True,False
1.104,-5.412711919085345,-5.217045023270032,True,False
1.105,-5.302116184516832,-5.355910838483254,True,False
1.106,-5.1904941596875735,-5.030294444190133,True,False
1.107,-5.077872478537173,-4.843543865110263,True,False
1.108,-4.964277959834121,-4.929736440070201,True,False
1.109,-4.849737600869179,-4.824389959563604,True,False
1.11,-4.734278571118067,-4.742985860990331,True,False
1.111,-4.617928205874951,-4.546658329137102,True,False
1.112,-4.500713999858178,-4.240195840390641,True,False
1.113,-4.382663600789771,-4.235407364003976,True,False
1.114,-4.26380480295013,-4.015137450217452,True,False
1.115,-4.144165540709453,-3.9624642099641676,True,False
1.116,-4.023773882037358,-3.9145794460975196,True,False
1.117,-3.9026580219921896,-3.8906370641641956,True,False
1.118,-3.780846276191517,-3.660790197604342,True,False
1.119,-3.6583670742653105,-3.555443717097745,True,False
1.12,-3.535248953293302,-3.2633466575112777,True,False
1.121,-3.411520551228018,-3.2825005630579085,True,False
1.122,-3.287210600305001,-3.1388462714580214,True,False
1.123,-3.1623479204416984,-3.2729236102846073,True,False
1.124,-3.036961412626546,-2.7940759716182413,True,False
1.125,-2.91108005229972,-2.6073253925383426,True,False
1.1260000000000001,-2.784732882727084,-2.7653451132982525,True,False
1.127,-2.65794900836881,-2.559440628671723,True,False
1.1280000000000001,-2.530757588244186,-2.406209384298478,True,False
1.129,-2.403187829294098,-2.324805285725205,True,False
1.1300000000000001,-2.275268979742688,-2.2003048996719485,True,False
1.131,-2.147030322459688,-1.9896119386587543,True,False
1.1320000000000001,-2.018501168324899,-1.9225732692454471,True,False
1.133,-1.8897108495963342,-1.903419363698788,True,False
1.1340000000000001,-1.7606887132834828,-1.7453996429389065,True,False
1.135,-1.6314641145271993,-1.2952828625925292,True,False
1.1360000000000001,-1.5020664099876833,-1.2857059098191996,True,False
1.137,-1.372524951242027,-1.4245717250324503,True,False
1.1380000000000001,-1.2428690781928051,-1.122897712672625,True,False
1.139,-1.1131281124891699,-0.9696664682994083,True,False
1.1400000000000001,-0.9833313509619037,-0.8068582711528336,True,False
1.141,-0.8535080590739019,-0.6871463614862421,True,False
1.1420000000000001,-0.7236874643875157,-0.7063002670329013,True,False
1.143,-0.5938987500502138,-0.43814558937972947,True,False
1.1440000000000001,-0.46417104829999195,-0.31843367971313796,True,False
1.145,-0.33453343399196167,-0.4094147310597407,True,False
1.1460000000000001,-0.20501491814754538,-0.23702958113986483,True,False
1.147,-0.07564444152768894,0.05506747844663096,True,False
1.1480000000000001,0.05354913176849191,0.05506747844663096,False,False
1.149,0.18253702067824,0.2561834866864956,True,False
1.1500000000000001,0.3112905335214567,0.42378016021970666,True,False
1.151,0.4397810743173975,0.5051842587930082,True,False
1.1520000000000001,0.5679801490703822,0.6201076920729349,True,False
1.153,0.6958593720231548,0.7972813183794756,True,False
1.154,0.823390471876536,0.9169932280460671,True,False
1.155,0.9505452979740184,1.1995133348592333,True,False
1.156,1.0772958264499715,1.3000713389791656,True,False
1.157,1.2036141663401194,1.376686961165774,True,False
1.158,1.3294725656529873,1.616110780498957,True,False
1.159,1.454843417400995,1.505975823605695,True,False
1.16,1.5796992655899171,1.7310342137788837,True,False
1.161,1.704012811165412,1.6304762096589513,True,False
1.162,1.827756917915358,1.936938698405413,True,False
1.163,1.9509046183267291,1.936938698405413,False,False
1.164,2.073429119395763,2.2960744274051876,True,False
1.165,2.1953038083901895,2.2960744274051876,True,False
1.166,2.3165022585622883,2.420574813458444,True,False
1.167,2.436998234811571,2.6647871091782918,True,False
1.168,2.556765699295889,2.6264792980849734,True,False
1.169,2.675778816989778,2.9089994048981396,True,False
1.17,2.7940119611888803,2.9089994048981396,True,False
1.171,2.911439718959269,3.0574421728846914,True,False
1.172,3.0280368965305557,3.114903889524669,True,False
1.173,3.1437785246316294,3.330385326924528,True,False
1.174,3.258639863767934,3.4070009491111364,True,False
1.175,3.3725964094391663,3.488405047684438,True,False
1.176,3.4856238972963283,3.4979820004577675,True,False
1.177,3.597698308237053,3.6655786739909786,True,False
1.178,3.708795873438156,3.833175347524218,True,False
1.179,3.818893079324374,4.0390798321507475,True,False
1.18,3.927966672472269,3.9959835446707643,True,False
1.181,4.035993664448293,4.206676505683959,True,False
1.182,4.142951336580026,4.149214789044009,True,False
1.183,4.2488172446596115,4.422157943083846,True,False
1.184,4.35356922357843,4.374273179217198,True,False
1.185,4.457185391892089,4.637639380483705,True,False
1.186,4.55964415631478,4.6280624277103755,True,False
1.187,4.6609242161421305,4.7956591012435865,True,False
1.188,4.761004567601623,4.886640152590218,True,False
1.189,4.859864508129764,4.886640152590218,True,False
1.19,4.957483640575096,5.164371783016691,True,False
1.191,5.053841877326259,5.245775881589964,True,False
1.192,5.148919444364272,5.212256546883339,True,False
1.193,5.2426968852382245,5.442103413443192,True,False
1.194,5.335155064963627,5.451680366216522,True,False
1.195,5.426275173842632,5.427737984283198,True,False
1.196,5.516038731205404,5.748565902189654,True,False
1.197,5.604427589071896,5.758142854962983,True,False
1.198,5.691423935733355,5.87306628824291,True,False
1.199,5.777010299252844,5.849123906309586,True,False
1.2,5.861169550884129,5.8874317174029045,True,False
1.201,5.943884908408296,6.117278583962758,True,False
1.202,6.025139939387433,6.232202017242685,True,False
1.203,6.104918564334821,6.0789707728694395,True,False
1.204,6.183205059801003,6.442894978255879,True,False
1.205,6.259984061375191,6.332760021362617,True,False
1.206,6.335240566601441,6.567395364309135,True,False
1.207,6.40895993780909,6.500356694895856,True,False
1.208,6.4811279048569395,6.6200686045624195,True,False
1.209,6.5517305677906785,6.6440109864957435,True,False
1.21,6.620754399413115,6.6200686045624195,True,False
1.211,6.688186247766733,6.701472703135721,True,False
1.212,6.754013338528179,6.797242230868989,True,False
1.213,6.818223277314246,6.9073771877622505,True,False
1.214,6.880804051898982,6.873857853055597,True,False
1.215,6.941744034341558,7.022300621042177,True,False
1.216,7.001031983024558,7.151589483482098,True,False
1.217,7.0586570446023345,7.30960920424198,True,False
1.218,7.114608755859175,7.247359011215366,True,False
1.219,7.168877045476952,7.2329935820553715,True,False
1.22,7.221452235712033,7.300032251468679,True,False
1.221,7.272325043981172,7.290455298695349,True,False
1.222,7.321486584356192,7.4245326375219065,True,False
1.223,7.368928368967244,7.462840448615225,True,False
1.224,7.414642309314477,7.544244547188498,True,False
1.225,7.45862071748794,7.659167980468425,True,False
1.226,7.5008563072955985,7.678321886015084,True,False
1.227,7.541342195299351,7.582552358281816,True,False
1.228,7.580071901758919,7.563398452735157,True,False
1.229,7.617039351483594,7.61607169298847,True,False
1.23,7.652238874591716,7.7118412207217375,True,False
1.231,7.685665207177926,7.845918559548323,True,False
1.232,7.717313491888121,7.774091413748351,True,False
1.233,7.747179278402144,7.9033802761882725,True,False
1.234,7.775258523824249,7.869860941481647,True,False
1.235,7.801547592981375,8.066188473334847,True,False
1.236,7.8260432586293005,8.013515233081534,True,False
1.237,7.848742701566789,7.850707035934988,True,False
1.238,7.869643510657813,8.032669138628194,True,False
1.239,7.888743682761995,7.936899610894926,True,False
1.24,7.906041622573452,7.855495512321653,True,False
1.241,7.921536142368153,8.104496284428166,True,False
1.242,7.9352264616600445,8.0183037094682,True,False
1.243,7.947112206766126,8.195477335774768,True,False
1.244,7.957193410280712,8.16674647745478,True,False
1.245,7.965470510459154,8.051823044174853,True,False
1.246,7.971944350511264,7.96084199282825,True,False
1.247,7.976616177804771,7.994361327534904,True,False
1.248,7.979487642979084,8.13801561913479,True,False
1.249,7.980560798969739,8.118861713588132,True,False
1.25,7.979838099943855,8.013515233081534,True,False
1.2510000000000001,7.977322400146957,8.037457615014858,True,False
1.252,7.973016952661621,8.257727528801382,True,False
1.2530000000000001,7.966925408078265,8.085342378881506,True,False
1.254,7.9590518130785926,8.051823044174853,True,False
1.2550000000000001,7.949400608932093,7.917745705348267,True,False
1.256,7.937976629906093,7.932111134508261,True,False
1.2570000000000001,7.924785101589817,8.118861713588132,True,False
1.258,7.9098316391329995,8.152381048294785,True,False
1.2590000000000001,7.893122245399535,8.00872675669487,True,False
1.26,7.874663309036749,7.932111134508261,True,False
1.2610000000000001,7.854461602460798,7.932111134508261,True,False
1.262,7.832524279758843,7.898591799801608,True,False
1.2630000000000001,7.808858874508527,7.922534181734932,True,False
1.264,7.783473297515424,7.912957228961602,True,False
1.2650000000000001,7.75637583446904,8.023092185854864,True,False
1.266,7.7275751435180835,7.831553130388329,True,False
1.2670000000000001,7.697080252765592,7.7357836026550615,True,False
1.268,7.664900557684658,7.750149031815056,True,False
1.2690000000000001,7.631045818455435,7.826764654001664,True,False
1.27,7.595526157224132,7.668744933241754,True,False
1.2710000000000001,7.5583520552847325,7.529879118028532,True,False
1.272,7.519534350184203,7.481994354161884,True,False
1.2730000000000001,7.4790842327519425,7.563398452735157,True,False
1.274,7.437013244054244,7.491571306935214,True,False
1.2750000000000001,7.3933332722745995,7.491571306935214,False,False
1.276,7.348056549520619,7.577763881895152,True,False
1.2770000000000001,7.301195648558433,7.477205877775219,True,False
1.278,7.252763479475376,7.237782058442036,True,False
1.2790000000000001,7.202773286271852,7.290455298695349,True,False
1.28,7.151238643383234,7.2090512001220475,True,False
1.281,7.098173452132676,7.300032251468679,True,False
1.282,7.043591937115758,7.108493196002115,True,False
1.283,6.987508642517861,7.046243002975501,True,False
1.284,6.929938428365226,6.940896522468904,True,False
1.285,6.870896466710591,7.070185384908825,True,False
1.286,6.810398237754435,6.960050428015563,True,False
1.287,6.748459525902719,6.821184612802313,True,False
1.288,6.685096415762169,6.701472703135721,True,False
1.289,6.620325288074039,6.816396136415648,True,False
1.29,6.5541628155874285,6.773299848935665,True,False
1.291,6.4866259588730975,6.538664505989146,True,False
1.292,6.417731962078871,6.4764143129625324,True,False
1.293,6.347498348627631,6.56260688792247,True,False
1.294,6.275942916858986,6.318394592202623,True,False
1.295,6.203083735615649,6.275298304722639,True,False
1.296,6.128939139775627,6.136432489509417,True,False
1.297,6.053527725731287,6.155586395056076,True,False
1.298,5.976868346816399,6.1891057297627015,True,False
1.299,5.898980108682285,6.141220965896082,True,False
1.3,5.819882364624145,6.035874485389485,True,False
1.301,5.739594710858733,5.906585622949564,True,False
1.302,5.658136981754481,5.88264324101624,True,False
1.303,5.575529245015241,5.643219421683057,True,False
1.304,5.491791796818774,5.715046567483,True,False
1.305,5.406945156911171,5.4325264606698624,True,False
1.306,5.32101006365835,5.4325264606698624,True,False
1.307,5.234007469055831,5.394218649576544,True,False
1.308,5.145958533697952,5.308026074616606,True,False
1.309,5.056884621707731,5.126063971923372,True,False
1.31,4.9668072956285645,5.1069100663767415,True,False
1.311,4.875748311278983,5.1069100663767415,True,False
1.312,4.783729612571647,4.948890345616832,True,False
1.313,4.6907733262978395,4.915371010910178,True,False
1.314,4.596901756878649,4.6041200457770515,True,False
1.315,4.502137381084083,4.479619659723795,True,False
1.316,4.40650284272135,4.426946419470511,True,False
1.317,4.310020947293558,4.3646962264438685,True,False
1.318,4.212714656630046,4.383850131990528,True,False
1.319,4.114607083489637,4.268926698710601,True,False
1.32,4.015721486138034,3.938521828030815,True,False
1.321,3.9160812629006343,4.067810690470736,True,False
1.322,3.815709946692023,3.9864065918974347,True,False
1.323,3.714631199523398,3.8427523002975477,True,False
1.324,3.612868806989214,3.723040390630956,True,False
1.325,3.510446672734297,3.526712858777728,True,False
1.326,3.4073888129027123,3.550655240711052,True,False
1.327,3.3037193505696627,3.359116185244517,True,False
1.328,3.1994625101576966,3.411789425497801,True,False
1.329,3.094642611838483,3.1819425589379478,True,False
1.33,2.9892840659214683,3.1244808422979986,True,False
1.331,2.8834113672306696,2.9999804562447423,True,False
1.332,2.7770490894709012,2.870691593804821,True,False
1.333,2.6702218795846986,2.827595306324838,True,False
1.334,2.5629544521012506,2.770133589684889,True,False
1.335,2.455271583478595,2.468459577325092,True,False
1.336,2.347198106440377,2.4971904356450523,True,False
1.337,2.238758904308444,2.4732480537117567,True,False
1.338,2.1299789053325577,2.1428431830319425,True,False
1.339,2.0208830770185116,2.099746895551988,True,False
1.34,1.911496420455911,1.9991888914320555,True,False
1.341,1.8018439646469202,1.917784792858754,True,False
1.342,1.691950760837218,1.7549765957122077,True,False
1.343,1.5818418768504663,1.663995544365605,True,False
1.344,1.4715423914275299,1.5394951583123486,True,False
1.345,1.3610773885717342,1.5873799221789682,True,False
1.346,1.2504719519014125,1.4389371541924163,True,False
1.347,1.1397511590110057,1.2569750514991824,True,False
1.348,1.028940075841966,1.2569750514991824,False,False
1.349,0.9180637510647247,1.1516285709925853,True,False
1.35,0.8071472104729537,0.8547430350194531,True,False
1.351,0.6962154513913815,0.8451660822461236,True,False
1.352,0.5852934370983861,0.7446080781261912,True,False
1.353,0.4744060912646051,0.5770114045929517,True,False
1.354,0.36357829240878525,0.5339151171129686,True,False
1.355,0.25283486837209457,0.27054891584649,True,False
1.356,0.14220059081210892,0.22745262836650681,True,False
1.357,0.03170016971768439,0.21308719920651242,True,False
1.358,-0.07864175205408468,0.15083700617989848,True,False
1.359,-0.18880060421762634,-0.06464443121996055,True,False
1.36,-0.29875189447418177,-0.06464443121996055,True,False
1.361,-0.40847121390144525,-0.21787567559320564,True,False
1.362,-0.5179342423163819,-0.4046262546730759,True,False
1.363,-0.6271167536100539,-0.5674344518196506,True,False
1.364,-0.7359946210533027,-0.45729949492638866,True,False
1.365,-0.844543822572133,-0.7781274128328448,True,False
1.366,-0.9527404459916623,-0.9265701808194251,True,False
1.367,-1.0605606942475003,-1.0175512321660278,True,False
1.368,-1.1679808905634395,-1.0654359960326758,True,False
1.369,-1.2749774835943368,-1.0510705668726814,True,False
1.37,-1.3815270525330923,-1.3192252445258532,True,False
1.371,-1.487606312180619,-1.4054178194857911,True,False
1.372,-1.593192117977729,-1.5107642999923883,True,False
1.373,-1.6982614709978565,-1.6352646860456446,True,False
1.374,-1.8027915228995521,-1.711880308232253,True,False
1.375,-1.9067595808377067,-1.7501881193255713,True,False
1.3760000000000001,-2.010143112332443,-1.903419363698788,True,False
1.377,-2.1129197500946635,-2.056650608072033,True,False
1.3780000000000001,-2.2150672968072245,-2.0758045136186922,True,False
1.379,-2.3165637298607247,-2.252978139925233,True,False
1.3800000000000001,-2.4173872060429225,-2.3918439551384836,True,False
1.381,-2.5175160661807863,-2.559440628671723,True,False
1.3820000000000001,-2.616928839734216,-2.4157863370718076,True,False
1.383,-2.71560424934046,-2.5019789120317455,True,False
1.3840000000000001,-2.8135212153082994,-2.6121138689250074,True,False
1.385,-2.9106588600610457,-2.7222488258182693,True,False
1.3860000000000001,-3.006996512527443,-2.908999404898168,True,False
1.387,-3.102513712479561,-2.837172259098196,True,False
1.3880000000000001,-3.1971902148167795,-3.124480842298027,True,False
1.389,-3.2910059937949834,-3.100538460364703,True,False
1.3900000000000001,-3.383941247200115,-3.2154618936446298,True,False
1.391,-3.4759764004651945,-3.3734816144045396,True,False
1.3920000000000001,-3.5670921107300035,-3.316019897764562,True,False
1.393,-3.6572692708425865,-3.4405202838178184,True,False
1.3940000000000001,-3.7464890133017543,-3.5745976226444043,True,False
1.395,-3.83473271413981,-3.70867496147099,True,False
1.3960000000000001,-3.9219819967446887,-3.8523292530708773,True,False
1.397,-4.008218735620768,-3.924156398870849,True,False
1.3980000000000001,-4.093425060087578,-4.09175307240406,True,False
1.399,-4.177583357915675,-4.211464982070652,True,False
1.4000000000000001,-4.260676278898966,-4.211464982070652,True,False
1.401,-4.342686738362766,-4.149214789044038,True,False
1.4020000000000001,-4.423597920606892,-4.364696226443897,True,False
1.403,-4.5033932822831355,-4.340753844510573,True,False
1.4040000000000001,-4.582056555706431,-4.556235281910432,True,False
1.405,-4.659571752099088,-4.537081376363801,True,False
1.4060000000000001,-4.735923164767455,-4.489196612497153,True,False
1.407,-4.811095372210404,-4.747774337376995,True,False
1.408,-4.885073241159024,-4.872274723430252,True,False
1.409,-4.95784192954698,-4.786082148470285,True,False
1.41,-5.029386889410928,-4.862697770656922,True,False
1.411,-5.099693869720464,-4.8531208178835925,True,False
1.412,-5.168748919137087,-5.006352062256809,True,False
1.413,-5.236538388701628,-5.126063971923401,True,False
1.414,-5.303048934449682,-5.236198928816663,True,False
1.415,-5.368267519954543,-5.159583306630054,True,False
1.416,-5.432181418797184,-5.547449893949818,True,False
1.417,-5.494778216962842,-5.547449893949818,True,False
1.418,-5.556045815163762,-5.4181610315098965,True,False
1.419,-5.615972431087722,-5.4181610315098965,True,False
1.42,-5.674546601571894,-5.576180752269806,True,False
1.421,-5.73175718470172,-5.600123134203102,True,False
1.422,-5.787593361834397,-5.64800789806975,True,False
1.423,-5.842044639546668,-5.624065516136426,True,False
1.424,-5.89510085150655,-5.901797146562927,True,False
1.425,-5.946752160268748,-5.762931331349677,True,False
1.426,-5.996989058993404,-5.839546953536285,True,False
1.427,-6.045802373087969,-5.997566674296195,True,False
1.428,-6.093183261771893,-5.906585622949592,True,False
1.429,-6.139123219563935,-5.9592588632028765,True,False
1.43,-6.1836140776918525,-6.064605343709474,True,False
1.431,-6.226648005424279,-6.04066296177615,True,False
1.432,-6.2682175113246,-6.241778970016043,True,False
1.433,-6.308315444426676,-6.165163347829406,True,False
1.434,-6.346934995332247,-6.160374871442741,True,False
1.435,-6.384069697229903,-6.241778970016043,True,False
1.436,-6.419713426835504,-6.184317253376065,True,False
1.437,-6.453860405253953,-6.409375643549254,True,False
1.438,-6.486505198762256,-6.38543326161593,True,False
1.439,-6.5176427195138,-6.308817639429321,True,False
1.44,-6.54726822616381,-6.38543326161593,True,False
1.441,-6.575377324415969,-6.53387602960251,True,False
1.442,-6.601965967490199,-6.529087553215845,True,False
1.443,-6.627030456511595,-6.715838132295744,True,False
1.444,-6.650567440820566,-6.553029935149169,True,False
1.445,-6.672573918204233,-6.433318025482578,True,False
1.446,-6.69304723504912,-6.505145171282521,True,False
1.447,-6.711985086415247,-6.754145943389034,True,False
1.448,-6.729385516031741,-6.639222510109107,True,False
1.449,-6.745246916214036,-6.73020356145571,True,False
1.45,-6.759568027702831,-6.54345298237584,True,False
1.451,-6.772347939424974,-6.73020356145571,True,False
1.452,-6.783586088176399,-6.466837360189231,True,False
1.453,-6.793282258227341,-6.792453754482352,True,False
1.454,-6.801436580850009,-6.768511372549028,True,False
1.455,-6.808049533768972,-6.773299848935693,True,False
1.456,-6.813121940534457,-6.6535879392691015,True,False
1.457,-6.816654969818843,-6.644010986495772,True,False
1.458,-6.818650134636619,-6.811607660029011,True,False
1.459,-6.8191092914880915,-6.600914699015817,True,False
1.46,-6.818034639427149,-6.696684226749085,True,False
1.461,-6.815428719053407,-6.6775303212024255,True,False
1.462,-6.811294411429082,-6.687107273975755,True,False
1.463,-6.805634936920946,-6.830761565575671,True,False
1.464,-6.798453853967702,-6.696684226749085,True,False
1.465,-6.789755057773257,-6.864280900282296,True,False
1.466,-6.779542778926174,-6.644010986495772,True,False
1.467,-6.767821581945839,-6.639222510109107,True,False
1.468,-6.754596363755705,-6.591337746242488,True,False
1.469,-6.739872352084103,-6.605703175402482,True,False
1.47,-6.72365510379307,-6.471625836575896,True,False
1.471,-6.705950503135685,-6.605703175402482,True,False
1.472,-6.686764759942408,-6.562606887922499,True,False
1.473,-6.666104407736947,-6.4141641199359185,True,False
1.474,-6.643976301782164,-6.490779742122555,True,False
1.475,-6.620387617056586,-6.4859912657358905,True,False
1.476,-6.595345846162051,-6.399798690775924,True,False
1.477,-6.568858797163098,-6.519510600442516,True,False
1.478,-6.5409345913586625,-6.471625836575896,True,False
1.479,-6.5115816609866854,-6.4141641199359185,True,False
1.48,-6.480808746862259,-6.33754849774931,True,False
1.481,-6.448624895949939,-6.284875257495997,True,False
1.482,-6.415039458870855,-6.323183068589316,True,False
1.483,-6.3800620873453076,-6.146009442282775,True,False
1.484,-6.343702731571471,-6.323183068589316,True,False
1.485,-6.305971637540954,-6.193894206149395,True,False
1.486,-6.266879344291853,-6.284875257495997,True,False
1.487,-6.226436681100061,-6.1986826825360595,True,False
1.488,-6.184654764609515,-6.169951824216071,True,False
1.489,-6.141544995902145,-6.011932103456189,True,False
1.49,-6.0971190575082685,-5.925739528496223,True,False
1.491,-6.051388910358179,-5.8970086701762625,True,False
1.492,-6.004366790675726,-5.829970000762955,True,False
1.493,-5.956065206814637,-5.786873713283001,True,False
1.494,-5.906496936038423,-5.743777425803017,True,False
1.495,-5.855675021244635,-5.820393047989626,True,False
1.496,-5.8036127676343146,-5.628853992523091,True,False
1.497,-5.750323739327468,-5.782085236896336,True,False
1.498,-5.695821755925392,-5.470834271763181,True,False
1.499,-5.64012088902072,-5.308026074616635,True,False
1.5,-5.5832354586560395,-5.566603799496477,True,False
1.5010000000000001,-5.525180029731971,-5.279295216296646,True,False
1.502,-5.465969408365564,-5.341545409323288,True,False
1.5030000000000001,-5.405618638199928,-5.250564357976657,True,False
1.504,-5.344142996665993,-5.030294444190133,True,False
1.5050000000000001,-5.281557991197313,-5.188314164950043,True,False
1.506,-5.2178793553988205,-5.035082920576798,True,False
1.5070000000000001,-5.153123045170493,-5.020717491416804,True,False
1.508,-5.087305234786833,-4.857909294270257,True,False
1.5090000000000001,-5.020442312933142,-4.857909294270257,False,False
1.51,-4.952550878699519,-4.886640152590218,True,False
1.5110000000000001,-4.883647737533571,-4.79087062485695,True,False
1.512,-4.813749897152782,-4.632850904097069,True,False
1.5130000000000001,-4.742874563417543,-4.527504423590472,True,False
1.514,-4.671039136165817,-4.642427856870398,True,False
1.5150000000000001,-4.598261205010433,-4.431734895857176,True,False
1.516,-4.524558545100015,-4.297657557030618,True,False
1.5170000000000001,-4.449949112844554,-4.335965368123908,True,False
1.518,-4.374451041606632,-4.163580218204032,True,False
1.5190000000000001,-4.2980826373593155,-4.2593497459373,True,False
1.52,-4.220862374311761,-4.24977279316397,True,False
1.5210000000000001,-4.14280889050354,-4.24977279316397,False,False
1.522,-4.063940983368751,-4.0007720210574576,True,False
1.5230000000000001,-3.984277605270925,-3.8714831586175364,True,False
1.524,-3.903837859009799,-3.881060111390866,True,False
1.5250000000000001,-3.822640993301013,-3.665578673991007,True,False
1.526,-3.7407063982297593,-3.5650206698710747,True,False
1.5270000000000001,-3.658053600679472,-3.5410782879377507,True,False
1.528,-3.574702259736611,-3.4836165712978016,True,False
1.5290000000000001,-3.4906721620726104,-3.368693138017875,True,False
1.53,-3.4059832173040636,-3.2250388464179593,True,False
1.5310000000000001,-3.3206554533322232,-3.1723656061646466,True,False
1.532,-3.2347090116628894,-3.1101154131380326,True,False
1.5330000000000001,-3.1481641427077767,-3.1196923659113622,True,False
1.534,-3.0610412010684365,-2.865903117418185,True,False
1.5350000000000001,-2.973360640803818,-2.803652924391571,True,False
1.536,-2.885143010682572,-2.7892874952315765,True,False
1.537,-2.79640894942117,-2.621690821698337,True,False
1.538,-2.7071791809089416,-2.688729491111644,True,False
1.539,-2.617474509421118,-2.564229105058388,True,False
1.54,-2.527315814820977,-2.272132045471892,True,False
1.541,-2.43672404775219,-2.238612710765267,True,False
1.542,-2.345720224822455,-2.2864974746318865,True,False
1.543,-2.25432542377952,-2.0422851789120386,True,False
1.544,-2.1625607786806986,-2.0470736552987034,True,False
1.545,-2.0704474750569535,-1.999188891432084,True,False
1.546,-1.9780067450726648,-1.6831494499122641,True,False
1.547,-1.885259862682166,-1.8507461234455036,True,False
1.548,-1.7922281387841423,-1.625687733272315,True,False
1.549,-1.698932916374991,-1.6783609735255993,True,False
1.55,-1.6053955657022236,-1.553860587472343,True,False
1.551,-1.5116374794190102,-1.3288021972991544,True,False
1.552,-1.4176800677409462,-1.3958408667124615,True,False
1.553,-1.3235447536061344,-1.2138787640192277,True,False
1.554,-1.229252967839654,-1.2665520042725404,True,False
1.555,-1.1348261443235113,-0.9505125627527491,True,False
1.556,-1.0402857151731384,-0.8978393224994363,True,False
1.557,-0.9456531059215213,-0.9457240863660843,True,False
1.558,-0.8509497307120247,-0.7589735072861856,True,False
1.559,-0.7561969875009833,-0.6871463614862421,True,False
1.56,-0.6614162532711236,-0.605742262912969,True,False
1.561,-0.5666288792568759,-0.43814558937972947,True,False
1.562,-0.4718561861826298,-0.3998377782864395,True,False
1.563,-0.37711945951498904,-0.1604139589532565,True,False
1.564,-0.2824399447300685,-0.1652024353399213,True,False
1.565,-0.1878388425968749,-0.18435634088655206,True,False
1.566,-0.09333730447781026,-0.12689462424660292,True,False
1.567,0.0010435723526739,0.01675966735331258,True,False
1.568,0.09528274937024538,0.22745262836650681,True,False
1.569,0.18935925144266205,0.40941473105971227,True,False
1.57,0.28325217145053433,0.3615299671930927,True,False
1.571,0.3769406748858695,0.3615299671930927,True,False
1.572,0.47040400442739866,0.41899168383304186,True,False
1.573,0.563621484491692,0.725454172579532,True,False
1.574,0.6565725257590761,0.7398196017395264,True,False
1.575,0.7492366296733725,0.8786854169527487,True,False
1.576,0.841593392914486,0.9169932280460671,True,False
1.577,0.9336225118428771,1.1085322835126021,True,False
1.578,1.0253037869149624,1.2138787640191993,True,False
1.579,1.1166171270684921,1.242609622339188,True,False
1.58,1.2075425540769669,1.35274457923245,True,False
1.581,1.2980602068721567,1.3671100083924443,True,False
1.582,1.388150345833803,1.5969568749522978,True,False
1.583,1.4777933570455852,1.5634375402456442,True,False
1.584,1.566969756516446,1.592168398565633,True,False
1.585,1.6556601943663793,1.8890539345387936,True,False
1.586,1.743845458975792,1.9321502220187483,True,False
1.587,1.8315064810975625,1.941727174792078,True,False
1.588,1.918624337930925,2.071016037231999,True,False
1.589,2.0051802571563244,1.9273617456320835,True,False
1.59,2.0911556209303903,2.229035757991909,True,False
1.591,2.176531969840191,2.3487476676585004,True,False
1.592,2.261291006815944,2.4540941481650975,True,False
1.593,2.345414601001362,2.4493056717784327,True,False
1.594,2.4288847915808245,2.5115558648050467,True,False
1.595,2.5116837915625903,2.6743640619516214,True,False
1.596,2.5937939915172534,2.683941014724951,True,False
1.597,2.675197963270675,2.789287495231548,True,False
1.598,2.755878463550634,2.7318257785915705,True,False
1.599,2.835818437586434,3.0478652201113903,True,False
1.6,2.91500102266074,3.0478652201113903,True,False
1.601,2.9934095516129102,3.1292693186846634,True,False
1.602,3.071027556293109,3.2777120866712437,True,False
1.603,3.1478387709665023,3.3160198977645337,True,False
1.604,3.223827135666843,3.2968659922178745,True,False
1.605,3.2989767994987607,3.287289039444545,True,False
1.606,3.373272123888105,3.5554437170977167,True,False
1.607,3.44669768577968,3.459674189364449,True,False
1.608,3.5192382807817215,3.6416362920576546,True,False
1.609,3.590878926256517,3.7134634378576266,True,False
1.61,3.6616048643565193,3.7134634378576266,True,False
1.611,3.7314015650053833,3.9097909697108264,True,False
1.612,3.8002547288233197,3.967252686350804,True,False
1.613,3.8681502899961946,4.053445261310742,True,False
1.614,3.935074419087825,3.9864065918974347,True,False
1.615,4.001013525794905,4.149214789044009,True,False
1.616,4.065954261644049,4.192311076523993,True,False
1.617,4.129883522630416,4.259349745937271,True,False
1.618,4.192788451797409,4.331176891737215,True,False
1.619,4.254656441756993,4.28808060425726,True,False
1.62,4.3154751371500835,4.441311848630477,True,False
1.621,4.375232437046617,4.321599938963885,True,False
1.622,4.433916497284812,4.460465754177136,True,False
1.623,4.491515732749192,4.584966140230392,True,False
1.624,4.548018819586951,4.594543093003722,True,False
1.625,4.603414697362271,4.771716719310291,True,False
1.6260000000000001,4.6576925711481705,4.714255002670313,True,False
1.627,4.710841913555538,4.98719815671015,True,False
1.6280000000000001,4.762852466698966,4.905794058136848,True,False
1.629,4.8137142440990495,4.910582534523513,True,False
1.6300000000000001,4.863417532520812,4.929736440070172,True,False
1.631,4.911952893747951,5.044659873350099,True,False
1.6320000000000001,4.959311166292577,5.030294444190105,True,False
1.633,5.005483467040186,5.178737212176685,True,False
1.6340000000000001,5.050461192829586,5.154794830243361,True,False
1.635,5.094236021967497,5.303237598229941,True,False
1.6360000000000001,5.136799915677603,5.116487019150071,True,False
1.637,5.178145119483844,5.212256546883339,True,False
1.6380000000000001,5.2182641645276915,5.312814551003271,True,False
1.639,5.257149868819248,5.442103413443192,True,False
1.6400000000000001,5.294795338421972,5.355910838483226,True,False
1.641,5.331193968570867,5.609700086976403,True,False
1.6420000000000001,5.36633944472398,5.480411224536482,True,False
1.643,5.4002257435470735,5.6240655161363975,True,False
1.6440000000000001,5.432847133831346,5.638430945296392,True,False
1.645,5.464198177344107,5.652796374456386,True,False
1.6460000000000001,5.49427372961231,5.552238370336454,True,False
1.647,5.523068940638849,5.849123906309586,True,False
1.6480000000000001,5.550579255551593,5.753354378576319,True,False
1.649,5.57680041518509,5.576180752269778,True,False
1.6500000000000001,5.601728456594914,5.643219421683057,True,False
1.651,5.625359713504645,5.901797146562899,True,False
1.6520000000000001,5.647690816685473,5.796450666056302,True,False
1.653,5.668718694268463,5.8156045716029325,True,False
1.6540000000000001,5.688440571989485,5.825181524376262,True,False
1.655,5.706853973366871,5.954470386816183,True,False
1.6560000000000001,5.7239567198118575,5.949681910429518,True,False
1.657,5.739746930671886,5.930528004882859,True,False
1.6580000000000001,5.754223023206854,5.786873713282972,True,False
1.659,5.76738371249843,6.107701631189428,True,False
1.6600000000000001,5.779228011292533,5.791662189669637,True,False
1.661,5.789755229775137,5.734200473029659,True,False
1.6620000000000001,5.79896497528153,6.064605343709445,True,False
1.663,5.806857151939215,5.853912382696251,True,False
1.6640000000000001,5.813431960244595,5.88264324101624,True,False
1.665,5.818689896573692,5.978412768749507,True,False
1.666,5.822631752627051,5.892220193789569,True,False
1.667,5.8252586148090915,5.892220193789569,True,False
1.668,5.826571863542135,5.925739528496223,True,False
1.669,5.826573172515344,5.997566674296166,True,False
1.67,5.825264507868869,5.935316481269524,True,False
1.671,5.822648127313451,6.04066296177615,True,False
1.672,5.8187265791858085,6.098124678416099,True,False
1.673,5.813502701440081,5.935316481269524,True,False
1.674,5.806979620575683,5.844335429922921,True,False
1.675,5.799160750501893,5.820393047989597,True,False
1.676,5.790049791339517,5.849123906309586,True,False
1.677,5.7796507281600045,5.796450666056302,True,False
1.678,5.767967829662396,5.959258863202848,True,False
1.679,5.755005646788479,5.897008670176234,True,False
1.68,5.740769011276566,5.892220193789569,True,False
1.681,5.725263034154305,5.8634893354695805,True,False
1.682,5.708493104170971,5.786873713282972,True,False
1.683,5.690464886169654,5.8156045716029325,True,False
1.684,5.671184319399817,5.796450666056302,True,False
1.685,5.650657615770691,5.633642468909727,True,False
1.686,5.628891258045992,5.810816095216296,True,False
1.687,5.605891997980433,5.87306628824291,True,False
1.688,5.581666854398573,5.743777425802989,True,False
1.689,5.55622311121648,5.8156045716029325,True,False
1.69,5.529568315406779,5.547449893949789,True,False
1.691,5.501710274907593,5.738988949416324,True,False
1.692,5.472657056475954,5.638430945296392,True,False
1.693,5.442416983486238,5.604911610589738,True,False
1.694,5.4109986336742155,5.571392275883113,True,False
1.695,5.378410836827274,5.480411224536482,True,False
1.696,5.3446626724214585,5.470834271763152,True,False
1.697,5.309763467205906,5.422949507896533,True,False
1.698,5.2737227927353025,5.255352834363293,True,False
1.699,5.236550462851011,5.34154540932326,True,False
1.7,5.198256531111492,5.34154540932326,True,False
1.701,5.158851288172686,5.3846416968032145,True,False
1.702,5.118345259119017,5.37027626764322,True,False
1.703,5.076749200745685,5.293660645456612,True,False
1.704,5.034074098792947,5.121275495536736,True,False
1.705,4.9903311651330595,5.18352568856335,True,False
1.706,4.945531834910604,4.915371010910178,True,False
1.707,4.899687763636896,5.039871396963434,True,False
1.708,4.8528108242392145,5.030294444190105,True,False
1.709,4.8049131040655615,4.805236054016916,True,False
1.71,4.756006901845704,4.934524916456837,True,False
1.711,4.706104724609263,4.719043479056978,True,False
1.712,4.655219284561567,4.824389959563575,True,False
1.713,4.603363495918078,4.685524144350325,True,False
1.714,4.550550471698133,4.608908522163716,True,False
1.715,4.496793520478802,4.661581762417001,True,False
1.716,4.442106143109641,4.498773565270454,True,False
1.717,4.3865020293891455,4.704678049896984,True,False
1.718,4.329995054703695,4.5418698527504375,True,False
1.719,4.272599276629824,4.584966140230392,True,False
1.72,4.214328931500611,4.431734895857147,True,False
1.721,4.155198430937038,4.149214789044009,True,False
1.722,4.095222358345125,4.216253458457288,True,False
1.723,4.034415465379704,4.086964596017367,True,False
1.724,3.972792668375664,4.086964596017367,True,False
1.725,3.910369044747517,3.98161811551077,True,False
1.726,3.8471598293581524,4.024714402990753,True,False
1.727,3.783180410857623,3.871483158617508,True,False
1.728,3.718446327992861,3.7805021072709053,True,False
1.729,3.652973265889163,3.7517712489509165,True,False
1.73,3.5867770523043476,3.651213244830984,True,False
1.731,3.519873653856456,3.761348201724246,True,False
1.732,3.452279172225897,3.521924382391063,True,False
1.733,3.3840098403328995,3.569809146257711,True,False
1.734,3.315082018491205,3.4692511421377787,True,False
1.735,3.245512190538881,3.4261548546577956,True,False
1.736,3.1753169599471547,3.1867310353246125,True,False
1.737,3.104513045908192,3.172365606164618,True,False
1.738,3.0331172794027133,3.2585581811245845,True,False
1.739,2.9611465992483796,3.138846271457993,True,False
1.74,2.8886180481298513,2.9904035034714127,True,False
1.741,2.8155487686114458,2.89942245212481,True,False
1.742,2.7419559991333173,2.794075971618213,True,False
1.743,2.6678570699920847,2.7270373022049057,True,False
1.744,2.593269399306827,2.7988644480048777,True,False
1.745,2.5182104889713814,2.6264792980849734,True,False
1.746,2.442697920593879,2.5833830106050186,True,False
1.747,2.3667493514244375,2.501978912031717,True,False
1.748,2.290382510271956,2.4062093842984495,True,False
1.749,2.2136151934109405,2.3822670023651256,True,False
1.75,2.1364652604792944,2.1715740413519313,True,False
1.7510000000000001,2.058950630368017,2.1667855649652665,True,False
1.752,1.9810892771037345,2.2386127107652385,True,False
1.7530000000000001,1.902899225725011,2.099746895551988,True,False
1.754,1.8243985481533713,2.0374967025253454,True,False
1.7550000000000001,1.7456053590599714,1.8842654581521288,True,False
1.756,1.6665378117288514,1.7501881193255429,True,False
1.7570000000000001,1.587214093917709,1.7406111665522133,True,False
1.758,1.507652423717129,1.4724564888990415,True,False
1.7590000000000001,1.4278710454091932,1.5825914457923034,True,False
1.76,1.3478882253264182,1.458091059739047,True,False
1.7610000000000001,1.2677222477119328,1.3479561028457852,True,False
1.762,1.1873914105818422,1.218667240405864,True,False
1.7630000000000001,1.1069140215906919,1.1516285709925853,True,False
1.764,1.0263083939009636,1.051070566872653,True,False
1.7650000000000001,0.9455928420575253,1.161205523765915,True,False
1.766,0.8647856778679514,1.0175512321659994,True,False
1.7670000000000001,0.7839052062896361,0.9792434210727095,True,False
1.768,0.7029697213246082,0.8451660822461236,True,False
1.7690000000000001,0.621997501922966,0.8643199877927827,True,False
1.77,0.5410068078958336,0.7685504600594868,True,False
1.7710000000000001,0.4600158758387471,0.524338164339639,True,False
1.772,0.3790429150663712,0.5195496879530026,True,False
1.7730000000000001,0.2981061035594416,0.46208797131302504,True,False
1.774,0.21722358392482766,0.30406825055311515,True,False
1.7750000000000001,0.1364134593696036,0.2561834866864956,True,False
1.776,0.05569378969001171,0.18914481727318844,True,False
1.7770000000000001,-0.02491741272380157,0.1316831006332393,True,False
1.778,-0.10540218686640422,0.021548143739977377,True,False
1.7790000000000001,-0.18574262707818037,-0.059855954833295755,True,False
1.78,-0.2659208869880512,-0.20829872281987605,True,False
1.7810000000000001,-0.34591918343695743,-0.20829872281987605,True,False
1.782,-0.4257198003812487,-0.21308719920654084,True,False
1.7830000000000001,-0.5053050927751327,-0.256183486686524,True,False
1.784,-0.5846574904313436,-0.581799880979645,True,False
1.7850000000000001,-0.6637595018591922,-0.5387035934996618,True,False
1.786,-0.7425937180791717,-0.6919348378729069,True,False
1.7870000000000001,-0.8211428164132943,-0.7254541725795605,True,False
1.788,-0.8993895642503434,-0.7350311253528901,True,False
1.7890000000000001,-0.9773168227852331,-0.9409356099794195,True,False
1.79,-1.0549075507316732,-0.9840318974593742,True,False
1.7910000000000001,-1.132144808007343,-1.0510705668726814,True,False
1.792,-1.20901175939079,-1.0893783779659998,True,False
1.793,-1.2854916781492707,-1.146840094605949,True,False
1.794,-1.3615679496367612,-1.1659940001526081,True,False
1.795,-1.437224074861379,-1.4293602014191151,True,False
1.796,-1.512443674021449,-1.2904943862058644,True,False
1.797,-1.58721049000948,-1.5107642999923883,True,False
1.798,-1.6615083918832954,-1.5442836346990418,True,False
1.799,-1.7353213783036052,-1.6065338277256558,True,False
1.8,-1.8086335809372778,-1.7214572610055825,True,False
1.801,-1.8814292678256155,-1.793284406805526,True,False
1.802,-1.9536928467169152,-1.9082078400854527,True,False
1.803,-2.025408868362627,-1.793284406805526,True,False
1.804,-2.0965620297764187,-1.7837074540321964,True,False
1.805,-2.1671371774554755,-1.9560926039521007,True,False
1.806,-2.2371193105633598,-2.1763625177386245,True,False
1.807,-2.306493584073779,-2.2673435690852273,True,False
1.808,-2.375245311874607,-2.2242472816052725,True,False
1.809,-2.4433599698315347,-2.2242472816052725,True,False
1.81,-2.5108231988106957,-2.3966324315251484,True,False
1.811,-2.5776208076596814,-2.4157863370718076,True,False
1.812,-2.6437387761463094,-2.5211328175784047,True,False
1.813,-2.7091632578545655,-2.4971904356450807,True,False
1.814,-2.773880583037124,-2.559440628671723,True,False
1.815,-2.8378772614238734,-2.5785945342183823,True,False
1.816,-2.901139984985881,-2.645633203631661,True,False
1.817,-2.963655630654242,-2.645633203631661,False,False
1.818,-3.0254112629932695,-2.8946339757381736,True,False
1.819,-3.0863941368274905,-3.0718076020447143,True,False
1.82,-3.1465916998219337,-3.0718076020447143,False,False
1.821,-3.2059915950151883,-2.9520956923781227,True,False
1.822,-3.264581663304743,-3.143634747844686,True,False
1.823,-3.3223499458841204,-3.2010964644846354,True,False
1.824,-3.3792846866313173,-3.4117894254978296,True,False
1.825,-3.4353743344481034,-3.253769704737948,True,False
1.826,-3.490607545549715,-3.531501335164421,True,False
1.827,-3.5449731857045084,-3.426154854657824,True,False
1.828,-3.598460332423148,-3.5410782879377507,True,False
1.829,-3.651058277096891,-3.5745976226444043,True,False
1.83,-3.702756527084609,-3.497982000457796,True,False
1.831,-3.753544807748092,-3.6799441031510014,True,False
1.832,-3.803413064435323,-3.5889630518043987,True,False
1.833,-3.852351464411291,-3.7900790600442633,True,False
1.834,-3.900350398736039,-3.8140214419775873,True,False
1.835,-3.9474004840895707,-3.857117729457542,True,False
1.836,-3.9934925645432995,-3.823598394750917,True,False
1.837,-4.038617713277715,-3.8140214419775873,True,False
1.838,-4.082767234245972,-3.952887257190838,True,False
1.839,-4.1259326637831,-3.9385218280308436,True,False
1.84,-4.168105772160545,-4.144426312657373,True,False
1.841,-4.209278565085802,-4.0486567849241055,True,False
1.842,-4.249443285146854,-4.144426312657373,True,False
1.843,-4.288592413201201,-4.173157170977362,True,False
1.844,-4.326718669709223,-4.144426312657373,True,False
1.845,-4.363815016011686,-4.331176891737243,True,False
1.846,-4.399874655551177,-4.307234509803948,True,False
1.847,-4.43489103503727,-4.3742731792172265,True,False
1.848,-4.468857845555258,-4.273715175097294,True,False
1.849,-4.501769023618275,-4.312022986190584,True,False
1.85,-4.533618752162676,-4.532292899977136,True,False
1.851,-4.564401461486506,-4.489196612497153,True,False
1.852,-4.594111830130953,-4.508350518043812,True,False
1.853,-4.622744785704681,-4.60412004577708,True,False
1.854,-4.650295505650906,-4.714255002670342,True,False
1.855,-4.676759417957184,-4.60412004577708,True,False
1.856,-4.702132201807769,-4.59454309300375,True,False
1.857,-4.726409788178555,-4.450888801403835,True,False
1.858,-4.749588360374482,-4.580177663843756,True,False
1.859,-4.77166435450944,-4.671158715190359,True,False
1.86,-4.792634459928583,-4.546658329137102,True,False
1.861,-4.812495619573102,-4.8531208178835925,True,False
1.862,-4.831245030287421,-4.76213976653699,True,False
1.863,-4.848880143068849,-4.776505195696956,True,False
1.864,-4.865398663259734,-4.728620431830336,True,False
1.865,-4.880798550682122,-4.709466526283677,True,False
1.866,-4.895078019715011,-4.857909294270257,True,False
1.867,-4.908235539314265,-4.786082148470285,True,False
1.868,-4.920269832975248,-4.838755388723598,True,False
1.869,-4.931179878638299,-4.766928242923655,True,False
1.87,-4.940964908537137,-4.704678049897012,True,False
1.871,-4.949624408990314,-4.8052360540169445,True,False
1.872,-4.9571581201358725,-4.757351290150325,True,False
1.873,-4.963566035609322,-4.934524916456866,True,False
1.874,-4.968848402165109,-4.968044251163519,True,False
1.875,-4.973005719241743,-4.905794058136877,True,False
1.8760000000000001,-4.976038738470773,-4.714255002670342,True,False
1.877,-4.97794846312979,-4.8914286289768825,True,False
1.8780000000000001,-4.97873614753968,-4.8770631998169165,True,False
1.879,-4.978403296406329,-4.810024530403609,True,False
1.8800000000000001,-4.976951664107039,-4.795659101243615,True,False
1.881,-4.974383253921865,-4.901005581750212,True,False
1.8820000000000001,-4.970700317210145,-4.819601483176939,True,False
1.883,-4.9659053525325,-4.9153710109102065,True,False
1.8840000000000001,-4.960001104718558,-4.93931339284353,True,False
1.885,-4.952990563880729,-4.857909294270257,True,False
1.8860000000000001,-4.944876964374281,-4.771716719310291,True,False
1.887,-4.935663783704092,-4.7812936720836205,True,False
1.8880000000000001,-4.9253547413783565,-4.786082148470285,True,False
1.889,-4.913953797709609,-4.944101869230195,True,False
1.8900000000000001,-4.901465152563399,-4.776505195696956,True,False
1.891,-4.887893244054993,-4.733408908217001,True,False
1.8920000000000001,-4.873242747194451,-4.747774337376995,True,False
1.893,-4.857518572480486,-4.709466526283677,True,False
1.8940000000000001,-4.840725864443487,-4.666370238803694,True,False
1.895,-4.8228700001380975,-4.618485474937074,True,False
1.8960000000000001,-4.803956587585785,-4.666370238803694,True,False
1.897,-4.7839914641678165,-4.656793286030364,True,False
1.8980000000000001,-4.762980694969075,-4.503562041657148,True,False
1.899,-4.7409305710731635,-4.599331569390415,True,False
1.9000000000000001,-4.717847607809255,-4.666370238803694,True,False
1.901,-4.693738542951156,-4.60412004577708,True,False
1.9020000000000001,-4.668610334869049,-4.537081376363801,True,False
1.903,-4.642470160634424,-4.43652337224384,True,False
1.9040000000000001,-4.615325414078667,-4.508350518043812,True,False
1.905,-4.58718370380583,-4.383850131990556,True,False
1.9060000000000001,-4.558052851160096,-4.4556772777905,True,False
1.907,-4.527940888148456,-4.431734895857176,True,False
1.9080000000000001,-4.496856055319137,-4.297657557030618,True,False
1.909,-4.464806799596327,-4.422157943083874,True,False
1.9100000000000001,-4.431801772071749,-4.197099552910657,True,False
1.911,-4.397849825753634,-4.283292127870624,True,False
1.9120000000000001,-4.36296001327368,-4.0007720210574576,True,False
1.913,-4.327141584552564,-4.244984316777305,True,False
1.9140000000000001,-4.2904039844245965,-4.201888029297322,True,False
1.915,-4.252756850222112,-4.168368694590697,True,False
1.9160000000000001,-4.214210009320214,-4.144426312657373,True,False
1.917,-4.174773476642457,-4.1348493598840435,True,False
1.9180000000000001,-4.134457452128107,-4.019925926604117,True,False
1.919,-4.093272318161606,-3.8283868711375817,True,False
1.92,-4.051228636964872,-3.928944875257514,True,False
1.921,-4.008337147953063,-3.9624642099641676,True,False
1.922,-3.9646087650544795,-3.8954255405508604,True,False
1.923,-3.9200545739952406,-3.8762716350042012,True,False
1.924,-3.8746858295494144,-3.732617343404314,True,False
1.925,-3.8285139527552503,-3.665578673991007,True,False
1.926,-3.7815505280982173,-3.660790197604342,True,False
1.927,-3.7338073006615056,-3.6176939101243875,True,False
1.928,-3.685296173244701,-3.450097236591148,True,False
1.929,-3.6360292034513124,-3.512347429617762,True,False
1.93,-3.586018600745866,-3.5219243823910915,True,False
1.931,-3.5352767234812643,-3.430943331044489,True,False
1.932,-3.4838160758971286,-3.320808374151227,True,False
1.933,-3.4316493050898407,-3.368693138017875,True,False
1.934,-3.3787891979550113,-3.1723656061646466,True,False
1.935,-3.3252486781030903,-3.234615799191289,True,False
1.936,-3.2710408027488778,-3.1101154131380326,True,False
1.937,-3.216178759575646,-3.1149038895246974,True,False
1.938,-3.160675863574637,-3.0909615075913734,True,False
1.939,-3.104545553860675,-2.9856150270847763,True,False
1.94,-3.047801390464638,-2.904210928511503,True,False
1.941,-2.990457051103562,-2.9520956923781227,True,False
1.942,-2.932526327929117,-2.8132298771649005,True,False
1.943,-2.8740231242552414,-2.86111464103152,True,False
1.944,-2.8149614512656735,-2.731825778591599,True,False
1.945,-2.7553554247021785,-2.6073253925383426,True,False
1.946,-2.695219261534229,-2.6743640619516498,True,False
1.947,-2.634567276610913,-2.4828250064850863,True,False
1.948,-2.5734138792958605,-2.6073253925383426,True,False
1.949,-2.511773570085961,-2.3726900495918244,True,False
1.95,-2.449660937214663,-2.4828250064850863,True,False
1.951,-2.387090653240635,-2.1763625177386245,True,False
1.952,-2.3240774716225867,-2.1955164232852837,True,False
1.953,-2.260636223281029,-2.1811509941252893,True,False
1.954,-2.1967818131477763,-2.0039773678187487,True,False
1.955,-2.132529216703981,-1.9608810803387655,True,False
1.956,-2.0678934765074914,-1.9177847928587823,True,False
1.957,-2.002889698710343,-1.8124383123521852,True,False
1.958,-1.9375330495671603,-1.927361745632112,True,False
1.959,-1.8718387519352875,-1.687937926298929,True,False
1.96,-1.8058220817674369,-1.970458033112095,True,False
1.961,-1.7394983645976576,-1.5299182055390474,True,False
1.962,-1.6728829720214224,-1.539495158312377,True,False
1.963,-1.6059913181706367,-1.3958408667124615,True,False
1.964,-1.5388388561843664,-1.2090902876325629,True,False
1.965,-1.4714410746760875,-1.338379150072484,True,False
1.966,-1.403813494198252,-1.3718984847791376,True,False
1.967,-1.3359716637049754,-1.1564170473792785,True,False
1.968,-1.2679311570136402,-1.189936382085932,True,False
1.969,-1.1997075692662114,-1.1755709529259377,True,False
1.97,-1.1313165133910636,-0.9169932280460955,True,False
1.971,-1.0627736165661106,-0.9983973266193686,True,False
1.972,-0.9940945166840348,-0.9648779919127435,True,False
1.973,-0.9252948588204041,-0.9265701808194251,True,False
1.974,-0.8563902917054691,-0.6775694087129125,True,False
1.975,-0.7873964642004249,-0.6440500740062589,True,False
1.976,-0.7183290217789285,-0.47166492408638305,True,False
1.977,-0.6492036030146476,-0.5243381643396674,True,False
1.978,-0.5800358360756281,-0.4333571129930647,True,False
1.979,-0.5108413352262554,-0.294491297779814,True,False
1.98,-0.4416356973375832,-0.2992797741664788,True,False
1.981,-0.3724344984068049,-0.1556254825665917,True,False
1.982,-0.3032532900866345,-0.17477938811322247,True,False
1.983,-0.23410759622536237,0.07422138399326172,True,False
1.984,-0.1650129094183485,-0.1364715770199325,True,False
1.985,-0.09598468757171137,-0.1316831006332677,True,False
1.986,-0.027038350478966397,0.04549052567330136,True,False
1.987,0.04181072358863608,0.021548143739977377,True,False
1.988,0.11054720127732613,0.1221061478599097,True,False
1.989,0.17915579753084276,0.33758758525976873,True,False
1.99,0.24762127895453667,0.44772254215303064,True,False
1.991,0.3159284671628163,0.2657604394598252,True,False
1.992,0.38406224210920886,0.44293406576636585,True,False
1.993,0.4520075453983134,0.5003957824063434,True,False
1.994,0.5197493835789299,0.5291266407263038,True,False
1.995,0.5872728314176495,0.6009537865262757,True,False
1.996,0.6545630351522026,0.8834738933394135,True,False
1.997,0.7216052157238605,0.8547430350194531,True,False
1.998,0.7883846719881975,1.0702244724193122,True,False
1.999,0.8548867839035231,0.8882623697260783,True,False
2.0,0.9210970156963008,1.0702244724193122,True,False
2.001,0.9870009190028759,1.1659940001525797,True,False
2.0020000000000002,1.0525841359868455,1.3240137209124896,True,False
2.003,1.1178324024313975,1.1085322835126021,True,False
2.004,1.1827315508059697,1.3671100083924443,True,False
2.005,1.2472675133065763,1.4963988708323654,True,False
2.0060000000000002,1.3114263248691522,1.3048598153658304,True,False
2.007,1.375194126155284,1.4628795361257119,True,False
2.008,1.4385571665096957,1.6304762096589513,True,False
2.009,1.5015018068888666,1.5155527763790246,True,False
2.0100000000000002,1.5640145227601656,1.745399642938878,True,False
2.011,1.626081906970896,1.6879379262989005,True,False
2.012,1.687690672586648,1.8651115526054696,True,False
2.013,1.7488276556983708,1.9225732692454187,True,False
2.0140000000000002,1.8094798181975762,1.9560926039520723,True,False
2.015,1.869634250519099,2.0183427969786862,True,False
2.016,1.9292781743508483,1.984823462272061,True,False
2.017,1.9883989453099846,2.229035757991909,True,False
2.0180000000000002,2.046984055584978,2.1093238483253174,True,False
2.019,2.1050211365430003,2.2338242343785737,True,False
2.02,2.162497961302117,2.367901573205131,True,False
2.021,2.219402447267754,2.2960744274051876,True,False
2.0220000000000002,2.2757226586329256,2.329593762111841,True,False
2.023,2.3314468088417106,2.4062093842984495,True,False
2.024,2.386563263015479,2.5881714869916834,True,False
2.025,2.441060540341386,2.659998632791627,True,False
2.0260000000000002,2.4949273164226446,2.478036530098393,True,False
2.027,2.5481524255901036,2.679152538338286,True,False
2.028,2.6007248631746878,2.59295996337832,True,False
2.029,2.6526337877402195,2.717460349431576,True,False
2.0300000000000002,2.7038685232762076,2.8084414007782073,True,False
2.031,2.7544185613501475,2.9281533104447988,True,False
2.032,2.8042735632189246,2.8850570229648156,True,False
2.033,2.853423361898903,3.0191343617914015,True,False
2.0340000000000003,2.901857964194289,2.9473072159914295,True,False
2.035,2.949567552683389,2.9904035034714127,True,False
2.036,2.996542487662367,2.9904035034714127,True,False
2.037,3.042773309046137,3.162788653391317,True,False
2.0380000000000003,3.0882507382260176,3.2346157991912605,True,False
2.039,3.132965679883806,3.0622306492713562,True,False
2.04,3.176909223761921,3.383058567177841,True,False
2.041,3.2200726463892915,3.3878470435645056,True,False
2.0420000000000003,3.2624474127626546,3.3399622796978576,True,False
2.043,3.3040251779829686,3.4022124727244716,True,False
2.044,3.3447977888466305,3.507558953231097,True,False
2.045,3.384757285391208,3.5841745754177055,True,False
2.0460000000000003,3.423895902395413,3.6081169573510294,True,False
2.047,3.4622060708330378,3.483616571297773,True,False
2.048,3.499680419280608,3.6416362920576546,True,False
2.049,3.5363117752784974,3.62727086289766,True,False
2.05,3.572093166645264,3.790079060044235,True,False
2.051,3.6070178227449996,3.742194296177587,True,False
2.052,3.641079175707458,3.8044444892042293,True,False
2.053,3.6742708616007693,3.723040390630956,True,False
2.054,3.706586721556549,3.98161811551077,True,False
2.055,3.7380208028472084,3.94331030441748,True,False
2.056,3.768567359915314,4.034291355764083,True,False
2.057,3.7982208553548245,3.9097909697108264,True,False
2.058,3.826975960844052,4.086964596017367,True,False
2.059,3.854827558030221,3.8858485877775024,True,False
2.06,3.881770739365503,3.98161811551077,True,False
2.061,3.907800808894389,4.000772021057429,True,False
2.062,3.9329132829923172,4.0151374502174235,True,False
2.063,3.957103891055462,3.9864065918974347,True,False
2.064,3.9803685761415846,3.938521828030815,True,False
2.065,4.00270349556189,4.144426312657345,True,False
2.066,4.024105021423834,4.206676505683959,True,False
2.067,4.044569741124815,4.292869080643925,True,False
2.068,4.0640944577967275,4.2306188876172826,True,False
2.069,4.082676190701347,4.29765755703059,True,False
2.07,4.10031217557653,4.197099552910657,True,False
2.071,4.1169998649332165,4.163580218204004,True,False
2.072,4.132736928303269,4.125272407110685,True,False
2.073,4.147521252438133,4.264138222323936,True,False
2.074,4.161350941458365,4.249772793163942,True,False
2.075,4.174224316954074,4.292869080643925,True,False
2.076,4.186139918036312,4.2306188876172826,True,False
2.077,4.197096501339476,4.29765755703059,True,False
2.078,4.207093040974826,4.29765755703059,True,False
2.079,4.216128728435148,4.3168114625772205,True,False
2.08,4.2242029724507075,4.403004037537187,True,False
2.081,4.231315398796568,4.355119273670539,True,False
2.082,4.237465850051406,4.350330797283874,True,False
2.083,4.24265438530794,4.3168114625772205,True,False
2.084,4.246881279835119,4.503562041657119,True,False
2.085,4.250147024692211,4.292869080643925,True,False
2.086,4.252452326294959,4.513138994430449,True,False
2.087,4.253798105933968,4.49398508888379,True,False
2.088,4.254185499245498,4.3646962264438685,True,False
2.089,4.2536158556348695,4.398215561150522,True,False
2.09,4.252090737652667,4.513138994430449,True,False
2.091,4.249611920323954,4.383850131990528,True,False
2.092,4.2461813904307295,4.3024460334172545,True,False
2.093,4.241801345747849,4.470042706950466,True,False
2.094,4.236474194232647,4.470042706950466,False,False
2.095,4.230202553168533,4.283292127870595,True,False
2.096,4.222989248262799,4.398215561150522,True,False
2.097,4.214837312698917,4.321599938963885,True,False
2.098,4.205749986143625,4.3168114625772205,True,False
2.099,4.195730713709063,4.369484702830533,True,False
2.1,4.184783144870285,4.417369466697181,True,False
2.101,4.17291113233844,4.331176891737215,True,False
2.102,4.1601187308899545,4.407792513923852,True,False
2.103,4.146410196152039,4.168368694590669,True,False
2.104,4.131789983344856,4.268926698710601,True,False
2.105,4.116262745980699,4.144426312657345,True,False
2.106,4.099833334520547,4.154003265430674,True,False
2.107,4.082506794988338,4.077387643244066,True,False
2.108,4.064288367543374,4.034291355764083,True,False
2.109,4.045183485011195,4.067810690470736,True,False
2.11,4.02519777137336,4.197099552910657,True,False
2.111,4.004337040216492,4.024714402990753,True,False
2.112,3.9826072931410437,4.120483930724021,True,False
2.113,3.960014718130158,3.9576757335774744,True,False
2.114,3.9365656878790825,4.13006088349735,True,False
2.115,3.9122667580855466,4.106118501564026,True,False
2.116,3.8871246657015766,4.134849359884015,True,False
2.117,3.8611463271471567,4.125272407110685,True,False
2.118,3.834338836486235,3.9289448752574856,True,False
2.119,3.806709463565524,3.8475407766842125,True,False
2.12,3.778265652116555,3.9097909697108264,True,False
2.121,3.749015017821506,3.8571177294575136,True,False
2.122,3.7189653463432446,3.7948675364308997,True,False
2.123,3.6881245913201304,3.78529058365757,True,False
2.124,3.656500872326042,3.761348201724246,True,False
2.125,3.624102472796159,3.7326173434042857,True,False
2.126,3.590937837919016,3.675155626764308,True,False
2.1270000000000002,3.557015572495349,3.651213244830984,True,False
2.128,3.522344438764257,3.5889630518043703,True,False
2.129,3.4869333541972387,3.651213244830984,True,False
2.13,3.4507913892606275,3.5889630518043703,True,False
2.1310000000000002,3.4139277651469824,3.5362898115510575,True,False
2.132,3.376351851475998,3.574597622644376,True,False
2.133,3.3380731639654817,3.3878470435645056,True,False
2.134,3.299101362072982,3.435731807431125,True,False
2.1350000000000002,3.259446246608632,3.4070009491111364,True,False
2.136,3.219117757319792,3.3399622796978576,True,False
2.137,3.1781259704480744,3.3399622796978576,True,False
2.138,3.136481096259342,3.2058849408712717,True,False
2.1390000000000002,3.0941934765472823,3.0861730312046802,True,False
2.14,3.051273582111143,3.2537697047379197,True,False
2.141,3.0077320102082514,2.9904035034714127,True,False
2.142,2.9635794819819186,3.0526536964980266,True,False
2.1430000000000002,2.918826839865346,2.9999804562447423,True,False
2.144,2.8734850449621523,2.985615027084748,True,False
2.145,2.827565174404151,2.8611146410314916,True,False
2.146,2.781078418686997,2.9281533104447988,True,False
2.1470000000000002,2.7340360789843414,2.851537688258162,True,False
2.148,2.686449564441128,2.7844990188448833,True,False
2.149,2.638330389446675,2.818018353551537,True,False
2.15,2.5896901708881774,2.7414027313649,True,False
2.1510000000000002,2.540540625385286,2.616902345311644,True,False
2.152,2.490893566506404,2.5354982467383707,True,False
2.153,2.4407609019673666,2.5402867231250355,True,False
2.154,2.3901546308131456,2.501978912031717,True,False
2.1550000000000002,2.3390868405832483,2.4062093842984495,True,False
2.156,2.287569704461468,2.4876134828717227,True,False
2.157,2.2356154784106517,2.334382238498506,True,False
2.158,2.1832364982931542,2.3631130968184664,True,False
2.1590000000000003,2.1304451769776396,2.315228332951847,True,False
2.16,2.0772540014329106,2.2960744274051876,True,False
2.161,2.0236755298094313,2.1236892774853118,True,False
2.162,1.969722388509222,2.1859394705119257,True,False
2.1630000000000003,1.9154072692448028,2.099746895551988,True,False
2.164,1.860742926087857,2.075804513618664,True,False
2.165,1.8057421725083054,1.9321502220187483,True,False
2.166,1.750417878404455,1.879476981765464,True,False
2.1670000000000003,1.6947829671249235,1.8603230762188048,True,False
2.168,1.6388504124829992,1.8363806942854808,True,False
2.169,1.5826332357641404,1.7789189776455316,True,False
2.17,1.5261445027272795,1.4102062958724275,True,False
2.1710000000000003,1.4693973206006266,1.6065338277256274,True,False
2.172,1.4124048350726508,1.553860587472343,True,False
2.173,1.3551802272789302,1.4724564888990415,True,False
2.174,1.2977367107855375,1.400629343099098,True,False
2.1750000000000003,1.2400875285696686,1.3862639139391035,True,False
2.176,1.1822459499981757,1.328802197299126,True,False
2.177,1.1242252678046991,1.2617635278858472,True,False
2.178,1.0660387950660775,1.3000713389791656,True,False
2.179,1.0076998621787143,1.027128184939329,True,False
2.18,0.9492218138355836,0.9169932280460671,True,False
2.181,0.8906180060045522,1.0367051377126586,True,False
2.182,0.831901802908697,0.9744549446860447,True,False
2.183,0.7730865740092905,0.9648779919127151,True,False
2.184,0.7141856909921329,0.7063002670328729,True,False
2.185,0.655212524757899,0.7924928419928108,True,False
2.186,0.5961804424171762,0.6248961684595997,True,False
2.187,0.5371028042908541,0.6057422629129405,True,False
2.188,0.4779929609165399,0.6967233142595433,True,False
2.189,0.41886425006165967,0.5147612115663378,True,False
2.19,0.3597299937439069,0.5913768337529461,True,False
2.191,0.3006034952596989,0.4812418768596842,True,False
2.192,0.24149803622129598,0.2657604394598252,True,False
2.193,0.18242687360323603,0.31364520332644474,True,False
2.194,0.12340323679873684,0.19393329365985323,True,False
2.195,0.06444032468670996,0.14604852979323368,True,False
2.196,0.005551302710032815,0.06464443121993213,True,False
2.197,-0.053250700034284615,0.06464443121993213,True,False
2.198,-0.1119525936923976,0.1221061478599097,True,False
2.199,-0.17054133053776133,0.1077407186999153,True,False
2.2,-0.2290039078414693,-0.2513950102998592,True,False
2.201,-0.2873273707281738,-0.10295224231327893,True,False
2.202,-0.34549881501696683,-0.2897028213931492,True,False
2.203,-0.4035053900466049,-0.35195301441979154,True,False
2.204,-0.4613343014844673,-0.31364520332647317,True,False
2.205,-0.5189728141186392,-0.34716453803312675,True,False
2.206,-0.5764082546325175,-0.5626459754329858,True,False
2.207,-0.6336280143613444,-0.6679924559395829,True,False
2.208,-0.6906195520300696,-0.5674344518196506,True,False
2.209,-0.7473703964719631,-0.6344731212329293,True,False
2.21,-0.8038681493273853,-0.845166082246152,True,False
2.211,-0.8601004877221479,-0.5961653101396394,True,False
2.212,-0.916055166924885,-0.8308006530861576,True,False
2.213,-0.9717200229828762,-0.8260121766994928,True,False
2.214,-1.0270829753357549,-0.7446080781262197,True,False
2.215,-1.082132029406551,-1.012762755779363,True,False
2.216,-1.1368552791695197,-0.9265701808194251,True,False
2.217,-1.1912409096942096,-1.1085322835126306,True,False
2.218,-1.2452771996652414,-1.0462820904860166,True,False
2.219,-1.298952523877259,-1.1659940001526081,True,False
2.22,-1.3522553557045334,-1.2713404806592052,True,False
2.221,-1.4051742695447036,-1.2904943862058644,True,False
2.222,-1.4576979432361385,-1.2904943862058644,True,False
2.223,-1.5098151604484231,-1.2809174334325348,True,False
2.224,-1.5615148130454641,-1.4533025833524107,True,False
2.225,-1.612785903420732,-1.3671100083924728,True,False
2.226,-1.66361754680415,-1.649630115205639,True,False
2.227,-1.7139989735401582,-1.5203412527657179,True,False
2.228,-1.7639195313364817,-1.601745351338991,True,False
2.229,-1.8133686874831412,-1.7406111665522417,True,False
2.23,-1.8623360310412556,-1.7645535484855657,True,False
2.231,-1.9108112750011788,-1.9225732692454471,True,False
2.232,-1.9587842584095498,-1.8842654581521572,True,False
2.233,-2.006244948464802,-1.7501881193255713,True,False
2.234,-2.05318344258073,-1.999188891432084,True,False
2.235,-2.0995899704176817,-2.0183427969787147,True,False
2.236,-2.145454895880972,-1.9800349858854247,True,False
2.237,-2.1907687190861256,-1.994400415045419,True,False
2.238,-2.2355220782905434,-2.1189008010986754,True,False
2.239,-2.2797057517912203,-2.0901699427786866,True,False
2.24,-2.323310659788132,-2.2194588052186077,True,False
2.241,-2.366327866212925,-2.3104398565652104,True,False
2.242,-2.408748580522551,-2.2242472816052725,True,False
2.243,-2.450564159457495,-2.387055478751819,True,False
2.244,-2.4917661087642564,-2.401420907911813,True,False
2.245,-2.532346084881744,-2.3726900495918244,True,False
2.246,-2.5722958965912652,-2.4588826245517907,True,False
2.247,-2.6116075066297952,-2.4109978606851428,True,False
2.248,-2.6502730332662074,-2.449305671778461,True,False
2.249,-2.6882847518401802,-2.5785945342183823,True,False
2.25,-2.725635096263478,-2.66478710917832,True,False
2.251,-2.7623166604833362,-2.597748439765013,True,False
2.2520000000000002,-2.798322199907666,-2.592959963378348,True,False
2.253,-2.8336446327918297,-2.913787881284833,True,False
2.254,-2.868277041586717,-2.727037302204934,True,False
2.255,-2.90221267424789,-2.6312677744716666,True,False
2.2560000000000002,-2.9354449455055582,-2.7940759716182413,True,False
2.257,-2.967967438095146,-2.9329417868314636,True,False
2.258,-2.9997739039482543,-2.880268546578179,True,False
2.259,-3.030858265343786,-2.9329417868314636,True,False
2.2600000000000002,-3.061214616019058,-3.01913436179143,True,False
2.261,-3.0908372222406935,-2.990403503471441,True,False
2.262,-3.119720523835117,-2.990403503471441,False,False
2.263,-3.147859135178493,-3.0622306492713847,True,False
2.2640000000000002,-3.1752478461459273,-3.0670191256580495,True,False
2.265,-3.2018816230197977,-3.0239228381780947,True,False
2.266,-3.2277556093570525,-3.186731035324641,True,False
2.267,-3.252865126815363,-3.124480842298027,True,False
2.2680000000000002,-3.2772056759379886,-3.129269318684692,True,False
2.269,-3.3007729368972476,-3.253769704737948,True,False
2.27,-3.323562770196495,-3.0718076020447143,True,False
2.271,-3.345571217330495,-3.1771540825513114,True,False
2.2720000000000002,-3.3667945014041187,-3.1771540825513114,True,False
2.273,-3.3872290277092825,-3.3591161852445452,True,False
2.274,-3.4068713842600578,-3.3255968505378917,True,False
2.275,-3.425718342285903,-3.339962279697886,True,False
2.2760000000000002,-3.4437668566829602,-3.5267128587777563,True,False
2.277,-3.461014066423382,-3.3112314213778973,True,False
2.278,-3.477457294922664,-3.4405202838178184,True,False
2.279,-3.4930940503649555,-3.2681351338979425,True,False
2.2800000000000002,-3.5079220259863386,-3.320808374151227,True,False
2.281,-3.521939100316089,-3.4022124727245,True,False
2.282,-3.535143337375899,-3.3782700907912044,True,False
2.283,-3.547532986837116,-3.5889630518043987,True,False
2.2840000000000003,-3.5591064841359925,-3.4548857129778128,True,False
2.285,-3.5698624505470073,-3.469251142137807,True,False
2.286,-3.579799693214292,-3.531501335164421,True,False
2.287,-3.5889172051412204,-3.507558953231097,True,False
2.2880000000000003,-3.597214165138228,-3.531501335164421,True,False
2.289,-3.6046899377289385,-3.4117894254978296,True,False
2.29,-3.611344073014676,-3.421366378271159,True,False
2.291,-3.6171763064974494,-3.4884050476844664,True,False
2.2920000000000003,-3.6221865588615363,-3.469251142137807,True,False
2.293,-3.6263749357137436,-3.497982000457796,True,False
2.294,-3.6297417272824886,-3.4165779018844944,True,False
2.295,-3.6322874080758245,-3.474039618524472,True,False
2.2960000000000003,-3.6340126364985488,-3.5745976226444043,True,False
2.297,-3.6349182544285297,-3.368693138017875,True,False
2.298,-3.635005286752434,-3.36390466163121,True,False
2.299,-3.6342749408609945,-3.5650206698710747,True,False
2.3000000000000003,-3.6327286061040014,-3.445308760204483,True,False
2.301,-3.630367853205211,-3.4884050476844664,True,False
2.302,-3.6271944336373423,-3.5458667643244155,True,False
2.303,-3.623210278957382,-3.421366378271159,True,False
2.3040000000000003,-3.61841750010239,-3.507558953231097,True,False
2.305,-3.6128183866460404,-3.4405202838178184,True,False
2.306,-3.6064154060161036,-3.421366378271159,True,False
2.307,-3.599211202673125,-3.5937515281910635,True,False
2.308,-3.591208597250526,-3.3591161852445452,True,False
2.309,-3.58241058565639,-3.344750756084551,True,False
2.31,-3.5728203381371815,-3.474039618524472,True,False
2.311,-3.562441198303684,-3.296865992217903,True,False
2.312,-3.5512766821194077,-3.5506552407110803,True,False
2.313,-3.539330476851774,-3.4644626657511424,True,False
2.314,-3.5266064399863537,-3.344750756084551,True,False
2.315,-3.513108598104463,-3.445308760204483,True,False
2.316,-3.4988411457244273,-3.3782700907912044,True,False
2.317,-3.4838084441068196,-3.368693138017875,True,False
2.318,-3.468015020024009,-3.339962279697886,True,False
2.319,-3.4514655644943355,-3.5458667643244155,True,False
2.32,-3.4341649314812575,-3.3495392324712157,True,False
2.321,-3.416118136557816,-3.2250388464179593,True,False
2.322,-3.3973303555367655,-3.2681351338979425,True,False
2.323,-3.3778069230667285,-3.1963079880979706,True,False
2.324,-3.3575533311947487,-3.1963079880979706,True,False
2.325,-3.3365752278956107,-3.1771540825513114,True,False
2.326,-3.3148784155683044,-3.253769704737948,True,False
2.327,-3.292468849500024,-3.153211700618016,True,False
2.328,-3.2693526362981,-3.1196923659113622,True,False
2.329,-3.2455360322902567,-3.0718076020447143,True,False
2.33,-3.2210254418936093,-3.0718076020447143,True,False
2.331,-3.1958274159528095,-3.043076743724754,True,False
2.332,-3.169948650047759,-3.1723656061646466,True,False
2.333,-3.1433959827713234,-2.908999404898168,True,False
2.334,-3.116176393977473,-3.1963079880979706,True,False
2.335,-3.0882970030002888,-2.9520956923781227,True,False
2.336,-3.059765066844278,-2.818018353551537,True,False
2.337,-3.030587978346456,-2.908999404898168,True,False
2.338,-3.0007732643106353,-2.9233648340581624,True,False
2.339,-2.9703285836143984,-2.7940759716182413,True,False
2.34,-2.939261725289216,-2.70309492027161,True,False
2.341,-2.907580606574168,-2.7366142549782637,True,False
2.342,-2.875293270943777,-2.669575585564985,True,False
2.343,-2.842407886110397,-2.7605566369115877,True,False
2.344,-2.808932742001678,-2.6552101564049906,True,False
2.345,-2.7748762487135785,-2.640844727244996,True,False
2.346,-2.7402469344394302,-2.6360562508583314,True,False
2.347,-2.7050534433755575,-2.5546521522850583,True,False
2.348,-2.66930453360395,-2.487613482871751,True,False
2.349,-2.6330090749525104,-2.564229105058388,True,False
2.35,-2.596176046833385,-2.5498636758983935,True,False
2.351,-2.5588145360598906,-2.487613482871751,True,False
2.352,-2.520933734642576,-2.3966324315251484,True,False
2.353,-2.482542937564928,-2.5019789120317455,True,False
2.354,-2.443651540539265,-2.2673435690852273,True,False
2.355,-2.404269037743346,-2.2673435690852273,True,False
2.356,-2.3644050195382333,-2.209881852445278,True,False
2.357,-2.324069170167955,-2.166785564965295,True,False
2.358,-2.2832712654415026,-2.2434011871519033,True,False
2.359,-2.242021170397721,-2.0710160372320274,True,False
2.36,-2.200328836953636,-2.0087658442054135,True,False
2.361,-2.1582043015367725,-1.9656695567254303,True,False
2.362,-2.1156576827020253,-1.9177847928587823,True,False
2.363,-2.072699178733632,-1.8986308873121231,True,False
2.364,-2.029339065232819,-1.7741305012588953,True,False
2.365,-1.9855876926916798,-1.7884959304188612,True,False
2.366,-1.9414554840538503,-1.970458033112095,True,False
2.367,-1.8969529322625536,-1.7741305012588953,True,False
2.368,-1.8520905977965814,-1.7453996429389065,True,False
2.369,-1.8068791061947815,-1.7406111665522417,True,False
2.37,-1.7613291455696372,-1.6544185915923038,True,False
2.371,-1.7154514641104943,-1.5203412527657179,True,False
2.372,-1.6692568675770316,-1.515552776379053,True,False
2.373,-1.6227562167835423,-1.4820334416723995,True,False
2.374,-1.5759604250746069,-1.5011873472190587,True,False
2.375,-1.5288804557927438,-1.3096482917525236,True,False
2.376,-1.4815273197386085,-1.3048598153658588,True,False
2.3770000000000002,-1.4339120726243353,-1.2617635278858756,True,False
2.378,-1.3860458125205959,-1.194724858472597,True,False
2.379,-1.337939677297963,-1.2952828625925292,True,False
2.38,-1.2896048420631594,-1.170782476539273,True,False
2.3810000000000002,-1.2410525165907769,-1.1085322835126306,True,False
2.382,-1.1922939427510544,-1.1133207598992954,True,False
2.383,-1.1433403919342924,-1.084589901579335,True,False
2.384,-1.094203162472492,-0.9553010391394139,True,False
2.3850000000000002,-1.0448935770588008,-0.9600895155260787,True,False
2.386,-0.9954229801653508,-0.9074162752727659,True,False
2.387,-0.9458027354600688,-0.8020697947661688,True,False
2.388,-0.8960442232230439,-0.8786854169527771,True,False
2.3890000000000002,-0.8461588377630318,-0.6823578850995773,True,False
2.39,-0.7961579848346791,-0.7015117906462365,True,False
2.391,-0.7460530790570439,-0.6584155031662533,True,False
2.392,-0.6958555413339917,-0.5003957824063718,True,False
2.3930000000000002,-0.6455767962770498,-0.5003957824063718,True,False
2.394,-0.5952282696312836,-0.5530690226596562,True,False
2.395,-0.5448213857047828,-0.4189916838330703,True,False
2.396,-0.4943675648023201,-0.294491297779814,True,False
2.3970000000000002,-0.4438782206637574,-0.2992797741664788,True,False
2.398,-0.393364757907768,-0.294491297779814,True,False
2.399,-0.3428385694814401,-0.12689462424660292,True,False
2.4,-0.29231103411632764,-0.20351024643321125,True,False
2.4010000000000002,-0.24179351379151032,0.007182714579982985,True,False
2.402,-0.19129735120422278,-0.18435634088655206,True,False
2.403,-0.14083386724860905,-0.016759667353341,True,False
2.404,-0.09041435850315908,0.1077407186999153,True,False
2.4050000000000002,-0.040050094727377875,0.10295224231325051,True,False
2.406,0.010247683631764383,0.08858681315325612,True,False
2.407,0.060467767923053126,0.2801258686198196,True,False
2.408,0.11059898376338059,0.026336620126642174,True,False
2.4090000000000003,0.16063019349868665,0.31843367971310954,True,False
2.41,0.21055029865295286,0.46687644769968983,True,False
2.411,0.26034824236471826,0.3950493018997463,True,False
2.412,0.3100130118105862,0.3998377782864111,True,False
2.4130000000000003,0.35953364061519855,0.5770114045929517,True,False
2.414,0.408899211247154,0.4956073060196786,True,False
2.415,0.4580988574003546,0.46687644769968983,True,False
2.416,0.5071217663602655,0.6919348378728785,True,False
2.4170000000000003,0.5559571813545789,0.6632039795528897,True,False
2.418,0.6045944038877789,0.6632039795528897,True,False
2.419,0.6530227960591023,0.6967233142595433,True,False
2.42,0.7012317828634042,0.7541850308994924,True,False
2.4210000000000003,0.749210854474433,0.835589129472794,True,False
2.422,0.7969495685100291,0.9409356099793911,True,False
2.423,0.8444375522787654,0.8499545586327883,True,False
2.424,0.8916645050075519,0.9936088502326754,True,False
2.4250000000000003,0.9386202000497323,0.9983973266193402,True,False
2.426,0.9852944870732054,1.1085322835126021,True,False
2.427,1.0316772942281078,1.2282441931791936,True,False
2.428,1.0777586302936057,1.2569750514991824,True,False
2.4290000000000003,1.1235285868033378,1.2090902876325629,True,False
2.43,1.1689773401490693,1.2713404806591768,True,False
2.431,1.2140951536621134,1.2857059098191712,True,False
2.432,1.2588723796720873,1.3479561028457852,True,False
2.433,1.3032994615425724,1.505975823605695,True,False
2.434,1.3473669356832567,1.4963988708323654,True,False
2.435,1.3910654335381425,1.4485141069657175,True,False
2.436,1.4343856835494064,1.5394951583123486,True,False
2.437,1.4773185130965094,1.4916103944457006,True,False
2.438,1.5198548504101559,1.673572497138906,True,False
2.439,1.5619857264607104,1.6879379262989005,True,False
2.44,1.6037022768206832,1.7549765957122077,True,False
2.441,1.6449957435009106,1.769342024872202,True,False
2.442,1.6858574767600485,1.831592217898816,True,False
2.443,1.7262789368870206,1.9273617456320835,True,False
2.444,1.7662516959560537,1.8699000289921344,True,False
2.445,1.8057674395539534,1.831592217898816,True,False
2.446,1.844817968479267,1.8890539345387936,True,False
2.447,1.8833952004129988,1.9034193636987595,True,False
2.448,1.9214911715605423,2.05186213168534,True,False
2.449,1.959098038264504,2.047073655298675,True,False
2.45,1.9962080785881002,2.023131273365351,True,False
2.451,2.0328136938688126,2.133266230258613,True,False
2.452,2.0689074102420006,2.027919749752016,True,False
2.453,2.1044818801341743,2.1667855649652665,True,False
2.454,2.139529883725632,2.334382238498506,True,False
2.455,2.174044330382183,2.4062093842984495,True,False
2.456,2.208018260055686,2.310439856565182,True,False
2.457,2.24144484465312,2.181150994125261,True,False
2.458,2.2743173893739423,2.291285951018523,True,False
2.459,2.3066293340154713,2.5163443411917115,True,False
2.46,2.3383742542460557,2.482825006485058,True,False
2.461,2.3695458628457793,2.578594534218354,True,False
2.462,2.400138010914491,2.4971904356450523,True,False
2.463,2.4301446890469163,2.5594406286716946,True,False
2.464,2.459560028474649,2.549863675898365,True,False
2.465,2.4883783021748163,2.659998632791627,True,False
2.466,2.516593925945204,2.7414027313649,True,False
2.467,2.5442014594456706,2.5642291050583594,True,False
2.468,2.5711956072056523,2.5594406286716946,True,False
2.469,2.5975712195975826,2.7988644480048777,True,False
2.47,2.623323293776073,2.7797105424582185,True,False
2.471,2.6484469745826758,2.7414027313649,True,False
2.472,2.6729375554160932,2.794075971618213,True,False
2.473,2.6967904790676798,2.7509796841382297,True,False
2.474,2.7200013385221067,2.7270373022049057,True,False
2.475,2.742565877723055,2.9520956923780943,True,False
2.476,2.764479992303824,2.89942245212481,True,False
2.477,2.785739730282743,3.0143458854047367,True,False
2.478,2.806341292723275,2.7988644480048777,True,False
2.479,2.8262810343587264,3.0574421728846914,True,False
2.48,2.845555464181467,2.9473072159914295,True,False
2.481,2.864161245996595,2.9425187396047647,True,False
2.482,2.8820951989399513,2.9664611215380887,True,False
2.483,2.899354297960446,2.9999804562447423,True,False
2.484,2.915935674266627,3.0239228381780663,True,False
2.485,2.931836615737451,3.004768932631407,True,False
2.486,2.947054567297208,3.0430767437247255,True,False
2.487,2.961587131254582,2.9904035034714127,True,False
2.488,2.9754320676058192,3.0765960784313506,True,False
2.489,2.988587294301985,3.119692365911334,True,False
2.49,3.0010508874803117,3.0813845548180154,True,False
2.491,3.012821081659634,3.138846271457993,True,False
2.492,3.0238962698999208,3.0861730312046802,True,False
2.493,3.034275003925928,3.071807602044686,True,False
2.494,3.04395599421499,3.0382882673380607,True,False
2.495,3.0529381100489887,3.1675771297779534,True,False
2.496,3.061220379530542,3.3208083741511984,True,False
2.497,3.06880198956346,3.28250056305788,True,False
2.498,3.0756822857975274,3.3399622796978576,True,False
2.499,3.0818607725376785,3.248981228351255,True,False
2.5,3.087337112617641,3.138846271457993,True,False
2.501,3.0921111272381223,3.24419275196459,True,False
2.5020000000000002,3.0961827957696366,3.248981228351255,True,False
2.503,3.0995522555200665,3.158000177004652,True,False
2.504,3.102219801467066,3.143634747844658,True,False
2.505,3.1041858859554092,3.09574998397801,True,False
2.5060000000000002,3.1054511183594227,3.1484232242313226,True,False
2.507,3.1060162647106107,3.1484232242313226,True,False
2.508,3.105882247290621,3.2394042755779253,True,False
2.509,3.1050501441896925,3.177154082551283,True,False
2.5100000000000002,3.103521188830734,3.2154618936446013,True,False
2.511,3.101296769459191,3.272923610284579,True,False
2.512,3.098378428598872,3.24419275196459,True,False
2.513,3.0947678624739035,3.1292693186846634,True,False
2.5140000000000002,3.090466920396994,3.134057795071328,True,False
2.515,3.0854776041242,3.1292693186846634,True,False
2.516,3.0798020671763804,3.1675771297779534,True,False
2.517,3.0734426141275515,3.2154618936446013,True,False
2.5180000000000002,3.0664016998603474,3.162788653391317,True,False
2.519,3.0586819287887983,3.3495392324711872,True,False
2.52,3.0502860540486645,3.1867310353246125,True,False
2.521,3.0412169766555355,3.114903889524669,True,False
2.5220000000000002,3.031477744630953,3.1005384603646746,True,False
2.523,3.0210715520967897,3.1675771297779534,True,False
2.524,3.0100017383381337,3.0191343617914015,True,False
2.525,2.9982717868349504,3.2298273228045957,True,False
2.5260000000000002,2.9858853242627696,3.177154082551283,True,False
2.527,2.972846119462676,3.09574998397801,True,False
2.528,2.959158082380886,3.0239228381780663,True,False
2.529,2.9448252629781844,3.143634747844658,True,False
2.5300000000000002,2.929851850109521,3.033499790951396,True,False
2.531,2.9142421703740573,3.0526536964980266,True,False
2.532,2.8980006869359656,3.0813845548180154,True,False
2.533,2.8811319983162975,3.248981228351255,True,False
2.5340000000000003,2.8636408371562267,3.138846271457993,True,False
2.535,2.845532068951995,2.8419607354848324,True,False
2.536,2.826810690761884,2.8228068299381732,True,False
2.537,2.8074818298855426,2.923364834058134,True,False
2.5380000000000003,2.7875507425160198,2.918576357671469,True,False
2.539,2.76702281236483,2.870691593804821,True,False
2.54,2.745903549260418,2.9760380743114183,True,False
2.541,2.7241985877203665,2.8659031174181564,True,False
2.5420000000000003,2.7019136854977073,2.765345113298224,True,False
2.543,2.6790547221017116,2.985615027084748,True,False
2.544,2.655627697293515,2.9042109285114748,True,False
2.545,2.6316387295569705,2.770133589684889,True,False
2.5460000000000003,2.607094054545093,2.7078833966582465,True,False
2.547,2.582000023502496,2.7557681605248945,True,False
2.548,2.5563631016641994,2.616902345311644,True,False
2.549,2.5301898666312166,2.6983064438849453,True,False
2.5500000000000003,2.503487006723304,2.6743640619516214,True,False
2.551,2.4762613193092924,2.5450751995117002,True,False
2.552,2.4485197091154065,2.5402867231250355,True,False
2.553,2.4202691865119776,2.5163443411917115,True,False
2.5540000000000003,2.3915168657789727,2.578594534218354,True,False
2.555,2.3622699633507684,2.4253632898451087,True,False
2.556,2.3325357960405806,2.4924019592583875,True,False
2.557,2.3023217792449917,2.4971904356450523,True,False
2.5580000000000003,2.271635425129005,2.4109978606851143,True,False
2.559,2.240484340792063,2.286497474631858,True,False
2.56,2.2088762264154673,2.3439591912718356,True,False
2.561,2.176818873391654,2.3439591912718356,True,False
2.562,2.1443201624357635,2.2434011871519033,True,False
2.563,2.1113880616799534,2.2960744274051876,True,False
2.564,2.078030624750926,2.2960744274051876,True,False
2.565,2.0442559888311047,2.2338242343785737,True,False
2.566,2.010072372703936,2.0566506080720046,True,False
2.567,1.975488074783773,2.047073655298675,True,False
2.568,1.9405114711308138,1.879476981765464,True,False
2.569,1.9051510134515506,2.071016037231999,True,False
2.57,1.8694152270852131,2.023131273365351,True,False
2.571,1.833312708976678,1.8507461234454752,True,False
2.572,1.7968521256363112,1.9896119386587259,True,False
2.573,1.7600422110872311,1.9034193636987595,True,False
2.574,1.7228917648004736,1.917784792858754,True,False
2.575,1.6854096496185307,1.7262457373922189,True,False
2.576,1.6476047896677586,1.7023033554588949,True,False
2.577,1.609486168260135,1.6113223041122922,True,False
2.578,1.571062825784855,1.6448416388189457,True,False
2.579,1.5323438575902548,1.6304762096589513,True,False
2.58,1.4933384118565551,1.529918205539019,True,False
2.581,1.4540556874599109,1.616110780498957,True,False
2.582,1.41450493182827,1.4963988708323654,True,False
2.583,1.3746954387895274,1.5251297291523542,True,False
2.584,1.3346365464124716,1.3192252445258248,True,False
2.585,1.2943376348410232,1.529918205539019,True,False
2.586,1.2538081241222567,1.328802197299126,True,False
2.587,1.2130574720287124,1.2569750514991824,True,False
2.588,1.1720951718754826,1.3048598153658304,True,False
2.589,1.1309307503325865,1.3862639139391035,True,False
2.59,1.0895737652331192,1.3479561028457852,True,False
2.591,1.048033803377683,1.1468400946059205,True,False
2.592,1.0063204783355966,1.1181092362859317,True,False
2.593,0.9644434282433795,1.0702244724193122,True,False
2.594,0.9224123136010155,0.9553010391393855,True,False
2.595,0.8802368150664902,0.9648779919127151,True,False
2.596,0.8379266312491018,0.9169932280460671,True,False
2.597,0.7954914765020444,0.7924928419928108,True,False
2.598,0.7529410787147589,0.6871463614862137,True,False
2.599,0.7102851771055515,0.8786854169527487,True,False
2.6,0.6675335200149726,0.725454172579532,True,False
2.601,0.624695862700452,0.6632039795528897,True,False
2.602,0.5817819651326851,0.8068582711528052,True,False
2.603,0.5388015897942624,0.6632039795528897,True,False
2.604,0.4957644994810332,0.6057422629129405,True,False
2.605,0.45268045510669513,0.524338164339639,True,False
2.606,0.4095592135110973,0.5961653101396109,True,False
2.607,0.36641052527274404,0.5817998809796165,True,False
2.608,0.3232441325259852,0.41899168383304186,True,False
2.609,0.2800697667833776,0.30406825055311515,True,False
2.61,0.23689714676369708,0.3423760616464335,True,False
2.611,0.19373597622608382,0.5003957824063434,True,False
2.612,0.15059594181079636,0.2849143450064844,True,False
2.613,0.10748671088705139,0.3471645380330983,True,False
2.614,0.06441792940842213,0.20829872281984763,True,False
2.615,0.0213992197762654,0.1364715770199041,True,False
2.616,-0.021559821288353154,0.059855954833295755,True,False
2.617,-0.0644496248637706,0.1412600534065689,True,False
2.618,-0.1072606519374121,0.04549052567330136,True,False
2.619,-0.14998339550558937,0.026336620126642174,True,False
2.62,-0.192608382662956,-0.05506747844665938,True,False
2.621,-0.23512617668116384,-0.18914481727321686,True,False
2.622,-0.2775273790762709,-0.33758758525979715,True,False
2.623,-0.31980263166445166,-0.1699909117265861,True,False
2.624,-0.36194261860556604,-0.32322215609980276,True,False
2.625,-0.4039380684341444,-0.30406825055314357,True,False
2.626,-0.44577975607735293,-0.34237606164646195,True,False
2.6270000000000002,-0.4874585048595028,-0.17477938811322247,True,False
2.628,-0.5289651884926752,-0.4237801602197351,True,False
2.629,-0.5702907330530324,-0.3854723491264451,True,False
2.63,-0.6114261189423952,-0.45251101853972386,True,False
2.6310000000000002,-0.6523623828346661,-0.6919348378729069,True,False
2.632,-0.6930906196066827,-0.5530690226596562,True,False
2.633,-0.7336019842530919,-0.581799880979645,True,False
2.634,-0.7738876937848382,-0.557857499046321,True,False
2.6350000000000002,-0.813939029110863,-0.6488385503929237,True,False
2.636,-0.8537473369026176,-0.7350311253528901,True,False
2.637,-0.8933040314409959,-0.6919348378729069,True,False
2.638,-0.9326005964452998,-0.6440500740062589,True,False
2.6390000000000002,-0.9716285868838487,-0.7637619836728504,True,False
2.64,-1.0103796307658603,-0.8068582711528336,True,False
2.641,-1.0488454309142206,-0.9744549446860731,True,False
2.642,-1.0870177667187781,-0.9840318974593742,True,False
2.6430000000000002,-1.1248884958697964,-1.0414936140993518,True,False
2.644,-1.1624495560712031,-1.0319166613260222,True,False
2.645,-1.1996929667332803,-1.060647519646011,True,False
2.646,-1.236610830644454,-1.0510705668726814,True,False
2.6470000000000002,-1.2731953356218242,-1.0941668543526362,True,False
2.648,-1.309438756140109,-1.189936382085932,True,False
2.649,-1.345333454938665,-1.170782476539273,True,False
2.65,-1.3808718846062513,-1.2713404806592052,True,False
2.6510000000000002,-1.4160465891432188,-1.467668012512405,True,False
2.652,-1.4508502055008068,-1.2809174334325348,True,False
2.653,-1.485275465097236,-1.3048598153658588,True,False
2.654,-1.5193151953102855,-1.5011873472190587,True,False
2.6550000000000002,-1.5529623209460641,-1.4149947722591207,True,False
2.656,-1.5862098656836712,-1.5203412527657179,True,False
2.657,-1.6190509534954651,-1.5011873472190587,True,False
2.658,-1.6514788100426534,-1.539495158312377,True,False
2.6590000000000003,-1.6834867640459286,-1.6544185915923038,True,False
2.66,-1.715068248630881,-1.5059758236057235,True,False
2.661,-1.7462168026479172,-1.4963988708323939,True,False
2.662,-1.7769260719664368,-1.5730144930190022,True,False
2.6630000000000003,-1.8071898107430022,-1.7741305012588953,True,False
2.664,-1.8370018826632666,-1.539495158312377,True,False
2.665,-1.8663562621574135,-1.7214572610055825,True,False
2.666,-1.895247035588872,-1.8699000289921628,True,False
2.6670000000000003,-1.9236684024160957,-1.8268037415121796,True,False
2.668,-1.9516146763271596,-1.8363806942855092,True,False
2.669,-1.9790802863469859,-1.927361745632112,True,False
2.67,-2.006059777916971,-1.8746885053788276,True,False
2.6710000000000003,-2.032547813946828,-1.7837074540321964,True,False
2.672,-2.058539175838436,-1.927361745632112,True,False
2.673,-2.0840287644815194,-1.903419363698788,True,False
2.674,-2.1090116012209674,-1.970458033112095,True,False
2.6750000000000003,-2.1334828287956253,-2.1284777538719766,True,False
2.676,-2.157437712248381,-2.01355432059205,True,False
2.677,-2.1808716398073966,-2.0901699427786866,True,False
2.678,-2.203780123738317,-1.97524650949876,True,False
2.6790000000000003,-2.226158801167322,-2.138054706645306,True,False
2.68,-2.2480034348748625,-1.999188891432084,True,False
2.681,-2.269309914059968,-2.1524201358053006,True,False
2.682,-2.2900742550749755,-2.056650608072033,True,False
2.6830000000000003,-2.310292602130579,-2.2577666163118977,True,False
2.684,-2.3299612279710677,-2.272132045471892,True,False
2.685,-2.349076534519661,-2.190727946898619,True,False
2.686,-2.3676350534938293,-2.214670328831943,True,False
2.6870000000000003,-2.3856334469905134,-2.272132045471892,True,False
2.688,-2.4030685080411525,-2.324805285725205,True,False
2.689,-2.419937161136442,-2.430151766231802,True,False
2.69,-2.4362364627207542,-2.3918439551384836,True,False
2.691,-2.4519636016561424,-2.324805285725205,True,False
2.692,-2.467115899655886,-2.363113096818495,True,False
2.693,-2.4816908116875154,-2.3535361440451936,True,False
2.694,-2.4956859263452693,-2.4971904356450807,True,False
2.695,-2.509098966191959,-2.487613482871751,True,False
2.696,-2.5219277880701916,-2.4828250064850863,True,False
2.697,-2.5341703833829428,-2.3343822384985344,True,False
2.698,-2.5458248783434567,-2.51634434119174,True,False
2.699,-2.5568895341944553,-2.35832462043183,True,False
2.7,-2.5673627473966723,-2.4588826245517907,True,False
2.701,-2.577243049786691,-2.3535361440451936,True,False
2.702,-2.5865291087041187,-2.4397287190051316,True,False
2.703,-2.595219727088104,-2.4684595773251203,True,False
2.704,-2.60331384354322,-2.535498246738399,True,False
2.705,-2.610810532374748,-2.4828250064850863,True,False
2.706,-2.617709003593402,-2.5690175814450527,True,False
2.707,-2.6240086028895346,-2.535498246738399,True,False
2.708,-2.629708811576876,-2.511555864805075,True,False
2.709,-2.6348092465058652,-2.5211328175784047,True,False
2.71,-2.6393096599466412,-2.425363289845137,True,False
2.711,-2.6432099394417605,-2.5498636758983935,True,False
2.712,-2.646510107628727,-2.4397287190051316,True,False
2.713,-2.6492103220324084,-2.511555864805075,True,False
2.714,-2.6513108748274434,-2.51634434119174,True,False
2.715,-2.652812192570729,-2.621690821698337,True,False
2.716,-2.6537148359040956,-2.535498246738399,True,False
2.717,-2.654019499227285,-2.5067673884184103,True,False
2.718,-2.653727010341342,-2.51634434119174,True,False
2.719,-2.6528383300625515,-2.5067673884184103,True,False
2.72,-2.6513545518070476,-2.5690175814450527,True,False
2.721,-2.6492769011462323,-2.535498246738399,True,False
2.722,-2.6466067353331515,-2.4397287190051316,True,False
2.723,-2.643345542799971,-2.4828250064850863,True,False
2.724,-2.6394949426267162,-2.4636711009384555,True,False
2.725,-2.6350566839814364,-2.5067673884184103,True,False
2.726,-2.630032645531955,-2.449305671778461,True,False
2.727,-2.624424834829391,-2.454094148165126,True,False
2.728,-2.6182353876636295,-2.430151766231802,True,False
2.729,-2.6114665673909223,-2.2817089982452217,True,False
2.73,-2.6041207642338167,-2.4971904356450807,True,False
2.731,-2.5962004945536137,-2.425363289845137,True,False
2.732,-2.587708400095555,-2.425363289845137,True,False
2.733,-2.578647247206953,-2.4109978606851428,True,False
2.734,-2.569019926028475,-2.4828250064850863,True,False
2.735,-2.558829449658815,-2.3966324315251484,True,False
2.736,-2.5480789532929635,-2.3343822384985344,True,False
2.737,-2.536771693334327,-2.3391707148851992,True,False
2.738,-2.524911046480924,-2.449305671778461,True,False
2.739,-2.512500508785901,-2.2912859510185513,True,False
2.74,-2.4995436946926324,-2.32001680933854,True,False
2.741,-2.4860443360446385,-2.454094148165126,True,False
2.742,-2.4720062810706,-2.492401959258416,True,False
2.743,-2.457433493344725,-2.3391707148851992,True,False
2.744,-2.442330050722739,-2.2050933760586133,True,False
2.745,-2.426700144253783,-2.401420907911813,True,False
2.746,-2.4105480770684857,-2.252978139925233,True,False
2.747,-2.3938782632435065,-2.233824234378602,True,False
2.748,-2.3766952266428407,-2.3295937621118696,True,False
2.749,-2.3590035997361705,-2.272132045471892,True,False
2.75,-2.340808122394576,-2.1284777538719766,True,False
2.751,-2.3221136406639014,-2.085381466392022,True,False
2.7520000000000002,-2.302925105516092,-2.1524201358053006,True,False
2.753,-2.2832475715788063,-2.190727946898619,True,False
2.754,-2.263086195843634,-2.109323848325346,True,False
2.755,-2.2424462363532354,-2.214670328831943,True,False
2.7560000000000002,-2.2213330508677247,-2.166785564965295,True,False
2.757,-2.199752095510636,-2.0758045136186922,True,False
2.758,-2.1777089233948077,-1.9129963164721175,True,False
2.759,-2.1552091832285134,-2.0470736552987034,True,False
2.7600000000000002,-2.132258617902197,-1.8938424109254868,True,False
2.761,-2.108863063056145,-2.104535371938681,True,False
2.762,-2.085028445629456,-1.9225732692454471,True,False
2.763,-2.0607607823906604,-1.8603230762188332,True,False
2.7640000000000002,-2.0360661784503424,-2.0518621316853682,True,False
2.765,-2.0109508257561357,-1.970458033112095,True,False
2.766,-1.9854210015704414,-1.841169170672174,True,False
2.767,-1.9594830669312584,-1.8459576470588388,True,False
2.7680000000000002,-1.933143465096479,-1.865111552605498,True,False
2.769,-1.906408719972031,-1.8794769817654924,True,False
2.77,-1.879285434524246,-1.7023033554589233,True,False
2.771,-1.8517802891768336,-1.77891897764556,True,False
2.7720000000000002,-1.8239000401928387,-1.903419363698788,True,False
2.773,-1.7956515180419799,-1.7023033554589233,True,False
2.774,-1.767041625753746,-1.5730144930190022,True,False
2.775,-1.7380773372566507,-1.6113223041123206,True,False
2.7760000000000002,-1.7087656957040342,-1.601745351338991,True,False
2.777,-1.6791138117868145,-1.6352646860456446,True,False
2.778,-1.6491288620335776,-1.5251297291523827,True,False
2.779,-1.6188180870984195,-1.5873799221789966,True,False
2.7800000000000002,-1.5881887900369331,-1.7453996429389065,True,False
2.781,-1.5572483345707522,-1.3718984847791376,True,False
2.782,-1.5260041433410547,-1.410206295872456,True,False
2.783,-1.4944636961514408,-1.4533025833524107,True,False
2.7840000000000003,-1.4626345282005893,-1.27612895704587,True,False
2.785,-1.4305242283051096,-1.2904943862058644,True,False
2.786,-1.3981404371130062,-1.2713404806592052,True,False
2.787,-1.3654908453081624,-1.0941668543526362,True,False
2.7880000000000003,-1.332583191806269,-1.2473980987258813,True,False
2.789,-1.2994252619426132,-1.1612055237659433,True,False
2.79,-1.266024885652147,-1.146840094605949,True,False
2.791,-1.2323899356422556,-1.0750129488060054,True,False
2.7920000000000003,-1.1985283255586487,-1.098955330739301,True,False
2.793,-1.1644480081447977,-1.0510705668726814,True,False
2.794,-1.1301569733953394,-1.0414936140993518,True,False
2.795,-1.0956632467038747,-1.0223397085526926,True,False
2.7960000000000003,-1.0609748870055835,-1.0223397085526926,False,False
2.797,-1.0260999849150825,-1.0319166613260222,True,False
2.798,-0.9910466608599532,-0.9696664682994083,True,False
2.799,-0.955823063210362,-0.7158772198062309,True,False
2.8000000000000003,-0.9204373664052045,-0.7541850308995208,True,False
2.801,-0.8848977690751951,-0.7206656961928957,True,False
2.802,-0.8492124921633337,-0.749396554512856,True,False
2.803,-0.8133897770431693,-0.5865883573663098,True,False
2.8040000000000003,-0.7774378836352942,-0.5770114045929802,True,False
2.805,-0.7413650885224897,-0.6296846448462929,True,False
2.806,-0.7051796830639514,-0.43814558937972947,True,False
2.807,-0.6688899715090196,-0.47645340047304785,True,False
2.8080000000000003,-0.6325042691108361,-0.3950493018997747,True,False
2.809,-0.5960309002403583,-0.5770114045929802,True,False
2.81,-0.5594781965011478,-0.48124187685971265,True,False
2.811,-0.522854494845359,-0.4142032074464055,True,False
2.8120000000000003,-0.48616813569134976,-0.31364520332647317,True,False
2.813,-0.44942746104333336,-0.5434920698863266,True,False
2.814,-0.41264081261349267,-0.33758758525979715,True,False
2.815,-0.3758165299469753,-0.3854723491264451,True,False
2.816,-0.3389629485501852,-0.20829872281987605,True,False
2.817,-0.30208839802278864,-0.19393329365988166,True,False
2.818,-0.2652012001938479,-0.18914481727321686,True,False
2.819,-0.22830966726249527,-0.1652024353399213,True,False
2.82,-0.19142209994355944,-0.05506747844665938,True,False
2.821,-0.15454678561855353,0.04549052567330136,True,False
2.822,-0.1176919964924316,-0.1364715770199325,True,False
2.823,-0.08086598775652055,-0.0023942381933466095,True,False
2.824,-0.04407699575803069,0.22745262836650681,True,False
2.825,-0.007333236176546194,0.1173176714732449,True,False
2.826,0.029357097792103964,0.17477938811322247,True,False
2.827,0.06598583724419839,0.1364715770199041,True,False
2.828,0.1025448393683035,0.2609719630731604,True,False
2.829,0.13902598923688933,0.41420320744637706,True,False
2.83,0.1754212015889907,0.246606533913166,True,False
2.831,0.2117224226035266,0.3423760616464335,True,False
2.832,0.2479216316628933,0.40941473105971227,True,False
2.833,0.2840108431064488,0.3471645380330983,True,False
2.834,0.31998210797350946,0.524338164339639,True,False
2.835,0.3558275157354836,0.47645340047301943,True,False
2.836,0.39153919601676784,0.42378016021970666,True,False
2.837,0.4271093203040364,0.5147612115663378,True,False
2.838,0.46253010364355734,0.6248961684595997,True,False
2.839,0.4977938063261703,0.5961653101396109,True,False
2.84,0.5328927355595675,0.6009537865262757,True,False
2.841,0.5678192471275193,0.701511790646208,True,False
2.842,0.6025657470356915,0.7302426489661968,True,False
2.843,0.6371246931437057,0.8834738933394135,True,False
2.844,0.6714885967830938,0.8882623697260783,True,False
2.845,0.7056500243608057,0.8547430350194531,True,False
2.846,0.739601598947932,0.8212237003127996,True,False
2.847,0.773336001853305,0.9122047516594023,True,False
2.848,0.8068459741816476,0.9840318974593458,True,False
2.849,0.8401243183759437,0.9457240863660559,True,False
2.85,0.8731638997437049,0.9792434210727095,True,False
2.851,0.905957647966818,1.0223397085526642,True,False
2.852,0.9384985585946538,1.1228977126725965,True,False
2.853,0.9707796945201314,1.0702244724193122,True,False
2.854,1.0027941874384274,1.1181092362859317,True,False
2.855,1.0345352392880325,1.1276861890592613,True,False
2.856,1.0659961236738524,1.0989553307392725,True,False
2.857,1.0971701872720663,1.1659940001525797,True,False
2.858,1.1280508512164487,1.3192252445258248,True,False
2.859,1.1586316124658742,1.2138787640191993,True,False
2.86,1.1889060451527267,1.4341486778057515,True,False
2.861,1.2188678019119328,1.35274457923245,True,False
2.862,1.2485106151903589,1.2713404806591768,True,False
2.863,1.277828298536296,1.4676680125123767,True,False
2.864,1.3068147478687828,1.4102062958724275,True,False
2.865,1.335463942726505,1.529918205539019,True,False
2.866,1.3637699474960212,1.6544185915922753,True,False
2.867,1.3917269126190759,1.6304762096589513,True,False
2.868,1.419329075778751,1.5203412527656894,True,False
2.869,1.4465707630642268,1.5778029694056386,True,False
2.87,1.4734463901139234,1.616110780498957,True,False
2.871,1.4999504632367908,1.7549765957122077,True,False
2.872,1.5260775805115379,1.6544185915922753,True,False
2.873,1.5518224328635775,1.69751487907223,True,False
2.874,1.5771798051194872,1.663995544365605,True,False
2.875,1.602144577038772,1.8890539345387936,True,False
2.876,1.626711724322745,1.769342024872202,True,False
2.8770000000000002,1.650876319600317,1.9082078400854243,True,False
2.878,1.674633533390524,1.7166687846188893,True,False
2.879,1.6979786350415977,1.8938424109254584,True,False
2.88,1.7209069936464139,1.8172267887388216,True,False
2.8810000000000002,1.743414078934139,1.8028613595788272,True,False
2.882,1.7654954621379195,1.9129963164720891,True,False
2.883,1.7871468168384432,1.9273617456320835,True,False
2.884,1.8083639197832329,1.965669556725402,True,False
2.8850000000000002,1.8291426516815115,1.9991888914320555,True,False
2.886,1.8494789979745052,2.0327082261386806,True,False
2.887,1.8693690495810467,1.8507461234454752,True,False
2.888,1.888809003618341,1.8986308873121231,True,False
2.8890000000000002,1.9077951640977828,2.1236892774853118,True,False
2.89,1.926323942595691,2.1476316594186073,True,False
2.891,1.944391858898858,1.9991888914320555,True,False
2.892,1.961995541624802,1.9082078400854243,True,False
2.8930000000000002,1.9791317288166212,2.1380547066452777,True,False
2.894,1.9957972685123566,2.114112324711982,True,False
2.895,2.0119891192887676,2.157208612191937,True,False
2.896,2.0277043507794414,2.0374967025253454,True,False
2.8970000000000002,2.042940144167164,2.205093376058585,True,False
2.898,2.0576937926504635,2.2817089982451932,True,False
2.899,2.071962701884274,2.286497474631858,True,False
2.9,2.0857443903946615,2.3008629037918524,True,False
2.9010000000000002,2.0990364899675433,2.1859394705119257,True,False
2.902,2.1118367460113645,2.339170714885171,True,False
2.903,2.124143017893686,2.157208612191937,True,False
2.904,2.135953279251647,2.2194588052185793,True,False
2.9050000000000002,2.1472656182762675,2.1715740413519313,True,False
2.906,2.1580782379705767,2.205093376058585,True,False
2.907,2.168389456381534,2.1380547066452777,True,False
2.908,2.178197706805744,2.2721320454718636,True,False
2.9090000000000003,2.1875015379689486,2.267343569085199,True,False
2.91,2.196299614179297,2.3056513801785172,True,False
2.911,2.204590715454403,2.291285951018523,True,False
2.912,2.2123737376221966,2.3487476676585004,True,False
2.9130000000000003,2.2196476923955863,2.5450751995117002,True,False
2.914,2.226411707420955,2.2721320454718636,True,False
2.915,2.232665026300519,2.420574813458444,True,False
2.916,2.2384070085885845,2.310439856565182,True,False
2.9170000000000003,2.2436371297617383,2.2577666163118693,True,False
2.918,2.2483549811630223,2.3008629037918524,True,False
2.919,2.2525602699201395,2.267343569085199,True,False
2.92,2.2562528188377566,2.3200168093385116,True,False
2.9210000000000003,2.259432566263954,2.2577666163118693,True,False
2.922,2.262099565930902,2.420574813458444,True,False
2.923,2.264253986769834,2.4109978606851143,True,False
2.924,2.2658961127003994,2.420574813458444,True,False
2.9250000000000003,2.2670263423944728,2.315228332951847,True,False
2.926,2.267645189014528,2.5450751995117002,True,False
2.927,2.267753279926652,2.2481896635385397,True,False
2.928,2.267351356388325,2.4971904356450523,True,False
2.9290000000000003,2.2664402732110527,2.329593762111841,True,False
2.93,2.2650209983979788,2.463671100938427,True,False
2.931,2.263094612756592,2.4971904356450523,True,False
2.932,2.2606623094866527,2.420574813458444,True,False
2.9330000000000003,2.2577253937434647,2.3822670023651256,True,False
2.934,2.2542852821766353,2.3822670023651256,False,False
2.935,2.2503435024444562,2.176362517738596,True,False
2.936,2.245901692704061,2.353536144045165,True,False
2.9370000000000003,2.2409616010774918,2.372690049591796,True,False
2.938,2.235525085093855,2.2721320454718636,True,False
2.939,2.229594111107711,2.4062093842984495,True,False
2.94,2.2231707536938674,2.3487476676585004,True,False
2.9410000000000003,2.216257195018747,2.3056513801785172,True,False
2.942,2.208855724188518,2.3200168093385116,True,False
2.943,2.2009687365741426,2.224247281605244,True,False
2.944,2.192598733113563,2.3631130968184664,True,False
2.945,2.183748319591187,2.415786337071779,True,False
2.946,2.174420205894885,2.372690049591796,True,False
2.947,2.164617205250697,2.372690049591796,False,False
2.948,2.1543422334354507,2.2529781399252045,True,False
2.949,2.143598307967506,2.2769205218585284,True,False
2.95,2.132388547275837,2.1859394705119257,True,False
2.951,2.1207161698476718,2.2146703288319145,True,False
2.952,2.108584493354914,2.094958419165323,True,False
2.953,2.095996933759576,2.2338242343785737,True,False
2.954,2.0829570043984518,2.118900801098647,True,False
2.955,2.069468315047273,2.229035757991909,True,False
2.956,2.0555345709645807,2.2529781399252045,True,False
2.957,2.0411595719155677,2.2194588052185793,True,False
2.958,2.026347211176135,2.1619970885786017,True,False
2.959,2.0111014745174156,2.152420135805272,True,False
2.96,1.995426439171027,2.1093238483253174,True,False
2.961,1.97932627277531,1.9896119386587259,True,False
2.962,1.9628052323028242,2.0614390844586694,True,False
2.963,1.9458676629693625,2.023131273365351,True,False
2.964,1.9285179971247637,2.05186213168534,True,False
2.965,1.9107607531257973,1.9944004150453907,True,False
2.966,1.8926005341913992,1.9560926039520723,True,False
2.967,1.8740420272405478,1.8746885053787992,True,False
2.968,1.8550900017130598,2.008765844205385,True,False
2.969,1.8357493083736027,1.85553459983214,True,False
2.97,1.816024878099216,1.9800349858853963,True,False
2.971,1.7959217206506377,1.8411691706721456,True,False
2.972,1.7754449234277363,1.9800349858853963,True,False
2.973,1.7545996502093555,1.8986308873121231,True,False
2.974,1.733391139877873,1.9704580331120667,True,False
2.975,1.711824705128788,1.8651115526054696,True,False
2.976,1.6899057311656445,1.8938424109254584,True,False
2.977,1.6676396743806137,1.8172267887388216,True,False
2.978,1.6450320610210443,1.6687840207522697,True,False
2.979,1.622088485842307,1.7501881193255429,True,False
2.98,1.5988146107472598,1.6544185915922753,True,False
2.981,1.575216163412651,1.7118803082322245,True,False
2.982,1.5512989359027949,1.831592217898816,True,False
2.983,1.5270687832708514,1.5873799221789682,True,False
2.984,1.5025316221480371,1.5442836346990134,True,False
2.985,1.4776934293211097,1.6256877332722866,True,False
2.986,1.4525602402984576,1.5347066819256838,True,False
2.987,1.427138147865138,1.640053162432281,True,False
2.988,1.4014333006272022,1.5969568749522978,True,False
2.989,1.3754519015456548,1.5969568749522978,True,False
2.99,1.3492002064603883,1.5969568749522978,False,False
2.991,1.3226845226044406,1.4341486778057515,True,False
2.992,1.2959112071089274,1.5586490638589794,True,False
2.993,1.268886665498994,1.4054178194857627,True,False
2.994,1.2416173501811458,1.4868219180590359,True,False
2.995,1.2141097589222996,1.3335906736857908,True,False
2.996,1.1863704333209224,1.3479561028457852,True,False
2.997,1.1584059572706036,1.505975823605695,True,False
2.998,1.1302229554164214,1.242609622339188,True,False
2.999,1.1018280916044632,1.1228977126725965,True,False
3.0,1.073228067324853,1.1037438071259373,True,False
3.001,1.0444296201486525,1.0175512321659994,True,False
3.0020000000000002,1.0154395221589905,1.1228977126725965,True,False
3.003,0.9862645783767863,1.0702244724193122,True,False
3.004,0.9569116251814263,1.0414936140993234,True,False
3.005,0.9273875287267586,1.0845899015793066,True,False
3.0060000000000002,0.897699183352767,0.9409356099793911,True,False
3.007,0.8678535099932891,0.9505125627527207,True,False
3.008,0.8378574545801407,1.0127627557793346,True,False
3.009,0.8077179864440149,1.1181092362859317,True,False
3.0100000000000002,0.7774420967125143,0.787704365606146,True,False
3.011,0.7470367967056851,0.7063002670328729,True,False
3.012,0.7165091163294174,0.9888203738460106,True,False
3.013,0.685866102467072,0.7829158892194812,True,False
3.0140000000000002,0.6551148173697044,0.8403776058594588,True,False
3.015,0.6242623370452443,0.6967233142595433,True,False
3.016,0.5933157496469975,0.8020697947661404,True,False
3.017,0.562282153861832,0.8020697947661404,True,False
3.0180000000000002,0.5311686572984127,0.5961653101396109,True,False
3.019,0.4999823748758453,0.7829158892194812,True,False
3.02,0.468730427213092,0.6105307392996053,True,False
3.021,0.43741993901952014,0.6440500740062305,True,False
3.0220000000000002,0.4060580374869432,0.32322215609977434,True,False
3.023,0.3746518506835138,0.3902608255130815,True,False
3.024,0.3432085059498274,0.486030353246349,True,False
3.025,0.3117351282975931,0.3758953963530871,True,False
3.0260000000000002,0.28023883881122874,0.3758953963530871,False,False
3.027,0.24872675305273442,0.3711069199664223,True,False
3.028,0.2172059794701985,0.2370295811398364,True,False
3.029,0.1856836178102888,0.19872177004651803,True,False
3.0300000000000002,0.15416675753507914,0.29449129777978555,True,False
3.031,0.12266247624356154,0.31364520332644474,True,False
3.032,0.09117783809819112,0.1125291950865801,True,False
3.033,0.059719892256810674,0.059855954833295755,True,False
3.0340000000000003,0.028295671310298767,0.21787567559317722,True,False
3.035,-0.003087810273715583,-0.031125096513335393,True,False
3.036,-0.03442355770073089,0.03112509651330697,True,False
3.037,-0.06570459739250517,0.05506747844663096,True,False
3.0380000000000003,-0.0969239785231049,0.1173176714732449,True,False
3.039,-0.1280747745475364,0.03591357289997177,True,False
3.04,-0.15915008472262665,-0.06943290760662535,True,False
3.041,-0.1901430356198241,-0.1508370061799269,True,False
3.0420000000000003,-0.2210467826295902,-0.07422138399329015,True,False
3.043,-0.2518545114570575,-0.31364520332647317,True,False
3.044,-0.2825594396086296,-0.09337528953994934,True,False
3.045,-0.31315481786920407,-0.1508370061799269,True,False
3.0460000000000003,-0.3436339317696981,-0.19393329365988166,True,False
3.047,-0.3739901030445637,-0.22745262836653524,True,False
3.048,-0.4042166910789782,-0.32322215609980276,True,False
3.049,-0.4343070943454005,-0.36152996719312114,True,False
3.0500000000000003,-0.46425475182918696,-0.35195301441979154,True,False
3.051,-0.4940531444429618,-0.30885672693980837,True,False
3.052,-0.5236957964294396,-0.22266415197987044,True,False
3.053,-0.5531762767524069,-0.48124187685971265,True,False
3.0540000000000003,-0.5824882004755604,-0.49560730601970704,True,False
3.055,-0.6116252301289165,-0.5722229282063154,True,False
3.056,-0.6405810770625003,-0.46208797131305346,True,False
3.057,-0.6693495027870296,-0.5626459754329858,True,False
3.0580000000000003,-0.6979243203013116,-0.47166492408638305,True,False
3.059,-0.7262993954060744,-0.49560730601970704,True,False
3.06,-0.7544686480039579,-0.77333893644618,True,False
3.061,-0.7824260533853924,-0.3902608255131099,True,False
3.0620000000000003,-0.8101656435000975,-0.3902608255131099,False,False
3.063,-0.8376815082139362,-0.7877043656061744,True,False
3.064,-0.8649677965508646,-0.6775694087129125,True,False
3.065,-0.8920187179197188,-0.6823578850995773,True,False
3.0660000000000003,-0.9188285433255879,-0.9361471335927547,True,False
3.067,-0.945391606565522,-0.8882623697261067,True,False
3.068,-0.9717023054083312,-0.8164352239261632,True,False
3.069,-0.9977551027582332,-0.9983973266193686,True,False
3.0700000000000003,-1.0235445278021125,-0.9074162752727659,True,False
3.071,-1.0490651771401585,-0.988820373846039,True,False
3.072,-1.0743117158996525,-1.0414936140993518,True,False
3.073,-1.0992788788316774,-0.9744549446860731,True,False
3.074,-1.1239614713905306,-1.0750129488060054,True,False
3.075,-1.1483543707956252,-1.1372631418326193,True,False
3.076,-1.1724525270756614,-1.1276861890592897,True,False
3.077,-1.1962509640948653,-1.0941668543526362,True,False
3.078,-1.2197447805610897,-1.0654359960326758,True,False
3.079,-1.2429291510155753,-1.2090902876325629,True,False
3.08,-1.26579932680418,-1.1276861890592897,True,False
3.081,-1.2883506370298847,-1.1372631418326193,True,False
3.082,-1.31057848948639,-1.1516285709926137,True,False
3.083,-1.3324783715726198,-1.1995133348592617,True,False
3.084,-1.3540458511879592,-1.2665520042725404,True,False
3.085,-1.3752765776080504,-1.3192252445258532,True,False
3.086,-1.3961662823409804,-1.4293602014191151,True,False
3.087,-1.4167107799636978,-1.2138787640192277,True,False
3.088,-1.4369059689384989,-1.194724858472597,True,False
3.089,-1.4567478324094325,-1.2857059098191996,True,False
3.09,-1.4762324389784687,-1.3766869611658024,True,False
3.091,-1.4953559434612942,-1.410206295872456,True,False
3.092,-1.5141145876225903,-1.2904943862058644,True,False
3.093,-1.5325047008906592,-1.3431676264591488,True,False
3.094,-1.5505227010512732,-1.362321532005808,True,False
3.095,-1.5681650949206152,-1.3910523903257968,True,False
3.096,-1.5854284789971966,-1.5347066819257122,True,False
3.097,-1.6023095400926324,-1.4293602014191151,True,False
3.098,-1.6188050559411704,-1.43414867780578,True,False
3.099,-1.6349118957878601,-1.5921683985656614,True,False
3.1,-1.6506270209552687,-1.491610394445729,True,False
3.101,-1.6659474853886451,-1.6831494499122641,True,False
3.102,-1.6808704361794435,-1.4868219180590643,True,False
3.103,-1.6953931140671206,-1.577802969405667,True,False
3.104,-1.7095128539191233,-1.7166687846189177,True,False
3.105,-1.7232270851889993,-1.5251297291523827,True,False
3.106,-1.7365333323525511,-1.5490721110857066,True,False
3.107,-1.749429215321975,-1.6208992568856502,True,False
3.108,-1.761912449837922,-1.6352646860456446,True,False
3.109,-1.7739808478394268,-1.5921683985656614,True,False
3.11,-1.7856323178116535,-1.6304762096589798,True,False
3.111,-1.7968648651114127,-1.5825914457923318,True,False
3.112,-1.8076765922704163,-1.5969568749523262,True,False
3.113,-1.8180656992762243,-1.6161107804989854,True,False
3.114,-1.8280304838308616,-1.6065338277256558,True,False
3.115,-1.8375693415870815,-1.8076498359655204,True,False
3.116,-1.8466807663622464,-1.6975148790722585,True,False
3.117,-1.8553633503298277,-1.7358226901655769,True,False
3.118,-1.863615784188495,-1.8028613595788556,True,False
3.119,-1.871436857308807,-1.77891897764556,True,False
3.12,-1.8788254578574977,-1.7358226901655769,True,False
3.121,-1.8857805728993642,-1.8459576470588388,True,False
3.122,-1.892301288476762,-1.7166687846189177,True,False
3.123,-1.8983867896667377,-1.81722678873885,True,False
3.124,-1.9040363606158017,-1.951304127565436,True,False
3.125,-1.90924938455238,-1.7884959304188612,True,False
3.126,-1.9140253437769688,-1.6831494499122641,True,False
3.1270000000000002,-1.9183638196300323,-1.7597650720989009,True,False
3.128,-1.9222644924376784,-1.8315922178988444,True,False
3.129,-1.9257271414351629,-1.9560926039521007,True,False
3.13,-1.9287516446682738,-1.8315922178988444,True,False
3.1310000000000002,-1.9313379788726401,-1.8938424109254868,True,False
3.132,-1.9334862193310443,-1.865111552605498,True,False
3.133,-1.9351965397087822,-1.8842654581521572,True,False
3.134,-1.9364692118671565,-1.6544185915923038,True,False
3.1350000000000002,-1.937304605655173,-1.8938424109254868,True,False
3.136,-1.937703188679516,-1.8268037415121796,True,False
3.137,-1.9376655260528892,-1.8986308873121231,True,False
3.138,-1.9371922801208172,-1.7597650720989009,True,False
3.1390000000000002,-1.93628421016699,-1.7597650720989009,True,False
3.14,-1.9349421720972568,-1.841169170672174,True,False
3.141,-1.9331671181023735,-1.7645535484855657,True,False
3.142,-1.9309600962996012,-1.731034213778912,True,False
3.1430000000000002,-1.9283222503532822,-1.865111552605498,True,False
3.144,-1.9252548190744998,-1.8220152651255148,True,False
3.145,-1.9217591359999446,-1.7980728831921908,True,False
3.146,-1.9178366289501199,-1.7597650720989009,True,False
3.1470000000000002,-1.9134888195670086,-1.9369386984054415,True,False
3.148,-1.9087173228313388,-1.8986308873121231,True,False
3.149,-1.9035238465595907,-1.8028613595788556,True,False
3.15,-1.8979101908808824,-1.77891897764556,True,False
3.1510000000000002,-1.89187824769389,-1.7837074540321964,True,False
3.152,-1.8854300001039412,-1.8699000289921628,True,False
3.153,-1.8785675218404574,-1.6783609735255993,True,False
3.154,-1.8712929766548851,-1.8124383123521852,True,False
3.1550000000000002,-1.863608617699296,-1.601745351338991,True,False
3.156,-1.8555167868858167,-1.8507461234455036,True,False
3.157,-1.8470199142270618,-1.77891897764556,True,False
3.158,-1.8381205171577497,-1.77891897764556,True,False
3.1590000000000003,-1.828821199837683,-1.6544185915923038,True,False
3.16,-1.8191246524362685,-1.601745351338991,True,False
3.161,-1.8090336503987798,-1.687937926298929,True,False
3.162,-1.7985510536945417,-1.6448416388189742,True,False
3.1630000000000003,-1.787679806047242,-1.7358226901655769,True,False
3.164,-1.7764229341475646,-1.6783609735255993,True,False
3.165,-1.76478354684835,-1.5921683985656614,True,False
3.166,-1.7527648343424902,-1.6304762096589798,True,False
3.1670000000000003,-1.7403700673237688,-1.7358226901655769,True,False
3.168,-1.727602596130858,-1.43414867780578,True,False
3.169,-1.714465849874696,-1.4628795361257403,True,False
3.17,-1.7009633355494589,-1.4820334416723995,True,False
3.1710000000000003,-1.6870986371273546,-1.5730144930190022,True,False
3.172,-1.6728754146374705,-1.4245717250324503,True,False
3.173,-1.6582974032288988,-1.4245717250324503,True,False
3.174,-1.6433684122183787,-1.3814754375524672,True,False
3.1750000000000003,-1.6280923241226894,-1.443725630579081,True,False
3.176,-1.6124730936760394,-1.539495158312377,True,False
3.177,-1.5965147468326872,-1.43414867780578,True,False
3.178,-1.5802213797550506,-1.3288021972991544,True,False
3.1790000000000003,-1.563597157787543,-1.3288021972991544,False,False
3.18,-1.5466463144163958,-1.4293602014191151,True,False
3.181,-1.5293731502157217,-1.4389371541924163,True,False
3.182,-1.5117820317800705,-1.3527445792324784,True,False
3.1830000000000003,-1.4938773906437446,-1.2617635278858756,True,False
3.184,-1.4756637221871343,-1.2952828625925292,True,False
3.185,-1.457145584530335,-1.3671100083924728,True,False
3.186,-1.4383275974143201,-1.491610394445729,True,False
3.1870000000000003,-1.4192144410699379,-1.2569750514992108,True,False
3.188,-1.399810855074998,-1.2809174334325348,True,False
3.189,-1.3801216371997351,-1.3575330556191432,True,False
3.19,-1.3601516422409163,-1.2617635278858756,True,False
3.1910000000000003,-1.339905780844875,-1.2809174334325348,True,False
3.192,-1.3193890183197525,-1.2330326695658869,True,False
3.193,-1.298606373437232,-1.0750129488060054,True,False
3.194,-1.2775629172240461,-1.2378211459525517,True,False
3.1950000000000003,-1.2562637717435503,-1.0510705668726814,True,False
3.196,-1.2347141088676448,-1.122897712672625,True,False
3.197,-1.212919149039342,-1.098955330739301,True,False
3.198,-1.1908841600262672,-1.1420516182192841,True,False
3.1990000000000003,-1.1686144556653868,-1.1324746654459545,True,False
3.2,-1.146115394599263,-1.1612055237659433,True,False
3.201,-1.123392379004126,-0.9169932280460955,True,False
3.202,-1.1004508533100679,-0.9840318974593742,True,False
3.203,-1.077296302913654,-0.9792434210727095,True,False
3.204,-1.053934252883252,-0.8595315114061464,True,False
3.205,-1.0303702666573848,-0.988820373846039,True,False
3.206,-1.0066099447364065,-0.7924928419928392,True,False
3.207,-0.9826589233678061,-0.8643199877927827,True,False
3.208,-0.9585228732254468,-0.8978393224994363,True,False
3.209,-0.9342074980830436,-0.8882623697261067,True,False
3.21,-0.9097185334821869,-0.821223700312828,True,False
3.211,-0.885061745395222,-0.7398196017395549,True,False
3.212,-0.86024292888329,-0.7541850308995208,True,False
3.213,-0.835267906749841,-0.557857499046321,True,False
3.214,-0.8101425281899262,-0.6009537865263042,True,False
3.215,-0.7848726674355837,-0.7589735072861856,True,False
3.216,-0.7594642223976247,-0.5865883573663098,True,False
3.217,-0.7339231133041305,-0.7206656961928957,True,False
3.218,-0.7082552813359753,-0.5147612115663662,True,False
3.219,-0.6824666872596805,-0.5913768337529746,True,False
3.22,-0.6565633100579177,-0.6009537865263042,True,False
3.221,-0.6305511455579664,-0.5003957824063718,True,False
3.222,-0.6044362050584423,-0.557857499046321,True,False
3.223,-0.5782245139546042,-0.294491297779814,True,False
3.224,-0.5519221103625526,-0.45729949492638866,True,False
3.225,-0.525535043742631,-0.32322215609980276,True,False
3.226,-0.4990693735223395,-0.3806838727397803,True,False
3.227,-0.47253116771907056,-0.2897028213931492,True,False
3.228,-0.4459265015629805,-0.3902608255131099,True,False
3.229,-0.419261456120301,-0.4333571129930647,True,False
3.23,-0.39254211691740326,-0.23224110475320003,True,False
3.231,-0.36577457256592155,-0.35195301441979154,True,False
3.232,-0.3389649133892434,-0.2849143450065128,True,False
3.233,-0.31211923005067427,-0.24660653391319443,True,False
3.234,-0.2852436121835821,-0.07900986037995494,True,False
3.235,-0.2583441470238255,-0.08858681315328454,True,False
3.236,-0.2314269180447726,-0.256183486686524,True,False
3.237,-0.20449800359521003,-0.07422138399329015,True,False
3.238,-0.17756347554044657,0.021548143739977377,True,False
3.239,-0.15062939790691146,-0.07900986037995494,True,False
3.24,-0.12370182553054569,-0.23224110475320003,True,False
3.241,-0.09678680270928683,-0.026336620126670596,True,False
3.242,-0.06989036185994127,0.05027900205996616,True,False
3.243,-0.04301852217974231,-0.04070204928666499,True,False
3.244,-0.016177288312885597,0.03591357289997177,True,False
3.245,0.010627350977664476,0.040702049286636566,True,False
3.246,0.03738942413280706,0.16999091172655767,True,False
3.247,0.06410297811408694,0.08379833676659132,True,False
3.248,0.09076207971433871,0.1221061478599097,True,False
3.249,0.11736081686190818,0.29927977416645035,True,False
3.25,0.14389329991816682,0.2418180575265012,True,False
3.251,0.17035366296803792,0.2897028213931492,True,False
3.2520000000000002,0.1967360651032547,0.31364520332644474,True,False
3.253,0.22303469169807286,0.246606533913166,True,False
3.254,0.24924375567716198,0.43335711299303625,True,False
3.255,0.275357498775402,0.29927977416645035,True,False
3.2560000000000002,0.301370192789315,0.2849143450064844,True,False
3.257,0.3272761408198614,0.45729949492636024,True,False
3.258,0.35306967850633647,0.44772254215303064,True,False
3.259,0.37874517525110096,0.46687644769968983,True,False
3.2600000000000002,0.40429703543488554,0.6105307392996053,True,False
3.261,0.42971969962240975,0.46687644769968983,True,False
3.262,0.4550076457580583,0.6919348378728785,True,False
3.263,0.48015539035136146,0.548280546272963,True,False
3.2640000000000002,0.5051574896520283,0.7350311253528616,True,False
3.265,0.5300085408142834,0.5674344518196222,True,False
3.266,0.5547031830502628,0.6344731212329293,True,False
3.267,0.5792360987722243,0.8978393224994079,True,False
3.2680000000000002,0.6036020147233346,0.7924928419928108,True,False
3.269,0.6277957030967932,0.6392615976195657,True,False
3.27,0.6518119826430616,0.6871463614862137,True,False
3.271,0.6756457197649649,0.8260121766994644,True,False
3.2720000000000002,0.699291829600439,0.8930508461127431,True,False
3.273,0.7227452770926973,0.8834738933394135,True,False
3.274,0.7460010780475962,0.81164674753947,True,False
3.275,0.7690543001779805,0.81164674753947,True,False
3.2760000000000002,0.791900064134793,0.9313586572060615,True,False
3.277,0.8145335445247371,1.003185803006005,True,False
3.278,0.8369499709142828,0.9744549446860447,True,False
3.279,0.8591446288198117,0.9696664682993799,True,False
3.2800000000000002,0.8811128606836995,0.8786854169527487,True,False
3.281,0.9028500668361347,1.113320759899267,True,False
3.282,0.9243517064424847,0.8930508461127431,True,False
3.283,0.9456132984360096,0.9409356099793911,True,False
3.2840000000000003,0.9666304224357446,1.185147905699239,True,False
3.285,0.9873987196493607,1.113320759899267,True,False
3.286,1.0079138937608252,0.9648779919127151,True,False
3.287,1.0281717118026863,1.0223397085526642,True,False
3.2880000000000003,1.0481680050128073,1.2857059098191712,True,False
3.289,1.0678986696753818,1.3048598153658304,True,False
3.29,1.0873596679460626,1.2713404806591768,True,False
3.291,1.1065470286610481,1.1947248584725685,True,False
3.2920000000000003,1.1254568481299594,1.2569750514991824,True,False
3.293,1.1440852909123624,1.1995133348592333,True,False
3.294,1.1624285905777807,1.204301811245898,True,False
3.295,1.1804830504490536,1.3958408667124331,True,False
3.2960000000000003,1.1982450443288986,1.3575330556191147,True,False
3.297,1.2157110172095373,1.328802197299126,True,False
3.298,1.2328774859652545,1.3814754375524387,True,False
3.299,1.2497410400277558,1.3048598153658304,True,False
3.3000000000000003,1.2662983420442022,1.2090902876325629,True,False
3.301,1.2825461285177966,1.4485141069657175,True,False
3.302,1.2984812104308043,1.3814754375524387,True,False
3.303,1.3141004738498976,1.5107642999923598,True,False
3.3040000000000003,1.3294008805137094,1.5203412527656894,True,False
3.305,1.3443794684024928,1.6017453513389626,True,False
3.306,1.3590333522897888,1.31443676813916,True,False
3.307,1.3733597242759987,1.505975823605695,True,False
3.3080000000000003,1.3873558543037725,1.5586490638589794,True,False
3.309,1.4010190906551248,1.5347066819256838,True,False
3.31,1.414346860430191,1.592168398565633,True,False
3.311,1.4273366700075478,1.5394951583123486,True,False
3.3120000000000003,1.439986105486017,1.6065338277256274,True,False
3.313,1.4522928331078857,1.5634375402456442,True,False
3.314,1.464254599663474,1.5969568749522978,True,False
3.315,1.4758692328769842,1.6065338277256274,True,False
3.3160000000000003,1.48713464177358,1.6496301152056105,True,False
3.317,1.4980488170276327,1.5347066819256838,True,False
3.318,1.5086098312920906,1.3958408667124331,True,False
3.319,1.5188158395089224,1.5394951583123486,True,False
3.3200000000000003,1.528665079200597,1.6352646860456161,True,False
3.321,1.5381558707425564,1.7358226901655485,True,False
3.322,1.5472866176166562,1.7166687846188893,True,False
3.323,1.5560558066455388,1.5634375402456442,True,False
3.3240000000000003,1.5644620082079195,1.6065338277256274,True,False
3.325,1.5725038764347652,1.663995544365605,True,False
3.326,1.580180149386346,1.7645535484855372,True,False
3.327,1.587489649210155,1.7262457373922189,True,False
3.3280000000000003,1.5944312822796858,1.663995544365605,True,False
3.329,1.6010040393140637,1.7501881193255429,True,False
3.33,1.6072069954785373,1.678360973525571,True,False
3.331,1.613039310465831,1.7501881193255429,True,False
3.332,1.618500228558373,1.7023033554588949,True,False
3.333,1.6235890786714124,1.6544185915922753,True,False
3.334,1.6283052743770412,1.7884959304188328,True,False
3.335,1.632648313909153,1.8603230762188048,True,False
3.336,1.6366177801493507,1.807649835965492,True,False
3.337,1.6402133405938546,1.663995544365605,True,False
3.338,1.6434347473014286,1.7406111665522133,True,False
3.339,1.646281836822377,1.8220152651254864,True,False
3.34,1.6487545301086481,1.7980728831921624,True,False
3.341,1.6508528324051017,1.7501881193255429,True,False
3.342,1.6525768331219821,1.7310342137788837,True,False
3.343,1.6539267056886655,1.5873799221789682,True,False
3.344,1.6549027073887324,1.8459576470588104,True,False
3.345,1.6555051791764375,1.7980728831921624,True,False
3.346,1.6557345454746408,1.5873799221789682,True,False
3.347,1.655591313954277,1.7645535484855372,True,False
3.348,1.6550760752954408,1.8699000289921344,True,False
3.349,1.6541895029301628,1.721457261005554,True,False
3.35,1.6529323527669697,1.6687840207522697,True,False
3.351,1.651305462897315,1.7023033554588949,True,False
3.352,1.6493097532839698,1.69751487907223,True,False
3.353,1.646946225431475,1.8842654581521288,True,False
3.354,1.6442159620387569,1.8986308873121231,True,False
3.355,1.641120126634005,1.7932844068054976,True,False
3.356,1.6376599631919269,1.6448416388189457,True,False
3.357,1.6338367957334898,1.721457261005554,True,False
3.358,1.6296520279082654,1.8411691706721456,True,False
3.359,1.625107142559498,1.7070918318455597,True,False
3.36,1.6202037012720198,1.879476981765464,True,False
3.361,1.614943343903139,1.8124383123521568,True,False
3.362,1.6093277880966375,1.879476981765464,True,False
3.363,1.6033588287800031,1.6017453513389626,True,False
3.364,1.597038337645044,1.745399642938878,True,False
3.365,1.5903682626120217,1.85553459983214,True,False
3.366,1.5833506272774467,1.6879379262989005,True,False
3.367,1.5759875303456918,1.7837074540321964,True,False
3.368,1.5682811450445695,1.7406111665522133,True,False
3.369,1.5602337185250283,1.5347066819256838,True,False
3.37,1.5518475712451316,1.5825914457923034,True,False
3.371,1.543125096338478,1.5873799221789682,True,False
3.372,1.534068758967227,1.6352646860456161,True,False
3.373,1.524681095659904,1.678360973525571,True,False
3.374,1.5149647136341478,1.6208992568856218,True,False
3.375,1.5049222901045856,1.5969568749522978,True,False
3.376,1.494556571576005,1.7023033554588949,True,False
3.3770000000000002,1.483870373122007,1.7789189776455316,True,False
3.378,1.4728665776493268,1.4341486778057515,True,False
3.379,1.4615481351480026,1.7310342137788837,True,False
3.38,1.449918061927591,1.5730144930189738,True,False
3.3810000000000002,1.4379794398396106,1.5634375402456442,True,False
3.382,1.4257354154864226,1.7023033554588949,True,False
3.383,1.413189199416733,1.5442836346990134,True,False
3.384,1.400344065307929,1.568226016632309,True,False
3.3850000000000002,1.3872033491354427,1.5778029694056386,True,False
3.386,1.373770448329359,1.3575330556191147,True,False
3.387,1.3600488209184662,1.3718984847791091,True,False
3.388,1.3460419846619691,1.4868219180590359,True,False
3.3890000000000002,1.3317535161690721,1.35274457923245,True,False
3.39,1.3171870500066514,1.4485141069657175,True,False
3.391,1.302346277795235,1.3335906736857908,True,False
3.392,1.2872349472935096,1.3335906736857908,True,False
3.3930000000000002,1.2718568614715788,1.328802197299126,True,False
3.394,1.256215877573197,1.5203412527656894,True,False
3.395,1.2403159061672082,1.4102062958724275,True,False
3.396,1.2241609101884143,1.2521865751125176,True,False
3.3970000000000002,1.2077549039681117,1.2521865751125176,False,False
3.398,1.1911019522545225,1.3431676264591204,True,False
3.399,1.1742061692233616,1.3096482917524952,True,False
3.4,1.1570717174787706,1.185147905699239,True,False
3.4010000000000002,1.1397028070448658,1.266552004272512,True,False
3.402,1.1221036943481324,1.3431676264591204,True,False
3.403,1.1042786811909135,1.0941668543526362,True,False
3.404,1.0862321137162354,1.2617635278858472,True,False
3.4050000000000002,1.0679683813642151,1.1420516182192557,True,False
3.406,1.0494919158202993,1.3000713389791656,True,False
3.407,1.0308071899555804,1.218667240405864,True,False
3.408,1.0119187167594415,1.290494386205836,True,False
3.4090000000000003,0.9928310482647807,1.0223397085526642,True,False
3.41,0.9735487744660718,1.0941668543526362,True,False
3.411,0.9540765222305061,1.0845899015793066,True,False
3.412,0.9344189542024829,0.9888203738460106,True,False
3.4130000000000003,0.9145807677016922,0.9457240863660559,True,False
3.414,0.8945666936150584,0.8930508461127431,True,False
3.415,0.8743814952827926,0.7733389364461516,True,False
3.416,0.8540299673788242,0.8499545586327883,True,False
3.4170000000000003,0.8335169347858606,1.0079742793926698,True,False
3.418,0.8128472514653445,0.8403776058594588,True,False
3.419,0.7920257993225661,0.8451660822461236,True,False
3.42,0.7710574870671945,0.8308006530861292,True,False
3.4210000000000003,0.7499472490694888,0.9074162752727375,True,False
3.422,0.7287000442124578,0.8451660822461236,True,False
3.423,0.7073208547402257,0.8451660822461236,False,False
3.424,0.6858146851028735,0.8308006530861292,True,False
3.4250000000000003,0.6641865607980187,0.8451660822461236,True,False
3.426,0.6424415272094002,0.7158772198062024,True,False
3.427,0.6205846484427318,0.6967233142595433,True,False
3.428,0.5986210061590919,0.6823578850995489,True,False
3.4290000000000003,0.5765556984061153,0.7685504600594868,True,False
3.43,0.5543938384472525,0.7110887434195376,True,False
3.431,0.5321405535893624,0.5961653101396109,True,False
3.432,0.5098009840089058,0.6871463614862137,True,False
3.4330000000000003,0.48738028157700397,0.6296846448462645,True,False
3.434,0.46488360868362977,0.7110887434195376,True,False
3.435,0.44231613706119594,0.6392615976195657,True,False
3.436,0.4196830466078061,0.7206656961928672,True,False
3.4370000000000003,0.39698952421043376,0.5770114045929517,True,False
3.438,0.37424076256829436,0.44772254215303064,True,False
3.439,0.3514419590166736,0.4908188296330138,True,False
3.44,0.3285983143514765,0.47166492408635463,True,False
3.4410000000000003,0.3057150316547607,0.47166492408635463,False,False
3.442,0.28279731512151585,0.31843367971310954,True,False
3.443,0.2598503688879508,0.32801063248643914,True,False
3.444,0.23687939586155152,0.2418180575265012,True,False
3.4450000000000003,0.21388959655316764,0.3950493018997463,True,False
3.446,0.1908861679113886,0.30885672693977995,True,False
3.447,0.1678743021594688,0.2657604394598252,True,False
3.448,0.14485918563505693,0.3854723491264167,True,False
3.4490000000000003,0.12184599763298896,0.18914481727318844,True,False
3.45,0.0988399092513982,0.3806838727397519,True,False
3.451,0.07584608224139819,0.31843367971310954,True,False
3.452,0.05286966786059097,0.1316831006332393,True,False
3.4530000000000003,0.029915805730653288,0.07422138399326172,True,False
3.454,0.006989622699250949,0.17956786449985884,True,False
3.455,-0.015903768293468915,0.05027900205996616,True,False
3.456,-0.038759269343559666,0.06943290760659693,True,False
3.457,-0.06157179870688499,0.04549052567330136,True,False
3.458,-0.08433629191741115,-0.03591357290000019,True,False
3.459,-0.10704770289993858,0.14604852979323368,True,False
3.46,-0.1297010050770309,-0.03591357290000019,True,False
3.461,-0.15229119246990105,-0.11252919508660852,True,False
3.462,-0.17481328079301636,0.021548143739977377,True,False
3.463,-0.19726230854218552,0.021548143739977377,True,False
3.464,-0.21963333807589286,-0.07900986037995494,True,False
3.465,-0.2419214566896471,-0.09337528953994934,True,False
3.466,-0.2641217776831127,-0.12689462424660292,True,False
3.467,-0.2862294414197959,-0.17956786449988726,True,False
3.468,-0.30823961637905734,-0.20829872281987605,True,False
3.469,-0.3301475002002268,-0.1556254825665917,True,False
3.47,-0.351948320718597,-0.23224110475320003,True,False
3.471,-0.37363733699307544,-0.2657604394598536,True,False
3.472,-0.39520984032527645,-0.23224110475320003,True,False
3.473,-0.41666115526983644,-0.36152996719312114,True,False
3.474,-0.4379866406357383,-0.5291266407263322,True,False
3.475,-0.45918169047843466,-0.4237801602197351,True,False
3.476,-0.4802417350825587,-0.533915117112997,True,False
3.477,-0.5011622419350167,-0.3902608255131099,True,False
3.478,-0.521938716688259,-0.36152996719312114,True,False
3.479,-0.5425667041135255,-0.36631844357978594,True,False
3.48,-0.5630417890438675,-0.4189916838330703,True,False
3.481,-0.5833595973067495,-0.3998377782864395,True,False
3.482,-0.6035157966460364,-0.5291266407263322,True,False
3.483,-0.6235060976331748,-0.45251101853972386,True,False
3.484,-0.6433262545673789,-0.46208797131305346,True,False
3.485,-0.6629720663646375,-0.5243381643396674,True,False
3.486,-0.6824393774353563,-0.6296846448462929,True,False
3.487,-0.7017240785504567,-0.7398196017395549,True,False
3.488,-0.7208221076957533,-0.5961653101396394,True,False
3.489,-0.7397294509144354,-0.6488385503929237,True,False
3.49,-0.7584421431374818,-0.8308006530861576,True,False
3.491,-0.7769562690018387,-0.5003957824063718,True,False
3.492,-0.7952679636561963,-0.7446080781262197,True,False
3.493,-0.813373413554202,-0.6775694087129125,True,False
3.494,-0.8312688572349489,-0.6919348378729069,True,False
3.495,-0.8489505860905843,-0.5722229282063154,True,False
3.496,-0.8664149451208859,-0.7877043656061744,True,False
3.497,-0.883658333674653,-0.8068582711528336,True,False
3.498,-0.900677206177769,-0.8643199877927827,True,False
3.499,-0.917468072847788,-0.8260121766994928,True,False
3.5,-0.9340275003949084,-0.9792434210727095,True,False
3.501,-0.9503521127091938,-0.7637619836728504,True,False
3.5020000000000002,-0.966438591533909,-0.7877043656061744,True,False
3.503,-0.9822836771248384,-0.845166082246152,True,False
3.504,-0.9978841688954633,-1.036705137712687,True,False
3.505,-1.013236926047869,-0.8930508461127715,True,False
3.5060000000000002,-1.028338868189267,-0.8882623697261067,True,False
3.507,-1.0431869759340102,-0.8691084641794475,True,False
3.508,-1.057778291490991,-0.9936088502327038,True,False
3.509,-1.07210991923631,-0.821223700312828,True,False
3.5100000000000002,-1.0861790262711104,-0.845166082246152,True,False
3.511,-1.0999828429644731,-1.0798014251926702,True,False
3.512,-1.1135186634812742,-1.0941668543526362,True,False
3.513,-1.126783846294908,-0.8164352239261632,True,False
3.5140000000000002,-1.1397758146847834,-1.012762755779363,True,False
3.515,-1.1524920572185047,-1.060647519646011,True,False
3.516,-1.1649301282186502,-1.036705137712687,True,False
3.517,-1.1770876482140695,-1.1372631418326193,True,False
3.5180000000000002,-1.1889623043756161,-1.1564170473792785,True,False
3.519,-1.2005518509362485,-1.0654359960326758,True,False
3.52,-1.21185410959542,-1.1420516182192841,True,False
3.521,-1.2228669699076966,-1.1133207598992954,True,False
3.5220000000000002,-1.2335883896555357,-1.0414936140993518,True,False
3.523,-1.244016395206167,-1.0414936140993518,False,False
3.524,-1.2541490818525192,-1.2234557167925573,True,False
3.525,-1.263984614138137,-1.146840094605949,True,False
3.5260000000000002,-1.273521226166046,-1.194724858472597,True,False
3.527,-1.2827572218915109,-1.2043018112459265,True,False
3.528,-1.2916909753986539,-1.1659940001526081,True,False
3.529,-1.3003209311608899,-1.2330326695658869,True,False
3.5300000000000002,-1.3086456042851455,-1.2904943862058644,True,False
3.531,-1.3166635807398341,-1.1564170473792785,True,False
3.532,-1.3243735175665545,-1.2426096223392165,True,False
3.533,-1.331774143075495,-1.170782476539273,True,False
3.5340000000000003,-1.3388642570245208,-1.1564170473792785,True,False
3.535,-1.34564273078193,-1.3766869611658024,True,False
3.536,-1.3521085074728663,-1.27612895704587,True,False
3.537,-1.3582606021093768,-1.2952828625925292,True,False
3.5380000000000003,-1.3640981017041163,-1.3048598153658588,True,False
3.539,-1.3696201653676896,-1.1659940001526081,True,False
3.54,-1.3748260243896426,-1.194724858472597,True,False
3.541,-1.3797149823031003,-1.2234557167925573,True,False
3.5420000000000003,-1.3842864149330687,-1.3718984847791376,True,False
3.543,-1.3885397704284084,-1.2043018112459265,True,False
3.544,-1.392474569277502,-1.2617635278858756,True,False
3.545,-1.3960904043076334,-1.3096482917525236,True,False
3.5460000000000003,-1.399386940668104,-1.2617635278858756,True,False
3.547,-1.4023639157971146,-1.146840094605949,True,False
3.548,-1.4050211393724443,-1.4006293430991263,True,False
3.549,-1.407358493245962,-1.300071338979194,True,False
3.5500000000000003,-1.4093759313620093,-1.27612895704587,True,False
3.551,-1.411073479659698,-1.3144367681391884,True,False
3.552,-1.4124512359591654,-1.3910523903257968,True,False
3.553,-1.413509369831843,-1.338379150072484,True,False
3.5540000000000003,-1.4142481224547852,-1.3192252445258532,True,False
3.555,-1.4146678064491172,-1.3479561028458136,True,False
3.556,-1.414768805702665,-1.228244193179222,True,False
3.557,-1.4145515751768272,-1.1037438071259658,True,False
3.5580000000000003,-1.414016640697755,-1.2904943862058644,True,False
3.559,-1.4131645987319166,-1.2713404806592052,True,False
3.56,-1.4119961161461139,-1.2617635278858756,True,False
3.561,-1.4105119299520308,-1.3144367681391884,True,False
3.5620000000000003,-1.4087128470353953,-1.2665520042725404,True,False
3.563,-1.406599743869837,-1.338379150072484,True,False
3.564,-1.4041735662155281,-1.3048598153658588,True,False
3.565,-1.4014353288026988,-1.1995133348592617,True,False
3.5660000000000003,-1.3983861150001229,-1.189936382085932,True,False
3.567,-1.3950270764686623,-1.146840094605949,True,False
3.568,-1.391359432799986,-1.3288021972991544,True,False
3.569,-1.3873844711405499,-1.3192252445258532,True,False
3.5700000000000003,-1.383103545800955,-1.3144367681391884,True,False
3.571,-1.3785180778507928,-1.577802969405667,True,False
3.572,-1.3736295546990862,-1.2473980987258813,True,False
3.573,-1.3684395296604441,-1.3814754375524672,True,False
3.5740000000000003,-1.3629496215070502,-1.2904943862058644,True,False
3.575,-1.3571615140066084,-1.2904943862058644,True,False
3.576,-1.3510769554463626,-1.189936382085932,True,False
3.577,-1.34469775814333,-1.228244193179222,True,False
3.5780000000000003,-1.3380257979408698,-1.2952828625925292,True,False
3.579,-1.3310630136917243,-1.1612055237659433,True,False
3.58,-1.3238114067276692,-1.1324746654459545,True,False
3.581,-1.316273040315912,-1.194724858472597,True,False
3.5820000000000003,-1.3084500391023794,-1.1372631418326193,True,False
3.583,-1.3003445885420408,-1.1995133348592617,True,False
3.584,-1.2919589343164135,-1.1085322835126306,True,False
3.585,-1.2832953817384003,-1.1420516182192841,True,False
3.586,-1.274356295144612,-1.194724858472597,True,False
3.587,-1.265144097275333,-1.084589901579335,True,False
3.588,-1.2556612686422812,-1.2234557167925573,True,False
3.589,-1.2459103468843327,-1.0414936140993518,True,False
3.59,-1.235893926111362,-1.1276861890592897,True,False
3.591,-1.2256146562363752,-1.0414936140993518,True,False
3.592,-1.2150752422960942,-1.1995133348592617,True,False
3.593,-1.2042784437601681,-1.1037438071259658,True,False
3.594,-1.1932270738291821,-1.0558590432593462,True,False
3.595,-1.1819239987216363,-1.1133207598992954,True,False
3.596,-1.1703721369500757,-1.084589901579335,True,False
3.597,-1.158574458586547,-0.9217817044327603,True,False
3.598,-1.1465339845175648,-1.0462820904860166,True,False
3.599,-1.1342537856887693,-0.8691084641794475,True,False
3.6,-1.1217369823394627,-0.9026277988861011,True,False
3.601,-1.108986743227209,-0.9936088502327038,True,False
3.602,-1.0960062848426888,-0.9648779919127435,True,False
3.603,-1.082798870615,-0.9840318974593742,True,False
3.604,-1.069367810107593,-0.9553010391394139,True,False
3.605,-1.0557164582050451,-0.9696664682994083,True,False
3.606,-1.0418482142908567,-0.9983973266193686,True,False
3.607,-1.0277665214164826,-0.9505125627527491,True,False
3.608,-1.0134748654617867,-0.7206656961928957,True,False
3.609,-0.9989767742871268,-0.8978393224994363,True,False
3.61,-0.9842758168772723,-0.8499545586328168,True,False
3.611,-0.9693756024773604,-0.8978393224994363,True,False
3.612,-0.9542797797210935,-0.8068582711528336,True,False
3.613,-0.9389920357513891,-0.749396554512856,True,False
3.614,-0.9235160953336905,-0.8643199877927827,True,False
3.615,-0.9078557199621451,-0.7350311253528901,True,False
3.616,-0.8920147069588689,-0.9600895155260787,True,False
3.617,-0.8759968885665026,-0.5434920698863266,True,False
3.618,-0.8598061310342776,-0.7589735072861856,True,False
3.619,-0.8434463336978082,-0.7685504600595152,True,False
3.62,-0.8269214280528214,-0.7829158892195096,True,False
3.621,-0.810235376823047,-0.7685504600595152,True,False
3.622,-0.793392173022482,-0.5770114045929802,True,False
3.623,-0.7763958390122528,-0.5530690226596562,True,False
3.624,-0.7592504255522902,-0.7637619836728504,True,False
3.625,-0.7419600108480431,-0.43814558937972947,True,False
3.626,-0.72452869959245,-0.5530690226596562,True,False
3.6270000000000002,-0.7069606220033915,-0.49560730601970704,True,False
3.628,-0.6892599328568453,-0.6296846448462929,True,False
3.629,-0.6714308105159723,-0.5147612115663662,True,False
3.63,-0.6534774559563514,-0.48124187685971265,True,False
3.6310000000000002,-0.635404091787594,-0.6153192156862985,True,False
3.632,-0.6172149612715595,-0.5530690226596562,True,False
3.633,-0.5989143273374001,-0.4237801602197351,True,False
3.634,-0.5805064715936603,-0.45729949492638866,True,False
3.6350000000000002,-0.5619956933376562,-0.3854723491264451,True,False
3.636,-0.5433863085623644,-0.2897028213931492,True,False
3.637,-0.5246826489610443,-0.44772254215305907,True,False
3.638,-0.5058890609298243,-0.4237801602197351,True,False
3.6390000000000002,-0.48700990456847537,-0.4189916838330703,True,False
3.64,-0.4680495526796024,-0.37110691996645073,True,False
3.641,-0.4490123897664799,-0.22266415197987044,True,False
3.642,-0.429902811029759,-0.36152996719312114,True,False
3.6430000000000002,-0.41072522136327283,-0.21308719920654084,True,False
3.644,-0.39148403434916823,-0.12210614785993812,True,False
3.645,-0.37218367125258994,-0.24181805752652963,True,False
3.646,-0.3528285600161448,-0.24181805752652963,True,False
3.6470000000000002,-0.3334231342543709,-0.1412600534065973,True,False
3.648,-0.31397183224844,-0.2849143450065128,True,False
3.649,-0.29447909594131616,-0.19393329365988166,True,False
3.65,-0.27494936993359825,-0.10295224231327893,True,False
3.6510000000000002,-0.25538710048026997,-0.20829872281987605,True,False
3.652,-0.23579673448858107,-0.11252919508660852,True,False
3.653,-0.21618271851728438,0.01675966735331258,True,False
3.654,-0.19654949777745132,-0.05506747844665938,True,False
3.6550000000000002,-0.17690151513508792,0.0023942381933181878,True,False
3.656,-0.15724321011577289,-0.05506747844665938,True,False
3.657,-0.13757901791153887,-0.045490525673329785,True,False
3.658,-0.11791336839021631,-0.05027900205999458,True,False
3.6590000000000003,-0.09825068510745953,0.07900986037992652,True,False
3.66,-0.07859538432167243,-0.09337528953994934,True,False
3.661,-0.05895187401205163,0.1077407186999153,True,False
3.662,-0.03932455289996277,0.026336620126642174,True,False
3.6630000000000003,-0.0197178094738648,-0.04070204928666499,True,False
3.664,-0.00013602101799677774,0.20829872281984763,True,False
3.665,0.019416447354960634,0.011971190966647782,True,False
3.666,0.038935243667037295,0.2561834866864956,True,False
3.6670000000000003,0.05841603003372889,0.15562548256656328,True,False
3.668,0.07785448361814663,0.22745262836650681,True,False
3.669,0.09724629758035379,0.17956786449985884,True,False
3.67,0.11658718202168258,0.32801063248643914,True,False
3.6710000000000003,0.13587286492382702,0.2513950102998308,True,False
3.672,0.1550990930825078,0.33279910887310393,True,False
3.673,0.17426163303550832,0.29927977416645035,True,False
3.674,0.19335627198488078,0.27054891584649,True,False
3.6750000000000003,0.21237881871312428,0.2801258686198196,True,False
3.676,0.23132510449313767,0.2370295811398364,True,False
3.677,0.2501909839917522,0.3902608255130815,True,False
3.678,0.26897233616665045,0.18435634088652364,True,False
3.6790000000000003,0.28766506515647905,0.41899168383304186,True,False
3.68,0.30626510116396644,0.3902608255130815,True,False
3.681,0.324768401331857,0.4046262546730759,True,False
3.682,0.3431709506114751,0.5434920698862982,True,False
3.6830000000000003,0.3614687626237352,0.5626459754329574,True,False
3.684,0.3796578805124161,0.4812418768596842,True,False
3.685,0.39773437778951815,0.6679924559395545,True,False
3.686,0.4156943591725265,0.548280546272963,True,False
3.6870000000000003,0.43353396141340256,0.42378016021970666,True,False
3.688,0.4512493541191313,0.524338164339639,True,False
3.689,0.4688367405636525,0.5578574990462926,True,False
3.69,0.4862923584910044,0.6153192156862701,True,False
3.6910000000000003,0.5036124809095148,0.5961653101396109,True,False
3.692,0.5207934168768732,0.5387035934996334,True,False
3.693,0.5378315122759211,0.6919348378728785,True,False
3.694,0.5547231505809997,0.7110887434195376,True,False
3.6950000000000003,0.5714647536146998,0.7398196017395264,True,False
3.696,0.5880527822948513,0.8068582711528052,True,False
3.697,0.604483737371608,0.6153192156862701,True,False
3.698,0.6207541601544692,0.6727809323262193,True,False
3.6990000000000003,0.6368606332290943,0.7829158892194812,True,False
3.7,0.6527997811637614,0.8834738933394135,True,False
3.701,0.6685682712053301,0.81164674753947,True,False
3.702,0.684162813964565,0.725454172579532,True,False
3.7030000000000003,0.6995801640906812,0.8978393224994079,True,False
3.704,0.7148171209349811,0.8786854169527487,True,False
3.705,0.7298705292034418,0.8978393224994079,True,False
3.706,0.7447372795981315,0.9696664682993799,True,False
3.7070000000000003,0.7594143094473211,1.003185803006005,True,False
3.708,0.7738986033241688,0.9457240863660559,True,False
3.709,0.7881871936538554,0.8738969405660839,True,False
3.71,0.8022771613090519,0.9074162752727375,True,False
3.7110000000000003,0.8161656361936019,0.9840318974593458,True,False
3.712,0.829849797814304,0.9600895155260503,True,False
3.713,0.8433268758406888,0.8834738933394135,True,False
3.714,0.8565941506526744,1.1181092362859317,True,False
3.715,0.8696489538760036,0.9505125627527207,True,False
3.716,0.8824886689053549,0.9505125627527207,True,False
3.717,0.8951107314150318,1.1420516182192557,True,False
3.718,0.9075126298571314,0.9217817044327319,True,False
3.719,0.9196919059471019,1.0079742793926698,True,False
3.72,0.931646155136596,1.1707824765392445,True,False
3.721,0.9433730270735341,0.9217817044327319,True,False
3.722,0.954870226049296,1.0702244724193122,True,False
3.723,0.9661355114329513,1.1276861890592613,True,False
3.724,0.9771666980924625,1.0414936140993234,True,False
3.725,0.9879616568027738,1.1707824765392445,True,False
3.726,0.9985183146407229,1.1228977126725965,True,False
3.727,1.0088346553666991,1.0606475196459826,True,False
3.728,1.0189087197929882,1.1995133348592333,True,False
3.729,1.0287386061387367,1.0127627557793346,True,False
3.73,1.0383224703714786,0.9648779919127151,True,False
3.731,1.0476585265351654,1.1324746654459261,True,False
3.732,1.056745047064649,1.1420516182192557,True,False
3.733,1.0655803630865637,1.1707824765392445,True,False
3.734,1.0741628647065635,1.2234557167925288,True,False
3.735,1.0824910012828666,1.1181092362859317,True,False
3.736,1.0905632816860702,1.0367051377126586,True,False
3.737,1.0983782745451958,1.1276861890592613,True,False
3.738,1.105934608479928,1.2857059098191712,True,False
3.739,1.113230972319021,1.3479561028457852,True,False
3.74,1.1202661153048397,1.161205523765915,True,False
3.741,1.1270388472840098,1.1947248584725685,True,False
3.742,1.1335480388841594,1.1995133348592333,True,False
3.743,1.1397926216767302,1.31443676813916,True,False
3.744,1.1457715883258404,1.2473980987258528,True,False
3.745,1.1514839927231915,1.2761289570458416,True,False
3.746,1.1569289501090068,1.3383791500724556,True,False
3.747,1.1621056371789953,1.3335906736857908,True,False
3.748,1.167013292177339,1.1324746654459261,True,False
3.749,1.1716512149757021,1.3479561028457852,True,False
3.75,1.1760187671382683,1.3718984847791091,True,False
3.751,1.1801153719728066,1.2809174334325064,True,False
3.7520000000000002,1.1839405145677844,1.137263141832591,True,False
3.753,1.1874937418155298,1.204301811245898,True,False
3.754,1.1907746624214675,1.3431676264591204,True,False
3.755,1.1937829468994408,1.2473980987258528,True,False
3.7560000000000002,1.1965183275531477,1.400629343099098,True,False
3.757,1.1989805984437094,1.3048598153658304,True,False
3.758,1.2011696153434062,1.3862639139391035,True,False
3.759,1.2030852956756035,1.424571725032422,True,False
3.7600000000000002,1.204727618440913,1.3623215320057795,True,False
3.761,1.2060966241296154,1.3958408667124331,True,False
3.762,1.207192414620392,1.328802197299126,True,False
3.763,1.2080151530654077,1.400629343099098,True,False
3.7640000000000002,1.2085650637617857,1.15641704737925,True,False
3.765,1.2088424320095328,1.3718984847791091,True,False
3.766,1.208847603955961,1.2138787640191993,True,False
3.767,1.2085809864266592,1.3096482917524952,True,False
3.7680000000000002,1.208043046743081,1.31443676813916,True,False
3.769,1.2072343125268008,1.3910523903257683,True,False
3.77,1.2061553714905093,1.4389371541924163,True,False
3.771,1.2048068712158093,1.3862639139391035,True,False
3.7720000000000002,1.2031895189178858,1.529918205539019,True,False
3.773,1.201304081197123,1.4102062958724275,True,False
3.774,1.1991513837777383,1.3096482917524952,True,False
3.775,1.1967323112335206,1.2234557167925288,True,False
3.7760000000000002,1.1940478067007438,1.4437256305790527,True,False
3.777,1.1910988715783468,1.2521865751125176,True,False
3.778,1.1878865652154647,1.35274457923245,True,False
3.779,1.184412004586396,1.3096482917524952,True,False
3.7800000000000002,1.1806763639531053,1.242609622339188,True,False
3.781,1.1766808745153499,1.31443676813916,True,False
3.782,1.1724268240485294,1.3718984847791091,True,False
3.783,1.1679155565293597,1.3862639139391035,True,False
3.7840000000000003,1.1631484717494718,1.3431676264591204,True,False
3.785,1.1581270249170406,1.3192252445258248,True,False
3.786,1.1528527262465522,1.1707824765392445,True,False
3.787,1.1473271405368195,1.3096482917524952,True,False
3.7880000000000003,1.1415518867373577,1.3575330556191147,True,False
3.789,1.135528637503236,1.266552004272512,True,False
3.79,1.1292591187385195,1.35274457923245,True,False
3.791,1.1227451091284275,1.1228977126725965,True,False
3.7920000000000003,1.1159884396603241,1.1995133348592333,True,False
3.793,1.1089909931336674,1.242609622339188,True,False
3.794,1.1017547036590458,1.113320759899267,True,False
3.795,1.0942815561464285,1.266552004272512,True,False
3.7960000000000003,1.0865735857827619,1.2330326695658584,True,False
3.797,1.0786328774990455,1.1995133348592333,True,False
3.798,1.070461565427022,1.2857059098191712,True,False
3.799,1.0620618323456223,1.1324746654459261,True,False
3.8000000000000003,1.0534359091173002,1.0702244724193122,True,False
3.801,1.044586074114403,0.9696664682993799,True,False
3.802,1.0355146526357217,1.0606475196459826,True,False
3.803,1.0262240163133611,1.1516285709925853,True,False
3.8040000000000003,1.0167165825100872,1.0462820904859882,True,False
3.805,1.0069948137072926,1.2330326695658584,True,False
3.806,0.9970612168837376,0.9696664682993799,True,False
3.807,0.9869183428852162,1.003185803006005,True,False
3.8080000000000003,0.9765687857853065,1.161205523765915,True,False
3.809,0.9660151822373592,1.161205523765915,False,False
3.81,0.9552602108178848,1.2617635278858472,True,False
3.811,0.9443065913614996,1.0079742793926698,True,False
3.8120000000000003,0.9331570842875913,1.0414936140993234,True,False
3.813,0.9218144899188716,1.0654359960326474,True,False
3.814,0.910281647791977,1.0702244724193122,True,False
3.815,0.8985614359602866,0.9169932280460671,True,False
3.8160000000000003,0.8866567702891275,1.0462820904859882,True,False
3.817,0.8745706037435319,0.9026277988860727,True,False
3.818,0.8623059256687241,1.0127627557793346,True,False
3.819,0.8498657610635045,0.9217817044327319,True,False
3.8200000000000003,0.8372531698467075,1.1037438071259373,True,False
3.821,0.8244712461169084,0.8595315114061179,True,False
3.822,0.8115231174055546,0.9840318974593458,True,False
3.823,0.7984119439237002,0.8978393224994079,True,False
3.8240000000000003,0.7851409178025225,0.8882623697260783,True,False
3.825,0.771713262327799,0.9600895155260503,True,False
3.826,0.7581322311685299,0.787704365606146,True,False
3.827,0.744401107599883,1.0223397085526642,True,False
3.8280000000000003,0.7305232037206498,1.003185803006005,True,False
3.829,0.7165018596653914,0.9169932280460671,True,False
3.83,0.7023404428114651,0.7685504600594868,True,False
3.831,0.6880423469811118,0.9074162752727375,True,False
3.8320000000000003,0.6736109916387958,0.7972813183794756,True,False
3.833,0.6590498210839817,0.6727809323262193,True,False
3.834,0.6443623036395381,0.8499545586327883,True,False
3.835,0.6295519308359561,0.9122047516594023,True,False
3.8360000000000003,0.6146222165915739,0.7398196017395264,True,False
3.837,0.5995766963889955,0.7446080781261912,True,False
3.838,0.5844189264478961,0.6584155031662249,True,False
3.839,0.5691524828944057,0.7685504600594868,True,False
3.84,0.553780960927261,0.6727809323262193,True,False
3.841,0.5383079739809208,0.7063002670328729,True,False
3.842,0.5227371528858337,0.5291266407263038,True,False
3.843,0.5070721450260552,0.5291266407263038,False,False
3.844,0.491316613494405,0.5578574990462926,True,False
3.845,0.4754742362453584,0.486030353246349,True,False
3.846,0.45954870524586766,0.6392615976195657,True,False
3.847,0.44354372562430366,0.749396554512856,True,False
3.848,0.42746301481771576,0.509972735179673,True,False
3.849,0.4113103017176022,0.5817998809796165,True,False
3.85,0.3950893258143846,0.3711069199664223,True,False
3.851,0.37880383634078335,0.572222928206287,True,False
3.852,0.3624575914142862,0.4812418768596842,True,False
3.853,0.34605435717890276,0.47645340047301943,True,False
3.854,0.3295979069464043,0.5434920698862982,True,False
3.855,0.3130920203372367,0.46208797131302504,True,False
3.856,0.2965404824213028,0.40941473105971227,True,False
3.857,0.2799470828588087,0.47166492408635463,True,False
3.858,0.26331561504136464,0.3663184435797575,True,False
3.859,0.24664987523353513,0.42856863660637146,True,False
3.86,0.22995366171502932,0.2801258686198196,True,False
3.861,0.2132307739237241,0.3615299671930927,True,False
3.862,0.1964850115997121,0.3519530144197631,True,False
3.863,0.1797201739305632,0.2561834866864956,True,False
3.864,0.16294005869799305,0.3423760616464335,True,False
3.865,0.1461484614261256,0.2657604394598252,True,False
3.866,0.12934917453154032,0.20829872281984763,True,False
3.867,0.11254598647529186,0.3902608255130815,True,False
3.868,0.09574268091708998,0.05506747844663096,True,False
3.869,0.07894303587182723,0.18914481727318844,True,False
3.87,0.06215082286863921,0.18914481727318844,True,False
3.871,0.04536980611268419,0.27054891584649,True,False
3.872,0.02860374164982526,0.026336620126642174,True,False
3.873,0.011856376534399186,0.19872177004651803,True,False
3.874,-0.004868551999745734,0.03112509651330697,True,False
3.875,-0.02156731736476172,0.2370295811398364,True,False
3.876,-0.03823620444068232,0.08379833676659132,True,False
3.8770000000000002,-0.05487151039349322,0.06464443121993213,True,False
3.878,-0.07146954548921469,0.05506747844663096,True,False
3.879,-0.08802663390381847,-0.031125096513335393,True,False
3.88,-0.10453911452880343,0.01675966735331258,True,False
3.8810000000000002,-0.1210033417722553,-0.08379833676661974,True,False
3.882,-0.13741568635521723,-0.03591357290000019,True,False
3.883,-0.15377253610319883,-0.07900986037995494,True,False
3.884,-0.1700702967326537,-0.08379833676661974,True,False
3.8850000000000002,-0.18630539263225548,0.026336620126642174,True,False
3.886,-0.20247426763880483,-0.1604139589532565,True,False
3.887,-0.21857338580760108,-0.05506747844665938,True,False
3.888,-0.23459923217711356,0.03591357289997177,True,False
3.8890000000000002,-0.25054831352778895,-0.059855954833295755,True,False
3.89,-0.26641715913483344,-0.2849143450065128,True,False
3.891,-0.28220232151480873,-0.1316831006332677,True,False
3.892,-0.2979003771658841,-0.045490525673329785,True,False
3.8930000000000002,-0.31350792730158683,-0.05506747844665938,True,False
3.894,-0.3290215985778964,-0.2657604394598536,True,False
3.895,-0.34443804381352894,-0.256183486686524,True,False
3.896,-0.35975394270325883,-0.2753373922331832,True,False
3.8970000000000002,-0.37496600252413054,-0.1652024353399213,True,False
3.898,-0.390070958834409,-0.2705489158465184,True,False
3.899,-0.40506557616512456,-0.22266415197987044,True,False
3.9,-0.41994664870406817,-0.533915117112997,True,False
3.9010000000000002,-0.43471100097209214,-0.45729949492638866,True,False
3.902,-0.44935548849157964,-0.34716453803312675,True,False
3.903,-0.4638769984469402,-0.49560730601970704,True,False
3.904,-0.47827245033699795,-0.20351024643321125,True,False
3.9050000000000002,-0.4925387966191368,-0.48603035324637744,True,False
3.906,-0.5066730233450693,-0.49560730601970704,True,False
3.907,-0.5206721507881008,-0.31364520332647317,True,False
3.908,-0.5345332340617583,-0.48124187685971265,True,False
3.9090000000000003,-0.5482533637296608,-0.557857499046321,True,False
3.91,-0.5618296664065024,-0.3950493018997747,True,False
3.911,-0.5752593053500329,-0.3806838727397803,True,False
3.912,-0.58853948104391,-0.3902608255131099,True,False
3.9130000000000003,-0.6016674317713099,-0.557857499046321,True,False
3.914,-0.614640434179179,-0.5913768337529746,True,False
3.915,-0.6274558038330157,-0.6536270267795885,True,False
3.916,-0.6401108957620691,-0.45729949492638866,True,False
3.9170000000000003,-0.6526031049948496,-0.6727809323262477,True,False
3.918,-0.6649298670848429,-0.48603035324637744,True,False
3.919,-0.6770886586263253,-0.5865883573663098,True,False
3.92,-0.6890769977601788,-0.6440500740062589,True,False
3.9210000000000003,-0.7008924446696067,-0.46687644769971826,True,False
3.922,-0.7125326020656553,-0.7350311253528901,True,False
3.923,-0.7239951156624442,-0.44772254215305907,True,False
3.924,-0.7352776746420187,-0.6775694087129125,True,False
3.9250000000000003,-0.7463780121087303,-0.6201076920729633,True,False
3.926,-0.7572939055330632,-0.5387035934996618,True,False
3.927,-0.7680231771848188,-0.6392615976195941,True,False
3.928,-0.7785636945555807,-0.5147612115663662,True,False
3.9290000000000003,-0.7889133707703786,-0.581799880979645,True,False
3.93,-0.7990701649884746,-0.7110887434195661,True,False
3.931,-0.8090320827932014,-0.5865883573663098,True,False
3.932,-0.8187971765707763,-0.6584155031662533,True,False
3.9330000000000003,-0.8283635458780263,-0.5865883573663098,True,False
3.934,-0.8377293377989559,-0.6775694087129125,True,False
3.935,-0.8468927472900964,-0.7110887434195661,True,False
3.936,-0.855852017514573,-0.7350311253528901,True,False
3.9370000000000003,-0.8646054401648334,-0.6919348378729069,True,False
3.938,-0.873151355773984,-0.8116467475394984,True,False
3.939,-0.8814881540156743,-0.6248961684596281,True,False
3.94,-0.8896142739924886,-0.6536270267795885,True,False
3.9410000000000003,-0.8975282045127891,-0.7637619836728504,True,False
3.942,-0.9052284843559704,-0.77333893644618,True,False
3.943,-0.9127137025260813,-0.797281318379504,True,False
3.944,-0.9199824984937736,-0.6919348378729069,True,False
3.9450000000000003,-0.9270335624265446,-0.8691084641794475,True,False
3.946,-0.9338656354072319,-0.7829158892195096,True,False
3.947,-0.9404775096407398,-0.8308006530861576,True,False
3.948,-0.9468680286489558,-0.7877043656061744,True,False
3.9490000000000003,-0.9530360874538418,-0.7924928419928392,True,False
3.95,-0.9589806327486716,-0.749396554512856,True,False
3.951,-0.9647006630573921,-0.8691084641794475,True,False
3.952,-0.970195228882096,-0.8882623697261067,True,False
3.9530000000000003,-0.9754634328385859,-0.8643199877927827,True,False
3.954,-0.9805044297800177,-0.8882623697261067,True,False
3.955,-0.9853174269086162,-0.7446080781262197,True,False
3.956,-0.9899016838754519,-0.821223700312828,True,False
3.9570000000000003,-0.994256512868278,-1.036705137712687,True,False
3.958,-0.9983812786874225,-0.8595315114061464,True,False
3.959,-1.0022753988097401,-0.9696664682994083,True,False
3.96,-1.0059383434406217,-0.9983973266193686,True,False
3.9610000000000003,-1.0093696355540744,-0.7877043656061744,True,False
3.962,-1.012568850920876,-0.8355891294728224,True,False
3.963,-1.0155356181248172,-0.8643199877927827,True,False
3.964,-1.018269618567046,-0.988820373846039,True,False
3.9650000000000003,-1.0207705864585308,-0.8738969405661123,True,False
3.966,-1.0230383088006623,-0.8882623697261067,True,False
3.967,-1.0250726253540128,-1.060647519646011,True,False
3.968,-1.0268734285952863,-0.988820373846039,True,False
3.969,-1.0284406636624748,-0.8978393224994363,True,False
3.97,-1.0297743282882612,-0.8834738933394419,True,False
3.971,-1.0308744727216972,-0.8738969405661123,True,False
3.972,-1.0317411996381882,-0.9265701808194251,True,False
3.973,-1.0323746640378306,-0.8930508461127715,True,False
3.974,-1.0327750731321337,-1.0079742793926982,True,False
3.975,-1.032942686219176,-0.845166082246152,True,False
3.976,-1.0328778145472357,-0.8595315114061464,True,False
3.977,-1.0325808211669465,-0.8834738933394419,True,False
3.978,-1.0320521207720306,-0.9792434210727095,True,False
3.979,-1.0312921795286552,-0.8930508461127715,True,False
3.98,-1.030301514893476,-0.8930508461127715,True,False
3.981,-1.029080695420422,-1.0031858030060334,True,False
3.982,-1.0276303405562783,-0.8355891294728224,True,False
3.983,-1.0259511204251384,-0.821223700312828,True,False
3.984,-1.0240437556017805,-0.8355891294728224,True,False
3.985,-1.0219090168740455,-0.8595315114061464,True,False
3.986,-1.0195477249942777,-0.7877043656061744,True,False
3.987,-1.0169607504199103,-0.797281318379504,True,False
3.988,-1.014149013043257,-0.9026277988861011,True,False
3.989,-1.0111134819106022,-0.8930508461127715,True,False
3.99,-1.0078551749306541,-0.9648779919127435,True,False
3.991,-1.0043751585724563,-0.8930508461127715,True,False
3.992,-1.0006745475528265,-0.9361471335927547,True,False
3.993,-0.9967545045134246,-0.845166082246152,True,False
3.994,-0.9926162396875231,-0.9600895155260787,True,False
3.995,-0.9882610105565811,-0.8116467475394984,True,False
3.996,-0.9836901214967091,-0.77333893644618,True,False
3.997,-0.9789049234151205,-0.9936088502327038,True,False
3.998,-0.9739068133766664,-0.797281318379504,True,False
3.999,-0.968697234220554,-0.8595315114061464,True,False
4.0,-0.9632776741673461,-0.9457240863660843,True,False
4.001,-0.9576496664163477,-0.7541850308995208,True,False
4.002,-0.951814788733485,-0.8499545586328168,True,False
4.003,-0.9457746630297797,-0.9313586572060899,True,False
4.0040000000000004,-0.9395309549305314,-0.821223700312828,True,False
4.005,-0.9330853733353187,-0.821223700312828,True,False
4.006,-0.9264396699689283,-0.77333893644618,True,False
4.007,-0.9195956389233312,-0.845166082246152,True,False
4.008,-0.9125551161908179,-0.77333893644618,True,False
4.009,-0.9053199791884147,-0.9169932280460955,True,False
4.01,-0.8978921462736995,-0.9600895155260787,True,False
4.011,-0.8902735762521374,-0.7541850308995208,True,False
4.0120000000000005,-0.8824662678760615,-0.7110887434195661,True,False
4.013,-0.874472259335425,-0.8020697947661688,True,False
4.014,-0.8662936277404479,-0.6536270267795885,True,False
4.015,-0.8579324885962892,-0.9169932280460955,True,False
4.016,-0.849390995269876,-0.7446080781262197,True,False
4.017,-0.8406713384490172,-0.7637619836728504,True,False
4.018,-0.8317757455939387,-0.7302426489662253,True,False
4.019,-0.8227064803813714,-0.7446080781262197,True,False
4.0200000000000005,-0.8134658421413336,-0.821223700312828,True,False
4.021,-0.8040561652867366,-0.7398196017395549,True,False
4.022,-0.7944798187359629,-0.8834738933394419,True,False
4.023,-0.7847392053285481,-0.6632039795529181,True,False
4.024,-0.774836761234115,-0.6488385503929237,True,False
4.025,-0.7647749553546977,-0.6871463614862421,True,False
4.026,-0.7545562887206045,-0.6727809323262477,True,False
4.027,-0.7441832938799624,-0.5961653101396394,True,False
4.0280000000000005,-0.7336585342820894,-0.6392615976195941,True,False
4.029,-0.7229846036548452,-0.6488385503929237,True,False
4.03,-0.7121641253761068,-0.5434920698863266,True,False
4.031,-0.7011997518395212,-0.5626459754329858,True,False
4.032,-0.6900941638146825,-0.44772254215305907,True,False
4.033,-0.6788500698018918,-0.49560730601970704,True,False
4.034,-0.6674702053816476,-0.5961653101396394,True,False
4.035,-0.6559573325590228,-0.5961653101396394,True,False
4.0360000000000005,-0.6443142391030845,-0.48603035324637744,True,False
4.037,-0.6325437378815109,-0.3998377782864395,True,False
4.038,-0.6206486661905617,-0.4285686366063999,True,False
4.039,-0.6086318850805629,-0.48603035324637744,True,False
4.04,-0.5964962786770597,-0.46687644769971826,True,False
4.041,-0.5842447534978008,-0.5003957824063718,True,False
4.042,-0.5718802377657104,-0.3854723491264451,True,False
4.043,-0.5594056807180117,-0.33279910887313235,True,False
4.0440000000000005,-0.5468240519116597,-0.34716453803312675,True,False
4.045,-0.5341383405252488,-0.45251101853972386,True,False
4.046,-0.5213515546575526,-0.4142032074464055,True,False
4.047,-0.5084667206228635,-0.33279910887313235,True,False
4.048,-0.4954868822432925,-0.3902608255131099,True,False
4.049,-0.4824151001381928,-0.33279910887313235,True,False
4.05,-0.46925445101087326,-0.23702958113986483,True,False
4.051,-0.4560080269327636,-0.3998377782864395,True,False
4.0520000000000005,-0.4426789346251985,-0.46687644769971826,True,False
4.053,-0.42927029473898365,-0.32801063248646756,True,False
4.054,-0.41578524113191057,-0.19393329365988166,True,False
4.055,-0.4022269201443843,-0.19393329365988166,False,False
4.056,-0.38859848987333173,-0.20829872281987605,True,False
4.057,-0.37490311944455296,-0.20351024643321125,True,False
4.058,-0.36114398828368627,-0.17956786449988726,True,False
4.059,-0.3473242853859479,-0.2705489158465184,True,False
4.0600000000000005,-0.33344720858481636,-0.1556254825665917,True,False
4.061,-0.3195159638198247,-0.12689462424660292,True,False
4.062,-0.3055337644036295,-0.1508370061799269,True,False
4.063,-0.2915038302885183,-0.2897028213931492,True,False
4.064,-0.2774293873325259,-0.32322215609980276,True,False
4.065,-0.2633136665653218,0.09816376592658571,True,False
4.066,-0.24915990345403552,-0.016759667353341,True,False
4.067,-0.23497133716918445,-0.17956786449988726,True,False
4.0680000000000005,-0.22075120985086974,-0.04070204928666499,True,False
4.069,-0.20650276587540423,0.10295224231325051,True,False
4.07,-0.1922292511225368,-0.09337528953994934,True,False
4.071,-0.17793391224343708,-0.0215481437400058,True,False
4.072,-0.16361999592960416,-0.21787567559320564,True,False
4.073,-0.14929074818286167,-0.03591357290000019,True,False
4.074,-0.13494941358660228,0.1268946242465745,True,False
4.075,-0.12059923457844349,0.021548143739977377,True,False
4.0760000000000005,-0.106243450724456,-0.1556254825665917,True,False
4.077,-0.09188529799512538,-0.0023942381933466095,True,False
4.078,-0.07752800804320753,-0.05027900205999458,True,False
4.079,-0.06317480748363731,0.17477938811322247,True,False
4.08,-0.04882891717564898,0.16520243533989287,True,False
4.081,-0.03449355150726685,0.040702049286636566,True,False
4.082,-0.020171917682323178,0.15562548256656328,True,False
4.083,-0.005867215010159929,0.1125291950865801,True,False
4.0840000000000005,0.008417365801829696,0.03112509651330697,True,False
4.085,0.0226786433526658,0.18914481727318844,True,False
4.086,0.036913446249097606,0.2418180575265012,True,False
4.087,0.051118613803618505,0.22266415197984202,True,False
4.088,0.06529099672902759,0.3471645380330983,True,False
4.089,0.07942745782938737,0.2801258686198196,True,False
4.09,0.093524872687227,0.1125291950865801,True,False
4.091,0.10758013034684291,0.33758758525976873,True,False
4.0920000000000005,0.12159013399354833,0.2801258686198196,True,False
4.093,0.13555180162872565,0.21308719920651242,True,False
4.094,0.149462066740536,0.31364520332644474,True,False
4.095,0.16331787897014113,0.44772254215303064,True,False
4.096,0.17711620477329595,0.32322215609977434,True,False
4.097,0.1908540280771682,0.14604852979323368,True,False
4.098,0.20452835093224603,0.19393329365985323,True,False
4.099,0.21813619415919383,0.3471645380330983,True,False
4.1,0.2316745979905183,0.3423760616464335,True,False
4.101,0.2451406227069085,0.44772254215303064,True,False
4.102,0.25853134926811483,0.2897028213931492,True,False
4.103,0.27184387993823306,0.40941473105971227,True,False
4.104,0.2850753389052613,0.44772254215303064,True,False
4.105,0.2982228728947994,0.3902608255130815,True,False
4.106,0.3112836517777613,0.3902608255130815,True,False
4.107,0.32425486917197305,0.3902608255130815,True,False
4.108,0.33713374303752963,0.46687644769968983,True,False
4.109,0.34991751626578727,0.6009537865262757,True,False
4.11,0.36260345726186693,0.6248961684595997,True,False
4.111,0.37518886052054967,0.5674344518196222,True,False
4.112,0.38767104719544165,0.4046262546730759,True,False
4.113,0.4000473656612937,0.47645340047301943,True,False
4.114,0.4123151920693573,0.42378016021970666,True,False
4.115,0.42447193089566326,0.5817998809796165,True,False
4.116,0.43651501548211125,0.46687644769968983,True,False
4.117,0.44844190857025656,0.4908188296330138,True,False
4.118,0.4602501028276896,0.5961653101396109,True,False
4.119,0.4719371213668958,0.6823578850995489,True,False
4.12,0.4835005182564943,0.725454172579532,True,False
4.121,0.49493787902475045,0.5578574990462926,True,False
4.122,0.5062468211552602,0.7110887434195376,True,False
4.123,0.5174249945747074,0.6584155031662249,True,False
4.124,0.5284700821325956,0.6919348378728785,True,False
4.125,0.53937980007286,0.6296846448462645,True,False
4.126,0.5501518984972626,0.5961653101396109,True,False
4.127,0.5607841618204821,0.7398196017395264,True,False
4.128,0.5712744092168066,0.7924928419928108,True,False
4.1290000000000004,0.5816204950583428,0.6296846448462645,True,False
4.13,0.5918203093446529,0.6536270267795601,True,False
4.131,0.60187177812374,0.6967233142595433,True,False
4.132,0.6117728639042959,0.7110887434195376,True,False
4.133,0.6215215660591343,0.7589735072861572,True,False
4.134,0.6311159212197323,0.8499545586327883,True,False
4.135,0.6405540036618012,0.7781274128328164,True,False
4.136,0.6498339256818191,0.5770114045929517,True,False
4.1370000000000005,0.6589538379644482,0.835589129472794,True,False
4.138,0.667911929940773,0.8882623697260783,True,False
4.139,0.6767064301372882,0.9122047516594023,True,False
4.14,0.6853356065155756,0.8738969405660839,True,False
4.141,0.6937977668026045,0.9457240863660559,True,False
4.142,0.702091258811598,0.81164674753947,True,False
4.143,0.710214470753404,0.7206656961928672,True,False
4.144,0.7181658315383187,0.9409356099793911,True,False
4.1450000000000005,0.725943811068307,0.8260121766994644,True,False
4.146,0.7335469205195676,0.81164674753947,True,False
4.147,0.7409737126153977,0.9505125627527207,True,False
4.148,0.7482227818893044,0.8260121766994644,True,False
4.149,0.7552927649383246,0.8547430350194531,True,False
4.15,0.7621823406665063,0.9936088502326754,True,False
4.151,0.7688902305185139,0.8882623697260783,True,False
4.152,0.7754151987033194,0.9026277988860727,True,False
4.1530000000000005,0.7817560524079433,0.763761983672822,True,False
4.154,0.7879116420012121,0.9744549446860447,True,False
4.155,0.7938808612275026,0.9026277988860727,True,False
4.156,0.7996626473904439,0.9936088502326754,True,False
4.157,0.8052559815265505,0.9936088502326754,False,False
4.158,0.8106598885687621,0.9648779919127151,True,False
4.159,0.8158734374998706,0.8834738933394135,True,False
4.16,0.8208957414958126,0.8547430350194531,True,False
4.1610000000000005,0.8257259580588108,0.9169932280460671,True,False
4.162,0.8303632891403517,0.9696664682993799,True,False
4.163,0.834806981253984,0.8834738933394135,True,False
4.164,0.8390563255779308,0.8451660822461236,True,False
4.165,0.843110658047503,1.0654359960326474,True,False
4.166,0.8469693594373163,1.0702244724193122,True,False
4.167,0.8506318554332994,0.9217817044327319,True,False
4.168,0.8540976166945007,0.9840318974593458,True,False
4.1690000000000005,0.8573661589046871,1.0606475196459826,True,False
4.17,0.8604370428137476,0.9265701808193967,True,False
4.171,0.8633098742688969,0.9457240863660559,True,False
4.172,0.8659843042357004,0.9457240863660559,True,False
4.173,0.8684600288089159,0.9553010391393855,True,False
4.174,0.8707367892131794,1.0462820904859882,True,False
4.175,0.8728143717935396,1.1181092362859317,True,False
4.176,0.8746926079958632,1.0223397085526642,True,False
4.1770000000000005,0.8763713743371309,0.9888203738460106,True,False
4.178,0.8778505923656428,0.9553010391393855,True,False
4.179,0.8791302286111607,1.0175512321659994,True,False
4.18,0.8802102945250112,1.0175512321659994,True,False
4.181,0.8810908464101798,1.0414936140993234,True,False
4.182,0.8817719853414243,1.0798014251926418,True,False
4.183,0.8822538570754445,1.1516285709925853,True,False
4.184,0.8825366519511383,0.9361471335927263,True,False
4.1850000000000005,0.8826206047799866,1.0175512321659994,True,False
4.186,0.8825059947266003,0.9983973266193402,True,False
4.187,0.8821931451794792,1.051070566872653,True,False
4.188,0.8816824236120174,1.003185803006005,True,False
4.189,0.8809742414338083,1.1420516182192557,True,False
4.19,0.880069053832294,1.0414936140993234,True,False
4.191,0.8789673596048087,0.9648779919127151,True,False
4.192,0.8776697009810702,0.9744549446860447,True,False
4.1930000000000005,0.8761766634361718,1.027128184939329,True,False
4.194,0.874488875494132,1.113320759899267,True,False
4.195,0.8726070085220617,0.8451660822461236,True,False
4.196,0.8705317765150045,1.0319166613259938,True,False
4.197,0.8682639358715173,0.9744549446860447,True,False
4.198,0.8658042851600557,0.9744549446860447,False,False
4.199,0.8631536648762244,1.0223397085526642,True,False
4.2,0.8603129571909695,0.9217817044327319,True,False
4.2010000000000005,0.857283085689774,0.9361471335927263,True,False
4.202,0.8540650151029383,0.9074162752727375,True,False
4.203,0.8506597510270094,1.0319166613259938,True,False
4.204,0.8470683396374433,0.9074162752727375,True,False
4.205,0.8432918673925732,0.9553010391393855,True,False
4.206,0.8393314607289654,1.0079742793926698,True,False
4.207,0.8351882857482433,1.0079742793926698,False,False
4.208,0.8308635478954632,0.8308006530861292,True,False
4.2090000000000005,0.8263584916291269,1.027128184939329,True,False
4.21,0.8216744000829166,0.9553010391393855,True,False
4.211,0.8168125947192434,0.9600895155260503,True,False
4.212,0.8117744349746957,0.8260121766994644,True,False
4.213,0.8065613178974834,0.9074162752727375,True,False
4.214,0.8011746777769675,0.8786854169527487,True,False
4.215,0.7956159857653742,0.9361471335927263,True,False
4.216,0.7898867494917858,0.8499545586327883,True,False
4.2170000000000005,0.7839885126685114,0.8930508461127431,True,False
4.218,0.7779228546899349,0.9169932280460671,True,False
4.219,0.7716913902239396,0.8068582711528052,True,False
4.22,0.7652957687960174,0.9169932280460671,True,False
4.221,0.7587376743661637,0.9457240863660559,True,False
4.222,0.7520188248986643,0.9074162752727375,True,False
4.223,0.7451409719248825,0.7685504600594868,True,False
4.224,0.738105900099154,0.8595315114061179,True,False
4.225,0.7309154267479009,0.8164352239261348,True,False
4.226,0.723571401412077,0.8068582711528052,True,False
4.227,0.7160757053830539,0.8164352239261348,True,False
4.228,0.7084302512320669,0.835589129472794,True,False
4.229,0.700636982333332,0.8451660822461236,True,False
4.23,0.6926978723809529,0.7781274128328164,True,False
4.231,0.6846149248997355,0.8068582711528052,True,False
4.232,0.676390172750028,0.7972813183794756,True,False
4.233,0.6680256776267095,0.8260121766994644,True,False
4.234,0.6595235295524445,0.6919348378728785,True,False
4.235,0.6508858463653306,0.8212237003127996,True,False
4.236,0.6421147732010583,0.7972813183794756,True,False
4.237,0.6332124819697105,0.81164674753947,True,False
4.238,0.6241811708273277,0.6584155031662249,True,False
4.239,0.615023063642362,0.7302426489661968,True,False
4.24,0.6057404094571535,0.8786854169527487,True,False
4.241,0.5963354819445499,0.9074162752727375,True,False
4.242,0.5868105788598066,0.701511790646208,True,False
4.243,0.577168021487892,0.9840318974593458,True,False
4.244,0.5674101540863314,0.8260121766994644,True,False
4.245,0.5575393433237217,0.6919348378728785,True,False
4.246,0.547557977714048,0.6009537865262757,True,False
4.247,0.5374684670469386,0.5530690226596278,True,False
4.248,0.5272732418139884,0.5626459754329574,True,False
4.249,0.5169747526312886,0.509972735179673,True,False
4.25,0.5065754696582989,0.4908188296330138,True,False
4.251,0.4960778820131944,0.5530690226596278,True,False
4.252,0.4854844971848278,0.701511790646208,True,False
4.253,0.4747978404414431,0.46208797131302504,True,False
4.2540000000000004,0.4640204542362772,0.6296846448462645,True,False
4.255,0.45315489761018946,0.6105307392996053,True,False
4.256,0.44220374559145703,0.6488385503928953,True,False
4.257,0.43116958859287563,0.5865883573662813,True,False
4.258,0.42005503180630505,0.45729949492636024,True,False
4.259,0.40886269459479957,0.5770114045929517,True,False
4.26,0.39759520988246244,0.6679924559395545,True,False
4.261,0.386255223542168,0.3615299671930927,True,False
4.2620000000000005,0.3748453937812882,0.46208797131302504,True,False
4.263,0.36336839052556796,0.5674344518196222,True,False
4.264,0.3518268948012893,0.4908188296330138,True,False
4.265,0.3402235981158649,0.5434920698862982,True,False
4.266,0.32856120183700516,0.45729949492636024,True,False
4.267,0.3168424165705976,0.44293406576636585,True,False
4.268,0.30506996153744226,0.3902608255130815,True,False
4.269,0.29324656394898496,0.31364520332644474,True,False
4.2700000000000005,0.2813749583821887,0.30406825055311515,True,False
4.271,0.2694578861536865,0.42378016021970666,True,False
4.272,0.2574980946933578,0.22266415197984202,True,False
4.273,0.2454983369174683,0.3806838727397519,True,False
4.274,0.23346137060151606,0.3950493018997463,True,False
4.275,0.22138995775292597,0.19393329365985323,True,False
4.276,0.20928686398373214,0.3423760616464335,True,False
4.277,0.1971548578833904,0.19393329365985323,True,False
4.2780000000000005,0.1849967103918617,0.2801258686198196,True,False
4.279,0.1728151941731064,0.21787567559317722,True,False
4.28,0.1606130829891302,0.33758758525976873,True,False
4.281,0.14839315107472165,0.2657604394598252,True,False
4.282,0.13615817251301973,0.42856863660637146,True,False
4.283,0.12391092061205247,0.16041395895322808,True,False
4.284,0.11165416728238386,0.44772254215303064,True,False
4.285,0.0993906824160077,0.15083700617989848,True,False
4.2860000000000005,0.0871232332666263,0.1125291950865801,True,False
4.287,0.07485458383145144,0.1173176714732449,True,False
4.288,0.0625874942346638,0.16520243533989287,True,False
4.289,0.050324720112667386,0.27054891584649,True,False
4.29,0.03806901200127449,0.09337528953992091,True,False
4.291,0.025823114724955548,0.1077407186999153,True,False
4.292,0.01358976678828901,0.10295224231325051,True,False
4.293,0.0013716997697438543,0.07900986037992652,True,False
4.2940000000000005,-0.010828362282071983,0.27054891584649,True,False
4.295,-0.02300770344956523,0.07900986037992652,True,False
4.296,-0.035163616544581756,-0.045490525673329785,True,False
4.297,-0.047293403703971726,0.15083700617989848,True,False
4.298,-0.0593943769821652,-0.04070204928666499,True,False
4.299,-0.07146385894063008,0.03591357289997177,True,False
4.3,-0.08349918323408406,0.08379833676659132,True,False
4.301,-0.0954976951933341,-0.08858681315328454,True,False
4.3020000000000005,-0.10745675240461691,-0.016759667353341,True,False
4.303,-0.11937372528531588,0.07422138399326172,True,False
4.304,-0.1312459976559304,0.1316831006332393,True,False
4.305,-0.1430709673081741,0.19393329365985323,True,False
4.306,-0.15484604656908102,-0.05027900205999458,True,False
4.307,-0.16656866286099786,0.011971190966647782,True,False
4.308,-0.1782362592573432,0.0023942381933181878,True,False
4.309,-0.18984629503401498,-0.06464443121996055,True,False
4.3100000000000005,-0.20139624621632873,-0.1460485297932621,True,False
4.311,-0.2128836061213701,-0.10774071869994373,True,False
4.312,-0.22430588589564698,0.059855954833295755,True,False
4.313,-0.2356606150479273,-0.24181805752652963,True,False
4.314,-0.2469453419771496,-0.08858681315328454,True,False
4.315,-0.2581576344952954,-0.12210614785993812,True,False
4.316,-0.26929508034511335,-0.09337528953994934,True,False
4.317,-0.28035528771258617,-0.12689462424660292,True,False
4.3180000000000005,-0.29133588573403396,-0.18914481727321686,True,False
4.319,-0.302234524997746,-0.21787567559320564,True,False
4.32,-0.31304887804003867,-0.30406825055314357,True,False
4.321,-0.32377663983563537,-0.1316831006332677,True,False
4.322,-0.3344155282822658,-0.17956786449988726,True,False
4.323,-0.344963284679386,-0.33279910887313235,True,False
4.324,-0.3554176742009192,-0.12689462424660292,True,False
4.325,-0.36577648636192045,-0.17956786449988726,True,False
4.3260000000000005,-0.37603753547906915,-0.36631844357978594,True,False
4.327,-0.3861986611248955,-0.30885672693980837,True,False
4.328,-0.39625772857564767,-0.2992797741664788,True,False
4.329,-0.4062126292527093,-0.031125096513335393,True,False
4.33,-0.41606128115747626,-0.3854723491264451,True,False
4.331,-0.42580162929960663,-0.24181805752652963,True,False
4.332,-0.4354316461185564,-0.19393329365988166,True,False
4.333,-0.4449493318983157,-0.35195301441979154,True,False
4.3340000000000005,-0.4543527151752642,-0.3950493018997747,True,False
4.335,-0.4636398531390624,-0.3950493018997747,False,False
4.336,-0.47280883202650065,-0.23224110475320003,True,False
4.337,-0.4818577675082267,-0.4094147310597407,True,False
4.338,-0.490784805068277,-0.33758758525979715,True,False
4.339,-0.49958812037633443,-0.49081882963304224,True,False
4.34,-0.508265919652644,-0.31364520332647317,True,False
4.341,-0.5168164400255107,-0.44772254215305907,True,False
4.3420000000000005,-0.5252379498813144,-0.33758758525979715,True,False
4.343,-0.5335287492069709,-0.49081882963304224,True,False
4.344,-0.5416871699247756,-0.5099727351797014,True,False
4.345,-0.5497115762195663,-0.45251101853972386,True,False
4.346,-0.5576003648581405,-0.4333571129930647,True,False
4.347,-0.5653519655008693,-0.533915117112997,True,False
4.348,-0.5729648410054501,-0.5099727351797014,True,False
4.349,-0.5804374877227378,-0.37110691996645073,True,False
4.3500000000000005,-0.5877684357846046,-0.5770114045929802,True,False
4.351,-0.5949562493837726,-0.5434920698863266,True,False
4.352,-0.6019995270455688,-0.5626459754329858,True,False
4.353,-0.6088969018915553,-0.4333571129930647,True,False
4.354,-0.615647041894984,-0.5291266407263322,True,False
4.355,-0.622248650128035,-0.5147612115663662,True,False
4.356,-0.6287004650007912,-0.49081882963304224,True,False
4.357,-0.6350012604919121,-0.32322215609980276,True,False
4.358,-0.6411498463709623,-0.48124187685971265,True,False
4.359,-0.6471450684123626,-0.44772254215305907,True,False
4.36,-0.6529858086009241,-0.5243381643396674,True,False
4.361,-0.6586709853289335,-0.5195496879530026,True,False
4.362,-0.6641995535847569,-0.5770114045929802,True,False
4.363,-0.6695705051329348,-0.5099727351797014,True,False
4.364,-0.6747828686857373,-0.37110691996645073,True,False
4.365,-0.6798357100661561,-0.6727809323262477,True,False
4.366,-0.6847281323623079,-0.6344731212329293,True,False
4.367,-0.68945927607323,-0.6344731212329293,True,False
4.368,-0.6940283192460435,-0.6344731212329293,False,False
4.369,-0.6984344776044719,-0.5195496879530026,True,False
4.37,-0.7026770046686946,-0.5770114045929802,True,False
4.371,-0.7067551918665239,-0.6392615976195941,True,False
4.372,-0.7106683686358921,-0.5051842587930366,True,False
4.373,-0.7144159025186397,-0.6536270267795885,True,False
4.374,-0.7179971992455965,-0.6009537865263042,True,False
4.375,-0.7214117028129484,-0.5147612115663662,True,False
4.376,-0.724658895549887,-0.48603035324637744,True,False
4.377,-0.7277382981775407,-0.6632039795529181,True,False
4.378,-0.730649469859183,-0.7446080781262197,True,False
4.3790000000000004,-0.7333920082417268,-0.7685504600595152,True,False
4.38,-0.7359655494885001,-0.7685504600595152,False,False
4.381,-0.7383697683033162,-0.557857499046321,True,False
4.382,-0.7406043779458416,-0.5961653101396394,True,False
4.383,-0.742669130238272,-0.557857499046321,True,False
4.384,-0.7445638155633294,-0.557857499046321,True,False
4.385,-0.7462882628535926,-0.6296846448462929,True,False
4.386,-0.7478423395721755,-0.6296846448462929,True,False
4.3870000000000005,-0.7492259516847735,-0.6919348378729069,True,False
4.388,-0.7504390436230937,-0.581799880979645,True,False
4.389,-0.7514815982396923,-0.6632039795529181,True,False
4.39,-0.7523536367542427,-0.5291266407263322,True,False
4.391,-0.753055218691256,-0.7541850308995208,True,False
4.392,-0.7535864418092849,-0.6201076920729633,True,False
4.393,-0.7539474420216365,-0.7015117906462365,True,False
4.394,-0.7541383933086263,-0.48124187685971265,True,False
4.3950000000000005,-0.7541595076214047,-0.6967233142595717,True,False
4.396,-0.7540110347773913,-0.7302426489662253,True,False
4.397,-0.7536932623473522,-0.6392615976195941,True,False
4.398,-0.7532065155341591,-0.605742262912969,True,False
4.399,-0.7525511570432684,-0.5913768337529746,True,False
4.4,-0.7517275869449641,-0.5195496879530026,True,False
4.401,-0.7507362425284053,-0.6105307392996338,True,False
4.402,-0.7495775981475261,-0.7398196017395549,True,False
4.4030000000000005,-0.7482521650588317,-0.6153192156862985,True,False
4.404,-0.7467604912511419,-0.5722229282063154,True,False
4.405,-0.7451031612673314,-0.6919348378729069,True,False
4.406,-0.7432807960181188,-0.581799880979645,True,False
4.407,-0.7412940525879579,-0.6344731212329293,True,False
4.408,-0.7391436240330873,-0.6488385503929237,True,False
4.409,-0.7368302391717955,-0.557857499046321,True,False
4.41,-0.7343546623669602,-0.6967233142595717,True,False
4.4110000000000005,-0.7317176933009214,-0.6105307392996338,True,False
4.412,-0.7289201667427517,-0.7206656961928957,True,False
4.413,-0.7259629523079875,-0.6296846448462929,True,False
4.414,-0.7228469542108842,-0.6392615976195941,True,False
4.415,-0.7195731110092665,-0.5434920698863266,True,False
4.416,-0.7161423953420373,-0.6248961684596281,True,False
4.417,-0.7125558136594197,-0.6009537865263042,True,False
4.418,-0.7088144059459998,-0.6201076920729633,True,False
4.4190000000000005,-0.7049192454366469,-0.6919348378729069,True,False
4.42,-0.7008714383253829,-0.6632039795529181,True,False
4.421,-0.6966721234672779,-0.6488385503929237,True,False
4.422,-0.6923224720734505,-0.581799880979645,True,False
4.423,-0.6878236873992496,-0.43814558937972947,True,False
4.424,-0.6831770044256995,-0.581799880979645,True,False
4.425,-0.6783836895342905,-0.48124187685971265,True,False
4.426,-0.6734450401751961,-0.5147612115663662,True,False
4.4270000000000005,-0.6683623845290031,-0.46208797131305346,True,False
4.428,-0.6631370811620393,-0.5530690226596562,True,False
4.429,-0.6577705186753868,-0.533915117112997,True,False
4.43,-0.6522641153476683,-0.5961653101396394,True,False
4.431,-0.6466193187716965,-0.48603035324637744,True,False
4.432,-0.6408376054850784,-0.49081882963304224,True,False
4.433,-0.6349204805948638,-0.5291266407263322,True,False
4.434,-0.6288694773963355,-0.4333571129930647,True,False
4.4350000000000005,-0.6226861569860311,-0.4189916838330703,True,False
4.436,-0.6163721078690971,-0.5243381643396674,True,False
4.437,-0.6099289455610661,-0.46208797131305346,True,False
4.438,-0.6033583121841612,-0.46687644769971826,True,False
4.439,-0.5966618760582216,-0.5147612115663662,True,False
4.44,-0.5898413312863521,-0.5626459754329858,True,False
4.441,-0.5828983973353972,-0.45729949492638866,True,False
4.442,-0.5758348186113409,-0.5099727351797014,True,False
4.4430000000000005,-0.5686523640297366,-0.4094147310597407,True,False
4.444,-0.56135282658127,-0.32801063248646756,True,False
4.445,-0.5539380228925599,-0.4237801602197351,True,False
4.446,-0.5464097927823053,-0.46687644769971826,True,False
4.447,-0.5387699988128809,-0.44772254215305907,True,False
4.448,-0.5310205258374935,-0.34716453803312675,True,False
4.449,-0.5231632805430041,-0.49081882963304224,True,False
4.45,-0.5152001909885275,-0.43814558937972947,True,False
4.4510000000000005,-0.5071332061399181,-0.35674149080645634,True,False
4.452,-0.49896429540025183,-0.35195301441979154,True,False
4.453,-0.4906954481364196,-0.3854723491264451,True,False
4.454,-0.4823286732019395,-0.2992797741664788,True,False
4.455,-0.4738659984561041,-0.32801063248646756,True,False
4.456,-0.46530947027957553,-0.256183486686524,True,False
4.457,-0.4566611530865424,-0.23702958113986483,True,False
4.458,-0.4479231288335536,-0.24181805752652963,True,False
4.4590000000000005,-0.43909749652514346,-0.23224110475320003,True,False
4.46,-0.430186371716367,-0.34716453803312675,True,False
4.461,-0.42119188601235785,-0.2513950102998592,True,False
4.462,-0.4121161865650286,-0.30885672693980837,True,False
4.463,-0.40296143556703,-0.2609719630731888,True,False
4.464,-0.3937298097430881,-0.18435634088655206,True,False
4.465,-0.3844234998388342,-0.32801063248646756,True,False
4.466,-0.3750447101072517,-0.280125868619848,True,False
4.4670000000000005,-0.3655956577928537,-0.24181805752652963,True,False
4.468,-0.3560785726137136,-0.2753373922331832,True,False
4.469,-0.346495696241468,-0.24660653391319443,True,False
4.47,-0.33684928177941087,-0.24181805752652963,True,False
4.471,-0.32714159323880043,-0.17477938811322247,True,False
4.472,-0.3173749050134984,-0.04070204928666499,True,False
4.473,-0.3075515013530621,-0.30885672693980837,True,False
4.474,-0.29767367583441096,-0.22266415197987044,True,False
4.4750000000000005,-0.28774373083218746,-0.18914481727321686,True,False
4.476,-0.27776397698793454,-0.1604139589532565,True,False
4.477,-0.26773673267820913,-0.23702958113986483,True,False
4.478,-0.25766432348175505,-0.2849143450065128,True,False
4.479,-0.24754908164585418,-0.10295224231327893,True,False
4.48,-0.23739334555197875,-0.1316831006332677,True,False
4.481,-0.22719945918086562,-0.17956786449988726,True,False
4.482,-0.21696977157713318,-0.18435634088655206,True,False
4.483,-0.20670663631356204,-0.10774071869994373,True,False
4.484,-0.19641241095516118,-0.1508370061799269,True,False
4.485,-0.18608945652313946,-0.06464443121996055,True,False
4.486,-0.17574013695890364,-0.05506747844665938,True,False
4.487,-0.16536681858820304,-0.07900986037995494,True,False
4.488,-0.15497186958554174,-0.016759667353341,True,False
4.489,-0.1445576594389777,0.021548143739977377,True,False
4.49,-0.1341265584154284,-0.09816376592661413,True,False
4.491,-0.12368093702660354,-0.03591357290000019,True,False
4.492,-0.11322316549568262,0.07900986037992652,True,False
4.493,-0.10275561322485695,0.06943290760659693,True,False
4.494,-0.09228064826385436,-0.05027900205999458,True,False
4.495,-0.08180063677956464,0.14604852979323368,True,False
4.496,-0.07131794252688314,0.16999091172655767,True,False
4.497,-0.06083492632088981,0.19872177004651803,True,False
4.498,-0.050353945510480454,0.10295224231325051,True,False
4.499,-0.03987735345356613,-0.045490525673329785,True,False
4.5,-0.029407498993956355,0.2561834866864956,True,False
4.501,-0.018946725940041566,0.05027900205996616,True,False
4.502,-0.008497372545388794,0.1173176714732449,True,False
4.503,0.0019382290086351938,0.16999091172655767,True,False
4.5040000000000004,0.012357753128099915,0.2322411047531716,True,False
4.505,0.022758881319494148,0.21308719920651242,True,False
4.506,0.033139302700343355,0.16520243533989287,True,False
4.507,0.04349671450735087,0.16041395895322808,True,False
4.508,0.05382882260195179,0.2657604394598252,True,False
4.509,0.06413334197317025,0.2801258686198196,True,False
4.51,0.07440799723767061,0.21308719920651242,True,False
4.511,0.08465052313689476,0.19872177004651803,True,False
4.5120000000000005,0.094858665031178,0.1268946242465745,True,False
4.513,0.10503017939073656,0.17477938811322247,True,False
4.514,0.11516283428342174,0.2513950102998308,True,False
4.515,0.1252544098591354,0.21308719920651242,True,False
4.516,0.13530269883080293,0.40941473105971227,True,False
4.517,0.1453055069518008,0.27054891584649,True,False
4.518,0.1552606534897367,0.3567414908064279,True,False
4.519,0.16516597169648123,0.2609719630731604,True,False
4.5200000000000005,0.17501930927435091,0.31364520332644474,True,False
4.521,0.18481852883834374,0.14604852979323368,True,False
4.522,0.1945615083743288,0.32801063248643914,True,False
4.523,0.204246141693094,0.2753373922331548,True,False
4.524,0.21387033888015444,0.27054891584649,True,False
4.525,0.22343202674122847,0.45729949492636024,True,False
4.526,0.2329291492432862,0.43814558937970105,True,False
4.527,0.24235966795107913,0.5147612115663378,True,False
4.5280000000000005,0.25172156245905875,0.2801258686198196,True,False
4.529,0.2610128308185939,0.45729949492636024,True,False
4.53,0.2702314899603989,0.31364520332644474,True,False
4.531,0.2793755761120835,0.3854723491264167,True,False
4.532,0.28844314521073816,0.3950493018997463,True,False
4.533,0.2974322733104704,0.509972735179673,True,False
4.534,0.30634105698480696,0.509972735179673,True,False
4.535,0.31516761372387964,0.3950493018997463,True,False
4.5360000000000005,0.3239100823263132,0.47645340047301943,True,False
4.537,0.3325666232857351,0.5530690226596278,True,False
4.538,0.3411354191718284,0.3567414908064279,True,False
4.539,0.34961467500585,0.5195496879530026,True,False
4.54,0.3580026186305384,0.42378016021970666,True,False
4.541,0.36629750107433634,0.5387035934996334,True,False
4.542,0.37449759690985457,0.5865883573662813,True,False
4.543,0.38260120460650443,0.4812418768596842,True,False
4.5440000000000005,0.39060664687723035,0.45729949492636024,True,False
4.545,0.3985122710192712,0.43335711299303625,True,False
4.546,0.4063164492488839,0.5434920698862982,True,False
4.547,0.4140175790299627,0.5051842587930082,True,False
4.548,0.42161408339648987,0.5913768337529461,True,False
4.549,0.42910441126875404,0.47645340047301943,True,False
4.55,0.4364870377632745,0.524338164339639,True,False
4.551,0.4437604644963716,0.6153192156862701,True,False
4.5520000000000005,0.45092321988132383,0.5051842587930082,True,False
4.553,0.45797385941905605,0.572222928206287,True,False
4.554,0.4649109659822995,0.5003957824063434,True,False
4.555,0.471733150093175,0.4908188296330138,True,False
4.556,0.4784390501941413,0.6153192156862701,True,False
4.557,0.4850273329122616,0.6009537865262757,True,False
4.558,0.49149669331673607,0.6248961684595997,True,False
4.559,0.49784585516965535,0.7206656961928672,True,False
4.5600000000000005,0.5040735711699258,0.7302426489661968,True,False
4.561,0.5101786231903237,0.6153192156862701,True,False
4.562,0.5161598225076359,0.6153192156862701,True,False
4.563,0.522016010025844,0.5913768337529461,True,False
4.564,0.5277460564923121,0.6440500740062305,True,False
4.565,0.5333488627069436,0.6727809323262193,True,False
4.566,0.5388233597242645,0.6440500740062305,True,False
4.567,0.5441685090484047,0.6871463614862137,True,False
4.5680000000000005,0.5493833028209392,0.7206656961928672,True,False
4.569,0.55446676400156,0.5674344518196222,True,False
4.57,0.5594179465415497,0.701511790646208,True,False
4.571,0.5642359355500258,0.7398196017395264,True,False
4.572,0.5689198474529309,0.6344731212329293,True,False
4.573,0.5734688301447447,0.7063002670328729,True,False
4.574,0.5778820631328928,0.6536270267795601,True,False
4.575,0.5821587576748317,0.6775694087128841,True,False
4.5760000000000005,0.5862981569077904,0.8164352239261348,True,False
4.577,0.5902995359711498,0.8068582711528052,True,False
4.578,0.5941622021214432,0.7063002670328729,True,False
4.579,0.5978854948399654,0.81164674753947,True,False
4.58,0.6014687859329731,0.8451660822461236,True,False
4.581,0.6049114796244696,0.5865883573662813,True,False
4.582,0.6082130126415607,0.5578574990462926,True,False
4.583,0.6113728542923761,0.8451660822461236,True,False
4.5840000000000005,0.6143905065365481,0.6344731212329293,True,False
4.585,0.6172655040482442,0.8068582711528052,True,False
4.586,0.6199974142717496,0.6440500740062305,True,False
4.587,0.6225858374695997,0.7972813183794756,True,False
4.588,0.625030406763261,0.8260121766994644,True,False
4.589,0.627330788166364,0.8020697947661404,True,False
4.59,0.6294866806104915,0.8020697947661404,True,False
4.591,0.6314978159635262,0.6823578850995489,True,False
4.5920000000000005,0.6333639590405676,0.8595315114061179,True,False
4.593,0.6350849076074235,0.7302426489661968,True,False
4.594,0.6366604923766892,0.6871463614862137,True,False
4.595,0.638090576996424,0.7781274128328164,True,False
4.596,0.6393750580314417,0.7924928419928108,True,False
4.597,0.6405138649372267,0.7829158892194812,True,False
4.598,0.6415069600264958,0.6153192156862701,True,False
4.599,0.6423543384284219,0.725454172579532,True,False
4.6000000000000005,0.6430560280405418,0.8212237003127996,True,False
4.601,0.6436120894733683,0.7589735072861572,True,False
4.602,0.6440226159877304,0.7972813183794756,True,False
4.603,0.6442877334248668,0.5530690226596278,True,False
4.604,0.6444076001293002,0.81164674753947,True,False
4.605,0.644382406864518,0.8786854169527487,True,False
4.606,0.6442123767214918,0.8164352239261348,True,False
4.607,0.6438977650200656,0.6584155031662249,True,False
4.6080000000000005,0.6434388592032458,0.7398196017395264,True,False
4.609,0.6428359787244283,0.7589735072861572,True,False
4.61,0.6420894749275955,0.6919348378728785,True,False
4.611,0.6411997309205264,0.6009537865262757,True,False
4.612,0.6401671614410526,0.6105307392996053,True,False
4.613,0.6389922127164048,0.763761983672822,True,False
4.614,0.6376753623156901,0.81164674753947,True,False
4.615,0.6362171189955437,0.6105307392996053,True,False
4.616,0.6346180225390007,0.9169932280460671,True,False
4.617,0.6328786435876333,0.7733389364461516,True,False
4.618,0.6309995834670022,0.7302426489661968,True,False
4.619,0.628981474005471,0.7589735072861572,True,False
4.62,0.6268249773464333,0.6823578850995489,True,False
4.621,0.6245307857540073,0.5913768337529461,True,False
4.622,0.6220996214122485,0.8212237003127996,True,False
4.623,0.6195322362179372,0.7158772198062024,True,False
4.624,0.6168294115669953,0.572222928206287,True,False
4.625,0.6139919581345925,0.701511790646208,True,False
4.626,0.6110207156489984,0.7206656961928672,True,False
4.627,0.6079165526592415,0.6823578850995489,True,False
4.628,0.6046803662966376,0.6679924559395545,True,False
4.6290000000000004,0.6013130820302487,0.8212237003127996,True,False
4.63,0.5978156534163376,0.701511790646208,True,False
4.631,0.594189061841884,0.787704365606146,True,False
4.632,0.5904343162622264,0.6440500740062305,True,False
4.633,0.586552452932901,0.7398196017395264,True,False
4.634,0.5825445351357429,0.6248961684595997,True,False
4.635,0.5784116528993234,0.6488385503928953,True,False
4.636,0.5741549227137903,0.5913768337529461,True,False
4.6370000000000005,0.5697754872401904,0.6632039795528897,True,False
4.638,0.5652745150143396,0.6775694087128841,True,False
4.639,0.5606532001453217,0.725454172579532,True,False
4.64,0.5559127620086893,0.5913768337529461,True,False
4.641,0.5510544449344443,0.7398196017395264,True,False
4.642,0.5460795178898742,0.7781274128328164,True,False
4.643,0.540989274157326,0.787704365606146,True,False
4.644,0.5357850310069965,0.7110887434195376,True,False
4.6450000000000005,0.5304681293648185,0.6153192156862701,True,False
4.646,0.5250399334755282,0.6823578850995489,True,False
4.647,0.5195018305609936,0.6201076920729349,True,False
4.648,0.5138552304738894,0.6584155031662249,True,False
4.649,0.5081015653468032,0.6009537865262757,True,False
4.65,0.5022422892368585,0.6105307392996053,True,False
4.651,0.49627887776594143,0.524338164339639,True,False
4.652,0.49021282775661745,0.6344731212329293,True,False
4.6530000000000005,0.4840456568638278,0.5961653101396109,True,False
4.654,0.47777890320245514,0.6248961684595997,True,False
4.655,0.4714141249708464,0.5003957824063434,True,False
4.656,0.4649529000703841,0.5003957824063434,True,False
4.657,0.45839682572120016,0.5291266407263038,True,False
4.658,0.4517475180741201,0.6727809323262193,True,False
4.659,0.44500661181893486,0.6057422629129405,True,False
4.66,0.4381757597890893,0.6823578850995489,True,False
4.6610000000000005,0.4312566325628861,0.42856863660637146,True,False
4.662,0.4242509180612971,0.40941473105971227,True,False
4.663,0.41716032114247825,0.5530690226596278,True,False
4.664,0.40998656319308463,0.548280546272963,True,False
4.665,0.40273138171648176,0.5626459754329574,True,False
4.666,0.39539652991795093,0.43814558937970105,True,False
4.667,0.3879837762869856,0.4956073060196786,True,False
4.668,0.3804949041767782,0.45729949492636024,True,False
4.6690000000000005,0.372931711380995,0.3663184435797575,True,False
4.67,0.3652960097079388,0.6775694087128841,True,False
4.671,0.35758962455219934,0.47645340047301943,True,False
4.672,0.3498143944638906,0.3806838727397519,True,False
4.673,0.34197217071557673,0.41899168383304186,True,False
4.674,0.33406481686698586,0.5913768337529461,True,False
4.675,0.32609420832761515,0.47166492408635463,True,False
4.676,0.3180622319173261,0.27054891584649,True,False
4.6770000000000005,0.3099707854250334,0.41420320744637706,True,False
4.678,0.3018217771655898,0.2801258686198196,True,False
4.679,0.2936171255349676,0.3615299671930927,True,False
4.68,0.2853587585638411,0.42378016021970666,True,False
4.681,0.27704861346967186,0.4812418768596842,True,False
4.682,0.2686886362073997,0.21787567559317722,True,False
4.683,0.2602807810188429,0.2849143450064844,True,False
4.684,0.2518270099809106,0.41899168383304186,True,False
4.6850000000000005,0.2433292925527311,0.3806838727397519,True,False
4.686,0.23478960512179867,0.42856863660637146,True,False
4.687,0.22620993054924357,0.31364520332644474,True,False
4.688,0.21759225771432766,0.2370295811398364,True,False
4.689,0.2089385810582702,0.3567414908064279,True,False
4.69,0.20025090012750668,0.22745262836650681,True,False
4.691,0.19153121911648446,0.27054891584649,True,False
4.692,0.18278154641009847,0.2322411047531716,True,False
4.6930000000000005,0.17400389412587114,0.15083700617989848,True,False
4.694,0.16520027765597897,0.06943290760659693,True,False
4.695,0.15637271520922957,0.1412600534065689,True,False
4.696,0.14752322735309154,0.30406825055311515,True,False
4.697,0.13865383655588095,0.2322411047531716,True,False
4.698,0.12976656672920636,0.2609719630731604,True,False
4.699,0.12086344277077543,0.31364520332644474,True,False
4.7,0.11194649010766494,0.2753373922331548,True,False
4.7010000000000005,0.10301773424015626,0.3615299671930927,True,False
4.702,0.0940792002862384,0.22266415197984202,True,False
4.703,0.08513291252687949,0.18435634088652364,True,False
4.704,0.07618089395216807,0.1412600534065689,True,False
4.705,0.06722516580842504,0.1077407186999153,True,False
4.706,0.058267747146386314,0.20351024643318283,True,False
4.707,0.049310654370556296,0.1221061478599097,True,False
4.708,0.04035590078983202,0.21787567559317722,True,False
4.7090000000000005,0.031405496169496394,0.14604852979323368,True,False
4.71,0.02246144628468012,0.19872177004651803,True,False
4.711,0.013525752475389653,0.15562548256656328,True,False
4.712,0.004600411203199489,0.09816376592658571,True,False
4.713,-0.0043125863902944706,0.07900986037992652,True,False
4.714,-0.013211254923163497,0.09337528953992091,True,False
4.715,-0.02209361521088068,0.08858681315325612,True,False
4.716,-0.03095769470200624,0.15562548256656328,True,False
4.7170000000000005,-0.03980152791172837,-0.0023942381933466095,True,False
4.718,-0.04862315685316547,-0.06943290760662535,True,False
4.719,-0.057420631466336323,0.059855954833295755,True,False
4.72,-0.06619201004470496,0.16041395895322808,True,False
4.721,-0.07493535965920821,0.040702049286636566,True,False
4.722,-0.08364875657967423,0.021548143739977377,True,False
4.723,-0.09233028669354114,0.15562548256656328,True,False
4.724,-0.100978045921786,-0.06943290760662535,True,False
4.7250000000000005,-0.10959014063197424,-0.026336620126670596,True,False
4.726,-0.11816468804834145,0.09816376592658571,True,False
4.727,-0.12669981665881974,-0.07422138399329015,True,False
4.728,-0.13519366661892146,-0.016759667353341,True,False
4.729,-0.14364439015239444,0.01675966735331258,True,False
4.73,-0.15205015194856333,-0.04070204928666499,True,False
4.731,-0.16040912955627307,-0.0215481437400058,True,False
4.732,-0.16871951377435024,-0.04070204928666499,True,False
4.7330000000000005,-0.17697950903850068,-0.04070204928666499,False,False
4.734,-0.18518733380456107,-0.07900986037995494,True,False
4.735,-0.1933412209280237,0.03112509651330697,True,False
4.736,-0.2014394180397554,-0.21787567559320564,True,False
4.737,-0.20948018791783124,-0.08858681315328454,True,False
4.738,-0.2174618088554051,-0.19393329365988166,True,False
4.739,-0.22538257502454115,-0.17956786449988726,True,False
4.74,-0.23324079683592944,-0.1364715770199325,True,False
4.741,-0.24103480129441207,-0.21787567559320564,True,False
4.742,-0.24876293235024505,-0.1604139589532565,True,False
4.743,-0.256423551246024,-0.07422138399329015,True,False
4.744,-0.26401503685920275,-0.11252919508660852,True,False
4.745,-0.2715357860401325,-0.2513950102998592,True,False
4.746,-0.27898421394555456,-0.026336620126670596,True,False
4.747,-0.2863587543674773,-0.19393329365988166,True,False
4.748,-0.2936578600573697,-0.2609719630731888,True,False
4.749,-0.3008800030456073,-0.12210614785993812,True,False
4.75,-0.30802367495610444,-0.23702958113986483,True,False
4.751,-0.3150873873160697,-0.2657604394598536,True,False
4.752,-0.3220696718608227,-0.2897028213931492,True,False
4.753,-0.32896908083361004,-0.20829872281987605,True,False
4.7540000000000004,-0.3357841872803615,-0.21787567559320564,True,False
4.755,-0.3425135853393277,-0.18914481727321686,True,False
4.756,-0.34915589052554075,-0.12210614785993812,True,False
4.757,-0.355709740010043,-0.10774071869994373,True,False
4.758,-0.3621737928938286,-0.12210614785993812,True,False
4.759,-0.3685467304764434,-0.2897028213931492,True,False
4.76,-0.37482725651919147,-0.1556254825665917,True,False
4.761,-0.381014097502898,-0.31843367971313796,True,False
4.7620000000000005,-0.3871060028801765,-0.30885672693980837,True,False
4.763,-0.3931017453221545,-0.20829872281987605,True,False
4.764,-0.39900012095960835,-0.30406825055314357,True,False
4.765,-0.40479994961846255,-0.2849143450065128,True,False
4.766,-0.41050007504960906,-0.24181805752652963,True,False
4.767,-0.41609936515300266,-0.34716453803312675,True,False
4.768,-0.4215967121959916,-0.31843367971313796,True,False
4.769,-0.42699103302584185,-0.31843367971313796,True,False
4.7700000000000005,-0.4322812692764173,-0.280125868619848,True,False
4.771,-0.4374663875689769,-0.20829872281987605,True,False
4.772,-0.44254537970705354,-0.23224110475320003,True,False
4.773,-0.4475172628653786,-0.37110691996645073,True,False
4.774,-0.4523810797728193,-0.33279910887313235,True,False
4.775,-0.45713589888929745,-0.46687644769971826,True,False
4.776,-0.4617808145766563,-0.32322215609980276,True,False
4.777,-0.4663149472634497,-0.3902608255131099,True,False
4.7780000000000005,-0.47073744360362196,-0.32322215609980276,True,False
4.779,-0.4750474766290556,-0.2897028213931492,True,False
4.78,-0.4792442458959583,-0.48124187685971265,True,False
4.781,-0.4833269776250675,-0.48124187685971265,False,False
4.782,-0.487294924835651,-0.48124187685971265,True,False
4.783,-0.49114736747328,-0.4237801602197351,True,False
4.784,-0.49488361253135804,-0.4237801602197351,True,False
4.785,-0.49850299416638644,-0.280125868619848,True,False
4.7860000000000005,-0.5020048738069497,-0.21308719920654084,True,False
4.787,-0.5053886402564061,-0.24181805752652963,True,False
4.788,-0.50865370978927,-0.35674149080645634,True,False
4.789,-0.511799526241274,-0.36152996719312114,True,False
4.79,-0.5148255610930975,-0.4142032074464055,True,False
4.791,-0.5177313135477571,-0.5913768337529746,True,False
4.792,-0.5205163106016463,-0.37110691996645073,True,False
4.793,-0.5231801071092209,-0.3950493018997747,True,False
4.7940000000000005,-0.5257222858413244,-0.2705489158465184,True,False
4.795,-0.5281424575371487,-0.3806838727397803,True,False
4.796,-0.5304402609498297,-0.5387035934996618,True,False
4.797,-0.5326153628856755,-0.34237606164646195,True,False
4.798,-0.5346674582370303,-0.4333571129930647,True,False
4.799,-0.5365962700087722,-0.5003957824063718,True,False
4.8,-0.5384015493384525,-0.4237801602197351,True,False
4.801,-0.5400830755100795,-0.3998377782864395,True,False
4.8020000000000005,-0.5416406559615532,-0.6009537865263042,True,False
4.803,-0.5430741262857592,-0.5243381643396674,True,False
4.804,-0.5443833502253316,-0.4285686366063999,True,False
4.805,-0.5455682196610933,-0.47645340047304785,True,False
4.806,-0.5466286545941899,-0.3902608255131099,True,False
4.807,-0.5475646031219256,-0.37110691996645073,True,False
4.808,-0.5483760414073202,-0.557857499046321,True,False
4.809,-0.5490629736424014,-0.5099727351797014,True,False
4.8100000000000005,-0.5496254320052496,-0.46208797131305346,True,False
4.811,-0.5500634766108169,-0.4046262546730759,True,False
4.812,-0.5503771954555365,-0.45729949492638866,True,False
4.813,-0.5505667043557492,-0.31843367971313796,True,False
4.814,-0.5506321468799649,-0.5291266407263322,True,False
4.815,-0.5505736942749881,-0.4237801602197351,True,False
4.816,-0.5503915453859306,-0.5051842587930366,True,False
4.817,-0.5500859265701393,-0.48124187685971265,True,False
4.8180000000000005,-0.5496570916050676,-0.48603035324637744,True,False
4.819,-0.5491053215901195,-0.2753373922331832,True,False
4.82,-0.5484309248424993,-0.46208797131305346,True,False
4.821,-0.5476342367870971,-0.49560730601970704,True,False
4.822,-0.5467156198404454,-0.3950493018997747,True,False
4.823,-0.5456754632887799,-0.44293406576639427,True,False
4.824,-0.5445141831602449,-0.5434920698863266,True,False
4.825,-0.5432322220912748,-0.4333571129930647,True,False
4.8260000000000005,-0.5418300491871945,-0.4333571129930647,True,False
4.827,-0.5403081598770796,-0.44772254215305907,True,False
4.828,-0.5386670757629135,-0.4046262546730759,True,False
4.829,-0.5369073444630879,-0.34716453803312675,True,False
4.83,-0.5350295394502866,-0.5051842587930366,True,False
4.831,-0.5330342598838032,-0.31364520332647317,True,False
4.832,-0.5309221304363303,-0.37589539635311553,True,False
4.833,-0.5286938011152765,-0.34237606164646195,True,False
4.8340000000000005,-0.5263499470786531,-0.37589539635311553,True,False
4.835,-0.5238912684455819,-0.45251101853972386,True,False
4.836,-0.521318490101477,-0.34237606164646195,True,False
4.837,-0.5186323614979484,-0.44293406576639427,True,False
4.838,-0.5158336564474838,-0.36152996719312114,True,False
4.839,-0.5129231729129602,-0.4333571129930647,True,False
4.84,-0.5099017327920422,-0.3950493018997747,True,False
4.841,-0.5067701816965221,-0.3806838727397803,True,False
4.8420000000000005,-0.5035293887266578,-0.44772254215305907,True,False
4.843,-0.5001802462405701,-0.4189916838330703,True,False
4.844,-0.49672366961875586,-0.43814558937972947,True,False
4.845,-0.4931605970237774,-0.46687644769971826,True,False
4.846,-0.48949198915519104,-0.47645340047304785,True,False
4.847,-0.4857188289997753,-0.2753373922331832,True,False
4.848,-0.4818421215771234,-0.5051842587930366,True,False
4.849,-0.477862893680663,-0.23702958113986483,True,False
4.8500000000000005,-0.4737821936141686,-0.4046262546730759,True,False
4.851,-0.46960109092383384,-0.22745262836653524,True,False
4.852,-0.4653206761259681,-0.48603035324637744,True,False
4.853,-0.46094206043038755,-0.5003957824063718,True,False
4.854,-0.45646637545956786,-0.33758758525979715,True,False
4.855,-0.4518947729636291,-0.24181805752652963,True,False
4.856,-0.4472284245312219,-0.4094147310597407,True,False
4.857,-0.44246852129638714,-0.256183486686524,True,False
4.8580000000000005,-0.437616273641461,-0.2705489158465184,True,False
4.859,-0.43267291089609655,-0.2849143450065128,True,False
4.86,-0.42763968103247846,-0.35195301441979154,True,False
4.861,-0.42251785035680095,-0.24660653391319443,True,False
4.862,-0.41730870319708885,-0.32801063248646756,True,False
4.863,-0.41201354158743214,-0.33758758525979715,True,False
4.864,-0.4066336849487148,-0.4333571129930647,True,False
4.865,-0.40117046976591264,-0.3806838727397803,True,False
4.866,-0.3956252492620377,-0.256183486686524,True,False
4.867,-0.38999939306880943,-0.10295224231327893,True,False
4.868,-0.3842942868941295,-0.23702958113986483,True,False
4.869,-0.37851133218644056,-0.22266415197987044,True,False
4.87,-0.3726519457960501,-0.256183486686524,True,False
4.871,-0.3667175596334983,-0.31364520332647317,True,False
4.872,-0.36070962032505205,-0.19393329365988166,True,False
4.873,-0.35462958886540746,-0.19393329365988166,True,False
4.874,-0.3484789402676823,-0.32801063248646756,True,False
4.875,-0.3422591632107804,-0.294491297779814,True,False
4.876,-0.3359717596842139,-0.19393329365988166,True,False
4.877,-0.3296182446304636,-0.21308719920654084,True,False
4.878,-0.32320014558496435,-0.18435634088655206,True,False
4.8790000000000004,-0.31671900231379824,-0.1508370061799269,True,False
4.88,-0.3101763664491811,-0.1412600534065973,True,False
4.881,-0.3035738011228279,-0.20351024643321125,True,False
4.882,-0.29691288059728177,-0.2753373922331832,True,False
4.883,-0.2901951898952935,-0.23702958113986483,True,False
4.884,-0.28342232442733734,-0.280125868619848,True,False
4.885,-0.2765958896173494,-0.2705489158465184,True,False
4.886,-0.2697175005267755,-0.06943290760662535,True,False
4.8870000000000005,-0.2627887814770172,-0.08858681315328454,True,False
4.888,-0.2558113656703596,-0.1412600534065973,True,False
4.889,-0.24878689480947264,-0.11252919508660852,True,False
4.89,-0.24171701871557025,-0.1460485297932621,True,False
4.891,-0.2346033949453177,-0.17477938811322247,True,False
4.892,-0.22744768840657292,0.08379833676659132,True,False
4.893,-0.22025157097305156,-0.016759667353341,True,False
4.894,-0.21301672109800396,-0.007182714580011407,True,False
4.8950000000000005,-0.20574482342699088,-0.04070204928666499,True,False
4.896,-0.19843756840984852,-0.10774071869994373,True,False
4.897,-0.19109665191192915,-0.011971190966676204,True,False
4.898,-0.18372377482470773,-0.045490525673329785,True,False
4.899,-0.1763206426758417,-0.04070204928666499,True,False
4.9,-0.1688889652387732,0.04549052567330136,True,False
4.901,-0.16143045614196164,-0.10295224231327893,True,False
4.902,-0.15394683247783525,-0.03591357290000019,True,False
4.9030000000000005,-0.1464398144115503,0.07422138399326172,True,False
4.904,-0.13891112478964557,-0.08379833676661974,True,False
4.905,-0.1313624887486806,0.059855954833295755,True,False
4.906,-0.12379563332394587,0.03112509651330697,True,False
4.907,-0.11621228705833246,-0.05506747844665938,True,False
4.908,-0.108614179611449,0.0023942381933181878,True,False
4.909,-0.10100304136907337,-0.045490525673329785,True,False
4.91,-0.0933806030530268,0.03591357289997177,True,False
4.9110000000000005,-0.08574859533155686,-0.10295224231327893,True,False
4.912,-0.07810874843031657,-0.04070204928666499,True,False
4.913,-0.07046279174402628,0.07900986037992652,True,False
4.914,-0.06281245344890422,-0.007182714580011407,True,False
4.915,-0.05515946011595199,-0.05027900205999458,True,False
4.916,-0.04750553632518062,0.05506747844663096,True,False
4.917,-0.03985240428086246,0.03112509651330697,True,False
4.918,-0.03220178342789392,0.15562548256656328,True,False
4.9190000000000005,-0.02455539006935353,0.03591357289997177,True,False
4.92,-0.016914936985339732,0.14604852979323368,True,False
4.921,-0.009282133053171895,0.2561834866864956,True,False
4.922,-0.0016586828690381798,0.1316831006332393,True,False
4.923,0.005953713628827008,0.19393329365985323,True,False
4.924,0.013553361535353605,0.1268946242465745,True,False
4.925,0.021138571352152368,0.1077407186999153,True,False
4.926,0.028707659359256035,-0.05027900205999458,True,False
4.9270000000000005,0.03625894798500402,0.10295224231325051,True,False
4.928,0.04379076617399057,0.18435634088652364,True,False
4.929,0.05130144975299622,0.15562548256656328,True,False
4.93,0.058789341794823514,0.27054891584649,True,False
4.931,0.06625279297995833,0.18914481727318844,True,False
4.932,0.07369016195597865,0.31364520332644474,True,False
4.933,0.08109981569463338,0.22266415197984202,True,False
4.934,0.08848012984651454,0.17956786449985884,True,False
4.9350000000000005,0.09582948909324653,0.22266415197984202,True,False
4.936,0.10314628749711707,0.2322411047531716,True,False
4.937,0.11042892884807523,0.30406825055311515,True,False
4.938,0.11767582700802202,0.31364520332644474,True,False
4.939,0.12488540625232081,0.1268946242465745,True,False
4.94,0.1320561016084543,0.21308719920651242,True,False
4.941,0.13918635919175684,0.08379833676659132,True,False
4.942,0.14627463653815045,0.2897028213931492,True,False
4.9430000000000005,0.15331940293381457,0.31364520332644474,True,False
4.944,0.16031913974171985,0.2801258686198196,True,False
4.945,0.16727234072495734,0.2609719630731604,True,False
4.946,0.17417751236679516,0.1316831006332393,True,False
4.947,0.18103317418739556,0.3663184435797575,True,False
4.948,0.1878378590571263,0.2561834866864956,True,False
4.949,0.1945901135064009,0.3950493018997463,True,False
4.95,0.20128849803198326,0.3663184435797575,True,False
4.9510000000000005,0.2079315873996932,0.2849143450064844,True,False
4.952,0.2145179709434502,0.5434920698862982,True,False
4.953,0.22104625286059384,0.3998377782864111,True,False
4.954,0.2275150525034192,0.15562548256656328,True,False
4.955,0.23392300466686905,0.2609719630731604,True,False
4.956,0.24026875987232205,0.2561834866864956,True,False
4.957,0.24655098464742012,0.33279910887310393,True,False
4.958,0.252768361801878,0.5003957824063434,True,False
4.9590000000000005,0.25891959069921855,0.30885672693977995,True,False
4.96,0.2650033875243788,0.3854723491264167,True,False
4.961,0.2710184855471332,0.33279910887310393,True,False
4.962,0.2769636353812812,0.3663184435797575,True,False
4.963,0.28283760523954615,0.43335711299303625,True,False
4.964,0.2886391811841363,0.32801063248643914,True,False
4.965,0.2943671673729164,0.3471645380330983,True,False
4.966,0.3000203863011428,0.41899168383304186,True,False
4.9670000000000005,0.3055976790387124,0.43335711299303625,True,False
4.968,0.3110979054628809,0.5291266407263038,True,False
4.969,0.31651994448640347,0.486030353246349,True,False
4.97,0.32186269428105324,0.41899168383304186,True,False
4.971,0.3271250724964757,0.4812418768596842,True,False
4.972,0.3323060164743356,0.3998377782864111,True,False
4.973,0.33740448345771507,0.41420320744637706,True,False
4.974,0.34241945079572417,0.3854723491264167,True,False
4.9750000000000005,0.347349916143284,0.43335711299303625,True,False
4.976,0.35219489765604534,0.5578574990462926,True,False
4.977,0.35695343418040576,0.33758758525976873,True,False
4.978,0.36162458543859005,0.46687644769968983,True,False
4.979,0.36620743220876006,0.548280546272963,True,False
4.98,0.37070107650012024,0.5003957824063434,True,False
4.981,0.3751046417229878,0.41420320744637706,True,False
4.982,0.37941727285379634,0.5003957824063434,True,False
4.9830000000000005,0.3836381365950033,0.5817998809796165,True,False
4.984,0.38776642152987295,0.5291266407263038,True,False
4.985,0.39180133827210895,0.41899168383304186,True,False
4.986,0.39574211961030836,0.3998377782864111,True,False
4.987,0.399588020647214,0.5291266407263038,True,False
4.988,0.4033383189337421,0.5865883573662813,True,False
4.989,0.406992314597761,0.548280546272963,True,False
4.99,0.41054933046760117,0.6153192156862701,True,False
4.9910000000000005,0.4140087121902773,0.5817998809796165,True,False
4.992,0.4173698283444013,0.6584155031662249,True,False
4.993,0.420632070547772,0.572222928206287,True,False
4.994,0.4237948535596229,0.5913768337529461,True,False
4.995,0.426857615377514,0.46687644769968983,True,False
4.996,0.42981981732885377,0.45251101853969544,True,False
4.997,0.43268094415703906,0.5913768337529461,True,False
4.998,0.4354405041022009,0.47645340047301943,True,False
4.999,0.4380980289765468,0.81164674753947,True,False
5.0,0.44065307423429056,0.6105307392996053,True,False
