time_s,displacement_m,velocity_m_s,acceleration_m_s2,control_force_n,disturbance_force_n,estimated_displacement_m,estimated_velocity_m_s,measurement_valid
0.0,0.0,0.0,-0.00030875743877303255,-2.4700595101842605e-05,0.0,7.057312886240745e-07,6.782861829553604e-06,True
0.001,-1.5429866437184442e-10,-3.085144167144223e-07,0.005866037135575528,0.0004692431717400779,0.0,3.057768215455963e-07,2.3959428969241858e-06,True
0.002,2.468696098212582e-09,5.552940268411828e-06,0.0663716016870763,0.005310438924328081,0.0,-4.002839464350904e-06,-3.324452868781033e-05,True
0.003,4.119002014114079e-08,7.187167668404677e-05,-0.03165474489136655,-0.0025230135697446978,0.0,-1.84647270241003e-06,5.513106094317704e-05,True
0.004,9.723983768414796e-08,4.023376577715772e-05,0.01487290632866244,0.0011964108752645687,0.0,-2.762897261665267e-06,1.4588422071644382e-05,True
0.005,1.4490469215946357e-07,5.509044173415401e-05,0.023307288546515287,0.0018738022211881918,0.0,-4.201845291648998e-06,1.617322691846427e-05,True
0.006,2.116406699071111e-07,7.837319072259862e-05,-0.06287511110343286,-0.0050167945733295876,0.0,-2.0582815100574452e-08,8.054804559944793e-05,True
0.007,2.5858966952286497e-07,1.5538756019673323e-05,0.018087458811419665,0.0014535159696873455,0.0,-1.196935504298004e-06,5.641709880056534e-06,True
0.008,2.831668827244812e-07,3.361023104269439e-05,0.048980205896945066,0.003927546703369769,0.0,-4.343214015001923e-06,-6.221948028595109e-06,True
0.009000000000000001,3.4125325715561766e-07,8.254810557552407e-05,-0.018533583809381193,-0.0014666383734526314,0.0,-3.0325655421454865e-06,5.651552977300703e-05,True
0.01,4.1453628184410186e-07,6.401982764848543e-05,0.0031679635404351435,0.0002685811156258236,0.0,-3.164096976680492e-06,3.6972763789100906e-05,True
0.011,4.801368700260002e-07,6.717809919846854e-05,-0.07102485021570576,-0.0056652841816921765,0.0,1.5128484288871146e-06,8.558178302114214e-05,True
0.012,5.118184412945329e-07,-3.798401186702206e-06,-0.05847409715832386,-0.0046691708488650115,0.0,5.2506793226959914e-06,4.9399139188196294e-05,True
0.013000000000000001,4.787982951523022e-07,-6.222604645912008e-05,-0.05883621135184423,-0.004705745664409892,0.0,8.912195021574965e-06,2.4495455622467216e-05,True
0.014,3.87171730745373e-07,-0.00012100895120453254,0.061872623254007705,0.004942257877329489,0.0,4.657794452275683e-06,-7.749329737435906e-05,True
0.015,2.97087584890728e-07,-5.9171421260080685e-05,-0.0019957406564581883,-0.00016141224653983165,0.0,4.656490355684738e-06,-1.591457483924479e-05,True
0.016,2.3692102885674942e-07,-6.115893774209147e-05,0.01360594215223054,0.0010854008781688137,0.0,3.6456579341318802e-06,-2.851833235995484e-05,True
0.017,1.8256382702520233e-07,-4.755682797373504e-05,-0.028019279311115208,-0.0022439630153596114,0.0,5.359313794589367e-06,1.0159128225943334e-06,True
0.018000000000000002,1.210064069819547e-07,-7.554870602496107e-05,-0.024865443065045414,-0.0019961231746009537,0.0,6.823724476200967e-06,-1.4176144620167412e-05,True
0.019,3.303425858170287e-08,-0.00010038608275193165,-0.010111718112981042,-0.0008203891623142445,0.0,7.294622294538789e-06,-3.597965833779806e-05,True
0.02,-7.240129838138342e-08,-0.00011047855438380507,0.029067898875756074,0.0023108712601635642,0.0,5.216741290107678e-06,-6.744678411072083e-05,True
0.021,-1.6834929869628114e-07,-8.142111237226539e-05,0.01753996451321156,0.00139039634019572,0.0,3.94307142342793e-06,-5.12266340441423e-05,True
0.022,-2.4100192444913514e-07,-6.388579838760222e-05,-0.030166515753577507,-0.0024253255907327976,0.0,5.7951508492682705e-06,-1.6364144890900006e-05,True
0.023,-3.199607642825679e-07,-9.402138674132736e-05,0.06943893690012112,0.005538073091843644,0.0,1.1466460949621709e-06,-9.248009557818841e-05,True
0.024,-3.792771623083658e-07,-2.462653310024619e-05,0.013237606813421569,0.0010492263721801455,0.0,2.6457404192263925e-07,-3.0962313193742756e-05,True
0.025,-3.972874011164622e-07,-1.1396576519337318e-05,0.1138358682463326,0.009098350697304192,0.0,-7.110009592710142e-06,-8.844042970940811e-05,True
0.026000000000000002,-3.5179513180749184e-07,0.00010235097330482926,-0.08732794367111767,-0.006980285689265369,0.0,-1.2564581554549004e-06,8.413051086453395e-05,True
0.027,-2.930893245620148e-07,1.5080256684038877e-05,-0.048564016876574884,-0.0038885873271660223,0.0,1.9278036766154997e-06,2.6829153654542666e-05,True
0.028,-3.022790498748221e-07,-3.34472312489064e-05,-0.024073472157541388,-0.0019353324632509267,0.0,3.4402403847688472e-06,-7.97384821895885e-06,True
0.029,-3.477555216017262e-07,-5.749799438609534e-05,-0.017273580464282755,-0.001395045795857783,0.0,4.47233543123919e-06,-2.2931379613770585e-05,True
0.03,-4.1388367213820426e-07,-7.475151369671123e-05,-0.05510629391435866,-0.004424923600890786,0.0,7.928523172775558e-06,-7.903130022435812e-06,True
0.031,-5.161712426327553e-07,-0.0001298060284271717,0.026302381744239423,0.0020793227337605035,0.0,6.0201660514738185e-06,-8.325221252415146e-05,True
0.032,-6.328280340015552e-07,-0.00010350975360356952,0.034832063806350434,0.002762753029463578,0.0,3.6125070706923107e-06,-8.08304691120807e-05,True
0.033,-7.189269068428391e-07,-6.869346720198984e-05,-0.02148047423844826,-0.0017396218394632708,0.0,4.9187290075255415e-06,-3.3656509840549225e-05,True
0.034,-7.983524666408237e-07,-9.014931021566939e-05,-0.040842957177762526,-0.0032926248358464178,0.0,7.445424813665642e-06,-3.185018150329184e-05,True
0.035,-9.089092863009753e-07,-0.00013094998348548456,0.015512956922427892,0.0012089621886225558,0.0,6.255504119656854e-06,-8.576578163238362e-05,True
0.036000000000000004,-1.0321019047612113e-06,-0.00011543451253140868,0.004771442649206329,0.00034928543614703544,0.0,5.795400410883554e-06,-7.553039743993025e-05,True
0.037,-1.1451476059427092e-06,-0.00011065384582206304,0.08158730969099295,0.00649309365687382,0.0,3.735925799080519e-07,-0.00012373866542891753,True
0.038,-1.215024803015768e-06,-2.911831115674093e-05,-0.05534662354338679,-0.004453094527264036,0.0,3.9687494924321445e-06,-6.730726440004557e-06,True
0.039,-1.2718009840752746e-06,-8.441809742661889e-05,-0.036090868464206914,-0.002920292066541102,0.0,6.220883771222409e-06,-4.156707802667354e-05,True
0.04,-1.3742519935569838e-06,-0.00012047106676481252,0.051010657586232695,0.004041659543002812,0.0,2.771984601185489e-06,-0.0001121563244186875,True
0.041,-1.469226441664863e-06,-6.948701354799494e-05,-0.0019257574124105187,-0.00018884511056856842,0.0,2.846337353838992e-06,-6.0298482716819436e-05,True
0.042,-1.5396732298204273e-06,-7.140344196722212e-05,-0.01369723134161173,-0.0011320610385017727,0.0,3.6823205369300107e-06,-5.4594762102534196e-05,True
0.043000000000000003,-1.6179190593982285e-06,-8.50818635372553e-05,0.03349518180104437,0.002640282177389911,0.0,1.4400829691709329e-06,-9.051783313804971e-05,True
0.044,-1.686258827334149e-06,-5.160347894772609e-05,-0.024906443401794875,-0.0020290605485093318,0.0,3.0422349081088677e-06,-4.1434110585190795e-05,True
0.045,-1.7503071358042077e-06,-7.648451618132623e-05,0.0771079330504142,0.006127950973646901,0.0,-2.005885897907903e-06,-0.00011553954125831878,True
0.046,-1.7882548110077999e-06,5.713254911981542e-07,-0.08130121468430507,-0.006536217202283602,0.0,3.343444635460825e-06,1.420795304621086e-05,True
0.047,-1.828313034394856e-06,-8.066596149044981e-05,-0.0007568093589671669,-0.00010313429871533473,0.0,3.332200697383259e-06,-6.85129699084607e-05,True
0.048,-1.909354180499122e-06,-8.141310495227501e-05,0.017070707522146046,0.0013215186539284266,0.0,2.1677102695801493e-06,-8.09826854675495e-05,True
0.049,-1.982233305958145e-06,-6.434667950826772e-05,-0.010848827156007476,-0.0009113079735288368,0.0,2.8441783781579076e-06,-5.7550019333129576e-05,True
0.05,-2.051999174051344e-06,-7.517973233722768e-05,0.08284256296446346,0.006581447484143686,0.0,-2.565533141987204e-06,-0.00012093520297724102,True
0.051000000000000004,-2.085776286246871e-06,7.60607882719131e-06,0.03157658669572357,0.002489495691964705,0.0,-4.508611710404332e-06,-5.542128400964864e-05,True
0.052000000000000005,-2.0623903864096823e-06,3.915695644562056e-05,-0.01173303972750252,-0.0009710673703821016,0.0,-3.5945479207312523e-06,-1.3887189535505933e-05,True
0.053,-2.029098375505828e-06,2.7428748885421173e-05,-0.047767389310140615,-0.003854623465704104,0.0,-3.7152553779222563e-07,5.914369958857489e-06,True
0.054,-2.025541964279434e-06,-2.030412698925278e-05,0.03893637161137195,0.003076013478314016,0.0,-2.851695646692054e-06,-6.608773582929843e-05,True
0.055,-2.0263872398148675e-06,1.8603880950003007e-05,-0.01628632863115593,-0.0013371487950951414,0.0,-1.6881667861824481e-06,-1.507882249464411e-05,True
0.056,-2.0159229978247157e-06,2.328279388219715e-06,-0.0302903153234865,-0.0024592324463131783,0.0,3.509573302787375e-07,-1.1647553981624883e-05,True
0.057,-2.0287321096651547e-06,-2.793845631407668e-05,0.014751447445927757,0.0011402460029425584,0.0,-5.822649446219219e-07,-5.1306810668823946e-05,True
0.058,-2.0492976197307734e-06,-1.3195478241955952e-05,-0.06777026630097938,-0.005460092118622539,0.0,3.8553637126123346e-06,6.297891749125244e-06,True
0.059000000000000004,-2.096360164918987e-06,-8.091091904708102e-05,0.05754170126112446,0.004555892307635766,0.0,5.712076720569719e-08,-9.939602811928166e-05,True
0.06,-2.1485121197980815e-06,-2.3405410929104326e-05,0.013233341521133053,0.0010171854542227862,0.0,-7.681299867011738e-07,-4.928740282434657e-05,True
0.061,-2.1653034137501792e-06,-1.0179853588291226e-05,0.050644414186931164,0.0040113560910763945,0.0,-3.9944227328889095e-06,-6.686037565097671e-05,True
0.062,-2.1501738097906654e-06,4.042584317102884e-05,0.01074932605375455,0.0008260940569046554,0.0,-4.550122539571941e-06,-2.0417678921286734e-05,True
0.063,-2.1043776060920856e-06,5.1162162913343964e-05,0.06211247170355863,0.004937258398924634,0.0,-8.418951778470415e-06,-4.602461022441811e-05,True
0.064,-2.0221772297879077e-06,0.00011321999331717652,0.008229650398946005,0.0006355592409775594,0.0,-8.69498087056037e-06,1.5443822196369074e-05,True
0.065,-1.904848789222894e-06,0.00012143043553866551,-0.020447155121143788,-0.0016554880356328752,0.0,-7.108088266428801e-06,4.0424886519769525e-05,True
0.066,-1.7936411816145788e-06,0.0001009857204723404,-0.12757486064929194,-0.010226156106755736,0.0,1.3736438761467012e-06,0.00010240031056550552,True
0.067,-1.7564135992419528e-06,-2.6500081387085487e-05,-0.02793742114434796,-0.002269789146100643,0.0,3.172600645730109e-06,-9.583518473028134e-06,True
0.068,-1.7968741541713416e-06,-5.441253335743963e-05,0.032557259232974735,0.002565707499860002,0.0,1.0051929352357314e-06,-5.939443073462666e-05,True
0.069,-1.8350144596943396e-06,-2.1874781610375056e-05,0.01298440041998974,0.001003096799531436,0.0,1.6448155688375837e-07,-3.4969487747247224e-05,True
0.07,-1.8503995877095948e-06,-8.898141536411562e-06,0.06180908539467318,0.004910351862010712,0.0,-3.8161732742916625e-06,-6.033775211695303e-05,True
0.07100000000000001,-1.8284088789304148e-06,5.286329463342952e-05,0.035445160751017536,0.002809045095616667,0.0,-5.982553056491224e-06,-1.8250612182722033e-05,True
0.07200000000000001,-1.7578341758172211e-06,8.827461256750909e-05,-0.010379256022805068,-0.0008513885434810144,0.0,-5.1236235824359955e-06,2.6666577141757886e-05,True
0.073,-1.6747498091712484e-06,7.78936002820193e-05,-0.021700137247068627,-0.0017568092442967304,0.0,-3.555902068523453e-06,3.194828601421099e-05,True
0.074,-1.6077035709886847e-06,5.620178466236354e-05,0.0037702891814998265,0.00027942868440167343,0.0,-3.681385560024143e-06,9.22723169078288e-06,True
0.075,-1.5496197260774503e-06,5.996278683844157e-05,0.020580303527106283,0.0016257266615197217,0.0,-4.893432658743881e-06,1.796757862549717e-06,True
0.076,-1.4793743713235592e-06,8.052014935466761e-05,-0.051573653326940985,-0.004142858586916543,0.0,-1.4002110150413877e-06,5.6773140856875914e-05,True
0.077,-1.4246306949243466e-06,2.8978035676949858e-05,-0.09758404607188077,-0.007828889673977867,0.0,4.978653000751581e-06,6.597961414107057e-05,True
0.078,-1.4444204668387257e-06,-6.853246062198001e-05,0.010124994183528418,0.0007757760710045388,0.0,4.2093988096334884e-06,-4.1128198036135427e-05,True
0.079,-1.507890486586554e-06,-5.840772988740266e-05,-0.013385184402033318,-0.0011049657085077118,0.0,4.984813182241213e-06,-2.4468538210281593e-05,True
0.08,-1.572985148679118e-06,-7.177581138853379e-05,0.008801882295807842,0.0006672237536217792,0.0,4.3032810243462964e-06,-4.568060118117472e-05,True
0.081,-1.640359610499212e-06,-6.297278643650913e-05,0.07771561765136076,0.006180166204747494,0.0,-8.228574700663467e-07,-8.706886689677775e-05,True
0.082,-1.6644923777185934e-06,1.4688742248880759e-05,0.017979413853033786,0.001410154894513634,0.0,-1.9413634482536437e-06,-1.9414299787060628e-05,True
0.083,-1.6408191408893677e-06,3.265235293234111e-05,0.0439426097982234,0.003489792321673744,0.0,-4.712087821520742e-06,-2.776458219743846e-05,True
0.084,-1.5862081005567729e-06,7.65567041487108e-05,0.0675079304716987,0.005381269496423719,0.0,-8.935850107083894e-06,-2.3368511692393264e-05,True
0.085,-1.4759178045126372e-06,0.000144002891166774,-0.05316329061727524,-0.004262349422923233,0.0,-5.231312312208453e-06,8.177229777877099e-05,True
0.08600000000000001,-1.3584881724934336e-06,9.086525329250934e-05,0.002113001794132074,0.00015549118682078525,0.0,-5.208960292689011e-06,2.8976221919205765e-05,True
0.08700000000000001,-1.2665703723348105e-06,9.296637490916254e-05,-0.04669456331333162,-0.0037472073667794564,0.0,-2.0271619307266044e-06,6.235053738896812e-05,True
0.088,-1.196942656989289e-06,4.6298111453582e-05,-0.029137624950846954,-0.0023469991905191332,0.0,-6.930779461764544e-08,3.409092663136374e-05,True
0.089,-1.1652075386994236e-06,1.7178214803789983e-05,0.002563456956015234,0.00018616420656108389,0.0,-2.180838543338125e-07,2.960339689376344e-06,True
0.09,-1.1467489040154365e-06,1.9737722523467553e-05,0.03603955926843989,0.0028648917879057294,0.0,-2.5316537757945787e-06,-1.6932409103084325e-05,True
0.091,-1.1090014861267585e-06,5.574669582004373e-05,-0.05023106604399318,-0.004031757706771331,0.0,8.046746362897463e-07,5.170232129591357e-05,True
0.092,-1.078359389072274e-06,5.5488982471121095e-06,0.04679345232874575,0.003724731585086013,0.0,-2.2341069000310264e-06,-2.8656239056486403e-05,True
0.093,-1.0494261053312536e-06,5.23048956618395e-05,0.06583496415672074,0.005254184050121118,0.0,-6.4251921701687045e-06,-2.1557003741655427e-05,True
0.094,-9.642227580609038e-07,0.00011808216006536446,0.08846077910515662,0.007073676177975278,0.0,-1.1970774722411112e-05,-7.493722698498243e-06,True
0.095,-8.019375710848154e-07,0.00020646003460099047,0.035883429347073524,0.0028810146756384743,0.0,-1.3964327402859764e-05,6.454366110662872e-05,True
0.096,-5.775528650586569e-07,0.00024229200549854548,0.022714670206256317,0.0018358527055892752,0.0,-1.5055097642931977e-05,9.249765245365207e-05,True
0.097,-3.2391849648804255e-07,0.0002649615533399521,0.010659940758859293,0.000878760114172753,0.0,-1.5339981607847066e-05,0.00011506740510867545,True
0.098,-5.363966902365404e-08,0.00027558331097390427,0.012858200097286195,0.0010607604910573385,0.0,-1.576416066435127e-05,0.00012414804363110253,True
0.099,2.2835907760992815e-07,0.00028840040337483973,-0.03165920011335481,-0.0024940174972664254,0.0,-1.3297955708465666e-05,0.00016327803306557547,True
0.1,5.00927278605574e-07,0.0002567336939028154,0.004700003503067449,0.00041582501452863414,0.0,-1.3257790983552578e-05,0.00013366668165064156,True
0.101,7.600001317339361e-07,0.00026140113048399056,0.007866602099808787,0.0006743763060139927,0.0,-1.342811780265351e-05,0.00013872528196829384,True
0.10200000000000001,1.0253227247389655e-06,0.0002692321484272767,-0.04748354647944536,-0.0037479200514990542,0.0,-1.0012810778692436e-05,0.00018145981556304396,True
0.10300000000000001,1.2708153191003162e-06,0.00022175570319539934,-0.005196154484951493,-0.00036620699866886586,0.0,-9.432523024908548e-06,0.00014042468724962293,True
0.10400000000000001,1.4899659795982395e-06,0.00021653870400837276,-0.02638250342971516,-0.00205779624226344,0.0,-7.4989727835034965e-06,0.00015499270935315262,True
0.105,1.6933121552238974e-06,0.00019015261819666673,0.018383725255227874,0.0015239959533958603,0.0,-8.520456108178183e-06,0.00011941779425451727,True
0.106,1.892644741443753e-06,0.00020850049260023995,-0.02019997134498949,-0.001556910043141143,0.0,-7.018329786779495e-06,0.00015349508489358724,True
0.107,2.091042670008884e-06,0.00018829297645055467,0.0846895003737727,0.006835393955136043,0.0,-1.2354161699814929e-05,8.262405922669016e-05,True
0.108,2.321651379908059e-06,0.0002728946459961663,-0.04641462429788223,-0.003638632861472693,0.0,-9.057782330611515e-06,0.00020160999332761862,True
0.109,2.571340518485447e-06,0.00022648586978308034,-0.032922935609475894,-0.0025603724150513635,0.0,-6.727908001362312e-06,0.0001783176535999636,True
0.11,2.7813649667285283e-06,0.00019356338127041406,0.05671763780149112,0.004610703199272853,0.0,-1.02706014582248e-05,0.00011179625000339456,True
0.111,3.003265205174849e-06,0.0002502146122002204,-0.0046732385086969445,-0.0002897745535385818,0.0,-9.744896515247917e-06,0.00017555135338542368,True
0.112,3.2511350302745288e-06,0.00024551691743682485,0.0028067792337365385,0.0003125247993362836,0.0,-9.721781876626546e-06,0.000172393359949034,True
0.113,3.4980454061511716e-06,0.00024829388113282633,0.019342965275798776,0.0016401973051105622,0.0,-1.0774360774949326e-05,0.00016645538634077586,True
0.114,3.7559964471247722e-06,0.000267593703041794,-0.08311685219469002,-0.00654962899516194,0.0,-5.165671202248786e-06,0.0002414383182073014,True
0.115,3.982043243709727e-06,0.0001845121831927791,-0.04300435218724811,-0.00334652993460994,0.0,-2.309534824363242e-06,0.0001854982278845464,True
0.116,4.145057484418905e-06,0.00014152093274631092,0.052923056556251735,0.004325438071149237,0.0,-5.746461425413058e-06,0.00010909247417304124,True
0.117,4.313020918442244e-06,0.00019438642087384349,-0.03029669500644879,-0.0023227748534790814,0.0,-3.702816888272541e-06,0.0001828829599992747,True
0.11800000000000001,4.492259560420592e-06,0.00016409171517343897,0.01086176777448738,0.0009694930998673738,0.0,-4.382893413598723e-06,0.00014611308419279836,True
0.11900000000000001,4.6617731920967694e-06,0.00017492648293779826,3.410878893936192e-05,0.0001076317985254266,0.0,-4.345833113233923e-06,0.00015795061091056418,True
0.12,4.836710163302062e-06,0.0001749408958553915,0.07148694156786636,0.005827009015871393,0.0,-8.940897774698058e-06,0.00011435513703064251,True
0.121,5.047369436894329e-06,0.0002463518996198611,0.0009643619363609434,0.00019756383272735673,0.0,-8.847482722562774e-06,0.00018883166154019064,True
0.122,5.2941940327094905e-06,0.0002472878022928591,-0.027759469946432264,-0.002095787566850667,0.0,-6.899750364554382e-06,0.00020991363559671553,True
0.123,5.527600027724099e-06,0.00021952237629096441,-0.02718893911824384,-0.0020492756438055576,0.0,-5.044878375432956e-06,0.00020076374189858823,True
0.124,5.733526755035985e-06,0.00019233015404478395,0.009639234986283659,0.0008974218989787145,0.0,-5.62856352186094e-06,0.00016844232294594902,True
0.125,5.930666817624881e-06,0.00020194017609585758,-0.06460610226445485,-0.005037503357307637,0.0,-1.3900994890084947e-06,0.00021979129086972853,True
0.126,6.100313123822644e-06,0.00013736221861271824,0.04963198083321392,0.0040968475691194476,0.0,-4.66798943799971e-06,0.000123188981324553,True
0.127,6.262473315058397e-06,0.0001869396890258206,-0.013903243942961082,-0.0009771022330827368,0.0,-3.74452234211896e-06,0.0001829566519688993,True
0.128,6.4424579793537064e-06,0.00017302636847539926,-0.00890344249659591,-0.0005755479918822582,0.0,-3.17237151308542e-06,0.00017505154508395423,True
0.129,6.611028449020873e-06,0.00016411047847942868,-0.05814875038134606,-0.004513208261007777,0.0,5.719533970083183e-07,0.00020261308435528278,True
0.13,6.7460734773551735e-06,0.00010598904395106443,0.0369321253336076,0.0030887180345551294,0.0,-1.945242071372589e-06,0.00011962498975052793,True
0.131,6.870515035066743e-06,0.00014288018253481543,-0.062260429095245075,-0.0048400194350842266,0.0,2.0289303234308663e-06,0.00019553869055690879,True
0.132,6.9822757900182244e-06,8.065269275235186e-05,-0.047733474652171315,-0.003683318684823095,0.0,4.953874552987963e-06,0.00016052125016236156,True
0.133,7.039071098497666e-06,3.2947720252829514e-05,-0.020967689498515872,-0.0015467581536779723,0.0,6.065917098998808e-06,0.00012226953985139524,True
0.134,7.061539175453798e-06,1.1992829663727402e-05,-0.041881565332498996,-0.003221978381882104,0.0,8.502897895287995e-06,0.00012363377434913196,True
0.135,7.0526016319934245e-06,-2.9857119307384785e-05,-0.004874345808546731,-0.000266583689624743,0.0,8.477782319004322e-06,7.983079535100465e-05,True
0.136,7.020309722830349e-06,-3.4724271348783424e-05,-0.017975591874004312,-0.0013158486874712528,0.0,9.302985805891853e-06,8.163511177343839e-05,True
0.137,6.976603617950359e-06,-5.268181023329718e-05,-0.017582466240877812,-0.0012873402513751142,0.0,1.0081719205218898e-05,6.967126780310489e-05,True
0.138,6.915137108227494e-06,-7.024451373718448e-05,-0.019751092437208344,-0.001464044268677035,0.0,1.098146341290665e-05,5.918454419359504e-05,True
0.139,6.835024802541093e-06,-8.997216173862893e-05,-0.013610540698601438,-0.0009766094688510108,0.0,1.1461024748452624e-05,4.2364672801157813e-05,True
0.14,6.738254272102e-06,-0.00010356187300189113,-0.03237790346559013,-0.002481371125109601,0.0,1.3145425767815991e-05,4.329657063820896e-05,True
0.14100000000000001,6.618515724464496e-06,-0.00013590264724720025,0.0897342895762263,0.007281568131468801,0.0,6.876876752963877e-06,-5.140708331770062e-05,True
0.14200000000000002,6.527462050024781e-06,-4.6223706143010175e-05,0.016505946665072393,0.0014324232053690765,0.0,5.522128662500061e-06,2.5615776445870297e-05,True
0.14300000000000002,6.489488770270783e-06,-2.9725553788968402e-05,0.05876698816240932,0.004814602784402944,0.0,1.4671672960300647e-06,3.0212835812277077e-06,True
0.14400000000000002,6.489132587675121e-06,2.8998521443104552e-05,-0.05585886390384276,-0.004348424903156096,0.0,4.946579480479493e-06,9.628115303318582e-05,True
0.145,6.490215073285598e-06,-2.681963675760174e-05,0.01881868055878836,0.0016190999596112975,0.0,3.4953809044243675e-06,2.5795440012617074e-05,True
0.146,6.4728009028356e-06,-8.012752681595484e-06,0.030231104473583698,0.002534037243815945,0.0,1.344469507282021e-06,2.428846437603229e-05,True
0.147,6.479896164397786e-06,2.2195457947104466e-05,-0.05347595507925212,-0.004158774820427357,0.0,4.673796136976342e-06,8.739008062136599e-05,True
0.148,6.4753666781001925e-06,-3.1240902061671256e-05,-0.0059656860946508475,-0.00036444719561366486,0.0,4.836439319826134e-06,3.49459720412455e-05,True
0.149,6.441145650876246e-06,-3.719837980365944e-05,-0.01608798041611512,-0.0011755616171498762,0.0,5.651245992664969e-06,3.674509213760656e-05,True
0.15,6.395908846592341e-06,-5.3269514770763235e-05,-0.03223849322207215,-0.0024703454402996016,0.0,7.491368932386692e-06,3.805638880512442e-05,True
0.151,6.326530440905064e-06,-8.547664345827227e-05,0.06236815989082852,0.00509307314198758,0.0,3.155117066296721e-06,-3.6607534463662594e-05,True
0.152,6.272224910669863e-06,-2.314796222413525e-05,0.04212811993303981,0.0034803718875683464,0.0,2.475859044434968e-07,-1.1918762013943404e-06,True
0.153,6.270130953103717e-06,1.8949601586769255e-05,-0.0177123875188245,-0.0013018546921596808,0.0,1.2947026538395766e-06,5.23342640583658e-05,True
0.154,6.280228243077469e-06,1.2490247106090924e-06,-0.06212393469923059,-0.004856720784597779,0.0,5.190578112716819e-06,7.263197239670531e-05,True
0.155,6.250431361189044e-06,-6.082615286743483e-05,-0.027450782708035498,-0.0020908539904855297,0.0,6.7364758912920744e-06,2.4805855914659464e-05,True
0.156,6.175889214566211e-06,-8.824848975261989e-05,-0.0562515212759307,-0.004399545514982579,0.0,1.010794865144378e-05,2.928245264267812e-05,True
0.157,6.059532857217748e-06,-0.00014444581281719798,0.014261220602600867,0.001232635742099925,0.0,8.82340294707094e-06,-4.0657426818125453e-05,True
0.158,5.922219371721458e-06,-0.00013017957545155112,0.0588493845976877,0.004798929167451817,0.0,4.687574387881223e-06,-6.653290433697822e-05,True
0.159,5.821454109930179e-06,-7.1361873421066e-05,-0.00613183862318076,-0.00039432434068624553,0.0,4.874019114286407e-06,-5.0697985069097655e-06,True
0.16,5.747030582135033e-06,-7.748086164473534e-05,-0.01799220588881901,-0.0013452276240244585,0.0,5.825142154792022e-06,-1.8978267490437592e-06,True
0.161,5.660561187030258e-06,-9.545019384516e-05,0.004496597042142477,0.0004501638414765236,0.0,5.295552019654982e-06,-2.5092691702449875e-05,True
0.162,5.567361703862868e-06,-9.094640348272254e-05,0.02942689726187857,0.0024434507232018905,0.0,3.1669730367482494e-06,-4.083634431632541e-05,True
0.163,5.491124528379576e-06,-6.153244187912297e-05,0.006603395560726951,0.0006197279933434938,0.0,2.575416721258628e-06,-1.6237555527150106e-05,True
0.164,5.432894378745431e-06,-5.4927325021320355e-05,-0.07121841196980243,-0.005606272137769335,0.0,7.041920812372218e-06,3.4038060008920435e-05,True
0.165,5.342378372340361e-06,-0.00012608350507190466,0.03218655704060375,0.0026559573533417977,0.0,4.691779450611225e-06,-6.059044431744867e-05,True
0.166,5.2323845267764066e-06,-9.390810493546521e-05,-0.052908370335789844,-0.004149755677973468,0.0,7.918940096118979e-06,3.2431989193991166e-06,True
0.167,5.112039475054795e-06,-0.00014676427206749437,0.013860676579760322,0.0011832591242837128,0.0,6.736412138509362e-06,-6.18119517130262e-05,True
0.168,4.972207449059961e-06,-0.0001328980027662723,-0.04355232404199284,-0.003410633949608301,0.0,9.307148595805292e-06,-2.314247219871099e-05,True
0.169,4.817549558379936e-06,-0.00017640110363171803,-0.04836444355028513,-0.0038036077244077778,0.0,1.2123227562246257e-05,-4.0546718578758204e-05,True
0.17,4.616985385527201e-06,-0.000224707644839601,0.016722475627872192,0.001393938869788513,0.0,1.0650958870370037e-05,-0.00010451916022307384,True
0.171,4.400643066053882e-06,-0.0002079730649214027,0.05287699724215583,0.004284414586770868,0.0,6.879948224836579e-06,-0.000124573668409477,True
0.17200000000000001,4.21910258580493e-06,-0.00015511430216895886,0.01280747173161697,0.0010819278688135713,0.0,5.8089149805589665e-06,-8.14761420686589e-05,True
0.17300000000000001,4.070394513369536e-06,-0.00014229946985022733,0.0006334625071493563,0.00010686816543057287,0.0,5.557756932178289e-06,-7.076766702112198e-05,True
0.17400000000000002,3.928416944756965e-06,-0.00014165050555067522,-0.002373881148693153,-0.00013619704755590784,0.0,5.510530660866279e-06,-7.034989979257735e-05,True
0.17500000000000002,3.785585424036813e-06,-0.00014400659080637338,-0.0602440221522844,-0.004768662025446854,0.0,9.215626573673189e-06,-3.6900478237159396e-05,True
0.176,3.611477840521729e-06,-0.00020418700272824375,0.08165345524818628,0.006572780580656905,0.0,3.632365431377265e-06,-0.0001518336074215306,True
0.177,3.4481040483488572e-06,-0.00012257485754511063,0.006328777370459846,0.0005536590796016538,0.0,3.0811169538875012e-06,-7.410220266990266e-05,True
0.178,3.328696533389118e-06,-0.00011623727901576431,-0.011646891480366312,-0.0008857832543101925,0.0,3.7110312542309264e-06,-6.099718135098483e-05,True
0.179,3.2066431857171288e-06,-0.00012786193334979893,-0.001211634003381858,-5.4554574929616196e-05,0.0,3.6500340728799416e-06,-7.281295829003772e-05,False
0.18,3.0781805425440602e-06,-0.00012905823667141628,-0.03888696701322524,-0.0030710370996927965,0.0,6.033261528055649e-06,-5.06016513984223e-05,True
0.181,2.929693742896441e-06,-0.00016790008434636888,0.03638520149853031,0.0029434025971329966,0.0,3.478956466828973e-06,-0.00011433456817242426,True
0.182,2.7799831191908792e-06,-0.00013152464256686435,-0.007938115722462351,-0.000600792518759576,0.0,3.866834233971128e-06,-7.332648050496067e-05,True
0.183,2.6444964072918817e-06,-0.00013944172137276469,-0.01661642086691164,-0.0012984457405864089,0.0,4.808620907977136e-06,-7.184006965298602e-05,True
0.184,2.4967560109156865e-06,-0.00015602938444553754,0.07756347141953379,0.006231295795625721,0.0,-3.732394380997231e-07,-0.00013815779366687205,True
0.185,2.3794941003338454e-06,-7.850941879961557e-05,-0.039670035895658456,-0.0031401931081026214,0.0,2.1800046820914606e-06,-3.410801781873091e-05,True
0.186,2.2811628922820615e-06,-0.00011813940279890042,-0.00968924023467008,-0.0007482550150483974,0.0,2.7240976789944537e-06,-6.824261649970848e-05,True
0.187,2.1581858101704153e-06,-0.00012780773287073295,-0.022647116036192454,-0.0017882588662568167,0.0,4.0948794178543815e-06,-6.427573926988113e-05,True
0.188,2.0190651822468275e-06,-0.00015042265251561632,0.05792099560245839,0.004651972103175241,0.0,2.1205117267207868e-07,-0.0001241544417761398,True
0.189,1.8975936484384502e-06,-9.253033258292966e-05,0.0018567359002477383,0.0001715919177817596,0.0,6.710080115363143e-08,-6.606614232904849e-05,True
0.19,1.8059946709751034e-06,-9.06646538496128e-05,-0.03216246449212125,-0.0025513690137541015,0.0,2.131085000112113e-06,-4.33650913211679e-05,True
0.191,1.6992605226529742e-06,-0.00012279160887757913,0.01812945009366605,0.0014662077038357282,0.0,8.834771629949857e-07,-8.724576131573215e-05,True
0.192,1.585533541154322e-06,-0.00010466262152742941,0.004444047309086721,0.00037150387388442394,0.0,5.576264953113838e-07,-7.127933700424368e-05,True
0.193,1.4830957143997836e-06,-0.00010021030367563259,-0.009718105672306255,-0.0007627779673663803,0.0,1.1594572969554987e-06,-6.018474920406229e-05,True
0.194,1.3780326340877647e-06,-0.00010990949244290002,0.017989672876591808,0.0014507892784477764,0.0,-4.812997740986084e-08,-8.091788772264563e-05,True
0.195,1.2771174337586544e-06,-9.192162077817251e-05,0.08940092171881993,0.00716403125681987,0.0,-5.847600995717978e-06,-0.0001176124651983965,True
0.196,1.2298765396252888e-06,-2.5807304382434112e-06,0.004461850828723751,0.0003787761563585661,0.0,-5.988580851190397e-06,-2.6794532150614293e-05,True
0.197,1.229525674468247e-06,1.8778986626278122e-06,0.005743666109932715,0.00048185009877456104,0.0,-6.2090260082615685e-06,-2.2533405379236034e-05,True
0.198,1.2342738465661208e-06,7.616832796060488e-06,0.07722327232942185,0.006200992735527466,0.0,-1.1054108457847246e-05,-6.142950288727712e-05,True
0.199,1.2804820074561953e-06,8.477846646895844e-05,0.0699296205188255,0.0056275917336165255,0.0,-1.529758856925767e-05,-2.1531928106643054e-05,True
0.2,1.400203974744851e-06,0.00015464351296052203,-0.14225474617384076,-0.011336618800806591,0.0,-5.684605248828026e-06,0.00014488562043918297,True
0.201,1.4837512016497975e-06,1.2483346699281896e-05,0.02796636313009962,0.00226551457364158,0.0,-7.357927831769402e-06,-1.3235407886396131e-05,True
0.202,1.5102100108105848e-06,4.042629394017726e-05,0.032336465776810826,0.002618952197612278,0.0,-9.27001262812596e-06,-1.4911412977507704e-06,True
0.203,1.5667946379823722e-06,7.273276218161155e-05,0.02844765222601021,0.0023127424130262933,0.0,-1.087996564111534e-05,1.7874644958863665e-05,True
0.20400000000000001,1.6537411238783828e-06,0.00010114984515281204,0.03836118210107202,0.00311079988973391,0.0,-1.3090492841354104e-05,2.7787687689105565e-05,True
0.20500000000000002,1.7740578220497106e-06,0.00013946945982526486,-0.02905117989271123,-0.0022754250154409716,0.0,-1.0877057809055832e-05,9.058286514729412e-05,True
0.20600000000000002,1.8990039962114023e-06,0.0001104254638517258,-0.004169976672036115,-0.0002861650061688769,0.0,-1.0337088554411435e-05,6.877061868487631e-05,True
0.20700000000000002,2.0073414135218375e-06,0.00010624635293323191,0.11215479831092735,0.009021265572669569,0.0,-1.7348803107662584e-05,-6.35084603571202e-07,True
0.20800000000000002,2.169632103230088e-06,0.00021830092802064532,-0.014265904639327177,-0.0010760228819255552,0.0,-1.5985863034226353e-05,0.00012914064073319927,True
0.209,2.380795594597713e-06,0.00020402170591318357,0.0008755587954223773,0.00013738162904613105,0.0,-1.5644062566896967e-05,0.00012113736015301652,True
0.21,2.5852472049477125e-06,0.00020487363501925149,0.0066231010171446565,0.0006009673672629416,0.0,-1.568732181986988e-05,0.0001246128044383718,True
0.211,2.793422993349348e-06,0.00021146848668138744,-0.015555947911341884,-0.0011688180006252961,0.0,-1.4296330512727579e-05,0.00014763892923018175,True
0.212,2.997109612346209e-06,0.00019590100494217818,0.026054726797487757,0.0021618342374143135,0.0,-1.5641644415131505e-05,0.00012167498464540062,True
0.213,3.206023881652171e-06,0.00022191319670743264,-0.03489028869745767,-0.0027068850823219826,0.0,-1.30065491626201e-05,0.00017619153159289486,True
0.214,3.410492661784319e-06,0.00018702541776348793,-0.04827900512386909,-0.0037784884918657907,0.0,-9.578437654476379e-06,0.00017627221854714208,True
0.215,3.573384084003548e-06,0.0001387633834517122,-0.10452577564004963,-0.0082810895316777,0.0,-2.6016483025861975e-06,0.00019629237832483092,True
0.216,3.659906479533481e-06,3.430427695230373e-05,-0.03254762968845803,-0.0025338155452107633,0.0,-4.762448727875898e-07,0.00011161059214084117,True
0.217,3.677944094703684e-06,1.7784081761345772e-06,-0.08257129348421853,-0.00653928707605168,0.0,4.8322212378190876e-06,0.00012982519285023868,True
0.218,3.6384581986606003e-06,-8.072809365657676e-05,-0.011346612130027647,-0.0008519240940651103,0.0,5.385092776880984e-06,5.086806227039784e-05,True
0.219,3.5520627670710593e-06,-9.205669770106127e-05,-0.0208581278602101,-0.0016157599027336565,0.0,6.540786425093796e-06,4.954966459127112e-05,True
0.22,3.4495858643929737e-06,-0.00011288805718301923,0.0045592021366523666,0.00041328214962930055,0.0,6.020778591484416e-06,2.2332583965194484e-05,True
0.221,3.338980457877308e-06,-0.0001083197502600244,0.05987659640169791,0.004837230990346422,0.0,1.93336301168816e-06,-1.3388809464067218e-05,True
0.222,3.26058754140676e-06,-4.847810289594386e-05,-0.018716986713396323,-0.0014444857336738974,0.0,3.0481954232386146e-06,5.750511396491334e-05,True
0.223,3.202757615364964e-06,-6.717490656650999e-05,-0.057836212171213125,-0.004577308325408462,0.0,6.668131848821701e-06,7.291586381447712e-05,True
0.224,3.1066821166725837e-06,-0.00012495804276960797,0.051206148831604154,0.004137417219496085,0.0,3.129021051894701e-06,-2.0625783287517218e-05,True
0.225,3.0073185556938823e-06,-7.377814765495669e-05,-0.04275822858125835,-0.0033753799302167725,0.0,5.773445499992238e-06,5.603293478497295e-05,True
0.226,2.9121751457982826e-06,-0.00011649442562458446,-0.017820349211097184,-0.0013871881153383558,0.0,6.733054830225944e-06,2.1141984151622623e-05,True
0.227,2.7867795329533263e-06,-0.000134287649665202,0.03558521555772431,0.0028808647582512802,0.0,4.20955549637235e-06,-2.220134804840745e-05,True
0.228,2.6702802983862576e-06,-9.87153435979669e-05,0.018515863832051574,0.0015174883107033224,0.0,2.8615208784967596e-06,1.528825940055684e-07,True
0.229,2.5808217863251975e-06,-8.020295382980796e-05,-0.062390404890717094,-0.004954401953563091,0.0,6.792086645958869e-06,5.625304990525444e-05,True
0.23,2.469442813195114e-06,-0.00014253523326562855,-0.04477145291295362,-0.003554370490390653,0.0,9.477631146187284e-06,1.7980838688067543e-05,True
0.231,2.30453880493813e-06,-0.00018725541980312734,0.023319501832918248,0.001884571194745971,0.0,7.683065733343133e-06,-4.602881412524395e-05,True
0.232,2.1289441091868405e-06,-0.00016393321736993914,0.03174483429454585,0.002558235751444639,0.0,5.393881075762851e-06,-4.56905408107182e-05,True
0.233,1.9808812233141977e-06,-0.00013219493641635605,-0.002413296675466041,-0.00017327126438759045,0.0,5.381318668261548e-06,-1.4539283178350287e-05,True
0.234,1.8474852197338115e-06,-0.00013459146937488955,-0.038695285288993464,-0.0030785190654892556,0.0,7.72153964971912e-06,4.737700784658753e-06,True
0.23500000000000001,1.693561185963773e-06,-0.0001732411640318436,-0.013006084865922862,-0.0010307916276103024,0.0,8.337359682002628e-06,-2.961506032024844e-05,True
0.23600000000000002,1.513826845840357e-06,-0.00018621753232282172,-0.009373071918036682,-0.0007449429740965468,0.0,8.704270925100972e-06,-4.052038064271318e-05,True
0.23700000000000002,1.3229321883590983e-06,-0.00019556228811514894,0.11504602473183115,0.009204027283363137,0.0,1.004937511544963e-06,-0.00012533955124465924,True
0.23800000000000002,1.1848704141684745e-06,-8.058482641739856e-05,0.024435162109603975,0.0019664704570532625,0.0,-6.158262697970099e-07,-2.4700000249563747e-05,True
0.23900000000000002,1.1164998540242687e-06,-5.615983605917568e-05,0.030373863828407392,0.0024432669233179273,0.0,-2.5767274875095866e-06,-1.8552553659824918e-05,True
0.24,1.0755211797100205e-06,-2.5803564703052284e-05,0.012793272297801885,0.001039724737294565,0.0,-3.345585200247829e-06,5.384609145685991e-06,True
0.241,1.05611190137105e-06,-1.30174605560026e-05,0.006538824010301934,0.0005405538397821134,0.0,-3.6884664616028407e-06,1.5778626140615244e-05,True
0.242,1.0463626453974482e-06,-6.482319529668597e-06,0.014479310255332547,0.0011764014697001977,0.0,-4.5364868207478595e-06,1.5039718127296113e-05,True
0.243,1.0471164697776085e-06,7.986322986553379e-06,0.0443907316676733,0.0035710649886282475,0.0,-7.29947301500055e-06,4.042970742596038e-06,True
0.244,1.077286349538799e-06,5.234121684638201e-05,0.0376886133659029,0.003040761169585496,0.0,-9.554760151891625e-06,2.8602927371564525e-05,True
0.245,1.1484601390577647e-06,8.999428028378298e-05,-0.027202577865439368,-0.002144734633098056,0.0,-7.547350242244448e-06,8.773789240859487e-05,True
0.246,1.2248568100072541e-06,6.280299437977851e-05,0.005915546831758251,0.0005028275284463641,0.0,-7.740605521570609e-06,5.9794599865755014e-05,True
0.247,1.2906136897834127e-06,6.870682342923071e-05,0.0613546011427343,0.004939843956646353,0.0,-1.1521109783425979e-05,3.082234925401406e-05,True
0.248,1.389979330146644e-06,0.0001300054070391129,-0.014486391491615238,-0.0011182910425418858,0.0,-1.0289101779408331e-05,0.00010666114368248933,True
0.249,1.5127404241150805e-06,0.000115515799719008,0.012471230122892309,0.0010387896334317372,0.0,-1.0838633011110716e-05,8.853082400547095e-05,True
0.25,1.6344842751213508e-06,0.00012796422498541422,-0.028891788296439087,-0.002266566639764693,0.0,-8.696188642565317e-06,0.0001235619819040487,True
0.251,1.7480053001985896e-06,9.908078881922142e-05,-0.03944155200998473,-0.0031119703707368977,0.0,-5.92992388691618e-06,0.0001224005083708167,True
0.252,1.8273718253314686e-06,5.965914032857612e-05,0.0941967509611321,0.007575791866585965,0.0,-1.1896113790190592e-05,2.613339189223736e-05,True
0.253,1.93410268131047e-06,0.00015377504113526992,-0.06435586574094666,-0.005095202406075912,0.0,-7.433306997694574e-06,0.00016610957675643054,True
0.254,2.0557107114429996e-06,8.945253898302981e-05,-0.012004527435413276,-0.0009126250973491244,0.0,-6.483678785331469e-06,0.0001113733610542702,True
0.255,2.1391607460449164e-06,7.744740208320673e-05,-0.060327342999120126,-0.004778388858250817,0.0,-2.430790027649349e-06,0.00013913965744566977,True
0.256,2.186457215188991e-06,1.715883424113576e-05,0.032160965841297476,0.0026142925572861363,0.0,-4.4787373202148625e-06,5.872767930136857e-05,True
0.257,2.219687550400363e-06,4.9292556914364703e-05,-0.053044892412606924,-0.004197721910271624,0.0,-9.528444323774983e-07,0.00012564927070535974,True
0.258,2.2424695668767274e-06,-3.716126558739938e-06,0.019295728274650068,0.0015835767789887378,0.0,-2.2080891480499886e-06,5.993173738244867e-05,True
0.259,2.248396440737254e-06,1.5564831953216264e-05,0.025207684539003662,0.0020589536788879494,0.0,-3.8126806935610815e-06,6.413545135312421e-05,True
0.26,2.2765579956176972e-06,4.0750925463379265e-05,0.007815193652346626,0.0006710836471644542,0.0,-4.24801658254069e-06,8.583354776949165e-05,True
0.261,2.3212129639874257e-06,4.855538569834992e-05,-0.08093830919689944,-0.0064274562561163805,0.0,1.0767905725243343e-06,0.0001454015042163607,True
0.262,2.329318360729154e-06,-3.2324676845184234e-05,0.044763749540530695,0.0036191487325141587,0.0,-1.8842105631457146e-06,3.474193995196625e-05,True
0.263,2.3193651639741155e-06,1.2407473922053916e-05,0.0284921814172544,0.0023226119832025324,0.0,-3.7114693594958623e-06,6.245723760960276e-05,True
0.264,2.3460108760105914e-06,4.087583411136062e-05,0.13189535593469853,0.010598761770637436,0.0,-1.2188279353872445e-05,1.0159435975017137e-05,True
0.265,2.4527986578275827e-06,0.00017266277945831654,-0.07265853284269275,-0.005747812718039525,0.0,-7.1887631632448645e-06,0.0001933243439505824,True
0.266,2.5891445374336123e-06,0.00010004202144014472,-0.02622703146360537,-0.002039552872841807,0.0,-5.333573217046178e-06,0.00013877654512583267,True
0.267,2.676076093150493e-06,7.382438430360062e-05,0.0003031710312635005,8.128197829422099e-05,0.0,-5.248234687246668e-06,0.00011376042466859819,True
0.268,2.7500492169869054e-06,7.411901577340373e-05,-0.05992143556962091,-0.0047353196777711,0.0,-1.2652323456881796e-06,0.00015297437554390083,True
0.269,2.794220273059422e-06,1.4236410121593117e-05,-0.028275734445683768,-0.002210054421525041,0.0,5.601421916592917e-07,0.00010991171906356039,True
0.27,2.794325613660765e-06,-1.4018669343504834e-05,-0.05979149832716519,-0.004734704245448542,0.0,4.3780363363884145e-06,0.00011763297031389771,True
0.271,2.750427223471066e-06,-7.37615296783009e-05,0.054965067846266084,0.00443786173416237,0.0,6.605521210556492e-07,2.0427922219250875e-05,True
0.272,2.7041367413244922e-06,-1.8831430803932278e-05,-0.05557976487814104,-0.004399966500603914,0.0,4.204557931879104e-06,0.0001095874263817434,True
0.273,2.65753054478624e-06,-7.436533157763645e-05,0.07432276615379728,0.005984733002320618,0.0,-7.605372340612904e-07,4.704100201519609e-06,True
0.274,2.620310113439962e-06,-9.270288981495388e-08,-0.0008866165741949053,-2.3774868240450903e-05,0.0,-7.197326418081762e-07,8.002429329816252e-05,True
0.275,2.6197743356211577e-06,-9.786111870833297e-07,-0.07368662627085196,-0.005847891596969425,0.0,4.035799535870133e-06,0.0001247058366272701,True
0.276,2.581971553543374e-06,-7.460712889763796e-05,-0.005897732064709047,-0.00043429593268065966,0.0,4.273081275890542e-06,5.1594057530585785e-05,True
0.277,2.5044198845028943e-06,-8.049182992549061e-05,-0.02392477413111046,-0.0018785613921588433,0.0,5.673084148362343e-06,5.808623094230797e-05,True
0.278,2.411974888068897e-06,-0.00010438872230317137,-0.012292257163174126,-0.0009524916717450706,0.0,6.283556801441201e-06,3.854968753995094e-05,True
0.279,2.301447137445061e-06,-0.0001166595666260166,0.013141434638624149,0.001078741671568821,0.0,5.232005255190785e-06,1.4694832751184841e-05,True
0.28,2.19135925390398e-06,-0.00010351535817585073,-0.05863255039848439,-0.004663581408289582,0.0,8.859909080581801e-06,6.170681331017766e-05,True
0.281,2.058546703220092e-06,-0.0001620901196300113,0.04166693306775826,0.0033509576717230213,0.0,5.895492489858413e-06,-2.7758402328638667e-05,True
0.28200000000000003,1.9172853227695643e-06,-0.00012043775679852151,0.05541747106951914,0.004453456290555561,0.0,2.1223762730967883e-06,-2.315332974420977e-05,True
0.28300000000000003,1.8245464475168556e-06,-6.505036243358657e-05,0.0783320152391765,0.006291597011697393,0.0,-3.0321825781224675e-06,-1.724643940216144e-05,True
0.28400000000000003,1.7986442211538515e-06,1.3227312281014741e-05,-0.020732982418891415,-0.0016246757200568222,0.0,-1.630723379506185e-06,7.574197150419181e-05,True
0.28500000000000003,1.8015099220608168e-06,-7.490838570262709e-06,0.00883117214830603,0.0007380220498331456,0.0,-2.1820972512069375e-06,4.965954475803328e-05,True
0.28600000000000003,1.7984326606084599e-06,1.3342248711374268e-06,-0.018596096440751907,-0.0014551558203846637,0.0,-9.419926162458794e-07,7.074280297895008e-05,True
0.28700000000000003,1.7904736088636814e-06,-1.7247384660065308e-05,-0.023826651993619375,-0.0018759733206892115,0.0,6.037102681734059e-07,6.683519458550524e-05,True
0.28800000000000003,1.761319722545302e-06,-4.105334344241668e-05,0.043141180944793946,0.0034780718293762414,0.0,-2.229651423132109e-06,1.52753259602758e-05,True
0.289,1.741827322799027e-06,2.058497313760864e-06,0.0425576589505433,0.003436212627531498,0.0,-4.94882132412148e-06,3.294892550528264e-05,True
0.29,1.7651535380203481e-06,4.4582427797093595e-05,-0.07756105487944268,-0.0061677617353353975,0.0,1.8556772987013885e-07,0.00012599615266065887,True
0.291,1.7709738772908788e-06,-3.292259192978971e-05,-0.03790706758494247,-0.003004638588035737,0.0,2.613214464680084e-06,7.0789803484745e-05,True
0.292,1.7191088142947086e-06,-7.079612110402032e-05,-0.02758784610605411,-0.0021845792643595064,0.0,4.308045847753528e-06,4.814650724500954e-05,True
0.293,1.6345285770078554e-06,-9.835429246523664e-05,0.08385379893749811,0.0067259229142901614,0.0,-1.26013594897646e-06,-3.418141900207826e-05,True
0.294,1.5780831291964222e-06,-1.4555435482549082e-05,0.024541852910512328,0.001990007076908616,0.0,-2.8357653568262088e-06,3.5412392250757854e-05,True
0.295,1.5757928025509741e-06,9.968737246132172e-06,-0.043447946759801404,-0.003446275221868659,0.0,3.5106715528104075e-08,8.812432736557616e-05,True
0.296,1.5640484579676901e-06,-3.344613266582076e-05,-0.037345131459394186,-0.0029634711804280146,0.0,2.433683594381975e-06,6.71118177794799e-05,True
0.297,1.5119406962241771e-06,-7.075810914496012e-05,-0.03308023076665001,-0.0026276945018973608,0.0,4.492400660045126e-06,4.8561720815606515e-05,True
0.298,1.4246537012135325e-06,-0.00010380434640132517,-0.03176612891621716,-0.0025281030682436888,0.0,6.41213268040311e-06,3.2615932468868794e-05,True
0.299,1.3049784179189532e-06,-0.00013553380035907144,0.0025211560758616604,0.0002089180415483854,0.0,6.061247914927406e-06,-4.162877455105264e-06,True
0.3,1.1707096225208832e-06,-0.00013299938903190157,-0.027364752010987082,-0.0021840673143574186,0.0,7.657947216413203e-06,1.2477125874950006e-05,True
0.301,1.0240399382573802e-06,-0.00016032764765593717,-0.09019373138777863,-0.0072163051098523695,0.0,1.328408240449248e-05,3.7388022008607354e-05,True
0.302,8.186448204831496e-07,-0.00025043236031979053,0.025221254913231298,0.0020023841165888257,0.0,1.1286246776358017e-05,-7.542155307605717e-05,True
0.303,5.808259359132813e-07,-0.00022520279795028923,0.003999714162454118,0.0003034076640887337,0.0,1.0720719406915698e-05,-5.752848627106128e-05,True
0.304,3.5763039993134017e-07,-0.0002211809097740905,0.036577155632774506,0.0029060680886478342,0.0,8.06380178109393e-06,-8.10447774483389e-05,True
0.305,1.54736875376763e-07,-0.00018460767396231913,0.01088934617544053,0.0008517800369165459,0.0,7.145572550928072e-06,-5.4457987370377405e-05,True
0.306,-2.4422028709395732e-08,-0.00017370614116512905,-0.04780202541807188,-0.003845446366902335,0.0,1.005678820082269e-05,-1.6833384904776935e-05,True
0.307,-2.2201027687710673e-07,-0.00022145100994449017,0.024746365243159887,0.0019491389132756643,0.0,8.193527876689525e-06,-8.48852062303569e-05,True
0.308,-4.3108621916981203e-07,-0.00019669922217201328,-0.013645609178158656,-0.0011230121928583908,0.0,8.87064424687111e-06,-5.491350395958371e-05,True
0.309,-6.345973344255514e-07,-0.00021031197374451162,-0.016482892514902144,-0.0013552915900611729,0.0,9.716651567859518e-06,-6.220583091903119e-05,True
0.31,-8.53138596981036e-07,-0.00022675824479609922,0.039218728918371686,0.0030949308293485443,0.0,6.935264009783706e-06,-0.00010737427136219253,True
0.311,-1.0602891457536147e-06,-0.0001875448877483625,0.019316350663822368,0.0015037174619524209,0.0,5.521133076751438e-06,-8.26463924609895e-05,True
0.312,-1.238173836241671e-06,-0.0001682226530676751,0.015531178751313395,0.0012000204526846005,0.0,4.392987238394433e-06,-7.501662088127352e-05,True
0.313,-1.398628620893271e-06,-0.00015268478362615633,0.020413062945926208,0.001589547546462879,0.0,2.981406590777685e-06,-7.373812778810158e-05,True
0.314,-1.541106442238685e-06,-0.00013227061961036454,0.06934671764708873,0.005504125021453559,0.0,-1.5598681073039168e-06,-9.736698311860152e-05,True
0.315,-1.6387167250409603e-06,-6.296361182951366e-05,0.06475903532555624,0.005143670291574221,0.0,-5.680576534687386e-06,-6.673718121037865e-05,True
0.316,-1.669315249761306e-06,1.7515315857450178e-06,-0.0452091293647855,-0.0036465678398882543,0.0,-2.5669020256976587e-06,2.9504223060009246e-05,True
0.317,-1.6901566266361841e-06,-4.34222107533605e-05,-0.0396605678065663,-0.0032084789090951584,0.0,1.0380281640321332e-07,9.840294298935205e-06,True
0.318,-1.7533972103289527e-06,-8.304667937983565e-05,-0.018747418361044748,-0.0015413202201950812,0.0,1.3488936031408399e-06,-1.8431678407010422e-05,True
0.319,-1.845809624952611e-06,-0.00010177000379720805,-0.05351123650964624,-0.004326335894476512,0.0,4.813771836636049e-06,-4.4955561048182175e-06,True
0.32,-1.9743175576003494e-06,-0.00015522767858395506,-0.04097978710582339,-0.003332548005932752,0.0,7.375768591008916e-06,-3.4984267353047194e-05,True
0.321,-2.150018685591733e-06,-0.00019615775656352176,0.07102727836935192,0.00561994300241988,0.0,2.616177576348841e-06,-0.00012365690936382712,True
0.322,-2.3106738658546958e-06,-0.0001251643272488953,0.034280932727357646,0.00268586276933336,0.0,3.672472245224688e-07,-7.42370156212125e-05,True
0.323,-2.4187019232408527e-06,-9.089630325643643e-05,0.002127109405385369,0.00011572456142172177,0.0,2.6313531012570106e-07,-4.09221370781963e-05,True
0.324,-2.508531815981039e-06,-8.876064756113371e-05,-0.0370035711032925,-0.0030160905386583943,0.0,2.697856607942701e-06,-1.567971817531527e-05,True
0.325,-2.615781327485562e-06,-0.00012572511286933633,-0.00035123109215838506,-9.026956481173128e-05,0.0,2.694491898253419e-06,-5.3845987153175795e-05,True
0.326,-2.7416772519096178e-06,-0.00012606193076793949,-0.07414854154527475,-0.005996360945848506,0.0,7.4734827722693195e-06,-9.050916355130234e-06,True
0.327,-2.904789502573999e-06,-0.00020013793560447597,0.02123904277612458,0.0016228206587710974,0.0,5.947658840447033e-06,-0.00010025125940945435,True
0.328,-3.094305921317827e-06,-0.00017889310617348288,0.030215504319441443,0.0023400756662307768,0.0,3.8843035970086334e-06,-0.00010002145803796912,True
0.329,-3.2580924036695214e-06,-0.00014868126934918869,0.04302313296470682,0.0033653632215885918,0.0,1.049231655726128e-06,-9.778132242131578e-05,True
0.33,-3.3852676881712803e-06,-0.00010567528179504916,0.0388765990909485,0.0030365120750733914,0.0,-1.4392178851838367e-06,-7.878066516806124e-05,True
0.331,-3.4715107890570546e-06,-6.681740005493516e-05,0.05943431145588638,0.004684239634261292,0.0,-5.191336920228257e-06,-7.568713242931485e-05,True
0.332,-3.5086239388737314e-06,-7.422356108727526e-06,-0.0030745903814476836,-0.00031001314414858916,0.0,-4.793191222773537e-06,-1.1298495519245725e-05,True
0.333,-3.517582514755568e-06,-1.0493691907206969e-05,0.004391603251462852,0.00028675253182256313,0.0,-4.889540080284055e-06,-1.4895672531838507e-05,True
0.334,-3.5258811503315452e-06,-6.1043653454015405e-06,0.009909689371285446,0.0007285767651554196,0.0,-5.340910819025333e-06,-1.4383786215763293e-05,True
0.335,-3.5270330115600936e-06,3.7982105239371696e-06,0.01243310249757156,0.0009316173908605156,0.0,-5.943895039425842e-06,-9.710400210714044e-06,True
0.336,-3.51702161583721e-06,1.622109988653506e-05,0.039619979130709235,0.0031082384733580534,0.0,-8.292236858841347e-06,-1.9190087258683434e-05,True
0.337,-3.481001407166171e-06,5.580807032248524e-05,-0.02478404208476895,-0.0020386844236718092,0.0,-6.40647757646786e-06,3.986611213499542e-05,True
0.338,-3.4375810238664946e-06,3.103726053111195e-05,0.06615982242114544,0.005234633806525773,0.0,-1.0463487367034174e-05,-2.361131438369532e-05,True
0.339,-3.3734821695870756e-06,9.714151887232612e-05,0.03482053808787834,0.002736577350242379,0.0,-1.23828033932659e-05,2.5991481207606764e-05,True
0.34,-3.2589430514243566e-06,0.00013192372706478914,-0.005501687685875987,-0.00048296514254794266,0.0,-1.164080884969323e-05,6.982742661559637e-05,True
0.341,-3.1297736870026326e-06,0.0001264115360177803,-0.022390124658743227,-0.0018323765147433722,0.0,-9.82720170436316e-06,8.306446381487155e-05,True
0.342,-3.0145561466296532e-06,0.00010402482063616519,-0.007962083836177877,-0.0006787457390572241,0.0,-8.999106320792363e-06,6.940685601932631e-05,True
0.343,-2.914514202960452e-06,9.60573070087206e-05,-0.029424770337345536,-0.002394916005799885,0.0,-6.804867675425871e-06,8.326521733909695e-05,True
0.34400000000000003,-2.8331652526273774e-06,6.664489597707275e-05,0.012749712029853054,0.0009769773753582002,0.0,-7.403091972363761e-06,4.81850932247873e-05,True
0.34500000000000003,-2.760151304643056e-06,7.937707908378829e-05,0.010221140077949784,0.0007775337322424623,0.0,-7.822869715853422e-06,5.749308565117616e-05,True
0.34600000000000003,-2.675669281194494e-06,8.958124884221187e-05,-0.003932639964823669,-0.00035202349438632894,0.0,-7.3161296879658115e-06,7.320392563995848e-05,True
0.34700000000000003,-2.5880566907119833e-06,8.564163158208939e-05,-0.020489437241488155,-0.0016754630039620172,0.0,-5.752139774572434e-06,8.466806502264738e-05,True
0.34800000000000003,-2.5126576755805873e-06,6.515869182813845e-05,0.05724536158046941,0.0045422201312964785,0.0,-9.267034705087773e-06,3.0296206923307457e-05,True
0.34900000000000003,-2.418893588145771e-06,0.00012235166920376492,-0.015316374348707534,-0.0012541678321787747,0.0,-7.988885679292756e-06,0.00010110684915526244,True
0.35000000000000003,-2.3042007213346977e-06,0.00010703359290259811,0.11922996337822209,0.009509765488422054,0.0,-1.5462694982650495e-05,1.4272229457982998e-05,True
0.35100000000000003,-2.1375870730915046e-06,0.00022615767569742645,0.01490011765987388,0.0011806717665579546,0.0,-1.598049048237939e-05,0.00013148823402631636,True
0.352,-1.9039916796177696e-06,0.0002410206359742919,-0.0726633694603753,-0.005818418930746229,0.0,-1.0816331698873717e-05,0.00019801456495244942,True
0.353,-1.6992929230088987e-06,0.00016838735887434667,-0.013345702259739231,-0.001078036970328377,0.0,-9.636891553295614e-06,0.00013685357140561937,True
0.354,-1.5375812671320681e-06,0.00015503322722258326,-0.009112677925478034,-0.00073808670957991,0.0,-8.76614020597152e-06,0.0001323947025874475,True
0.355,-1.3871078276915666e-06,0.0001459102896650142,-0.022438927176536713,-0.0018025728802615836,0.0,-7.05813390032732e-06,0.0001400857863950954,True
0.356,-1.2524166532057327e-06,0.00012347261770566015,-0.04105152845669402,-0.003291849062168546,0.0,-4.192640986416387e-06,0.00014512576756537548,True
0.357,-1.1494637843236372e-06,8.243951731818966e-05,-0.07282957785398587,-0.005837163834358513,0.0,6.526272474970446e-07,0.00014987690134098727,True
0.358,-1.1034232629110513e-06,9.657993771263325e-06,0.03693836928008744,0.0029363668829271478,0.0,-1.7434932679600764e-06,5.2070832867359045e-05,True
0.359,-1.075306023965255e-06,4.656620301025984e-05,-0.009582169807180092,-0.0007803411486445507,0.0,-1.0622273464838388e-06,9.513686254712371e-05,True
0.36,-1.0335301669593956e-06,3.698633931909179e-05,0.028660078199338794,0.0022786410736601254,0.0,-2.8771772384135486e-06,6.712083801906656e-05,True
0.361,-9.822226060291391e-07,6.561970045095837e-05,0.050241575698459336,0.004009520413022337,0.0,-6.042213035723559e-06,6.508591851076978e-05,True
0.362,-8.9149760424349e-07,0.00011581435276696494,0.026655140089117676,0.0021302619725850672,0.0,-7.595884708869099e-06,0.0001009087336534572,True
0.363,-7.62366934019597e-07,0.00014243549031659142,-0.01327515700420349,-0.001058642906310641,0.0,-6.523415987313586e-06,0.00013843249026462232,True
0.364,-6.265709195336931e-07,0.00012915476646562898,0.027975253637514404,0.002242240586425421,0.0,-8.154121272228117e-06,0.00010945619406937718,True
0.365,-4.834406211955427e-07,0.00015709347848793365,0.005540692946486874,0.0004534047219559822,0.0,-8.290162144639451e-06,0.00013679519481144426,True
0.366,-3.235841216284749e-07,0.0001626121465197715,-0.06389057490195657,-0.0050975570487634654,0.0,-3.9276417204889684e-06,0.00018473676223042373,True
0.367,-1.9290679260031907e-07,9.875357531867648e-05,-0.029460339613027794,-0.002348449062270788,0.0,-1.9147538480291284e-06,0.00013919447681296087,True
0.368,-1.088794504448285e-07,6.93053198349279e-05,0.013546155580271925,0.0010900492546939383,0.0,-2.7431205443958643e-06,0.00010076155349293605,True
0.369,-3.280716305880393e-08,8.283302047124121e-05,0.055057355579930876,0.004413937879915961,0.0,-6.239419055215384e-06,8.028148501741245e-05,True
0.37,7.753715478899793e-08,0.00013783772668843997,-0.009751178236284479,-0.0007621580629139436,0.0,-5.445461379226329e-06,0.00014359837674504232,True
0.371,2.1049665368056998e-07,0.0001280787248724077,0.011674275284482638,0.0009531004095095503,0.0,-6.062877785085948e-06,0.00012776703457101493,True
0.372,3.4440468812345473e-07,0.00013972940998499886,0.02811999384137599,0.0022725663208945012,0.0,-7.731190010524404e-06,0.00012359096930735888,True
0.373,4.981815661540588e-07,0.00016781155925609323,-0.05810704621510681,-0.004619459041907041,0.0,-3.7716347941070805e-06,0.00019042005821417064,True
0.374,6.36948377796553e-07,0.00010973137991307074,-0.018654361920316977,-0.0014677161172354516,0.0,-2.4763122556218988e-06,0.0001438591484365124,True
0.375,7.373533000920927e-07,9.107936240664952e-05,-0.06418020971919267,-0.005110214894644957,0.0,1.7316924598369869e-06,0.00016491503312231112,True
0.376,7.963557841688605e-07,2.6939427624131737e-05,0.025730989858238167,0.002076046324088989,0.0,1.6069860043684116e-09,8.218728315814665e-05,True
0.377,8.361530253091969e-07,5.26471355830356e-05,-0.07030722456860465,-0.005603209554762842,0.0,4.538573229123956e-06,0.0001508295952723002,True
0.378,8.536628044257663e-07,-1.7610670110343912e-05,-0.0030074890579813727,-0.0002273464745720873,0.0,4.594035910543186e-06,7.862547046293772e-05,True
0.379,8.345498297244331e-07,-2.0613811809652034e-05,0.06979949231975408,0.005596507625098208,0.0,-6.774456068533189e-08,2.907147502785213e-05,True
0.38,8.488184391031012e-07,4.9133059389259256e-05,0.04072550091705931,0.0032792147723953117,0.0,-2.721059307868591e-06,7.321874363060759e-05,True
0.381,9.18301847793312e-07,8.982098078324385e-05,0.09660931973117412,0.0077560535294481986,0.0,-8.924149553757497e-06,5.438903544843596e-05,True
0.382,1.0563990724332895e-06,0.00018634415998683955,-0.027430853635265127,-0.0021530918083189905,0.0,-6.927844256024296e-06,0.00017193002762825368,True
0.383,1.2290279326229808e-06,0.00015891394424760627,-0.028313621602258435,-0.0022238975520837484,0.0,-4.930781826028669e-06,0.00016385880025207136,True
0.384,1.3737864502224769e-06,0.00013060473966445104,0.011335607353404505,0.000947249313136099,0.0,-5.558046562243321e-06,0.000129320142349906,True
0.385,1.5100511586120779e-06,0.00014191673938118116,0.07216255993151335,0.005817215724101828,0.0,-1.0110827205501064e-05,9.721714814319137e-05,True
0.386,1.6880251476782509e-06,0.00021400654302313084,0.018024981076072782,0.0014980637239068067,0.0,-1.1037292607698853e-05,0.00016222272835965442,True
0.387,1.9110314854638973e-06,0.00023199327343907574,0.022025075331418825,0.0018242437860645452,0.0,-1.2201615316034955e-05,0.00017043900606666194,True
0.388,2.1540228893942705e-06,0.0002539749271902592,-0.03385281960225711,-0.002638976164908641,0.0,-9.718997744399437e-06,0.00021795436343188842,True
0.389,2.3910706636965362e-06,0.00022012019567843336,0.0051519160983105675,0.00048160698329279504,0.0,-9.83352573001791e-06,0.0001836314795186662,True
0.39,2.6137572302169814e-06,0.00022524330603837826,-0.013721795267015129,-0.0010236667944926992,0.0,-8.725962819051654e-06,0.00020046867052649287,True
0.391,2.8321347529695887e-06,0.00021150698442384483,-0.032787033722743275,-0.002546603434135148,0.0,-6.416641254029828e-06,0.00020960389370981394,True
0.392,3.0272487930575502e-06,0.00017872197508070217,-0.09248101633472289,-0.007322544191493112,0.0,-3.056075411681634e-07,0.00023561998693100936,True
0.393,3.1597475390036196e-06,8.629365448207458e-05,-0.0761482231019977,-0.006024627153919902,0.0,4.581294011755552e-06,0.00018850750019353056,True
0.394,3.207983590942628e-06,1.0195664417319861e-05,-0.05099379570503653,-0.0040205364720358764,0.0,7.706954887564809e-06,0.0001401154158100143,True
0.395,3.192695197048483e-06,-4.0759140640751256e-05,-0.0018584697972921474,-9.610016711338927e-05,0.0,7.566353062502963e-06,8.521646734332476e-05,True
0.396,3.1510088312700565e-06,-4.261156461650845e-05,-0.03138099261629692,-0.0024588746380948736,0.0,9.342913613844882e-06,9.844065703276016e-05,True
0.397,3.0927165041828395e-06,-7.396306603203582e-05,-0.019673580684897593,-0.0015270931256403607,0.0,1.0314647337857668e-05,7.384822420721803e-05,True
0.398,3.0089245213738173e-06,-9.361284517023921e-05,0.04459633161794344,0.0036106336293997756,0.0,7.098739413789009e-06,2.0709780279844346e-05,True
0.399,2.9376017881852056e-06,-4.9041089207950916e-05,-0.030545227755429092,-0.0023966263189519475,0.0,8.838148676517213e-06,8.07330313012396e-05,True
0.4,2.873297843255579e-06,-7.955676064420909e-05,0.027275637968384975,0.0022242235873720937,0.0,6.786684068379402e-06,2.817273089167448e-05,True
0.401,2.807374811793813e-06,-5.2293645754700495e-05,0.04364221928303569,0.0035356350517645797,0.0,3.731486502259678e-06,2.4771648200826558e-05,True
0.402,2.7768929203477983e-06,-8.679897147791735e-06,-0.06251680711781164,-0.004952402084516406,0.0,7.635778046338478e-06,0.00010537684118962355,True
0.403,2.736971154451078e-06,-7.11465214912357e-05,-0.028767868175188692,-0.0022607015558139243,0.0,9.249907053781456e-06,5.609648451994846e-05,True
0.404,2.6514508248351265e-06,-9.988374673013583e-05,0.05548873745659829,0.00447483906176728,0.0,5.36441247187892e-06,-1.2210728435555758e-05,True
0.405,2.579300803879968e-06,-4.442745319872939e-05,0.08774000291248117,0.007060296353084485,0.0,-5.044545642346408e-07,-1.3752891389667228e-05,True
0.406,2.5787222682045833e-06,4.324848531597202e-05,-0.05014728909475527,-0.003960176308514822,0.0,2.7164622116868455e-06,0.00010572371421819442,True
0.40700000000000003,2.596908490014961e-06,-6.864195928750838e-06,-0.10278623711459729,-0.008176978319858964,0.0,9.260512529460063e-06,0.00011733119314919226,True
0.40800000000000003,2.538678083383773e-06,-0.00010956875848127131,-0.025337632505129517,-0.001994462645927206,0.0,1.0613018365408325e-05,2.4730752775671756e-05,True
0.40900000000000003,2.4164511855105973e-06,-0.00013487412771819694,-0.0342371976817411,-0.0027116645885262806,0.0,1.2507924394345159e-05,1.5349406816639137e-05,True
0.41000000000000003,2.2644723918980633e-06,-0.00016906921193277587,0.11570290601030352,0.009276704678446513,0.0,4.641947040297715e-06,-9.713201484053011e-05,True
0.41100000000000003,2.1532309710942517e-06,-5.3438364911357e-05,0.019922345431670246,0.0016261331882239534,0.0,3.193686850310368e-06,4.9422105615562495e-06,True
0.41200000000000003,2.1097506165953105e-06,-3.352569159977011e-05,0.13616300258574732,0.010926992634966529,0.0,-5.744589809387926e-06,-6.14113876958595e-05,True
0.41300000000000003,2.1442723785168797e-06,0.00010253390717747716,-0.060110708568553314,-0.0047579557138096645,0.0,-1.7291919493569607e-06,0.000115743336688586,True
0.41400000000000003,2.2167626734101e-06,4.2458982485339706e-05,0.07965715011324812,0.006417568815079472,0.0,-6.876598505512409e-06,5.899625034981067e-06,True
0.41500000000000004,2.299027985731847e-06,0.00012204866053491497,0.03472132049903103,0.0028337339829298458,0.0,-8.976236590724483e-06,6.742106356784336e-05,True
0.41600000000000004,2.4384237288204364e-06,0.00015672892863200156,-0.04170314697490082,-0.003273552659437458,0.0,-6.071199392252568e-06,0.00013203390395527236,True
0.417,2.574306021678241e-06,0.00011504098321845206,0.038609816241892976,0.003148927725727861,0.0,-8.448880159053396e-06,6.816131816180552e-05,True
0.418,2.7086375897971153e-06,0.00015360747438988837,-0.00018417481588442776,5.245438827238046e-05,0.0,-8.25191140011049e-06,0.0001105596534172331,True
0.419,2.8621472664119534e-06,0.00015340617265777905,0.05709614526736629,0.004637619012903652,0.0,-1.177320865832894e-05,7.799999353814948e-05,True
0.42,3.0440809571693003e-06,0.00021044012847463016,0.08063739415811566,0.006531037805295255,0.0,-1.6727844692542496e-05,9.013297911275941e-05,True
0.421,3.2948109864131306e-06,0.00029099039094271817,-0.021252352631362843,-0.001605962765840465,0.0,-1.4953401510291927e-05,0.00019158760977403864,True
0.422,3.575169803329115e-06,0.0002697220465315847,0.07168265862692874,0.0058313323921980135,0.0,-1.9251347534047228e-05,0.0001314408025372666,True
0.423,3.880704482421053e-06,0.00034131795595672193,-0.0039798284622883425,-0.0002075754415846818,0.0,-1.8537685505483394e-05,0.00021406264232568515,True
0.424,4.220020761417965e-06,0.00033730288164739673,-0.04082220108087426,-0.0031493393669667297,0.0,-1.5462253635314447e-05,0.00024281877215983768,True
0.425,4.536910482841508e-06,0.0002964748847026495,-0.017795756480156785,-0.0013064191435570778,0.0,-1.3966222849247173e-05,0.00021861156889390324,True
0.426,4.824480989771066e-06,0.00027865979908061516,-0.05259234692721808,-0.004087107920471893,0.0,-1.0261019836943088e-05,0.00023860583014884406,True
0.427,5.076847805773711e-06,0.00022607751446184537,-0.009812816158944804,-0.0006665127304762361,0.0,-9.430535282474064e-06,0.00019515641404477827,True
0.428,5.298012981707746e-06,0.0002162470014098108,0.060111222755285104,0.004930211694262725,0.0,-1.3155347395329233e-05,0.0001509788876672209,True
0.429,5.544291902560645e-06,0.00027628659562887943,-0.00998814459954971,-0.0006660999222424197,0.0,-1.2243171621176242e-05,0.00022265596653139977,True
0.43,5.815576658766311e-06,0.0002662752465442125,-0.010715978211687701,-0.000720644847491917,0.0,-1.1312681050947023e-05,0.00022355352419276613,True
0.431,6.0764867130796556e-06,0.00025553776241579875,-0.03789985681221952,-0.002891947252652232,0.0,-8.650421059501373e-06,0.00024019416537344383,True
0.432,6.313074794739003e-06,0.00021763900337713082,-0.06723031935061766,-0.005238673521338855,0.0,-4.163426518269467e-06,0.0002464473484847027,True
0.433,6.497107911599986e-06,0.00015043712911903898,-0.10376325734697256,-0.008166060189854722,0.0,2.566759812090171e-06,0.000243846965182093,True
0.434,6.595684676635788e-06,4.67386281214734e-05,0.026322797956761294,0.0022301547960949246,0.0,6.882242740188505e-07,0.00012042946734436887,True
0.435,6.655576126686392e-06,7.30354521135076e-05,-0.07742998716404892,-0.006065834348589937,0.0,5.580326702358347e-06,0.00019383198664689336,True
0.436,6.689913923559341e-06,-4.341802366324645e-06,-0.07342100090216719,-0.005753782637833266,0.0,1.0081113101751645e-05,0.00015785735321291417,True
0.437,6.648880820187355e-06,-7.770452561832461e-05,0.02305539773319013,0.0019547871303443837,0.0,8.212589952840154e-06,6.395426560297808e-05,True
0.438,6.582700928430272e-06,-5.465853749390074e-05,-0.009457410092680908,-0.0006446632152019958,0.0,8.501838994826057e-06,8.86106737230586e-05,True
0.439,6.523318186945662e-06,-6.410235779053922e-05,0.004104483306406112,0.00043808610894264616,0.0,7.906170595019128e-06,7.192987154190833e-05,True
0.44,6.461269409529741e-06,-5.999389733506421e-05,0.06472589213677425,0.005287174952633268,0.0,3.400995758210271e-06,3.152810279335022e-05,True
0.441,6.433623924980329e-06,4.687795058684854e-06,-0.04983747301877837,-0.0038706300754455815,0.0,6.4387246844517464e-06,0.00012569820363795238,True
0.442,6.413405729725534e-06,-4.511097813728034e-05,-0.08011434916782409,-0.006299119947667341,0.0,1.1356752687457034e-05,0.00012173768151823231,True
0.443,6.3282600401802435e-06,-0.00012515719718662218,0.03813057097220745,0.003149335494837446,0.0,8.48483217013036e-06,1.14884247176482e-05,True
0.444,6.222162933572491e-06,-8.704256578980331e-05,0.021925702765365356,0.001855610046138757,0.0,6.7418530834151215e-06,3.206641633454438e-05,True
0.445,6.146080797113932e-06,-6.512433346891239e-05,-0.012292034551598574,-0.0008805482297961048,0.0,7.263782939185628e-06,5.840465728869871e-05,True
0.446,6.074816074709998e-06,-7.739937030852588e-05,-0.09785920604706964,-0.007728677718857814,0.0,1.3315965381279813e-05,0.00010328271053407253,True
0.447,5.948515375823163e-06,-0.00017517284875275097,0.03673206733756057,0.003024617921919333,0.0,1.0489506506572018e-05,-2.4634849130841617e-05,True
0.448,5.791705603321318e-06,-0.00013844999638956774,0.03185888007605451,0.002636347107377396,0.0,8.057539028752247e-06,-1.2287453172864883e-05,True
0.449,5.669181976487439e-06,-0.00010660062479528326,-0.10728752100847307,-0.008493748480076505,0.0,1.4706716853910285e-05,8.289645352048961e-05,True
0.45,5.508969404854835e-06,-0.00021379171376476454,-0.02829443955423555,-0.002190048720703229,0.0,1.606324610963204e-05,-1.4467732076165092e-05,True
0.451,5.281045821713428e-06,-0.00024203984375451075,-0.0949677699248377,-0.0075314075504467155,0.0,2.1706318123081106e-05,8.939373248261844e-06,True
0.452,4.99155578944905e-06,-0.00033690564946882613,0.05908929627902519,0.0047765630285958385,0.0,1.7223496938543715e-05,-0.00013327136157527207,True
0.453,4.684192096597255e-06,-0.00027782497996748886,-0.05657671257194748,-0.004475160545613146,0.0,2.035899341851466e-05,-4.582321256510598e-05,True
0.454,4.378103844154384e-06,-0.0003343259220754026,-0.009460091697644704,-0.0007181205772658458,0.0,2.0363492048164727e-05,-0.00010579110926874263,True
0.455,4.039062861575179e-06,-0.00034374097560087075,0.07975225880145803,0.006411634918552891,0.0,1.4594781813153668e-05,-0.00017361766046224524,True
0.456,3.7351902225624127e-06,-0.0002640128387578073,0.03120912205257457,0.002532281647561152,0.0,1.213073403095e-05,-0.00011850920178989287,True
0.457,3.4867837496594885e-06,-0.00023279859526975557,0.040244471910706514,0.003254384028918021,0.0,9.151819277912533e-06,-0.00011689900812553684,True
0.458,3.274105682381696e-06,-0.00019255962340188746,-0.010789033739121526,-0.0008272959516550781,0.0,9.562331243036532e-06,-7.303401312428305e-05,True
0.459,3.07616155778241e-06,-0.0002033185134007162,0.05493117903774343,0.0044254670094514715,0.0,5.707959904609204e-06,-0.00012176003921204759,True
0.46,2.9003020128608867e-06,-0.00014840770905855317,-0.020567749401287035,-0.001611023440958493,0.0,6.850668280558331e-06,-5.539040607901859e-05,True
0.461,2.741621325135571e-06,-0.00016894258243624991,0.006566867341980417,0.0005544254613185236,0.0,6.207592287733986e-06,-8.26348253176147e-05,True
0.462,2.5759668066758244e-06,-0.00016236188767125218,0.05356855496591238,0.004312368373272605,0.0,2.5398723659985253e-06,-0.00011143391428235729,True
0.463,2.4403813934532098e-06,-0.00010881724011463525,0.00540255033567098,0.0004630728231220799,0.0,2.0929344259725913e-06,-6.115819649702247e-05,True
0.464,2.3342681068426677e-06,-0.0001034067065189081,-0.009346240186079926,-0.000718091193745495,0.0,2.6150708541802466e-06,-5.014284971054426e-05,True
0.465,2.2261945798328954e-06,-0.00011273396308531639,0.02659397227959246,0.002154061209234151,0.0,7.967804176373643e-07,-7.662602921787627e-05,True
0.466,2.1267549335072944e-06,-8.614824684779736e-05,0.015114455201554045,0.0012371002153057193,0.0,-2.27500983110026e-07,-5.887262172340242e-05,True
0.467,2.0481632247132332e-06,-7.103600153679553e-05,-0.04351887196384645,-0.003453167139247293,0.0,2.5750331655994023e-06,-1.5768073973580525e-05,True
0.468,1.95538173367315e-06,-0.00011451263252034122,0.009571878508907831,0.0007872056360163024,0.0,1.864643046723061e-06,-6.616448321925884e-05,True
0.46900000000000003,1.8456568512120236e-06,-0.00010493541201775329,0.045858293140680836,0.003689293025134153,0.0,-1.1754828899323727e-06,-8.522778469887542e-05,True
0.47000000000000003,1.7636426291713388e-06,-5.9101414690644713e-05,-0.02972694602659481,-0.002353502284565378,0.0,7.635002563939523e-07,-1.9264380387006518e-05,True
0.47100000000000003,1.6896876645790584e-06,-8.87983172654606e-05,0.04738854048823354,0.0038108418189492506,0.0,-2.3438392803858367e-06,-7.850588337873473e-05,True
0.47200000000000003,1.6245746592858723e-06,-4.143709152566903e-05,-0.016589573696895774,-0.0013028960028675964,0.0,-1.222438164854581e-06,-1.8692798489190387e-05,True
0.47300000000000003,1.5748486355853837e-06,-5.800894836318955e-05,0.027142272675612998,0.002192768015685994,0.0,-2.963314828754244e-06,-5.122801122443215e-05,True
0.47400000000000003,1.5304059605974263e-06,-3.088151666684829e-05,-0.014537679735750368,-0.0011391728535692974,0.0,-1.956927077680806e-06,-1.2909960570743567e-05,True
0.47500000000000003,1.4922605310330806e-06,-4.540428146921412e-05,0.02119857106876875,0.0017172978612837897,0.0,-3.2919921898791553e-06,-3.939732777544637e-05,True
0.47600000000000003,1.4574517407283034e-06,-2.421729039961157e-05,0.015449792396717569,0.0012593114482225617,0.0,-4.218382247836071e-06,-2.5656295959534925e-05,True
0.47700000000000004,1.4409562484934e-06,-8.776935456006621e-06,0.03407935297877499,0.00275123221852016,0.0,-6.326551348925867e-06,-2.8942544367469103e-05,True
0.47800000000000004,1.4492104824011954e-06,2.5276580658951822e-05,0.03309559660436027,0.002676766706711117,0.0,-8.314678806009844e-06,-1.1915197649238458e-05,True
0.47900000000000004,1.4910253327783475e-06,5.834328567726261e-05,0.05389659251194748,0.00434556705122708,0.0,-1.159771790966712e-05,-8.00607360637845e-06,True
0.48,1.5763007532829462e-06,0.00011219089612609989,0.013622808079718112,0.001131660967471674,0.0,-1.2185362315038233e-05,4.3364041763194764e-05,True
0.481,1.6952953157292775e-06,0.00012579036680344387,0.00409153662186565,0.0003729330894487922,0.0,-1.2141998273275037e-05,6.01864643148295e-05,False
0.482,1.8231256746150964e-06,0.00012986453891117354,0.034283149858172456,0.002791051995466209,0.0,-1.4057854188984821e-05,4.849783497327303e-05,True
0.483,1.970118031383418e-06,0.0001641061024198529,0.03348714690784185,0.0027341266094826322,0.0,-1.587332116296714e-05,6.856148247058914e-05,True
0.484,2.1509528729967837e-06,0.0001975484393314475,-0.028392147218029823,-0.0022089488130086704,0.0,-1.3634847435264694e-05,0.00012706198781736773,True
0.485,2.334305194982187e-06,0.0001691564268129718,0.06821059549630515,0.005519163904431648,0.0,-1.7717393381983224e-05,6.186836575292839e-05,True
0.486,2.5375428928276046e-06,0.00023729431372340656,-0.015513684988453704,-0.0011669437093585907,0.0,-1.6270387327142736e-05,0.00014806423775464905,True
0.487,2.7670754912646066e-06,0.00022176615774315714,-0.03824749307744625,-0.0029833801484237584,0.0,-1.3393590804977752e-05,0.0001631423313575856,True
0.488,2.9697195062145263e-06,0.00018352383339807765,0.026260431524146866,0.0021763123330513804,0.0,-1.4776211578157638e-05,0.00011376242298720653,True
0.489,3.1663598669742177e-06,0.00020974295969015058,0.009759028731164264,0.0008628859312614952,0.0,-1.505614560732847e-05,0.0001403364707752123,True
0.49,3.380971948285304e-06,0.00021947072327200377,-0.0404536013312983,-0.0031490941246420877,0.0,-1.2079579436560386e-05,0.0001815589917547319,True
0.491,3.5802181326861634e-06,0.0001790242851967613,-0.012127609515686623,-0.0008842819206429675,0.0,-1.102122542771619e-05,0.0001530678564132152,True
0.492,3.7531750466936702e-06,0.0001668860914982156,0.021857062917306623,0.001836148515204802,0.0,-1.2195642938027717e-05,0.00013150589698382887,True
0.493,3.930977746642349e-06,0.00018870718583708387,0.021570386964309397,0.0018190334188847642,0.0,-1.3322918983415404e-05,0.00014490622112667647,True
0.494,4.130457459298918e-06,0.000210239376264634,0.034541812864127566,0.0028629219885493414,0.0,-1.5263501836961803e-05,0.00015038056908462326,True
0.495,4.357950904931081e-06,0.00024473036170611604,0.06101151147816818,0.004988731677946947,0.0,-1.8870391807531264e-05,0.00015326426637005968,True
0.496,4.633162029288278e-06,0.0003056663333171377,0.0784267807421175,0.006394219335894645,0.0,-2.3513108910876245e-05,0.00017354464427038582,True
0.497,4.978009960193663e-06,0.0003839970149437383,-0.02070529560708533,-0.0015207398274900918,0.0,-2.161537721907806e-05,0.0002750738717977388,True
0.498,5.351645301340683e-06,0.00036326483915057766,-0.018685985269032625,-0.0013549574254004084,0.0,-1.9905664159913572e-05,0.00027430394965484455,True
0.499,5.705558375459306e-06,0.00034455271546262624,-0.03170995744347574,-0.0023927502188642764,0.0,-1.7404086455896365e-05,0.000282840875876876,True
0.5,6.03425141811604e-06,0.0003128289747521435,18.749613322451815,0.00011522179864175135,1.5,-1.700415023944728e-05,0.0002575485726086668,True
0.501,1.5717013904227435e-05,0.01904764935750398,18.708884866207985,-0.0007205865301846768,1.5,-1.593878037016361e-05,0.0002701925162769166,True
0.502,4.411354081278785e-05,0.0377396667669225,18.542467318073836,-0.011279810807432102,1.5,-6.353623997379943e-06,0.00035389327407935,True
0.503,9.111821881785326e-05,0.05626329585346397,18.556885658645925,-0.007057423867188993,1.5,-4.590485260461034e-07,0.0002670464767039084,True
0.504,0.0001566530369657386,0.07479924910430914,18.551494355153668,-0.0040847870298062455,1.5,2.8614808085432563e-06,0.00020787875759036066,True
0.505,0.00024072041927300183,0.09332773108175588,18.38046687932167,-0.014030354377541748,1.5,1.41409970427479e-05,0.00026227400636915656,True
0.506,0.0003432301196064961,0.11168323682528376,18.146868432378117,-0.028670394837799585,1.5,3.695513464704216e-05,0.0003000679081079929,True
0.507,0.0004639778989544028,0.12980326406294107,18.058461770311208,-0.03139506450637152,1.5,6.132892800228512e-05,0.00016429821560854873,True
0.508,0.0006028008458849146,0.14783291677717833,17.87306702013703,-0.04156427314984774,1.5,9.324614311950597e-05,6.299526559825158e-05,True
0.509,0.0007595601203655245,0.1656752933807846,17.667605141890423,-0.05303847127649273,1.5,0.0001335496704614574,-9.087679891907008e-05,True
0.51,0.0009340584249448155,0.18331036359810113,17.474203353558455,-0.06325343643454506,1.5,0.0001809822194237198,-0.0003270171251593232,True
0.511,0.0011260944879255747,0.20075020133645632,17.196299633207644,-0.0799363044003532,1.5,0.00024057892122171415,-0.0005819820335123131,True
0.512,0.0013354308550910703,0.21791039312731422,17.111045488180313,-0.08092935837865786,1.5,0.0002992907399552347,-0.0010645638153693072,True
0.513,0.0015618841658138344,0.23498346835594755,16.755078129958374,-0.10328181841596713,1.5,0.0003744378189168006,-0.0014094457991799712,True
0.514,0.0018052320203815514,0.2516989366822549,16.51437100744363,-0.11615227063577117,1.5,0.0004578766423772728,-0.0019671167264970805,True
0.515,0.002065174425530161,0.26817200783087025,16.25814676231696,-0.12999447841539574,1.5,0.0005501590682332981,-0.002613248852957341,True
0.516,0.0023414612386304496,0.28438720414820406,15.971042197878257,-0.14604385737660674,1.5,0.0006528216512198902,-0.0033462280330982847,True
0.517,0.002633819162364847,0.300313698616626,15.670391931228238,-0.16292225674517855,1.5,0.000766241488428378,-0.004191390152736564,True
0.518,0.0029419527363677427,0.31593798865782213,15.367873653447605,-0.17970239983063357,1.5,0.0008900341586596658,-0.005163966586916565,True
0.519,0.003265558834019101,0.33125824171133583,15.1104675799516,-0.19263154558616793,1.5,0.0010207874785245076,-0.006296442178608967,True
0.52,0.0036043559741337455,0.3463195686601945,14.751010701742,-0.21348238808700917,1.5,0.0011647185119970998,-0.007480716057410734,True
0.521,0.003958034241370612,0.36102002813764983,14.453559342974609,-0.2291482328408423,1.5,0.0013172554228642608,-0.008862139307503196,True
0.522,0.004326263768468605,0.3754216174353229,14.105211282931535,-0.2486597554408037,1.5,0.0014812682290509447,-0.01034806116972502,True
0.523,0.004708720261297293,0.38947351351803927,13.694997426813757,-0.2729064195293835,1.5,0.0016602658254174227,-0.011954249219530099,True
0.524,0.005105023122892903,0.403113938604194,13.29938697452547,-0.2957849531933869,1.5,0.0018527157438820196,-0.013756656733350687,True
0.525,0.005514768195598772,0.41635753086980354,12.998833823794339,-0.3108645628712985,1.5,0.002051921826339856,-0.015803386156648374,True
0.526,0.0059376061654742105,0.42929931741764843,12.589706143074103,-0.3344306794854182,1.5,0.0022645642680916966,-0.017931552289332842,True
0.527,0.006373180979001269,0.4418308431119646,12.191353258846163,-0.3569547804968486,1.5,0.0024894185442970724,-0.02026112384092139,True
0.528,0.006821087775309974,0.45396292039884617,11.923642746809609,-0.36885344985179025,1.5,0.002717534982192937,-0.02286560174047835,True
0.529,0.007280992408279568,0.46582613373690607,11.474742340388282,-0.3950636133714765,1.5,0.0029604093862372477,-0.025499360109743505,True
0.53,0.007752535476071796,0.4772394660772938,11.06980625813776,-0.4176011248504117,1.5,0.0032146497071539343,-0.028376889192093926,True
0.531,0.008235289085316157,0.48824689772535873,10.66925569987984,-0.43963471274687893,1.5,0.003479525798649069,-0.031459147121996094,True
0.532,0.008728849542160808,0.498852856393409,10.219866951049648,-0.4654290093899247,1.5,0.003757781350420087,-0.03471358323154004,True
0.533,0.009232790982242868,0.5090085874735554,9.857631114478844,-0.48411824266449444,1.5,0.004043284099731659,-0.03824724152624696,True
0.534,0.009746706748710648,0.5188012259045982,9.457283388428996,-0.5057204603403369,1.5,0.004338187352241561,-0.04194914120480041,True
0.535,0.010270214716462873,0.5281927306215538,9.07888955232764,-0.5254418432428707,1.5,0.004640701753791695,-0.045873138018357115,True
0.536,0.010802924738075072,0.5372050833386708,8.645332869906113,-0.5494561151215192,1.5,0.004954087627264416,-0.0499636309693599,True
0.537,0.011344430108639805,0.5457832072606216,8.110593997678352,-0.5814587533589408,1.5,0.005284505187106267,-0.054215670788596036,True
0.538,0.01189424605077912,0.5538260486632068,7.736795497495343,-0.6005008054467637,1.5,0.005620977352205898,-0.05883665116601752,True
0.539,0.01245191773049642,0.5614944814308408,7.320696397241775,-0.6228304313000215,1.5,0.005965994537608987,-0.06363789206568518,True
0.54,0.013017049613859532,0.568746280357258,6.929597440017241,-0.6430757581062782,1.5,0.006317626885212197,-0.06867895597520346,True
0.541,0.013589237576234594,0.575606472754951,6.563572978926718,-0.6612351085830458,1.5,0.006673997871123629,-0.0739506483474981,True
0.542,0.01416810255651934,0.5821001574168816,6.141729117537587,-0.683783805689619,1.5,0.007038527328775687,-0.07939252973449422,True
0.543,0.014753250165489668,0.5881716000887733,5.747579377735352,-0.704054554791705,1.5,0.007409139554107312,-0.08507936145851844,True
0.544,0.015344272016863903,0.5938485205718437,5.323484385121987,-0.7266625304180695,1.5,0.007787554652102707,-0.09096478400170517,True
0.545,0.015940758638380095,0.599101041543831,4.886202674780002,-0.7502780055414984,1.5,0.00817436727778522,-0.09707184648179772,True
0.546,0.01654227905649638,0.6039160343864194,4.419947204333997,-0.776173276509975,1.5,0.008571185433078736,-0.10339711473511602,True
0.547,0.01714838128011681,0.6082645973410546,4.008240648998443,-0.7976781333570955,1.5,0.008974170569272534,-0.11000580566345841,True
0.548,0.017758626157152037,0.6122012888337106,3.6530756274484406,-0.8146345243153428,1.5,0.009379464945297476,-0.11687835469823027,True
0.549,0.018372630087686206,0.615782652206012,3.2283325207398392,-0.8371321384977397,1.5,0.00979148993753418,-0.12391299949838644,True
0.55,0.018990002985916483,0.6189392040911877,-15.866481532797255,-0.853225764386341,0.0,0.010204869384151705,-0.13123038956752509,True
0.551,0.019600989861606116,0.6030156164660425,-16.21207186740855,-0.8717860579078489,0.0,0.01062156220153028,-0.1387288108271219,True
0.552,0.020195881041019003,0.5867485009940601,-16.554700155789273,-0.8904403336055127,0.0,0.011041550587402306,-0.1464380017729096,True
0.553,0.020774334489440882,0.5701408560168952,-16.92691592377228,-0.9117983503698193,0.0,0.011466930409111406,-0.15433739318568535,True
0.554,0.021335994904063314,0.553163155632866,-17.250766821044856,-0.9296338587345048,0.0,0.011894696639407443,-0.1624887632141164,True
0.555,0.021880516413246565,0.5358637682544822,-17.444011037006906,-0.9373679353315767,0.0,0.012316602350300007,-0.17092507982398455,True
0.556,0.022407642611531806,0.5183732339339456,-17.80501647001462,-0.9588589625215236,0.0,0.01274395286063282,-0.17940693375264824,True
0.557,0.022917098522031023,0.5005239449914437,-17.915736148803298,-0.9606882451087322,0.0,0.013160673423374993,-0.18826150217198048,True
0.558,0.02340865048155321,0.482566030520991,-18.076581266765597,-0.9668628690107712,0.0,0.013570583787093735,-0.19719976823622465,True
0.559,0.023882164818919346,0.4644494167510324,-18.265325294575042,-0.9756131268153312,0.0,0.013975962486905111,-0.20625168718903242,True
0.56,0.024337468898557656,0.44614624457528235,-18.43902331286736,-0.9835098755063172,0.0,0.014376246850034373,-0.21545257993049055,True
0.561,0.024774383688159277,0.42767156913752596,-18.539496957935647,-0.9859002619514815,0.0,0.014767122657483991,-0.2248304405447505,True
0.562,0.02519277428409207,0.4090985764604134,-18.714473639667688,-0.994596124884508,0.0,0.01515396219746178,-0.23426072261012748,True
0.5630000000000001,0.025592505140601098,0.3903528332033525,-18.739991289472254,-0.9916918706425584,0.0,0.015527487050685582,-0.24390992988062699,True
0.5640000000000001,0.025973478204346173,0.37158370018387504,-18.8550230885628,-0.9962891953847279,0.0,0.015894148709479698,-0.2535656265752017,True
0.5650000000000001,0.026335625352576362,0.35270173633899854,-18.94118443575973,-0.9989292901537241,0.0,0.016252556875732276,-0.26333332841732504,True
0.5660000000000001,0.026678848186436212,0.33373580208365555,-18.980978504306048,-0.9982107167385933,0.0,0.016600225884710385,-0.27320935849480427,True
0.5670000000000001,0.02700308591028013,0.31473223764272257,-19.022528310655588,-0.9979788499502781,0.0,0.016937854179435417,-0.2831414006844081,True
0.5680000000000001,0.02730830001791945,0.29568929289153295,-18.9643305831112,-0.9901143311793621,0.0,0.017259546029556164,-0.29318932182095003,True
0.5690000000000001,0.027594500978424415,0.2767066412809819,-18.921356692240202,-0.983802720813859,0.0,0.017567010490915996,-0.303236414585151,True
0.5700000000000001,0.02786174147470443,0.25776906417757145,-18.991063898411415,-0.9868414776269248,0.0,0.017868221916377425,-0.3132222559823438,True
0.5710000000000001,0.028110010268244553,0.2387639641069622,-18.842528957991185,-0.9727704561180573,0.0,0.018149503445968395,-0.32339444906077053,True
0.5720000000000001,0.028339348903095946,0.21990941903039796,-18.90031183936256,-0.9755275366096297,0.0,0.018425045888074254,-0.33339617735445204,True
0.5730000000000001,0.028549804823192405,0.20099925658957515,-18.724800753043603,-0.9599676626352759,0.0,0.01868018034682136,-0.34357937928499244,True
0.5740000000000001,0.028741438999749635,0.18226659338090728,-18.725653477565317,-0.9588343850040233,0.0,0.018927166640639398,-0.35359065427443936,True
0.5750000000000001,0.028914340789168474,0.16353518445067422,-18.574401487389284,-0.9458697626520296,0.0,0.0191566556529711,-0.36370026713734066,True
0.5760000000000001,0.029068587458599787,0.14495701465137356,-18.50573638626787,-0.9398294948884687,0.0,0.019374750023039504,-0.3736966433896705,True
0.577,0.0292042909693989,0.12644954486738208,-18.31052341219761,-0.923990690142543,0.0,0.019573838637886597,-0.38373818310615576,True
0.578,0.029321585260055846,0.10813921541656828,-18.243638769716437,-0.9187258610463216,0.0,0.019763022045757278,-0.3936101600829699,True
0.579,0.02942060333262115,0.08989777680740323,-18.08626851600056,-0.9065428880759756,0.0,0.019936979225088833,-0.40349554530406917,True
0.58,0.02950145929469842,0.07181563568396636,-17.896104129730567,-0.8920441867917979,0.0,0.02009426660477603,-0.4133181614114028,True
0.581,0.029564328826365338,0.053925542454973927,-17.727447613948993,-0.8795668251467464,0.0,0.020236993320548975,-0.4230257373928749,True
0.582,0.0296093932199586,0.0362059845845338,-17.516742918355565,-0.8640256373590463,0.0,0.02036309119191726,-0.43266141958070564,True
0.583,0.029636844017631683,0.0186989579811819,-17.294709714277406,-0.8478697098670804,0.0,0.020472533716735054,-0.4421842221931185,True
0.584,0.029646899404001708,0.001415758339398887,-17.097887945030287,-0.8340169553296646,0.0,0.020567657826244316,-0.45156150724251537,True
0.585,0.029639770598459323,-0.015668831099276654,-16.911922770886616,-0.8213182106305746,0.0,0.020649803726415995,-0.4608075787406965,True
0.586,0.029615650778279903,-0.03256568071681583,-16.63953425031218,-0.8019889077019542,0.0,0.020713970347693237,-0.46998346547707215,True
0.587,0.029574770865512242,-0.049188456300123404,-16.417337384479193,-0.7869437299351301,0.0,0.02076413615155224,-0.47896478253140967,True
0.588,0.029517379841103038,-0.065587340815579,-16.162698801223062,-0.76957354785586,0.0,0.020798815327707325,-0.4878183734574141,True
0.589,0.029443717800174553,-0.08172994325522216,-15.930502304304639,-0.7542608571318558,0.0,0.020820112753344652,-0.49649288018063864,True
0.59,0.029354029799971273,-0.09763871685807388,-15.513877264767128,-0.7244542908048561,0.0,0.020816671736695092,-0.5051221507000808,True
0.591,0.029248641827017145,-0.11312940453677353,-15.263658989544865,-0.7081926948216932,0.0,0.020800160954539113,-0.5134077990966184,True
0.592,0.02912788879132797,-0.12836832908764484,-15.027263218477529,-0.6932832587248163,0.0,0.02077204567139413,-0.5215059320058141,True
0.593,0.028992015538925837,-0.14336933044385541,-14.760291185914253,-0.6761713348257379,0.0,0.020730871368824854,-0.5294469034572337,True
0.594,0.028841275264289534,-0.15810188316287288,-14.46029820767673,-0.6566531278364717,0.0,0.0206750597331387,-0.5372171596606664,True
0.595,0.02867595290790433,-0.1725330224745216,-14.205511765070272,-0.6409777515602865,0.0,0.020608137191357675,-0.5447513326316887,True
0.596,0.028496327280332218,-0.18670795322392778,-13.85473468056056,-0.617849837785736,0.0,0.020524384184141656,-0.5521525522676941,True
0.597,0.0283027025509636,-0.20053078913165237,-13.547053418030199,-0.5983793222208694,0.0,0.020427239144284095,-0.559292305094882,True
0.598,0.028095409264704507,-0.21404463168921098,-13.205690878865575,-0.5764232593472702,0.0,0.020315069014160473,-0.566231896068574,True
0.599,0.027874773235227586,-0.22721586087412743,-12.811292289123752,-0.5504233682006989,0.0,0.020185025251168637,-0.5729664768821495,True
0.6,0.027641163567336334,-0.23999152090435857,-12.599686804626694,-0.5392329826666045,0.0,0.020049605898031553,-0.579323635928187,True
0.601,0.027394884466199358,-0.25255430548769464,-12.283636682081992,-0.5198895308334943,0.0,0.019902361626292598,-0.5855534613066434,True
0.602,0.027136200994522207,-0.2647998761302199,-12.049912551679325,-0.5073173713685728,0.0,0.019749110382930923,-0.5914968769657691,True
0.603,0.026865389212704142,-0.2768105296935962,-11.54817970494059,-0.4734946341298042,0.0,0.019572815460442844,-0.5974040965105515,True
0.604,0.02658281796388676,-0.28831849482481514,-11.284596214548586,-0.45887519319290315,0.0,0.01938967914633548,-0.6028489830845772,True
0.605,0.02628887090472796,-0.29956178995669835,-10.858296687649483,-0.4314114735216592,0.0,0.019189495100505452,-0.6081732698802851,True
0.606,0.02598389401113471,-0.31037785688598,-10.588782901631017,-0.4166378827563741,0.0,0.018983021865071188,-0.6131105061277012,True
0.607,0.02566823614307573,-0.3209234059862011,-10.136006456489822,-0.3873630746621668,0.0,0.01875869579979562,-0.6179333433633043,True
0.608,0.025342259392052445,-0.3310153492612051,-9.851518668908183,-0.3716826663670552,0.0,0.018528030466495385,-0.6223471124619954,True
0.609,0.025006333246191555,-0.3408218939132443,-9.533145896439832,-0.35343630055332786,0.0,0.01828912782214396,-0.6265431045899005,True
0.61,0.02466076002712429,-0.3503092137188978,-9.030110025475324,-0.32055222719605647,0.0,0.018030368918031423,-0.6306014826342156,True
0.611,0.02430595123140016,-0.35929282682161534,-8.661144023430174,-0.2984995389278048,0.0,0.017761086834466002,-0.6342466353657219,True
0.612,0.02394234354666753,-0.3679067542019413,-8.379201325205267,-0.283522732680639,0.0,0.017487309258331855,-0.6375582460066334,True
0.613,0.023570263155702372,-0.37623799223599014,-7.987263681993664,-0.2598649168251693,0.0,0.017202134434674814,-0.6406937911533406,True
0.614,0.02319004770620696,-0.384176664341528,-7.706839485311854,-0.24522749983420644,0.0,0.01691318932910444,-0.6434708464744018,True
0.615,0.022802034021584178,-0.3918342403339489,-7.344177841515605,-0.22411772377280703,0.0,0.01661534001514019,-0.6460546446003187,True
0.616,0.022406544284810925,-0.3991285791019018,-6.935142849786202,-0.19938906034852777,0.0,0.016305908565600612,-0.6483901627536789,True
0.617,0.02200396489414561,-0.40601338464077436,-6.6308146689287195,-0.18311541157656952,0.0,0.015992069384856117,-0.6503633635307435,True
0.618,0.021594653041208646,-0.41259332739561694,-6.244880370074888,-0.16039787415170947,0.0,0.015668729664760364,-0.6521319161687331,True
0.619,0.021178954359256062,-0.41878689975964317,-5.898744023203746,-0.14093277136084775,0.0,0.015338792201678773,-0.6535875092079433,True
0.62,0.02075723531553809,-0.4246339118041153,-5.623065622726898,-0.12717108355496004,0.0,0.015007062125967197,-0.6547266082762491,True
0.621,0.020329807246678374,-0.4302048049860065,-0.38714708786968877,0.2833401868123149,0.0,0.014352335517690948,-0.6587107458866143,False
0.622,0.019899425095158844,-0.4305432744084067,-4.996621265047062,-0.09320524241991451,0.0,0.014021058998906115,-0.6542631961858548,True
0.623,0.0194664009449664,-0.43548755184655147,-4.67921539739977,-0.07620052100417263,0.0,0.013685401878292721,-0.6545394468035769,True
0.624,0.019028591323313117,-0.44011411730348904,-4.356470851130562,-0.05881671834722757,0.0,0.013345181354087849,-0.6545684054791187,True
0.625,0.018586316598225565,-0.44441767202671856,-4.014343845086691,-0.03992392948208129,0.0,0.012999304902338056,-0.6543575549885116,True
0.626,0.01813990945453347,-0.44837888513220525,-3.6395510593443396,-0.01845118078180935,0.0,0.012645843776184192,-0.6539079623671146,True
0.627,0.017689728545441805,-0.4519651550448487,-3.3047613353531964,-0.00020161161568504893,0.0,0.01228762278788398,-0.6531611746711127,True
0.628,0.017236128808929482,-0.4552164954993453,-3.0040695350220856,0.015298776299042416,0.0,0.011927002890009501,-0.6521370214656972,True
0.629,0.016779428121778628,-0.4581670152410059,1.7611806999588717,0.38794412035980436,0.0,0.011274865868543803,-0.6536511568800127,False
0.63,0.016322158415066564,-0.45635570370058154,-2.433866937304028,0.04432681204280614,0.0,0.010919443101384419,-0.6474919172705248,True
0.631,0.01586460351587478,-0.45873634155482385,-2.0339428509711137,0.06779907422147802,0.0,0.010555087163918887,-0.6457022175804363,True
0.632,0.015404867926419543,-0.4607171024189118,-1.8381707303074275,0.07494791196068817,0.0,0.010195268570641276,-0.6435134111601574,True
0.633,0.014943249485651188,-0.46250202253394496,-1.4726852562178483,0.09566342754022011,0.0,0.00982887356860673,-0.6412418117512623,True
0.634,0.01448002883965072,-0.46392154414803066,-1.2109457918822353,0.10809427046537046,0.0,0.009462796770739032,-0.6386510112199938,True
0.635,0.014015519527116296,-0.46507937269876287,-0.8080169611830397,0.13182846986959862,0.0,0.009087876643738656,-0.6359362387640967,True
0.636,0.013550053789376886,-0.46583445937470985,-0.5796282561181542,0.14163057259436646,0.0,0.008715644858212163,-0.6328447579768604,True
0.637,0.013083947128402286,-0.4663612522064595,-0.3091484311281523,0.15481582355621382,0.0,0.008343285835059418,-0.6295825714353093,True
0.638,0.012617448864125407,-0.4666177188736208,0.13746375921048873,0.18211705402626194,0.0,0.007959373237283433,-0.6262190776830885,True
0.639,0.012150917333092261,-0.4664278960400274,0.33118097207154584,0.18923964223658107,0.0,0.007580573475711367,-0.6224161703314461,True
0.64,0.011684672426156213,-0.4660445298118079,0.6358951859296254,0.2052703749677649,0.0,0.007199528579664677,-0.6185028334438455,True
0.641,0.011218963149177788,-0.4653567323157144,0.9179897013763489,0.2195377049174224,0.0,0.006817730032939425,-0.6143541022368785,True
0.642,0.010754082618028628,-0.4643871396770188,1.1431250176838703,0.2292970317779827,0.0,0.006438849398987309,-0.6099591773620632,True
0.643,0.010290284152456862,-0.4631926979479587,1.4534316375622778,0.24591652199545072,0.0,0.006057249195780826,-0.6054319833397388,True
0.644,0.009827835156692638,-0.4616883281454475,1.7569055497504031,0.262050877423046,0.0,0.005673399317825057,-0.6006831096737575,True
0.645,0.009367042132609213,-0.45988089244799923,2.0220098699317264,0.275181840887744,0.0,0.005289795417410789,-0.5956965914878644,True
0.646,0.008908188959893324,-0.45780876432426215,2.2882387041681724,0.2884694458926222,0.0,0.004906303688259372,-0.5905139530482195,True
0.647,0.008451540883014481,-0.45547084990773906,2.5698897904521623,0.30306241714150495,0.0,0.004521863974712341,-0.5851456299618641,True
0.648,0.007997371385429544,-0.4528517689706434,2.8334732369648346,0.3162883316184414,0.0,0.004137610071284509,-0.5795662579919413,True
0.649,0.0075459525939840085,-0.4499696065465919,3.0046775024973007,0.3222049941059052,0.0,0.003759455134765591,-0.5737384801360489,True
0.65,0.007097501414664674,-0.4469166986865067,3.2786932996826543,0.33642048559619564,0.0,0.0033805066203421164,-0.5678240393910502,True
0.651,0.006652239965615746,-0.4435903339802852,3.4809722424948006,0.34498725870303326,0.0,0.0030053608791153897,-0.5616758087192311,True
0.652,0.006210405843605409,-0.4400622235663788,3.751996535590812,0.3591395612041969,0.0,0.0026293874443192476,-0.5554123543207934,True
0.653,0.005772235141629483,-0.43626369888838634,3.9148963150246976,0.3647402938847002,0.0,0.00225953412088939,-0.5488981749856687,True
0.654,0.005337944229593149,-0.4323028297613171,4.16936477012084,0.3777558381709858,0.0,0.0018896235683370708,-0.542303699300111,True
0.655,0.004907741206455641,-0.42808813783721983,4.379925513669594,0.3873628062693027,0.0,0.0015224173892592569,-0.5355105793547629,True
0.656,0.004481857943027873,-0.4236635248082702,4.5047100344171405,0.39021062275088053,0.0,0.0011633119387532208,-0.5285123730260128,True
0.657,0.004060461486674375,-0.4191147229869383,4.744659117304662,0.4023672693860792,0.0,0.0008045401272208791,-0.5214723214717292,True
0.658,0.0036437335739532535,-0.4143266724207616,4.8338807244043505,0.4025784615930152,0.0,0.0004557649320421374,-0.5141817323814488,True
0.659,0.0032318381199838045,-0.4094500088499079,5.115593379945617,0.4182865554933689,0.0,0.00010415494976291173,-0.5069182809689132,True
0.66,0.0028249599300638646,-0.40429240269885897,5.314928917574148,0.4275285038232184,0.0,-0.0002449737361196148,-0.4994362231369369,True
0.661,0.0024233387690421188,-0.3989361978363944,5.452686890442271,0.43196270533777253,0.0,-0.0005877985333451905,-0.49178263359811075,True
0.662,0.002027142455368851,-0.39344294569052624,5.578281470321939,0.4355379283395313,0.0,-0.0009238025654686316,-0.4840159657134822,True
0.663,0.0016365019526473653,-0.38782481549029696,5.758990043518452,0.4436372607702931,0.0,-0.001256842380026438,-0.4761868135195523,True
0.664,0.0012515696769574848,-0.38202675066394526,5.8724143122721255,0.4464781890873314,0.0,-0.0015827441660883053,-0.46819987190690615,True
0.665,0.0008724919314736508,-0.37611600278878715,5.996264096304642,0.4502720621362426,0.0,-0.0019024818311272947,-0.460133590532076,True
0.666,0.000499386605075139,-0.370082167225705,6.1836201287625405,0.4592687091252712,0.0,-0.0022204428392534614,-0.4520204944711144,True
0.667,0.00013240851749404917,-0.36386180155203623,6.352885843190782,0.46695080458391114,0.0,-0.002535613126872927,-0.4437867226828801,True
0.668,-0.00022826484861982263,-0.35747300282073075,6.503380363421343,0.47326490146006295,0.0,-0.0028469640920709112,-0.435440789807739,True
0.669,-0.0005824744472527908,-0.35093454639012817,6.528219869535151,0.46966090394544646,0.0,-0.0031465731290935546,-0.4269257563656261,True
0.67,-0.0009301334212426869,-0.3443720051994191,6.615039276479348,0.4711360999120492,0.0,-0.003438885712408352,-0.41841284531450273,True
0.671,-0.001271186712852055,-0.33772345084009847,6.89659791507373,0.48831965827374973,0.0,-0.003736827945881597,-0.4099644190763086,True
0.672,-0.0016054509930129744,-0.3307943070306478,6.929292670240986,0.4857499789013675,0.0,-0.004024245760290918,-0.40122688139770507,True
0.673,-0.0019327700502094482,-0.32383327332441836,6.98561845042414,0.48519962233123093,0.0,-0.004303072497716868,-0.3924713096595474,True
0.674,-0.002253100186354694,-0.3168167408820564,7.082594942678289,0.4880337831540319,0.0,-0.0045762921298901004,-0.38370327498142404,True
0.675,-0.0025663655899769333,-0.3097040972279153,7.17749987436143,0.49084091766197974,0.0,-0.004844041678971741,-0.3748831879069311,True
0.676,-0.002872471188710375,-0.3024974230989512,7.2999567364748525,0.4959923667493273,0.0,-0.005108374397988192,-0.36603292943663546,True
0.677,-0.0031713091867835003,-0.29516919882371895,7.272893612115748,0.4893276197483105,0.0,-0.00535981935006813,-0.35703327343619384,True
0.678,-0.0034628327598319694,-0.2878688403692563,7.385723953282919,0.4939826657413473,0.0,-0.005607907599856764,-0.348128086198141,True
0.679,-0.003746999862170965,-0.2804565612464871,7.41982653028991,0.4924853375545371,0.0,-0.005847752597070975,-0.3391286107374303,True
0.68,-0.004023737920797078,-0.2730110398377292,7.479394730624393,0.4931629710950766,0.0,-0.00608134905876943,-0.33013382555734355,True
0.681,-0.004293000968461534,-0.265506834301389,7.512614057979011,0.4918742870898467,0.0,-0.006307281908998512,-0.3211042969903299,True
0.682,-0.004554743490841301,-0.25797027936986805,7.605001896303978,0.4954583353447906,0.0,-0.006529713867322272,-0.31210672271617906,True
0.683,-0.004808903570839645,-0.2503422567409741,7.576402891040691,0.4895108961992248,0.0,-0.006741026345737612,-0.3030074031388116,True
0.684,-0.005055450206240122,-0.24274366831469174,7.643447704957949,0.4913484724865508,0.0,-0.006947838127426466,-0.29399272809766414,True
0.685,-0.005294365033031031,-0.23507894224317444,7.593567536932835,0.48397735929088725,0.0,-0.007142820333767325,-0.28489501839499104,True
0.686,-0.005525640348220885,-0.22746491891368698,7.557294723515201,0.4778262613435976,0.0,-0.007327296082481285,-0.2758456835425638,True
0.687,-0.0057493200525019035,-0.21988799598082948,7.624225432597764,0.4800637141450873,0.0,-0.007508355476212656,-0.2668994435687113,True
0.6880000000000001,-0.0059653896698774606,-0.21224504698165608,7.698039124665218,0.48299671027762436,0.0,-0.007686658527718875,-0.25795740822624064,True
0.6890000000000001,-0.006173779737049425,-0.20452920177483785,7.702462181805142,0.48052543506454115,0.0,-0.007857907423746714,-0.24897014992167624,True
0.6900000000000001,-0.006374452037868508,-0.1968098045747114,7.65812047644898,0.47429232488531986,0.0,-0.008019256059418119,-0.23997995747896078,True
0.6910000000000001,-0.006567427390212011,-0.1891355821605658,7.655263839909231,0.4715111443096544,0.0,-0.008173780093612467,-0.23106567449451576,True
0.6920000000000001,-0.006752730235394388,-0.1814650770368305,7.754254165853225,0.4770153797867393,0.0,-0.008328381774997328,-0.22225118222406437,True
0.6930000000000001,-0.006930313393492469,-0.1736965219864837,7.709549450431373,0.4711747323132674,0.0,-0.008473872763004098,-0.21334347654848676,True
0.6940000000000001,-0.007100150628518389,-0.16597350997384963,7.448243945393151,0.44813998312125913,0.0,-0.008596588905851155,-0.20435612643416406,True
0.6950000000000001,-0.007262395726036921,-0.15851246618177478,7.5670663135495575,0.45562068607348705,0.0,-0.008721884512627428,-0.1957537505127464,True
0.6960000000000001,-0.007417120679071933,-0.15093353247843705,7.465520568791953,0.4456214493826489,0.0,-0.008835532683834463,-0.1870133114501682,True
0.6970000000000001,-0.0075643177290505145,-0.14345691678140393,7.536602204913639,0.4495556272564134,0.0,-0.008949145625795765,-0.17846906940509297,True
0.6980000000000001,-0.0077040029212120855,-0.13591011607948578,7.498690971045359,0.4449140111722729,0.0,-0.009055780374192057,-0.16987795505366932,True
0.6990000000000001,-0.0078361605413579,-0.12840204534642846,7.54435150434386,0.44708898516149514,0.0,-0.009161154197726286,-0.1614042060220831,True
0.7000000000000001,-0.007960787553789997,-0.12084919423929166,7.417017262149752,0.4355653016950453,0.0,-0.009254210800782663,-0.15285533129776138,True
0.7010000000000001,-0.008077925632346378,-0.11342442640507615,7.353398642879745,0.42925829887953565,0.0,-0.009339523287302616,-0.14445012281353053,True
0.7020000000000001,-0.008187671014207447,-0.10606406196933843,7.236159357105789,0.4187869828764085,0.0,-0.009413939212663602,-0.13609321970037905,True
0.7030000000000001,-0.008290114896787878,-0.09882167215229073,7.181150655545139,0.41341138364315444,0.0,-0.009481893472744515,-0.12788121515012588,True
0.704,-0.008385344151127088,-0.0916350620859647,7.140871976634845,0.4093373559601843,0.0,-0.009544623095751905,-0.1197621458093441,True
0.705,-0.008473407193692738,-0.08448950706969897,7.108421859236668,0.4060136784041003,0.0,-0.009602883719276426,-0.11172714748040169,True
0.706,-0.008554341165744942,-0.0773771800875208,6.970309574510367,0.3943613633669179,0.0,-0.009650058159108202,-0.10370331369655862,True
0.707,-0.00862823209775965,-0.07040365640416636,6.962933832442938,0.39327809006726133,0.0,-0.00969501852712316,-0.09588239362018815,True
0.708,-0.008695153453458719,-0.06343828677204577,6.834142559386219,0.38260604817599503,0.0,-0.009730063385201448,-0.08805649842149502,True
0.709,-0.008755174062872444,-0.056602390239491165,6.777434260598492,0.37780932088743635,0.0,-0.00976023107945682,-0.08039619808106256,True
0.71,-0.008808387371449601,-0.049823926010357004,6.754424335268958,0.3758241030141809,0.0,-0.009787936354949284,-0.07285051696842425,True
0.711,-0.008854833968891331,-0.04306921577729064,6.6418932918232905,0.3667961460125444,0.0,-0.009807546374049948,-0.06532945388481284,True
0.712,-0.008894582345651174,-0.03642770752566452,6.523905896916513,0.3574386646285202,0.0,-0.009819023735618184,-0.05792223150184716,True
0.713,-0.008927748426228089,-0.0299048405836429,6.484573145119729,0.3544777990674356,0.0,-0.009827778365837455,-0.050685529227230144,True
0.714,-0.008954411540556418,-0.02342200887672464,6.243788525512195,0.3355130332457531,0.0,-0.009820928803441861,-0.043414302154358014,True
0.715,-0.00897471239607172,-0.017180501208928178,6.204347269458099,0.33274129828228555,0.0,-0.009812029038390704,-0.03644276249219381,True
0.716,-0.00898879168828964,-0.010979105558584678,6.174659446556168,0.33085701266824974,0.0,-0.009801855756062424,-0.029573093599958945,True
0.717,-0.008996684653536301,-0.004808071659178202,6.071377046955119,0.3231928713936547,0.0,-0.009785765002970497,-0.022748723451775383,True
0.718,-0.008998458430631158,0.0012590672525895448,6.655220153099503,0.3705964485669101,0.0,-0.009808513726422273,-0.016472892348508673,False
0.719,-0.008993873526073136,0.007908907530154118,5.791213499061335,0.30235642535920887,0.0,-0.009775362669689017,-0.009131870526057571,True
0.72,-0.00898307080981934,0.013694673491648424,5.654651484786759,0.2923202050251904,0.0,-0.009735024622390292,-0.0026637999257268317,True
0.721,-0.008966550790088077,0.019343334365283012,5.594464577388124,0.28848045209329853,0.0,-0.00969272064693251,0.003616769162644859,True
0.722,-0.008944412399076892,0.02493122055963904,5.479037202239795,0.2803152994629562,0.0,-0.009645004109944913,0.009822059574166753,True
0.723,-0.008916744015097924,0.030403141920180052,5.382758088085289,0.27376763180548214,0.0,-0.009593338108290994,0.015883560429485452,True
0.724,-0.008883652029472224,0.0357782446756394,5.330803470724351,0.27085193048852474,0.0,-0.009540775433552808,0.0217928586038533,True
0.725,-0.008845211106419653,0.041100829321576354,5.106859109821793,0.2542670283887788,0.0,-0.009476273318746679,0.02770297632643645,True
0.726,-0.0088015597123591,0.046199047392286655,5.028184558225224,0.2493705755226285,0.0,-0.009409634459934124,0.03334613830630778,True
0.727,-0.008752849608216281,0.05121807958379348,4.898485250387743,0.24047369663318163,0.0,-0.009337680201258405,0.03890148598102791,True
0.728,-0.008699185476050402,0.056106950205081114,4.768940913430034,0.23166276853010515,0.0,-0.009260630777360479,0.04431667707523336,True
0.729,-0.008640697395107196,0.060865828740635466,4.648554251342785,0.22365568644436945,0.0,-0.00917928147309874,0.049585553285778794,True
0.73,-0.008577510776136499,0.06550388027387456,4.586673701366531,0.2203991677717304,0.0,-0.009097600757481958,0.05468067953914438,True
0.731,-0.008509717203724794,0.07007957845291209,4.375103084550706,0.20524288651135972,0.0,-0.00900596258744106,0.05975581083501592,True
0.732,-0.0084374538351105,0.0744433580426281,4.275275995162323,0.19908111354611216,0.0,-0.008911932160708813,0.06458747192400857,True
0.733,-0.008360876738148263,0.07870689844593141,4.19052532860265,0.19419107281505504,0.0,-0.008816607016733305,0.0692797125529923,True
0.734,-0.00828007861396455,0.08288527549010404,4.091171398797509,0.1881985299112513,0.0,-0.008719131133596127,0.07385791450150844,True
0.735,-0.008195151920571339,0.08696390698199502,3.8532406635685224,0.17118218735303709,0.0,-0.008610639309852947,0.0783942841086398,True
0.736,-0.008106265652254198,0.09080433640512615,3.7886710600848668,0.16807742343482893,0.0,-0.008502708174298271,0.08263774583022694,True
0.737,-0.008013571366536076,0.09457981522304978,3.7799680349235074,0.16950273602299717,0.0,-0.008398989915126253,0.08673047349964129,True
0.738,-0.007917106092783444,0.09834617334482511,3.5365301223133985,0.15221604091634894,0.0,-0.008284213715844415,0.09087848530726714,True
0.739,-0.00781699625793192,0.101868861667679,3.3244934016858463,0.13747780289221462,0.0,-0.008160756487372885,0.09482193409723769,True
0.74,-0.007713469830191985,0.10517928406644661,3.2294487395120064,0.1321349563054784,0.0,-0.008036471855184567,0.09851751320688991,True
0.741,-0.007606680601835357,0.10839436438301481,3.149048944356702,0.1280109884414615,0.0,-0.007912370214301977,0.10207552195208658,True
0.742,-0.007496716592733879,0.11152874667789317,3.020485235157724,0.12008136974475528,0.0,-0.007785364880086743,0.10554243251853491,True
0.743,-0.007383682567353222,0.11453431402053069,2.935523246244345,0.11567969116965326,0.0,-0.007658394775120442,0.10884278683033405,True
0.744,-0.0072676855462618425,0.11745464829659633,2.7175300349599736,0.10067862075967629,0.0,-0.007522876397493284,0.11210503968121412,True
0.745,-0.007148877240449956,0.12015683257594485,2.605774145300224,0.0942009612050321,0.0,-0.00738595355319593,0.11512653874832382,True
0.746,-0.007027422700621255,0.12274704509027022,2.492449227152501,0.08763197497184991,0.0,-0.007247592096199972,0.1180165138856689,True
0.747,-0.00690343467845082,0.12522373063635342,2.359376251987497,0.07951512362324736,0.0,-0.007106579464828513,0.12078661526391361,True
0.748,-0.006777036565559436,0.12756716946597488,2.245582190627725,0.07296797740606514,0.0,-0.00696426180987877,0.123405291980653,True
0.749,-0.0066483519692104465,0.1297966403010465,2.0902928041361575,0.06312868572123015,0.0,-0.006818010410992514,0.12591881913940664,True
0.75,-0.0065175155900298095,0.1318706932920338,2.0126209336184684,0.05951887726398494,0.0,-0.006672980866765183,0.12823677712692017,True
0.751,-0.006384644051402405,0.13386690233783607,1.917765671103011,0.05456168904353792,0.0,-0.006528047553977132,0.13045030088146153,True
0.752,-0.0062498237815960325,0.13576810632435468,1.777328737535594,0.0459816436930415,0.0,-0.006380274257866882,0.13257195047474954,True
0.753,-0.006113172561125675,0.13752877014026166,1.6532115634799618,0.0387232713949662,0.0,-0.006230811644400992,0.13454576284196867,True
0.754,-0.005974822769245315,0.1391652165024051,1.548503702584952,0.033033312340669085,0.0,-0.006080977559207983,0.13637685547495135,True
0.755,-0.005834888919128201,0.14069685341415009,1.4294364408067626,0.026210537129931405,0.0,-0.005929865269780981,0.1380950504398027,True
0.756,-0.005693482992273169,0.14210934456180377,1.3153107275242302,0.01979528568843783,0.0,-0.005777840979291996,0.13968363473777387,True
0.757,-0.005550721660485021,0.14340764100133147,1.1648919104014988,0.010487279863549304,0.0,-0.005622588222683356,0.1411712011373167,True
0.758,-0.0054067372513329865,0.14455549103532941,1.0836317590034703,0.006715929120523406,0.0,-0.005468681616470081,0.1424780190772389,True
0.759,-0.005261645644181655,0.14562201581138676,0.9823594973876231,0.0013537800931064659,0.0,-0.005314794914864133,0.14368835464175017,True
0.76,-0.005115538162106756,0.14658722811510505,0.9100514664441713,-0.0016851022285752915,0.0,-0.005162808741383307,0.14476532447563803,True
0.761,-0.004968501639177382,0.14748008077123992,0.8140123110787321,-0.00661443492634553,0.0,-0.005011138505857184,0.14575510854519716,True
0.762,-0.0048206202917378226,0.14827686947030558,0.6254197719529125,-0.018944359158611146,0.0,-0.004853782872769239,0.14669279553994544,True
0.763,-0.004672036432838623,0.1488851244786248,0.5065488735171195,-0.02570653097229067,0.0,-0.00469541126830024,0.14744029933378852,True
0.764,-0.0045229037463603355,0.1493745337582337,0.4242145260927213,-0.02955016129608029,0.0,-0.00453841567665118,0.14804611175914298,True
0.765,-0.004373322814774365,0.14978161846554472,0.2993524605304295,-0.03679781960763884,0.0,-0.00438000080354152,0.14857546441997418,True
0.766,-0.004223397212399424,0.15006389361257166,0.1681730181898185,-0.04455964113449554,0.0,-0.004219790545032655,0.1489899519577888,True
0.767,-0.004073254901167604,0.15021506082871897,0.10314013441769572,-0.04704157016815494,0.0,-0.004062110999085855,0.1492424410416421,True
0.768,-0.003922993927966361,0.1503012293507899,-0.023888888683038477,-0.0544888542759428,0.0,-0.0039028699146778,0.14944063080012698,True
0.769,-0.0037727102710484618,0.15026045914499328,-0.1684597773733285,-0.0633543119713394,0.0,-0.0037409632272405024,0.14953331756173727,True
0.77,-0.003622539630767874,0.15007523642609108,-0.15557910209850132,-0.05964301315057091,0.0,-0.0035866500886947627,0.1494047448024505,True
0.771,-0.003472547769265021,0.14990290507087295,-0.2668202994487598,-0.06586313519416641,0.0,-0.0034316736609227116,0.14929564635491774,True
0.772,-0.003322783824413302,0.14961943945314296,-0.3585428672998143,-0.07053920548904742,0.0,-0.0032773029859256733,0.1490693169333374,True
0.773,-0.0031733491720553225,0.14924435533546643,-0.38238062706518244,-0.06980141262195444,0.0,-0.00312790459148895,0.14870452886160676,True
0.774,-0.003024301502453838,0.14884549439573558,-0.6295145601752168,-0.08693713253069817,0.0,-0.0029688650827984146,0.14841206358309186,True
0.775,-0.0028757761817297684,0.14819973888986276,-0.6054499137824992,-0.08241599570695224,0.0,-0.0028179936061952593,0.14779436366651708,True
0.776,-0.002727884566221136,0.14757810169899346,-0.7206203746748452,-0.08904217996208884,0.0,-0.002666032508074674,0.1472165676838829,True
0.777,-0.002580672119969625,0.1468414545954766,-0.8135256799375635,-0.09391317800300115,0.0,-0.0025144338718110183,0.14652468944516447,True
0.778,-0.0024342427217717514,0.14601205814200993,-0.9320839451222379,-0.10086163762462937,0.0,-0.002361505270079832,0.14575828401964347,True
0.779,-0.002288701937329298,0.14506428999893076,-0.9492766210185063,-0.09973104975353618,0.0,-0.0022138261330706577,0.14482867634058458,True
0.78,-0.002144117477382156,0.14409944928088414,-1.0956882748938892,-0.10895724267068385,0.0,-0.002062861633209802,0.1439218781657069,True
0.781,-0.0020005709898502427,0.14298842063743158,-1.0613253254200496,-0.10375769337441657,0.0,-0.0019203856408723447,0.1427942771131977,True
0.782,-0.0018581183167487633,0.14191185282238478,-1.2092118310077211,-0.11315365384340925,0.0,-0.0017743393645371695,0.14174645662539964,True
0.783,-0.0017168160760147727,0.14068763595385156,-1.2817735588326433,-0.11656205776041517,0.0,-0.0016296722102705978,0.14054671377399106,True
0.784,-0.0015767742683084154,0.13939105212359185,-1.3219232278378998,-0.11740886880175243,0.0,-0.001488419257913332,0.13925233196613057,True
0.785,-0.0014380490602531036,0.13805449601605196,-1.4445273095218514,-0.12488052832437774,0.0,-0.001345119498924389,0.13794963721202033,True
0.786,-0.0013007216284551754,0.13659558261272464,-1.543503520431684,-0.13050180103320091,0.0,-0.0012013292288875028,0.13654049301044455,True
0.787,-0.0011649025178146171,0.1350379349450151,-1.4940490960172426,-0.12428762080864068,0.0,-0.0010666457116245852,0.13495686123427345,True
0.788,-0.0010306162820622829,0.13352987792078225,-1.5809177635587048,-0.12900092881132363,0.0,-0.0009319626924195778,0.1334381940412594,True
0.789,-0.0008978814586136042,0.13193519017151467,-1.6187013615877577,-0.12982575236148375,0.0,-0.0008004287275643802,0.1318169149875621,True
0.79,-0.0007667601451382638,0.13030292787291575,-1.7413856967705241,-0.1374761870093808,0.0,-0.0006664277619982797,0.1301974553270468,True
0.791,-0.0006373323431324835,0.12854826133789335,-1.8320681322147598,-0.1426116413930183,0.0,-0.0005320661319877873,0.12847367539845725,True
0.792,-0.0005097044595918723,0.12670318104092199,-1.9121634017282445,-0.1469433706860026,0.0,-0.00039800484833954833,0.1266717373713781,True
0.793,-0.000383961614051223,0.12477827598107934,-1.9630874196790566,-0.148984909509517,0.0,-0.0002660898044517741,0.1247848827241411,True
0.794,-0.000260169050218878,0.122802703424952,-2.004916802112259,-0.1503400626619263,0.0,-0.00013681595358720858,0.12283840820875942,True
0.795,-0.0001383728887321129,0.12078555654683461,-1.9252770934914072,-0.14201861269087046,0.0,-1.7943750294558566e-05,0.12076756376659116,True
0.796,-1.8553999303596235e-05,0.11884821350450799,-2.129353862808352,-0.15642049539159195,0.0,0.00010922104861386371,0.1188767016438737,True
0.797,9.922563423433539e-05,0.11670717215915151,-2.1717319517120943,-0.15794763406165135,0.0,0.0002340185363548889,0.11677546099611973,True
0.798,0.00021484312862924461,0.11452402682280527,-2.13424505721204,-0.15312954504290016,0.0,0.00035137796653341444,0.11457891080087262,True
0.799,0.0003282962932526584,0.11237858435162569,-2.1506847585478464,-0.1526600172830848,0.0,0.00046503123653698957,0.11240496664261324,True
0.8,0.00043959588024065335,0.11021695635586674,-2.1659341068775717,-0.15213596794316997,0.0,0.0005750392322166457,0.11020043939413485,True
0.801,0.0005487262995432466,0.1080403340715385,-2.1791419260710017,-0.1514894406053171,0.0,0.0006814060884739206,0.10796721031502324,True
0.802,0.0006556735776691816,0.10585075910687848,-2.184823120343126,-0.15028163413657938,0.0,0.0007837805184658171,0.105704572288972,True
0.803,0.0007604285237846181,0.10365575361904487,-2.3044064261356065,-0.15822611022844002,0.0,0.0008896864229857657,0.10349307941361865,True
0.804,0.0008629287860468721,0.10134150575914642,-2.2515728267037254,-0.1524321272963568,0.0,0.000987899461440709,0.10110908691114588,True
0.805,0.0009631412903019326,0.09908031013138642,-2.312221531343594,-0.15575154206628639,0.0,0.0010860169196721758,0.09880099143510697,True
0.806,0.001061062375065023,0.09675876778799483,-2.2825301482048532,-0.15189223697065848,0.0,0.00117822877779536,0.09639821297281267,True
0.807,0.0011566768425030636,0.09446715449582177,-2.3859437537826795,-0.15871925859806058,0.0,0.0012733552971275243,0.0940776388273367,True
0.808,0.0012499481025626236,0.0920724666674178,-2.4527586559989616,-0.16267293063369953,0.0,0.0013689872770742742,0.0916809656399695,True
0.809,0.0013407913744336412,0.08961128578928639,-2.37695806451462,-0.15526904612664968,0.0,0.001455913990782007,0.08915631677767565,True
0.81,0.00142921143832827,0.08722612257948771,-2.421314585641137,-0.15751222625184358,0.0,0.0015421935345670058,0.086726489593126,True
0.811,0.0015152242616634302,0.0847969059531627,-2.419975412597915,-0.15614836758351192,0.0,0.001624923570092242,0.08424209312121375,True
0.812,0.0015988086286730272,0.08236930059097594,-2.4657555821057806,-0.15859757518143086,0.0,0.0017072921937588026,0.08178026146037533,True
0.8130000000000001,0.001679942603106686,0.07989622405669704,-2.459067578136569,-0.15689889250820155,0.0,0.001785951032403858,0.07926098029331835,True
0.8140000000000001,0.0017586069359795686,0.07743010833911446,-2.5518930786121667,-0.16320490844064736,0.0,0.0018674867589678356,0.07680087652339188,True
0.8150000000000001,0.0018347588568972024,0.07487151747787994,-2.475468670582628,-0.156027252125115,0.0,0.0019408998889769375,0.07419286932416581,True
0.8160000000000001,0.0019083904752533775,0.07238957856345958,-2.5626986056079275,-0.16197811046645827,0.0,0.002017050993715614,0.07171335771174639,True
0.8170000000000001,0.0019794966553825133,0.06982075744577128,-2.46528247452615,-0.15321316727171425,0.0,0.002083946849984171,0.0690809232791136,True
0.8180000000000001,0.0020480827934959934,0.06734956462573384,-2.490661096535642,-0.15430544968483542,0.0,0.002149831311470316,0.06656252771259742,True
0.8190000000000001,0.0021141851486936114,0.06485329102415166,-2.4267244600821565,-0.14830022920718933,0.0,0.0022089860752806225,0.06397895691293747,True
0.8200000000000001,0.0021778232756054596,0.06242118441983909,-2.54635710571536,-0.15701720736594982,0.0,0.0022735226702046128,0.06153757326642406,True
0.8210000000000001,0.0022389696017784764,0.059869812802499735,-2.513355865543168,-0.1535826388751409,0.0,0.002333449265684758,0.05895552592715256,True
0.8220000000000001,0.002297581144038194,0.05735170333061924,-2.504613672531117,-0.1521304288101276,0.0,0.0023905016580014877,0.056403992338954434,True
0.8230000000000001,0.002353679040049545,0.05484261231121017,-2.3813739544826453,-0.1415625801603746,0.0,0.0024373802184308986,0.05378834313280512,True
0.8240000000000001,0.002407329527002392,0.05245694613459891,-2.476488900322264,-0.1484923470035862,0.0,0.002488541383903372,0.051364467720552205,True
0.8250000000000001,0.0024585469043961632,0.049976508125107254,-2.428565388580675,-0.14403420583231022,0.0,0.0025346428068958354,0.04882076116238388,True
0.8260000000000001,0.00250730788609219,0.04754423481147569,-2.460593224386039,-0.14601060782384662,0.0,0.0025810380373270034,0.04635349577082373,True
0.8270000000000001,0.002553620680036945,0.04508023235990588,-2.4820416279979893,-0.14718853011598543,0.0,0.0026270722064035542,0.043875030286631436,True
0.8280000000000001,0.002597458845254935,0.04259507544322873,-2.411946554709098,-0.1410900561089516,0.0,0.002666863727767787,0.04133902281033448,True
0.8290000000000001,0.002638846976076991,0.04018023786339082,-2.4591786853121294,-0.1444134207119776,0.0,0.002708218537678803,0.038913495967588106,True
0.8300000000000001,0.002677796756022764,0.03771847685756917,-2.3937708053232702,-0.1387751055945436,0.0,0.0027438359115863216,0.03640892939840416,True
0.8310000000000001,0.002714317554225092,0.035322349053887495,-2.387243367498009,-0.13788307153732257,0.0,0.0027777215914501284,0.03397801287262976,True
0.8320000000000001,0.002748445576471306,0.03293301297489618,-2.3711067192936346,-0.1362645556100197,0.0,0.002809336409190424,0.03155580717003391,True
0.833,0.0027801924163452034,0.03056006950392073,-2.3391142737449315,-0.1334184700649104,0.0,0.002837750737727465,0.029142872721890888,True
0.834,0.002809582389627869,0.028219360115042606,-2.2889806788685068,-0.1291596480823738,0.0,0.0028619113630407545,0.026745048687580875,True
0.835,0.0028366567950640796,0.025929008054291283,-2.3232973457038155,-0.13169248437863684,0.0,0.0028874381538684553,0.024434796645182368,True
0.836,0.0028614237848597836,0.023604623868242337,-2.2640533846512922,-0.1267860877804382,0.0,0.00290826872260938,0.022067674176003645,True
0.837,0.002883896084220837,0.021339698370121327,-2.2856167990965797,-0.12837845060733674,0.0,0.002929798313958375,0.01979021453105969,True
0.838,0.002904092766870391,0.019053481102040866,-2.1368189128238915,-0.11638542548999939,0.0,0.0029410068034332383,0.017414114042990647,True
0.839,0.002922077678315497,0.01691620166792955,-2.194978301420218,-0.12097092170378698,0.0,0.002955610595808642,0.015244438208723548,True
0.84,0.0029378963258297557,0.014721048941554231,-2.0888053918046774,-0.11245577160645209,0.0,0.0029629056571472247,0.01296802030169316,True
0.841,0.0029515729618311603,0.012632232383034432,-2.141160833882052,-0.11664868551163915,0.0,0.0029733890478447845,0.010852337302106562,True
0.842,0.0029631346954290374,0.010491336461254335,-2.0892286952591776,-0.11254291072766101,0.0,0.002980250824405994,0.008670583968816434,True
0.843,0.002972581565962907,0.0084025725283608,-2.10922285255178,-0.11422305131340679,0.0,0.0029882785753851007,0.006574056933986112,True
0.844,0.002979929758968621,0.0062940650396037506,-2.0881470207295223,-0.11265773819217414,0.0,0.002994811359234247,0.004463648347501608,True
0.845,0.0029851800559763013,0.004206853878030412,-2.04230826854616,-0.10914659801075575,0.0,0.0029983159749731596,0.0023656812227901463,True
0.846,0.002988366127554438,0.002165680078586757,-1.997676082896551,-0.10576361472631378,0.0,0.002998982011898061,0.0003068436612561785,True
0.847,0.0029895334063689805,0.00016933284790645198,-1.8911930903068148,-0.09746352596815477,0.0,0.0029929084536403465,-0.001751755492768467,True
0.848,0.0029887576266750416,-0.001720390730029814,-1.884036729984397,-0.09713174800620458,0.0,0.002986738374392405,-0.0036832913367361537,True
0.849,0.0029860957705658774,-0.0036027510967342226,-2.005252537919592,-0.10710280929498968,0.0,0.002988816889527025,-0.005508552021849977,True
0.85,0.0029814910481770706,-0.005606020207045568,-1.9748224316954492,-0.10499167809329413,0.0,0.0029891270813973475,-0.007455633516073385,True
0.851,0.002974898338935529,-0.0075786579116709305,-1.8850563123718873,-0.09816577383831197,0.0,0.0029839014344252056,-0.009407966986829846,True
0.852,0.002966377925720526,-0.00946137834495588,-1.7616588591439863,-0.08867327146994416,0.0,0.002971137645975863,-0.011324558205019434,True
0.853,0.0029560365293797466,-0.011220586754566027,-1.807462363002932,-0.09273480192194705,0.0,0.0029620242729497836,-0.013063241284988742,True
0.854,0.0029439131006989937,-0.013025364807917043,-1.6857234082641417,-0.08343048062549949,0.0,0.002945635310255255,-0.014901250786490988,True
0.855,0.002930045799531428,-0.014708296794653877,-1.7254807655103395,-0.08706263246461993,0.0,0.002932651825725446,-0.016566115998359318,True
0.856,0.002914475761093123,-0.01643076561407052,-1.5977630541101338,-0.07733217250282295,0.0,0.0029121573792496827,-0.018327152011657244,True
0.857,0.0028972471441446523,-0.018025423571060132,-1.5628264592499739,-0.07503871897392138,0.0,0.0028903866996546888,-0.019954644976473847,True
0.858,0.0028784413882554667,-0.019584993125688576,-1.6349739052322163,-0.08133616660506152,0.0,0.0028743321507616907,-0.02147554974680316,True
0.859,0.002858040066257068,-0.021216477978667558,-1.545786739665908,-0.07476419533808554,0.0,0.0028534111548600117,-0.023101433360045023,True
0.86,0.002836051891021653,-0.02275866241816414,-1.4487534627823708,-0.0675823824743796,0.0,0.002827267828588173,-0.024672587132337876,True
0.861,0.0028125700806365035,-0.024203716549598783,-1.5146579865024856,-0.07345082345469364,0.0,0.0028066171803728755,-0.02607783799218768,True
0.862,0.0027876103351150753,-0.025714460847211795,-1.321065055851449,-0.05859395373770998,0.0,0.0027745219191782676,-0.027646179516968,True
0.863,0.002761236648198009,-0.027031594719992474,-1.3342040762872198,-0.060277857801812516,0.0,0.0027446997253568694,-0.02898231601648828,True
0.864,0.002733539310678644,-0.02836170917080379,-1.2916747689002943,-0.057533679020304415,0.0,0.002713500687812589,-0.0303311783600975,True
0.865,0.002704533162195696,-0.029649178228639977,-1.2521156072112107,-0.05504555304481114,0.0,0.0026811711566153184,-0.031634596626226266,True
0.866,0.002674259362240792,-0.030896974496524912,-1.3127769834545528,-0.060593127095612966,0.0,0.0026542498097441255,-0.032833178087495474,True
0.867,0.002642707497833052,-0.032205244089979136,-1.1406509878204734,-0.047547973355440434,0.0,0.0026175285385007215,-0.03417591751158361,True
0.868,0.0026099334312423435,-0.03334137606364969,-1.2685006179220704,-0.05850221279904141,0.0,0.0025907177805667265,-0.03523715985637063,True
0.869,0.002575959383600898,-0.03460512928879249,-1.1145014814728218,-0.046945465127664676,0.0,0.002555309151261325,-0.0365001412891284,True
0.87,0.00254079858974642,-0.03571486249123411,-1.049549219921484,-0.04251534647723125,0.0,0.002517316864769896,-0.03762149512365754,True
0.871,0.002504560563578762,-0.03675956977561027,-0.9106715977486882,-0.03218278604855057,0.0,0.0024720348370626927,-0.03873652723634141,True
0.872,0.0024673472720912826,-0.03766539127935252,-0.951662708597098,-0.036240612743647066,0.0,0.00243132179531893,-0.03965591160997644,True
0.873,0.002429207708128432,-0.03861206977788706,-0.9464240304690545,-0.03662163206455904,0.0,0.0023920710821435424,-0.04059258839862694,True
0.874,0.00239012411913495,-0.03955340727553799,-0.8325466025248073,-0.02832790293062004,0.0,0.0023472171672088023,-0.041568641993137596,True
0.875,0.002350156137118427,-0.04038085113227588,-0.8143481885713489,-0.027690746753449333,0.0,0.002303118499922277,-0.042412828033611294,True
0.876,0.002309369836751143,-0.041190017859815395,-0.8169695936919266,-0.028731712577011403,0.0,0.002261112479743922,-0.043209634912963764,True
0.877,0.002267773089965814,-0.042001712945123885,-0.7888452281438332,-0.02732790818553686,0.0,0.002219160229860926,-0.04400063230851688,True
0.878,0.0022253787334129815,-0.042785214533144274,-0.7771847322039243,-0.027252187118857588,0.0,0.0021783355975319584,-0.04474501637539968,True
0.879,0.002182206731867042,-0.04355697670494579,-0.76831752230188,-0.027412517815137136,0.0,0.0021387977610149694,-0.04545862991507227,True
0.88,0.0021382674283853794,-0.044319791867978665,-0.6406561710719213,-0.01808205499897432,0.0,0.0020928253993659413,-0.046219265471893596,True
0.881,0.0020936291359109458,-0.04495496038944563,-0.6227855425638531,-0.017532114205444704,0.0,0.0020477106019794124,-0.04683623281054316,True
0.882,0.0020483646294056678,-0.045572200928918866,-0.5514982002049281,-0.012717956798562496,0.0,0.0019999762584403703,-0.047454496616342455,True
0.883,0.002002518530686465,-0.04611814083253566,-0.5254836280357487,-0.011527533590407806,0.0,0.0019526308046306496,-0.04799123596701875,True
0.884,0.001956139513069708,-0.04663802525358543,-0.4921975051034038,-0.009761852203447816,0.0,0.0019051974232876334,-0.04849732361121508,True
0.885,0.0019092572649512553,-0.04712459129444267,-0.4345576679563761,-0.0060529336227206215,0.0,0.001856105134872778,-0.04898098847141606,True
0.886,0.0018619172740049737,-0.04755350815600252,-0.4634578702317686,-0.009268539665172264,0.0,0.0018110078554757132,-0.0493634755549025,True
0.887,0.001814133939667626,-0.048011254244450144,-0.37616220773141645,-0.003199916213830069,0.0,0.0017622747714855756,-0.049806705091494374,True
0.888,0.0017659365015979935,-0.04838172191082202,-0.32824430225620443,-0.0002784937810311125,0.0,0.001712557262804633,-0.05016764853350174,True
0.889,0.00171739255627784,-0.04870426773175905,-0.24622009799066968,0.0053709460459364575,0.0,0.0016596743071413953,-0.050507300735620105,True
0.89,0.0016685670680624766,-0.04894481764184885,-0.2570081965064151,0.0036001733875895073,0.0,0.0016097238827385302,-0.050732477477740026,True
0.891,0.001619495647702156,-0.04919612011134264,-0.23229782714199132,0.004663561073918389,0.0,0.0015603280147468161,-0.050960718165512356,True
0.892,0.0015701852830703972,-0.04942270340406272,-0.19072888365438784,0.007074299994428594,0.0,0.0015103800143334014,-0.051167323035318533,True
0.893,0.0015206691173333016,-0.049607724994684604,-0.2241808172682884,0.003484651731174203,0.0,0.001464754142080087,-0.05128871930487762,True
0.894,0.001470951219647944,-0.04982615138486817,-0.08872031276932778,0.01340035876593259,0.0,0.0014123923981620825,-0.051508110720030365,True
0.895,0.0014210825988902015,-0.04990919933088533,-0.06253889592006019,0.014587271186712575,0.0,0.0013605535276176408,-0.05158431132838614,True
0.896,0.001371144017219646,-0.049966077129319234,-0.04110412005314808,0.015396333450183472,0.0,0.0013095286637173971,-0.051625341603880916,True
0.897,0.001321159271713072,-0.05000153062770017,0.0021934843088773203,0.017956161960221463,0.0,0.001257877112955996,-0.05165034527180927,True
0.898,0.001271160711613049,-0.04999371661468399,0.05867043075328416,0.021575281275535534,0.0,0.0012047589103414249,-0.05164554781983043,True
0.899,0.0012211981890629354,-0.049929470986680005,0.05879039337757076,0.020693262354936896,0.0,0.0011538602672508283,-0.051562280652641235,True
0.9,0.0011712999696827263,-0.04986511271435913,0.09454660663136437,0.02266331445907513,0.0,0.0011028089119367764,-0.051480979452158335,True
0.901,0.0011214839749980191,-0.04976503360894429,0.11089752760484184,0.023086709725278376,0.0,0.0010528615259909743,-0.05135385901983856,True
0.902,0.0010717762268881673,-0.049648627705377986,0.17937151351118938,0.027683857840236803,0.0,0.0010006072658695808,-0.0512337920581224,True
0.903,0.0010222190995572299,-0.04946381480044852,0.16130579169715864,0.025368749351749008,0.0,0.0009517084774831968,-0.05101358780211899,True
0.904,0.0009728377500265327,-0.0492970741785275,0.2920715803951689,0.0349611570306678,0.0,0.000896428352995278,-0.05087509861909952,True
0.905,0.0009236884838565599,-0.04899968944186311,0.12322448058853956,0.02060438842347767,0.0,0.0008543397855634461,-0.05047901956018939,True
0.906,0.0008747522115044897,-0.048871052344390944,0.3315728441644301,0.03640684105890831,0.0,0.000800648503333787,-0.05036884604074176,True
0.907,0.0008260486915887732,-0.04853424533788707,0.36217990933408784,0.0380191597547785,0.0,0.0007471733151787578,-0.05004820857090393,True
0.908,0.000777697261650781,-0.04816689322808268,0.35644072588577175,0.03673378159320587,0.0,0.000696254410219679,-0.04967437911675886,True
0.909,0.0007297103019483933,-0.047805317090114104,0.36202150065852984,0.03635986743693978,0.0,0.0006470813156491295,-0.04929253461899617,True
0.91,0.0006820876937703498,-0.04743820522620573,0.45639519367767567,0.04309660935493567,0.0,0.0005938469388048743,-0.04894757625373642,True
0.911,0.0006348793460718629,-0.046976835229198356,0.419677736239568,0.03936482690095517,0.0,0.0005451429147084162,-0.04846672202680526,True
0.912,0.0005881140018669256,-0.04655220566663705,0.47663335090814013,0.04313045542625942,0.0,0.0004947700746751741,-0.04804293867526326,True
0.913,0.0005418017343467237,-0.04607071306505513,0.38743430068905693,0.03521868970555897,0.0,0.0004522310930402024,-0.047490167698559016,True
0.914,0.0004959263649814338,-0.04567840344521429,0.371584573894215,0.033172032067777295,0.0,0.0004125548822513891,-0.04700535001354873,True
0.915,0.00045043536977603044,-0.0453019751888412,0.4324678695652709,0.03726902919852927,0.0,0.0003706856919053746,-0.04656365223493868,True
0.916,0.00040535121457817264,-0.04486475388407604,0.4928130626413964,0.04133759640762969,0.0,0.00032670869139985413,-0.04608648757510617,True
0.917,0.00036073442124559047,-0.04436728404564618,0.4990685795191443,0.04109463185847463,0.0,0.00028417473507801646,-0.04554000357161225,True
0.918,0.0003166182052398155,-0.043863619550372525,0.562681304183493,0.045449997682951424,0.0,0.00023931958251875978,-0.045015367804242146,True
0.919,0.00027303742471772384,-0.04329644903269306,0.5784817316744228,0.04599763829494969,0.0,0.00019529219492110287,-0.04442407110002454,True
0.92,0.00023003168956938391,-0.04271355429758747,0.5438763333084654,0.04252505056121565,0.0,0.00015532435898308323,-0.04378357588726561,True
0.921,0.00018759153357914194,-0.042165303264694684,0.6288370599219492,0.048623776006417124,0.0,0.0001115509755249253,-0.043221187411622064,True
0.922,0.00014574206640467215,-0.04153222002377996,0.5972168174828029,0.04541683619105474,0.0,7.161484569947823e-05,-0.0425420843464504,True
0.923,0.00010450985681671469,-0.04093080332203754,0.6454159101030736,0.04860275383230225,0.0,3.023081862920779e-05,-0.04191554389067052,True
0.924,6.39031284350199e-05,-0.04028129308933013,0.5667604213147558,0.04165733484629121,0.0,-4.35656072165333e-06,-0.0411815062824897,True
0.925,2.3906578588031833e-05,-0.03971044946792042,0.6273939047422035,0.0458565768578104,0.0,-4.1363926901857815e-05,-0.04055791898700854,True
0.926,-1.5488848015566498e-05,-0.03907908427412249,0.6305023243554955,0.04547189657126474,0.0,-7.701101931457014e-05,-0.03986736951439952,True
0.927,-5.4251379688831367e-05,-0.03844468409909061,0.6358194619538294,0.045275670030016514,0.0,-0.00011148898235425156,-0.03917004408918988,True
0.928,-9.237687777798459e-05,-0.037805042304573405,0.6800100565841252,0.048201415650177486,0.0,-0.00014735886192330312,-0.03848853987876318,True
0.929,-0.0001298406742106704,-0.037121316620097336,0.7346060767182038,0.05197679600725256,0.0,-0.0001852691743443047,-0.03778957622104103,True
0.93,-0.00016659348673463573,-0.036383114767103826,0.7491559517624077,0.05256781960771672,0.0,-0.0002225836670614432,-0.03703693026204828,True
0.931,-0.00020260085391278376,-0.03563045749587237,0.7850136315704477,0.054878620255701026,0.0,-0.00026071175767565416,-0.0362846830598546,True
0.932,-0.00023783767249108378,-0.03484205539833992,0.8064913431102596,0.056057182696180465,0.0,-0.000298713596685802,-0.035502116913224906,True
0.933,-0.0002722753852388411,-0.034032281143552265,0.7391538360968284,0.050147476216220864,0.0,-0.0003308532730681646,-0.034648621605351884,True
0.934,-0.00030593700538111157,-0.033289882446990056,0.8497653784558469,0.05847957828596893,0.0,-0.0003688287497714708,-0.033927338007797764,True
0.935,-0.0003388009775646504,-0.032437042746626815,0.7884796360461762,0.05308750815793518,0.0,-0.0004013619497034009,-0.03304906658756148,True
0.936,-0.0003708427689982827,-0.03164553644556138,0.7988689955958854,0.05343688543223437,0.0,-0.00043325605269337286,-0.03223449221355696,True
0.937,-0.0004020878918151966,-0.030843737960663885,0.821368810968931,0.05477067426956128,0.0,-0.00046532626518348884,-0.031419117884802394,True
0.9380000000000001,-0.0004325200021294746,-0.03001954752548488,0.7967046529789469,0.05234866649692703,0.0,-0.0004945264653579868,-0.03056133110527924,True
0.9390000000000001,-0.000462140278588166,-0.029220094508552816,0.8469902235391787,0.055934281527520974,0.0,-0.0005258024615037288,-0.029756731047815302,True
0.9400000000000001,-0.0004909360022509966,-0.028370485392508728,0.7507981585191511,0.047822546393913104,0.0,-0.0005496238868003139,-0.02883756699525774,True
0.9410000000000001,-0.0005189302197378885,-0.027617088160458183,0.8326604818746431,0.05395804401543447,0.0,-0.0005777382252435718,-0.02806591241033887,True
0.9420000000000001,-0.0005461301582982192,-0.02678197775187926,0.8400861791306379,0.05416271415085757,0.0,-0.0006052215258648937,-0.02721374734421174,True
0.9430000000000001,-0.0005724913068315836,-0.025939541391990548,0.8132903008813978,0.051645635580504445,0.0,-0.0006298878272213578,-0.026335234166552302,True
0.9440000000000001,-0.0005980234415760319,-0.025123974544339473,0.8120576162285549,0.05118531040459508,0.0,-0.0006534823506641493,-0.025482094834131885,True
0.9450000000000001,-0.0006227406560678313,-0.02430973111479042,0.8060221505574736,0.05035527250160207,0.0,-0.0006757361079340739,-0.024625993871890045,True
0.9460000000000001,-0.0006466466738207125,-0.023501609955299697,0.7562948338358858,0.046043753383462074,0.0,-0.000693868083323361,-0.02374515861733311,True
0.9470000000000001,-0.0006697694514722823,-0.022743267838794014,0.798953357120585,0.049131226302490436,0.0,-0.0007139861751340272,-0.02294301350127978,True
0.9480000000000001,-0.0006921125972334243,-0.021942386044647735,0.8113459892608249,0.04981656606530663,0.0,-0.0007340890495758213,-0.02210651487076985,True
0.9490000000000001,-0.0007136486981193321,-0.02112921142504476,0.8202592843371579,0.050239560809819284,0.0,-0.0007539647127941739,-0.021264037023389016,True
0.9500000000000001,-0.000734367200531762,-0.020307221960698906,0.8620616669894088,0.05330945711429712,0.0,-0.0007757628441030816,-0.020439637636874432,True
0.9510000000000001,-0.0007542428539401395,-0.019443555442092718,0.8506306463835728,0.05214085368671218,0.0,-0.0007959969770124779,-0.019566088197797562,True
0.9520000000000001,-0.0007732605857517136,-0.018591408058868684,0.7645795386124188,0.045016703578398425,0.0,-0.0008098891303590055,-0.018651346256296397,True
0.9530000000000001,-0.0007914692053660541,-0.017825339869713484,0.7937910600882666,0.04711779832610674,0.0,-0.0008250888702485129,-0.01784526161554817,True
0.9540000000000001,-0.0008088971873212855,-0.017030169289363992,0.7659745027771165,0.0446741905356625,0.0,-0.00083787921848897,-0.016995292914137556,True
0.9550000000000001,-0.0008255439295702259,-0.01626288278229781,0.9038322578208469,0.055495243959527936,0.0,-0.0008590690738026655,-0.01626316417419519,True
0.9560000000000001,-0.0008413545209409633,-0.01535793330258534,0.7635972347464054,0.04410044540646485,0.0,-0.0008704318493681486,-0.015304690157428242,True
0.9570000000000001,-0.0008563302779060931,-0.014593210221402433,0.8229026484357024,0.04866708164597822,0.0,-0.0008851702841196409,-0.014529188044879737,True
0.9580000000000001,-0.0008705117031263386,-0.013769314392378358,0.7288538554854773,0.040986780055478685,0.0,-0.0008932721627522654,-0.013638118843404096,True
0.9590000000000001,-0.0008839162634134542,-0.013039485970996354,0.738051663216446,0.04156890199935394,0.0,-0.0009016157872891275,-0.012853454704768926,True
0.96,-0.000896586426118444,-0.012300549044570865,0.7706491651990056,0.044037311660439955,0.0,-0.0009117216651072008,-0.012085292428835442,True
0.961,-0.0009085013892976816,-0.011529123360855258,0.8410471840010053,0.049547254909419525,0.0,-0.0009260026340389153,-0.011332663610620797,True
0.962,-0.0009196097749543038,-0.010687441808793925,0.7826752292678556,0.04477854937519571,0.0,-0.0009360175791270398,-0.010475308597045483,True
0.963,-0.0009299056814526999,-0.009904180907146726,0.757650406632216,0.04268522855557107,0.0,-0.0009440537032453593,-0.009665816538610853,True
0.964,-0.0009394308623335686,-0.009146013202329295,0.7424182179573879,0.04138618033030729,0.0,-0.0009508102220443227,-0.008877378789797035,True
0.965,-0.0009482055160751635,-0.008403150946613036,0.7803261647566734,0.04435001577758736,0.0,-0.0009597751273123681,-0.008133644394231134,True
0.966,-0.0009562183912633505,-0.007622494109995746,0.7597905419029913,0.04265661301629951,0.0,-0.0009671147901142844,-0.007343488281470748,True
0.967,-0.0009634609013654984,-0.006862444511056617,0.6785191250902591,0.036115740441314964,0.0,-0.0009689501931809362,-0.006528725739559991,True
0.968,-0.0009699840049961307,-0.006183687821680485,0.745462137810684,0.04143521639632271,0.0,-0.0009750408487558268,-0.0058452617609414045,True
0.969,-0.0009757949232319256,-0.005438117130759514,0.70745990288753,0.038379909557136604,0.0,-0.000978484961995246,-0.005076091767141268,True
0.97,-0.0009808792899894103,-0.004730602596523417,0.7629666307588523,0.04281383092931598,0.0,-0.0009854216885211427,-0.004386452410981012,True
0.971,-0.0009852284297624228,-0.003967704577705772,0.7764854907149545,0.04390860297214806,0.0,-0.0009930482827510277,-0.0036541213288680775,True
0.972,-0.0009888079441897739,-0.003191384121107309,0.6703199848691381,0.03544408969958224,0.0,-0.0009936048817820369,-0.002846576115130077,True
0.973,-0.0009916642224878246,-0.002521232898564015,0.745425887143735,0.041481567018890275,0.0,-0.000999034352354117,-0.002200518516925665,True
0.974,-0.0009938128412069936,-0.0017761102422947255,0.7598508552467315,0.042686304048937265,0.0,-0.0010052854468614394,-0.0014928459580421738,True
0.975,-0.0009952091564575868,-0.0010166577546014397,0.6156556051089614,0.03121668466192818,0.0,-0.0010020722436402069,-0.000685608301393208,True
0.976,-0.0009959181079272196,-0.00040137241549458556,0.6755842091850414,0.03607204610225401,0.0,-0.0010028815696117427,-7.00941401221187e-05,True
0.977,-0.0009959818483586185,0.00027372517435696924,0.6950238074918837,0.0377070783498184,0.0,-0.001004991871970777,0.0005869512626471145,True
0.978,-0.000995360801748002,0.0009681711525707288,0.688228851965354,0.03725799426407277,0.0,-0.0010066787373514212,0.0012616785819143331,True
0.979,-0.000994048730907089,0.0016557494388874108,0.6839689680107796,0.03702333021720125,0.0,-0.0010081277854566046,0.0019259606128648906,True
0.98,-0.0009920512363918452,0.0023389938817463905,0.6412484234133029,0.03372363088382059,0.0,-0.0010068639460985799,0.002606328330439048,True
0.981,-0.0009893918722414634,0.002979474580080537,0.6463109972652314,0.03425336303048184,0.0,-0.001006064856962573,0.003233139035161284,True
0.982,-0.0009860895214274714,0.0036249418508158228,0.5305649405534953,0.025130576880683042,0.0,-0.000997901542701029,0.003930205419204156,True
0.983,-0.0009821995705562635,0.004154681590802674,0.6046168816294122,0.03118832005123656,0.0,-0.0009948746326254828,0.004454288497277572,True
0.984,-0.0009777428930326014,0.004758355420986977,0.6180759200261733,0.032417704178025475,0.0,-0.0009929289581608136,0.005037197289310555,True
0.985,-0.0009726758382785124,0.0053754098179104835,0.5307476575906824,0.02559669669639063,0.0,-0.0009855153412869368,0.0056811118438619785,True
0.986,-0.0009670353937469991,0.0059051353055914815,0.5387316648522822,0.026400512337407565,0.0,-0.0009789626897827787,0.0062226663011034754,True
0.987,-0.0009608612536515339,0.006442778953131701,0.4843735316716252,0.022227513442378215,0.0,-0.0009692167944791196,0.006797467456483992,True
0.988,-0.0009541766550351503,0.006926046799070523,0.5191497122374412,0.025187922804251063,0.0,-0.0009621441912382142,0.007285833312681512,True
0.989,-0.0009469914276151048,0.007444009113907571,0.5014856427109979,0.02396628681347686,0.0,-0.0009542828472059384,0.007811767338265882,True
0.99,-0.0009392970847513264,0.007944263022011195,0.5083254481385808,0.02471199988820394,0.0,-0.0009472481105549231,0.008306873784776372,True
0.991,-0.0009310990886026506,0.008451295102571255,0.4544993616934283,0.020614320752935105,0.0,-0.000937094780096229,0.00883419079783149,True
0.992,-0.0009224209784671152,0.008904486451508481,0.48428272169939335,0.02320757849772441,0.0,-0.000929328999686801,0.009279196235612871,True
0.993,-0.0009132748100132091,0.009387386760469546,0.4038326432580718,0.01699415129166432,0.0,-0.0009167521869763769,0.009796164955751778,True
0.994,-0.0009036859635323365,0.009789846014892753,0.4540677539180699,0.021233854491650668,0.0,-0.0009079647602132008,0.010190471746682772,True
0.995,-0.0008936695683532953,0.010242455586882937,0.45189547600051677,0.021294680520107977,0.0,-0.0008994756216809303,0.010628549588695612,True
0.996,-0.000883201666144486,0.01069284369857665,0.32754346416167107,0.011588988386162132,0.0,-0.0008833682059945575,0.011133830276519803,True
0.997,-0.000872345536470978,0.011018927033141225,0.33809127874324524,0.01266735388695896,0.0,-0.00086859044621897,0.01149577194357742,True
0.998,-0.0008611580645140046,0.011355513214781999,0.38872742014864875,0.01696001003641366,0.0,-0.0008577073242908321,0.011826414812277695,True
0.999,-0.0008496087140509383,0.011742657835962818,0.36621845539893005,0.015413638519313051,0.0,-0.0008458805082334507,0.012213663319891162,True
1.0,-0.0008376834821253927,0.012107267677948367,0.3321999861818903,0.01295056833764796,0.0,-0.0008323944762897075,0.012590565296973399,True
1.0010000000000001,-0.0008254106544398604,0.012437844829215962,0.43413380966559556,0.021365854372836075,0.0,-0.0008261046363728624,0.012860293338704712,True
1.002,-0.0008127563215128424,0.012870238401514791,0.34947667953321515,0.014872949183607827,0.0,-0.0008147356379198727,0.013279616620694962,True
1.0030000000000001,-0.0007997119178372636,0.013217992858003933,0.28420664833272774,0.009927876488507945,0.0,-0.0007996847303581823,0.013645948653135,True
1.004,-0.0007863523908334025,0.013500489555050397,0.22700805822896758,0.005626360369922211,0.0,-0.0007815773577325838,0.01397238649210536,True
1.0050000000000001,-0.0007727389621866783,0.013725800918434623,0.27936360888555667,0.010086883501696477,0.0,-0.0007675949091342486,0.014197709030502048,True
1.006,-0.0007588740664220621,0.014003401289193662,0.2678350689281378,0.009447480473357146,0.0,-0.0007534909890157534,0.014474305949628419,True
1.0070000000000001,-0.0007447373419736413,0.014269450980227695,0.2031624579016697,0.004560058594235358,0.0,-0.0007358293485126635,0.014770857295691088,True
1.008,-0.0007303668973444265,0.014470849048785032,0.2556373925482718,0.009040889137516273,0.0,-0.0007222964432005769,0.0149593652515262,True
1.0090000000000001,-0.000715768838334693,0.014724658103591021,0.2967038421713771,0.012619427256116613,0.0,-0.0007120446632362825,0.015167208892327377,True
1.01,-0.0007008964572073728,0.015019472746028292,0.17045696717278028,0.0028227578736131076,0.0,-0.0006941508937304876,0.015488616245925723,True
1.0110000000000001,-0.0006857923631930702,0.015188106732557214,0.16466296534202748,0.002651347497793801,0.0,-0.0006766254412748007,0.015676428005193508,True
1.012,-0.0006705225370122812,0.015350932316211267,0.20207226416711618,0.005938487345093585,0.0,-0.0006622583132589914,0.015825712103519223,True
1.0130000000000001,-0.000655071196401625,0.01555111944556375,0.18889977627137797,0.005186834899948638,0.0,-0.0006476897253528246,0.016013130387319666,True
1.014,-0.0006394262589943873,0.015738121945672926,0.18623286986264273,0.005277531560593199,0.0,-0.0006336074509991763,0.016181118644313257,True
1.0150000000000001,-0.00062359565885873,0.015922438611615585,0.1257243698942286,0.0007439203654750204,0.0,-0.0006162533292020134,0.01637665165096474,True
1.016,-0.0006076109875276777,0.016046273678777374,0.15732021617255074,0.0035741723597591465,0.0,-0.0006016827266414374,0.016482684538647336,True
1.0170000000000001,-0.0005914866960406085,0.016201665799000443,0.08970462465986426,-0.001526190660061759,0.0,-0.0005833952075381888,0.016655362745368236,True
1.018,-0.0005752408085226368,0.016289478075192897,0.14137559463693025,0.0029104503865701042,0.0,-0.0005692183801072038,0.016718744761396155,True
1.0190000000000001,-0.0005588812899325234,0.0164289107775379,0.05491364151637738,-0.0036953026041706832,0.0,-0.0005500945372667804,0.016881237074480956,True
1.02,-0.0005424255524254276,0.01648193390266287,0.046502770664008014,-0.004065606222217511,0.0,-0.0005312128246946713,0.016952721999484888,True
1.0210000000000001,-0.0005259209970354734,0.016526546815098516,0.07521457431657962,-0.0014662263835003297,0.0,-0.0005149709823887491,0.01698916338054278,True
1.022,-0.0005093574819480465,0.016599843915861758,-0.034621309692561116,-0.009946158180566315,0.0,-0.00049232309367282,0.017115606914661338,True
1.0230000000000001,-0.0004927755619710861,0.01656338334246456,0.03092863269807981,-0.0044080634985374165,0.0,-0.0004748013351488636,0.017080282791353544,True
1.024,-0.0004761973432254398,0.016592425216981437,-0.005482673838197861,-0.007019075059075973,0.0,-0.0004556619652789962,0.01712618198854234,True
1.025,-0.00045960827990643757,0.016585081178676114,-0.0010015948937687697,-0.006362866888376244,0.0,-0.0004375963493493273,0.017124307223498565,True
1.026,-0.00044302432097283005,0.016582215518047227,0.09741771807017183,0.0018088455302684731,0.0,-0.0004266594856270941,0.01705807589817783,True
1.027,-0.00042639404345423,0.016677692027054408,-0.018863542488483168,-0.007182853138008264,0.0,-0.0004087518458417042,0.017159262990640998,True
1.028,-0.0004097264034863779,0.016656968064598765,-0.015807066116137927,-0.006640804384293986,0.0,-0.0003917906158912964,0.017133804279690964,True
1.029,-0.00039307795925842517,0.016639300503008814,-0.08565017067003186,-0.011930700859893145,0.0,-0.0003710267515867713,0.017148135317281977,True
1.03,-0.00037648208537304677,0.016551846796734108,0.0028751921545112392,-0.00456044054874585,0.0,-0.00035681915899221027,0.01702849848982937,True
1.031,-0.00035992942218721335,0.016552858608675117,-0.10814356431240137,-0.013143871711320934,0.0,-0.0003360640640318473,0.017062051278753123,True
1.032,-0.0003434312278205191,0.01644293893291129,-0.04191186706958719,-0.007561558794386965,0.0,-0.0003204172615739512,0.01693417210618352,True
1.033,-0.0003270098503331625,0.016399211183170035,-0.18235336666501703,-0.018506541297217884,0.0,-0.0002963515567542701,0.016954887200250495,True
1.034,-0.0003107023832923216,0.016215157391739395,-0.10871584250444133,-0.012344091412608367,0.0,-0.0002779577139210654,0.01677863216597689,True
1.035,-0.0002945421634742314,0.016104703859907983,-0.023731383398830328,-0.005267705151253634,0.0,-0.0002658150215012347,0.01661714702869793,True
1.036,-0.00027844992285284243,0.016079180315746705,-0.148702440393394,-0.014978792204933079,0.0,-0.00024615322558424983,0.016615445832361637,True
1.037,-0.0002624456579446862,0.01592878694884658,-0.0436787818328672,-0.006306869955772138,0.0,-0.00023407044594763373,0.016415108278371,True
1.038,-0.0002465392961671789,0.01588335148717885,-0.060519706058772466,-0.007373281637249555,0.0,-0.00022146660202421937,0.016327685106655204,True
1.039,-0.0002306867842437255,0.01582109346556522,-0.08709198811229765,-0.009221189949503047,0.0,-0.00020772367002393539,0.016236015194684927,True
1.04,-0.00021490980725941773,0.015732291077257373,-0.057890237688413844,-0.006611720616471742,0.0,-0.0001964831444633609,0.016095121917351657,True
1.041,-0.00019920703603083144,0.01567267743985091,-0.12282701887228306,-0.011531166865555501,0.0,-0.00018157781902062962,0.016021106168156805,True
1.042,-0.00018359632775868066,0.015548184835863699,-0.14563089944352828,-0.013089423674834871,0.0,-0.0001658331653035795,0.01589113291714024,True
1.043,-0.00016812150345146208,0.015400920298326851,-0.18916394197887917,-0.01631119198463743,0.0,-0.00014792599706854896,0.01576036722346657,True
1.044,-0.00015281569339539708,0.015210173541651826,-0.20401399178959942,-0.017246580999286883,0.0,-0.00012976891941941042,0.015589155172366117,True
1.045,-0.000137708044120252,0.015004609871478256,-0.12435025746937264,-0.010626212207136956,0.0,-0.0001174870373248223,0.015347600614960539,True
1.046,-0.0001227661395976861,0.01487867034645804,-0.19800180905291528,-0.01626449479541661,0.0,-0.00010098781376062361,0.015229254520970204,True
1.047,-0.00010798697655850465,0.014679151401620197,-0.2025432009669656,-0.016385723487215908,0.0,-8.48580186441558e-05,0.015034481908065575,True
1.048,-9.340959450346561e-05,0.014475117073626028,-0.13712295174536007,-0.010914194791856064,0.0,-7.361573083492381e-05,0.014789754496969423,True
1.049,-7.900354596563585e-05,0.014336474444729429,-0.20004566690464848,-0.015705340246385792,0.0,-5.881258036884435e-05,0.014647834719911183,True
1.05,-6.476757990245318e-05,0.014134974216162437,-0.19661943349155783,-0.015199174211629292,0.0,-4.483880342589792e-05,0.014436300601144767,True
1.051,-5.0731394286064064e-05,0.013936920181250976,-0.2062452258031202,-0.015740352739648654,0.0,-3.082284321573186e-05,0.014230705265166326,True
1.052,-3.689806568071355e-05,0.013729270199985152,-0.18281023552692763,-0.013641471600408836,0.0,-1.8903595350987366e-05,0.013997324263842453,True
1.053,-2.3260667853790124e-05,0.013545060111893562,-0.1516453992365545,-0.010924916746865354,0.0,-9.5217794933761e-06,0.013765703027268997,True
1.054,-9.791898871982958e-06,0.013392011043231117,-0.3063543277377403,-0.023077559073527182,0.0,9.434351159089769e-06,0.013660521190398234,True
1.055,3.446512427223362e-06,0.013084392026095007,-0.28464161388567394,-0.021139164844032495,0.0,2.6283713550558882e-05,0.013380086498281932,True
1.056,1.6388166967907267e-05,0.012798503221992151,-0.22809737173019826,-0.016416982346354473,0.0,3.883193409475719e-05,0.01308186781632098,True
1.057,2.907220088151411e-05,0.01256914630005272,-0.21740505455488174,-0.015360807192516958,0.0,5.016933449896809e-05,0.012831529279968244,True
1.058,4.1532229857111055e-05,0.012350499068671096,-0.18868884261329127,-0.012865467383394773,0.0,5.916491399364897e-05,0.012572116056276523,True
1.059,5.3787970457918295e-05,0.01216057003184437,-0.2518701499922385,-0.01772216012731523,0.0,7.183810276898299e-05,0.012380098855384266,True
1.06,6.582221486960569e-05,0.011907530773393687,-0.23982134214964693,-0.016572003811511613,0.0,8.322083168768519e-05,0.012114252299106395,True
1.061,7.760945078814757e-05,0.011666559291359601,-0.2657810648876806,-0.01846552796186464,0.0,9.581419108266143e-05,0.011874810937416639,True
1.062,8.914275112719763e-05,0.011399675614641643,-0.31078121026486927,-0.021889966227142985,0.0,0.00011082347815897709,0.011634747226939692,True
1.063,0.00010038668938891989,0.01108785722087072,-0.21671112570060988,-0.014199386780543746,0.0,0.00011918021098892004,0.011287229885080867,True
1.064,0.00011136583159734908,0.010870069930759587,-0.3666948415099741,-0.026026593960354494,0.0,0.00013687679930935915,0.011127592214097107,True
1.065,0.00012205224170968851,0.010502441464938997,-0.2724059843250618,-0.01833524541943787,0.0,0.00014784405230013672,0.01075323008333613,True
1.066,0.00013241815711836474,0.010229068978580814,-0.21383357842001868,-0.013495671168041231,0.0,0.00015458180884874923,0.010436051596394668,True
1.067,0.00014253998130453263,0.010014253534418423,-0.32075394937480195,-0.02189288586237236,0.0,0.0001679279809561712,0.010244890213986798,True
1.068,0.00015239356563606648,0.009692626030211642,-0.26371443813085205,-0.01719095574539357,0.0,0.00017708869060145669,0.00990765782976073,True
1.069,0.00016195403948624827,0.009428029305950764,-0.2311928664220216,-0.01444889308629517,0.0,0.0001837694913425451,0.009607050758794434,True
1.07,0.0001712661788844461,0.009195958307462043,-0.23345702694440923,-0.014490255938737262,0.0,0.00019029444983788776,0.00934105855232675,True
1.071,0.00018034512449034733,0.008961651025013631,-0.37131949818288035,-0.02538394949080254,0.0,0.0002054552949767351,0.009159037129576523,True
1.072,0.00018912087610656295,0.008589616128366617,-0.2746731447379631,-0.017538921873714926,0.0,0.00021383423145408668,0.008774274129830978,True
1.073,0.00019757290489034356,0.00831419334733015,-0.37105124530443717,-0.025130084134649174,0.0,0.00022812239828303902,0.008546758128523626,True
1.074,0.00020570135715632,0.007942499293637712,-0.32081686462098447,-0.021009624825628473,0.0,0.00023866923300832008,0.00818770735843621,True
1.075,0.0002134832334674128,0.007621041875194656,-0.23997451207841022,-0.01444073773883603,0.0,0.0002435982326711094,0.007827785107909832,True
1.076,0.00022098406462556027,0.007380399323726053,-0.2995955951514445,-0.019104286530008348,0.0,0.000252163696951692,0.0075878145226544284,True
1.077,0.00022821446717004323,0.007080209675009339,-0.3233962987793465,-0.02091421833228582,0.0,0.0002619519471047095,0.0073020410187674785,True
1.078,0.00023513279713796212,0.006756271809950451,-0.28518131959036724,-0.01777136260155201,0.0,0.00026891797500178414,0.006967491580539813,True
1.079,0.0002417462989651036,0.00647055526929631,-0.3301980804495198,-0.021287946422274162,0.0,0.00027853402139628756,0.006699847320875075,True
1.08,0.0002480515982535158,0.006139889526783755,-0.2260495536739411,-0.012882248782137956,0.0,0.00028107131535035063,0.00632102130188681,True
1.081,0.00025407829145435834,0.0059133275166577326,-0.3027182055900038,-0.018934447899022926,0.0,0.0002884372682748532,0.0060973135681319,True
1.082,0.0002598401166907501,0.005610182675291664,-0.2084827744633355,-0.011328277935598336,0.0,0.00028943562742139446,0.005737581996183675,True
1.083,0.00026534590173152734,0.005401233178735362,-0.26402340607832425,-0.015697498273650204,0.0,0.00029394352322212433,0.0055104304821683,True
1.084,0.00027061498919325294,0.00513681026105807,-0.3033038641518807,-0.018776822095344932,0.0,0.000300817044503558,0.005252909632425715,True
1.085,0.0002756000336050917,0.004833167534990803,-0.2664775683151667,-0.015777424756122788,0.0,0.00030506710782218007,0.004932997689422629,True
1.086,0.0002802998502727458,0.004566356260985388,-0.273997693922035,-0.01632645545753513,0.0,0.00030964128327461637,0.0046562916037881565,True
1.087,0.00028472910755508935,0.004292060781144543,-0.2103041012064739,-0.011184156866788957,0.0,0.00030992202169743206,0.004333503256631594,True
1.088,0.00028891590992161873,0.004081439603222072,-0.27471808133788006,-0.01628718737605462,0.0,0.00031432681248014016,0.00411815373836382,True
1.089,0.0002928599087168295,0.0038064788278149605,-0.19264790574324725,-0.009683576643219054,0.0,0.000313259717910435,0.003787827135120008,True
1.09,0.0002965699708523352,0.0036135545478586935,-0.2712726627646568,-0.015929927000087465,0.0,0.00031728063845555424,0.0035928575365100123,True
1.091,0.00030004782394724676,0.003342089088919247,-0.20337651726131342,-0.010468209859184324,0.0,0.0003167651627577728,0.0032774703718554087,True
1.092,0.00030328815222791026,0.003138496858656948,-0.2873655104464007,-0.01715343447257084,0.0,0.0003216774330217799,0.003086141624845225,True
1.093,0.00030628292319033565,0.0028510046349441267,-0.19968537187605725,-0.010119616576465242,0.0,0.000320755090042592,0.002756191068154381,True
1.094,0.000309034030041433,0.002651155863129616,-0.24494960146905745,-0.013715216873203246,0.0,0.0003227703035824402,0.0025462700617313633,True
1.095,0.000311562675233604,0.0024061009603901277,-0.16655827046495897,-0.007427801367745032,0.0,0.00031963738110661805,0.0022438037769178564,True
1.096,0.000313885450049248,0.00223940324145253,-0.26283855067557504,-0.01510841756418524,0.0,0.000322812368333706,0.00208462185101109,True
1.097,0.00031599341821834075,0.0019765197679940554,-0.22591010757854113,-0.01214774470619387,0.0,0.00032350007020780653,0.001806580962695756,True
1.098,0.0003178569674151041,0.0017505652304198557,-0.1965734392828087,-0.00979438190150244,0.0,0.00032226272562823504,0.0015499812600268527,True
1.099,0.00031950923127211083,0.001553949677041002,-0.2924834739167943,-0.017461037789200627,0.0,0.0003272682660267876,0.0013859291639330648,True
1.1,0.00032091695679641367,0.0012615216873097335,-0.1965483073970471,-0.009795976766951153,0.0,0.0003259254218616164,0.0010657253943030724,True
1.101,0.00032208020800199256,0.0010649862349040493,-0.23353829181461724,-0.012757821252945027,0.0,0.00032701888865334795,0.0008686105023589272,True
1.102,0.0003230284457210821,0.0008315120115599933,-0.218825099673135,-0.011591714509484123,0.0,0.000327137150521054,0.0006270438868968531,True
1.103,0.0003237505707500436,0.000612765651877436,-0.2203873425748696,-0.01172994525426349,0.0,0.00032736398856641964,0.00040375460802044745,True
1.104,0.00032425317690284436,0.00039248287513404725,-0.244178016787335,-0.013650586213719514,0.0,0.0003291395728691685,0.0001960525706242352,True
1.105,0.0003245236193677776,0.00014845291870833056,-0.30598529131994673,-0.01861958380673074,0.0,0.0003348883168014032,4.437293843386836e-06,True
1.106,0.000324519153412178,-0.00015730822479485967,-0.2943788737617605,-0.01772784212649702,0.0,0.0003397520828244379,-0.0002569604826201556,True
1.107,0.0003242147379742709,-0.0004514377058254213,-0.17457063492138922,-0.00818395803487331,0.0,0.00033675016795481686,-0.0005809993487213345,True
1.108,0.00032367607713644286,-0.0006258201763152426,-0.11270581064774646,-0.003265393884521576,0.0,0.00032985068455894883,-0.0008189237651549128,True
1.109,0.0003229939567367632,-0.0007383669082952226,-0.21389733369304242,-0.011386499503177081,0.0,0.00032972252710438516,-0.0009260901753265587,True
1.11,0.0003221487242995653,-0.0009520128608331383,-0.16493886247823777,-0.0075106735041668244,0.0,0.0003264596809954891,-0.0011636786733688538,True
1.111,0.00032111432046014204,-0.0011167148545169093,-0.25601668262176924,-0.014835282624001012,0.0,0.00032922016179642746,-0.0012915544696595848,True
1.112,0.000319869705505743,-0.0013724044618979288,-0.22177704455955952,-0.01214919740108914,0.0,0.00032972744255611505,-0.0015318439018994674,True
1.113,0.0003183865214700625,-0.0015938526309693354,-0.17582451911845592,-0.008526266458731672,0.0,0.0003272867996162508,-0.0017643343466669085,True
1.114,0.0003167048619145951,-0.0017693595436951584,-0.19202262043549775,-0.009873445265620527,0.0,0.0003260061577369405,-0.001937256883747339,True
1.115,0.00031483960717464853,-0.0019610320739719077,-0.19751039289602462,-0.010369042351414927,0.0,0.00032516310253906356,-0.0021206039557519207,True
1.116,0.00031277994462609594,-0.0021581665053220477,-0.1419481242196713,-0.005984790914942622,0.0,0.0003207939384306226,-0.00234180893874978,True
1.117,0.0003105509217640459,-0.0022997602347686478,-0.23631589820026275,-0.013591326492440433,0.0,0.00032270773490622473,-0.002444383651442946,True
1.118,0.000308133151061127,-0.00253563154056834,-0.14474944926985778,-0.0063378350073565355,0.0,0.0003186940217771872,-0.0026983008974542913,True
1.119,0.0003055252773772673,-0.002679981947354736,-0.06748129689017862,-0.00022064659210604617,0.0,0.0003098408686030208,-0.002904337507703889,True
1.12,0.0003028116727397383,-0.002747108788293985,-0.1090523101183408,-0.003603227754747253,0.0,0.00030397754662216375,-0.003000892407826866,True
1.121,0.0003000101690495528,-0.002855766374187407,-0.13430293435792826,-0.005686743670644798,0.0,0.00029996744908278647,-0.003119525946792688,True
1.122,0.00029708739308149896,-0.0029896424919899182,-0.16104082129389105,-0.007894449727083093,0.0,0.0002978586142724104,-0.0032437097649880703,True
1.123,0.00029401738400327914,-0.0031502203981642308,-0.10680873124324992,-0.0036304120351806773,0.0,0.00029235688191260985,-0.003426245116190561,True
1.124,0.00029081390502195956,-0.0032565908445575265,-0.1883540393556887,-0.010224463759406728,0.0,0.0002923503822303956,-0.00349939864404871,True
1.125,0.0002874633080707558,-0.0034444304545248575,-0.1834360487906259,-0.00991387601251945,0.0,0.0002920925786955418,-0.003656578848305353,True
1.1260000000000001,0.0002839273362710684,-0.003627334823864941,-0.11391408982412868,-0.004437715311914855,0.0,0.00028740794311462757,-0.003850619027881515,True
1.127,0.0002802432099121255,-0.0037407513886937257,-0.17273411846790127,-0.009223241865657091,0.0,0.0002867309907718301,-0.003934478864799445,True
1.1280000000000001,0.00027641627647648876,-0.0039129289323502625,-0.1458308015260016,-0.007160522617385364,0.0,0.00028440300529844654,-0.004092941956262457,True
1.129,0.0002724306166343774,-0.004058204974656256,-0.12130521182047202,-0.005287650443177719,0.0,0.000280624499434262,-0.004237277672019227,True
1.1300000000000001,0.0002683119426315959,-0.004178958396195579,-0.11146024975662985,-0.004588680020705133,0.0,0.00027638710877880124,-0.004360158984320039,True
1.131,0.00026407743966224816,-0.004289861026895943,-0.1214413168341465,-0.005476694756038766,0.0,0.00027298884638915,-0.004463919450528842,True
1.1320000000000001,0.0002597270502738539,-0.004410724398529629,-0.11474946077428562,-0.005034156884837034,0.0,0.00026932856077070206,-0.0045793809321883145,True
1.133,0.0002552591462374599,-0.0045248875911650405,-0.10522651067757567,-0.004366442732871581,0.0,0.00026523134871069963,-0.004691403569419005,True
1.1340000000000001,0.0002506818422938707,-0.004629522492490256,-0.07941336265275026,-0.002396338550029178,0.0,0.00025965502591325404,-0.004807129108710601,True
1.135,0.0002460128072524408,-0.004708352797920241,-0.01566486673224969,0.002610038856213531,0.0,0.00025018298966776625,-0.0049331299685679625,True
1.1360000000000001,0.00024129680257977938,-0.004723475919870079,-0.025314259983215334,0.0017513845373943928,0.0,0.00024167465835135636,-0.004983757617986392,True
1.137,0.0002365608531573538,-0.00474823913959329,-0.07700056638121058,-0.002471738650415674,0.0,0.00023682698677898243,-0.005007458534865985,True
1.1380000000000001,0.00023177431169156863,-0.004824645199159407,-0.01706670799739725,0.0022276435467573266,0.0,0.0002283115308405033,-0.005117845905042768,True
1.139,0.0002269413184198363,-0.004841155982878475,-0.04577581098397032,-0.00015805986510598977,0.0,0.00022196914726616191,-0.0051454628538892214,True
1.1400000000000001,0.00022207746787554592,-0.004886351416234878,-0.049896354427177984,-0.0005806761023625972,0.0,0.0002161487067382647,-0.005196150751479509,True
1.141,0.0002171663643887504,-0.004935659067917412,-0.01757207544365376,0.0019109494353551169,0.0,0.00020847570740936236,-0.00526805370253094,True
1.1420000000000001,0.00021222210885702818,-0.004952662338725653,-0.0051162844612188075,0.0028163757218819243,0.0,0.00020028702280919263,-0.005311242296274062,True
1.143,0.00020726707535781945,-0.004957217710591343,0.04798086390332939,0.00697441034343614,0.0,0.00018896357654056277,-0.00537091927683917,True
1.1440000000000001,0.00020233402146459467,-0.004908717214485918,-0.12069673981074977,-0.006602772864235587,0.0,0.0001889547082695635,-0.0052666643053520135,True
1.145,0.00019736517118247165,-0.005028767009932463,-0.052110602407887674,-0.0012197271525384197,0.0,0.00018458734985912114,-0.005375170450178728,True
1.1460000000000001,0.0001923105508906832,-0.00508027115332172,-0.04574227687389569,-0.000807424772277964,0.0,0.00018000991465848043,-0.005416219315507932,True
1.147,0.0001872076108977662,-0.005125406192455539,-0.10114525540279558,-0.005336932179158519,0.0,0.00017922982167557493,-0.005414131701678513,True
1.1480000000000001,0.0001820318504333337,-0.0052258955275404,-0.04510410002734411,-0.00095886215769237,0.0,0.00017492684062217189,-0.0055023694739007225,True
1.149,0.0001767836104480202,-0.0052703765178881345,-0.00040074764201138537,0.0025175999945568767,0.0,0.00016793085728910882,-0.005559815524558519,True
1.1500000000000001,0.00017151323122522217,-0.005270184340209318,-0.07048729982145963,-0.0031841679444878897,0.0,0.00016574995683515665,-0.005525315116051165,True
1.151,0.00016620801906893812,-0.005340023571402671,-0.034908030920916544,-0.0004417009590007579,0.0,0.00016141024223578036,-0.005582728044671944,True
1.1520000000000001,0.00016085075070886273,-0.005374303685192643,-0.0044687372046364054,0.0018928980941654997,0.0,0.00015530315189374164,-0.005621232223397965,True
1.153,0.0001554744152745396,-0.0053781646094306175,0.024814434892835913,0.004138314513236912,0.0,0.00014755098603988102,-0.005644562997954672,True
1.154,0.00015010885305418012,-0.005352764976139749,-0.0075823242690696785,0.0014530416163128978,0.0,0.0001421928272320197,-0.0056148135314075765,True
1.155,0.0001447524995352737,-0.005359739458595308,-0.04514951664155446,-0.0016495850747208678,0.0,0.00013949876741145304,-0.005592149988590677,True
1.156,0.00013937039793963907,-0.005404250780175953,-0.02067139350614057,0.00020644558880114367,0.0,0.0001353781986274838,-0.005621625269242739,True
1.157,0.00013395601940582177,-0.005424298240351888,-0.026398704495380548,-0.0003516037991678784,0.0,0.00013182626894910806,-0.005621180281880045,True
1.158,0.00012851873199281612,-0.005450066249397941,0.08068926442197263,0.008114470379700749,0.0,0.00012151988045281694,-0.0056918345261877685,True
1.159,0.00012310919375525863,-0.005368827680749628,0.011931116431104229,0.002526195480393038,0.0,0.00011603049478784396,-0.005607262109254658,True
1.16,0.00011774652979474866,-0.005356302275358755,0.04784243382763917,0.005304075969473559,0.0,0.00010844738281452566,-0.0056123707464955175,True
1.161,0.00011241433711767,-0.005307895226639493,-0.0454323785657504,-0.0022480796443387113,0.0,0.00010719428260872024,-0.005520154468360657,True
1.162,0.00010708393645294026,-0.005352695016956149,0.08060614806702064,0.007733679299479839,0.0,9.7894299458287e-05,-0.005600422299243676,True
1.163,0.00010177172426114566,-0.005271550447825333,0.004175032113271855,0.00153330755202333,0.0,9.387842250843812e-05,-0.005502147650515799,True
1.164,9.650245785588003e-05,-0.00526678595997519,-0.014569804542889959,-6.055443722237895e-05,0.0,9.126693234603087e-05,-0.0054680682994017555,True
1.165,9.122858820171985e-05,-0.00528075209050315,-0.009592097233132958,0.00024105655811994253,0.0,8.848523259685595e-05,-0.005455339200574165,True
1.166,8.594324050359391e-05,-0.005289742861284996,0.02594779567002837,0.0029880328393127606,0.0,8.355809415134768e-05,-0.005458975565985186,True
1.167,8.066666310333733e-05,-0.0052632207015701135,0.08824683947862592,0.007880160609961733,0.0,7.480935414708946e-05,-0.005463855554874476,True
1.168,7.544774023751794e-05,-0.005174451515633802,-0.0056602407130806375,0.0002843058853528157,0.0,7.24590437985057e-05,-0.005344065239673611,True
1.169,7.0270654038288e-05,-0.005179525477261409,0.05871423289330261,0.005340467346882025,0.0,6.608128357192292e-05,-0.005358733560476036,True
1.17,6.512066461334186e-05,-0.005120275063714014,0.10940634555836842,0.009310246600063946,0.0,5.666987343015673e-05,-0.0053377586320231575,True
1.171,6.005525629370401e-05,-0.0050103790993271035,0.10843158974621872,0.009154276301064917,0.0,4.7651475153945874e-05,-0.005261499669676357,True
1.172,5.509925269372966e-05,-0.004901469480409804,0.07093438298974905,0.006078360850017882,0.0,4.137927881353617e-05,-0.0051596144663202176,True
1.173,5.023341574903784e-05,-0.004830039800287971,0.0619167726180386,0.005277938516891213,0.0,3.59329522747791e-05,-0.005087961493313647,True
1.174,4.5434499339770764e-05,-0.004767628664475565,0.08130951742834559,0.006750466942646454,0.0,2.944864436201495e-05,-0.005035860674461302,True
1.175,4.070768307100619e-05,-0.004685847065436238,0.053622429911124224,0.004460231040315701,0.0,2.5002544286722462e-05,-0.004944883737000416,True
1.176,3.6048808970605095e-05,-0.004631739957149069,0.11726055411120234,0.00947391409550919,0.0,1.6622784654702643e-05,-0.0049203520697353904,True
1.177,3.147584251216313e-05,-0.004514050897932628,0.09178414296131862,0.007367610494372512,0.0,1.0186017077951951e-05,-0.004812862179912766,True
1.178,2.7007829101233676e-05,-0.004421831430612269,0.0383856445480495,0.0030263727159926938,0.0,7.4468403057082165e-06,-0.004695909188443183,True
1.179,2.2605346296714175e-05,-0.004382978801216588,0.06930990437830392,0.005425731127459178,0.0,2.842491691814317e-06,-0.004651831205924003,True
1.18,1.8257168776997503e-05,-0.0043132306210374866,0.04531088856774759,0.0034359124488812644,0.0,-2.0180096116666973e-08,-0.004560475570690714,True
1.181,1.3966743537473546e-05,-0.0042674704097165,0.06275690744642064,0.004759857530222195,0.0,-3.873743842560482e-06,-0.004503887203113441,True
1.182,9.730795279919908e-06,-0.004204283056580436,0.0912641567278568,0.00697177288647745,0.0,-9.409121860364396e-06,-0.004446675333646497,True
1.183,5.572278240110655e-06,-0.004112617997024755,0.08308974890620216,0.006253966761175195,0.0,-1.4206407282277303e-05,-0.004354110859661482,True
1.184,1.5013377392662412e-06,-0.0040291312182103465,-0.03553681919644428,-0.0032994172025939917,0.0,-1.113220367298686e-05,-0.0041948143114894166,True
1.185,-2.5454016387503996e-06,-0.004064187024272998,0.11873813622442263,0.008965531225543543,0.0,-1.8076255573382815e-05,-0.004253683287166009,True
1.186,-6.550098031622789e-06,-0.003945085362538694,-0.004130657225242897,-0.0009217645860932852,0.0,-1.6817604940863233e-05,-0.00407818681062831,True
1.187,-1.0497099766548804e-05,-0.0039487691765821755,0.06078530796645385,0.004200024540328569,0.0,-1.9741822242400363e-05,-0.00406871669745613,True
1.188,-1.4415344026323828e-05,-0.003887587706382257,0.09865236500513275,0.00716620248317092,0.0,-2.4984930505304742e-05,-0.004016958613474774,True
1.189,-1.8253485399042246e-05,-0.003788575863537421,0.03549381504399944,0.0020563133627127046,0.0,-2.5941886614638377e-05,-0.0038863240110836527,True
1.19,-2.2024181539620364e-05,-0.0037526839918036723,0.011777635720452007,9.54535109065534e-05,0.0,-2.5283981739653932e-05,-0.0038052785948065036,True
1.191,-2.577083909440635e-05,-0.0037404936682012033,0.07780309703787319,0.005311513419146396,0.0,-2.8868252232170943e-05,-0.0037905644787089797,True
1.192,-2.9472311171061003e-05,-0.003662331222425114,-0.000547111434137006,-0.0010137502625010722,0.0,-2.722927321142029e-05,-0.00365980541164343,True
1.193,-3.313477852142814e-05,-0.00366246610462106,0.056899026018895196,0.0035160001355713827,0.0,-2.9304557076336625e-05,-0.003645631982691115,True
1.194,-3.6768672574914854e-05,-0.0036052000498809442,0.1749565264241586,0.012902062001598508,0.0,-3.892107732243114e-05,-0.0036470068782118595,True
1.195,-4.0286304580226844e-05,-0.003429975856532161,0.0745666994194647,0.004828585368329234,0.0,-4.1727836562952716e-05,-0.0034634276370703234,True
1.196,-4.3678887844935725e-05,-0.003355082176154311,0.05729654873217365,0.003394894056226532,0.0,-4.32941683658055e-05,-0.0033702532164328475,True
1.197,-4.7005210834243965e-05,-0.00329745347434956,0.06957120124165501,0.004323907887394063,0.0,-4.5568348118510657e-05,-0.003302485989177233,True
1.198,-5.026777313834587e-05,-0.00322756626124468,0.087387904718851,0.005698904509668493,0.0,-4.889143502176622e-05,-0.0032334285309485737,True
1.199,-5.345154711692915e-05,-0.003139884226371113,0.11567616788070258,0.007915179475186948,0.0,-5.391490000105782e-05,-0.003163545748099361,True
1.2,-5.6533505550517447e-05,-0.003023946053056911,0.0852173372983125,0.0054369103575888575,0.0,-5.6789303934298175e-05,-0.0030449508594276586,True
1.201,-5.951475167473019e-05,-0.002938455772551312,-9.119468077734645e-05,-0.0014311757973134885,0.0,-5.402104366303184e-05,-0.0029037730421939915,True
1.202,-6.245314287020738e-05,-0.0029382164906030755,0.11267772045176638,0.007537475085605209,0.0,-5.859330160424568e-05,-0.0029211883390246277,True
1.203,-6.533493957400506e-05,-0.0028252970805041112,0.06444366667851406,0.0036404287722885407,0.0,-5.98804782974764e-05,-0.0027936999576004956,True
1.204,-6.812792562129458e-05,-0.0027605864561447346,0.07618794659688585,0.004537462691830197,0.0,-6.185751955368573e-05,-0.0027226819428746297,True
1.205,-7.085033437507555e-05,-0.0026841480719247946,0.09947358148627322,0.006360482731519523,0.0,-6.525466088740276e-05,-0.0026544439985581795,True
1.206,-7.348467083008488e-05,-0.002584450975728136,0.14413476334660166,0.009897922875699228,0.0,-7.141985096403444e-05,-0.0025900161703559447,True
1.207,-7.599699491501358e-05,-0.002440139060461271,0.0717168532975983,0.004076585668082266,0.0,-7.269668568819724e-05,-0.002433716510898851,True
1.208,-7.840120267276111e-05,-0.00236820428199409,0.1821412195245222,0.012875891400012785,0.0,-8.10622787253842e-05,-0.0024197637853931764,True
1.209,-8.067829479643831e-05,-0.002185940140455121,0.10385603855438597,0.006593960961160373,0.0,-8.410420682722381e-05,-0.0022429261748764507,True
1.21,-8.281225190352425e-05,-0.0020819200559369254,0.09452178452977981,0.005821291821406518,0.0,-8.643428341220655e-05,-0.0021390514393384167,True
1.211,-8.484685753219763e-05,-0.0019872385746710053,0.08112485140465155,0.004724276047832046,0.0,-8.781005355666389e-05,-0.0020362930193099462,True
1.212,-8.679348022181818e-05,-0.0019059541279872198,0.05716550806028358,0.002782243505471493,0.0,-8.757433827811187e-05,-0.0019325913429367135,True
1.213,-8.867079497124233e-05,-0.0018486193060784166,0.18003370033167918,0.01258478740032256,0.0,-9.528258569559256e-05,-0.0019307206582633454,True
1.214,-9.042937480929001e-05,-0.0016685194479083196,0.09937160757859441,0.006121777525971335,0.0,-9.753917438111936e-05,-0.0017522081068079977,True
1.215,-9.204817167258791e-05,-0.0015690384443261553,0.07373165057643545,0.0040533803426891155,0.0,-9.805699562755655e-05,-0.0016392474320682728,True
1.216,-9.358030459198332e-05,-0.001495188402421865,0.05544428790096158,0.0025716749411306026,0.0,-9.736038031918904e-05,-0.0015416082462817234,True
1.217,-9.504772917757997e-05,-0.0014396196330858928,0.07931272923271009,0.004461404857450061,0.0,-9.821365282629709e-05,-0.0014786281403054036,True
1.218,-9.64476590448615e-05,-0.0013602074574418758,0.04231021046136303,0.0014855340792085106,0.0,-9.663313155527532e-05,-0.0013691427405931472,True
1.219,-9.778667137866522e-05,-0.0013177776052341005,0.10773911449451821,0.0067008357621173905,0.0,-9.932031872748808e-05,-0.0013394452673738916,True
1.22,-9.905055796325539e-05,-0.0012099751187713587,0.048274818265797347,0.0019338784036726274,0.0,-9.807146629688933e-05,-0.0012064521639688303,True
1.221,-0.00010023636283259739,-0.0011616022458579552,0.019436787292533297,-0.00038870381708704365,0.0,-9.497737306816207e-05,-0.00111706990615259,True
1.222,-0.0001013882081806544,-0.0011420501447159126,0.07209261997117729,0.0038053758330764955,0.0,-9.536698260313439e-05,-0.001091891487610269,True
1.223,-0.000102494187896829,-0.0010698858546147251,0.14056476390159228,0.009271899427430695,0.0,-0.0001001718854665522,-0.0010569150462693979,True
1.224,-0.00010349378770962633,-0.0009293114290759596,0.11299714151456898,0.007065365770903129,0.0,-0.00010305395006539738,-0.0009344339717713365,True
1.225,-0.00010436659502987496,-0.0008162987339529114,0.0904988730386331,0.005263355284478549,0.0,-0.0001043952189173728,-0.000825438245150193,True
1.226,-0.00010513763719224616,-0.0007257793063210598,0.038620292157782225,0.0011100523864036203,0.0,-0.00010233547780344209,-0.000707189443074466,True
1.227,-0.00010584408915948824,-0.0006871078042487338,0.12604886806304652,0.008096262903663087,0.0,-0.00010599096054072356,-0.0006975638960128019,True
1.228,-0.0001064681794549333,-0.0005610808893302729,0.16273460016551838,0.01103501107633304,0.0,-0.00011192239977749094,-0.0006217696551930281,True
1.229,-0.00010694791420556821,-0.00039841128821532876,0.15039862506933815,0.010059018195260986,0.0,-0.00011689546390951426,-0.0004995375970001201,True
1.23,-0.00010727115024197173,-0.0002480862434276423,0.09919036779329833,0.005974578369897059,0.0,-0.00011842035227636775,-0.000356603843961141,True
1.231,-0.00010746965771995986,-0.00014894605284735226,0.09892586884559021,0.005961742142346257,0.0,-0.000119891631476913,-0.0002654553980142506,True
1.232,-0.00010756916090462492,-5.008130051620991e-05,0.07741537917063417,0.004250975681305539,0.0,-0.0001199359785049402,-0.0001614347239440534,True
1.233,-0.00010758055271056759,2.727877646516665e-05,0.028822322515995834,0.0003726093056652699,0.0,-0.00011683869110250486,-4.9749840241337974e-05,True
1.234,-0.00010753887126850275,5.6075345746171365e-05,0.06707260805882655,0.003436838003362615,0.0,-0.00011631033791608781,-1.3172681239213175e-05,True
1.235,-0.00010744927911143373,0.00012308885595030747,0.01702408930579976,-0.0005573892168277894,0.0,-0.00011256276622062963,9.212231092072312e-05,True
1.236,-0.00010731768723895885,0.0001400857053307188,0.07220964960211401,0.003861863882507548,0.0,-0.00011249974360102275,0.00011006370427711987,True
1.237,-0.00010714152068267927,0.00021222276746364122,0.07457024467281884,0.004062538933632917,0.0,-0.00011260099696749815,0.0001814533577156016,True
1.238,-0.00010689204008291487,0.0002867104554387955,0.08152135567996943,0.004632056987557742,0.0,-0.00011316052902717047,0.0002501764454888984,True
1.239,-0.00010656460083420531,0.00036813540770295783,0.09378444442922503,0.005628768988246662,0.0,-0.0001145112581545354,0.00031777653085715503,True
1.24,-0.0001061496113207366,0.00046180464091888097,0.06982957689172012,0.0037310897044746166,0.0,-0.00011428712509305028,0.00041252449370975846,True
1.241,-0.00010565292730805175,0.0005315273290778129,0.101327707767131,0.006268247209314886,0.0,-0.00011612372252710545,0.00046264237067087776,True
1.242,-0.00010507078232226534,0.0006327155162924299,0.10492827077476306,0.00657891344213536,0.0,-0.0001181598222466898,0.0005424136469324532,True
1.243,-0.00010438565359445304,0.0007374900547543643,0.04456011593693423,0.0017743663168251073,0.0,-0.00011624789717639908,0.0006635849309520839,True
1.244,-0.00010362592268083886,0.000781932172949771,-0.025559524559877558,-0.003816196712291332,0.0,-0.00010986338453391705,0.0007659093812748083,True
1.245,-0.00010285679295452412,0.0007563048444625175,0.019795865104966313,-0.00017699648344862706,0.0,-0.00010660653032975857,0.0007657180672837678,True
1.246,-0.0001020906236610019,0.0007760000881276607,0.03489358582629981,0.0010469756507812695,0.0,-0.00010443304619149114,0.0007998736995906064,True
1.247,-0.00010129721491630444,0.0008107789545772891,0.024123321771022457,0.00020380934773759143,0.0,-0.00010163843301824045,0.0008544301827881382,True
1.248,-0.00010047441094837589,0.0008347921236207994,0.024361109842444433,0.00024052444515928464,0.0,-9.895274823242739e-05,0.0008961651932521862,True
1.249,-9.962747587917825e-05,0.0008590401934928198,0.04403278940219791,0.0018324134095697624,0.0,-9.763215488945962e-05,0.0009241710954846949,True
1.25,-9.874646290978801e-05,0.0009029417329110501,0.13214532282454397,0.008902542501536659,0.0,-0.00010207378815294591,0.0009160858994166638,True
1.2510000000000001,-9.777751662588653e-05,0.0010348815162774863,0.1104937605342203,0.007203691325424966,0.0,-0.00010501395717324701,0.0010118972596649836,True
1.252,-9.668745567180612e-05,0.0011451719437051728,0.03282128153227798,0.0010227489537343488,0.0,-0.00010286598992844596,0.00113497259056442,True
1.2530000000000001,-9.552592452512161e-05,0.0011778386266684039,0.004050387091413972,-0.0012540950389388628,0.0,-9.893529787465287e-05,0.0011960693117307399,True
1.254,-9.434610590748208e-05,0.001181753387579807,-0.014626477446931529,-0.0027265376955796228,0.0,-9.392374069150107e-05,0.0012375305396735295,True
1.2550000000000001,-9.3171706265388e-05,0.001167005544274982,0.1136037076098041,0.007551246561320341,0.0,-9.737630396042237e-05,0.0011776483516089226,True
1.256,-9.194797206891633e-05,0.0012803886147029291,0.06286605390704092,0.0035278674490871313,0.0,-9.747322445473196e-05,0.001279932106692225,True
1.2570000000000001,-9.06362147238165e-05,0.0013430612179030728,0.019511786636038284,9.065841200273442e-05,0.0,-9.478423300217092e-05,0.0013575846530833853,True
1.258,-8.928345301754472e-05,0.0013624066308349492,0.03301194086795131,0.0011973419108204939,0.0,-9.306754778415028e-05,0.0013814593141089576,True
1.2590000000000001,-8.79046000467429e-05,0.0013952393968372557,-0.022038146594915698,-0.0031779058008141576,0.0,-8.785680286653132e-05,0.001452097786685997,True
1.26,-8.652042631098173e-05,0.001373061713365479,0.0837497772115772,0.0053073819089323624,0.0,-8.966440918928741e-05,0.0013986342197555672,True
1.2610000000000001,-8.510556289426296e-05,0.0014565911820366604,0.014388235817863249,-0.0002060503248232739,0.0,-8.6956470204309e-05,0.001495636907932042,True
1.262,-8.364183592660315e-05,0.0014708043113840982,-0.1157341786524005,-0.010587790821504805,0.0,-7.591900682078218e-05,0.0016020905837657057,True
1.2630000000000001,-8.222892383132123e-05,0.0013549958470774857,0.03920082453537867,0.0018185448355158094,0.0,-7.523996195988213e-05,0.0014755503441528253,True
1.264,-8.085438852930448e-05,0.0013940134587761951,-0.038823246707803315,-0.004393957115098603,0.0,-6.954979533340887e-05,0.001553504965901597,True
1.2650000000000001,-7.947982888364364e-05,0.0013550640245402494,0.1001750561279711,0.006745975253276934,0.0,-7.30410766424029e-05,0.001463412947044199,True
1.266,-7.807475410039851e-05,0.0014550078675298476,0.07466968617056521,0.0047428302639416255,0.0,-7.481143500795555e-05,0.001530896625140843,True
1.2670000000000001,-7.658248529256693e-05,0.0015294551779108313,-0.018593952567378943,-0.0026824663193072205,0.0,-7.051923537671209e-05,0.0016312574213822894,True
1.268,-7.506237960293774e-05,0.0015107038861062983,-0.026726944263358553,-0.003307993907588808,0.0,-6.584217695908154e-05,0.001640420066015911,True
1.2690000000000001,-7.356508888931906e-05,0.0014838281124856874,0.021865752668074587,0.0006031479869365065,0.0,-6.44645832695015e-05,0.0016088979483809644,True
1.27,-7.20703891925669e-05,0.0015055098105864197,-0.004935710219987563,-0.001511462645794839,0.0,-6.141379536648337e-05,0.00164238664709475,True
1.2710000000000001,-7.056740239280003e-05,0.0015004087032243802,0.02319787001697398,0.0007656654026744433,0.0,-6.029329541899149e-05,0.001629831976951837,True
1.272,-6.905545701356677e-05,0.001523419605819247,0.0621235929023629,0.0039096995586431395,0.0,-6.175032717524933e-05,0.0016208558476643754,True
1.2730000000000001,-6.750104882559129e-05,0.0015853230055950633,-0.005004390991874508,-0.0014251313975391965,0.0,-5.884636535446154e-05,0.0016935217060653686,True
1.274,-6.591828614526651e-05,0.0015801442971912934,-0.02992704639825269,-0.003391075546812057,0.0,-5.443284443606623e-05,0.0017125499278936222,True
1.2750000000000001,-6.435315684494271e-05,0.0015500631322314157,0.021136259138912948,0.000718551483771837,0.0,-5.3472036281013207e-05,0.0016726149749591113,True
1.276,-6.279258916894722e-05,0.0015710084634094818,0.010793293678104372,-7.828209518356247e-05,0.0,-5.189324813120023e-05,0.0016902173741653662,True
1.2770000000000001,-6.121624574792244e-05,0.0015816166149161435,0.03569063018932454,0.0019431519854732973,0.0,-5.199599169466686e-05,0.0016811471559543805,True
1.278,-5.961685236020442e-05,0.0016171013135165772,0.018833331594600627,0.0006276153427063598,0.0,-5.1030611640734084e-05,0.0017077346160229575,True
1.2790000000000001,-5.799039988257907e-05,0.0016357379918932261,0.07635583045952204,0.005260927797902527,0.0,-5.384426053990561e-05,0.0016810445741614374,True
1.28,-5.6316565090263375e-05,0.001711849797808523,0.017089685416191613,0.000558898637407611,0.0,-5.2770859340319306e-05,0.0017505594354064835,True
1.281,-5.459623905107628e-05,0.001728733548748447,0.054688836107114044,0.0035998226114995644,0.0,-5.4190165036342293e-05,0.0017363273465871353,True
1.282,-5.284024006726183e-05,0.0017831849577629828,0.01518603077512509,0.00047774033573085234,0.0,-5.304124565128875e-05,0.0017852677821583256,True
1.283,-5.1049532875924205e-05,0.001798158531378803,-0.024044843449407646,-0.002626700043953791,0.0,-4.941116982801029e-05,0.0018182265700151406,True
1.284,-4.926345793755136e-05,0.0017739304256206136,-0.053545748897334884,-0.004957530503588241,0.0,-4.3996658534432474e-05,0.0018283472848873502,True
1.285,-4.7516353000415774e-05,0.001720227358737605,0.1276506861521439,0.00956318782121254,0.0,-5.049326158909434e-05,0.0016935228581275237,True
1.286,-4.573239788036682e-05,0.0018475841461928855,-0.033736961371257,-0.0033004299740040165,0.0,-4.638986553271999e-05,0.0018450449645350743,True
1.287,-4.3901742725921874e-05,0.001813665993651677,-0.012478064822605406,-0.001570836635636825,0.0,-4.3803240488766935e-05,0.0018185871506991563,True
1.288,-4.209438051632334e-05,0.0018009938186585252,-0.06913032878741279,-0.006072005894047821,0.0,-3.764524914370243e-05,0.0018477860370056868,True
1.289,-4.032800144980218e-05,0.001731715395408875,-0.036690761893798295,-0.003453359130151238,0.0,-3.3782137524122816e-05,0.0017969539834310963,True
1.29,-3.861468683708868e-05,0.0016948587957475805,0.13919451172635683,0.01064387963053066,0.0,-4.144327502791744e-05,0.0016677897760892062,True
1.291,-3.6850330409375805e-05,0.0018337531751497936,0.051578155374886914,0.0036829968636401637,0.0,-4.3250952953150683e-05,0.0017742582174474992,True
1.292,-3.499087026974408e-05,0.0018850845432583176,0.029305071455411866,0.0019407801967685537,0.0,-4.359669938506022e-05,0.0018069901550902463,True
1.293,-3.309121145317499e-05,0.00191415458674092,-0.05175813188360329,-0.004506593806436502,0.0,-3.871210158351074e-05,0.0018679279087253813,True
1.294,-3.1202994266341944e-05,0.0018622219628059368,-0.050771570178815464,-0.00439991287556268,0.0,-3.4052314999716766e-05,0.0018443366810707307,True
1.295,-2.9366214731645344e-05,0.0018112809634465007,-0.026526153298782197,-0.002433330413458612,0.0,-3.111696160826033e-05,0.0018047189188071233,True
1.296,-2.756825786467904e-05,0.0017845720253624466,-0.00010775963784531625,-0.00029070076954835437,0.0,-2.9999719158189507e-05,0.0017719891138952397,True
1.297,-2.578380658755087e-05,0.001784263690297902,-0.016019743974503495,-0.001531576393700447,0.0,-2.7909381859212114e-05,0.00177550698719448,True
1.298,-2.4007615500418156e-05,0.0017680559298417905,0.03137697832477881,0.002290187898555793,0.0,-2.8972830874178405e-05,0.0017326931111344326,True
1.299,-2.222394549411022e-05,0.0017992094082938074,-0.0515872374835713,-0.004311104888584431,0.0,-2.466096531208879e-05,0.0017900290201472155,True
1.3,-2.045058377400621e-05,0.0017474604688752552,-0.045274034977897205,-0.003780338049898858,0.0,-2.0901069088751164e-05,0.001757936495268906,True
1.301,-1.872581408910544e-05,0.0017020255815962662,0.028309758700269222,0.0021319591122091917,0.0,-2.203501378033246e-05,0.001684953914040287,True
1.302,-1.700970477037324e-05,0.0017301216791852669,-0.02664110823043668,-0.0022298487427994205,0.0,-1.960499416485792e-05,0.0017211947594139786,True
1.303,-1.529296159299648e-05,0.001703307002335028,0.07280313706814877,0.005753374497058168,0.0,-2.3707989874402974e-05,0.0016391740399475184,True
1.304,-1.3553335748675595e-05,0.0017758613136015025,-0.024803535657738157,-0.002015139538463033,0.0,-2.1404411587708936e-05,0.0017203524208607398,True
1.305,-1.1789936341637443e-05,0.001750877619935574,-0.008807091819021642,-0.0007066808852789365,0.0,-2.022559758702169e-05,0.0016921938546786723,True
1.306,-1.0043525617386635e-05,0.0017418805885631879,-0.008202992388351352,-0.0006279971815534851,0.0,-1.9143902771556715e-05,0.001679505238188638,True
1.307,-8.305809694162378e-06,0.001733488192777771,-0.06024712277771548,-0.004761255813578829,0.0,-1.4746095151651197e-05,0.0016995692999098157,True
1.308,-6.602494423254214e-06,0.001673093574037628,-0.04777766215203923,-0.0037402866428971984,0.0,-1.1299617440554039e-05,0.0016576118505401932,True
1.309,-4.953340009921788e-06,0.0016251653921192065,-0.09267756585618092,-0.007308345541618762,0.0,-5.061696669672943e-06,0.0016549361216089023,True
1.31,-3.3745502920238664e-06,0.0015323780362012686,-0.03758272525666724,-0.002883474561445657,0.0,-2.5834505604549593e-06,0.0015701512036767292,True
1.311,-1.8610113165822399e-06,0.001494652589062718,-0.03540396028544214,-0.0026864567158463256,0.0,-3.349667665584011e-07,0.0015388533511241365,True
1.312,-3.8410755653270277e-07,0.0014591084339079514,0.01821233696435616,0.0016251660331998584,0.0,-1.6413976947934735e-06,0.0014756933863202277,True
1.313,1.084047627692374e-06,0.0014771423714192988,0.04853843709654156,0.004079844909592104,0.0,-4.898398496635038e-06,0.0014486772864397413,True
1.314,2.5853912604866864e-06,0.001525476511714021,-0.027385012058960163,-0.0019612067406223704,0.0,-3.171555834283138e-06,0.0015012779498768817,True
1.315,4.09712518267421e-06,0.0014979415272024352,0.008136985689982132,0.0009044600917509985,0.0,-3.8140300347293637e-06,0.0014546207086455617,True
1.316,5.599076941211348e-06,0.0015059036772607883,0.024744635275684275,0.0022610626482678408,0.0,-5.5367600728284025e-06,0.0014340648144213607,True
1.317,7.117290070078886e-06,0.0015304595097960349,-0.10565363382528589,-0.008140524343585928,0.0,1.2116698430703213e-06,0.0015124997247947733,True
1.318,8.594892786258993e-06,0.0014247169482201482,-0.05153104896891458,-0.0037968098135740865,0.0,4.251670951626293e-06,0.001422882780719771,True
1.319,9.993804164178999e-06,0.0013730662616449523,-0.013140609913148176,-0.0007065923666992377,0.0,4.70331782076987e-06,0.0013629970516536394,True
1.32,1.1360252057305073e-05,0.001359781604814541,-0.09773139309923141,-0.007450853118329276,0.0,1.0603104860933701e-05,0.0013946654976500932,True
1.321,1.2671142332799514e-05,0.0012619742396999308,0.006352812038158074,0.0008877424338070289,0.0,9.583792226164706e-06,0.0012738511247803196,True
1.322,1.3936244025066001e-05,0.0012681801529781348,-0.014599182113020479,-0.0007649005582330741,0.0,9.931539457190868e-06,0.001271979887841546,True
1.323,1.519708083335986e-05,0.0012534498655540265,-0.03120637157337856,-0.0020725482870033243,0.0,1.1328255575410823e-05,0.0012594749184237505,True
1.324,1.6434888617610907e-05,0.0012221271164368178,-0.005789957289774224,-2.0713334092523452e-05,0.0,1.1023983825575312e-05,0.0012141006519758362,True
1.325,1.7654076444049496e-05,0.0012162042984013432,-0.01376478849401927,-0.0006374651877204896,0.0,1.1227729375231469e-05,0.001199829552810889,True
1.326,1.886335632659708e-05,0.0012023135920989664,-0.06055398050073407,-0.004360500395128103,0.0,1.4440304166320539e-05,0.001206879972649191,True
1.327,2.0035363559105266e-05,0.001141672083317366,-0.06209587143820009,-0.004470032520994029,0.0,1.765052430816087e-05,0.001166568654273142,True
1.328,2.1145961010350337e-05,0.0010794967158480715,0.022546435434186708,0.0023138817388230113,0.0,1.5276718567587073e-05,0.001070945095126164,True
1.329,2.2236684632101118e-05,0.001101904024645665,-0.021458676145352726,-0.0011842052852929182,0.0,1.5802645802750935e-05,0.0010895867103314176,True
1.33,2.3327823576601084e-05,0.0010803383386406799,0.022382301999313556,0.0023401255849607857,0.0,1.3459959010801892e-05,0.0010366062069,True
1.331,2.4419306765434738e-05,0.0011025815485588718,0.027342630582550074,0.0027592677542088956,0.0,1.0844277780367105e-05,0.0010261718362542895,True
1.332,2.553551120855043e-05,0.0011297786817369905,0.020481793724624386,0.0022337561415322975,0.0,8.728240643650387e-06,0.001026483343353382,True
1.333,2.6675483125791602e-05,0.0011501173201105507,-0.10206211076374846,-0.007546796086422362,0.0,1.4591647658949657e-05,0.00109738992680972,True
1.334,2.7774552740085956e-05,0.001048006221026948,-0.012326794741893837,-0.00036044088350672585,0.0,1.4469974149187299e-05,0.000986409215975575,True
1.335,2.8816359474353004e-05,0.0010355712891074239,-0.038446589173447725,-0.0024327641086445734,0.0,1.602974339082537e-05,0.0009826789738375222,True
1.336,2.983267861799278e-05,0.000997038519773,-0.1205156212395277,-0.008984616861665587,0.0,2.2850452575429986e-05,0.0010032986687814789,True
1.337,3.07694531996633e-05,0.0008765056473513253,0.04491962902549029,0.004252601157315322,0.0,1.8759467152389198e-05,0.0008353829277399455,True
1.338,3.166837415807389e-05,0.0009212913645193726,-0.018051850365577177,-0.0007635623306585194,0.0,1.8846091427955917e-05,0.0008758700851040468,True
1.339,3.2580609742446295e-05,0.0009031501311793909,-0.007790318447746504,7.160351528583987e-05,0.0,1.825401311600102e-05,0.0008466627651223582,True
1.34,3.3479832878855946e-05,0.0008952643927665141,-0.01056166046635519,-0.0001348641183570265,0.0,1.7845894621504657e-05,0.0008301208198583119,True
1.341,3.4369785620004736e-05,0.0008846103803355917,0.019636150118485213,0.0022957013962791734,0.0,1.5481272995567947e-05,0.0007924694862413042,True
1.342,3.5264175823664594e-05,0.0009041316078377817,-0.052771782097324554,-0.0034784916100194683,0.0,1.7859124862106077e-05,0.0008317310492520597,True
1.343,3.61419013309664e-05,0.0008512997001922575,-0.09372999180455059,-0.0067456891563835815,0.0,2.281509230033269e-05,0.0008226224986418865,True
1.344,3.694632842591846e-05,0.0007575477614316206,0.046480993781908814,0.004474419145591032,0.0,1.8545499283245505e-05,0.0006829922055481579,True
1.345,3.772707623520283e-05,0.0008039069902329136,-0.16030147608284162,-0.012048561875565729,0.0,2.777583887891525e-05,0.0008158747246927175,True
1.346,3.8450843915354224e-05,0.000643641294325648,0.021166544248067718,0.0024626756856408714,0.0,2.4994599974945287e-05,0.0006232220666489818,True
1.347,3.9105038866218524e-05,0.0006647188063532222,0.014398685690072514,0.0019355518115601214,0.0,2.2719002557388035e-05,0.0006195860184713966,True
1.348,3.9776928364499926e-05,0.000679031416793597,-0.11355634201947633,-0.008287038880981876,0.0,2.8785297125382606e-05,0.0006900881825720848,True
1.349,4.0399185599184835e-05,0.000565488103211166,-0.02359588849017084,-0.0010926271660430004,0.0,2.885423782712723e-05,0.0005730184549781226,True
1.35,4.095286067827068e-05,0.0005418472025523996,-0.11279580197211185,-0.008221491001253788,0.0,3.4693584124539646e-05,0.0006026241462501883,True
1.351,4.1438318914023186e-05,0.00042907925561954237,-0.12149841471843177,-0.00892249392634778,0.0,4.093505657959138e-05,0.0005453411137217119,True
1.352,4.180666438010619e-05,0.0003076282255562277,-0.07351177114341004,-0.005091506345564145,0.0,4.389763096443223e-05,0.0004470138377915746,True
1.353,4.207754424858219e-05,0.00023413972507962483,-0.11190618484149763,-0.008167002223835776,0.0,4.926652581469996e-05,0.0004201272660349146,True
1.354,4.225575111946946e-05,0.00012229529420248358,-0.004133241877194529,0.000444619605279186,0.0,4.7510292609199e-05,0.00028540733671984607,True
1.355,4.237597628005171e-05,0.00011815155450153493,-0.030452683836035763,-0.0016592689473017461,0.0,4.7507384678818257e-05,0.0002770761248765529,True
1.356,4.2478904959423366e-05,8.770955472494147e-05,0.01655019221985493,0.002099160813425008,0.0,4.4461296195268745e-05,0.0002132911830031372,True
1.357,4.257488203122882e-05,0.00010423685812981025,-0.017002538830570013,-0.000581346806907905,0.0,4.367198562042947e-05,0.00021957084785769092,True
1.358,4.267061812096652e-05,8.723598138127137e-05,-0.09463285144599687,-0.0067920886717366,0.0,4.793398495243074e-05,0.00024100068905478334,True
1.359,4.271055894302626e-05,-7.332193788480451e-06,-0.12040710340224116,-0.008864658074459438,0.0,5.375339272662051e-05,0.00019856762332843853,True
1.36,4.264305469169509e-05,-0.00012764370067492003,-0.03967707443113487,-0.002421908214121269,0.0,5.4191076506935935e-05,7.766520455247708e-05,True
1.361,4.2495587526169845e-05,-0.0001672751929293696,-0.07058701869252207,-0.0049021139430822334,0.0,5.662462004162377e-05,5.772447025026171e-05,True
1.362,4.229304339625208e-05,-0.00023778784408947962,-0.11584791238112067,-0.008535092750647854,0.0,6.19308800004829e-05,3.406517749862266e-05,True
1.363,4.1997370546863834e-05,-0.00035351783566417276,0.0470798075517576,0.0044799151337044565,0.0,5.65482921998988e-05,-0.00013866908127351598,True
1.364,4.166739366001168e-05,-0.00030643533435554605,-0.002365263821320167,0.0005240197400519313,0.0,5.4521401538321157e-05,-0.00011333341163597801,True
1.365,4.135978779402982e-05,-0.000308764280386567,-0.04496836802448006,-0.002890044975312256,0.0,5.531637799295356e-05,-0.00011015061306597332,True
1.366,4.10285625634042e-05,-0.0003536625359740114,-0.08309040980530853,-0.005951158162600289,0.0,5.856745891023851e-05,-0.00012625196467781936,True
1.367,4.063338962368457e-05,-0.00043664777916250255,0.04290817529642789,0.004111657303441054,0.0,5.35783752136398e-05,-0.0002603669581082384,True
1.368,4.021820117503631e-05,-0.0003937242793609216,-0.06204576605436148,-0.004286980576721576,0.0,5.553119905513307e-05,-0.00019936460311607292,True
1.369,3.979348485907572e-05,-0.00045567693836575914,-0.04810944986848478,-0.003187154494619311,0.0,5.653813227593441e-05,-0.00025355347078906166,True
1.37,3.931378275113125e-05,-0.0005036972843576723,-0.04111199299382983,-0.002641755024108945,0.0,5.707490992326335e-05,-0.0002981376913369039,True
1.371,3.8789559011410516e-05,-0.0005447202816648538,0.05922403766935786,0.005370768641954236,0.0,5.110860183478687e-05,-0.0003980316928176139,True
1.372,3.8274455812248256e-05,-0.00048548160980515647,-0.010886320757428977,-0.00024022324915046818,0.0,4.985469267278924e-05,-0.0003500254061205723,True
1.373,3.778355206341652e-05,-0.0004963047736130658,0.007207916240415549,0.0011971806635411736,0.0,4.7472429590126244e-05,-0.00038325252659058537,True
1.374,3.729086798349585e-05,-0.0004890467253685479,0.0011995290337377792,0.0007085123393577219,0.0,4.5553362889711555e-05,-0.000393155066834856,True
1.375,3.680243904400377e-05,-0.0004877931512540742,-0.015969482579801988,-0.0006736498817425801,0.0,4.480784238817526e-05,-0.0003973450599874478,True
1.3760000000000001,3.630668357743078e-05,-0.0005036952160292945,0.00041988159784930694,0.0006266674062981833,0.0,4.303056150567784e-05,-0.00042851414697293416,True
1.377,3.580321707482037e-05,-0.0005032190285919077,-0.046666983651230516,-0.003149287068182704,0.0,4.436110192307377e-05,-0.0004128134406438686,True
1.3780000000000001,3.5276695517913756e-05,-0.0005497926980157947,-0.0020044967690283845,0.00040864565403828145,0.0,4.2773017533320036e-05,-0.0004728372164454341,True
1.379,3.472592170073659e-05,-0.0005517337974468326,-0.012714707983232907,-0.00045831810373899383,0.0,4.1931934529330395e-05,-0.0004801830700705704,True
1.3800000000000001,3.4167854528242166e-05,-0.000564376459856346,0.0009319470556614774,0.0006218519707785156,0.0,4.0240056246492274e-05,-0.0005062721943540116,True
1.381,3.3603964956457956e-05,-0.0005633817869064496,0.05579366232584202,0.0050007585408548315,0.0,3.5050452595089795e-05,-0.0005518056680870647,True
1.3820000000000001,3.306848665335837e-05,-0.0005075686920214132,0.06238529766101001,0.005525148329598682,0.0,2.9583315614987102e-05,-0.0005435966250458496,True
1.383,3.2592113461517765e-05,-0.0004451754257748437,-0.006418871249375878,1.972729126426833e-05,0.0,2.8728948539854457e-05,-0.0004833599713275036,True
1.3840000000000001,3.214374695222938e-05,-0.000451539188485185,0.022680585620363215,0.0023388495921509637,0.0,2.602096247423027e-05,-0.0005102334822241388,True
1.385,3.1703559102273584e-05,-0.0004288256828693918,-0.06905056415432743,-0.005004840150449598,0.0,2.9336028436863095e-05,-0.0004493218506578254,True
1.3860000000000001,3.124024211577636e-05,-0.0004977736796583766,-0.024142697777179617,-0.0014288243056494,0.0,2.9661585773186328e-05,-0.0005103615261969905,True
1.387,3.0730422006491295e-05,-0.0005218414042904861,-0.05321472928669589,-0.003766651715333686,0.0,3.187089444790063e-05,-0.000507991092040743,True
1.3880000000000001,3.0182006596853255e-05,-0.0005749555717079211,-0.01202992196430761,-0.0004881123070062008,0.0,3.1362903355859885e-05,-0.0005614832030951307,False
1.389,2.960106073604501e-05,-0.0005869113759966551,0.04518058681922413,0.0040768366736671415,0.0,2.7172993808392486e-05,-0.0006086722441373785,True
1.3900000000000001,2.90367499399021e-05,-0.0005417003573920819,-0.013859949342114486,-0.0006511384913379711,0.0,2.6930146608428303e-05,-0.0005593967158104457,True
1.391,2.848814350760969e-05,-0.0005554884879210936,0.0460438503403859,0.004129635991817315,0.0,2.2823109261778663e-05,-0.0006068529031506389,True
1.3920000000000001,2.795568582955846e-05,-0.0005094184185092511,-0.05154734895586023,-0.003681715781757876,0.0,2.5157446879264997e-05,-0.000531189264589308,True
1.393,2.742052619785935e-05,-0.0005608679148470974,0.028494930165488704,0.002705859735018913,0.0,2.2253503255140958e-05,-0.0006048791593010937,True
1.3940000000000001,2.6873919384553486e-05,-0.0005323323480357523,0.011824250328905625,0.0013657906934701224,0.0,2.05169337754648e-05,-0.0005860324335193061,True
1.395,2.634751605085291e-05,-0.0005204575482051927,-0.02500345434183293,-0.0015884759642159055,0.0,2.1221697566618352e-05,-0.0005602913253629966,True
1.3960000000000001,2.581458276824282e-05,-0.0005453828012911586,0.010913449781248688,0.0012722925361733268,0.0,1.9590076553658863e-05,-0.0005943783885442619,True
1.397,2.5274674306374988e-05,-0.000534416617705213,-0.016775628210391066,-0.000951236113441161,0.0,1.9805123868689714e-05,-0.0005742114511106025,True
1.3980000000000001,2.473189425727836e-05,-0.0005511189511761595,0.01347706846331083,0.0014572052995547378,0.0,1.8063921735119772e-05,-0.0006009128153371543,True
1.399,2.4187531005193257e-05,-0.0005375905217425406,-0.01162382212058022,-0.0005590410741620438,0.0,1.8004653567858923e-05,-0.0005806549553647163,True
1.4000000000000001,2.3644151738314255e-05,-0.0005491447472158306,-0.07797012711779941,-0.0058779128078001956,0.0,2.22538437969481e-05,-0.0005444028546942117,True
1.401,2.305606272893722e-05,-0.0006269917575313665,-0.004644579974785063,-3.1796279765699056e-05,0.0,2.1648914037330704e-05,-0.0006226490061724145,True
1.4020000000000001,2.2426773389044797e-05,-0.0006315621817760138,-0.0118380571723787,-0.0006191501146006115,0.0,2.1536718185746928e-05,-0.000622077469832858,True
1.403,2.178931892276933e-05,-0.0006433199073477238,-0.0365426432594547,-0.002608402109028255,0.0,2.303843233354216e-05,-0.0006133174944385394,True
1.4040000000000001,2.112776128406394e-05,-0.000679761452042327,0.019346135351724702,0.0018464191570060477,0.0,2.089044505525874e-05,-0.0006649360736461798,True
1.405,2.045769336510262e-05,-0.0006603541104687616,0.0413130856754217,0.0035940428413493318,0.0,1.738825200401713e-05,-0.0006728279722730132,True
1.4060000000000001,1.981800983975599e-05,-0.0006189992908862774,0.028861952383540494,0.002591400452892494,0.0,1.4797167572411387e-05,-0.0006492421274688943,True
1.407,1.9213457245467123e-05,-0.0005900904543504531,-0.06907817687592722,-0.005251222774177824,0.0,1.862981689155586e-05,-0.0005761291646389878,True
1.408,1.8588867733448645e-05,-0.000659047909248265,-0.06266630092572223,-0.004757790203965495,0.0,2.1954308075977757e-05,-0.000607607668792767,True
1.409,1.789852762696309e-05,-0.0007215907812734802,0.019542550006467138,0.0017989866040498891,0.0,1.9875451892407627e-05,-0.0006852486871038239,True
1.41,1.7186730103182977e-05,-0.0007019824762832735,0.006123645459770545,0.0007150148814849443,0.0,1.873322055822203e-05,-0.0006705975691952889,True
1.411,1.6487834176354372e-05,-0.0006957847186504384,0.035830328077129436,0.0030797130951066808,0.0,1.570862475689049e-05,-0.0006874935000129547,True
1.412,1.5809981413752722e-05,-0.0006599043573276437,0.04029375335975743,0.0034288914113488264,0.0,1.248701076673665e-05,-0.0006758560002440895,True
1.413,1.5170238222823714e-05,-0.0006195681183183907,-0.04122832439711632,-0.0030995498379566854,0.0,1.4642884824324426e-05,-0.0006075745788018836,True
1.414,1.453008985713001e-05,-0.0006606943267556431,-0.06587752380952375,-0.005087943606544238,0.0,1.8347696676707327e-05,-0.0006072554138494476,True
1.415,1.3836498616022565e-05,-0.0007264457089947911,-0.011537584809604066,-0.0007611232947592941,0.0,1.8444015633042985e-05,-0.0006673099261159564,True
1.416,1.3104314337600828e-05,-0.0007378925298431562,-0.051724717996554904,-0.003990646885228756,0.0,2.115260376103671e-05,-0.0006475267746308764,True
1.417,1.2340600520602187e-05,-0.0007894935656063166,-0.02020306145817007,-0.0014888533351555243,0.0,2.1758686516922734e-05,-0.0006891493258927771,True
1.418,1.1541040257448271e-05,-0.0008095919533266734,0.06361368749696678,0.00519968268999221,0.0,1.6931774194587102e-05,-0.0007513904729699459,True
1.419,1.0763269002347033e-05,-0.0007459373041087422,0.043114213326026496,0.0035533634316313174,0.0,1.3574708989371016e-05,-0.0007141204322004028,True
1.42,1.003890558835334e-05,-0.0007027731514213436,0.0024891475760230953,0.0002954993285016465,0.0,1.2950729926108156e-05,-0.0006708201594667529,True
1.421,9.337402709441144e-06,-0.000700206942064992,-0.06721746883266613,-0.005293349090891149,0.0,1.686981781556351e-05,-0.0006249199856066829,True
1.422,8.603630709102828e-06,-0.0007672927717964292,0.0636994541816555,0.0051587465546807185,0.0,1.2214603096352627e-05,-0.00073268078876811,True
1.423,7.86819991101201e-06,-0.0007035571795907715,0.01916839386429405,0.0015906722459908475,0.0,1.0580446534115226e-05,-0.0006785099051709163,True
1.424,7.174248331848725e-06,-0.000684324763973695,0.02321069917115464,0.0019038734319888051,0.0,8.738997901983373e-06,-0.000671166471028686,True
1.425,6.501548551916845e-06,-0.000661055387260972,0.04440494500756684,0.0035900968280685335,0.0,5.584372999442522e-06,-0.0006721963728753183,True
1.426,5.86270890407094e-06,-0.0006166110630868679,0.015468488301571753,0.001269014496828593,0.0,4.398569313767152e-06,-0.0006325046888408237,True
1.427,5.253851188689648e-06,-0.0006010854172137068,0.0033930878168396354,0.00029388609667793967,0.0,4.035949052504164e-06,-0.0006140890394721935,True
1.428,4.654483967870692e-06,-0.0005976274130430151,0.014093894965695443,0.0011395770191121462,0.0,2.9988355011278146e-06,-0.0006144681538279588,True
1.429,4.063922250651674e-06,-0.0005834774131205745,0.08814229279499558,0.007054516734536907,0.0,-2.7983110390150042e-06,-0.000649787774670095,True
1.43,3.5245150024825846e-06,-0.0004953388896912816,-0.05458175543088972,-0.004362539831189446,0.0,8.134142383574427e-07,-0.0005190441383979691,True
1.431,3.0019179553442935e-06,-0.0005498219872574932,0.03898702106291742,0.0031070175697586913,0.0,-1.7254416872305752e-06,-0.0005923929737940861,True
1.432,2.4715999806073545e-06,-0.0005108038298646058,0.0031692115708136467,0.00023672926573227145,0.0,-1.868226146080131e-06,-0.0005479572029381509,True
1.433,1.962399082771459e-06,-0.0005075796771393192,-0.080155475056605,-0.006438024382295233,0.0,3.3976947425093737e-06,-0.00048787797210509537,True
1.434,1.4147814780156578e-06,-0.000587614988958369,-0.0012180684863574878,-0.00014249321097932146,0.0,3.4167829165915546e-06,-0.000563513433282115,True
1.435,8.265797979351799e-07,-0.0005887660263008467,0.04143349513220506,0.0032589061237831363,0.0,6.811606284426957e-07,-0.0005860944839752191,True
1.436,2.5854184671849e-07,-0.0005472989415186463,-0.028327627155690673,-0.0023272322921965584,0.0,2.5462550982411283e-06,-0.0005210736274543199,True
1.437,-3.028930475415077e-07,-0.0005755427328811018,-0.0393185836065054,-0.003220003891321911,0.0,5.0813846228431295e-06,-0.0005205818199901583,True
1.438,-8.980633028954432e-07,-0.0006147656539665165,0.014412156029826664,0.0010630354644580334,0.0,4.076620310083985e-06,-0.0005658478391778941,True
1.439,-1.5056035705819951e-06,-0.00060029571642999,-0.03209498296975846,-0.0026667349878227516,0.0,6.120388145687072e-06,-0.0005275470574755536,True
1.44,-2.1219159542218536e-06,-0.0006322979392865585,-0.061864732209212375,-0.00506324881662737,0.0,1.0046732462714054e-05,-0.000518660166692741,True
1.441,-2.7851065169668866e-06,-0.0006940428813186817,-0.01583495954239512,-0.0014002138264552553,0.0,1.0895783628916697e-05,-0.0005702880758662712,True
1.442,-3.487036755500591e-06,-0.0007097873378767989,0.043416284895680134,0.003325361649510184,0.0,7.894395712704333e-06,-0.0006127524385874395,True
1.443,-4.175100600914382e-06,-0.0006663254161416519,-0.012357286701388978,-0.0011436937968645755,0.0,8.596735750696174e-06,-0.0005594030284322498,True
1.444,-4.847576478561082e-06,-0.0006785980537225206,-0.01268414705975415,-0.0011834199078411339,0.0,9.311338306620683e-06,-0.0005625497526668865,True
1.445,-5.532487879167745e-06,-0.0006911959144351785,-0.0369344423152343,-0.003137283676775985,0.0,1.1587764894510773e-05,-0.0005513080109539812,True
1.446,-6.24211552822532e-06,-0.0007280235665439004,0.02480025113441308,0.0017842991832597228,0.0,9.814590032512716e-06,-0.000604047840066883,True
1.447,-6.957718108796215e-06,-0.0007031609754335493,0.04696108349653695,0.0035472684367125985,0.0,6.664161621297701e-06,-0.0006075198578738308,True
1.448,-7.637384359961549e-06,-0.0006561577902771495,-0.0012228297183516194,-0.0003140382307806954,0.0,6.729580709585374e-06,-0.0005572994680103524,True
1.449,-8.29412865135114e-06,-0.0006573058780375907,0.00920610317379492,0.0005083172328147621,0.0,6.127270946305819e-06,-0.0005623357513017285,True
1.45,-8.94680922504471e-06,-0.0006480331123949454,0.10835471971970954,0.008429571038038566,0.0,-8.719400020012817e-07,-0.000618382440954284,True
1.451,-9.540668779798224e-06,-0.0005396908124317496,0.012883939377209542,0.0007942202146485855,0.0,-1.4903224429555656e-06,-0.0005118890428169203,False
1.452,-1.0073900732289211e-05,-0.0005267563302330092,-0.019922020552895707,-0.0018383026170408236,0.0,4.0417559104570797e-08,-0.0004812261993108265,True
1.453,-1.0610593161437404e-05,-0.0005466034408658902,0.03558916046489934,0.0025905497473821676,0.0,-2.0583390092766666e-06,-0.0005190385007784014,True
1.454,-1.1139390759730435e-05,-0.0005109808315237892,-0.014347912828262597,-0.00140965975971901,0.0,-8.585806084315708e-07,-0.00046889539690893247,True
1.455,-1.1657522672928068e-05,-0.0005252599956188813,-0.028205725860711576,-0.0025293246764438973,0.0,1.2137878107902931e-06,-0.00046119525127368027,True
1.456,-1.2196858528398079e-05,-0.0005533844597302027,0.08029037517532715,0.006137280425347383,0.0,-3.7900688683392973e-06,-0.000536053142833028,True
1.457,-1.2710097874194186e-05,-0.000473095057401338,-0.06420412975271476,-0.005421883548840837,0.0,7.075310986507529e-07,-0.0004093012929732603,True
1.458,-1.321526061513311e-05,-0.0005371954566807285,0.02158103451265041,0.0014241446151379495,0.0,-4.6567392449963245e-07,-0.00048396204352043183,True
1.459,-1.3741651012839803e-05,-0.0005155710053861201,0.04432189777515096,0.0032365335831346263,0.0,-3.0731516538738343e-06,-0.0004857388613358423,True
1.46,-1.4235053234512922e-05,-0.00047122602158385514,-0.039502163745829204,-0.0034729511804776317,0.0,-1.7395206815463066e-07,-0.00041132910461361616,True
1.461,-1.4726002431450104e-05,-0.0005106441078575772,0.03252627753191343,0.0022757568658440634,0.0,-2.011740362453134e-06,-0.0004677947192648583,True
1.462,-1.5220372692022509e-05,-0.0004780860139896042,-0.04456513403144219,-0.003896547752650533,0.0,1.2003719171714755e-06,-0.00040282542973647616,True
1.463,-1.5720711796621734e-05,-0.0005225623141511918,0.11595852946176238,0.008931002066903655,0.0,-6.065227341131891e-06,-0.0005171570039781485,True
1.464,-1.6185305323176262e-05,-0.0004066362975269503,0.06741823721252165,0.005053327125481325,0.0,-9.985101161813437e-06,-0.0004360829558891136,True
1.465,-1.6558234739238934e-05,-0.0003392254021467282,0.02849552962333944,0.001940887096303247,0.0,-1.1273691085408398e-05,-0.0003782091338149727,True
1.466,-1.688320704874831e-05,-0.0003107141582017994,0.046324953212478294,0.0033648128311365784,0.0,-1.3678738569738183e-05,-0.0003703243195073018,True
1.467,-1.717075909412413e-05,-0.00026439073000547586,-0.010042638841717022,-0.0011442116586322533,0.0,-1.2364594838100054e-05,-0.000308441346857967,True
1.468,-1.7440158628748133e-05,-0.00027439573578310673,-0.03235900140961581,-0.0029355704563807043,0.0,-9.637201092582477e-06,-0.0002903215483441791,True
1.469,-1.773071518917231e-05,-0.0003066984140067844,0.06796331752930701,0.005081108719258646,0.0,-1.3478340105552728e-05,-0.0003585396276683856,True
1.47,-1.8003438069150786e-05,-0.00023875410452255927,0.053407142689303515,0.00391985903735686,0.0,-1.6270337784631688e-05,-0.00031484356842873554,True
1.471,-1.8215493499877967e-05,-0.00018536215252762487,-0.0919151313332827,-0.007703332847963736,0.0,-9.57171861829497e-06,-0.0001943050694901216,True
1.472,-1.844678243772802e-05,-0.0002771840953068944,-0.02983389612150194,-0.002752015865036087,0.0,-7.07210241045982e-06,-0.0002622600590753572,True
1.473,-1.8738865355220114e-05,-0.0003069633422175163,-0.08263195698329001,-0.006984691736123265,0.0,-1.2160576165413105e-06,-0.0002358719365035674,True
1.474,-1.908711174420352e-05,-0.00038949574436578387,0.06044870679241291,0.004445589042673475,0.0,-4.78126168625348e-06,-0.0003545517433946915,True
1.475,-1.9446384207776223e-05,-0.0003290508210213568,-0.04963155994990778,-0.004360045810255157,0.0,-1.1153588771247118e-06,-0.0002587332334452985,True
1.476,-1.9800225605461118e-05,-0.00037860631709744165,0.07201689109035982,0.005359514468278792,0.0,-5.423437344800361e-06,-0.0003515134574494031,True
1.477,-2.0142827957230182e-05,-0.000306603539163702,0.046607863600768365,0.0033292657601316816,0.0,-7.965498440398474e-06,-0.0003038255797515933,True
1.478,-2.042612815581753e-05,-0.00025999788546184603,0.13011997759203592,0.010010728154302737,0.0,-1.5845608326138386e-05,-0.0003327782925054513,True
1.479,-2.062109004388931e-05,-0.0001299510903215613,-0.03861712625707,-0.0034761438521941947,0.0,-1.258185112483552e-05,-0.00016901305901848116,True
1.48,-2.077033481330419e-05,-0.0001685232092372644,0.04039166953181977,0.002837244750797634,0.0,-1.4522644615870655e-05,-0.00022640919967589738,True
1.481,-2.091866634332762e-05,-0.00012814438283830445,-0.047847187270114326,-0.00421968830172964,0.0,-1.0694320030214693e-05,-0.00014836593451604156,True
1.482,-2.1070717110310132e-05,-0.00017593950096276615,0.04654259360473194,0.0033230218402774407,0.0,-1.308194807816605e-05,-0.00022000506435821798,True
1.483,-2.1223390786835244e-05,-0.00012941375796470973,0.021696831787097883,0.001338195857849031,0.0,-1.3794764009431816e-05,-0.0001799303054392367,True
1.484,-2.1341956903292028e-05,-0.00010771945219116517,0.01522830004892546,0.0008211824453918405,0.0,-1.406874433741702e-05,-0.00016073306507253458,True
1.485,-2.144206211590675e-05,-9.249102613755746e-05,0.03134045292341811,0.00211018019265062,0.0,-1.5378682912996797e-05,-0.00015810685928259523,True
1.486,-2.1518887574461583e-05,-6.116484134643073e-05,0.11609833740616445,0.008893187235191275,0.0,-2.2143811118046502e-05,-0.00019153305919776488,True
1.487,-2.1522031056405557e-05,5.484899288124204e-05,0.01682894834709345,0.000965501187897925,0.0,-2.2298036056318808e-05,-7.473998917195548e-05,True
1.488,-2.145877400884745e-05,7.165852790141222e-05,-0.007133821666648479,-0.0009483646421429629,0.0,-2.089820131614543e-05,-4.336975466142717e-05,True
1.489,-2.139068322830026e-05,6.452226384055401e-05,-0.009727026846575374,-0.001155451774174568,0.0,-1.937035611757081e-05,-3.5356041265098426e-05,True
1.49,-2.1331024374524862e-05,5.479563811721639e-05,-0.03394280582606466,-0.0030928074282525544,0.0,-1.631710114399386e-05,-1.5702840611280867e-05,True
1.491,-2.129319339265342e-05,2.087338725971452e-05,0.04989970956317886,0.0036112040904577127,0.0,-1.8778725071457768e-05,-7.417605078087251e-05,True
1.492,-2.124738387112968e-05,7.073147387206646e-05,-0.022086523233861653,-0.0021408869915246188,0.0,-1.6513022748360083e-05,-2.2106913950689714e-06,True
1.493,-2.11876925836888e-05,4.8654381710269714e-05,-0.013854710146202466,-0.0014839167523973632,0.0,-1.4843490320352013e-05,-9.185723763834024e-06,True
1.494,-2.114596378864018e-05,3.4805105785546274e-05,-0.021226520668719905,-0.0020745723889988503,0.0,-1.2743008903176976e-05,-4.104873962052502e-06,True
1.495,-2.1121767744252202e-05,1.3591378903965996e-05,0.07340561689355649,0.005493888497556455,0.0,-1.6830363709610386e-05,-6.64082633057994e-05,True
1.496,-2.1071493099087145e-05,8.693769021830643e-05,0.0006853453612144886,-0.00031402672406021274,0.0,-1.609911718823664e-05,1.3818135907141846e-05,True
1.497,-2.0984216172826256e-05,8.76127207278783e-05,0.07418043173175602,0.005567232173916955,0.0,-2.0150747206316537e-05,-2.5579097904549275e-05,True
1.498,-2.085953575407254e-05,0.00016172491394329414,0.014885616845663427,0.0008347846937529637,0.0,-2.0255612422131828e-05,4.782156334888188e-05,True
1.499,-2.069037795367777e-05,0.0001765806297462975,-0.06903863836642354,-0.005874328196910528,0.0,-1.492502567582807e-05,0.00011351539561803879,True
1.5,-2.0548305361980683e-05,0.00010757647646665898,0.03723112839337257,0.0026215299521301525,0.0,-1.6624745557185293e-05,2.5846945122695868e-05,True
1.5010000000000001,-2.042212700725592e-05,0.00014476620427220901,-0.0394608764908501,-0.0035070964608859495,0.0,-1.3313844702620569e-05,9.38908849866427e-05,True
1.502,-2.029708643646064e-05,0.00010532010956690972,-0.0031098840584622145,-0.0006014998673852395,0.0,-1.2449484838671614e-05,6.0312020920649105e-05,True
1.5030000000000001,-2.019332441061138e-05,0.00010220083092077675,-0.015988064637904486,-0.0016302609107128703,0.0,-1.0776616109872928e-05,7.10024003280371e-05,True
1.504,-2.009911729769813e-05,8.621385880957662e-05,0.012189218324493678,0.0006236990176580772,0.0,-1.0976225384215053e-05,5.0341495095136795e-05,True
1.5050000000000001,-2.0006815221969392e-05,9.838378900715655e-05,0.009620145894906567,0.00042129505227793515,0.0,-1.1006287865049392e-05,5.975909973823515e-05,True
1.506,-1.99036275423468e-05,0.00010798530047721721,-0.06223455676637197,-0.005324071601014734,0.0,-6.383379625137275e-06,0.0001112689974145204,True
1.5070000000000001,-1.9826747431929323e-05,4.5787586298117925e-05,-0.013948232241534091,-0.001467245522741681,0.0,-5.014421074836477e-06,5.807525335744399e-05,True
1.508,-1.978793206162748e-05,3.184518423626494e-05,-0.0427942152010972,-0.0037758985710887186,0.0,-1.8149042256802053e-06,7.096856041126376e-05,True
1.5090000000000001,-1.977747408300074e-05,-1.0918928491194716e-05,0.03848411091806788,0.0027214240685324736,0.0,-3.96705193469532e-06,2.7051114044401658e-06,True
1.51,-1.9769160524935012e-05,2.7536119440484313e-05,-0.022157091879229728,-0.00212510790545435,0.0,-2.133890215530392e-06,5.520416312054945e-05,True
1.5110000000000001,-1.9752698238732915e-05,5.39337113512048e-06,0.008232192830383529,0.0003036740626697043,0.0,-2.3193055233248378e-06,2.6725012885722802e-05,True
1.512,-1.9743191107811424e-05,1.3618477991482465e-05,-0.0024532271058823247,-0.0005500013910522138,0.0,-1.80823096108307e-06,3.565783222799115e-05,True
1.5130000000000001,-1.9730799117798507e-05,1.1165650529038388e-05,-0.06298572348555796,-0.005392672384901526,0.0,2.6095507948193057e-06,7.125325999083288e-05,True
1.514,-1.975111041655001e-05,-5.177175256583677e-05,0.03508293096176418,0.0024449018791353337,0.0,5.559182790670714e-07,-1.7271686928342934e-05,True
1.5150000000000001,-1.9785347859268477e-05,-1.6710613972443376e-05,-0.0444774102925019,-0.003916334358543678,0.0,3.7112844481167316e-06,4.368298742757308e-05,True
1.516,-1.9824285019815602e-05,-6.115113725883792e-05,-0.03284959581972445,-0.0029921429324056975,0.0,6.028894145867025e-06,1.568320673524453e-05,True
1.5170000000000001,-1.9901850145392328e-05,-9.39680013242388e-05,0.02384970205835669,0.0015384667018925647,0.0,4.612312771779648e-06,-3.6864259939544835e-05,True
1.518,-1.9983895956989326e-05,-7.01265053769785e-05,-0.00908873532976146,-0.001095224134251962,0.0,5.368420615698413e-06,-1.0994557151435122e-05,True
1.5190000000000001,-2.005856184473473e-05,-7.9200201849491e-05,0.032235332507412034,0.002208268463165799,0.0,3.4282075106658267e-06,-4.441819545369181e-05,True
1.52,-2.0121649769454007e-05,-4.69813362737888e-05,0.06213054538627836,0.0046026161746992415,0.0,-3.957628841297567e-07,-5.3845255198957896e-05,True
1.5210000000000001,-2.0137580181180693e-05,1.5105589005157248e-05,0.013553000019349875,0.0007235762289673564,0.0,-9.704386153223194e-07,-1.14849805831716e-06,True
1.522,-2.0115702172451812e-05,2.864622300111015e-05,0.009690629438104432,0.0004166052627043551,0.0,-1.2802685029078043e-06,5.149505106632014e-06,True
1.5230000000000001,-2.008221422116069e-05,3.832600394478811e-05,0.048012011151429,0.0034840801566068023,0.0,-4.065103125583942e-06,-1.6177440404425857e-05,True
1.524,-2.001989609694064e-05,8.629591554595509e-05,0.07176325698313342,0.005391057938771256,0.0,-8.315126874066385e-06,-1.2379491377283199e-05,True
1.5250000000000001,-1.989774039465339e-05,0.00015799298462754202,0.05305441824651629,0.0039051532907728474,0.0,-1.1241542947087053e-05,2.8891076273071387e-05,True
1.526,-1.9713239879433617e-05,0.00021098787890605933,0.07022623609601127,0.005288579115319824,0.0,-1.5205207005525739e-05,4.1818611939465055e-05,True
1.5270000000000001,-1.946716499990427e-05,0.0002811351163135141,0.045972098657813425,0.0033610951365844184,0.0,-1.7495824731348425e-05,8.886698973747182e-05,True
1.528,-1.9163066292578455e-05,0.00032703941917002616,0.06333447159376636,0.0047610672645353,0.0,-2.085510683575175e-05,0.00010154339495325992,True
1.5290000000000001,-1.8804388318431736e-05,0.00039028726753447587,-0.06813593215736112,-0.005742519090216524,0.0,-1.561425839083852e-05,0.0002149912515746251,True
1.53,-1.84481659808904e-05,0.00032216108041706337,0.08140239699643168,0.0062187841017085545,0.0,-2.020720175766379e-05,0.00010019089037509627,True
1.5310000000000001,-1.808533688460049e-05,0.0004034631815025312,0.022955217463183252,0.001559296914912155,0.0,-2.08971166187115e-05,0.00017472823153991238,True
1.532,-1.767041717041945e-05,0.0004263549649119857,-0.06408239669651618,-0.0053934966489994065,0.0,-1.5937686877291007e-05,0.0002446454997131779,True
1.5330000000000001,-1.7276102770807372e-05,0.00036227506721792666,0.028104894293588964,0.0019808947016787355,0.0,-1.7089974861884975e-05,0.00016701971996599846,True
1.534,-1.68997961237353e-05,0.00039031710542253544,0.04242033943773049,0.0031362688774419084,0.0,-1.9145132560084112e-05,0.00017401802442637063,True
1.5350000000000001,-1.6488294478795155e-05,0.00043266016803376173,-0.04975082815068286,-0.0042249363325088905,0.0,-1.5181556874163599e-05,0.00025368987293035645,True
1.536,-1.608051304405184e-05,0.0003828998495831879,-0.07946917666333618,-0.006601035385909845,0.0,-9.406342399260303e-06,0.0002569814707135821,True
1.537,-1.573734153129269e-05,0.0003034501689762786,0.03620955790021534,0.002649906504731113,0.0,-1.1285439177201195e-05,0.00015566939783362644,True
1.538,-1.5415807346939808e-05,0.000339597106000285,-0.04315379666207901,-0.0036890366124912037,0.0,-7.97853473696375e-06,0.0002213858189906552,True
1.539,-1.5097788680416112e-05,0.00029643909069985806,0.05933898501305674,0.004510931295681033,0.0,-1.140499836440286e-05,0.00014167606657560438,True
1.54,-1.477170659499316e-05,0.0003556980380709441,0.0450315800701297,0.0033793194514690128,0.0,-1.3818070841095098e-05,0.00017586234619344806,True
1.541,-1.4393517776405944e-05,0.000400654178640321,0.05700811852606773,0.00434964466354695,0.0,-1.694844507923973e-05,0.00018917250458507314,True
1.542,-1.396438933853632e-05,0.00045757237602480955,-0.02200660383285396,-0.0019569786295989934,0.0,-1.4883526692703387e-05,0.00026510070635300413,True
1.543,-1.3517831711057677e-05,0.0004355316433258396,-0.014016550336134958,-0.001312381200490734,0.0,-1.3399069498585692e-05,0.0002553089866173061,True
1.544,-1.3089321034983173e-05,0.0004214771534729369,0.017067150234906885,0.001180341498579606,0.0,-1.3975080888163916e-05,0.00023354613626388183,True
1.545,-1.2659330531051062e-05,0.0004384834786133157,0.04732938965647434,0.003611101240392626,0.0,-1.6502994579910385e-05,0.0002245537817556907,True
1.546,-1.2197211066197094e-05,0.00048572631163746856,-0.04207770757387356,-0.0035274792477049365,0.0,-1.317903987707492e-05,0.00030285757699882265,True
1.547,-1.1732530906292106e-05,0.0004436271074280297,0.07948656618528718,0.006200974991401081,0.0,-1.782657720153116e-05,0.000213696288567592,True
1.548,-1.1249197754925694e-05,0.0005230012278051475,0.02610607434179305,0.0019487605350913993,0.0,-1.8899314313302666e-05,0.0002825348570498951,True
1.549,-1.0713169863956577e-05,0.0005490279470066011,-0.04727342909936371,-0.003908828031859523,0.0,-1.5198663274577876e-05,0.0003435748015862201,True
1.55,-1.0187786955213176e-05,0.0005017299930675083,-0.005199015554081678,-0.0005390938103522703,0.0,-1.4331418719952373e-05,0.00030265183640436544,True
1.551,-9.688673929734619e-06,0.0004964786542888988,0.02053668209354647,0.0015281158752631623,0.0,-1.5162605942676931e-05,0.00028778630205293903,True
1.552,-9.181950870143356e-06,0.0005169433471363625,0.028502659860038727,0.002176970874796881,0.0,-1.6495625915796922e-05,0.0002942899081774783,True
1.553,-8.650782961388253e-06,0.0005453654466689215,-0.04403823324768199,-0.0036133288995192775,0.0,-1.3102366153390306e-05,0.00035455666868020746,True
1.554,-8.127445656590057e-06,0.0005013005539861347,-0.04895250530240062,-0.004002338379532334,0.0,-9.490284214199217e-06,0.00034311469213984137,True
1.555,-7.650627454509592e-06,0.0004523302119872543,-0.049884001057862205,-0.004074151753371678,0.0,-5.922420488799499e-06,0.00032569952556978104,True
1.556,-7.223243265087175e-06,0.0004024346137170707,0.015414208189938996,0.001151410430069599,0.0,-6.686894750306881e-06,0.00026513884257624087,True
1.557,-6.81312062952908e-06,0.0004177914390130457,0.046194586537749216,0.0036230657243699793,0.0,-9.431044068613957e-06,0.0002517157131274648,True
1.558,-6.372259535941071e-06,0.0004639026887659385,0.017395132094218245,0.001332578218542433,0.0,-1.024277821933537e-05,0.00028852751122528895,True
1.559,-5.899681181186814e-06,0.00048123196721439835,-0.014000132506882448,-0.0011684570257462306,0.0,-9.00637800603742e-06,0.00031616668264839137,True
1.56,-5.425463689685446e-06,0.00046718874364796466,-0.091106619017867,-0.007330125218605942,0.0,-2.815812460436405e-06,0.00035957265503677174,True
1.561,-5.003822146316398e-06,0.00037610130289935826,-0.003414618978423836,-0.00031810616055967907,0.0,-2.4784362687967667e-06,0.0002678269559492569,True
1.562,-4.629441366069509e-06,0.00037264708210186923,0.0339085821487476,0.002674074277162781,0.0,-4.57343951394243e-06,0.000241297113069404,True
1.563,-4.2398627537780605e-06,0.0004064870738496573,-0.08806257928731923,-0.007072545423691585,0.0,1.2829295602920406e-06,0.00032935720027061374,True
1.564,-3.877399374145472e-06,0.0003184481022736325,-0.014987111856577242,-0.001230548364987962,0.0,2.2429666699096444e-06,0.0002462292222072767,True
1.565,-3.566452879248691e-06,0.0003034369798942796,0.07213374660231302,0.005742916013945878,0.0,-2.4707336113800035e-06,0.0001823029227494995,True
1.566,-3.2269791036009045e-06,0.00037547983128166987,-0.022964732097679595,-0.0018502066119253835,0.0,-9.025698151664944e-07,0.0002676914964416633,True
1.567,-2.8629897592571183e-06,0.0003524909550799178,0.03978930037795902,0.003173909129179683,0.0,-3.4469578197404666e-06,0.00021733824621880682,True
1.568,-2.490627684061671e-06,0.00039220930274956546,-0.05171154168238579,-0.004134689516574025,0.0,-1.344021955088317e-09,0.0002884889834970561,True
1.569,-2.1242754466535416e-06,0.00034049436240156855,0.04800782482048288,0.003843248351087055,0.0,-3.113247916949928e-06,0.00020369137969295854,True
1.57,-1.759802383120949e-06,0.00038842611465449427,0.01464131522297955,0.0011862399087007264,0.0,-3.98553636359566e-06,0.00024178556612906583,True
1.571,-1.364073967590535e-06,0.0004030122304641703,-0.008512337585926098,-0.000657178870635017,0.0,-3.3404573001455666e-06,0.00026102373093358133,True
1.572,-9.653308061210809e-07,0.00039446127754886765,-0.02512226552407131,-0.00197982184313002,0.0,-1.64269385995519e-06,0.00026697772733018854,True
1.573,-5.834389343526374e-07,0.00036931443180348477,-0.02998404862164796,-0.0023649080587337663,0.0,3.187655277631892e-07,0.00025848494533228886,True
1.574,-2.2912259665607829e-07,0.00033931245720861453,-0.04826687451028182,-0.0038247566726973214,0.0,3.4067006526422256e-06,0.0002556583049953487,True
1.575,8.605621854738801e-08,0.0002910454205546829,-0.0026869822547031966,-0.00017848411797584081,0.0,3.4546760333170134e-06,0.00020470278782076928,True
1.576,3.7574793454839246e-07,0.0002883278275849706,0.028377596405677982,0.002311570514586306,0.0,1.4850532189425993e-06,0.0001804896951024123,True
1.577,6.782463943186096e-07,0.00031665066800915366,-0.05220210283671849,-0.004125961711678646,0.0,4.783826376040296e-06,0.0002387496238470023,True
1.578,9.687976759887298e-07,0.000264454048564492,0.003568627792769098,0.00033466306741706403,0.0,4.377270108365418e-06,0.00017953851045656826,True
1.579,1.2350251998633954e-06,0.0002679901318483067,0.018008531286703298,0.0014950717723556017,0.0,3.042633488002348e-06,0.00016791469983522576,True
1.58,1.5120048822192179e-06,0.0002859543554180292,-0.0046924679613336955,-0.0003138668263765862,0.0,3.2105481878375737e-06,0.00018566663240511742,False
1.581,1.795603501058444e-06,0.00028123342770132486,-0.021360201548461574,-0.0016427472495337148,0.0,4.449720708452472e-06,0.00019086778593233297,True
1.582,2.066151823986602e-06,0.00025985841634981364,-0.001599896002474508,-5.961793740422416e-05,0.0,4.371888896799345e-06,0.00016646345478695652,True
1.583,2.3252009661218598e-06,0.000258230560708562,-0.012339498263803879,-0.0009143185764290893,0.0,4.988328139747614e-06,0.0001688096276827716,True
1.584,2.5772552970843948e-06,0.0002458717389536633,-0.023151142885769034,-0.0017761962268395641,0.0,6.285174084645102e-06,0.00016684673958655984,True
1.585,2.8115482505198004e-06,0.0002227111720364703,-0.0941927144895684,-0.0074580839500117384,0.0,1.2145986114644422e-05,0.0001977051855416074,True
1.586,2.9871791391791646e-06,0.0001285675543371032,0.007379720782027603,0.0006595749935878855,0.0,1.1267699063955807e-05,9.110825057525167e-05,True
1.587,3.1194298210087463e-06,0.00013592701021347434,-0.08237456980289412,-0.006517504606227756,0.0,1.6225703225080748e-05,0.00014345732069235266,True
1.588,3.2141858091507907e-06,5.360199332973459e-05,0.001909838441178304,0.0002170746590585467,0.0,1.559009652715656e-05,5.06348730622317e-05,True
1.589,3.268740217194844e-06,5.5504301445574085e-05,0.01405598411129624,0.0011899765689866754,0.0,1.4184728148664936e-05,3.57707732434368e-05,True
1.59,3.3312667856121608e-06,6.954298113783758e-05,0.057693038800598576,0.0046837510639254456,0.0,9.990220821435204e-06,6.742587507907809e-06,True
1.591,3.4296387205432365e-06,0.00012718279039141385,0.0064704533211029005,0.00059463169750498,0.0,9.22561399855649e-06,5.5618037352175235e-05,True
1.592,3.560050292361845e-06,0.00013363385019372434,-0.09114136792930776,-0.007211192467058859,0.0,1.480318159135761e-05,0.00011396381409265442,True
1.593,3.6481320804485626e-06,4.2549193350936094e-05,-0.03420708243930493,-0.002665794314494208,0.0,1.6542196132893392e-05,3.594078977787209e-05,True
1.594,3.673585006838537e-06,8.364250902127203e-06,-0.021123115349701127,-0.0016227209877447413,0.0,1.7387333074669484e-05,6.619729659665119e-06,True
1.595,3.671392863351779e-06,-1.2743178996791937e-05,-0.011976630245394112,-0.0008935745295708119,0.0,1.7618116776659265e-05,-1.5431897378261515e-05,True
1.596,3.652664952237962e-06,-2.4708949608040674e-05,-0.030799052596255264,-0.002401141312513103,0.0,1.9063061898383985e-05,-1.650666163186561e-05,True
1.597,3.6125653881867904e-06,-5.54809820465601e-05,-0.04659091582198155,-0.003668904806616749,0.0,2.1493586303382616e-05,-2.7266669499241554e-05,True
1.598,3.533803108136758e-06,-0.00010202898792392782,0.07054912166405063,0.005695294710519641,0.0,1.627288166278502e-05,-0.0001278378458848529,True
1.599,3.4670342136326683e-06,-3.152392295404829e-05,0.02823924523399497,0.0023177633638105,0.0,1.3934975410146981e-05,-8.135751662911789e-05,True
1.6,3.44962377309262e-06,-3.3033601434196527e-06,0.059467562651145556,0.004819101836790102,0.0,9.637950328247996e-06,-9.591605715114198e-05,True
1.601,3.4760388992803463e-06,5.611776720194048e-05,-0.014061134986975959,-0.0010555879667067977,0.0,1.0219537134092626e-05,-3.1190393635046546e-05,True
1.602,3.525127641150341e-06,4.2061389717352935e-05,0.01829327089812879,0.0015319613361570918,0.0,8.689460101015433e-06,-6.10438195182382e-05,True
1.603,3.576329346503987e-06,6.0335532583997775e-05,-0.056410960193926774,-0.0044412626233669905,0.0,1.2039364165656283e-05,-1.097486650086331e-05,True
1.604,3.6084717635612906e-06,3.962189060943754e-06,0.021622955624623023,0.0017952644044012583,0.0,1.0244512222175127e-05,-8.632808472589377e-05,True
1.605,3.623239675481211e-06,2.5567679806603592e-05,-0.049742883923695816,-0.003911144278160212,0.0,1.3121100360137947e-05,-3.7585885764603734e-05,True
1.606,3.6239478522946418e-06,-2.4138926514011056e-05,-0.03530129228608358,-0.0027617689927270646,0.0,1.4985497510034495e-05,-7.109088770680279e-05,True
1.607,3.58216833747107e-06,-5.940971903727922e-05,0.04331613233524141,0.003522640450609319,0.0,1.1708466851362004e-05,-0.00013969074407836998,True
1.608,3.5444076805694893e-06,-1.6121000572996495e-05,0.05932933346206367,0.004808211495146585,0.0,7.483359292702689e-06,-0.00013734800231133147,True
1.609,3.5579365680546026e-06,4.3163447619853164e-05,0.032429423890841726,0.0026635763832067033,0.0,5.114538273713784e-06,-0.00010017002756412471,True
1.61,3.6173047012560137e-06,7.556249303815608e-05,0.008642100556640156,0.0007655470283183996,0.0,4.349715708613879e-06,-7.426388823281867e-05,True
1.611,3.6971831713069635e-06,8.418929505095856e-05,-0.016949424085067354,-0.001279301914315748,0.0,5.262316408625428e-06,-5.607697537169004e-05,True
1.612,3.7728989930685995e-06,6.724374542277066e-05,0.013519818967591555,0.0011575669487332916,0.0,4.175880762443094e-06,-8.307104669897793e-05,True
1.613,3.846896621844766e-06,8.07453619827255e-05,-0.02519111605109767,-0.0019363557014566806,0.0,5.625435316913679e-06,-5.4686191496738874e-05,True
1.614,3.915049930570408e-06,5.5564994641214496e-05,-0.019419836733482358,-0.0014764482405713755,0.0,6.661514672767442e-06,-6.959086255225026e-05,True
1.615,3.960907959138509e-06,3.6154195382938134e-05,0.06399340817710403,0.005195107500878769,0.0,2.2661620295078223e-06,-0.00013101629718151314,True
1.616,4.029040911045226e-06,0.00010009316930163934,-0.033678314912748884,-0.0026097312763049,0.0,4.315081547946791e-06,-4.543921009237645e-05,True
1.617,4.112299902959791e-06,6.643010784776658e-05,-0.06433040582688486,-0.005064439454955781,0.0,8.29355247975055e-06,-4.0289338104446506e-05,True
1.618,4.1465789973672804e-06,2.1428667796074473e-06,0.11116328634590386,0.008967958473638474,0.0,7.970076939774786e-07,-0.00017706334617255165,True
1.619,4.204274604436631e-06,0.00011321841588707986,-0.04197880450486357,-0.0032690412076027764,0.0,3.421417360628138e-06,-3.7952328562933756e-05,True
1.62,4.296510258289723e-06,7.125992230714207e-05,-0.0676668265335573,-0.005327457747358511,0.0,7.638185085111154e-06,-3.86356468947682e-05,True
1.621,4.33395164082446e-06,3.6383435467279797e-06,0.08873969677540666,0.00717762347279298,0.0,1.6098774326642957e-06,-0.00016445691007503034,True
1.622,4.381936687832667e-06,9.230778447024096e-05,-0.04731568823626652,-0.003695303264383905,0.0,4.55640176808183e-06,-4.4952167307343136e-05,True
1.623,4.4505954360117265e-06,4.501895903030203e-05,0.01290026577835411,0.001117534255200176,0.0,3.5223869364356434e-06,-0.00010160721142181157,True
1.624,4.5020594955562844e-06,5.790400904139902e-05,-0.014298114421603994,-0.0010558636017233385,0.0,4.277512490239766e-06,-8.004400567625875e-05,True
1.625,4.552815984033798e-06,4.361063779998854e-05,0.021559456170623756,0.0018119404578985075,0.0,2.6891291744042198e-06,-0.00010858149170278763,True
1.6260000000000001,4.60719912517071e-06,6.514822093441906e-05,-0.000634609370205103,3.997862114879482e-05,0.0,2.5805476827014323e-06,-8.637441780574306e-05,False
1.627,4.672027763820199e-06,6.450678568913544e-05,-0.061873045008890605,-0.004858006286679789,0.0,6.44102308171782e-06,-4.83921345149363e-05,True
1.6280000000000001,4.705611651428004e-06,2.675187519143941e-06,0.04690976072012226,0.0038378028898377824,0.0,3.150951261719515e-06,-0.00014164999873386014,True
1.629,4.7317294562039e-06,4.954772490406966e-05,0.04398534134919865,0.003609944165136051,0.0,1.3862133516385961e-07,-0.00012176437539740566,True
1.6300000000000001,4.803256589865364e-06,9.34928742938385e-05,-0.007415354578631808,-0.0004955506027577076,0.0,5.359483440925822e-07,-7.149957159894189e-05,True
1.631,4.893040204864248e-06,8.607284382452088e-05,0.0002528006007363301,0.00011862751300540538,0.0,4.2470485822323345e-07,-7.808927632947901e-05,True
1.6320000000000001,4.979236156921437e-06,8.631576727307033e-05,0.04162395833943823,0.003429900810052413,0.0,-2.3645789313235087e-06,-0.00010264244880588336,True
1.633,5.086349875424821e-06,0.00012789725803081638,-0.025527719051535672,-0.001935315555401509,0.0,-7.305094430661548e-07,-4.2390963352363815e-05,True
1.6340000000000001,5.201485098440154e-06,0.00010237525079053963,-0.020172530309338743,-0.001507890662880312,0.0,5.111573531991307e-07,-5.4013234924394614e-05,True
1.635,5.2937754768026455e-06,8.220708697628721e-05,0.027447600559032195,0.0023009608537421775,0.0,-1.366455084941879e-06,-9.04226733267303e-05,True
1.6360000000000001,5.389696165800542e-06,0.00010962384010936865,0.0821940685876019,0.006685694878805687,0.0,-6.741247757680925e-06,-0.00011200624346742498,True
1.637,5.540391619470446e-06,0.00019174088770413728,-0.06344769095539378,-0.004953079320756538,0.0,-2.5396097072555235e-06,1.4708647230739837e-05,True
1.6380000000000001,5.700417924906574e-06,0.00012832157657290992,-0.016535359776068476,-0.0012048226702484107,0.0,-1.4920720473345888e-06,-3.672886066568586e-05,True
1.639,5.820471298645603e-06,0.00011178480303786925,0.02884127426991054,0.002425484601333008,0.0,-3.4137417474773394e-06,-6.951471038822731e-05,True
1.6400000000000001,5.946665070458643e-06,0.00014059080715786665,0.022868954895795608,0.0019534272597908483,0.0,-4.898718507500936e-06,-5.192795194540658e-05,True
1.641,6.0986791553949855e-06,0.00016342595370353412,0.0769589167491217,0.006286100679171269,0.0,-9.849848492447281e-06,-7.341678270086863e-05,True
1.6420000000000001,6.3005584872938604e-06,0.00024030592043315446,-0.0216375985444286,-0.00158876112033102,0.0,-8.284256737332564e-06,2.3238510042629534e-05,True
1.643,6.530042210585684e-06,0.0002186583323809511,0.013408903650067788,0.0012164920516816796,0.0,-9.03449403763624e-06,-2.2258659156673826e-06,True
1.6440000000000001,6.755393321501788e-06,0.00023203209561673156,0.038186528661918795,0.0032043632242145436,0.0,-1.1373081837553062e-05,-7.438649455760282e-06,True
1.645,7.00650008245796e-06,0.00027016247770150027,-0.04010535836370329,-0.00304989217028784,0.0,-8.581219461356951e-06,6.209038542554202e-05,True
1.6460000000000001,7.256610152251303e-06,0.00023005830862774882,0.02902667885153897,0.002480360287898971,0.0,-1.0346415904070698e-05,8.242115360494527e-06,True
1.647,7.501165650279867e-06,0.00025903627252847595,0.009645146928085884,0.0009377170886553255,0.0,-1.0812482731611468e-05,3.700356341338913e-05,True
1.6480000000000001,7.765012285249111e-06,0.0002686447013212709,-0.032430615782332174,-0.0024224416772935377,0.0,-8.544564858817995e-06,7.254389559789288e-05,True
1.649,8.017440016931331e-06,0.0002362094047232074,-0.08980885925336338,-0.007012049691397522,0.0,-2.6246381693798156e-06,0.00010027693162235917,True
1.6500000000000001,8.208759423250163e-06,0.00014644467397695836,-0.05982845228819357,-0.004620945152559747,0.0,1.1914002828372219e-06,4.87790355073937e-05,True
1.651,8.325299893863022e-06,8.664684600251846e-05,-0.021364403732079543,-0.001548899278956527,0.0,2.4118053589969176e-06,1.9366155408778407e-06,True
1.6520000000000001,8.401266829350552e-06,6.528951541350982e-05,0.01577073353313415,0.0014207162274286632,0.0,1.1930770877470753e-06,-2.970213243154185e-05,True
1.653,8.474435175036432e-06,8.104049458773991e-05,-0.0036408231360620324,-0.00012900115838377808,0.0,1.2637195657330109e-06,-1.1202645534655805e-05,True
1.6540000000000001,8.5536531641744e-06,7.739342480482474e-05,-0.04249078816852957,-0.003236010085550648,0.0,3.848156732332195e-06,1.1864289690400937e-05,True
1.655,8.609809310794545e-06,3.4927378763563014e-05,-0.01403186764091848,-0.0009633815582275491,0.0,4.51916569799691e-06,-2.313435535920606e-05,True
1.6560000000000001,8.637723084652293e-06,2.0902628271280687e-05,-0.08757816940324081,-0.0068482662213429695,0.0,9.936247011286851e-06,1.612778167373367e-05,True
1.657,8.614858552044572e-06,-6.660895894244604e-05,-0.05245292200587527,-0.004049159381606313,0.0,1.2933324530486263e-05,-4.3085154199106796e-05,True
1.6580000000000001,8.522039229057644e-06,-0.00011901310578792083,-0.05004391117919329,-0.003864397760906976,0.0,1.569586007893967e-05,-6.957988444841954e-05,True
1.659,8.378021604445817e-06,-0.00016900424552259368,-0.108874728966801,-0.008579454437926766,0.0,2.219796480376872e-05,-5.8150864183900943e-05,True
1.6600000000000001,8.154614558898227e-06,-0.00027777427639694385,-0.006592046910515025,-0.00041391360394866725,0.0,2.1904025399571768e-05,-0.00017256755029934975,True
1.661,7.873556380869352e-06,-0.000284329901325788,-0.026938047830252238,-0.0020474393997236256,0.0,2.2941109213935018e-05,-0.00017078493106668328,True
1.6620000000000001,7.5757750985320625e-06,-0.00031121477577240484,-0.05117996832310989,-0.003995379287167903,0.0,2.55260812501133e-05,-0.000174797609332354,True
1.663,7.238995274781898e-06,-0.00036231946698864854,0.005359265942832458,0.000515564854334033,0.0,2.438520862008253e-05,-0.00023950607665483114,True
1.6640000000000001,6.879367633092387e-06,-0.00035692367950510435,0.03346049689122891,0.0027578375271533635,0.0,2.146106300967261e-05,-0.00026399129765239377,True
1.665,6.5391789059721796e-06,-0.00032344938617948955,-0.08876352569927219,-0.007022190761975815,0.0,2.6538839168893075e-05,-0.00018261076023595203,True
1.666,6.171382896464426e-06,-0.00041210667718612356,-0.048855000406507254,-0.0038467679416465555,0.0,2.890151817353704e-05,-0.00025162240469306195,True
1.667,5.734876834465768e-06,-0.0004608768860080243,0.07474866490278065,0.006027815748921873,0.0,2.320162433953245e-05,-0.0003581963540162554,True
1.668,5.311372176384006e-06,-0.0003861352337934001,0.04616258675838861,0.0037422754117907926,0.0,1.9513905907407406e-05,-0.00031953213473970353,True
1.669,4.948320741517843e-06,-0.00033996556378194665,0.005276244830514813,0.0004703734921346727,0.0,1.8580011009517582e-05,-0.00028256973149854076,True
1.67,4.611004676047675e-06,-0.00033465524557507286,-0.03149009825536809,-0.002476368405729598,0.0,2.0058608596883155e-05,-0.00026351993593989035,True
1.671,4.260625091002577e-06,-0.00036608292887616706,0.029663663399220917,0.00240585437211058,0.0,1.75420857847362e-05,-0.00032024630901877823,True
1.672,3.909380025556086e-06,-0.0003364014506850305,0.021134011029382692,0.0017207215487284214,0.0,1.5651644852595157e-05,-0.0003087310441943308,True
1.673,3.5835527110567046e-06,-0.0003152462486345376,0.1000435433635017,0.008030157868043012,0.0,8.70592385026006e-06,-0.0003540693962917875,True
1.674,3.3183141119901134e-06,-0.0002152460024334028,-0.015579435707789975,-0.0012124547228993842,0.0,9.440941978308872e-06,-0.00024465281050695825,True
1.675,3.0952904998565745e-06,-0.00023078897299565014,-0.022364970558131497,-0.0017611770924125796,0.0,1.0599439244035e-05,-0.00024807989598431935,True
1.676,2.8533334917403986e-06,-0.0002531103898565708,-0.11263491360736261,-0.00898980633252047,0.0,1.757824568855261e-05,-0.0002026489560194728,True
1.677,2.543944337281595e-06,-0.00036562818870674414,-0.0574833320591447,-0.004596750949305317,0.0,2.0802142328395504e-05,-0.0002857397565727521,True
1.678,2.149603092810899e-06,-0.0004230251639656675,0.003352605228735161,0.000256138254293529,0.0,2.000520853423569e-05,-0.0003523641585226852,True
1.679,1.7282692196867818e-06,-0.0004196276319101173,-0.012436616903746346,-0.0010141758221745597,0.0,2.02594543022327e-05,-0.00034730486062155134,True
1.68,1.3024422340415511e-06,-0.0004320072763615791,0.04835147611037953,0.0038397211758797213,0.0,1.657621375449354e-05,-0.00039608152687421153,True
1.681,8.946143533017578e-07,-0.00038364528193771846,0.03638452855360102,0.002880827908814987,0.0,1.3773788337309522e-05,-0.00037434817648147563,True
1.682,5.291662831178567e-07,-0.0003472462538249453,-0.05617830474827875,-0.0045264089372251725,0.0,1.7048546511738137e-05,-0.00030580344113760263,True
1.683,1.5385845975121811e-07,-0.0004033412958514081,0.07123584087730843,0.005653235766958027,0.0,1.198787048350424e-05,-0.0004114603794101108,True
1.684,-2.1386826615279575e-07,-0.0003321161721263144,0.01812135779722839,0.001406005054332363,0.0,1.0509667632285607e-05,-0.00035312759303630177,True
1.685,-5.369160082227262e-07,-0.0003139717339014498,0.024846268867065844,0.0019403604131490845,0.0,8.64068076566287e-06,-0.00035195660559210446,True
1.686,-8.38459280337499e-07,-0.000289109717954966,-0.033888817328516944,-0.0027608908194820263,0.0,1.0631342298200381e-05,-0.0003066031554751589,True
1.687,-1.1444937826729877e-06,-0.0003229393535193947,-0.04732284673642992,-0.0038451813494248346,0.0,1.3443556362158131e-05,-0.0003130711391713503,True
1.688,-1.4910701839493197e-06,-0.0003701886407468434,0.045185365894581324,0.003543567371365797,0.0,1.019327956536353e-05,-0.0003919209094434905,True
1.689,-1.8386639805987732e-06,-0.00032499721549299264,0.03663152574355095,0.002858426441974139,0.0,7.589885859483479e-06,-0.00037058663460521094,True
1.69,-2.145342748262467e-06,-0.00028835797908706825,0.09298147259089085,0.007365298680312095,0.0,1.4109832802170683e-06,-0.00039183251835958724,True
1.691,-2.387223290037348e-06,-0.0001954172684854237,0.037982365791710986,0.002972169171897956,0.0,-1.0356188142813561e-06,-0.00031924462602019656,True
1.692,-2.5636518983426836e-06,-0.00015744282545807672,0.024681140487290722,0.0019094523657581203,0.0,-2.5523845691463543e-06,-0.0002928901388264591,True
1.693,-2.708754651022157e-06,-0.00013276340828988556,0.037344052735178455,0.0029228350261010913,0.0,-4.84671782111475e-06,-0.00028724445466116026,True
1.694,-2.822850738796301e-06,-9.543382080892275e-05,0.003085561967426111,0.00018458158559868476,0.0,-4.858820219381688e-06,-0.0002465432177678096,True
1.695,-2.9167390012236322e-06,-9.23399567407168e-05,0.007980216807241106,0.000574835247748377,0.0,-5.1865745028391925e-06,-0.00024355342714760885,True
1.696,-3.0050874572314703e-06,-8.435563828012975e-05,0.0711788691012319,0.005630095277274771,0.0,-9.598368162495387e-06,-0.0002748970971593375,True
1.697,-3.053868954156954e-06,-1.3223308766199422e-05,-0.0021447911959573424,-0.00022813973390335647,0.0,-9.141621102098063e-06,-0.00019491701441903006,True
1.698,-3.068163606728864e-06,-1.5364924952596195e-05,-0.038989247421141716,-0.0031762105296067682,0.0,-6.310716431506807e-06,-0.00016633801240617811,True
1.699,-3.1030124702426067e-06,-5.4321756395757414e-05,0.008807004838677556,0.0006421875518623466,0.0,-6.651860137385033e-06,-0.0002060513027533791,True
1.7,-3.1529309714082836e-06,-4.5515575495748353e-05,0.012015332233712412,0.000899011952152154,0.0,-7.191290783007444e-06,-0.00019942235877652153,True
1.701,-3.192440289943518e-06,-3.350458264723601e-05,0.030945173709744582,0.002414129421642915,0.0,-8.942249685224168e-06,-0.0002011795255222312,True
1.702,-3.210479053288512e-06,-2.579998480418311e-06,0.008066212605870971,0.0005871987856928343,0.0,-9.164290208875981e-06,-0.00016888962965514806,True
1.703,-3.20902794017002e-06,5.480155332899551e-06,-0.009084452840036346,-0.0007838611114860201,0.0,-8.26986812887867e-06,-0.0001490147381052925,True
1.704,-3.2080878612576113e-06,-3.5977633591899254e-06,0.04064774951392755,0.003193642648008464,0.0,-1.0621444860455763e-05,-0.00017789782761107998,True
1.705,-3.1913721541936085e-06,3.701839697089392e-05,-0.08133281278824687,-0.006559627514198727,0.0,-5.008992970322419e-06,-7.966892816652249e-05,True
1.706,-3.1950004632127874e-06,-4.425456141320451e-05,-0.03326026025363074,-0.0027236413759978745,0.0,-2.6616600715700633e-06,-0.00013709156105804726,True
1.707,-3.25587487206723e-06,-7.748366655882679e-05,0.02390395479224986,0.0018444125956957197,0.0,-4.079679904113195e-06,-0.000182643711342937,True
1.708,-3.3214098545293287e-06,-5.358981410583161e-05,-0.0008787396176036654,-0.00013651532448252093,0.0,-3.853522721014828e-06,-0.00015446762953250364,True
1.709,-3.3754368017388333e-06,-5.446183634235549e-05,-0.01497527371912673,-0.00126531518032252,0.0,-2.7197668703605456e-06,-0.00014269406802799062,True
1.71,-3.4373803505800697e-06,-6.941919928885114e-05,0.01572393497939515,0.0011877116481265088,0.0,-3.604398293570173e-06,-0.00016481536149228363,True
1.711,-3.4989390570569737e-06,-5.369983496162892e-05,0.026668087092827333,0.002064022084203766,0.0,-5.173522296751395e-06,-0.00016240771962197647,True
1.712,-3.5393097500184883e-06,-2.7046700141887664e-05,0.028625513957493968,0.0022230879370821583,0.0,-6.826975460067881e-06,-0.00014953039290429126,True
1.713,-3.5520501013697587e-06,1.5593239349075944e-06,0.05793356038371887,0.004570935047745043,0.0,-1.0334660404717814e-05,-0.00015225702514800346,True
1.714,-3.5215390767816644e-06,5.9447109653169515e-05,0.031444210771830496,0.0024592828115227497,0.0,-1.2033097406626823e-05,-0.00010742716047683213,True
1.715,-3.446380243067491e-06,9.085988644874903e-05,-0.019711840121340536,-0.0016280788677086077,0.0,-1.0373795967808567e-05,-5.683731280458868e-05,True
1.716,-3.3653745717368905e-06,7.115334502132461e-05,-0.036245319746625294,-0.002951663920618729,0.0,-7.689790478341337e-06,-4.842639387825888e-05,True
1.717,-3.3123371561069122e-06,3.492855325735121e-05,-0.021302776051540014,-0.0017596527265422435,0.0,-6.047041172038348e-06,-6.726527287469571e-05,True
1.718,-3.2880557767944923e-06,1.36386171326962e-05,0.026632487387104917,0.002073050621042016,0.0,-7.554251034403266e-06,-0.0001016389172268869,True
1.719,-3.2611083325292136e-06,4.0248608619686114e-05,0.005547412074131036,0.00038992284897931937,0.0,-7.655889951630153e-06,-7.387361960528063e-05,False
1.72,-3.218088964969226e-06,4.578712872189409e-05,-0.05124836441047169,-0.004152300298760554,0.0,-4.076734933761643e-06,-3.2056534197683e-05,True
1.721,-3.1979144470860284e-06,-5.426046634733271e-06,-0.006058155584071701,-0.0005428660323694525,0.0,-3.5216322980927284e-06,-7.735168574930139e-05,True
1.722,-3.2063677973462e-06,-1.1478823748924386e-05,0.036251503723321116,0.0028410282186635866,0.0,-5.722256661032276e-06,-0.00010363612597788654,True
1.723,-3.199729838274194e-06,2.4745437222021088e-05,0.016284384659194913,0.0012481250881133002,0.0,-6.570715045629175e-06,-7.383888079250868e-05,True
1.724,-3.1668473585640985e-06,4.101422207256826e-05,-0.03696769273245049,-0.0030094969644014853,0.0,-3.947660801905688e-06,-3.072800851012225e-05,True
1.725,-3.1443089352847395e-06,4.071014793458073e-06,-0.047385857340651094,-0.0038469776263119976,0.0,-7.208221343925735e-07,-3.610356959683462e-05,True
1.726,-3.1639187155030894e-06,-4.3278003031965624e-05,-0.0043840585551763655,-0.0004128685816570007,0.0,-3.6608743288590077e-07,-8.021805954105062e-05,True
1.727,-3.209385988791944e-06,-4.76537446571601e-05,0.03781989681025377,0.002962104347663188,0.0,-2.7541775442317966e-06,-0.00010735743477017658,True
1.728,-3.2381378046888033e-06,-9.858257508580546e-06,-0.026312748594764946,-0.002164489358966624,0.0,-9.235009668919287e-07,-5.0923744097277216e-05,True
1.729,-3.261145244546395e-06,-3.614918693859775e-05,0.06190711570478915,0.004889530739548666,0.0,-4.856463076776502e-06,-0.00011500638982184131,True
1.73,-3.2663555699007796e-06,2.5713266534823362e-05,0.06097360761380764,0.0048221798008305766,0.0,-8.623429548957392e-06,-8.77214359253708e-05,True
1.731,-3.2101722727581538e-06,8.663599076162891e-05,-0.0239874690721912,-0.0019663843077935474,0.0,-6.786826842878803e-06,-6.877441469991527e-06,True
1.732,-3.13552704466299e-06,6.265766065999093e-05,0.039028290431111036,0.003073342666964148,0.0,-9.083024193051589e-06,-5.192280112697944e-05,True
1.733,-3.0533677068725234e-06,0.00010164818670869467,-0.033080090595574256,-0.0026891700839646025,0.0,-6.6481448969208935e-06,1.251647812328713e-05,True
1.734,-2.96825479879195e-06,6.858270386268057e-05,0.0056741568900959966,0.00040873388929294635,0.0,-6.79069454704293e-06,-2.1111447829783736e-05,True
1.735,-2.896839058573663e-06,7.42446830876347e-05,-0.049018952963630076,-0.003964749978174215,0.0,-3.3879218447589477e-06,1.8464630229523067e-05,True
1.736,-2.8470939254039954e-06,2.5255964600051203e-05,-0.014910523008603762,-0.0012410588155935668,0.0,-2.2870019417952797e-06,-1.99565611288722e-05,True
1.737,-2.8292903030327127e-06,1.035433779698098e-05,-0.049615318811420527,-0.004018910209832594,0.0,1.0319901859742978e-06,-2.834279201892763e-06,True
1.738,-2.843731148461621e-06,-3.922309320402168e-05,-0.01794000663770835,-0.0014910944628734595,0.0,2.2101074380911877e-06,-4.1948346813499914e-05,True
1.739,-2.8919181231627303e-06,-5.7144569006267593e-05,-0.03879845859622416,-0.0031627885621956144,0.0,4.708435212878575e-06,-3.66065031951599e-05,True
1.74,-2.968449719636525e-06,-9.590606402122255e-05,-0.06244694480879119,-0.005060696407339299,0.0,8.672727662181044e-06,-3.8692764013927266e-05,True
1.741,-3.0955594696115124e-06,-0.0001582930731889124,0.03325941751859038,0.0025860381622515535,0.0,6.33298383187506e-06,-0.000125960451154112,True
1.742,-3.23722552382023e-06,-0.00012504203532240438,0.00042645510577804394,-3.915869520520915e-05,0.0,6.185214002797799e-06,-9.50805671658919e-05,True
1.743,-3.3620497548436372e-06,-0.00012460185594393106,0.0495175496724387,0.0038859348554946393,0.0,2.8634185812653597e-06,-0.00012783141814502727,True
1.744,-3.4619010041061405e-06,-7.5109270947325e-05,-0.0011844169006990516,-0.00016608068264351367,0.0,2.9167473523578504e-06,-7.796860379723976e-05,True
1.745,-3.537599360865284e-06,-7.628431018578045e-05,0.07801534850936019,0.006168396975030947,0.0,-2.160566924859535e-06,-0.00012863319432896195,True
1.746,-3.574893365124581e-06,1.6782102101954485e-06,0.007423328171701661,0.0005297195583891139,0.0,-2.528259002607738e-06,-5.314677628212876e-05,True
1.747,-3.5695054784676253e-06,9.095506801702411e-06,-0.04629077052247507,-0.0037664212795942187,0.0,5.931258918744403e-07,-1.5365926748797948e-05,True
1.748,-3.5835436955519155e-06,-3.7159851107342394e-05,-0.0205435843023927,-0.0017124497128442318,0.0,1.9629156138409395e-06,-4.924371233328832e-05,True
1.749,-3.6309686192723806e-06,-5.7683087300432715e-05,0.035779934232134984,0.0027901153329478443,0.0,-3.5191627233904243e-07,-9.279194385931539e-05,True
1.75,-3.670768854218213e-06,-2.1924829365561974e-05,0.02154942915775279,0.001655249513720428,0.0,-1.6822259437467848e-06,-6.959105350183974e-05,True
1.7510000000000001,-3.681923734495044e-06,-3.89896434940912e-07,-0.0015064346966803014,-0.00018683619052752782,0.0,-1.4832671594887563e-06,-4.583648483315764e-05,True
1.752,-3.6830664430724203e-06,-1.8951015807641794e-06,0.036806919489966186,0.0028780309510322995,0.0,-3.771620682120492e-06,-6.932252779545892e-05,True
1.7530000000000001,-3.666567557212636e-06,3.4883060381087965e-05,-0.046636801148110134,-0.0037927563406329077,0.0,-5.936748809001477e-07,-1.184685744621888e-06,True
1.754,-3.6549921129817264e-06,-1.172095538929528e-05,-0.007556829376329413,-0.0006717427227867396,0.0,-3.292885367889679e-08,-4.3058007606652884e-05,True
1.7550000000000001,-3.6704890843440182e-06,-1.9270518884074095e-05,0.0539989211858098,0.0042515324290805035,0.0,-3.474532027121603e-06,-8.404659084297924e-05,True
1.756,-3.6627734211695048e-06,3.4688066721188894e-05,0.028142030458533016,0.0021895950831081327,0.0,-5.149014992432434e-06,-4.528045659726935e-05,True
1.7570000000000001,-3.614022936234585e-06,6.280404628767044e-05,-0.0008498479825146706,-0.00012550376589887571,0.0,-4.901469008113397e-06,-1.3869681540306659e-05,True
1.758,-3.5516459478570787e-06,6.194780542663929e-05,-0.03706109741606695,-0.0030213836836955866,0.0,-2.3160964583323806e-06,1.0666762325014972e-05,True
1.7590000000000001,-3.508221404062371e-06,2.4908913175562314e-05,-0.01414183396198151,-0.001191505632650576,0.0,-1.2856762083791746e-06,-1.6794448086004982e-05,True
1.76,-3.490380674889375e-06,1.0775409409298675e-05,0.04190035101765426,0.0032904942783934486,0.0,-3.913607877286201e-06,-5.6469729630791574e-05,True
1.7610000000000001,-3.45866635787296e-06,5.264156918077363e-05,0.0577557474222744,0.004564520787641932,0.0,-7.498664162255363e-06,-4.828692223256777e-05,True
1.762,-3.3771638632820077e-06,0.00011034593812110261,-0.046119071145864325,-0.0037370731286336897,0.0,-4.260181268075098e-06,4.2118727335002684e-05,True
1.7630000000000001,-3.2898696393443614e-06,6.425075967785433e-05,0.025700312592534576,0.0020045174450559105,0.0,-5.762538434612168e-06,-1.8543453503041186e-05,True
1.764,-3.2127777954793758e-06,8.992361916886184e-05,-0.04026412912078085,-0.0032681694956808336,0.0,-2.9529365391528486e-06,3.501902007544935e-05,True
1.7650000000000001,-3.1429791720083438e-06,4.9681070662781576e-05,-0.006665422057212044,-0.0005838456611935799,0.0,-2.3965005552954157e-06,-2.0982005523801424e-07,True
1.766,-3.0966309464967153e-06,4.3015308717237355e-05,0.07406296494575164,0.0058744596756692595,0.0,-7.085231046173083e-06,-5.203025657914901e-05,True
1.7670000000000001,-3.0166049709139063e-06,0.00011701514221152034,0.05601450096063882,0.004440903004440038,0.0,-1.048030790271072e-05,-9.057680584848838e-06,True
1.768,-2.871601488154201e-06,0.0001729723969485848,-0.0069796165586696966,-0.0005893014638465211,0.0,-9.70612795093631e-06,5.635304668064725e-05,True
1.7690000000000001,-2.7021235738337064e-06,0.00016597882472153429,-0.03246117263712117,-0.0026256145763321167,0.0,-7.305051793353405e-06,7.362152194517715e-05,True
1.77,-2.552373140729165e-06,0.00013352453924165767,0.03455072997788778,0.0027341386264068965,0.0,-9.311903464316585e-06,2.233888509088212e-05,True
1.7710000000000001,-2.401587200147553e-06,0.00016803306072201964,-0.0621399526718404,-0.004994260816063246,0.0,-5.004067482685551e-06,9.976567663399469e-05,True
1.772,-2.2646143029136617e-06,0.00010592312430490705,-0.06677931217687198,-0.005370397256685615,0.0,-5.137520020542874e-07,8.051174510694223e-05,True
1.7730000000000001,-2.1920674907012727e-06,3.91844637532437e-05,-0.006430257142245765,-0.0005491756505618949,0.0,-5.451558858562759e-08,1.7016570849317023e-05,True
1.774,-2.1560979571404013e-06,3.2754861880986324e-05,-0.10996516905375478,-0.008832092704103192,0.0,7.098521455708858e-06,7.872370202989637e-05,True
1.7750000000000001,-2.178298395726509e-06,-7.71274369274828e-05,-0.02473558116700061,-0.002027311156914424,0.0,8.53889627835227e-06,-2.0305729437187413e-05,True
1.776,-2.2677843185708072e-06,-0.00010183487645519488,-0.036259316617735474,-0.0029537856323277357,0.0,1.0688632523360696e-05,-2.668139743491946e-05,True
1.7770000000000001,-2.387735634598119e-06,-0.00013805420299030239,-0.018542277680058714,-0.0015429279601862998,0.0,1.1635050192889988e-05,-5.661607480590835e-05,True
1.778,-2.535050993672291e-06,-0.00015656636305494474,-0.07545597543572051,-0.006100896916310335,0.0,1.624530943139945e-05,-3.358177931145298e-05,True
1.7790000000000001,-2.729319911088565e-06,-0.00023194534273555755,-0.04319156043589857,-0.003532286034399747,0.0,1.8645066681845414e-05,-9.0060720932428e-05,True
1.78,-2.9828411405916714e-06,-0.0002750768269033717,-0.010763895221174385,-0.0009478119774530055,0.0,1.8884123073414982e-05,-0.00013511116414761668,True
1.7810000000000001,-3.2632868127166815e-06,-0.00028580131979922364,-0.007121873365446694,-0.0006627851902405427,0.0,1.8885613666670867e-05,-0.00014969218014269808,True
1.782,-3.5526365090999887e-06,-0.0002928854515840791,0.00420390680405531,0.00023721883297053551,0.0,1.8158313819461138e-05,-0.0001675531712923027,True
1.7830000000000001,-3.843410118190519e-06,-0.0002886519211356539,0.10893057088381498,0.008610626058041491,0.0,1.0671538886892205e-05,-0.00023876808032710336,True
1.784,-4.077614177150972e-06,-0.00017977463267742104,0.03753189887625953,0.0029075818989907545,0.0,8.014789283627442e-06,-0.0001564176878122123,True
1.7850000000000001,-4.238625852687275e-06,-0.00014225206088832462,-0.03665410954077924,-0.0030256942759173087,0.0,1.0237604385643919e-05,-9.877454442968332e-05,True
1.786,-4.399190132170786e-06,-0.00017886132503076472,0.04626395794737271,0.003600467854407051,0.0,7.032111261834535e-06,-0.0001686100395061466,True
1.7870000000000001,-4.554924768820259e-06,-0.0001326136698420197,-0.014818185497518887,-0.001283357126021318,0.0,7.87197622690102e-06,-0.00011524093597898616,True
1.788,-4.694938718185641e-06,-0.00014740528068855286,0.015119375473484725,0.00110735250726881,0.0,6.752242076933129e-06,-0.00014253552919134136,True
1.7890000000000001,-4.834782705682884e-06,-0.0001322812311356747,-0.015288546716076785,-0.0013259835737247155,0.0,7.63455389963115e-06,-0.00012014915225306751,True
1.79,-4.9746992874571315e-06,-0.0001475428703608149,0.03719627991275695,0.0028684526614030296,0.0,5.095556290003522e-06,-0.00016150931910843046,True
1.7910000000000001,-5.103648131376702e-06,-0.00011035927756345152,0.020089481403736335,0.001502049732626512,0.0,3.7349132108321576e-06,-0.00013808290483253007,True
1.792,-5.203963740143154e-06,-9.02731995500182e-05,0.03837922934308646,0.0029658342161783383,0.0,1.2275802727289476e-06,-0.00014271163960965532,True
1.793,-5.275053892060671e-06,-5.19140279152436e-05,-0.015123500345081968,-0.0013110606810134786,0.0,2.2543781443629277e-06,-9.446056415131178e-05,True
1.794,-5.334523802862376e-06,-6.701978729877285e-05,0.03701097748095122,0.0028568143955487214,0.0,-1.2272115167061406e-07,-0.00013315306137888082,True
1.795,-5.38304518537362e-06,-3.0030405231490347e-05,-0.0159082801933663,-0.001373160877433808,0.0,9.926279315215152e-07,-8.521604674939512e-05,True
1.796,-5.4210244802651265e-06,-4.59227873963264e-05,-0.0023162970738890253,-0.00028839294104345345,0.0,1.1980133270196532e-06,-9.968307218129579e-05,True
1.797,-5.468103094167258e-06,-4.823209768517567e-05,0.020065244130896328,0.0015010058230544745,0.0,-5.132779808169281e-08,-0.0001144575036210447,True
1.798,-5.506305964303166e-06,-2.8177223550840655e-05,0.011421955947747087,0.000811261701636209,0.0,-7.067652302301542e-07,-0.00010071111402482176,True
1.799,-5.528774115129508e-06,-1.6761089496693962e-05,0.019160706002900017,0.0014313272154200668,0.0,-1.8457048515759124e-06,-0.00010023878344911469,True
1.8,-5.5359591913314015e-06,2.3864198164491287e-06,-0.07511019907245374,-0.006108176820862291,0.0,3.1524947360090656e-06,-3.2779893812424606e-05,True
1.801,-5.57110848584206e-06,-7.266492857548142e-05,0.0034658533355772557,0.0001682685226719656,0.0,2.92690296399912e-06,-0.00011164538193298504,True
1.802,-5.642038662467567e-06,-6.91936326374035e-05,0.04593003945323168,0.0035645432244176298,0.0,-4.231552033901686e-08,-0.00013749756308892422,True
1.803,-5.688276590388208e-06,-2.3291964334118883e-05,0.006303317505611436,0.0003990813861018328,0.0,-3.642591178207717e-07,-9.44977367775475e-05,True
1.804,-5.708417657180444e-06,-1.699098916373023e-05,0.03855747857180682,0.00297980784921565,0.0,-2.7667358628344752e-06,-0.00011146775723486831,True
1.805,-5.706139267366353e-06,2.153805142681852e-05,0.010081914294984723,0.0007064272029574017,0.0,-3.2603321768087223e-06,-7.710312193223332e-05,True
1.806,-5.679563680217433e-06,3.1609608502857255e-05,0.025836900803184334,0.0019685130710311756,0.0,-4.761871808260439e-06,-8.111397003630052e-05,True
1.807,-5.635043505252728e-06,5.7422618921620064e-05,-0.02170213859244981,-0.0018307111562199396,0.0,-3.1445627641235524e-06,-3.899073223361103e-05,True
1.808,-5.588468481210415e-06,3.573110532299726e-05,-0.005040956436043236,-0.0004995812149064867,0.0,-2.6509263984143937e-06,-5.598947074696544e-05,True
1.809,-5.5552578864939345e-06,3.069009894386316e-05,-0.06242598996312642,-0.005090391027133741,0.0,1.5459751814060479e-06,-2.0678784857079428e-05,True
1.81,-5.5557657470900555e-06,-3.169020655458941e-05,-0.09124008287797589,-0.007403013238472242,0.0,7.4965048228012144e-06,-2.723555128246868e-05,True
1.811,-5.633051150303792e-06,-0.00012285491133614147,0.05234514140822757,0.0040714738025924005,0.0,3.987313347991139e-06,-0.00015488454228659358,True
1.812,-5.729742457717988e-06,-7.053715662211783e-05,0.03608875123351001,0.002775500275647223,0.0,1.6269439206009255e-06,-0.0001258530987286637,True
1.813,-5.782241951708437e-06,-3.446887942189784e-05,-0.0013295359548055228,-0.00021457949704582145,0.0,1.7545847787586495e-06,-8.890026943148533e-05,True
1.814,-5.817373962285734e-06,-3.579349316484139e-05,-0.04868378768874778,-0.004003710965600747,0.0,4.94673093126407e-06,-6.0309442593682415e-05,True
1.815,-5.877495384748975e-06,-8.443493730973986e-05,-0.055820622177706,-0.004581576883619131,0.0,8.516319029259932e-06,-7.649103137478059e-05,True
1.816,-5.989822994784091e-06,-0.00014020212923766123,0.04266237464989067,0.003288348902576621,0.0,5.612335168044775e-06,-0.00016273752540800688,True
1.817,-6.10869974264238e-06,-9.755756945514898e-05,0.07016516320627958,0.005491549552800186,0.0,1.0066823067640026e-06,-0.00016535318620082987,True
1.818,-6.171189265968661e-06,-2.7436663504207116e-05,-0.036760429459042884,-0.003055208163131372,0.0,3.4520056123467005e-06,-7.159578869285097e-05,True
1.819,-6.216995584423235e-06,-6.416507391489327e-05,0.062214473605351026,0.004857552159038677,0.0,-5.790651208280456e-07,-0.00014851015194480784,True
1.82,-6.250067147293987e-06,-1.992354308510391e-06,-0.00470639129778639,-0.0004892515949912243,0.0,-1.6649923077119875e-07,-8.204513089526051e-05,True
1.821,-6.254411402287103e-06,-6.694817196122749e-06,-0.011044456731065598,-0.0009969393217899504,0.0,6.454576881494025e-07,-7.940789277504307e-05,True
1.822,-6.266625333266713e-06,-1.772982809188569e-05,-0.01068782637701371,-0.0009699529455309239,0.0,1.412552365433366e-06,-8.375992018141027e-05,True
1.823,-6.289695638774894e-06,-2.8407248541321897e-05,-0.10119244073684486,-0.008212018650270495,0.0,8.02192833100448e-06,-3.174804372276461e-05,True
1.824,-6.3686718055097705e-06,-0.00012951684685182812,0.011493962544433127,0.000789338889433255,0.0,7.1554454313944305e-06,-0.0001441783181082877,True
1.825,-6.492439796197932e-06,-0.00011801736808153082,-0.014723880149570562,-0.0013089364124669915,0.0,8.01252706893952e-06,-0.00012608206905038253,True
1.826,-6.617810862736514e-06,-0.00013271638903999847,0.007494591570321592,0.0004645207634116703,0.0,7.409321230215186e-06,-0.00014864315925724428,True
1.827,-6.746776924200157e-06,-0.00012521277358901422,-0.008956601294659255,-0.0008529956210390248,0.0,7.890025179997772e-06,-0.0001382320572600726,True
1.828,-6.876460982439517e-06,-0.00013414824603719355,0.0049293995006742496,0.00025447787284556543,0.0,7.4603662697585105e-06,-0.00015326334596741422,True
1.829,-7.008140778154471e-06,-0.00012920764260045402,-0.014308842662689607,-0.0012863588641340035,0.0,8.290525010400175e-06,-0.0001420792810050686,True
1.83,-7.1444942886020435e-06,-0.000143490694493746,0.09895580808266147,0.007770644866078832,0.0,1.763550725831075e-06,-0.00022117695132460819,True
1.831,-7.238527357556868e-06,-4.4596639900175116e-05,0.01432881245741994,0.0010106599073695507,0.0,8.952234523301533e-07,-0.00013032875763697576,True
1.832,-7.2759616346738815e-06,-3.027409108798041e-05,0.012508994605003583,0.000866119368045599,0.0,1.6854151801666791e-07,-0.0001234330575776772,True
1.833,-7.299983336954431e-06,-1.777153820618994e-05,0.028587247489390375,0.0021534475145013076,0.0,-1.5799171602277783e-06,-0.00012807763953092506,True
1.834,-7.303467997370418e-06,1.0795206607303807e-05,-0.027318498502135424,-0.002315646879330625,0.0,3.398755360787782e-07,-8.092963844042863e-05,True
1.835,-7.306325361508182e-06,-1.6503003417158755e-05,0.014230069851752614,0.001004911371223003,0.0,-4.834499821283152e-07,-0.00011696555125888702,True
1.836,-7.315716400959209e-06,-2.2822783857910136e-06,-0.013176833675315011,-0.0011861034626487615,0.0,4.906586915747234e-07,-9.363349893915379e-05,True
1.837,-7.3245835941234065e-06,-1.5448483991470594e-05,0.0696202249402843,0.005435921672449546,0.0,-3.924802625554558e-06,-0.0001499673075431751,True
1.838,-7.3052394377627775e-06,5.4118680130747104e-05,0.07383749465904015,0.005781999504459171,0.0,-8.495354376619142e-06,-0.00012339698334822477,True
1.839,-7.214223183669883e-06,0.00012789197232377595,0.03809537082001577,0.0029331206849740566,0.0,-1.0629591851754678e-05,-6.835185072601265e-05,True
1.84,-7.067298197501946e-06,0.00016594297800522157,0.08852703308819362,0.006974864436861082,0.0,-1.597601186960866e-05,-7.992175582738863e-05,True
1.841,-6.857120876880528e-06,0.0002543816728256719,-0.01869405171211376,-0.0015884265120138697,0.0,-1.4237075086248196e-05,2.8459786453305616e-05,True
1.842,-6.612090918629306e-06,0.00023567373204786736,-0.016828558041325114,-0.0014370214319955929,0.0,-1.2670015118625297e-05,2.6552764564654784e-05,True
1.843,-6.3848359367233265e-06,0.00021883192016829893,0.0335138035844325,0.002592437070313776,0.0,-1.4410085192440593e-05,-5.5782874715426165e-06,True
1.844,-6.149264007383379e-06,0.00025229473931320703,0.038608593958909886,0.0030082761332974753,0.0,-1.6437553331357237e-05,1.0645204490219226e-05,True
1.845,-5.877684439080049e-06,0.0002908445761233031,-0.0012896793069994295,-0.00017407131532859888,0.0,-1.5830763305506142e-05,5.766075196567056e-05,True
1.846,-5.587495270802186e-06,0.00028952320887159615,0.020252249000095875,0.0015543477901978223,0.0,-1.664069939822283e-05,5.062172146596191e-05,True
1.847,-5.287862041507891e-06,0.00030972696291623267,0.0777634644283961,0.006163062873074494,0.0,-2.1159434940033918e-05,2.9802693262117543e-05,True
1.848,-4.9392851193912955e-06,0.0003873943937394631,-0.03445658625174531,-0.0027989467050399328,0.0,-1.8293421233199003e-05,0.00013881628718316838,True
1.849,-4.569124606672983e-06,0.00035292136889455256,0.04784530171943871,0.0037877304589023298,0.0,-2.0841972420033306e-05,8.190866132769633e-05,True
1.85,-4.192306221896724e-06,0.00040068932865462166,0.0005276747727458825,1.4835189264084158e-05,0.0,-2.0263321533039718e-05,0.00013859611759094693,True
1.851,-3.791368212887035e-06,0.0004011715339221818,0.021879567732803504,0.0017302613748629756,0.0,-2.1090078716202945e-05,0.00013385479279026926,True
1.852,-3.37927760635117e-06,0.0004229887719186112,0.004905989946484341,0.00038241085143465956,0.0,-2.0802028591804205e-05,0.00016150953396292035,True
1.853,-2.9538529676211898e-06,0.00042784333881464704,-0.00927014548283962,-0.0007434397913865933,0.0,-1.9610521877553403e-05,0.00018062727908194315,True
1.854,-2.5306583360817127e-06,0.00041853238241967974,0.012956753738241098,0.0010412123349001785,0.0,-1.989784501049738e-05,0.000170978184788966,True
1.855,-2.1056666253149467e-06,0.0004314318774591589,-0.0036794293682379468,-0.00028048452341960573,0.0,-1.9106825497309513e-05,0.00019417317292611945,True
1.856,-1.6760896811612548e-06,0.00042770683324157597,0.048604968260624465,0.003909552666578044,0.0,-2.1730966205141262e-05,0.00016758776450692925,True
1.857,-1.2241089991379126e-06,0.0004762254526096798,-0.0791598878074719,-0.006297677932269073,0.0,-1.6015774505182544e-05,0.0002744138964126156,True
1.858,-7.874608175148606e-07,0.00039707432373241417,-0.04229872683512152,-0.0033504235226770995,0.0,-1.2848992618252594e-05,0.00022668372080938262,True
1.859,-4.115397746365223e-07,0.000354764242402163,-0.00427972451207753,-0.00030721396782140025,0.0,-1.2236094877798957e-05,0.0001910663703892814,True
1.86,-5.8927583508294816e-08,0.00035044799616754254,-0.031078038293314084,-0.002445250000428171,0.0,-9.909363443668484e-06,0.00021021883180716953,True
1.861,2.759763145935256e-07,0.0003193550143503855,-0.01378271393991163,-0.0010593269398082009,0.0,-8.770776674165166e-06,0.0001904901327301228,True
1.862,5.884315742511458e-07,0.00030554723993499145,-0.06260680233766935,-0.004961286749884828,0.0,-4.504975918310422e-06,0.00021810449874625444,True
1.863,8.626801920625317e-07,0.00024295535898520804,0.05198389684941099,0.00420339463448823,0.0,-7.78086294450262e-06,0.00012319373643873054,True
1.864,1.131604913613288e-06,0.00029487102116026054,0.040761205816997506,0.003316649876344071,0.0,-1.0245899117204224e-05,0.00015242630768983967,True
1.865,1.446834915548982e-06,0.00033556698816619425,0.061078775551464196,0.004952613111176961,0.0,-1.3965742552082615e-05,0.00015874430423595985,True
1.866,1.8129128758664893e-06,0.0003965599570859365,-0.004314056976618305,-0.00026490493151355514,0.0,-1.3355454357073346e-05,0.0002278959822493022,True
1.867,2.207302057596436e-06,0.00039220470583014384,0.03340527213120277,0.0027592177722325748,0.0,-1.521114413013813e-05,0.00020722222965849826,True
1.868,2.6161860359703765e-06,0.00042553958462248856,-0.05547567034531293,-0.004339897528822869,0.0,-1.1265972005945657e-05,0.0002807499776603309,True
1.869,3.0139862174710873e-06,0.00037005973063372215,-0.0079270798907707,-0.0005355074716711298,0.0,-1.0513084158270168e-05,0.00023315274681337132,True
1.87,3.3800705914666734e-06,0.00036209727999282843,-0.15022758705404404,-0.011913914020077984,0.0,-5.682485585799347e-07,0.00032181468120774496,True
1.871,3.667079455573029e-06,0.00021194722180435294,0.01304639247642518,0.0011351524949308512,0.0,-1.4712961661755248e-06,0.00016076360230714033,True
1.872,3.885538545890336e-06,0.0002249595138063789,-0.04834601215611296,-0.0037707461370062455,0.0,1.6236362247737783e-06,0.00020324352697409886,True
1.873,4.086329156014848e-06,0.00017662625983059954,-0.05304562374398027,-0.004148900823530483,0.0,4.937056107902038e-06,0.00018533126735463388,True
1.874,4.236439736708152e-06,0.0001236025279886016,0.03425739436703922,0.0028316797679825167,0.0,2.504281426315732e-06,0.00010691826535926057,True
1.875,4.377157446223601e-06,0.00015781906038913175,-0.015356954186476993,-0.0011308292136394387,0.0,3.348961073051269e-06,0.00014868112834997633,True
1.8760000000000001,4.527296095294338e-06,0.00014245644817806297,0.03674611566552139,0.003038275356738377,0.0,7.939092558082146e-07,0.00010758334749065549,True
1.877,4.688110733612846e-06,0.00017915762304585253,0.05814823513421323,0.004757743718707592,0.0,-3.0810142605163838e-06,0.00010694546887720132,True
1.8780000000000001,4.896320681587254e-06,0.0002372399450968829,-0.12843641440765172,-0.01015831058693194,0.0,5.231654635070672e-06,0.0002458161949675024,True
1.879,5.069366827472629e-06,0.00010887794695405627,-0.005289416650708208,-0.0003188393755276626,0.0,5.341558653937222e-06,0.00011598519901965184,True
1.8800000000000001,5.175597356155978e-06,0.0001035804511701282,0.1069926827964001,0.008665005030263231,0.0,-1.8260199559016721e-06,4.0620737278083556e-05,True
1.881,5.332642524717451e-06,0.00021047727358715438,-0.027667880663169445,-0.002092185614778183,0.0,-8.019298162252871e-08,0.00016567215015171158,True
1.8820000000000001,5.529285141797781e-06,0.00018280750381588742,0.02908911902948846,0.002448593555369343,0.0,-2.060587152482897e-06,0.00011866328329956124,True
1.883,5.726622810154607e-06,0.00021185317170709688,0.09219429539350525,0.007504045222668054,0.0,-8.07833992360124e-06,9.057856340302082e-05,True
1.8840000000000001,5.9845412837915506e-06,0.00030395108012317313,-0.04266129547935322,-0.003268707765625229,0.0,-5.2026721803208566e-06,0.0002128286888862319,True
1.885,6.267161383557873e-06,0.00026128918645764414,-0.03218497370027824,-0.0024306342887432998,0.0,-3.087103099305043e-06,0.00019110864934751592,True
1.8860000000000001,6.512356633455477e-06,0.0002291001656637989,-0.08874893493340878,-0.006955200355390848,0.0,2.6321268309512526e-06,0.00021426504382805918,True
1.887,6.697096754552866e-06,0.0001403953243488888,0.0018420114303867162,0.00028475609493475553,0.0,2.3269604066451397e-06,0.00012141909972812235,True
1.8880000000000001,6.838407344167568e-06,0.0001422200996540086,-0.00516949131667256,-0.00027340156118030757,0.0,2.4823919426352026e-06,0.00012459975347779256,True
1.889,6.978038707261643e-06,0.0001370386857641888,-0.007925935104281068,-0.0004920254693200732,0.0,2.8104419437103778e-06,0.00012239217908097062,True
1.8900000000000001,7.111111343496443e-06,0.00012910358028222726,-0.02153748363529156,-0.0015795062570065214,0.0,4.009746226282571e-06,0.00012577624489206794,True
1.891,7.2294469266579624e-06,0.00010756853211492834,0.0010228641827370033,0.000224867403152595,0.0,3.714030824604445e-06,0.00010089055636364343,True
1.8920000000000001,7.337522593347483e-06,0.00010857849601982007,-0.023561067365110853,-0.0017397805630062352,0.0,5.01750409111868e-06,0.00011427256218052787,True
1.893,7.43432259446103e-06,8.502376475399784e-05,-0.06448819289513862,-0.005015034773140312,0.0,8.93606452022893e-06,0.00012778839126689087,True
1.8940000000000001,7.48711579615119e-06,2.05767701096355e-05,0.02540650051824112,0.0021697573382031673,0.0,6.9259271951996335e-06,4.235031789206067e-05,True
1.895,7.520388457751216e-06,4.596095956091731e-05,0.04503643899619028,0.0037437974270820543,0.0,3.69823093696964e-06,3.642164454222473e-05,True
1.8960000000000001,7.588854236816372e-06,9.095678258371208e-05,0.03803013822905637,0.00318992524849725,0.0,1.01048734887961e-06,5.6150123217264445e-05,True
1.897,7.698812818412567e-06,0.00012894676007268625,-0.05180163718232262,-0.0039900787326456605,0.0,4.212683037490844e-06,0.00012594959747477607,True
1.8980000000000001,7.801867357397145e-06,7.717139681641852e-05,0.006543606191621743,0.0006731826753808583,0.0,3.5482080725572103e-06,6.733997694279912e-05,True
1.899,7.882305967832823e-06,8.370117527504021e-05,-0.0645465785284635,-0.0050118006338230854,0.0,7.505789733515577e-06,0.00011224494867746989,True
1.9000000000000001,7.93374745194417e-06,1.919598966666952e-05,7.751530901968425e-05,0.00015131219761657015,0.0,7.170555046641395e-06,4.343949414437768e-05,True
1.901,7.952981459587414e-06,1.9271285534644352e-05,-0.04863000255881242,-0.0037449339841682627,0.0,9.999676145860677e-06,7.042585791442718e-05,True
1.9020000000000001,7.947949630288298e-06,-2.9322607389653172e-05,-0.020094705834704914,-0.001468032086317962,0.0,1.0904974462632206e-05,2.9282669158315742e-05,True
1.903,7.908585979347168e-06,-4.939819965866491e-05,-0.03002334825505352,-0.002265441096735072,0.0,1.2430291863881555e-05,2.281328085771975e-05,True
1.9040000000000001,7.844185741790065e-06,-7.939236221025227e-05,-0.018129555682286715,-0.0013186961946959463,0.0,1.3145786584092156e-05,-1.6783301639036697e-06,True
1.905,7.755736278489657e-06,-9.749872116423215e-05,-0.017371275899578785,-0.0012617986654931967,0.0,1.3794933252148812e-05,-1.4862165711991378e-05,True
1.9060000000000001,7.649560078252733e-06,-0.00011484536126616962,-0.06642478050329166,-0.005190071802206724,0.0,1.7606471016020485e-05,3.059739114954484e-06,True
1.907,7.501523854521072e-06,-0.00018120494561970214,0.11710634621802413,0.009481790533348945,0.0,9.42993901690335e-06,-0.00014439716903958167,True
1.9080000000000001,7.378848511167818e-06,-6.417039847209983e-05,0.005185201725571813,0.0005399349634301138,0.0,8.725499479233932e-06,-3.316255732979494e-05,True
1.909,7.317271774620466e-06,-5.898206257709427e-05,0.058267416247269395,0.004786026344215469,0.0,4.602893142401011e-06,-6.763096238119817e-05,True
1.9100000000000001,7.287410523516399e-06,-7.538763981335058e-07,-0.003834001138143279,-0.00017563716679594319,0.0,4.614663107430896e-06,-7.976706456300048e-06,True
1.911,7.284740668893565e-06,-4.584775038308113e-06,-0.06537652677306174,-0.005099546982809453,0.0,8.613071021640914e-06,2.730730256233387e-05,True
1.9120000000000001,7.247484753240899e-06,-6.990932862253096e-05,0.013216612397617927,0.0011793945979330666,0.0,7.414000508531198e-06,-5.02027901071228e-05,True
1.913,7.184182924614118e-06,-5.6695258260007914e-05,0.002825054677576043,0.00034851623585793664,0.0,6.921687752534009e-06,-4.130237156771727e-05,True
1.9140000000000001,7.128901586484097e-06,-5.386605226548724e-05,-0.05541074346906361,-0.004311003175240234,0.0,1.0216217391320684e-05,-6.380292706944427e-06,True
1.915,7.047346548670377e-06,-0.00010922712531530584,0.06970839659479157,0.005690416710421556,0.0,5.3190640964884735e-06,-0.00010956267361408246,True
1.9160000000000001,6.972959642053455e-06,-3.956131431196282e-05,0.011056054285388582,0.0010052502586706132,0.0,4.354353568514619e-06,-4.768383118978181e-05,True
1.917,6.938924971249567e-06,-2.8509513873985838e-05,-0.03169826535470538,-0.0024143817205588163,0.0,6.185915791721749e-06,-1.796476412860439e-05,True
1.9180000000000001,6.894575612169948e-06,-6.0179623961515256e-05,-0.09188024590416063,-0.007233538866189174,0.0,1.186772292814192e-05,5.271721501629174e-06,True
1.919,6.788481943970983e-06,-0.00015198078450141,0.0070303186986373145,0.0006663804767422936,0.0,1.0991811366014584e-05,-9.62948100150316e-05,True
1.92,6.640020193131261e-06,-0.00014493891037368063,-0.00832311860443469,-0.0005637217941232542,0.0,1.1136757435903445e-05,-8.797517649678513e-05,True
1.921,6.490927314654894e-06,-0.00015323918070437096,-0.04416692165514566,-0.0034349057424323893,0.0,1.3602441024709736e-05,-7.285200844846824e-05,True
1.922,6.315621869091956e-06,-0.00019735410823917368,-0.04039069711570294,-0.003141257068601281,0.0,1.57604747354275e-05,-9.72983109236624e-05,True
1.923,6.098090282849135e-06,-0.00023769082313384042,-0.025118763327976384,-0.0019282583399228873,0.0,1.6875164390636347e-05,-0.000128315632622435,True
1.924,5.847855500939001e-06,-0.00026276308920703673,-0.004734571434132122,-0.00030503588641851216,0.0,1.6643913485977433e-05,-0.0001570126227472257,True
1.925,5.582736203521237e-06,-0.000267464388555734,0.08386156792449348,0.006777318958996173,0.0,1.0684515970993316e-05,-0.00022010229883640242,True
1.926,5.357190881348944e-06,-0.0001836387536807797,-0.014476425334583097,-0.0010837212413440604,0.0,1.1259223001243756e-05,-0.00012982067372016782,True
1.927,5.1663245523373725e-06,-0.0001980831360175652,-0.00726976003980223,-0.0005123569375642135,0.0,1.1354999626766576e-05,-0.00014353754269227724,True
1.928,4.964615846544433e-06,-0.00020532490125396352,-0.0042011003089388104,-0.00027136392762778063,0.0,1.1252925894532527e-05,-0.0001518830597244099,True
1.929,4.757199181198955e-06,-0.0002094996078162976,-0.0261153841616103,-0.0020287411006051984,0.0,1.2576722408132981e-05,-0.00014339627221281805,True
1.93,4.5346565058205065e-06,-0.0002355708801529401,0.015800113367707678,0.0013173643809030304,0.0,1.1153605270329188e-05,-0.00018366974353429587,True
1.931,4.306990416273567e-06,-0.00021975671502609374,-0.006261779430822488,-0.0004497873327760061,0.0,1.1201711463296382e-05,-0.00016720912106493296,True
1.932,4.084112672880544e-06,-0.00022598885601880233,0.018370592507171376,0.0015160427659633036,0.0,9.656689060722554e-06,-0.0001883433506612239,True
1.933,3.867312821369271e-06,-0.00020760731238766793,0.020754772514668025,0.001705080554471569,0.0,8.002385682911332e-06,-0.00018537256080473943,True
1.934,3.6700852962703126e-06,-0.00018684553218131634,0.09436567860828701,0.007592894360134069,0.0,1.6275048253923314e-06,-0.0002250695837741576,True
1.935,3.530405140221975e-06,-9.253311929491615e-05,-0.045902916928293146,-0.0036197900360548456,0.0,4.512385284636149e-06,-0.00010029691306908322,True
1.936,3.4149359329193183e-06,-0.00013838950159658902,0.003218030725787114,0.00030230456466392617,0.0,4.13972289627486e-06,-0.00014902686468507226,True
1.937,3.278159799970801e-06,-0.00013515844302765842,-0.026494001956210326,-0.0020767322932606705,0.0,5.703967424121865e-06,-0.00012948951326429358,True
1.938,3.12976629190393e-06,-0.0001616163941940677,0.012590684579795824,0.0010441965923346484,0.0,4.696813211831246e-06,-0.00016497315827122483,True
1.939,2.974448033813376e-06,-0.00014901744728860512,0.004417390447159532,0.00038904920670677077,0.0,4.2486855445269025e-06,-0.00015545145355022632,True
1.94,2.8276437224605494e-06,-0.0001445867779868852,-0.03725284326252695,-0.0029466802873562925,0.0,6.514253393351073e-06,-0.00012804243001631984,True
1.941,2.664445601777091e-06,-0.00018179404207007725,0.002056311097410362,0.0001906496235764073,0.0,6.175266759874397e-06,-0.00016817698515445532,True
1.942,2.483685996812906e-06,-0.00017971890826481393,-0.011224710861135544,-0.0008748367899399888,0.0,6.708629070274709e-06,-0.00016018846228460282,True
1.943,2.29836438040635e-06,-0.00019091457629684185,0.046836162026296056,0.0037653537717953775,0.0,3.4696365283678327e-06,-0.00020198380910482945,True
1.944,2.130862897995896e-06,-0.00014409381212169488,0.04594077969630447,0.003696326650413681,0.0,3.783297033422819e-07,-0.00018316418400451747,True
1.945,2.0097329656312026e-06,-9.817299012830649e-05,-0.04953689408238235,-0.003938557092024624,0.0,3.5567228631865283e-06,-0.00010446217764348968,True
1.946,1.8868080525560958e-06,-0.00014765985513504734,0.063828555996991,0.005122527842089084,0.0,-6.91870774303847e-07,-0.00019416741859118876,True
1.947,1.7710514610398602e-06,-8.38649352845127e-05,0.02733676386787762,0.0022087562434947856,0.0,-2.4607296944610544e-06,-0.00014482343350024344,True
1.948,1.7008509635347022e-06,-5.654025818920901e-05,-0.059711774760839324,-0.004753111494506226,0.0,1.4576808592331663e-06,-7.739088780368551e-05,True
1.949,1.6144724195732579e-06,-0.0001161986765097516,0.04866709856552444,0.0039084845476131036,0.0,-1.7483947502293959e-06,-0.00016708680983813448,True
1.95,1.5225990296964438e-06,-6.755681809999094e-05,-0.036931269976068555,-0.002935201633722947,0.0,6.77836383358439e-07,-9.266206705870672e-05,True
1.951,1.436588684624923e-06,-0.0001044514233827905,0.012733308646353894,0.0010319891172256253,0.0,-1.7699227303279255e-07,-0.00013669087534116264,True
1.952,1.3385045295166558e-06,-9.171639239405714e-05,0.0185300978053118,0.0014954949388689567,0.0,-1.3829033736909373e-06,-0.00013382254618916697,True
1.953,1.256051819593286e-06,-7.319056682985951e-05,0.031695443729911905,0.0025494615631260487,0.0,-3.4080531267653227e-06,-0.00013279472830778207,True
1.954,1.1987035002111266e-06,-4.151184082015983e-05,0.005897475855526123,0.000488393310547471,0.0,-3.706928795680857e-06,-0.00010155667709634155,True
1.955,1.1601404243240886e-06,-3.561433918991649e-05,-0.06913785321639893,-0.005514419450376871,0.0,8.632428304128284e-07,-4.956486691694352e-05,True
1.956,1.0899764197118698e-06,-0.00010469376967290256,-0.0373765073204964,-0.0029830642624456465,0.0,3.254215108454284e-06,-9.515871871213282e-05,True
1.957,9.666080119503643e-07,-0.00014202908611459888,-0.02445140777310922,-0.0019557571679673833,0.0,4.74559943167006e-06,-0.00011778804085550807,True
1.958,8.123648858342278e-07,-0.00016644527827116694,0.0014682297496576946,0.00011210751452509163,0.0,4.520333444112535e-06,-0.00014415906575369002,True
1.959,6.466595811107433e-07,-0.00016495948877708942,-0.006462691363651068,-0.0005251705752853428,0.0,4.8174661605023355e-06,-0.00013931725389781984,True
1.96,4.784766059676098e-07,-0.0001713985450566209,0.00742873336134168,0.0005823434224079568,0.0,4.209405643882466e-06,-0.0001512619836747593,True
1.961,3.1079692649553547e-07,-0.00016395638649191544,0.1038188767832848,0.008291429720960674,0.0,-2.623597528989244e-06,-0.00020892187117408083,True
1.962,1.987292061659732e-07,-6.020078970816576e-05,-0.033650028031565075,-0.0026956492115791982,0.0,-3.665326503707648e-07,-8.067443476050468e-05,True
1.963,1.217143839463959e-07,-9.381756282625994e-05,-0.05931580818652417,-0.0047543319035500495,0.0,3.493516374983912e-06,-7.629183737344124e-05,True
1.964,-1.7421866569382428e-09,-0.00015307613471451852,-0.00012065198053337573,-2.805265396823717e-05,0.0,3.417224537610471e-06,-0.00013639258959612807,False
1.965,-1.5487287787650847e-07,-0.0001531794795952813,-0.059298755925152845,-0.004765069723365438,0.0,7.178736168824295e-06,-9.984434384062577e-05,True
1.966,-3.376806183024081e-07,-0.00021241433789138828,-0.06900591097872864,-0.005552040849974702,0.0,1.1470869840132677e-05,-0.00011866137580376392,True
1.967,-5.845720571937104e-07,-0.0002813420503023997,0.08226944461110211,0.006537272225822395,0.0,5.8524466253739414e-06,-0.0002433236621976169,True
1.968,-8.247901697444809e-07,-0.00019910572515798074,0.0346555976708037,0.0027337089035899377,0.0,3.4730583375374833e-06,-0.00018308952882977855,True
1.969,-1.0065696179489742e-06,-0.00016445501702608395,0.07945994207541025,0.006318942510866609,0.0,-1.7419210573454482e-06,-0.00019778702396911645,True
1.97,-1.1313091016599695e-06,-8.503912603855059e-05,-0.08268408135848909,-0.006645294767633632,0.0,3.688250606331251e-06,-6.402069353372044e-05,True
1.971,-1.2576656421744311e-06,-0.00016764856506271985,-0.013166864186300352,-0.0010961049442706943,0.0,4.471259653334571e-06,-0.0001396798065245477,True
1.972,-1.4318879409456645e-06,-0.0001807862149662736,-0.11630589354468658,-0.009351939812307902,0.0,1.1916964693367926e-05,-8.127365545933833e-05,True
1.973,-1.6707901698060657e-06,-0.0002969802365868249,0.004997994094910521,0.0003341276761459135,0.0,1.1308688223397245e-05,-0.00020579739229214264,True
1.974,-1.9652615726490043e-06,-0.0002919527834468512,0.07559747097560439,0.005977388635727047,0.0,6.148208285303357e-06,-0.00025147655957012834,True
1.975,-2.2194242774910315e-06,-0.0002163819873589263,0.05179526263911758,0.004077705535651496,0.0,2.6721817058401072e-06,-0.00020875684217290665,True
1.976,-2.409913951789186e-06,-0.00016460316226623084,-0.0028826910722380863,-0.00029374611638319996,0.0,2.834302966308768e-06,-0.00015450907794465143,True
1.977,-2.575951541859938e-06,-0.00016746507612783962,0.06805469503297,0.00537791266574878,0.0,-1.6006065637070918e-06,-0.00019972626329485055,True
1.978,-2.7094006381923123e-06,-9.944511669078969e-05,0.011494556056263547,0.0008588618590107274,0.0,-2.2506799477402734e-06,-0.0001361709653171995,True
1.979,-2.803097729384404e-06,-8.794842619112343e-05,-0.042150655914027044,-0.003433062043394018,0.0,5.929118268062269e-07,-9.608570186576916e-05,True
1.98,-2.91210725782858e-06,-0.00013005601638248744,0.03856807329333014,0.003017421210859598,0.0,-1.8671473835563773e-06,-0.00016170866607031337,True
1.981,-3.022884362270954e-06,-9.150367618994632e-05,-0.052547324271258355,-0.004269178301364339,0.0,1.642592259997317e-06,-8.804153213166533e-05,True
1.982,-3.1406446459595216e-06,-0.0001439993517936875,-0.024384553619995586,-0.0020245758154421607,0.0,3.2353737064282926e-06,-0.00012548920545394718,True
1.983,-3.2968245541549624e-06,-0.00016834852087789935,0.010079583690906268,0.0007268220307923641,0.0,2.5551630906247667e-06,-0.0001566676175333217,True
1.984,-3.4601295859323357e-06,-0.00015825794140979953,0.007509740917731193,0.0005195059879025374,0.0,2.062096939957233e-06,-0.00015115541609707543,True
1.985,-3.6146286715709815e-06,-0.00015073631660082049,0.05682773594868766,0.004463067201814637,0.0,-1.6101626509036093e-06,-0.00017874055339309024,True
1.986,-3.7369602040717268e-06,-9.393636055158279e-05,0.005876946750890675,0.00039161809313177306,0.0,-1.8816301815515015e-06,-0.0001232130252252577,True
1.987,-3.827956093737424e-06,-8.80534771674645e-05,-0.04470418160237242,-0.003655804155137163,0.0,1.1318606779557582e-06,-8.756240317360549e-05,True
1.988,-3.938346769982847e-06,-0.00013271257136261892,0.005849529274695052,0.00038114659155239866,0.0,7.911629327890778e-07,-0.00013581619205864422,True
1.989,-4.068131118526225e-06,-0.00012685272381290382,-0.03212868434994566,-0.0026587434349866737,0.0,2.9215700035089616e-06,-0.00010924522345487963,True
1.99,-4.2110350989553855e-06,-0.0001589418562402226,-0.08383192612931535,-0.0068014257448752525,0.0,8.345999796830775e-06,-8.97882363687998e-05,True
1.991,-4.41186522412918e-06,-0.00024268992682423518,0.04534310734104095,0.003518912222030043,0.0,5.260151849527843e-06,-0.00020534468855678558,True
1.992,-4.631886256441017e-06,-0.000197355220449007,0.02637930299826075,0.002003287660791041,0.0,3.4889834482934174e-06,-0.00017728310859767594,True
1.993,-4.81605126700409e-06,-0.00017097448957247428,0.07473250175256484,0.005871394278650417,0.0,-1.3640600329541022e-06,-0.00019770036192122536,True
1.994,-4.949672473297722e-06,-9.628158489329003e-05,0.028609124422529487,0.002188082059095805,0.0,-3.0971288248103064e-06,-0.00013846106596439593,True
1.995,-5.0316533045838145e-06,-6.768415256581485e-05,0.02686326133193578,0.0020503690487644563,0.0,-4.669573796386092e-06,-0.0001239876732895456,True
1.996,-5.085910254419726e-06,-4.0834424708116856e-05,-0.018217406375795595,-0.0015538390256081768,0.0,-3.2790684453887723e-06,-8.256546383244495e-05,True
1.997,-5.135847128167152e-06,-5.9032900727152125e-05,-0.009902721239287666,-0.0008917468955372804,0.0,-2.4640771165418998e-06,-9.250029499361258e-05,True
1.998,-5.199826609020379e-06,-6.892118980665195e-05,0.00719572316980542,0.0004737904318452686,0.0,-2.7778809487413347e-06,-0.00010508093627948331,True
1.999,-5.265149219382813e-06,-6.172338075596925e-05,-0.01755685656041686,-0.001506728016472956,0.0,-1.4791328923211706e-06,-8.488355483369592e-05,True
2.0,-5.3356441624964825e-06,-7.925947808748455e-05,0.05167983737970369,0.004028834258080861,0.0,-4.699428120539486e-06,-0.00013339231477855947,True
2.001,-5.389074150391109e-06,-2.7611405686127287e-05,0.039839629823790274,0.003086853682513847,0.0,-7.065722613086017e-06,-0.00010323509768402944,True
2.0020000000000002,-5.3967750357949335e-06,1.2199971156262819e-05,-0.016906947731621883,-0.0014482337726353077,0.0,-5.692820536897095e-06,-4.8717468024801485e-05,True
2.003,-5.3930246121772965e-06,-4.695040952285906e-06,-0.01984091580179818,-0.0016849111120773202,0.0,-4.167185046315137e-06,-5.033514814662771e-05,True
2.004,-5.40763479065502e-06,-2.4519812110262715e-05,0.005731997082000446,0.00035827996287501386,0.0,-4.339191917775853e-06,-7.155281814180542e-05,True
2.005,-5.429289171275506e-06,-1.8789569617640375e-05,-0.07395016196476635,-0.006015994910618384,0.0,6.550320722974593e-07,-1.7302927429310193e-05,True
2.0060000000000002,-5.485033943640465e-06,-9.267941290018848e-05,-0.055802595070840316,-0.004574059746200777,0.0,4.3401605125163795e-06,-5.703981238143274e-05,True
2.007,-5.605596711334791e-06,-0.0001484276648877908,-0.017533784143312563,-0.0015214147920555663,0.0,5.44907482354269e-06,-0.00010390042097515651,True
2.008,-5.7627811581626e-06,-0.00016593095878864652,0.04991312258464176,0.0038694080308697763,0.0,2.16152369018741e-06,-0.00015458671781533887,True
2.009,-5.90376227711819e-06,-0.00011603846512109488,-0.039072283715655576,-0.003245975034055105,0.0,4.728585799417002e-06,-8.031551090088176e-05,True
2.0100000000000002,-6.039322403575899e-06,-0.0001550669476010027,-0.01688606995667162,-0.0014782014335102162,0.0,5.791501532640177e-06,-0.00011084593485211797,True
2.011,-6.202822195084006e-06,-0.00017192229059713988,-0.05444271560402548,-0.004487698722705207,0.0,9.261134058197101e-06,-9.60478953996302e-05,True
2.012,-6.401945282839563e-06,-0.00022630282327414967,-0.0115883657075578,-0.0010694606104886342,0.0,9.864632777591219e-06,-0.00014736039251125584,True
2.013,-6.634030801148056e-06,-0.0002378566219481425,0.091528728202659,0.0071743429071582775,0.0,3.7758837457094608e-06,-0.00021983049829583806,True
2.0140000000000002,-6.826137874399464e-06,-0.0001463731907404731,-0.04257254122697514,-0.0035462385627860584,0.0,6.540323123593046e-06,-0.00010198889068619823,True
2.015,-6.99378081055544e-06,-0.00018889576480250297,0.12236081584611129,0.009640309721322604,0.0,-1.450948966000769e-06,-0.0002234602394995263,True
2.016,-7.121520812365337e-06,-6.661001903568759e-05,-0.014686551263277687,-0.0013111046779690737,0.0,-3.4820573379097085e-07,-8.954842518385468e-05,True
2.017,-7.195467802146283e-06,-8.127752081706865e-05,0.03616349854823819,0.0027538081609223743,0.0,-2.5681417339850524e-06,-0.0001261999564237432,True
2.0180000000000002,-7.258669903442275e-06,-4.5133347471111274e-05,-0.0001731285482172845,-0.00014992234381587706,0.0,-2.3739657789199885e-06,-8.793105410478884e-05,True
2.019,-7.303888078432666e-06,-4.5301264881776356e-05,-0.08334503548731653,-0.006804508976182924,0.0,3.2030364708331484e-06,-3.469274110066084e-05,True
2.02,-7.390838553092734e-06,-0.0001285756059908924,0.0012561546514832335,-4.797179455591762e-05,0.0,3.1511057162394297e-06,-0.00012058342386025048,True
2.021,-7.5187815876781025e-06,-0.00012730598280019239,0.03565758171426558,0.0027019917506270175,0.0,8.739555537330346e-07,-0.00014243819748621756,True
2.0220000000000002,-7.628263252779406e-06,-9.166215256582571e-05,0.0036703865796593846,0.0001453227295148224,0.0,7.315173562468171e-07,-0.00010864628330674044,False
2.023,-7.7180877276761e-06,-8.798434829173815e-05,0.0067719637066830625,0.00039227339564146664,0.0,3.931558152669748e-07,-0.00010903919003341428,True
2.024,-7.802684551781931e-06,-8.120782167115136e-05,-0.04297981862062475,-0.0035885787501825934,0.0,3.287745529152197e-06,-7.519246272917401e-05,True
2.025,-7.90536809475097e-06,-0.00012414467986239446,-0.014506460897290541,-0.0013177108590722482,0.0,4.261542910165899e-06,-0.00011059469321378205,True
2.0260000000000002,-8.036757590128986e-06,-0.0001386257637335082,0.04166604849652719,0.003171987151451833,0.0,1.572359790078741e-06,-0.00015264213394765704,True
2.027,-8.154555936322653e-06,-9.697692314817428e-05,-0.01960631976993,-0.0017269248192259884,0.0,2.9261186779922895e-06,-9.863892470735598e-05,True
2.028,-8.261327300533814e-06,-0.00011655690659593882,-0.028024495486852784,-0.002404650359149344,0.0,4.790277548777402e-06,-0.00010187123556204601,True
2.029,-8.391884819402043e-06,-0.00014454623823376706,0.10249978014699526,0.008031582936422333,0.0,-1.8487853262262759e-06,-0.00019568404584784479,True
2.0300000000000002,-8.48520232538218e-06,-4.2110882338605515e-05,0.03182261610022815,0.0023880223402807403,0.0,-3.730011928544349e-06,-0.00011077969316813459,True
2.031,-8.51140857211245e-06,-1.0308578706952635e-05,-0.020014967544244266,-0.0017556397872823997,0.0,-2.2027324105026875e-06,-6.418042260543429e-05,True
2.032,-8.531719058658983e-06,-3.030663341625523e-05,0.02962049325775738,0.002212431721554778,0.0,-3.931749485148181e-06,-0.00010153496456480026,True
2.033,-8.547221989412312e-06,-7.060466321199452e-07,-0.009233694721949803,-0.0008926302991612603,0.0,-3.097545816207738e-06,-6.384913398678183e-05,True
2.0340000000000003,-8.552542462814677e-06,-9.932394151454343e-06,-0.00665596762802129,-0.0006876150618705418,0.0,-2.452987787513153e-06,-6.740571126423308e-05,True
2.035,-8.56580074268743e-06,-1.6582006072316286e-05,-0.009044068706971858,-0.0008796997506548003,0.0,-1.6711624245837919e-06,-6.718581450544517e-05,True
2.036,-8.58690181656375e-06,-2.5617091711482378e-05,-0.05827432829220654,-0.004819584547080048,0.0,2.278696062817407e-06,-3.9097011997460136e-05,True
2.037,-8.641640002699953e-06,-8.384267202544212e-05,-0.023696479759008886,-0.002061329021412363,0.0,3.8832099569176124e-06,-8.39989528901598e-05,True
2.0380000000000003,-8.737321627630844e-06,-0.00010751107294658639,-0.07180840174027862,-0.005914845257273236,0.0,8.562507858764673e-06,-6.473271414270004e-05,True
2.039,-8.880714252722046e-06,-0.00017925086578446316,-0.06703123395234319,-0.005543861676630587,0.0,1.280880251590947e-05,-9.906398198713813e-05,True
2.04,-9.0934566361538e-06,-0.00024620918438739543,0.015550006137115768,0.0010507731693920057,0.0,1.1594971538218103e-05,-0.00018180978699683224,True
2.041,-9.331885619915569e-06,-0.0002306437334438802,0.060389588109382386,0.004635515859578845,0.0,7.5129149686501035e-06,-0.0002084969814830811,True
2.0420000000000003,-9.532341571296073e-06,-0.0001702757438344201,-0.018314290660739474,-0.0016571584904026178,0.0,8.641827087273475e-06,-0.00013907670617193296,True
2.043,-9.711763328962797e-06,-0.00018855647328405007,0.04735301032441367,0.0035908023092376773,0.0,5.4893847736765126e-06,-0.0001904887750087071,True
2.044,-9.876648506616175e-06,-0.00014121953276955972,-0.002964157848825309,-0.00043185864495746306,0.0,5.683498278031804e-06,-0.0001428566693142463,True
2.045,-1.0019344056013016e-05,-0.00014416547857965662,0.02123201412209464,0.0015009130793297784,0.0,4.307113242354969e-06,-0.00016117498267261858,True
2.0460000000000003,-1.0152893628416667e-05,-0.0001229339659065392,0.004335775431912427,0.00014935787333270948,0.0,4.064111755055266e-06,-0.00014392735081432206,True
2.047,-1.0273656222497562e-05,-0.00011858778025112144,0.03704981298101474,0.002764828692846089,0.0,1.7102068123240726e-06,-0.00016399925170530795,True
2.048,-1.0373724257205879e-05,-8.155379486026254e-05,0.047254935696123365,0.003583881363676932,0.0,-1.2401888169133968e-06,-0.00015635805588400592,True
2.049,-1.0431659779416418e-05,-3.43268833387856e-05,-0.05075680704629055,-0.004252433665733394,0.0,2.2382243606779905e-06,-7.611176908201036e-05,True
2.05,-1.0491350619214568e-05,-8.503988008192313e-05,0.004834727494755663,0.00018772910282476005,0.0,2.0227855303553267e-06,-0.0001309957105975758,True
2.051,-1.0573971201303671e-05,-8.019939596132118e-05,-0.00818730703223383,-0.000854939971717531,0.0,2.657718711047711e-06,-0.00012154630231330195,True
2.052,-1.0658259121616364e-05,-8.83712410352732e-05,0.003017923042467663,3.898063028408573e-05,0.0,2.5508354841887996e-06,-0.00013250779076886412,True
2.053,-1.0745118870942443e-05,-8.53457567818355e-05,0.02520090576494719,0.0018124188307049914,0.0,1.0109989881146299e-06,-0.00014592170174464766,True
2.054,-1.0817867509698449e-05,-6.0155090155893746e-05,0.07979093643490157,0.006181334688798846,0.0,-4.022782107741935e-06,-0.00017025281831284196,True
2.055,-1.083814556496068e-05,1.9579807009363954e-05,-0.029778741740437934,-0.0025750363825632035,0.0,-1.823726434596857e-06,-6.905394233324406e-05,True
2.056,-1.0833448141719574e-05,-1.0177697558357279e-05,0.06343267220649625,0.004878390386261745,0.0,-5.722155552856659e-06,-0.00013753252805596074,True
2.057,-1.0811925568556689e-05,5.320619137837805e-05,-0.03388748341319329,-0.002899228590324078,0.0,-3.212435686723816e-06,-4.961582753650875e-05,True
2.058,-1.0775656326979814e-05,1.9339398109674017e-05,-0.036789613444188185,-0.0031348101616475305,0.0,-5.83087176049432e-07,-5.9311139227492974e-05,True
2.059,-1.0774702921690742e-05,-1.742343289362634e-05,0.025272636039981984,0.0018257754186608904,0.0,-2.0449231011499667e-06,-0.00011175592647774786,True
2.06,-1.0779495936151324e-05,7.831270249699006e-06,0.06394974360329413,0.00492288831384277,0.0,-5.973114198560915e-06,-0.00012498617463320267,True
2.061,-1.0739706668631943e-05,7.172979863961274e-05,0.015367131117192796,0.0010446633451768022,0.0,-6.6497169096760325e-06,-6.7220288576396e-05,True
2.062,-1.0660299977701448e-05,8.707676891601069e-05,-0.03273365154367563,-0.002800128310822755,0.0,-4.1939530208813634e-06,-2.8316298763855708e-05,True
2.063,-1.0589584811489502e-05,5.4359090875181585e-05,0.006427238493205296,0.00033008964375463444,0.0,-4.342375116447183e-06,-6.348613892944826e-05,True
2.064,-1.0532015805531632e-05,6.077515828164264e-05,0.037195211446502285,0.002793333650214411,0.0,-6.481120477693142e-06,-7.823330174296256e-05,True
2.065,-1.0452654963761441e-05,9.793425982843144e-05,0.07769447137573873,0.006039162031890805,0.0,-1.118745474098994e-05,-8.62222216301211e-05,True
2.066,-1.031589728412234e-05,0.00017555656622670547,0.0010655891180751593,-7.93722337209847e-05,0.0,-1.0806132352604812e-05,-3.592562386060466e-06,True
2.067,-1.0139814780526343e-05,0.00017660157675073373,0.05504765821924557,0.00424248818070026,0.0,-1.3935098788523106e-05,-3.21862622469396e-05,True
2.068,-9.935710267567287e-06,0.00023158604974772578,-0.006729594127083133,-0.0006894199890131348,0.0,-1.2981942151590763e-05,3.34987567191582e-05,True
2.069,-9.707495951245712e-06,0.00022483571254383193,0.039512067290664706,0.0030132107416360136,0.0,-1.505387961420642e-05,7.516114264138577e-06,True
2.07,-9.462922877972214e-06,0.0002642913991031188,0.03332214980683602,0.002527154340635756,0.0,-1.6673530265330737e-05,3.291821669793327e-05,True
2.071,-9.1819889509852e-06,0.0002975576037811945,0.004502141577538934,0.0002306024375391245,0.0,-1.638772368901701e-05,7.064035106350674e-05,True
2.072,-8.88219259796187e-06,0.00030202274386510763,0.06461216414085125,0.005045336393768599,0.0,-2.000858689926236e-05,4.162470794137759e-05,True
2.073,-8.54789184635472e-06,0.0003665500920251935,-0.0029433379089995357,-0.00034534307491132456,0.0,-1.9161911906237657e-05,0.00011686833559387456,True
2.074,-8.182826400605534e-06,0.00036356785530722763,0.07889359264004987,0.006207824678629957,0.0,-2.364544045839283e-05,7.247274918962984e-05,True
2.075,-7.779845833289498e-06,0.0004423584708621603,-0.016423635598571667,-0.001400845056381485,0.0,-2.1841039266145677e-05,0.0001719278293545778,True
2.076,-7.345711504107848e-06,0.00042589802273661486,-0.03924036872252668,-0.0032203445421476818,0.0,-1.8614496013949093e-05,0.00018843185647130832,True
2.077,-6.939439456627305e-06,0.0003866406513098025,0.0005595000344932239,-3.375302930265728e-05,0.0,-1.8059629301567817e-05,0.00015560500962802856,True
2.078,-6.552533693955414e-06,0.000387156236446167,-0.042860267597556886,-0.0035003082659222085,0.0,-1.4713560239643054e-05,0.00018967701034278578,True
2.079,-6.186810991358749e-06,0.00034428617154675425,-0.014285673164986275,-0.0012129021104577491,0.0,-1.3314469779039608e-05,0.00016057299960689115,True
2.08,-5.8496768582772015e-06,0.00032997303048324685,-0.10418951791318952,-0.00840085885284616,0.0,-6.134821766802728e-06,0.0002156277292706533,True
2.081,-5.5717839417105055e-06,0.0002258284171127963,-0.03821342943915542,-0.0031302670560296873,0.0,-3.4263312260190977e-06,0.00013563306837990896,True
2.082,-5.3650607966814645e-06,0.00018761967282742575,-0.01917026241791901,-0.001607677727034496,0.0,-2.0274653799096528e-06,0.00010921327568877839,True
2.083,-5.187028317672725e-06,0.00016844340299806078,-0.05670731303309556,-0.004609738344005986,0.0,1.7625748081898001e-06,0.00012478650033374074,True
2.084,-5.046930182307082e-06,0.00011176178406567902,-0.0017296014625645846,-0.00021580144619881276,0.0,1.8873613085235409e-06,6.658101195132259e-05,False
2.085,-4.936036940014708e-06,0.00011002097728654683,-0.051439232583377736,-0.004190784754316098,0.0,5.227221315420524e-06,9.481881417958149e-05,True
2.086,-4.8517263660308055e-06,5.860986142811149e-05,0.06273669499380448,0.004938637708287177,0.0,1.0801845102975315e-06,3.4670605898321145e-07,True
2.087,-4.761766620600093e-06,0.00012129058636630409,0.018052964336046473,0.0013730802180768728,0.0,-6.223385078529143e-08,5.085287380447126e-05,True
2.088,-4.631458779552265e-06,0.0001393157031529166,-0.0026074426451830994,-0.0002752437852682387,0.0,1.623993233408008e-07,6.962432161146551e-05,True
2.089,-4.493451344040692e-06,0.0001366946479288919,-0.06069713384421683,-0.004920249473978611,0.0,4.1418045846053215e-06,0.00010362013699655357,True
2.09,-4.387094649532203e-06,7.602991844421968e-05,-0.006936847425030041,-0.0006247919074806765,0.0,4.530329885835678e-06,4.3767937524370335e-05,True
2.091,-4.314534206258798e-06,6.908998206072552e-05,0.07408799803605162,0.005857669025018758,0.0,-3.411118720776889e-07,-1.2367563967000404e-05,True
2.092,-4.208422024711537e-06,0.0001431118970622383,0.033966652434138295,0.0026587540259337245,0.0,-2.4842820019651427e-06,4.0469220145999915e-05,True
2.093,-4.0483409730319595e-06,0.00017703572270609752,-0.03132327162105495,-0.0025574875804742396,0.0,-3.4303710274002564e-07,9.439269356154392e-05,True
2.094,-3.886965400949406e-06,0.00014571719934781046,-0.06146481679152563,-0.004969664656617402,0.0,3.690704561400301e-06,0.00010022121377506396,True
2.095,-3.7719701356686574e-06,8.42843766461117e-05,-0.08441502351586198,-0.006810983218513461,0.0,9.101075864124552e-06,8.815610774193597e-05,True
2.096,-3.729874543026536e-06,-7.36811320340596e-08,0.031406016109940926,0.002445334705284953,0.0,6.863122535760737e-06,-2.151765496753964e-05,True
2.097,-3.7142533563327077e-06,3.130762368118299e-05,-0.04516329189864781,-0.0036761629974640716,0.0,9.64527128775462e-06,3.448345211622332e-05,True
2.098,-3.7055168422016957e-06,-1.3823640606426778e-05,-0.03364246489317958,-0.002759755331486768,0.0,1.1606543220074748e-05,4.828081600851932e-06,True
2.099,-3.736152474202234e-06,-4.743807126276988e-05,0.04771170888098363,0.003743993397391518,0.0,8.246039244290023e-06,-6.46321547189677e-05,True
2.1,-3.7597452835154558e-06,2.414178901046952e-07,0.09400627362002574,0.007452855444645594,0.0,1.97764505951614e-06,-7.921569402721055e-05,True
2.101,-3.712525111929246e-06,9.417367230728534e-05,0.027771853325204186,0.0021662236546784825,0.0,1.675711876444416e-07,-3.0166178313296348e-06,True
2.102,-3.604476243868598e-06,0.0001219130774454145,0.017418654518025916,0.0013432413583458881,0.0,-9.248226179534885e-07,1.3557874068143845e-05,True
2.103,-3.4738629255206885e-06,0.00013930431368343985,0.06896394298278698,0.005471302423605598,0.0,-5.328817461659744e-06,-1.1921450684315852e-05,True
2.104,-3.3000997433559927e-06,0.0002081983117440042,-0.004493332119993813,-0.00039388456757063236,0.0,-4.858863470786284e-06,6.231805412618155e-05,True
2.105,-3.0941547371441184e-06,0.0002036851061481727,-0.06609360479905545,-0.005318740956455249,0.0,-4.144900473589404e-07,0.00010051068528068078,True
2.106,-2.923506931890163e-06,0.00013762062073640382,-0.0921138846939929,-0.007405219425805087,0.0,5.593385723865877e-06,9.074525977263244e-05,True
2.107,-2.8319245289355775e-06,4.5563764314868825e-05,0.05977911262113339,0.004736822019887615,0.0,1.5993853026327426e-06,-4.247355732823757e-05,True
2.108,-2.756488415913608e-06,0.00010529070170948768,-0.047617020041977966,-0.003846343510639544,0.0,4.668506780403915e-06,4.634645217837972e-05,True
2.109,-2.674997824945295e-06,5.769932182041396e-05,-0.041994032551424296,-0.003400748646344509,0.0,7.2898435488495606e-06,2.18957426312068e-05,True
2.11,-2.6382867940485125e-06,1.5731854839059418e-05,-0.029317143643412827,-0.002390972831185212,0.0,9.019259182028085e-06,-5.875510468054976e-06,True
2.111,-2.6372064993688366e-06,-1.356398228398505e-05,0.04913031378936133,0.003881327708286189,0.0,5.620877174208512e-06,-7.038894779933617e-05,True
2.112,-2.626217554868721e-06,3.5529186338723495e-05,-0.1058718035376618,-0.008512752696639933,0.0,1.2354498223230888e-05,4.23626306923075e-05,True
2.113,-2.643598151570126e-06,-7.026328077908642e-05,0.03900072916220297,0.0030640419725544853,0.0,9.52336509742719e-06,-9.450757105494645e-05,True
2.114,-2.694368546040967e-06,-3.1285348454365605e-05,0.012187806841113627,0.0009227716716458289,0.0,8.50628861964923e-06,-6.707495445852527e-05,True
2.115,-2.7195619783839517e-06,-1.910361682307597e-05,-0.027306749160938778,-0.0022357844825047824,0.0,1.0075571519096242e-05,-4.162639391926026e-05,True
2.116,-2.752311173542455e-06,-4.638672488082332e-05,0.017176377605953315,0.0013190022003668023,0.0,8.722011030403796e-06,-8.438740830680787e-05,True
2.117,-2.790112424283088e-06,-2.9218650949995608e-05,0.0006526518650832867,-1.5161125444321244e-06,0.0,8.476056153059909e-06,-7.128859506845987e-05,True
2.118,-2.81900382323241e-06,-2.856322739158157e-05,-0.007926755072145335,-0.0006883100618768,0.0,8.79318011785319e-06,-6.937464994731876e-05,True
2.119,-2.851527302181744e-06,-3.648053164171407e-05,-0.02156978423085083,-0.0017812878937043435,0.0,9.986319056783945e-06,-6.771877089037994e-05,True
2.12,-2.8987857657913367e-06,-5.802923642817094e-05,-0.03202113446426338,-0.0026208324092966946,0.0,1.1825437471609254e-05,-7.380338913041315e-05,True
2.121,-2.9728150916915392e-06,-9.001864224928832e-05,0.03789535610642711,0.0029673155797938066,0.0,9.087618936143561e-06,-0.0001347179581671496,True
2.122,-3.0438925070097174e-06,-5.2142991618838443e-05,-0.0065768548695821685,-0.0005871956136870091,0.0,9.305537115027759e-06,-9.607992564811507e-05,True
2.123,-3.0993202661792704e-06,-5.870880682095596e-05,0.03980356465458567,0.0031214523507571124,0.0,6.514325657713521e-06,-0.00013127270539151393,True
2.124,-3.1381354102362684e-06,-1.892997011752467e-05,0.05828880596320314,0.004604346443257896,0.0,2.6014933975694968e-06,-0.00012986835427595853,True
2.125,-3.127935380958986e-06,3.931508541775679e-05,-0.08420366506354772,-0.006787878231690949,0.0,8.02402454151769e-06,-1.9339828707564118e-05,True
2.126,-3.1307017694043057e-06,-4.4826723845849715e-05,-0.02538104273063666,-0.002092215257161712,0.0,9.490724459095497e-06,-9.168220926540505e-05,True
2.1270000000000002,-3.18821075341522e-06,-7.0182748842181e-05,0.00403025725491099,0.0002566108569703435,0.0,9.013974489023687e-06,-0.00012353371870374194,True
2.128,-3.2563767877339477e-06,-6.614777232582375e-05,0.04565025993649327,0.003585468280061152,0.0,5.855304539892528e-06,-0.0001513399582215842,True
2.129,-3.299708786736725e-06,-2.0526005807249687e-05,0.014233458749183766,0.0010768188210765702,0.0,4.817446661372035e-06,-0.0001161324605389472,True
2.13,-3.3131209842017882e-06,-6.301442192768009e-06,-0.028152578156970334,-0.002312598603336391,0.0,6.553469309297841e-06,-8.578068354102357e-05,True
2.1310000000000002,-3.333491179821918e-06,-3.443115299485746e-05,0.019087038281038846,0.00146282848288693,0.0,5.183266954065165e-06,-0.00012837874505215648,True
2.132,-3.358382471903351e-06,-1.535526656862911e-05,-0.0029648487757695965,-0.00029948141854406354,0.0,5.27886782463341e-06,-0.00010891436299080464,True
2.133,-3.375218818523605e-06,-1.8316055149086407e-05,0.021591999505692513,0.0016644080951040859,0.0,3.7815654206121506e-06,-0.00012702620616634336,True
2.134,-3.3827437857259684e-06,3.2610088459108963e-06,0.015631663042752778,0.0011900349763386642,0.0,2.7108044764339406e-06,-0.00011595175731437789,True
2.1350000000000002,-3.371671120597788e-06,1.8880001580079955e-05,-0.059477525656011526,-0.004816626532462073,0.0,6.534082513508342e-06,-6.365194823530072e-05,True
2.136,-3.382515168173074e-06,-4.055283239174187e-05,0.02151267793648791,0.0016552626220049083,0.0,5.0086124649434025e-06,-0.00013928416672076457,True
2.137,-3.4123157192696575e-06,-1.9052527191994347e-05,0.0605293721119803,0.004778641782748531,0.0,9.973224090555078e-07,-0.0001567256743238962,True
2.138,-3.401118540335081e-06,4.1431344729656364e-05,0.034033159482172,0.002666404386215287,0.0,-1.1899736804442737e-06,-0.00011649799894928166,True
2.1390000000000002,-3.3426809931172698e-06,7.543305820431902e-05,0.10398730432786443,0.008267868055337562,0.0,-7.850879734308251e-06,-0.00014562448601730237,True
2.14,-3.215284072386174e-06,0.00017933003261687107,-0.09452948927029385,-0.007598714651012434,0.0,-1.475579781504022e-06,2.2382078672336078e-05,True
2.141,-3.0832009970347043e-06,8.485478305860691e-05,0.04376047644229046,0.003455523071403645,0.0,-4.231756120816576e-06,-9.900845581645534e-05,True
2.142,-2.976480502887079e-06,0.00012857127454767543,0.05252979387616431,0.004164235413986899,0.0,-7.483678347341531e-06,-8.501676418703304e-05,True
2.1430000000000002,-2.821662771006702e-06,0.00018104526561208898,0.017613391961764674,0.001380006858936504,0.0,-8.389004757689345e-06,-3.9036555892531934e-05,True
2.144,-2.6318221628875267e-06,0.0001986244370950938,-0.011147679328240151,-0.0009153522127397762,0.0,-7.410083802823836e-06,-1.005668650922112e-05,True
2.145,-2.4387761206955572e-06,0.00018746319841021913,0.057735666445116685,0.0045974509292460415,0.0,-1.0922713759218336e-05,-5.347985615474431e-05,True
2.146,-2.2224670860722842e-06,0.0002451323426110414,0.056635379823667946,0.0045202418594574596,0.0,-1.4273278032809282e-05,-2.5162533837804932e-05,True
2.1470000000000002,-1.949040927057158e-06,0.00030169558180832715,-0.06401895120070272,-0.005120395362926248,0.0,-9.722703057850113e-06,7.856764237587857e-05,True
2.148,-1.6793495312772148e-06,0.0002376930965805062,0.07433702969523351,0.005945257255645351,0.0,-1.4261134352279747e-05,-2.7742032717766708e-05,True
2.149,-1.404516104195635e-06,0.0003119448892147576,-0.05033104090522065,-0.004014331175587403,0.0,-1.0606502062468254e-05,8.521576002267098e-05,True
2.15,-1.1177353790849087e-06,0.0002616183881199187,-0.06138655063428508,-0.004899649080991945,0.0,-6.338585744105231e-06,7.749565946256541e-05,True
2.1510000000000002,-8.868041569110968e-07,0.00020025073785014103,-0.006874920705250452,-0.000541926042702419,0.0,-5.720143198561828e-06,2.275908488072842e-05,True
2.152,-6.899966034621902e-07,0.00019335871184873607,0.008004401794291491,0.0006511352501028482,0.0,-6.085268897471289e-06,1.3509899183986683e-05,True
2.153,-4.926450143401986e-07,0.00020133507182739535,-0.027908033788053135,-0.002217350104683087,0.0,-4.117386698204421e-06,4.1781699792001715e-05,True
2.154,-3.052642706108633e-07,0.0001734263659194102,0.022180634635959057,0.0017897671779160585,0.0,-5.449903818430254e-06,1.720024281810812e-06,True
2.1550000000000002,-1.2075983944606142e-07,0.00019557004189527281,0.03864033886495518,0.0031125218371138184,0.0,-7.815713699781476e-06,2.561169346568145e-06,True
2.156,9.41130220399603e-08,0.00023415797684433155,-0.09487152304047632,-0.007559928851620067,0.0,-1.4728158608240521e-06,0.00010416006635240398,True
2.157,2.808510581398519e-07,0.00013933479778448712,-0.01346062533690813,-0.0010550745321719947,0.0,-5.767647779893667e-07,1.7447051723611882e-05,True
2.158,4.1345381024812675e-07,0.00012586910022941198,-0.05581148184188718,-0.004442372086738979,0.0,3.0366432009325823e-06,3.892340159144149e-05,True
2.1590000000000003,5.114269221061471e-07,7.00873945075313e-05,0.08616032430803446,0.006910442116581571,0.0,-2.6449152028036206e-06,-7.232806555548621e-05,True
2.16,6.245695117194186e-07,0.00015617202153833367,0.08232182126465744,0.006615728594968145,0.0,-7.92682335087651e-06,-3.53137940945587e-05,True
2.161,8.218752451307226e-07,0.00023841148730153713,-0.04489950871567648,-0.003548557564365581,0.0,-4.828850572215571e-06,7.933368468133777e-05,True
2.162,1.0378396825970534e-06,0.00019352051147136876,-0.0672567616301833,-0.0053386373547513535,0.0,-3.6921727279945825e-07,7.804375227566762e-05,True
2.1630000000000003,1.197741997372759e-06,0.00012629492766965867,-0.08990019970312306,-0.007155301228976776,0.0,5.4350125519169445e-06,6.631180418436692e-05,True
2.164,1.2791054003432453e-06,3.6451287333892215e-05,-0.05658349585644109,-0.004499281616829041,0.0,8.924126865691802e-06,8.445128522763515e-06,True
2.165,1.2872782443777733e-06,-2.0091770465146247e-05,-0.053982693536595176,-0.004297855486984632,0.0,1.2151261316449225e-05,-1.888130721702006e-05,True
2.166,1.24020987700344e-06,-7.40297152327054e-05,0.04449548038776806,0.003573078642979582,0.0,8.913712499400395e-06,-0.00010624518370642035,True
2.1670000000000003,1.1884191401941227e-06,-2.9560933080562022e-05,0.07184238209112853,0.005765234799844109,0.0,3.992890849746045e-06,-0.00010970134757314725,True
2.168,1.1947618788957833e-06,4.2228225966464706e-05,0.052959129193882896,0.004263303436446732,0.0,4.2766443987734573e-07,-7.158119631588071e-05,True
2.169,1.2634543551853337e-06,9.51409229759099e-05,-0.004505431851678815,-0.00032627545898386004,0.0,6.797350500701821e-07,-1.5168102591128024e-05,True
2.17,1.356340163962714e-06,9.062833953271877e-05,-0.08244290983091282,-0.00656014326277777,0.0,5.9723281966493835e-06,3.163674905622056e-05,True
2.1710000000000003,1.4057650271924197e-06,8.240129868997449e-06,0.01587349142452771,0.0012961719000359603,0.0,4.753540029103887e-06,-6.377424350589294e-05,True
2.172,1.4219374781859893e-06,2.4100200781902117e-05,0.0498242950954239,0.004014430506335089,0.0,1.3682733025016803e-06,-8.046921320649199e-05,True
2.173,1.4709360045914703e-06,7.388256945672713e-05,0.03188377367151844,0.0025860446501389293,0.0,-7.644669531472981e-07,-5.020059456958709e-05,True
2.174,1.5607494244618833e-06,0.0001057329400262601,-0.0716188943019728,-0.005688730101714359,0.0,3.8634572938766e-06,2.733424715766611e-05,True
2.1750000000000003,1.6306875232752138e-06,3.415852795477978e-05,0.07825805463464429,0.0062940957695450704,0.0,-1.3424672201563974e-06,-9.498258980262126e-05,True
2.176,1.7039535072366436e-06,0.00011235114506652743,-0.016117524564486792,-0.0012452486646207005,0.0,-2.9612307657245035e-07,-4.8924456254089625e-06,True
2.177,1.8082458574048416e-06,9.623367360807733e-05,0.018808441552432668,0.00154877179046087,0.0,-1.5417971516986319e-06,-3.230937767825823e-05,True
2.178,1.9138752677034246e-06,0.00011501649041812173,0.0185997715345505,0.001536233456432876,0.0,-2.742016225482781e-06,-2.37792717288655e-05,True
2.179,2.038182509815837e-06,0.00013358868948269842,-0.023487535821559002,-0.001826284937810111,0.0,-1.185534034630952e-06,1.1264337536342381e-05,True
2.18,2.1600285135681385e-06,0.00011010461969625669,-0.017783891483302984,-0.0013706182510564615,0.0,-4.212355506127986e-08,-4.331931696984452e-07,True
2.181,2.261241671177465e-06,9.232234551446485e-05,0.004981478060388173,0.00045029927637398395,0.0,-4.055445687834168e-07,-2.104450999357043e-05,True
2.182,2.356050003328592e-06,9.728952179039486e-05,-0.07758028776401671,-0.006152339378446574,0.0,4.5875999157137436e-06,3.2898972812231916e-05,True
2.183,2.414565849362032e-06,1.9759357843850605e-05,0.05354994244214192,0.004329828703601133,0.0,9.516527896804524e-07,-8.034851536417507e-05,True
2.184,2.4610855532328862e-06,7.326492951107897e-05,0.006661488152317612,0.0005860103836849304,0.0,4.501805375964473e-07,-3.0366722698933325e-05,True
2.185,2.5376767532165805e-06,7.991293639553234e-05,-0.05500423329512769,-0.004345070929684853,0.0,3.955698441134081e-06,1.088644657904673e-05,True
2.186,2.590098838919574e-06,2.4943011224916844e-05,0.10040139387644138,0.008081726450562852,0.0,-2.700314430123041e-06,-0.00010840961197145196,True
2.187,2.6652155798716454e-06,0.00012526257483024306,0.024562880722899583,0.0020280358472492856,0.0,-4.265921589795089e-06,-2.0623133716470536e-05,True
2.188,2.8027485307838696e-06,0.00014979203745096542,-0.024442111892010832,-0.0018869444333126414,0.0,-2.6171347971185954e-06,2.1762965724978738e-05,True
2.189,2.9403202345751997e-06,0.00012535232100667715,-0.016054880151457823,-0.0012164223693734708,0.0,-1.558007600946432e-06,8.702594070855098e-06,True
2.19,3.0576445792862715e-06,0.00010929598278019847,-0.009850320208869428,-0.0007198724963487775,0.0,-9.309608297869967e-07,-2.22213136299712e-07,True
2.191,3.1620138589029922e-06,9.94411263070454e-05,0.05396021036448932,0.004385666013776246,0.0,-4.455723894348698e-06,-4.2885573572952595e-05,True
2.192,3.288417371877643e-06,0.00015334768342550919,-0.043593873430095055,-0.0034099166397027455,0.0,-1.5683822133730298e-06,4.116485756011121e-05,True
2.193,3.4199736732804234e-06,0.0001097708799347454,-0.09587655244538404,-0.007595392163919506,0.0,4.6261809780339034e-06,5.797303337302344e-05,True
2.194,3.481827021120496e-06,1.3957448817511343e-05,0.05294939383361319,0.004300299286927325,0.0,1.0130509204156746e-06,-7.338059865394794e-05,True
2.195,3.52224491486174e-06,6.686359694252053e-05,0.025645806894946808,0.0021230885916963585,0.0,-7.347590989453841e-07,-3.583785033659843e-05,True
2.196,3.601922259330249e-06,9.248169984544833e-05,0.024196116739736033,0.002011621743828281,0.0,-2.3427794838564715e-06,-2.4190586394370036e-05,True
2.197,3.7064922771829518e-06,0.0001166483730978996,0.050768504209684415,0.004142195002535795,0.0,-5.630388974221507e-06,-2.984698502121976e-05,True
2.198,3.848507366390838e-06,0.0001673638014325249,0.038192846049947334,0.003144784472762725,0.0,-8.01720748326197e-06,5.889453041354944e-07,True
2.199,4.0349514143704715e-06,0.00020550776734338345,-0.04616942610042338,-0.003596264030493996,0.0,-4.878044493457788e-06,7.186692335158664e-05,True
2.2,4.217378735878832e-06,0.00015935157342560064,0.003829161226963712,0.000401367904213988,0.0,-5.064794571954117e-06,2.5417785856429576e-05,True
2.201,4.378637923645084e-06,0.0001631598029754768,-0.03692370746194582,-0.0028555019379729973,0.0,-2.609110565483354e-06,5.4893895434913884e-05,True
2.202,4.523339330316436e-06,0.0001262468120941078,0.054737578111377166,0.004475575974307163,0.0,-6.159116318127277e-06,-1.494226081775824e-05,True
2.203,4.67693600655845e-06,0.00018092711101977242,-0.023123599331622675,-0.0017439918450893894,0.0,-4.57242731713631e-06,5.780410944015932e-05,True
2.204,4.846300531205775e-06,0.00015780136845916113,0.012317563651024682,0.001091574665858778,0.0,-5.326710482933077e-06,2.914124032451581e-05,True
2.205,5.010251572444913e-06,0.00017009149354450527,0.017865663915770772,0.001539848620791011,0.0,-6.42259206502891e-06,3.312800229710591e-05,True
2.206,5.189264889676535e-06,0.00018792397007934741,0.044787510563314877,0.0036989584894888895,0.0,-9.235683374513021e-06,2.6416171216059918e-05,True
2.207,5.399563957969619e-06,0.00023265509804328813,0.07102760735348079,0.005807319351287111,0.0,-1.3676226235386831e-05,3.175911725091529e-05,True
2.208,5.667705722268365e-06,0.0003036006396531627,0.030125969955193257,0.0025485283761746704,0.0,-1.535222660618532e-05,9.096665517839282e-05,True
2.209,5.9863501550453735e-06,0.0003336687601868899,0.0338269520350388,0.0028539507168163472,0.0,-1.722803452974796e-05,0.00010723817187741148,True
2.21,6.336911112669086e-06,0.0003674315688590752,-0.019792368140769272,-0.0014252332629704095,0.0,-1.5585755605447078e-05,0.00016138145358061856,True
2.211,6.694437855730903e-06,0.00034761346461603123,-0.0033778938427470808,-0.00010801801026268652,0.0,-1.5056590053663002e-05,0.00015036557445707635,True
2.212,7.040350218633489e-06,0.0003441991432678496,-0.058155478058860774,-0.004484408043581317,0.0,-1.0998785441954886e-05,0.0001897323644760941,True
2.213,7.355473798869382e-06,0.00028605073688858004,0.01755617284267245,0.0015712184442200744,0.0,-1.1959320627178897e-05,0.0001248120428813801,True
2.214,7.650287347312814e-06,0.0003035609272998106,-0.0674194665029479,-0.005219424836708225,0.0,-7.39413758372992e-06,0.000189632801571935,True
2.215,7.920144642698752e-06,0.0002361603935626437,-0.05798603697983934,-0.004467981107591052,0.0,-3.566788658206358e-06,0.00016073171672504306,True
2.216,8.127318199769873e-06,0.00017819344295237478,0.02420834800677336,0.0021043427812920115,0.0,-5.1696268592223815e-06,8.849351632154132e-05,True
2.217,8.317602860206637e-06,0.00020236270027384584,-0.019598861537000217,-0.0013939085474434364,0.0,-3.894448326820584e-06,0.0001272335883999722,True
2.218,8.510163625573766e-06,0.00018275651094398236,0.05204058885820377,0.004338360835229907,0.0,-7.296922127461221e-06,7.657072214208474e-05,True
2.219,8.718920086998775e-06,0.000234735589364224,0.02630899834764902,0.0022898287001016067,0.0,-8.944239071299654e-06,0.0001157587080771115,True
2.22,8.966794554823213e-06,0.0002609974859180569,-0.0385476168663273,-0.0028910873490091997,0.0,-6.349797195587356e-06,0.00017004328189069095,True
2.221,9.208518443246947e-06,0.00022245086277490348,0.011434931308988065,0.0011072419402304787,0.0,-7.066395607235066e-06,0.00012655671764190578,True
2.222,9.436675468033922e-06,0.00023385178093892318,0.036508763845875356,0.0031186234798073103,0.0,-9.391334581772785e-06,0.00011823574834400318,True
2.223,9.688763398704612e-06,0.0002703055141628866,-0.0472386224666191,-0.0035722553944532985,0.0,-6.2326689098575245e-06,0.00018837614832096784,True
2.224,9.93545171706766e-06,0.00022307367947384902,-0.03305508970965869,-0.0024388002043286153,0.0,-4.08129756072908e-06,0.00016370930715807662,True
2.225,1.0141998060125651e-05,0.00019001952455144626,-0.02891345652873133,-0.0021077182142700715,0.0,-2.2589788328784005e-06,0.00014983811202660808,True
2.226,1.0317561230069862e-05,0.00016110745960696052,-0.01682273151469155,-0.0011407695238812312,0.0,-1.2712591705043314e-06,0.0001318281200959294,True
2.227,1.047025564647417e-05,0.00014427985402356536,0.022490975458825866,0.002005056220825432,0.0,-2.8587588869883644e-06,0.00010113214130683728,True
2.228,1.0625769748273328e-05,0.00016673690383619015,-0.016427878019212975,-0.001102957957607775,0.0,-1.8846580621686333e-06,0.0001350770656185301,True
2.229,1.0784290722251503e-05,0.00015030320797620198,-0.041313973358566784,-0.0030929642507276714,0.0,6.731777944334508e-07,0.00014479692754955722,True
2.23,1.0913942021230416e-05,0.00010900485238030282,-0.031972138964029305,-0.002348239578454561,0.0,2.5555084467811353e-06,0.00012246584370872703,True
2.231,1.1006965007755777e-05,7.704562190469818e-05,-0.01694366549030515,-0.0011481223944562443,0.0,3.4127388911689125e-06,9.94160650295937e-05,True
2.232,1.1075540301962723e-05,6.010662958517908e-05,-0.06578791264911982,-0.005056460490944035,0.0,7.410321587325288e-06,0.00012161325737221844,True
2.233,1.110276777964221e-05,-5.6362600835412836e-06,0.015749054239476055,0.0014590978079816192,0.0,6.018856758549576e-06,4.201539738645639e-05,True
2.234,1.110500217452443e-05,1.0101031872793637e-05,-0.0029865780298370627,-3.782407942079001e-05,0.0,5.878908655611564e-06,5.708798269968812e-05,True
2.235,1.1113610313099341e-05,7.11566879280194e-06,0.0022302521081961446,0.0003793190345466159,0.0,5.4051589896253125e-06,5.010485566188458e-05,True
2.236,1.1121840262946171e-05,9.34336537859633e-06,0.06550179157238052,0.005441457654368904,0.0,8.459377596611093e-07,9.25428038126358e-06,True
2.237,1.116391719047975e-05,7.479255010278292e-05,-0.018779927503162687,-0.0012924685848120458,0.0,1.868497082109617e-06,8.680727099313663e-05,True
2.238,1.1229321842445171e-05,5.601899442589388e-05,-0.03878006850779909,-0.0028935554081288067,0.0,4.1585035681460305e-06,9.127598338871541e-05,True
2.239,1.126595875763728e-05,1.726315072546195e-05,-0.10387852215730463,-0.008105422936859844,0.0,1.0603746735736908e-05,0.00011510264811291018,True
2.24,1.1231308933911774e-05,-8.65355500544192e-05,-0.03493641602752657,-0.002603133987398244,0.0,1.2411036494155898e-05,2.7490162752393725e-05,True
2.241,1.1127317478067431e-05,-0.00012143473753210801,-0.021642426765209957,-0.001545674595115436,0.0,1.3310865091580983e-05,5.014110767339972e-07,True
2.242,1.0995071690723164e-05,-0.0001430464752841217,0.03437664879267445,0.0029308776168128783,0.0,1.056045384055409e-05,-4.825454537687017e-05,True
2.243,1.0869209988846141e-05,-0.0001086807998657352,-0.05988071072912714,-0.004607852774514828,0.0,1.399222460176497e-05,1.9524614428324813e-05,True
2.244,1.0730608433563042e-05,-0.00016850215841642013,0.015205444349500948,0.00138936624075424,0.0,1.2470690916083986e-05,-5.6062365261200713e-05,True
2.245,1.0569711371296133e-05,-0.00015328973556409239,0.02394548136233628,0.002087498545402542,0.0,1.0426988302751613e-05,-6.052053043312831e-05,True
2.246,1.0428393914008316e-05,-0.00012934586546608286,0.020302584285098055,0.0017963963294040642,0.0,8.676914683318114e-06,-5.292057265456952e-05,True
2.247,1.030919892525638e-05,-0.00010904471742043562,0.0689759820497048,0.005690558778540546,0.0,3.8232703169564296e-06,-7.847883327685738e-05,True
2.248,1.0234628402325412e-05,-4.011076499112354e-05,0.0036345830476958705,0.0004701766632585922,0.0,3.334208677804958e-06,-1.2035523084073156e-05,True
2.249,1.019633549006853e-05,-3.647453259182914e-05,0.0519935002623606,0.004338637115899062,0.0,-2.7334955670697327e-07,-4.1447426743277405e-05,True
2.25,1.018584559395019e-05,1.5482144998698105e-05,0.014863464172949585,0.001374280211926914,0.0,-1.3783803076722933e-06,2.686994490811893e-06,True
2.251,1.0208755036855072e-05,3.033216934524469e-05,-0.07179781532455908,-0.005556427774979906,0.0,3.159814903460044e-06,6.376287563288748e-05,True
2.2520000000000002,1.0203205777335539e-05,-4.141254473266874e-05,0.02594343788353947,0.002254163229307277,0.0,1.2450321091860532e-06,-2.5515096492971954e-05,True
2.253,1.0174759777285699e-05,-1.548487035631671e-05,0.015373402670246911,0.0014111597051681376,0.0,6.71083610162966e-08,-8.65584330312971e-06,True
2.254,1.0166958202694326e-05,-1.2182690087718563e-07,0.000763087497084575,0.0002440376281871586,0.0,-1.3239481373894956e-07,7.147282487352698e-06,True
2.255,1.0167217726254507e-05,6.406736707349498e-07,0.008693233551366097,0.000878545484022357,0.0,-8.400155955539243e-07,3.347105464368933e-06,True
2.2560000000000002,1.017220273869221e-05,9.326992765504478e-06,-0.02190843620890107,-0.0015684560082837654,0.0,4.537953794486283e-07,2.6915698500457353e-05,True
2.257,1.0170580844168921e-05,-1.2565248121204949e-05,-0.046441271923498145,-0.0035337391284593557,0.0,3.302262011172235e-06,3.428576041365059e-05,True
2.258,1.013480747245711e-05,-5.8968553400791624e-05,-0.03137083772089483,-0.0023343167095754534,0.0,5.098810625896466e-06,6.256887814537218e-06,True
2.259,1.0060163844557396e-05,-9.030806870680514e-05,0.03059556404217361,0.0026178911043311056,0.0,2.834560037849922e-06,-4.590078840681374e-05,True
2.2600000000000002,9.985149010298207e-06,-5.9726431952468474e-05,-0.00826738332767326,-0.0004888251558627893,0.0,3.1500382196621017e-06,-1.0272820992587274e-05,True
2.261,9.92129326916068e-06,-6.798059230814022e-05,0.04923361806265967,0.004109115052780689,0.0,-2.6645278476612663e-07,-4.9814026238494234e-05,True
2.262,9.877919268846071e-06,-1.8778082028562344e-05,0.04818929394470177,0.004030692692571943,0.0,-3.5226202706812106e-06,-2.9132034525252738e-05,True
2.263,9.883224043123499e-06,2.9375393705437652e-05,-0.014352899467063982,-0.0009668088773442431,0.0,-2.639947730747538e-06,3.0851366821331814e-05,True
2.2640000000000002,9.905425607368948e-06,1.5030488344627877e-05,-0.07272877908666363,-0.005638201007399094,0.0,2.0002135469652217e-06,6.361455674283814e-05,True
2.265,9.88410999994705e-06,-5.7642736190152515e-05,-0.07647245581511508,-0.0059467996135529775,0.0,6.758749692235825e-06,3.7714987312462646e-05,True
2.266,9.78825302451528e-06,-0.00013404851931847478,-0.01308746988299804,-0.0008868948585167852,0.0,7.285339667368239e-06,-3.349866719129068e-05,True
2.267,9.647669188525274e-06,-0.00014711061545472271,-0.03649629673389022,-0.00276369896717233,0.0,9.316685480173454e-06,-2.6328356622710535e-05,True
2.2680000000000002,9.48232540208838e-06,-0.00018356164470031413,0.01128378524751902,0.0010513572796750747,0.0,8.201348418245401e-06,-7.339793907812653e-05,True
2.269,9.304409605318223e-06,-0.00017226610091013045,-0.002266111605934185,-3.448148768822243e-05,0.0,7.99684177294146e-06,-6.325127991084645e-05,True
2.27,9.131017493721667e-06,-0.00017451105897973838,0.005792609373111879,0.0006068257376583717,0.0,7.2788537569808754e-06,-7.167945850469506e-05,True
2.271,8.959407779224136e-06,-0.00016870338663871678,-0.07706363451151914,-0.006024065827292143,0.0,1.1950356547100562e-05,-2.0037108079750293e-05,True
2.2720000000000002,8.752198880489753e-06,-0.00024568739530436744,0.01818248290212528,0.001582655724582314,0.0,1.0330179863917701e-05,-0.00011337582473148221,True
2.273,8.515607222081897e-06,-0.0002274915982812797,-0.025202052748809975,-0.0018901822817010774,0.0,1.156793369911119e-05,-8.276099761943089e-05,True
2.274,8.275529659581786e-06,-0.0002526482350362457,0.024602552015720508,0.002086845906925763,0.0,9.550343750613493e-06,-0.00012746277575445078,True
2.275,8.03518579232891e-06,-0.00022803663942841572,0.024370418422316683,0.002066902421315845,0.0,7.606081035967892e-06,-0.00012079630117747783,True
2.2760000000000002,7.819336591486314e-06,-0.00020365976207103868,-0.02347884393357309,-0.0017619986274876182,0.0,8.817243619958776e-06,-8.36885898515715e-05,True
2.277,7.603951129449605e-06,-0.00022709722603454882,0.07305812456921419,0.005954269418743083,0.0,3.7460914374149375e-06,-0.00015550698637686687,True
2.278,7.4133725360502235e-06,-0.00015407107010768315,0.011105625107222855,0.0010034021858138103,0.0,2.8274554972341007e-06,-8.902274590354733e-05,True
2.279,7.264857174514297e-06,-0.00014295686219769314,0.028960766365547994,0.0024304739149213737,0.0,7.793301066878924e-07,-9.58120151446293e-05,True
2.2800000000000002,7.136378545387675e-06,-0.00011400281645778208,0.003292868800515864,0.0003782039798833134,0.0,4.5100578796935835e-07,-6.769742404374916e-05,True
2.281,7.024025583053464e-06,-0.00011069972079834882,-0.033102542172989836,-0.0025350548798400265,0.0,2.4909002634844185e-06,-4.271350453789778e-05,True
2.282,6.896787323719948e-06,-0.0001437637607986263,0.017148933658121562,0.001478805213180849,0.0,1.2228948202432819e-06,-8.667448980480083e-05,True
2.283,6.76159897247278e-06,-0.00012661215997884908,-0.02134302052022122,-0.0016009263193106497,0.0,2.4845344968442008e-06,-5.5375766973877235e-05,True
2.2840000000000003,6.624325582254375e-06,-0.0001479241449896526,0.039457511631053044,0.003258087893566064,0.0,-2.2400526101459334e-07,-0.0001013631564889834,True
2.285,6.496125507562565e-06,-0.00010848105741157738,0.05816850138768297,0.004757392643261375,0.0,-4.069796725893836e-06,-9.642272842047444e-05,True
2.286,6.416717685357217e-06,-5.034614248737967e-05,-0.0016450532381533226,-2.214487781432146e-05,0.0,-3.9365272819905115e-06,-3.368738503419392e-05,True
2.287,6.365551330054571e-06,-5.198423990511629e-05,0.04707166719621123,0.003874075190849267,0.0,-6.961868768613669e-06,-6.17810662672566e-05,True
2.2880000000000003,6.337092667624818e-06,-4.9437774833575645e-06,0.035008363973050016,0.0029141435325632454,0.0,-9.124199234736557e-06,-3.1884647985692036e-05,True
2.289,6.349644180437747e-06,3.0037587397442743e-05,-0.04368505858603708,-0.003376906581147394,0.0,-6.131281376952611e-06,3.5714630943262105e-05,True
2.29,6.357849439271644e-06,-1.361646428559486e-05,-0.046027569172577214,-0.003569398219613559,0.0,-3.0673193787283997e-06,2.3934086961186026e-05,True
2.291,6.321231634911359e-06,-5.960627423796887e-05,0.008023322015536,0.0007484951777627282,0.0,-3.586460269017658e-06,-2.5248699002229524e-05,True
2.2920000000000003,6.265637175781267e-06,-5.158256512672252e-05,0.03610200032163479,0.002994751587079639,0.0,-5.909719765101886e-06,-3.7134119776451195e-05,True
2.293,6.232098183864404e-06,-1.5503180552460424e-05,-0.06681720846439103,-0.005235059291508018,0.0,-1.503323422359713e-06,4.439292818973035e-05,True
2.294,6.183204304680338e-06,-8.22660541880935e-05,-0.07142517715930083,-0.0056125884217623915,0.0,3.083886894680758e-06,2.2887868105358583e-05,True
2.295,6.065247264941975e-06,-0.00015362576267177578,0.019370258314491046,0.001640360024407626,0.0,1.6682625499670312e-06,-6.182339423222707e-05,True
2.2960000000000003,5.921307367888394e-06,-0.00013425347669375834,-0.09022040782070609,-0.007127159510237747,0.0,7.391963214735372e-06,1.400379665753502e-05,True
2.297,5.7419721123618346e-06,-0.0002243877766167093,0.013423903123240896,0.0011503412146877797,0.0,6.2510240024248315e-06,-8.787018022493175e-05,True
2.298,5.524301218126534e-06,-0.00021094920887308258,0.006225990190968008,0.0005722027321389484,0.0,5.610547425725384e-06,-8.007675164876998e-05,True
2.299,5.316471297695275e-06,-0.00020470439966082925,0.008600937225665916,0.0007592069334524887,0.0,4.836801601148156e-06,-8.073340607460504e-05,True
2.3000000000000003,5.116072810121855e-06,-0.00019608721490432622,-0.005497340315097374,-0.0003712283804141157,0.0,5.000316033839597e-06,-6.986300654056614e-05,True
2.301,4.917245700930331e-06,-0.00020155817990698206,0.00824424904308354,0.0007238633644745914,0.0,4.272482490795891e-06,-8.18474658277147e-05,True
2.302,4.719815063563028e-06,-0.00019329775635103466,-0.027706435352932438,-0.002154753887852585,0.0,5.896139981220773e-06,-5.724591349837541e-05,True
2.303,4.5126785192423324e-06,-0.0002209606493304566,0.0003184976366464512,8.019274635842329e-05,0.0,5.664109498871663e-06,-8.710097363379189e-05,True
2.3040000000000003,4.291885319066824e-06,-0.00022061755719976427,-0.03235226851750545,-0.002537401652521205,0.0,7.5581644139005674e-06,-6.820122810673778e-05,True
2.305,4.0551082860008895e-06,-0.000252919554738535,0.03999725661156999,0.003242422131504991,0.0,4.718522400951976e-06,-0.0001281536592352004,True
2.306,3.82218646995607e-06,-0.0002129253411532612,-0.043088895054236284,-0.003403863288818085,0.0,7.340963700372839e-06,-6.20565458734439e-05,True
2.307,3.5877358351242924e-06,-0.0002559563793876124,0.06471557397413065,0.005211110397436176,0.0,2.91339760567711e-06,-0.0001481208663277912,True
2.308,3.364130057953671e-06,-0.0001912629626879954,-0.010477751457947168,-0.000800617331115167,0.0,3.479104824232955e-06,-7.655463848357638e-05,True
2.309,3.1676381058926626e-06,-0.00020171096121368966,0.021813502866444134,0.0017778923998759558,0.0,1.9409177240514897e-06,-0.00010127823374322828,True
2.31,2.97683580160439e-06,-0.0001798919469745863,0.03802559783242468,0.0030740438373859026,0.0,-6.031923631774211e-07,-0.00010281769625168798,True
2.311,2.815953537639759e-06,-0.00014187605162728522,0.06716073626858005,0.005406520938968646,0.0,-4.963847590916235e-06,-0.00010502475306645357,True
2.312,2.707645758983917e-06,-7.475222459478627e-05,-0.0065695045934277855,-0.0004857930107638866,0.0,-4.429817083672547e-06,-3.0026807378808856e-05,True
2.313,2.629613287598999e-06,-8.130815308640383e-05,-0.07359682398360154,-0.005850169857881711,0.0,4.327039331778573e-07,1.1965349796628984e-05,True
2.314,2.511528852709658e-06,-0.0001548379068056441,-0.011210814740382791,-0.0008702382086985266,0.0,1.1250873915076562e-06,-5.4737505793428e-05,True
2.315,2.351094249531979e-06,-0.00016602248731566372,0.0012184165048811579,0.00011987031840418861,0.0,9.961413371700395e-07,-6.649974841201114e-05,True
2.316,2.1856868780647846e-06,-0.0001647863619784209,0.028935976730932306,0.00233444613884234,0.0,-9.223291775208847e-07,-8.292524841944025e-05,True
2.317,2.0353671790668793e-06,-0.00013585463181604824,-0.026834567380949952,-0.0021264313370707184,0.0,8.256164567171311e-07,-3.581605626302076e-05,True
2.318,1.8861073138987672e-06,-0.00016265280206854347,-0.03218633316958745,-0.0025604750581650435,0.0,2.8754775758911747e-06,-4.248281251973756e-05,True
2.319,1.7073757877508997e-06,-0.00019479551252000142,-0.03379664939656743,-0.0026963746490482783,0.0,4.977285619528492e-06,-5.446299130953147e-05,True
2.32,1.4956980154625234e-06,-0.00022854365754356758,-0.03253486698138249,-0.002603292033137502,0.0,6.944157713823233e-06,-6.977859309953462e-05,True
2.321,1.2509039272825068e-06,-0.0002610272185996158,0.10101227712461933,0.008072175174428676,0.0,2.111854916268863e-07,-0.00016781820543381148,True
2.322,1.0403664415057248e-06,-0.00016006509760264957,-0.0026875604572869946,-0.00021548605234817446,0.0,3.7968311117444377e-07,-6.347943641859743e-05,True
2.323,8.789642606987112e-07,-0.0001627325447035637,0.001332608818330156,0.00010290215679456163,0.0,2.856012766111505e-07,-6.64573446671711e-05,True
2.324,7.169037750658324e-07,-0.00016138268685991525,0.01239347703006893,0.0009850165079335095,0.0,-5.200769036438291e-07,-7.224037556395865e-05,True
2.325,5.617206629060485e-07,-0.00014898081856114673,-0.012680641908742539,-0.0010222180789944317,0.0,3.223690644711229e-07,-5.091113926721e-05,True
2.326,4.064083959288687e-07,-0.00016163472792368345,-0.02634407559851254,-0.0021196068641051256,0.0,2.0295139607048365e-06,-4.678815968848671e-05,True
2.327,2.3161451976008904e-07,-0.0001879398937015138,-0.04207049449815211,-0.003384023285740669,0.0,4.7120971972360105e-06,-4.7437412138871005e-05,True
2.328,2.26573320030098e-08,-0.0002299561423650495,-0.015896848783582114,-0.0012989348077943209,0.0,5.630325056257112e-06,-8.144565274453943e-05,True
2.329,-2.1523449287742663e-07,-0.0002458146221356263,0.02923003534251327,0.0023050308518729927,0.0,3.6043394458587383e-06,-0.00011751618209351578,True
2.33,-4.464324615503355e-07,-0.00021657995386211,-0.04004988108801037,-0.0032380158658121888,0.0,6.1240673691033804e-06,-6.399115242375346e-05,True
2.331,-6.830188530706057e-07,-0.00025657395919833264,-0.00115287587770265,-0.0001353132846752828,0.0,6.060076216679627e-06,-0.00010574827917581844,False
2.332,-9.401593333732924e-07,-0.00025769707804854656,-0.027891146319899876,-0.002279138222958535,0.0,7.733789216983067e-06,-9.154198988925357e-05,True
2.333,-1.2117850929139455e-06,-0.0002855372954427398,0.016868737902717052,0.0012934224250917845,0.0,6.467307396994247e-06,-0.0001329264845211795,True
2.334,-1.4888816895195652e-06,-0.00026864972858530107,0.07483233508795956,0.005927548969195177,0.0,1.4843885888242268e-06,-0.00016462827375569912,True
2.335,-1.7201245825953334e-06,-0.00019384608638305906,-0.05108140596111196,-0.0041407362497416405,0.0,4.795143770308269e-06,-5.721866012058491e-05,True
2.336,-1.93949086100588e-06,-0.0002448654899459145,0.042634037247590205,0.0033464282855156006,0.0,1.9495904768051193e-06,-0.000136769936576893,True
2.337,-2.1630412075220175e-06,-0.00020223747673921882,0.017719005906463234,0.0013543172335729562,0.0,7.977257802373985e-07,-0.00010492927448694231,True
2.338,-2.356416194452592e-06,-0.00018450967749147803,-0.021876834101780155,-0.0018147033809415363,0.0,2.2445136171873802e-06,-7.31086778850707e-05,True
2.339,-2.5518517002238295e-06,-0.00020634854582768502,0.016967198560791184,0.0012866807287599436,0.0,1.1390571755991195e-06,-0.0001061098317561379,True
2.34,-2.7497133108788788e-06,-0.00018937149992485843,-0.04089636112816928,-0.003343928309840345,0.0,3.814410461991327e-06,-6.339049468353288e-05,True
2.341,-2.9595152889399776e-06,-0.00023021437840310008,0.01216350040062179,0.0008921830314404516,0.0,2.983894350566106e-06,-0.00011332568470714396,True
2.342,-3.1836424411085545e-06,-0.00021803456617008397,-0.059077851314561294,-0.004809697817045268,0.0,6.7938227026110085e-06,-6.496795405161586e-05,True
2.343,-3.431192441926663e-06,-0.0002770414013152537,-0.008297107648321096,-0.0007587750439781981,0.0,7.2156779652723954e-06,-0.00012184142291439457,True
2.344,-3.71236986062498e-06,-0.0002853008273393777,-0.012659187163214234,-0.0011137937298291137,0.0,7.913042338587845e-06,-0.00012489339844150545,True
2.345,-4.003986304487111e-06,-0.00029791797079503976,0.009845679307360269,0.0006798324346126488,0.0,7.138314471006287e-06,-0.00014665454577962432,True
2.346,-4.2969728206940755e-06,-0.00028804654260078703,-0.02320076214430629,-0.001967972067429091,0.0,8.529513710636952e-06,-0.00012476229568005208,True
2.347,-4.596602931149713e-06,-0.0003111966550625469,-0.03932524090791253,-0.0032661017240012023,0.0,1.0932403381996393e-05,-0.00012680039975885383,True
2.348,-4.927440344870235e-06,-0.00035045595172168557,0.04464028393592213,0.0034404740744595035,0.0,7.836769217762079e-06,-0.00019843005265097167,True
2.349,-5.255574591842676e-06,-0.00030581139817045523,-0.008053621604349961,-0.0007755874387816197,0.0,8.242680566879445e-06,-0.00015108136235380775,True
2.35,-5.565399249035271e-06,-0.0003138242948514926,0.05763172373818235,0.004472701797189774,0.0,4.387461443777781e-06,-0.00019800506601200512,True
2.351,-5.85041086084514e-06,-0.0002562026459458691,-0.12260541735414732,-0.009944485101340501,0.0,1.2315335088156954e-05,-6.468774161198302e-05,True
2.352,-6.167874822185841e-06,-0.00037868275309067064,0.05291493847790876,0.004076731401062476,0.0,8.665320408684914e-06,-0.00022612669973058939,True
2.353,-6.5200996306109346e-06,-0.0003257668840848981,0.009610557770813467,0.0006123908022238928,0.0,7.923881528905267e-06,-0.00018173078687902706,True
2.354,-6.841051515970801e-06,-0.0003161272609856451,-0.013410782392341773,-0.0012339367899930934,0.0,8.698457185975234e-06,-0.0001663950115258482,True
2.355,-7.163868840661448e-06,-0.0003294919419166488,-0.015950275381267056,-0.0014445107026632685,0.0,9.621586498650647e-06,-0.00017305524241216096,True
2.356,-7.50131943334705e-06,-0.0003453926142622928,0.03980343178741513,0.0030078036794814887,0.0,6.913441391821285e-06,-0.00021738193065759528,True
2.357,-7.826807704633233e-06,-0.00030558167511775616,-0.046197681243632945,-0.003873366839188165,0.0,9.853843327428104e-06,-0.00015066402447770877,True
2.358,-8.15546478716469e-06,-0.0003517086341930124,0.04523469234533603,0.003429771985354757,0.0,6.79744130166718e-06,-0.0002289995994696265,True
2.359,-8.48455461956473e-06,-0.0003064699992357546,-0.02111842770545549,-0.001878972599496895,0.0,8.12623656801418e-06,-0.00017234123500268068,True
2.36,-8.801566868725642e-06,-0.00032753734469380744,-0.035051810967644564,-0.003001877562411884,0.0,1.0326608456703562e-05,-0.00017459387440509508,True
2.361,-9.146608752581477e-06,-0.00036252473764233483,-0.003545720861281767,-0.0004917995949660881,0.0,1.0432169832397055e-05,-0.00021148633678933564,True
2.362,-9.510891841735858e-06,-0.0003660269047933938,0.00542836857293983,0.0002191502041087338,0.0,9.959071736654034e-06,-0.00022217822011679416,True
2.363,-9.874192248855294e-06,-0.0003605616521997487,0.06883620332569687,0.005285893407312384,0.0,5.396755203783366e-06,-0.00026305991793747473,True
2.364,-1.0200340131337479e-05,-0.00029173908749293104,0.025972295981016733,0.001859168865618112,0.0,3.7384108331351635e-06,-0.00021121616429662363,True
2.365,-1.0479088868856068e-05,-0.00026575443060078386,0.07403276304212872,0.005702106912058795,0.0,-9.846266496328732e-07,-0.0002318644876727163,True
2.366,-1.0707836151189155e-05,-0.00019175005665571817,0.016971657154783434,0.0011419815148625836,0.0,-1.8814036392081226e-06,-0.00016640936147925702,True
2.367,-1.0891097591769323e-05,-0.00017477019714662645,-0.03956188530652979,-0.0033819630048318263,0.0,9.103470751271896e-07,-0.00012303045750932732,True
2.368,-1.1085631922489452e-05,-0.0002142812919599129,0.005268358793486783,0.00019621357383894296,0.0,7.256703775819308e-07,-0.00016591776633793234,True
2.369,-1.1297272368504157e-05,-0.0002089929857313665,0.06100544317246968,0.004652005392876735,0.0,-3.061701165812485e-06,-0.00019818569048543746,True
2.37,-1.147577061591885e-05,-0.00014801206024255158,0.05693282798819064,0.004330300920739606,0.0,-6.48124884187416e-06,-0.00017001032974892503,True
2.371,-1.1595325475411273e-05,-9.110740119135346e-05,0.01626237722897843,0.0010813414316179094,0.0,-7.173149831471176e-06,-0.00011918422087528599,True
2.372,-1.1678302489271286e-05,-7.484757976337409e-05,-0.020678966502810585,-0.001873508474603335,0.0,-5.452851273815446e-06,-8.61952445652312e-05,True
2.373,-1.1763481384886084e-05,-9.550185392711988e-05,-0.012068930521645291,-0.0011887173291308271,0.0,-4.335792874046727e-06,-9.66933116237736e-05,True
2.374,-1.1865010994850107e-05,-0.00010755054664241701,0.0740921752965299,0.005700897760217999,0.0,-8.829027699655118e-06,-0.00015268733386933158,True
2.375,-1.1935530632923015e-05,-3.350459591376096e-05,0.006623787886431717,0.00031104292801227177,0.0,-8.830668961618149e-06,-7.775882905339185e-05,True
2.376,-1.1965723796366375e-05,-2.6882254278567028e-05,0.04680415679940441,0.00352572364510433,0.0,-1.1435244047810614e-05,-9.605276549801983e-05,True
2.3770000000000002,-1.1969215099979015e-05,1.9888085794043548e-05,0.0044635436768764745,0.00014402419264578092,0.0,-1.1227787085035237e-05,-4.634714515347252e-05,True
2.378,-1.194709714518326e-05,2.4345879979597753e-05,-0.04858410316590728,-0.004098854496288329,0.0,-7.590680166602394e-06,-6.548983655735308e-06,True
2.379,-1.1947031632467752e-05,-2.420272027490173e-05,0.004932978888165869,0.00017668741523586175,0.0,-7.518626409035413e-06,-5.5311478666840844e-05,True
2.38,-1.1968768235065845e-05,-1.9270902725611053e-05,0.03327744530538691,0.002444445287872695,0.0,-9.28485585321068e-06,-6.7772050484857e-05,True
2.3810000000000002,-1.1971408320968523e-05,1.3982516854213656e-05,0.040866370266126224,0.0030555021735351705,0.0,-1.1495813115293917e-05,-5.5624124944110825e-05,True
2.382,-1.1937003739012564e-05,5.481514910483389e-05,0.0340683078811265,0.0025171763810804743,0.0,-1.3208220339622004e-05,-3.068388009175434e-05,True
2.383,-1.1865165324037874e-05,8.885047841604706e-05,-0.01127825726648771,-0.001105171499741773,0.0,-1.1939022597412657e-05,1.6292006771531414e-05,True
2.384,-1.178195438065791e-05,7.757110773675765e-05,0.024414530605759082,0.0017503958025372952,0.0,-1.301799426674695e-05,-5.387495787997297e-06,True
2.3850000000000002,-1.1692185245673983e-05,0.00010195769951408377,0.007653674750586748,0.0004140695695664982,0.0,-1.2984342258836306e-05,1.9804794705189214e-05,True
2.386,-1.1586406515218915e-05,0.00010959388578695738,-0.02307153763634105,-0.0020411270618867897,0.0,-1.0963630484790913e-05,4.710337344238723e-05,True
2.387,-1.1488346524462563e-05,8.652818477040367e-05,0.05738630475546391,0.004394497525169235,0.0,-1.421121790033873e-05,-7.680192282022465e-06,True
2.388,-1.1373143310097384e-05,0.00014385959156377573,-0.06741489393952214,-0.005580644943755871,0.0,-9.289729989190773e-06,9.783485342600258e-05,True
2.3890000000000002,-1.1262979078797057e-05,7.648158387455244e-05,-0.01155477916193893,-0.001117938166308515,0.0,-8.121245198963897e-06,4.0310364100180404e-05,True
2.39,-1.1192274755549762e-05,6.492729972842635e-05,-0.059730460990856514,-0.004972106548901006,0.0,-3.865091246846696e-06,6.862189279643748e-05,True
2.391,-1.1157199633188874e-05,5.236551871685268e-06,-0.014007189937439648,-0.0013207764021679696,0.0,-2.6860996712939803e-06,1.7909160021900537e-05,True
2.392,-1.115896324078125e-05,-8.760201854951459e-06,-0.0016297272292438096,-0.00033229074089616143,0.0,-2.3409140604507004e-06,5.12245401370358e-06,True
2.3930000000000002,-1.1168537555308731e-05,-1.0387661319103285e-05,-0.045364068161534106,-0.003831405648276578,0.0,8.277803852111236e-07,3.1893283654811575e-05,True
2.394,-1.1201595099265081e-05,-5.571485555207074e-05,-0.002885607857760314,-0.000439163123073845,0.0,1.1599186925726262e-06,-1.334768917739717e-05,True
2.395,-1.1258749922038426e-05,-5.859192748555725e-05,0.058618056769888134,0.004479756011696092,0.0,-2.5002863000882103e-06,-5.4128539138029374e-05,True
2.396,-1.128804582332874e-05,-1.3420639524644332e-08,-0.08585323759222672,-0.007071445442674799,0.0,3.296438771310888e-06,5.8745372380116625e-05,True
2.3970000000000002,-1.1330963602126533e-05,-8.579908189562178e-05,0.02548414380269435,0.0018244782695497957,0.0,1.7257070898973844e-06,-4.613859745244996e-05,True
2.398,-1.1404024003422445e-05,-6.0325349195118e-05,0.05115478437526262,0.003879871276055992,0.0,-1.4647957637077984e-06,-5.38725295218159e-05,True
2.399,-1.1438782962554098e-05,-9.204045515464819e-06,0.035939510267853234,0.0026681582426404294,0.0,-3.5837353514897067e-06,-2.4811339678832134e-05,True
2.4,-1.1430026226354509e-05,2.670821178928586e-05,-0.062013816672786125,-0.0051636408204825575,0.0,6.989136831537724e-07,5.078367608209667e-05,True
2.4010000000000002,-1.143430984506407e-05,-3.525979710918474e-05,0.07395428332193536,0.005706293912890573,0.0,-3.941374488344977e-06,-5.908167802407284e-05,True
2.402,-1.1432610353724759e-05,3.8640241687234065e-05,0.0210133643484725,0.0014799189905132224,0.0,-5.0279905882811295e-06,3.34668016448473e-06,True
2.403,-1.1383470326700349e-05,5.9632721706355106e-05,0.030525421522871053,0.0022442871825538407,0.0,-6.702733512948337e-06,6.843639761578605e-06,True
2.404,-1.1308585044290487e-05,9.012741155872334e-05,0.010336637918750854,0.0006341917920898864,0.0,-7.026293123585337e-06,3.321953677321962e-05,True
2.4050000000000002,-1.1213295372379305e-05,0.00010044577946469467,-0.023330890586314948,-0.00205625707007226,0.0,-5.162181925692424e-06,6.0274924009418234e-05,True
2.406,-1.1124512754249505e-05,7.712195826237644e-05,0.01571928649585694,0.0010665563250835492,0.0,-5.879493632319399e-06,2.816931767522076e-05,True
2.407,-1.1039538119444358e-05,9.282020043360271e-05,-0.011722380321893506,-0.0011253636878494466,0.0,-4.801642648529419e-06,5.287051095384934e-05,True
2.408,-1.0952579549230512e-05,8.109660990469876e-05,-0.030896302832590643,-0.0026591190653048368,0.0,-2.512430860672442e-06,6.129825317989966e-05,True
2.4090000000000003,-1.088692611989254e-05,5.021550682228406e-05,-0.027172948308121243,-0.002363774673989091,0.0,-5.272407763707204e-07,4.70233525821415e-05,True
2.41,-1.0850291924163663e-05,2.3058299945650723e-05,-0.02048366339564919,-0.001831231330293403,0.0,9.704796750190596e-07,3.146707430829482e-05,True
2.411,-1.0837471009247978e-05,2.5881664667670165e-06,-0.0029819708067915546,-0.00043332156273377594,0.0,1.2938438645802814e-06,1.1116579748994234e-05,True
2.412,-1.0836373152035336e-05,-3.9174825744015943e-07,0.0360718856096646,0.002690649122245639,0.0,-9.214870321856694e-07,-1.60063636041701e-05,True
2.4130000000000003,-1.0818738295566483e-05,3.5651789327538154e-05,0.07122996967453354,0.005507938499361792,0.0,-5.355241245331656e-06,-2.4601370891270147e-05,True
2.414,-1.0747491326437999e-05,0.00010682168535908258,0.008542101290266106,0.0005027318615884943,0.0,-5.61054360808622e-06,4.3272398821047125e-05,True
2.415,-1.0636404809551505e-05,0.00011534505197910658,0.023874046036860004,0.001732309802614366,0.0,-6.854220350054923e-06,3.838499961801187e-05,True
2.416,-1.0509133248463877e-05,0.0001391873372362645,-0.0207909997644099,-0.0018357418991567901,0.0,-5.173540502760419e-06,7.730777248825087e-05,True
2.4170000000000003,-1.0380341237961235e-05,0.00011839705155023198,0.07585514233036045,0.005895772890331562,0.0,-9.800827120359567e-06,1.0192704287339697e-05,True
2.418,-1.022404072128642e-05,0.00019417917576322548,0.024978776362854695,0.0018375708771368074,0.0,-1.1010982527585658e-05,7.43508611681439e-05,True
2.419,-1.0017385912858573e-05,0.00021911645757655702,0.006804598000029286,0.00039034886848007534,0.0,-1.101500234945981e-05,9.893321256673537e-05,True
2.42,-9.794877134372511e-06,0.00022589106187920812,-0.05427043018172442,-0.004490835275531154,0.0,-7.066532424146249e-06,0.00014314087420502582,True
2.4210000000000003,-9.596115684017417e-06,0.00017163794822475133,0.0158237918352734,0.0011137698182965288,0.0,-7.768104232608929e-06,8.026206429492771e-05,True
2.422,-9.416576376696956e-06,0.00018742998594458292,0.01640375161333725,0.0011652933525997846,0.0,-8.49151290018664e-06,8.808744867875302e-05,True
2.423,-9.220955794119667e-06,0.00020379975127490473,-0.006170960281117361,-0.0006351980566305542,0.0,-7.736532326796286e-06,0.00011084165873661345,True
2.424,-9.020247562595764e-06,0.00019761073255551695,0.004817671858265822,0.00024676258044120403,0.0,-7.717086131657285e-06,0.0001035977283584676,True
2.4250000000000003,-8.820236650866665e-06,0.00020240239275949888,-0.01991822503589144,-0.0017279339754557753,0.0,-6.0992464635894465e-06,0.00012281675593271902,True
2.426,-8.627795793446272e-06,0.000182477086837712,-0.01947507397015138,-0.001691408991473618,0.0,-4.556831388529326e-06,0.0001160496037382104,True
2.427,-8.455058034396785e-06,0.00016299682361329198,-0.007637850995421157,-0.0007436595054192397,0.0,-3.825536972320609e-06,0.00010167139025479073,True
2.428,-8.295884266018392e-06,0.00015534665671389314,-0.09804990028244233,-0.00797467634057805,0.0,2.7401068613711093e-06,0.00015520984254347288,True
2.4290000000000003,-8.189542960260076e-06,5.735646377912212e-05,-0.007502324151826266,-0.0007407149297772881,0.0,3.2622211849575865e-06,5.8203409213092406e-05,True
2.43,-8.1359378634057e-06,4.985359542814837e-05,-0.02505495924413192,-0.0021448611896204787,0.0,4.906499280623144e-06,6.336710775245657e-05,True
2.431,-8.098607120127229e-06,2.4812751246551514e-05,0.03904955922099798,0.0029811673396671345,0.0,2.353548013830476e-06,1.021160328263688e-05,True
2.432,-8.054280644217947e-06,6.382878468904321e-05,-0.07438567224923176,-0.006088171377371779,0.0,7.216541695520932e-06,9.35719570740265e-05,True
2.433,-8.02762780152527e-06,-1.0505515834171854e-05,0.056232212991359255,0.004352819076981184,0.0,3.4874744596307154e-06,-2.1034074981491423e-05,True
2.434,-8.010031397013127e-06,4.5683618207817514e-05,0.012079922941522523,0.0008276953043605036,0.0,2.7184405240456315e-06,2.5433923068471965e-05,True
2.435,-7.958312661925326e-06,5.774889633609917e-05,0.057827894035556965,0.004489911762490233,0.0,-9.941563835105072e-07,-7.963152794268101e-07,True
2.436,-7.871666977031617e-06,0.00011552478082697441,-0.004235337828696094,-0.0004666540581830197,0.0,-5.881243741130275e-07,5.9462533642527046e-05,True
2.437,-7.758263097530018e-06,0.00011127978682171756,0.06666201576636126,0.005206666099971966,0.0,-4.7873808493178936e-06,1.2741470513917655e-05,True
2.438,-7.613673758463029e-06,0.0001778768206302676,0.018442583616439592,0.0013597057801384652,0.0,-5.75268242859914e-06,6.948276482586158e-05,True
2.439,-7.4265870957200556e-06,0.00019628488737888938,0.000511102136864347,-6.923621028834652e-05,0.0,-5.5335892340328915e-06,8.910713894040435e-05,True
2.44,-7.230054147714955e-06,0.00019677351662987996,0.049874384728011686,0.003883422625577651,0.0,-8.521238628677831e-06,5.9782034274921e-05,True
2.441,-7.008363746453631e-06,0.000246586519837324,0.0074704783827932685,0.0005010781055677751,0.0,-8.685477295531314e-06,0.00010799933488494769,True
2.442,-6.7580531679067545e-06,0.0002540233916308289,0.06445955480525484,0.0050656022343937655,0.0,-1.2541032379782463e-05,7.796088267645952e-05,True
2.443,-6.471826234332225e-06,0.0003184036477005976,0.060211114155847435,0.004738604697973887,0.0,-1.6022545387621736e-05,0.00010977520250897229,True
2.444,-6.123344576825883e-06,0.00037853156803294076,0.019345493186151943,0.0014828430406732423,0.0,-1.6769147777991356e-05,0.00016421743094387526,True
2.445,-5.735159467734223e-06,0.00039781927172061746,0.07591852935820735,0.006017987790843847,0.0,-2.1166773380108076e-05,0.00014243532079372955,True
2.446,-5.299415528214048e-06,0.0004736333143709603,0.007543536611335824,0.0005649294471235283,0.0,-2.1024338059314348e-05,0.00022220903920861136,False
2.447,-4.822030156023842e-06,0.00048111765737022887,-0.01823846798776563,-0.001488139862945252,0.0,-1.9223535067394304e-05,0.0002488398616810259,True
2.448,-4.350045038901152e-06,0.00046283944715730906,0.028963194812766782,0.002294295507979999,0.0,-2.0536467683281914e-05,0.00021917978017966497,True
2.449,-3.8727488539214036e-06,0.0004917278026893284,0.02314692400349183,0.0018410517772314808,0.0,-2.144519271025893e-05,0.0002413099911635447,True
2.45,-3.3694720236713972e-06,0.0005148012171267684,-0.05769155360498474,-0.004614198638769652,0.0,-1.7101240982624343e-05,0.00030821728733030615,True
2.451,-2.883520922815238e-06,0.0004570971872671444,0.0011526735175135196,9.51621672624646e-05,0.0,-1.669364481490824e-05,0.0002548803990972662,True
2.452,-2.425864832372561e-06,0.000458197556751469,-0.11093747112611847,-0.008863679550262007,0.0,-9.043477107390995e-06,0.00033052060369256973,True
2.453,-2.0231244231429405e-06,0.0003472958836831183,-0.04783412044946431,-0.0038214703695317433,0.0,-5.692876242378503e-06,0.000250289937713938,True
2.454,-1.6997462159058014e-06,0.00029946036280083536,-0.0753532676104779,-0.006022921597188436,0.0,-6.546800758427263e-07,0.00024944411909754317,True
2.455,-1.437954174773231e-06,0.00022413273370159903,0.08966749280624642,0.007174412177397987,0.0,-6.445367018954865e-06,0.00011587836520653516,True
2.456,-1.169019345593775e-06,0.0003137044476348361,0.0006443438170308295,6.814969085795875e-05,0.0,-6.317886731662993e-06,0.00020694641481772965,True
2.457,-8.550046526220115e-07,0.00031431301084139087,-0.031090451397794833,-0.0024649086342698164,0.0,-4.142959873462166e-06,0.00022782386955170036,True
2.458,-5.562405886262963e-07,0.00028321168876786686,0.0467491482290461,0.003763904930380559,0.0,-7.073244355089197e-06,0.0001672500115264224,True
2.459,-2.4967706337716004e-07,0.00032989219608895565,-0.019964633601108124,-0.001562077811698764,0.0,-5.60794770397431e-06,0.00022811509859927396,True
2.46,7.022562604815316e-08,0.0003099061829646567,-0.05058072457882269,-0.00400800516308119,0.0,-2.2036697017716448e-06,0.0002400351961120562,True
2.461,3.5484294423308775e-07,0.0002593304239570087,-0.05468003670357373,-0.004336896112414861,0.0,1.3704392471974796e-06,0.00022211505775362035,True
2.462,5.868378061025119e-07,0.00020466426620333468,-0.07200196961492136,-0.005725034776739463,0.0,5.967256577632744e-06,0.00020930808455195833,True
2.463,7.555120842271788e-07,0.00013269595633362997,-0.0640818808725465,-0.005097027737527595,0.0,9.92529200865335e-06,0.00017211799003809063,True
2.464,8.561787411223848e-07,6.864959356444037e-05,-0.04781117537715491,-0.003801244861604457,0.0,1.2721939491488646e-05,0.00013113842020165357,True
2.465,9.009325701451897e-07,2.0868331146361645e-05,-0.021010260245903727,-0.0016620998336721214,0.0,1.3707228521019025e-05,8.877305182759208e-05,True
2.466,9.113004364661818e-07,-1.2773845623642406e-07,0.007692315488984698,0.0006317733183604187,0.0,1.2807207212034342e-05,5.527610544391301e-05,True
2.467,9.150168660696581e-07,7.558536797307931e-06,0.05187506207216688,0.004167382293778281,0.0,9.06985130418051e-06,2.3757328459182985e-05,True
2.468,9.484992003332735e-07,5.93919182684948e-05,0.0009270817405570359,9.836655504278117e-05,0.0,8.733161951395814e-06,7.030896149221594e-05,True
2.469,1.008352192735398e-06,6.031159217979783e-05,0.07720666692681652,0.006201921084676135,0.0,3.463864985424163e-06,1.814857269054561e-05,True
2.47,1.10724483930092e-06,0.0001374507084338443,-0.04860236407934309,-0.0038517646342279693,0.0,6.484536531770822e-06,0.00012372357568171368,True
2.471,1.2204018149081386e-06,8.887114394415968e-05,-0.0019252505275502423,-0.00012138827226237372,0.0,6.3990543403946236e-06,7.192121179841425e-05,True
2.472,1.308307501351739e-06,8.693741595645007e-05,0.01535416307061745,0.0012623150705885014,0.0,5.195587156182224e-06,5.659828976696646e-05,True
2.473,1.4029147588663632e-06,0.00010226971842362154,-0.06769586504258081,-0.005378144371536036,0.0,9.403116565955227e-06,0.00011101838381347818,True
2.474,1.4713502633609295e-06,3.461563721730284e-05,0.029971398427143307,0.0024283500553780374,0.0,7.170356132605858e-06,1.8983031734596902e-05,True
2.475,1.5209425311705424e-06,6.455955300641986e-05,-0.033092944869787394,-0.002612311477661151,0.0,9.082379624929701e-06,6.588982495393634e-05,True
2.476,1.5689617720468114e-06,3.148539631135786e-05,-0.05493655908602028,-0.004362905167427417,0.0,1.2357700985702881e-05,6.19397644243946e-05,True
2.477,1.5729919525752714e-06,-2.341146264323823e-05,0.06524164245780638,0.005244835876253676,0.0,7.760652070113183e-06,-4.024800040589217e-05,True
2.478,1.5821852728269532e-06,4.178146073625799e-05,-0.04566366749645188,-0.0036196002895169145,0.0,1.0471564998909097e-05,5.0068386707218394e-05,True
2.479,1.6011451733305475e-06,-3.850963000659161e-06,0.06175499303888378,0.0049687579406705725,0.0,6.151514217020521e-06,-3.960952251472912e-05,True
2.48,1.6281558392944997e-06,5.785585587618278e-05,-0.07126177264718049,-0.005664692303961997,0.0,1.0563975193835322e-05,6.396461957215154e-05,True
2.481,1.650397116907584e-06,-1.3356332250993854e-05,-0.01282709553272008,-0.0009980632543833891,0.0,1.1072739665575527e-05,-5.041854773951647e-06,True
2.482,1.6306310633902296e-06,-2.6171829806908222e-05,-0.019769456301964288,-0.001555345764592948,0.0,1.2018326609946219e-05,-1.0864850082336278e-05,True
2.483,1.5945806123572575e-06,-4.5922782824782995e-05,0.016627284336139744,0.0013533744639746361,0.0,1.0581876492275973e-05,-4.669595675701299e-05,True
2.484,1.5569688820160444e-06,-2.9303422140510607e-05,0.013739092985559984,0.0011236364680642262,0.0,9.37215815600562e-06,-4.326759154716816e-05,True
2.485,1.5345325425453615e-06,-1.5571848228557425e-05,0.057204428495773424,0.004602107243640264,0.0,5.3801478085558545e-06,-6.921777527032081e-05,True
2.486,1.5475486602542942e-06,4.15893057567573e-05,-0.02978032026548504,-0.002349579028663415,0.0,7.130167124640033e-06,4.686748503625592e-06,True
2.487,1.5742539683428565e-06,1.1827749121828555e-05,0.04710204325904766,0.0037979193620486036,0.0,3.852859261149341e-06,-5.783792196241193e-05,True
2.488,1.6096200830432907e-06,5.8891388571431524e-05,-0.041731273792217694,-0.0033024617752540645,0.0,6.417727035330586e-06,1.4063049469761354e-05,True
2.489,1.647654447256535e-06,1.7186339494682015e-05,0.10999054157441641,0.008830963466743294,0.0,-9.147295743697102e-07,-9.929102260231403e-05,True
2.49,1.7198068948072697e-06,0.00012708837538150661,-0.032413926783515436,-0.0025469070135289234,0.0,1.1734668212836202e-06,3.24749560511264e-05,True
2.491,1.830691947093576e-06,9.468567147491414e-05,-0.016915765202077694,-0.0013089464805415415,0.0,2.2000863692970734e-06,9.880710047009498e-06,True
2.492,1.9169205725270344e-06,7.777257400690242e-05,-0.027107272523537458,-0.002124744522696682,0.0,3.858176652512688e-06,8.850163884198362e-06,True
2.493,1.9811436233018236e-06,5.067789265921249e-05,0.05363272321615794,0.004332359789631174,0.0,2.4085197844862525e-07,-5.344207691798787e-05,True
2.494,2.058622071901282e-06,0.00010426270341252415,0.003203167754851163,0.00030582014209181905,0.0,-1.3601431541270272e-08,-1.1935503841188213e-06,True
2.495,2.1644816202847085e-06,0.00010745162649196793,0.02429803111574303,0.0019956973536036033,0.0,-1.6291652400430186e-06,-1.288183988553978e-05,True
2.496,2.284071934385713e-06,0.00013171845066049705,-0.05901899922008672,-0.004664600428708736,0.0,2.19400983049159e-06,4.9319031167936904e-05,True
2.497,2.386291250366449e-06,7.273109447709035e-05,0.035572528620142436,0.0028974832634552417,0.0,-2.1430888005290169e-07,-3.317673435599315e-05,True
2.498,2.4767966594706623e-06,0.00010826744606099601,0.005334370543108013,0.00048432407684643254,0.0,-6.004005934493236e-07,-2.5211403958974615e-07,True
2.499,2.587725849194234e-06,0.00011358544416542417,-0.0698003686890586,-0.005523820176539341,0.0,3.8893436958705694e-06,4.909125954675339e-05,True
2.5,2.666424949085112e-06,4.382724340216123e-05,0.01154111823998608,0.0009765443774906778,0.0,2.9883951883028384e-06,-3.0036169642590836e-05,True
2.501,2.716018116306396e-06,5.535434965434695e-05,-0.06761117556301073,-0.005353363196988821,0.0,7.238410868787229e-06,2.2679354306025475e-05,True
2.5020000000000002,2.73758233347966e-06,-1.2209833489213728e-05,0.035624725664662196,0.002897789355156904,0.0,4.686885576832203e-06,-7.064131401122439e-05,True
2.503,2.7431760836964313e-06,2.338822495416219e-05,0.016530275343019735,0.001374605783942614,0.0,3.4410177394785667e-06,-4.666276705210224e-05,True
2.504,2.7748242836021106e-06,3.990285955591348e-05,-0.020280705546594547,-0.0015677212634760162,0.0,4.61290894805692e-06,-1.8472771938953604e-05,True
2.505,2.8045905529953122e-06,1.963363014829363e-05,0.03497475228381674,0.0028508188482770504,0.0,2.173823392219638e-06,-6.234426151083101e-05,True
2.5060000000000002,2.841701755002991e-06,5.457864627096611e-05,0.037211693330142695,0.0030346355355539856,0.0,-3.449777043647126e-07,-5.071389935989099e-05,True
2.507,2.914874553712944e-06,9.175491347466124e-05,-0.016578060477022673,-0.0012627665065780215,0.0,6.87281992988151e-07,-2.218684764538351e-06,True
2.508,2.998341295810385e-06,7.517958446462293e-05,-0.041644597863161235,-0.003268576135592557,0.0,3.3144247183630274e-06,7.116508146078561e-06,True
2.509,3.0527065608296125e-06,3.355931162275217e-05,0.01736204423949458,0.00144793937464923,0.0,2.048073107195468e-06,-4.673655746386028e-05,True
2.5100000000000002,3.094941134917321e-06,5.09039167842757e-05,0.009300079473859652,0.0008058237683513972,0.0,1.3375416682454772e-06,-3.5407833254618125e-05,True
2.511,3.1504907719212523e-06,6.019095247234519e-05,0.011524009536064275,0.000985852511076406,0.0,5.013744864924426e-07,-3.327905834737819e-05,True
2.512,3.21643848488775e-06,7.169912352417917e-05,-0.09641682111928891,-0.007646845901992232,0.0,6.678943551241429e-06,3.8674358774452194e-05,True
2.513,3.239951509217322e-06,-2.4649870171543546e-05,0.07085179628293836,0.005723504845380395,0.0,1.855244871343578e-06,-0.00010520479637599216,True
2.5140000000000002,3.2507100906684352e-06,4.6148930546352084e-05,-0.022987797779502207,-0.0017749731690625825,0.0,3.2398923195747985e-06,-1.960147324816733e-05,True
2.515,3.285369352694053e-06,2.3174037331440736e-05,-0.05119860648861077,-0.004033970986260595,0.0,6.4144467771257926e-06,-1.178882386635642e-05,True
2.516,3.282956492919362e-06,-2.7986876614064964e-05,0.010869562861879366,0.00092529982062921,0.0,5.483430212082381e-06,-7.247382844053599e-05,True
2.517,3.2604026285766985e-06,-1.712272226176253e-05,0.022385952358921914,0.0018475087093567221,0.0,3.832070886754765e-06,-7.72074856800322e-05,True
2.5180000000000002,3.2544677200979832e-06,5.2475354882100135e-06,-0.01692697087738733,-0.0012949475469706375,0.0,4.772010211397859e-06,-4.508412052374513e-05,True
2.519,3.25125596228488e-06,-1.1666702262526376e-05,-0.06381226429038464,-0.005047858540181147,0.0,8.724105905958363e-06,-2.3859701643791712e-05,True
2.52,3.2077001105380836e-06,-7.54274282867386e-05,-0.023609487589525337,-0.0018400716965667502,0.0,9.966800634588491e-06,-7.671207231479831e-05,True
2.521,3.1204768874218988e-06,-9.900985173366606e-05,0.032961319865966524,0.002681192991042876,0.0,7.5133342270958e-06,-0.00012468368055540264,True
2.5220000000000002,3.0379428608461133e-06,-6.606334279194164e-05,0.013236255107159279,0.0011056557789329393,0.0,6.4051378895400974e-06,-0.00010212489227324414,True
2.523,2.9784966901413207e-06,-5.2830077629633035e-05,-0.034487552825284505,-0.002711730894915773,0.0,8.419349281266308e-06,-6.92518205493243e-05,True
2.524,2.9084337584598396e-06,-8.728454510329516e-05,0.056960379445702404,0.004598708017896074,0.0,4.457094023986635e-06,-0.0001423550211795852,True
2.525,2.849617906264015e-06,-3.0359184582969554e-05,0.06995228165372121,0.005643832552460492,0.0,-2.3912528232917393e-07,-0.0001294281802088767,True
2.5260000000000002,2.854217863235374e-06,3.9541451475788795e-05,0.04541178355455784,0.0036890635800799583,0.0,-3.2194444687246697e-06,-8.603255807041011e-05,True
2.527,2.9164519498160587e-06,8.491304544452593e-05,-0.020117320016522156,-0.0015466999007717405,0.0,-1.8758165681764074e-06,-2.5325213957895833e-05,True
2.528,2.9913083682510897e-06,6.480201194661977e-05,-0.047976235644378494,-0.003776479059488166,0.0,1.2352220062157709e-06,-1.4054975314068118e-05,True
2.529,3.032132272549699e-06,1.685625180823188e-05,-0.021834417424625958,-0.0016901522628471942,0.0,2.568760056928032e-06,-4.856593974040014e-05,True
2.5300000000000002,3.038076345028259e-06,-4.9628751565649105e-06,-0.020649376155356124,-0.0015978602632367694,0.0,3.7897751672472937e-06,-5.7995880592503745e-05,True
2.531,3.0227943218281053e-06,-2.559544021564513e-05,-0.028169113520237196,-0.0022021902366519473,0.0,5.46552262133498e-06,-6.207163964694565e-05,True
2.532,2.9831225880443787e-06,-5.373950391686748e-05,-0.030030899674175857,-0.0023552245078192935,0.0,7.217693646494955e-06,-7.329876490144732e-05,True
2.533,2.9143774352153145e-06,-8.37407238004129e-05,0.05921278319792112,0.004779432562811515,0.0,3.1431577433056116e-06,-0.0001427094388902869,True
2.5340000000000003,2.860230889348957e-06,-2.456513086129607e-05,0.08035917529999342,0.0064772703643044,0.0,-2.190672933066936e-06,-0.0001333521211937419,True
2.535,2.8758254313571973e-06,5.5733556115775036e-05,0.05555884298952431,0.004503160323660268,0.0,-5.774872747644203e-06,-8.48597926568368e-05,True
2.536,2.9593219143768745e-06,0.00011124240213212757,-0.04066681402331495,-0.003186728239150557,0.0,-3.0308656340263047e-06,4.4901600873374897e-08,True
2.537,3.0502372836139844e-06,7.059508855621603e-05,0.030998279324717784,0.0025432380277092205,0.0,-5.004272703271892e-06,-5.807439013750051e-05,True
2.5380000000000003,3.1363208282368708e-06,0.00010156103139872138,-0.02696650250379649,-0.002088679101627609,0.0,-3.171213070687175e-06,-6.894942629307061e-06,True
2.539,3.224401793181696e-06,7.460433445743113e-05,-0.013102179982076505,-0.0009811826461539582,0.0,-2.286860760057208e-06,-2.3713689666256133e-05,True
2.54,3.2924556381842733e-06,6.150407852677888e-05,-0.02620678070331547,-0.0020298977653547073,0.0,-5.784090256793052e-07,-1.8780324184355053e-05,True
2.541,3.34086081574821e-06,3.53110094815521e-05,-0.000654507493793023,1.2012216317812195e-05,0.0,-5.717433580024117e-07,-4.375116947912363e-05,True
2.5420000000000003,3.375843417518092e-06,3.465304672007107e-05,-0.027833455329640367,-0.002161752879249495,0.0,1.1948670847340898e-06,-2.600716115908713e-05,True
2.543,3.396585654264489e-06,6.837602573898377e-06,0.011337116942543204,0.000968928409489085,0.0,3.7644703821200225e-07,-6.087487478913231e-05,True
2.544,3.4090886194938643e-06,1.8165027274134733e-05,-0.04364677751513387,-0.003428198802786924,0.0,3.141647974608362e-06,-2.159492931220552e-05,True
2.545,3.4054408938683875e-06,-2.5449438498527202e-05,0.07561135586874246,0.006107152472969204,0.0,-1.8924493145256435e-06,-0.00011329760987231462,True
2.5460000000000003,3.417778482693429e-06,5.010526547481818e-05,-0.016383096468001346,-0.0012431150728946477,0.0,-8.32246238490789e-07,-2.5083810968403925e-05,True
2.547,3.4596945695211275e-06,3.372943017384265e-05,-0.03652859865765761,-0.0028559658587403677,0.0,1.5038626498392075e-06,-1.7704182871772696e-05,True
2.548,3.4751679071675507e-06,-2.7742095260041357e-06,0.016861673752787992,0.001411154017408935,0.0,3.186082286624403e-07,-6.493702399608701e-05,True
2.549,3.480820266595938e-06,1.4074504390423652e-05,0.058353420753297705,0.0047326173655893936,0.0,-3.5224999928700127e-06,-8.356508104802977e-05,True
2.5500000000000003,3.5240558238191438e-06,7.238041277973339e-05,0.015414426621999856,0.001305272784122301,0.0,-4.4795730976245474e-06,-3.1884836530484844e-05,True
2.551,3.604136739990445e-06,8.777456817865266e-05,-0.03547928214951667,-0.0027629351624600673,0.0,-2.1154271697889793e-06,8.515322374767793e-06,True
2.552,3.6741775758949873e-06,5.231334214792973e-05,0.025668644762923132,0.002125904378457712,0.0,-3.776855856036022e-06,-4.1608186442541194e-05,True
2.553,3.7393166240114045e-06,7.795590099804365e-05,-0.012969160963048319,-0.0009608704696918951,0.0,-2.8917866862763815e-06,-5.215777829938022e-06,True
2.5540000000000003,3.8107883849381574e-06,6.498818253183551e-05,-0.09579747950187463,-0.007587405587317263,0.0,3.333815031405348e-06,4.3316896232488075e-05,True
2.555,3.827900230066339e-06,-3.074120243905476e-05,0.008466064568873841,0.0007424984253584148,0.0,2.6381211435854276e-06,-5.9443472093229695e-05,True
2.556,3.8013910171827106e-06,-2.2278344892451688e-05,-0.023350998219045755,-0.001802328220601466,0.0,4.022731654173263e-06,-3.678769054742616e-05,True
2.557,3.767444062781387e-06,-4.560845859636732e-05,0.04864425437984566,0.0039538813284861534,0.0,7.072037704629646e-07,-9.167906269226661e-05,True
2.5580000000000003,3.74614682850769e-06,3.002636326901662e-06,0.00025850688982973657,8.847151045874555e-05,0.0,6.155247077706979e-07,-4.227714834050545e-05,False
2.559,3.749278538696879e-06,3.2606021253117612e-06,-0.06316921117099589,-0.00498565860772809,0.0,4.635051220285771e-06,-2.207885500507942e-06,True
2.56,3.7209707916019995e-06,-5.985925537561323e-05,0.02637882979396886,0.0021701007471212714,0.0,2.7465268965357518e-06,-8.369778967215401e-05,True
2.561,3.674296355467714e-06,-3.3494457605707194e-05,-0.05595346421688479,-0.004414159137865049,0.0,6.242908027293888e-06,-2.2655415909548195e-05,True
2.562,3.612840929008853e-06,-8.940011484542143e-05,-0.07997481585376363,-0.0063436821453603815,0.0,1.1202568241387083e-05,-3.13174872045562e-05,True
2.563,3.4834774934538904e-06,-0.00016930193046283033,-0.013993443226222653,-0.001077089094871182,0.0,1.175722346925966e-05,-0.00010745526677238044,True
2.564,3.307188816056984e-06,-0.00018326532290125787,0.01781750786766553,0.0014629381893541175,0.0,1.0239457468629535e-05,-0.0001369577260029945,True
2.565,3.1328344972162873e-06,-0.00016544123248341843,-0.009981871307744618,-0.0007620116315676865,0.0,1.0566283881719132e-05,-0.00011631195908511529,True
2.566,2.962411118910767e-06,-0.00017539664460294914,-0.012851209082168294,-0.0009958209237854237,0.0,1.1073167272751726e-05,-0.0001220504506605614,True
2.567,2.780598776751946e-06,-0.00018821801664662264,0.012338109606252815,0.0010145133844841653,0.0,9.937884488111665e-06,-0.00014654488771150492,True
2.568,2.598553671396777e-06,-0.0001758684547830622,0.017722228637530653,0.0014434480425136267,0.0,8.487460196939572e-06,-0.00014841140690585971,True
2.569,2.4315483284847903e-06,-0.00015814040031750267,0.028110980508055678,0.00227366946251908,0.0,6.405896982840814e-06,-0.0001506351046219682,True
2.57,2.287462057812313e-06,-0.0001300337643089146,-0.058271623821604494,-0.004636159640404807,0.0,9.978328760982822e-06,-8.764680102034324e-05,True
2.571,2.128312464769622e-06,-0.00018824490149677505,-0.04643331664121065,-0.003698945095110612,0.0,1.269063935893927e-05,-0.00012080174862715035,True
2.572,1.9168700007772343e-06,-0.00023462050404349745,-0.058321841622864544,-0.004659398130300393,0.0,1.6103777620265195e-05,-0.00013574766345319348,True
2.573,1.6531124926518536e-06,-0.00029287005959952695,-0.009502145607251796,-0.0007655600308643536,0.0,1.6267281923224768e-05,-0.0001945337246519167,True
2.574,1.3555048024856413e-06,-0.00030233179530016023,0.005342972433917541,0.00041555706572212565,0.0,1.5469782382305745e-05,-0.0002132667343398138,True
2.575,1.0558544412606512e-06,-0.00029695903361444604,0.07697791664913634,0.006141603627839866,0.0,1.0058409093868038e-05,-0.00026119265161162603,True
2.576,7.973755388280962e-07,-0.00022000831548657127,-0.01305309166766125,-0.0010562955715723828,0.0,1.0628653023655084e-05,-0.00017830292996666558,True
2.577,5.708523091475821e-07,-0.00023302639500415097,0.016320015183331652,0.0012879133888306904,0.0,9.284591287089401e-06,-0.00020483485456567222,True
2.578,3.459904254740391e-07,-0.00021669302338098647,-0.03347926941011169,-0.002698116887956121,0.0,1.120617524895822e-05,-0.00017008047044952593,True
2.579,1.1257457087594964e-07,-0.00025012157603442834,-0.019238124029873956,-0.0015670381692382811,0.0,1.2157448152217123e-05,-0.00019529574840478775,True
2.58,-1.4715170304680297e-07,-0.00026931643370865115,-0.04863544583324219,-0.003925802369359256,0.0,1.4991692430785265e-05,-0.00018820896191711254,True
2.581,-4.4076315383388354e-07,-0.00031788331634029004,-0.025237805087562595,-0.0020651041417348525,0.0,1.6238975756013904e-05,-0.00022657563301725343,True
2.582,-7.71246912874176e-07,-0.0003430655134984653,0.06424143461829598,0.005084264463412127,0.0,1.1661948537493568e-05,-0.00029751601445629597,True
2.583,-1.0821955055305654e-06,-0.0002788360682652207,0.07420342260055929,0.005883333960753367,0.0,6.567614805051753e-06,-0.00028224312113020125,True
2.584,-1.323938649620245e-06,-0.0002046596981662766,-0.0001188169754367224,-5.789541750805539e-05,0.0,6.428366950259238e-06,-0.00020838145187709108,True
2.585,-1.5286500536065718e-06,-0.00020475540934467788,0.006990510590854891,0.0005071544971821117,0.0,5.835535095650991e-06,-0.00021393395051929503,True
2.586,-1.729904344715669e-06,-0.00019774737792537412,-0.028993872344945555,-0.002374377751151571,0.0,7.5927286363828016e-06,-0.00018964188844268107,True
2.587,-1.942133728500202e-06,-0.0002266961942361511,0.06800272325480695,0.005378055909963215,0.0,3.0228489503612528e-06,-0.00026284446360821695,True
2.588,-2.13483769502067e-06,-0.00015872150562508714,-0.03227187965492202,-0.002639224031579144,0.0,5.074204673694452e-06,-0.00017366260392204767,True
2.589,-2.309680823155482e-06,-0.00019095013727000117,0.01149120382053641,0.000854808034353714,0.0,4.2382490478377555e-06,-0.0002138994782844126,True
2.59,-2.4948811800239943e-06,-0.0001794465073909578,-0.026837356967543913,-0.00221342999953086,0.0,5.910387738409852e-06,-0.0001857202122726516,True
2.591,-2.687732680754702e-06,-0.00020624256349144462,0.009418599604331782,0.0006803596724739847,0.0,5.191988351107561e-06,-0.00021955898292730545,True
2.592,-2.889260655314415e-06,-0.00019680818698219666,0.03995441566432897,0.003120729578912794,0.0,2.5179404392034644e-06,-0.00023548371174337694,True
2.593,-3.066094616355887e-06,-0.00015686308987961398,-0.03272259832527015,-0.0026918211399015717,0.0,4.6261940623042345e-06,-0.0001741619830977262,True
2.594,-3.2393046408819556e-06,-0.00018954229439891042,0.025277702946665436,0.0019411636768694905,0.0,2.92329489708145e-06,-0.00022328226095295856,True
2.595,-3.4162075326713492e-06,-0.00016426317500624796,-0.0023156321126280017,-0.00026645388559907415,0.0,3.0562006170824405e-06,-0.0001959171706911131,True
2.596,-3.5816217657748105e-06,-0.00016655851446739392,-0.013659801254144226,-0.0011772403138515719,0.0,3.922818667490284e-06,-0.0001894294695744573,True
2.597,-3.7550003955368693e-06,-0.00018018883601659687,-0.0022727456733945546,-0.0002710323213132197,0.0,4.031105038300859e-06,-0.0002018820834719472,True
2.598,-3.9363182605623796e-06,-0.00018243953208650976,-0.015766245731176496,-0.0013540461310346237,0.0,5.0132568234782624e-06,-0.00019449428192586457,True
2.599,-4.12662998870568e-06,-0.00019817285444857265,-0.02638085290724957,-0.0022085283149104965,0.0,6.6594627555339366e-06,-0.0001945649256473686,True
2.6,-4.3379790008521235e-06,-0.00022451066018016754,0.024082939386382732,0.0018216102496736602,0.0,4.995744985398432e-06,-0.00023749825254285433,True
2.601,-4.550446019601152e-06,-0.00020042143205179907,0.10942080655913296,0.008647705924531601,0.0,-2.1480258640109176e-06,-0.00028187287295693966,True
2.602,-4.69617790615161e-06,-9.10642145640921e-05,0.06530751663304159,0.005129142422584908,0.0,-6.2403023962736924e-06,-0.00020949264671922953,True
2.603,-4.7546018817862724e-06,-2.579786187088156e-05,0.009834810616412119,0.0006981062720163107,0.0,-6.628719957526107e-06,-0.00014537972666180224,True
2.604,-4.775483921273901e-06,-1.5967891450097305e-05,0.058263354429042936,0.004573193496766494,0.0,-1.0143852182832245e-05,-0.00016733093236257727,True
2.605,-4.762334643533461e-06,4.225139952280304e-05,-0.01478238694273552,-0.0012632428110597076,0.0,-8.833505917683389e-06,-9.343053078167732e-05,True
2.606,-4.727472188519583e-06,2.7475896935141675e-05,0.03431036214242504,0.002663031579632868,0.0,-1.0739464518909259e-05,-0.00012451378996931935,True
2.607,-4.682851036506568e-06,6.17561640584108e-05,-0.07088914014199481,-0.005748011790329694,0.0,-5.78084666587969e-06,-3.9768202008932845e-05,True
2.608,-4.656523377281994e-06,-9.084123418646122e-06,0.02942999463611215,0.0022694920552876587,0.0,-7.454662392180799e-06,-0.00012596301890202582,True
2.609,-4.650899793501498e-06,2.0323728390450533e-05,-0.02242931186586462,-0.0018756222981453424,0.0,-5.724674147750297e-06,-7.78903708356404e-05,True
2.61,-4.641785667397975e-06,-2.0902146647744835e-06,-0.016822260497594232,-0.001429583807580475,0.0,-4.404878679935126e-06,-8.649744842926044e-05,True
2.611,-4.652282572261161e-06,-1.8898999384124736e-05,0.047342180372216394,0.003701365463550516,0.0,-7.2771011169819174e-06,-0.0001300203145389889,True
2.612,-4.647522047952173e-06,2.8408043134103087e-05,-0.1104909871678816,-0.008919525405117576,0.0,1.5142029533544577e-07,-9.274883646691998e-06,True
2.613,-4.674331915062873e-06,-8.199917115510139e-05,-0.015018452893503082,-0.0012954541064899906,0.0,1.1960797254190491e-06,-0.00011065962865856763,True
2.614,-4.763833344845682e-06,-9.699658294608846e-05,0.020148480482987993,0.0015144898484782867,0.0,-6.41248404659334e-08,-0.00013800433760382226,True
2.615,-4.850757275665635e-06,-7.685305481499051e-05,-0.0020753100396632275,-0.0002625608007128385,0.0,1.5029230133904324e-07,-0.00011546461790579298,True
2.616,-4.928644566502666e-06,-7.891808989912346e-05,-0.04639986086758761,-0.0038101746423919516,0.0,3.231194659108343e-06,-8.788660860054655e-05,True
2.617,-5.030747597903072e-06,-0.00012527255589352886,-0.003957660704984095,-0.00042219901986820636,0.0,3.4814838953831725e-06,-0.00013285873489565339,True
2.618,-5.157993262042678e-06,-0.00012921301568123077,-0.011380525820702873,-0.0010187915062547456,0.0,4.207750753615022e-06,-0.00013046311688417602,True
2.619,-5.29288874620627e-06,-0.00014057005499782502,0.0165286787912208,0.0012101538992662121,0.0,3.1086210567383115e-06,-0.00015325902208652571,True
2.62,-5.425193477984686e-06,-0.00012403857994978116,0.0714951232366335,0.005607071746732982,0.0,-1.5196165819004118e-06,-0.00018161116625386385,True
2.621,-5.513498383958616e-06,-5.258578320723217e-05,-0.004723147099621378,-0.0004834050328658331,0.0,-1.0851294456798875e-06,-0.00010498704969894491,True
2.622,-5.568442544864793e-06,-5.7299299899020475e-05,0.02463241538063152,0.0018634853486550727,0.0,-2.563271808478492e-06,-0.00012382552619695484,True
2.623,-5.613429875878973e-06,-3.267982979052671e-05,-0.03366916122513174,-0.0027984962153512244,0.0,-2.246396395327662e-07,-7.610253037813647e-05,True
2.624,-5.6629343314658e-06,-6.631881554497323e-05,-0.005694780858496706,-0.0005654735445115176,0.0,2.3959998143497824e-07,-0.00010572574690096262,True
2.625,-5.732096574867148e-06,-7.200165706062847e-05,-0.013265436003976127,-0.0011730528175129741,0.0,1.1826500366274883e-06,-0.00010260958681826297,True
2.626,-5.810724811401319e-06,-8.52485558935485e-05,0.0025019120218880276,8.533008843859266e-05,0.0,1.0800404498092253e-06,-0.00011738492891518894,False
2.6270000000000002,-5.894719864360761e-06,-8.273902762986246e-05,0.03696773104535372,0.0028413848427542203,0.0,-1.2512844558568018e-06,-0.00013766365762742387,True
2.628,-5.9589815099574435e-06,-4.579109046153327e-05,-0.043771527795850695,-0.0036144788217026737,0.0,1.7108805462951513e-06,-7.186551492944096e-05,True
2.629,-6.026645298658505e-06,-8.95230169921831e-05,0.039354664966091385,0.003029150819872396,0.0,-7.903596472212265e-07,-0.00014067264001766552,True
2.63,-6.0964978312401485e-06,-5.018926184864477e-05,0.058501487573831404,0.004564359333522352,0.0,-4.463798307844391e-06,-0.00013637322164220659,True
2.6310000000000002,-6.11744963624917e-06,8.27182274291035e-06,-0.08391753077089986,-0.006822523936395325,0.0,1.1870169773134055e-06,-2.2488503761648843e-05,True
2.632,-6.1511151307264645e-06,-7.558058688745577e-05,-0.08291128847330409,-0.0067526928206438986,0.0,6.621144286170028e-06,-5.555925816512339e-05,True
2.633,-6.2681270312989015e-06,-0.0001584181177262576,-0.04664729348214835,-0.003863619939262399,0.0,9.561937718758246e-06,-0.00011257605836140558,True
2.634,-6.44985076254601e-06,-0.00020501088246651568,0.05217518654191431,0.004033316303731335,0.0,6.025108468646607e-06,-0.00019576475739985244,True
2.6350000000000002,-6.628779894764027e-06,-0.00015285371109392321,-0.006102664897946139,-0.0006258736752727144,0.0,6.3611367106466744e-06,-0.00014129918426721277,True
2.636,-6.78467762613568e-06,-0.00015893438547726554,-0.0673762666792328,-0.005531297657866339,0.0,1.065964510983186e-05,-0.00010767042819510165,True
2.637,-6.9772767177454765e-06,-0.00022623974965166387,-0.027164842657389127,-0.0023259271634687483,0.0,1.2240891737058284e-05,-0.00016281619394874355,True
2.638,-7.217083364582359e-06,-0.00025335777216906974,-0.03375087420602196,-0.0028603803697045274,0.0,1.4210081339412525e-05,-0.000173909315244217,True
2.6390000000000002,-7.487298325531974e-06,-0.00028705359319381737,0.08871544061612914,0.006928017448247498,0.0,8.19763575631379e-06,-0.0002687152949906268,True
2.64,-7.73000644019501e-06,-0.00019837570345321596,-0.00916104780819072,-0.0008958290249931537,0.0,8.690681726777087e-06,-0.00017623509982779946,True
2.641,-7.932952855965173e-06,-0.00020750723493427595,-0.02408011876395621,-0.0020941035207159833,0.0,1.0140017484087845e-05,-0.00017350047125205424,True
2.642,-8.152486128154894e-06,-0.0002315450678503025,0.029003162576147455,0.002145722847642972,0.0,8.11522116053639e-06,-0.0002194910286240344,True
2.6430000000000002,-8.369528455009428e-06,-0.00020253869826467055,0.04806819248989766,0.0036704992432098826,0.0,4.913170971201445e-06,-0.00022283188873573675,True
2.644,-8.548037927857198e-06,-0.00015448556631783293,0.008012080939151916,0.0004685635244725838,0.0,4.3945276445094335e-06,-0.00018056494042916523,True
2.645,-8.698513740051533e-06,-0.00014646242104988884,-0.03420105174493487,-0.002910232877441704,0.0,6.626450243605688e-06,-0.00015223913188607894,True
2.646,-8.86206232900128e-06,-0.00018062008477106182,0.013341985566863898,0.0008861673132545615,0.0,5.721111723945153e-06,-0.00019711775735469246,True
2.6470000000000002,-9.036008109602395e-06,-0.00016726829141874868,0.032924847730179195,0.0024512674774712423,0.0,3.5741429888768755e-06,-0.00020577247383777997,True
2.648,-9.186816243743013e-06,-0.00013435055081331785,-0.009297587007391748,-0.0009252917190763122,0.0,4.222075551197217e-06,-0.00016742209987249924,True
2.649,-9.325808141113695e-06,-0.0001436257131185373,0.018017892978362572,0.0012563318061547346,0.0,3.085148870673624e-06,-0.00018900509645753262,True
2.65,-9.46042419550036e-06,-0.00012560585245611724,0.015068927891530944,0.0010201538935087349,0.0,2.171679960566489e-06,-0.00018067450194077933,True
2.6510000000000002,-9.578494782648037e-06,-0.00011053466194198663,0.058616025398905716,0.004503604966391754,0.0,-1.5365093228436988e-06,-0.00020204353102092575,True
2.652,-9.659732486431476e-06,-5.1952344340673915e-05,0.032345215887276686,0.0024075078049054875,0.0,-3.4423635565327335e-06,-0.0001614752030225011,True
2.653,-9.695518661854186e-06,-1.9626745668363994e-05,-0.018818026306027195,-0.0016823166498757547,0.0,-1.982606978108118e-06,-0.00011478277206807606,True
2.654,-9.72454880578722e-06,-3.8427753498148685e-05,0.05283324811598649,0.004047006640354971,0.0,-5.203348189542277e-06,-0.00016504518113058726,True
2.6550000000000002,-9.736572193397621e-06,1.4368230606379385e-05,0.0437649319799191,0.003327660446585136,0.0,-7.750346780595845e-06,-0.00013593249589606698,True
2.656,-9.700333382834146e-06,5.809709975122273e-05,0.05032408762387808,0.003858292660989379,0.0,-1.0654824937412465e-05,-0.00011899781350756658,True
2.657,-9.617089465187579e-06,0.00010837504490148094,0.0017630919480201453,-1.905524914358708e-05,0.0,-1.0337436984414065e-05,-6.399917082482397e-05,True
2.658,-9.507837393988932e-06,0.00011012456325495295,-0.023769970895546104,-0.002059523797144895,0.0,-8.376842578260715e-06,-4.2356845538209285e-05,True
2.6590000000000003,-9.409595781196481e-06,8.636091904367178e-05,-0.02868982360933499,-0.0024541953025230953,0.0,-6.152239507198188e-06,-4.436456451121964e-05,True
2.66,-9.337575572544164e-06,5.768396654363367e-05,0.02476898648310126,0.001820364634327542,0.0,-7.451864002401108e-06,-8.565564772407546e-05,True
2.661,-9.26751569723032e-06,8.242697135034133e-05,-0.06895778312219786,-0.005673546695763932,0.0,-2.6467126373420213e-06,-1.4089847299994442e-05,True
2.662,-9.21955282783317e-06,1.3514196467814016e-05,-0.07875701605097038,-0.006464891531402489,0.0,2.6630253980502542e-06,-3.3224634565704825e-05,True
2.6630000000000003,-9.245397225765597e-06,-6.518234972957074e-05,-0.006963945590211006,-0.0007313546792482097,0.0,3.179745066322684e-06,-0.00010929954667144884,True
2.664,-9.314057299248267e-06,-7.21334848072724e-05,-0.041351933463032266,-0.0034844637266059227,0.0,5.911058952383112e-06,-9.169152215626607e-05,True
2.665,-9.406853325014754e-06,-0.00011344475947798829,-0.015464639498213596,-0.001420107890844712,0.0,6.893423994902386e-06,-0.000126116892737177,True
2.666,-9.528022141967626e-06,-0.00012888447088733613,0.037939851497955215,0.00284821758477452,0.0,4.391814744217282e-06,-0.00016806120742831604,True
2.6670000000000003,-9.637941692842885e-06,-9.095998974919189e-05,0.0952678530864532,0.007437030097675181,0.0,-1.7545363600116946e-06,-0.00019065256257752507,True
2.668,-9.681289047496392e-06,4.243105986809288e-06,-0.05896174738288845,-0.004890693820767594,0.0,2.2552633107316284e-06,-5.663792370035487e-05,True
2.669,-9.706511686582269e-06,-5.467270988256607e-05,-0.006704368124624108,-0.0007176273855143175,0.0,2.772423771977548e-06,-0.00011267923378621914,True
2.67,-9.764532792752413e-06,-6.136565352869777e-05,0.04954595966676565,0.0037805513046482654,0.0,-3.6732208767223334e-07,-0.00015119782628507465,True
2.6710000000000003,-9.80113601243703e-06,-1.1851791282866879e-05,0.04861270932068572,0.003711174082477047,0.0,-3.3619114070313584e-06,-0.00013095964234014027,True
2.672,-9.788693609148087e-06,3.6723987754497275e-05,0.019269702463790107,0.0013697865906690827,0.0,-4.375773505349565e-06,-9.210277038376299e-05,True
2.673,-9.742341143067346e-06,5.59743937867781e-05,-0.05625527071980795,-0.004669066870905435,0.0,-4.7114278179274713e-07,-3.544468511435791e-05,True
2.674,-9.714481896956188e-06,-2.4289243118421104e-07,0.05776478325810959,0.004446292839411814,0.0,-4.0580276741401706e-06,-0.0001277821332832854,True
2.6750000000000003,-9.685857365978476e-06,5.747645164964328e-05,0.024354406356335182,0.001780904250117159,0.0,-5.385050574158189e-06,-8.262477962209286e-05,True
2.676,-9.616212180350263e-06,8.18052259776849e-05,0.0174751418901715,0.0012347361590847373,0.0,-6.232224168481429e-06,-6.637606655497066e-05,True
2.677,-9.525676980949714e-06,9.925741492028081e-05,0.033319707715452895,0.00250602532136957,0.0,-8.084772731617235e-06,-6.66071523569198e-05,True
2.678,-9.409772072104424e-06,0.00013253973612455783,0.01033621429402243,0.0006734260145588617,0.0,-8.400933840080602e-06,-3.5761342047007334e-05,True
2.6790000000000003,-9.272071877195682e-06,0.00014285291182698296,-0.0013578846909492416,-0.00025838571964622366,0.0,-7.953631488623886e-06,-2.0756885905924902e-05,True
2.68,-9.129902910615458e-06,0.00014148003330423435,0.02614947110891418,0.0019445970403185644,0.0,-9.30279743049978e-06,-3.493349202563702e-05,True
2.681,-8.975360225336008e-06,0.0001675930139924338,0.011885890354397141,0.0008094259059748153,0.0,-9.694560989938907e-06,-1.191003278745039e-05,True
2.682,-8.801833630336132e-06,0.00017945070456101917,0.044364018552371806,0.0034122225633910165,0.0,-1.2182749596208668e-05,-2.339285620264997e-05,True
2.6830000000000003,-8.600219146135008e-06,0.00022375962659136982,0.007442121937299202,0.00046741696554447045,0.0,-1.2215964761939168e-05,2.194173047494878e-05,True
2.684,-8.372748776017044e-06,0.00023117073095246275,-0.040188605848388015,-0.0033380574581250524,0.0,-9.166882798544088e-06,5.959430314748869e-05,True
2.685,-8.161670593488388e-06,0.00019098776421467108,-0.04760564845820241,-0.003932443415633223,0.0,-5.722927888760876e-06,5.236920792632007e-05,True
2.686,-7.994480469606172e-06,0.00014339811103872076,-0.007271944010695825,-0.0007084483959839306,0.0,-4.987097223100503e-06,1.0991594204430448e-05,True
2.6870000000000003,-7.854721820506695e-06,0.00013611576683156103,0.03778594625964433,0.002897824600022213,0.0,-7.192179164164224e-06,-1.8057330239332733e-05,True
2.688,-7.699727980159819e-06,0.00017385666680266317,0.01782377346828809,0.0013081695738364903,0.0,-8.04759884278021e-06,1.1762820997731926e-05,True
2.689,-7.5169705651734216e-06,0.000191646862499531,-0.024443640802400846,-0.0020677991108652453,0.0,-6.145197976089884e-06,4.8079138506862485e-05,True
2.69,-7.337546369359659e-06,0.00016720091212217412,-0.07373140782058768,-0.006010524350840828,0.0,-1.1042212311473947e-06,7.152949411976038e-05,True
2.691,-7.207198311659136e-06,9.350873772423993e-05,-0.04410451085836769,-0.003646869389752371,0.0,1.8800031679153825e-06,2.4533329634253098e-05,True
2.692,-7.135733899154072e-06,4.942842711688953e-05,-0.006110679371570588,-0.0006113661486563935,0.0,2.3217570446597997e-06,-1.7502385408769517e-05,True
2.693,-7.089361080209312e-06,4.331699962833458e-05,0.030571509076080357,0.002323310266598061,0.0,3.7473537408396614e-07,-4.418542826468207e-05,True
2.694,-7.030767876440365e-06,7.385957532543913e-05,-0.038883726435258004,-0.003228388787557514,0.0,2.9781953331645938e-06,1.028472675161841e-05,True
2.695,-6.976342851206785e-06,3.499814926183126e-05,0.022167031886902798,0.0016519881575419216,0.0,1.5561508034458224e-06,-4.452192976457206e-05,True
2.696,-6.930268245435674e-06,5.7143798294030535e-05,0.08845300041066773,0.006958352460230859,0.0,-4.122244126393419e-06,-7.830320822103303e-05,True
2.697,-6.828923023229674e-06,0.00014552075226841483,0.017273669071418377,0.001276435401567546,0.0,-5.038970326509837e-06,1.6629807394059995e-06,True
2.698,-6.674775370145883e-06,0.00016276446269125857,-0.0368134235103541,-0.0030456881019680026,0.0,-2.4300212873229168e-06,4.380861311754593e-05,True
2.699,-6.530414175557812e-06,0.00012596171341003066,0.010626499352126088,0.0007476878986192501,0.0,-2.9665695898030366e-06,6.40678913006333e-07,True
2.7,-6.39914668951667e-06,0.0001365656853318614,-0.02207513587648581,-0.0018648076282903416,0.0,-1.3725310764966009e-06,2.5967618415642202e-05,True
2.701,-6.273617967746973e-06,0.000114492569056351,-0.06306006234204681,-0.005143991002496428,0.0,2.8315414661542567e-06,4.308362178730633e-05,True
2.702,-6.190643371431144e-06,5.14692673664596e-05,-0.014437922234863992,-0.001260289047390905,0.0,3.771772313178958e-06,-1.3295406341683053e-05,True
2.703,-6.146391251073332e-06,3.703692188714836e-05,-0.06548335735392193,-0.0053448592002066165,0.0,7.992701195159002e-06,1.0817875009403389e-05,True
2.704,-6.1420804176201345e-06,-2.8399058204669116e-05,0.06022976175865251,0.004704415606190479,0.0,3.956943990283663e-06,-9.66995322868298e-05,True
2.705,-6.140379146828072e-06,3.178649012554714e-05,0.08472446644508748,0.006671244869779158,0.0,-1.557013831124504e-06,-9.070547164316526e-05,True
2.706,-6.066253582491929e-06,0.00011644069607017534,-0.00627308548492608,-0.0005970665197505201,0.0,-1.0294332612136718e-06,-8.861086076334979e-07,True
2.707,-5.9529521675594265e-06,0.00011015945532675539,0.031154811813802634,0.002398450940727352,0.0,-2.942324578286444e-06,-2.6492982961412078e-05,True
2.708,-5.827227513614778e-06,0.00014127735876894604,-0.03004891735381651,-0.0024918502004981132,0.0,-8.412463914539427e-07,2.4637739211922327e-05,True
2.709,-5.700972118316129e-06,0.00011123620736731827,0.041814357249150544,0.0032558794266864316,0.0,-3.4537450173531685e-06,-3.1703875085279756e-05,True
2.71,-5.5688437437965675e-06,0.00015300514507666805,0.01932686190729648,0.0014642703826045803,0.0,-4.541509638403549e-06,-3.3065097972044495e-07,True
2.711,-5.406185914400471e-06,0.00017229959071587197,0.06512365451152607,0.005133256965348782,0.0,-8.569286260269668e-06,-1.9713166272238754e-05,True
2.712,-5.201347840583071e-06,0.00023735261294099188,0.0385993072190404,0.003022802629945656,0.0,-1.0774045459327335e-05,2.5409484748596773e-05,True
2.713,-4.944714479494398e-06,0.0002758948504383026,0.011956059177248748,0.000900587255601597,0.0,-1.1197928588497489e-05,6.126236239036857e-05,True
2.714,-4.662855041626559e-06,0.00028781047696161137,9.966938485339753e-05,-4.14205827256129e-05,0.0,-1.0847039452203541e-05,7.773097857895488e-05,True
2.715,-4.375005544660475e-06,0.00028787770600869977,0.06333344553854826,0.005022470868001016,0.0,-1.4606411506595357e-05,4.2658385109098566e-05,True
2.716,-4.055488328423122e-06,0.00035112893253363997,-0.01245599709815465,-0.0010273430858599515,0.0,-1.3360607872108888e-05,0.00012022528864500295,True
2.717,-3.7105973272292815e-06,0.0003386432579929763,-0.1040824299687357,-0.008352747958429826,0.0,-6.218608492389344e-06,0.0001776963498964492,True
2.718,-3.4239809919581314e-06,0.00023460467338358936,0.0031776875241261997,0.0002207359048808803,0.0,-6.221106150403314e-06,7.268777817043582e-05,True
2.719,-3.187797093103396e-06,0.00023775348042002649,0.08466562824329747,0.0067444003294383405,0.0,-1.1505852396698233e-05,2.5246800518448237e-05,True
2.72,-2.9077416631837513e-06,0.0003223257352035898,0.04691873166362834,0.00373983827137739,0.0,-1.4207984734749206e-05,8.58896072819897e-05,True
2.721,-2.5619808099781057e-06,0.00036917129443226774,0.022527874185511068,0.001800414835593152,0.0,-1.5263155074730525e-05,0.00012473869389101642,True
2.722,-2.181565258240531e-06,0.0003916399267614342,-0.025535548592607944,-0.002035115270845593,0.0,-1.3182729407960354e-05,0.00016928730598180276,True
2.723,-1.8027011658762594e-06,0.0003660804404787554,-0.01152121248930998,-0.0009102159672731206,0.0,-1.207211281156219e-05,0.00015560776865638625,True
2.724,-1.442392067276295e-06,0.00035452713360836194,0.0001675837720242193,2.9986900583967664e-05,0.0,-1.1754269048144611e-05,0.0001482721509669606,True
2.725,-1.0877944750152235e-06,0.000354654721855672,0.038933754056048674,0.0031376785905563006,0.0,-1.3961782549254926e-05,0.00012842757187756627,True
2.726,-7.136962654886835e-07,0.0003935179533038342,-0.006027214066987412,-0.0004478015037413291,0.0,-1.320351219057861e-05,0.00017665080298174068,True
2.727,-3.232051078641483e-07,0.00038745123542646584,0.029331476304643424,0.002387194560681095,0.0,-1.4762274647267552e-05,0.00015707984856099119,True
2.728,7.88897366400031e-08,0.0004167160593528997,-0.007055366715599395,-0.0005130033948660837,0.0,-1.3928523224174071e-05,0.00019650923828086085,True
2.729,4.920643209672482e-07,0.00040961938964920777,-0.02665064597310957,-0.00207404019331345,0.0,-1.1854402976271608e-05,0.00021098177774997142,True
2.73,8.883499426758632e-07,0.00038294366203516373,-0.023201453589246558,-0.0017941727487273394,0.0,-1.0065676779594e-05,0.0002025709202518384,True
2.731,1.259684538616111e-06,0.0003597174114190915,-0.008507174841127558,-0.0006147335762248236,0.0,-9.282654703876904e-06,0.00018768346233752697,True
2.732,1.6151370840211634e-06,0.00035117648532640366,-0.0713694505662794,-0.005638342399550803,0.0,-4.454124085102414e-06,0.0002264100624197824,True
2.733,1.9306341846450017e-06,0.0002798237225741051,-0.06141492009716182,-0.004844863345740443,0.0,-4.0492757601818094e-07,0.00019333457054385741,True
2.734,2.179755881453202e-06,0.00021842567813291206,0.08433241206330583,0.006812039652306574,0.0,-5.909273476541208e-06,7.781384548785847e-05,True
2.735,2.4403177119132325e-06,0.0003026671522601511,-0.040654960169984884,-0.0031721510365131343,0.0,-3.1732608383289997e-06,0.00018972545085797575,True
2.736,2.7226565793953297e-06,0.00026201015909043854,-0.08796437878950662,-0.006956701265640561,0.0,2.549626121170657e-06,0.000203682788469177,True
2.737,2.940697534908655e-06,0.00017408555594328315,0.013785879504496628,0.00117669318270128,0.0,1.52458150826195e-06,0.00010403539700879315,True
2.738,3.1216659304238464e-06,0.00018784101015397253,-0.11750556146317308,-0.009321714009087741,0.0,9.02932131093286e-06,0.00018937397020099515,True
2.739,3.250777585438724e-06,7.040681581222581e-05,0.022621558490002705,0.0018766874936355805,0.0,7.253844598772349e-06,5.165248861221808e-05,True
2.74,3.3324866758844916e-06,9.3002652281686e-05,-0.009204080832922137,-0.0006651813881940477,0.0,7.586878466980459e-06,7.610587621891458e-05,True
2.741,3.4208861879036894e-06,8.379535858055222e-05,0.04844477421909783,0.003947213331939759,0.0,4.17574156148728e-06,3.24536245506349e-05,True
2.742,3.5288882316246004e-06,0.00013219257997307645,-0.03800447375860527,-0.00296097480292241,0.0,6.454951155228458e-06,0.00010239939017116375,True
2.743,3.642083473203045e-06,9.420315546898792e-05,0.04744646873112894,0.003872579379664249,0.0,3.1363255114250206e-06,3.090139032402792e-05,True
2.744,3.7599940297642785e-06,0.00014160168686683656,-0.04128663468542169,-0.0032182586798739582,0.0,5.6533192660599055e-06,0.00010245071719015095,True
2.745,3.8809577960666695e-06,0.00010033162683938747,0.052521633065581184,0.004283627680796421,0.0,2.0245793024092835e-06,2.4935922570774784e-05,True
2.746,4.007532860539081e-06,0.0001528006388294822,0.01333664969572545,0.0011574036438072774,0.0,1.030033618691387e-06,6.818998336005733e-05,True
2.747,4.166992638398025e-06,0.00016610961013029205,0.020418215354507184,0.001728396249067374,0.0,-3.98668750313935e-07,6.793668764844651e-05,True
2.748,4.343299835370707e-06,0.0001864930767278388,-0.027166426446243324,-0.0020727555494554524,0.0,1.2909741288086886e-06,0.0001051158345949718,True
2.749,4.516209751752613e-06,0.0001593270633033302,-0.09034135368172079,-0.007126897271409717,0.0,7.0251548388503185e-06,0.0001328598152654749,True
2.75,4.630383589509855e-06,6.90389020317252e-05,-0.027356669408459825,-0.002096901979821802,0.0,8.523957721815534e-06,5.5121880406328085e-05,True
2.751,4.685748661920823e-06,4.169600212724653e-05,0.03244717510957056,0.002685121004935489,0.0,6.108201021249515e-06,3.1621437667478025e-06,True
2.7520000000000002,4.743658275645004e-06,7.411294979435667e-05,0.018282559932031678,0.001556884197499467,0.0,4.674459131983766e-06,2.1536823565531152e-05,True
2.753,4.82690498688698e-06,9.237278619479811e-05,-0.059884593628459916,-0.004692798466169452,0.0,8.341821396396738e-06,7.495425089793025e-05,True
2.754,4.88934754053935e-06,3.252494100168774e-05,0.015487765432114088,0.0013309324832190379,0.0,7.027735378507731e-06,9.547085191570454e-07,True
2.755,4.929611129342008e-06,4.7996858901437975e-05,-0.09701264796300132,-0.007666519213643777,0.0,1.3036276654132029e-05,7.374827404251813e-05,True
2.7560000000000002,4.929125018615323e-06,-4.8944827542445944e-05,-0.0014871117807001713,-3.61180714260314e-05,0.0,1.2696072920149365e-05,-2.9105539530070157e-05,True
2.757,4.879438855505474e-06,-5.042526538416022e-05,-0.06067774286896394,-0.004772440561964116,0.0,1.6200589527241582e-05,1.5920615552357021e-06,True
2.758,4.798692341526197e-06,-0.00011104957908216473,-0.03460626246966235,-0.002695450484915376,0.0,1.792401450818241e-05,-4.5162238702294244e-05,True
2.759,4.6703527667617725e-06,-0.0001456161164667101,0.05243667844800879,0.00426152669166641,0.0,1.3965417585548567e-05,-0.00012043298524336613,True
2.7600000000000002,4.550946852228174e-06,-9.320433745370847e-05,0.0434356248904253,0.003545582514079686,0.0,1.0698719504921939e-05,-0.0001003645744931585,True
2.761,4.47945255902853e-06,-4.979242056342355e-05,-0.038370065444294686,-0.0029949501799486724,0.0,1.282057780231174e-05,-3.694342715871056e-05,True
2.762,4.410486920897056e-06,-8.812668630120855e-05,0.02510131883025919,0.002076919068640737,0.0,1.077552574423753e-05,-9.650967444776109e-05,True
2.763,4.334907689221109e-06,-6.303521553303944e-05,0.0608769284327483,0.00494061838716188,0.0,6.4696457537839325e-06,-0.00011328464068547866,True
2.7640000000000002,4.302297516592493e-06,-2.1991153645996316e-06,-0.062219695992141166,-0.0049003982179163805,0.0,1.0254229248953117e-05,-1.5349810429369614e-05,True
2.765,4.2690047680682756e-06,-6.436959114752638e-05,-0.028795954395978977,-0.0022345586167907923,0.0,1.1772982765615007e-05,-6.414452748609544e-05,True
2.766,4.190247078928281e-06,-9.313564250994542e-05,0.05816333504814685,0.004717314974171264,0.0,7.619647242564165e-06,-0.00013393088353994242,True
2.767,4.126181514557068e-06,-3.5007615322824695e-05,-0.017179649882758007,-0.0013043016371973525,0.0,8.459820508724171e-06,-6.711574745050805e-05,True
2.7680000000000002,4.08258984094724e-06,-5.2169806839990796e-05,0.007020211440183356,0.00062884315553092,0.0,7.710883769180636e-06,-9.177536122165622e-05,True
2.769,4.033930275252263e-06,-4.514925492750843e-05,0.04563752799396122,0.0037181950738801378,0.0,4.481672428450708e-06,-0.00011566635338680459,True
2.77,4.011589643828578e-06,4.5742856161765707e-07,0.0030984792666154583,0.0003201418463455452,0.0,4.095437301858546e-06,-7.262425827209779e-05,True
2.771,4.013595491498788e-06,3.5534175904218006e-06,0.04634614034230924,0.0037803623563425677,0.0,9.18350126224848e-07,-9.9272360237375e-05,True
2.7720000000000002,4.040309829371974e-06,4.986267947180322e-05,0.05898314117139411,0.004797360392176841,0.0,-2.992178332556294e-06,-8.870595685714141e-05,True
2.773,4.119646917057616e-06,0.00010879378854627159,0.004527813438383013,0.00044943397420323073,0.0,-3.271293905482416e-06,-2.9762700871482986e-05,True
2.774,4.230699360108793e-06,0.00011330580520184112,-0.10678645081500462,-0.00845316678009419,0.0,3.666084286247199e-06,4.3597874231653164e-05,True
2.775,4.29063538025325e-06,6.590665390562896e-06,0.016724512632461053,0.0014159833272883102,0.0,2.4156419564439905e-06,-7.539414047850126e-05,True
2.7760000000000002,4.305583718550232e-06,2.330127314367481e-05,-0.023390157479748146,-0.0017909159386687065,0.0,3.797316831094328e-06,-4.412072491591902e-05,True
2.777,4.317195104113233e-06,-7.309404679846322e-08,0.09531362217446658,0.007702790514545749,0.0,-2.54737677508709e-06,-0.00012785089537439636,True
2.778,4.364754110858567e-06,9.516551527892227e-05,-0.03603647837487203,-0.0027929328341608378,0.0,-2.1369983477220245e-07,-7.1430602932157555e-06,True
2.779,4.4419071631646535e-06,5.914670053995646e-05,0.018344617828410098,0.0015546213592745662,0.0,-1.4664462842115054e-06,-5.396755624042228e-05,True
2.7800000000000002,4.510219199033854e-06,7.747022882112714e-05,0.010173148183294855,0.000904332227704733,0.0,-2.157139893731611e-06,-4.0243532346592264e-05,True
2.781,4.592770460195895e-06,8.762665886858503e-05,0.11158031432239904,0.009019610213139679,0.0,-9.399334482281468e-06,-9.761240954362719e-05,True
2.782,4.736155060774849e-06,0.00019910929577144436,-0.04268906002928492,-0.003305980895756273,0.0,-6.4560489740740795e-06,4.6620394758498985e-05,True
2.783,4.91392343120588e-06,0.00015643144799382813,0.04467283503823055,0.0036810491985794095,0.0,-9.253690661917656e-06,-2.0658204916434344e-05,True
2.7840000000000003,5.092673849910831e-06,0.0002010515317649631,-0.03838022886987022,-0.002954623996479427,0.0,-6.59903222495689e-06,5.318074327460082e-05,True
2.785,5.274537681909422e-06,0.0001626789052903726,-0.04102355113963235,-0.0031674209442613737,0.0,-3.847301802175623e-06,4.358901526290324e-05,True
2.786,5.416709350096321e-06,0.00012166935177897515,-0.03405263372458957,-0.0026121096074519547,0.0,-1.6232004495212897e-06,2.5753659196048864e-05,True
2.787,5.5213566533327226e-06,8.76298400766701e-05,-0.05200671733024482,-0.004050637385850396,0.0,1.702669511275181e-06,2.5146663169518364e-05,True
2.7880000000000003,5.58299333422424e-06,3.565420383359401e-05,-0.020068027287613442,-0.001500669798533008,0.0,2.8695329652333807e-06,-1.493395785471157e-05,True
2.789,5.608617391145971e-06,1.5597963012441814e-05,-0.027149875804475497,-0.002069163195755919,0.0,4.463645954685001e-06,-1.8850845323214317e-05,True
2.79,5.610646871005644e-06,-1.1532297066693938e-05,-0.042843353819576296,-0.0033278605375360055,0.0,7.0317697839336085e-06,-2.0827728303042327e-05,True
2.791,5.577704437806462e-06,-5.434063229969386e-05,-0.09391075249700123,-0.007418982395755546,0.0,1.2839762053826621e-05,-7.955454981844137e-06,True
2.7920000000000003,5.4764348155651094e-06,-0.00014817135777267499,-0.0030476768037498336,-0.00016301888055253574,0.0,1.2607881251129134e-05,-0.00010572191960591593,True
2.793,5.326745963938268e-06,-0.00015119997512542092,-0.023656670030585396,-0.0018147961721109937,0.0,1.372004346029632e-05,-9.873262633282076e-05,True
2.794,5.163729455401348e-06,-0.00017482102388517067,-0.006638248417125367,-0.00045909126603902557,0.0,1.370295013635191e-05,-0.000123571844916987,True
2.795,4.985597581810937e-06,-0.00018143439019034893,-0.008968817265220893,-0.0006495367515679164,0.0,1.3840548109465756e-05,-0.0001296981596158155,True
2.7960000000000003,4.79968790967234e-06,-0.00019037574734194075,0.051878504332691755,0.00421382963930841,0.0,1.0036298050243318e-05,-0.00017605347168628418,True
2.797,4.63524509978666e-06,-0.00013851667025980226,-0.07324085532580714,-0.0057924560146995875,0.0,1.4442116336025562e-05,-8.133780949081242e-05,True
2.798,4.460132184271719e-06,-0.00021168430288238087,0.023959736093608373,0.0019716591504596753,0.0,1.2436340447587853e-05,-0.00017536696733913863,True
2.799,4.260429472310366e-06,-0.00018771962329077106,-0.033390954094148974,-0.002617114951825224,0.0,1.4203014970794047e-05,-0.0001345911775600722,True
2.8000000000000003,4.0560300664669026e-06,-0.0002210631879582236,-0.011053348829624388,-0.0008377869477285335,0.0,1.4478870374640801e-05,-0.00016635405836089932,True
2.801,3.829451356780815e-06,-0.00023208298001777265,-0.03517165205840102,-0.002772651997852159,0.0,1.631360036228431e-05,-0.00016060196884543868,True
2.802,3.5798003699318357e-06,-0.0002672008527778741,0.009799684535337475,0.0008163470671524261,0.0,1.5190261836104246e-05,-0.00020794274397010814,True
2.803,3.3175068348216415e-06,-0.00025737883703708944,0.032100295065823445,0.002596853267848214,0.0,1.2657053389050106e-05,-0.00022319268746306763,True
2.8040000000000003,3.0761794703998327e-06,-0.0002252748679135853,0.014626019984181459,0.0011984198450520835,0.0,1.1327971029804084e-05,-0.0002038738981084428,True
2.805,2.858222264865213e-06,-0.00021063502974559217,0.041296708959851824,0.003329908513986249,0.0,8.310653216015102e-06,-0.00021817695475832017,True
2.806,2.6682327779887872e-06,-0.00016934714114935702,0.04836168026628761,0.0038966409543688837,0.0,4.919953769108695e-06,-0.00020858719604949236,True
2.807,2.5230602858320115e-06,-0.00012100448454331947,-0.022306536808659953,-0.0017536283976930186,0.0,6.200463903338829e-06,-0.00014636141302728015,True
2.8080000000000003,2.390912852517654e-06,-0.00014327985799811094,-0.006071410818849649,-0.0004598700171224275,0.0,6.397106640590301e-06,-0.00016616067925725184,True
2.809,2.2446042342929065e-06,-0.0001493303794023003,-0.04697319071382935,-0.0037353720264173516,0.0,9.240404854352804e-06,-0.0001441749186413948,True
2.81,2.0718050365905656e-06,-0.00019624980670189933,-0.01556279498195455,-0.0012312810847019617,0.0,9.975519765121722e-06,-0.00018427894543654656,True
2.811,1.867785224146614e-06,-0.00021177828559999125,-0.01728829244536795,-0.001374856655866796,0.0,1.0806056983006366e-05,-0.0001918845216212872,True
2.8120000000000003,1.647375213561592e-06,-0.00022902915777962138,-0.08561035639467361,-0.006846659256663335,0.0,1.6043666102243704e-05,-0.0001590302991990032,True
2.813,1.3755716601175471e-06,-0.00031454637809918734,0.05431375930774288,0.004332115469129644,0.0,1.2081201500860568e-05,-0.0002845400490136043,True
2.814,1.088179870198696e-06,-0.00026024000087186184,-0.06412119392737509,-0.005141337076631053,0.0,1.590184524507185e-05,-0.00019322468834543998,True
2.815,7.959056531268673e-07,-0.00032428146338071465,0.0356281735365298,0.0028256664090729818,0.0,1.3163196668026913e-05,-0.0002852438317701185,True
2.816,4.894411947917165e-07,-0.0002886448699266405,0.035789121015174064,0.002837302238328979,0.0,1.0492739889314427e-05,-0.000275381401816081,True
2.817,2.186924260481836e-07,-0.00025285146271298816,0.08952205935317027,0.0071353590363969314,0.0,4.417756138283708e-06,-0.0002976035407879033,True
2.818,1.0588259994456916e-08,-0.0001633714348669319,-0.059122226890488745,-0.0047491921347432315,0.0,8.138056275857232e-06,-0.0001703426239663999,True
2.819,-1.823228349014317e-07,-0.00022242875707346421,-0.004101368598002418,-0.00035808274971723487,0.0,8.197368648377258e-06,-0.0002290758346883557,True
2.82,-4.067928749154345e-07,-0.0002265018872374238,0.018938079956331243,0.0014805438982895308,0.0,6.766233586852776e-06,-0.00024660578804493183,True
2.821,-6.238221418281477e-07,-0.00020755324513872445,-0.0034857439964923556,-0.00031499470768894203,0.0,6.829534422601031e-06,-0.00022627293619594153,True
2.822,-8.331095748490826e-07,-0.0002110129078847414,-0.01474214260169147,-0.00121968892942877,0.0,7.6235872360728804e-06,-0.00022160114173325974,True
2.823,-1.0514818216568317e-06,-0.0002257197203479805,0.057284338563947004,0.00453673404588418,0.0,3.7340652934439483e-06,-0.00027348295313079984,True
2.824,-1.2485657641624174e-06,-0.0001684550898155206,-0.00440066628479818,-0.00039474209731664043,0.0,3.947870809270752e-06,-0.00021252033420026155,True
2.825,-1.4192137314131135e-06,-0.00017283335097879543,-0.018977594324297204,-0.001564493395226668,0.0,5.1027841023089635e-06,-0.00020488154431904643,True
2.826,-1.6015244801994863e-06,-0.00019177657442605176,-0.00470803567239049,-0.0004284834833659562,0.0,5.305120976628917e-06,-0.00022136469439789033,True
2.827,-1.7956466628316761e-06,-0.00019645934074090786,-0.053917846920079116,-0.004369324514426208,0.0,8.692688005166728e-06,-0.00019289649933656078,True
2.828,-2.0190435826833087e-06,-0.00025031265886985417,-0.008552002981729737,-0.0007505405420910611,0.0,9.054061658535331e-06,-0.00024385241379582418,True
2.829,-2.2736206424653187e-06,-0.0002588297850242468,0.036569985169108594,0.0028536140677614024,0.0,6.486850139660725e-06,-0.000277235618334363,True
2.83,-2.514165214339334e-06,-0.00022225948073019582,-0.027500177784405964,-0.002271940334298209,0.0,8.142640082502898e-06,-0.000224030606892182,True
2.831,-2.750159322076258e-06,-0.0002497130219813925,-0.052260914864557216,-0.004260341619599717,0.0,1.1361546330852789e-05,-0.00022083546051486345,True
2.832,-3.0259798904878618e-06,-0.0003019047242886816,0.029254708250573025,0.002249680455102419,0.0,9.217955580502776e-06,-0.0002947946402236118,True
2.833,-3.3132535286669547e-06,-0.0002726390956627858,-0.03397035685063535,-0.002809983803046367,0.0,1.1232008501740646e-05,-0.000246114892128285,True
2.834,-3.6028587747463707e-06,-0.0003065520585539584,-0.07225300584170469,-0.005881878172308285,0.0,1.5676346861859968e-05,-0.00023831725187223958,True
2.835,-3.945507110980203e-06,-0.00037871372504752807,0.026343503767729842,0.0019910155264150405,0.0,1.3619919601471191e-05,-0.0003324844884962789,True
2.836,-4.311041718081425e-06,-0.0003523483729724349,0.03790670990664264,0.0029126562368492533,0.0,1.0875503874426053e-05,-0.0003333438887197304,True
2.837,-4.644433356490579e-06,-0.00031443188068747103,0.011855743317062536,0.000827127839265676,0.0,9.897552072911407e-06,-0.00030507805657075434,True
2.838,-4.952928652717638e-06,-0.0003025501137474295,0.013771715539126218,0.0009762785137314884,0.0,8.826545727742672e-06,-0.0003038697125963407,True
2.839,-5.24858513806847e-06,-0.00028875521864696124,0.00503204185143924,0.00027343818939227143,0.0,8.354993266314927e-06,-0.00029480801692497984,True
2.84,-5.534814816243734e-06,-0.00028369466938403114,-0.009050916406649867,-0.0008577433395504603,0.0,8.812741100508804e-06,-0.00028559480311468973,True
2.841,-5.823021962537525e-06,-0.00029270656274134235,0.02141506365701824,0.0015732659097068226,0.0,7.289087782108293e-06,-0.0003097701873544822,True
2.842,-6.105015573594916e-06,-0.00027127544240470734,-0.07810818703234489,-0.006391098296000865,0.0,1.2257492821482443e-05,-0.0002405506243850866,True
2.843,-6.415314688513147e-06,-0.0003492916480546157,0.025297757971990412,0.0018664299755994426,0.0,1.0398835149942906e-05,-0.0003383882696532267,True
2.844,-6.751950923291189e-06,-0.0003239745269390953,-0.023628663604962446,-0.0020507051482489286,0.0,1.1764621318364709e-05,-0.00030051104058543654,True
2.845,-7.0877215110744615e-06,-0.00034754816425928753,0.031654726237467255,0.002363093332086926,0.0,9.517775101174676e-06,-0.0003470475718161129,True
2.846,-7.419437491523239e-06,-0.0003158792744692556,0.039622345526936206,0.002998332254371168,0.0,6.820241187885379e-06,-0.0003417206185981143,True
2.847,-7.715504025529561e-06,-0.00027625259758171187,0.03829133071101294,0.0028912770727116976,0.0,4.285839961741504e-06,-0.00032633753570815265,True
2.848,-7.972610530392251e-06,-0.00023796034356169966,0.1498729474899443,0.011817773568421081,0.0,-5.404668513628565e-06,-0.00038067146735161445,True
2.849,-8.135664339287579e-06,-8.817860396499432e-05,-0.02210809125660223,-0.0019256706911111542,0.0,-3.692252247160424e-06,-0.00021104534135471165,True
2.85,-8.234887951209701e-06,-0.00011025937906018945,-0.01560576140667396,-0.001409920021142914,0.0,-2.4459778748579715e-06,-0.00021996243853358627,True
2.851,-8.352942031515712e-06,-0.00012584045947083204,0.05957585508074246,0.004600614594755614,0.0,-6.1018526676803075e-06,-0.0002697290855233378,True
2.852,-8.449005293100749e-06,-6.62973466574526e-05,0.039281816575537684,0.0029825075491683073,0.0,-8.343911538773018e-06,-0.00022940017332724074,True
2.853,-8.495669431290743e-06,-2.7038994098684143e-05,0.04307909322065758,0.003290160728597531,0.0,-1.077154216609324e-05,-0.00021102478574757687,True
2.854,-8.501179034798194e-06,1.6009232005691292e-05,0.0030168843922902884,9.025063659753857e-05,0.0,-1.0539353227457026e-05,-0.0001628978661230934,True
2.855,-8.483662742938984e-06,1.9021941712630364e-05,0.040958487015856714,0.0031262556649011507,0.0,-1.2772048208785087e-05,-0.00017904708194195387,True
2.856,-8.444172890541455e-06,5.994605156685709e-05,-0.003999057054740969,-0.0004647261502210009,0.0,-1.2033790850462432e-05,-0.00012801028976270115,True
2.857,-8.386227577755398e-06,5.594340172433757e-05,0.10303630974426595,0.008098665891348599,0.0,-1.825037644688544e-05,-0.00018943772204514517,True
2.858,-8.278794833632974e-06,0.0001588923215276507,-0.11681757485215866,-0.009475357216594768,0.0,-1.0060805279083205e-05,-3.2823216783598255e-06,True
2.859,-8.178286967152207e-06,4.214882732336378e-05,-0.033043870886945916,-0.0027856609770856096,0.0,-7.520085309971041e-06,-9.500499353177425e-05,True
2.86,-8.152653087604475e-06,9.12622588439394e-06,-0.005596603371986946,-0.0005933808782297089,0.0,-6.826495136627968e-06,-0.00012041195328978386,True
2.861,-8.146324054416889e-06,3.53300141421506e-06,0.01993010277411566,0.0014481983491194546,0.0,-7.805661953905277e-06,-0.00013436622334697047,True
2.862,-8.132831301555446e-06,2.3447020007366245e-05,-0.013416064563936389,-0.0012168624861420253,0.0,-6.599135108133042e-06,-0.00010141844843290467,True
2.863,-8.116089714229584e-06,1.003887876591758e-05,0.05831110286544746,0.0045200032798315744,0.0,-1.0072036768899777e-05,-0.00014739599620068695,True
2.864,-8.076910779323364e-06,6.830295634811162e-05,-0.030886386183767902,-0.002608098933967479,0.0,-7.67477343215567e-06,-6.395164934663049e-05,True
2.865,-8.024045568206672e-06,3.7433200648820325e-05,-0.022755801116973232,-0.00196040492550772,0.0,-5.869897322331242e-06,-7.676862328404716e-05,True
2.866,-7.9979857711824e-06,1.4691101503710014e-05,0.10508966086421706,0.008264972057436527,0.0,-1.239582902367127e-05,-0.00016182142793731442,True
2.867,-7.930777637734925e-06,0.00011969639471762225,-0.018075279539845765,-0.0015744127933007752,0.0,-1.0769702052716395e-05,-3.829331282443978e-05,True
2.868,-7.820118683137724e-06,0.00010162188331483509,0.022118065157860987,0.0016408777023301801,0.0,-1.179313373731972e-05,-6.496112416058756e-05,True
2.869,-7.707447311435108e-06,0.00012371111287619202,0.07711607042056287,0.006045396915584341,0.0,-1.6353973603536846e-05,-8.490964623631035e-05,True
2.87,-7.545202795526813e-06,0.00020075257518476527,-0.09848366407173427,-0.007990416467036052,0.0,-9.420527819601751e-06,6.191901759529156e-05,True
2.871,-7.393674042808876e-06,0.00010232385435796158,0.0018097431685419382,2.3972183235750663e-05,0.0,-9.17295997308328e-06,-3.41501564872133e-05,True
2.872,-7.290449621804724e-06,0.00010412066761883904,-0.004886040012750972,-0.0005096168140983021,0.0,-8.500352351094441e-06,-2.494263543051646e-05,True
2.873,-7.188774610394537e-06,9.9226765892714e-05,-0.015754817083852173,-0.0013778760977881496,0.0,-7.143762529170186e-06,-1.608479042336013e-05,True
2.874,-7.0974248877234265e-06,8.34731921559263e-05,0.012303790961294843,0.0008665664119832768,0.0,-7.642980928734818e-06,-3.6320218689982564e-05,True
2.875,-7.007806119300017e-06,9.575791297563964e-05,0.03439367480394762,0.0026368444237254863,0.0,-9.561474929722484e-06,-4.180376885527459e-05,True
2.876,-6.89486387613254e-06,0.000130113749441935,0.058312731684770164,0.00455652463494426,0.0,-1.2979995587539466e-05,-3.9083177256811956e-05,True
2.8770000000000002,-6.735613757682062e-06,0.00018836595314342344,0.006946702815566662,0.00045709909198426665,0.0,-1.2982262183831276e-05,2.120635270345875e-05,True
2.878,-6.543783315354991e-06,0.00019528600804915284,-0.005062875892955137,-0.0004993838501469025,0.0,-1.220998442951468e-05,3.702792150885077e-05,True
2.879,-6.351034753022618e-06,0.00019020515884744807,0.005913924730778695,0.0003816199719695823,0.0,-1.2172956508005828e-05,3.3477327996392014e-05,False
2.88,-6.157881295198274e-06,0.00019609304176159225,0.0005485910077654776,-4.342341768093965e-05,0.0,-1.1792813272814619e-05,4.426812142080204e-05,True
2.8810000000000002,-5.961521450903669e-06,0.00019661915194754557,0.0694156668485389,0.0054695402600005525,0.0,-1.5887381528241372e-05,6.53349321545198e-06,True
2.882,-5.7302198341659655e-06,0.00026595807374769963,-0.03955081445063046,-0.0032352941442157,0.0,-1.2817460477468782e-05,0.00010791016526156695,True
2.883,-5.484036882546702e-06,0.00022640848485732908,0.0953646600470994,0.007557629158064991,0.0,-1.8573750389495976e-05,1.3829573297800176e-05,True
2.884,-5.209979281068399e-06,0.00032167262591884476,0.08015205010136764,0.0063569850961604415,0.0,-2.319472515267661e-05,6.791266779514863e-05,True
2.8850000000000002,-4.848263470222562e-06,0.0004017254191761936,-0.047058765640082836,-0.0038037629433694898,0.0,-1.945741476910319e-05,0.00018775891481201594,True
2.886,-4.470070291464786e-06,0.00035465852267641825,-0.08576823329932465,-0.0068993609064711674,0.0,-1.331946300927341e-05,0.00020149612253673159,True
2.887,-4.158286942050505e-06,0.00026891791890392645,-0.011406347823061613,-0.000955086840533367,0.0,-1.2168638680643502e-05,0.00012707284506879672,True
2.888,-3.895079320246289e-06,0.000257490311405528,0.001260559678772557,6.163218390603471e-05,0.0,-1.1873683077472257e-05,0.00011929513383943365,True
2.8890000000000002,-3.636968708106584e-06,0.0002587209262630485,-0.03437081422443142,-0.002784084063548866,0.0,-9.282862857828213e-06,0.00014631227434349774,True
2.89,-3.3954339756445474e-06,0.00022434807419304732,-0.000511622131577344,-7.512581318462369e-05,0.0,-8.958955154825289e-06,0.00011508728867830418,True
2.891,-3.1713499897611506e-06,0.0002238116286874572,-0.01370871854786091,-0.0011269243882020786,0.0,-7.792568257156492e-06,0.0001260955073433899,True
2.892,-2.9543975557226675e-06,0.00021008853447961176,-0.005095628746599305,-0.00043561883159339904,0.0,-7.218998442910438e-06,0.00011787386237071798,True
2.8930000000000002,-2.746863389781037e-06,0.00020497329378326668,-0.010252809830329754,-0.000845071532188447,0.0,-6.330142995387918e-06,0.00012128608051141381,True
2.894,-2.5470215261676667e-06,0.00019470550637119518,0.10307748076430175,0.008223716734437666,0.0,-1.280962617724953e-05,4.852431261277929e-05,True
2.895,-2.300811304190823e-06,0.000297679962147327,-0.012024609209430414,-0.0009676617447721887,0.0,-1.1663068557026111e-05,0.00016468347133735879,True
2.896,-2.0091516877049605e-06,0.0002856313458423152,-0.021599733033116297,-0.0017298676115269154,0.0,-9.931833730286978e-06,0.00017002116388405942,True
2.8970000000000002,-1.7343253151322012e-06,0.0002640164970314421,-0.04019795343573146,-0.0032153721508871233,0.0,-7.0468245550261134e-06,0.00017647150102613853,True
2.898,-1.4904072691489172e-06,0.00022382049683124675,-0.027924613989903438,-0.002233937990417206,0.0,-5.038260304140996e-06,0.0001552086243981469,True
2.899,-1.2805502291049565e-06,0.00019589269547308684,-0.048715043191879845,-0.0038967462360175067,0.0,-1.7402154890297068e-06,0.00015839134298273154,True
2.9,-1.1090097675518562e-06,0.0001471939692461218,-0.07751089594463832,-0.006203170575077465,0.0,3.3319125410864913e-06,0.00015706244577385305,True
2.9010000000000002,-1.0005566668599959e-06,6.972753116186291e-05,-0.01715965758920869,-0.0013824153234007516,0.0,4.356850504214203e-06,8.687878762288048e-05,True
2.902,-9.394071291171432e-07,5.2573539608460453e-05,0.05882674713712096,0.004695539267398584,0.0,4.3132092118093935e-07,2.9924283861960074e-05,True
2.903,-8.574374393810734e-07,0.00011134807293231484,0.07706413349787834,0.006163058574673287,0.0,-4.571233578345069e-06,4.010887831993269e-05,True
2.904,-7.075814549715855e-07,0.0001883390293183556,0.038599695685194974,0.0030978398721443123,0.0,-6.950056814703154e-06,9.486684941659114e-05,True
2.9050000000000002,-4.999596460530611e-07,0.00022688716614484967,0.017249808934515803,0.001398211901069691,0.0,-7.885247027298361e-06,0.0001251113174537983,True
2.906,-2.64460553071106e-07,0.00024409788623624902,-0.044364752281396,-0.00352464872611861,0.0,-4.8078119082100595e-06,0.00017255059191561802,True
2.907,-4.254269026523487e-08,0.00019974060654702223,0.04454643763550335,0.0035869181152011365,0.0,-7.575945267249561e-06,0.00010105217443531836,True
2.908,1.7945209757961262e-07,0.0002442295226486931,-0.04946153901813844,-0.003924385440976799,0.0,-4.18360233175925e-06,0.00017907462150228373,True
2.9090000000000003,3.989545199962784e-07,0.00019477945308693666,0.04464445586412614,0.0036021111848604567,0.0,-6.981727921434459e-06,0.0001020783000528158,True
2.91,6.160373240545514e-07,0.00023936686810771418,-0.04377952272173299,-0.003462549121732731,0.0,-3.980181687440177e-06,0.00017638956967203025,True
2.911,8.335168091193174e-07,0.0001955948893092505,0.0005845706837176016,8.52403439786659e-05,0.0,-3.93640353757642e-06,0.00013246411908515759,True
2.912,1.0293965001444132e-06,0.0001961570068647499,0.028798791165340946,0.0023459712710536453,0.0,-5.72441742198004e-06,0.00011575869052424239,True
2.9130000000000003,1.2399380824759623e-06,0.00022491107436770134,0.0005730355599402444,9.515105920391103e-05,0.0,-5.639232360793489e-06,0.00014590384074793762,True
2.914,1.4651270950437807e-06,0.00022545836951812166,-0.02470874618593995,-0.0019232724028222334,0.0,-3.922110469740853e-06,0.00016324435176930495,True
2.915,1.6782290464651807e-06,0.0002007437205988475,-0.043480293298485906,-0.0034241260945706373,0.0,-1.0383858049541587e-06,0.00016598789362606524,True
2.916,1.8572363689730183e-06,0.0001572750785519316,-0.036642945307342654,-0.002879132360519666,0.0,1.3223233964167417e-06,0.00014426468275626658,True
2.9170000000000003,1.996193580096177e-06,0.00012064329052630475,-0.06550149955352683,-0.0051897112849772584,0.0,5.4870440167427926e-06,0.0001464026571947522,True
2.918,2.0840985817295507e-06,5.517978167553346e-05,0.016408878370229023,0.0013568456178905176,0.0,4.232880325668691e-06,6.66160784512821e-05,True
2.919,2.1474764796098566e-06,7.156954016022264e-05,-0.04085956644649726,-0.003221522394267577,0.0,6.721440311797576e-06,0.00010580189848552926,True
2.92,2.198624147814984e-06,3.073408675851109e-05,0.07549865475808458,0.0060831557057184574,0.0,1.6053219987357354e-06,1.3673386272763195e-05,True
2.9210000000000003,2.267086834470903e-06,0.00010616986095896534,-0.0633929748714476,-0.0050178900433802565,0.0,5.622895904342623e-06,0.00012781305783427497,True
2.922,2.341572664727138e-06,4.281484459325997e-05,0.041524311987927866,0.003369231048350509,0.0,2.7354202727616507e-06,3.465228650074673e-05,True
2.923,2.405137293884256e-06,8.430165874687395e-05,0.05256582037006772,0.004258674299944959,0.0,-7.904210304704276e-07,4.187992711268455e-05,True
2.924,2.51570507335784e-06,0.00013681662569800935,-0.042997241887892536,-0.003378078664627201,0.0,1.9672659336539986e-06,0.00012133030389224064,True
2.9250000000000003,2.6310290977910465e-06,9.383784292214264e-05,0.0011957723834600397,0.00015428085558769913,0.0,1.7865896880948171e-06,7.557707179042923e-05,True
2.926,2.725460999264046e-06,9.502212283373803e-05,-0.009229319269196117,-0.000677884588808888,0.0,2.2848519955649138e-06,8.105270896291196e-05,True
2.927,2.8158672934592653e-06,8.578938348880347e-05,-0.04491720490465775,-0.0035323960550716965,0.0,5.080338825708173e-06,9.803220878280994e-05,True
2.928,2.8792065047893066e-06,4.089788648123909e-05,0.03885728502227449,0.0031653162652459156,0.0,2.3733524903675236e-06,2.56277886491575e-05,True
2.9290000000000003,2.939521425720634e-06,7.971998842412052e-05,-0.07711188104166855,-0.006106472699059618,0.0,7.2506037955470825e-06,0.0001112512886580783,True
2.93,2.9807024789103232e-06,2.6598380659184775e-06,0.03143000137734497,0.0025683719353758933,0.0,4.965467707919519e-06,1.0090171794102524e-05,True
2.931,2.9990690687483462e-06,3.4064801906366205e-05,-0.04529334180355294,-0.0035653963248180012,0.0,7.711706537912084e-06,6.735988426479115e-05,True
2.932,3.01049766651618e-06,-1.1196719945957952e-05,-0.06963807965712948,-0.005518201020966583,0.0,1.1961335114543387e-05,6.115250550599466e-05,True
2.9330000000000003,2.9645003823095428e-06,-8.077872870061893e-05,0.07586647364225309,0.006112985450817745,0.0,6.672564118732243e-06,-6.20267456222225e-05,True
2.934,2.9216382477423067e-06,-4.962886438869028e-06,-0.004724343547322407,-0.00032595354169909533,0.0,6.747393104597398e-06,1.4292621346235468e-05,True
2.935,2.914314600501928e-06,-9.682953434286443e-06,-0.0003468250232327575,2.3549706538299723e-05,0.0,6.537102849375367e-06,6.520108714092448e-06,True
2.936,2.9044586874558376e-06,-1.0028416705203974e-05,-0.01961446914107457,-0.001518080684916385,0.0,7.581055954790952e-06,1.530473554327161e-05,True
2.9370000000000003,2.8846284977687754e-06,-2.9626319744315793e-05,-0.02198623059053358,-0.0017105302926521664,0.0,8.751252986559764e-06,5.699830469063849e-06,True
2.938,2.8440158739169133e-06,-5.159191380574406e-05,0.07521125892940585,0.006061901970426283,0.0,3.5948191201987315e-06,-6.727322038741259e-05,True
2.939,2.8300120226778993e-06,2.3565947646736617e-05,0.05729099832865815,0.0046370479964184625,0.0,-2.617530786882473e-07,-2.862674374412682e-05,True
2.94,2.882207731615664e-06,8.080920260727473e-05,-0.016856513475007013,-0.0012869442345186063,0.0,7.877251336783073e-07,3.9799977292044325e-05,True
2.9410000000000003,2.9545900188546012e-06,6.39568705226944e-05,-0.006390966156242528,-0.0004504198476972961,0.0,1.1301133668917124e-06,2.6384445588123582e-05,True
2.942,3.015350665873617e-06,5.756374326004051e-05,-0.06114984074286937,-0.0048308032982526195,0.0,5.009667480585162e-06,5.749358712609797e-05,True
2.943,3.042353185938486e-06,-3.5444391886211248e-06,-0.07627459802780957,-0.006047630817580508,0.0,9.764560157313929e-06,4.104235491752286e-05,True
2.944,3.0006913571757058e-06,-7.975860316532279e-05,-0.029586041281679503,-0.002322441890485036,0.0,1.1368351481183604e-05,-2.179186589063193e-05,True
2.945,2.9061503943013227e-06,-0.00010931238917232905,-0.00024306577355915712,1.974795851201176e-05,0.0,1.1030181229885273e-05,-5.638832862143257e-05,True
2.946,2.7967206329420003e-06,-0.00010954297236285826,0.011182796580309497,0.0009318195411341728,0.0,9.963075250792028e-06,-6.825280706447021e-05,True
2.947,2.6927702657008366e-06,-9.835666053452137e-05,0.09906982071523036,0.007962252722736901,0.0,3.2335526949097426e-06,-0.00012276657921809578,True
2.948,2.6439265155686077e-06,6.462420068371303e-07,0.02773900239021866,0.0022667884175385485,0.0,1.3064573411766333e-06,-4.1123424004250797e-05,True
2.949,2.658435042342353e-06,2.8363338446532914e-05,0.025536552566069126,0.0020941796366612765,0.0,-4.262597791492442e-07,-2.9278931520979608e-05,True
2.95,2.699558972696318e-06,5.387660204738112e-05,0.04654796186151991,0.0037788942026758124,0.0,-3.474012904983729e-06,-3.197275008269229e-05,True
2.951,2.7766954670457857e-06,0.00010038186817237443,-0.023818217261879448,-0.0018434310383628467,0.0,-1.8829023867349216e-06,3.169267311402016e-05,True
2.952,2.8651706392959283e-06,7.657111105415559e-05,-0.07365361019937494,-0.005831527211116169,0.0,2.8923436008374598e-06,5.46167171285676e-05,True
2.953,2.904931171910633e-06,2.966863608592013e-06,-0.06892664972978425,-0.005461487193655318,0.0,7.232631185959732e-06,2.2179983501673702e-05,True
2.954,2.8734524708265693e-06,-6.590586775996714e-05,-0.030465854081133243,-0.002393454886146977,0.0,8.965677983237778e-06,-3.130588736759387e-05,True
2.955,2.792324045794004e-06,-9.63403316929867e-05,0.012571617317271997,0.0010444303784028937,0.0,7.865897329135579e-06,-7.3463621862113e-05,True
2.956,2.702269874582653e-06,-8.376777679120062e-05,-0.02587313675608238,-0.002031262215959047,0.0,9.287723895483192e-06,-4.7696473456101254e-05,True
2.957,2.605575377946296e-06,-0.00010961112989053654,0.09847454349884413,0.0079117105011237,0.0,2.6182657274948424e-06,-0.00013874793171933774,True
2.958,2.545180096078414e-06,-1.120177055340761e-05,0.07459234355667421,0.006011856513796939,0.0,-2.323836146399294e-06,-8.639810679063438e-05,True
2.959,2.5712555768161366e-06,6.333312113795989e-05,-0.01958464815044619,-0.0015128892771164495,0.0,-1.0329668814272901e-06,2.639629664671843e-06,True
2.96,2.624799077709506e-06,4.37567667242424e-05,-0.12507131782696906,-0.009953208230751845,0.0,7.055585403270526e-06,6.167157676680334e-05,True
2.961,2.6060509739044663e-06,-8.122102792528666e-05,-0.0007580788117565036,-2.348391076127429e-05,0.0,6.874644853996684e-06,-6.675531229876032e-05,True
2.962,2.5244541477752998e-06,-8.19693774281264e-05,-0.02364484084136735,-0.001855983417940808,0.0,8.182637443511603e-06,-5.5282668472879234e-05,True
2.963,2.4306715532893383e-06,-0.00010558639071282452,0.012672420993635016,0.0010448754005644705,0.0,7.104687879878099e-06,-9.00695957782639e-05,True
2.964,2.3314220453570185e-06,-9.29120718347077e-05,-0.036898301036436675,-0.0029210479347186727,0.0,9.268561449856188e-06,-5.680920544629936e-05,True
2.965,2.220073872937826e-06,-0.00012977088314076616,-0.05837245443609491,-0.0046454075311516034,0.0,1.2767353255853465e-05,-6.11492407605677e-05,True
2.966,2.061136762045179e-06,-0.00018808280113843666,0.004080229329923893,0.00034094887197411226,0.0,1.212945346967615e-05,-0.0001275409790967832,True
2.967,1.8751000681048715e-06,-0.00018398463500214068,0.015868122488674065,0.0012811234441195561,0.0,1.0748356857888117e-05,-0.00013786499622889356,True
2.968,1.6990522768769625e-06,-0.00016810831472723067,-0.06452563254975115,-0.005151640660763575,0.0,1.4615116510307138e-05,-8.557364351963121e-05,True
2.969,1.4987041778592998e-06,-0.00023256425696591392,0.0055108575854532415,0.000439937571201817,0.0,1.3844698170985221e-05,-0.0001597113109939264,True
2.97,1.2689026387132706e-06,-0.0002270315870485101,-0.03775698517440954,-0.003024962356901746,0.0,1.5901700536100414e-05,-0.00013578250003328017,True
2.971,1.0230108592477507e-06,-0.0002647333260036595,-0.020520387722653174,-0.0016549848214662338,0.0,1.6791113736669418e-05,-0.00016711546857600272,True
2.972,7.480325837114565e-07,-0.00028520779513528855,0.052127704013577754,0.004149455972176792,0.0,1.2955368835487052e-05,-0.00022658971133448954,True
2.973,4.888858161282836e-07,-0.00023308905144355112,-0.001125175072123967,-0.00010918474725283439,0.0,1.2676621335900645e-05,-0.0001777978794014615,True
2.974,2.5524320644708393e-07,-0.000234187131973461,0.0338748856323885,0.0026864827724703126,0.0,1.0142075166486203e-05,-0.00020439920139983325,True
2.975,3.7993512891319263e-08,-0.00020031257677218615,0.06066419864546001,0.004829782265656181,0.0,5.943893064070658e-06,-0.00021117822606963165,True
2.976,-1.319951847426586e-07,-0.00013967360325743984,-0.007384079581640246,-0.0006098631122474804,0.0,6.26925893856864e-06,-0.00014666977138267433,True
2.977,-2.753536774415724e-07,-0.00014703616572002973,-0.005429075567480519,-0.00045692675147879344,0.0,6.461568807903774e-06,-0.00015222566789852837,True
2.978,-4.250974614993245e-07,-0.00015244443508752718,0.0003001675360783202,-1.931683631225487e-06,0.0,6.2800115409844166e-06,-0.0001594446760291996,True
2.979,-5.773861761240606e-07,-0.00015212736270681969,0.014141195703589956,0.0011026474215921449,0.0,5.209203585092433e-06,-0.00016940187140261547,True
2.98,-7.224409048891734e-07,-0.00013798019204270975,-0.12123944262557053,-0.009728716969378772,0.0,1.293907795262323e-05,-8.061592500250664e-05,True
2.981,-9.2100421081358e-07,-0.0002591086927427361,-0.030590630225895886,-0.0024949215369954435,0.0,1.4592562817929814e-05,-0.0001883486203980515,True
2.982,-1.1953905741601588e-06,-0.00028964611056289734,0.029827263222037326,0.0023299064941605554,0.0,1.2292444443202608e-05,-0.000242832397063873,True
2.983,-1.470119929106132e-06,-0.00025980975600074427,0.004809906206972101,0.0003271531671137684,0.0,1.1679174222452924e-05,-0.00021967043637419333,True
2.984,-1.7275162399096087e-06,-0.00025497442221589765,-0.05090383939784205,-0.004133999374811645,0.0,1.4695553394133728e-05,-0.0001867772979866777,True
2.985,-2.0079198254580632e-06,-0.00030580952560593604,0.07966720020668099,0.006300536316603521,0.0,9.177431381665547e-06,-0.00029271877016103995,True
2.986,-2.2739049436151486e-06,-0.0002261706454835524,0.05662533320439793,0.004461955889908735,0.0,5.304422484283337e-06,-0.00024999847633186596,True
2.987,-2.471769126164996e-06,-0.00016956445090671825,0.010025152702047655,0.0007371726377840363,0.0,4.557193800288233e-06,-0.00019982145982612497,True
2.988,-2.6363172437724056e-06,-0.00015952812286381519,0.04199739437349337,0.0032931944647479087,0.0,1.7614883365165758e-06,-0.0002162817678626267,True
2.989,-2.7748515785251407e-06,-0.00011754584690687152,-0.005935078641046372,-0.0005388591213259868,0.0,2.147890789591804e-06,-0.00016939628426485296,True
2.99,-2.895359019581656e-06,-0.0001234630370148777,-0.0009308458451454329,-0.00014139969440588978,0.0,2.201513070377372e-06,-0.00017421774807414853,True
2.991,-3.019282610040543e-06,-0.0001243792678049936,0.07912370723015237,0.00626062397929486,0.0,-2.930209145621064e-06,-0.00022386638434799595,True
2.992,-3.1041158770507165e-06,-4.5303853197111915e-05,-0.0576458729736971,-0.0046729803860663345,0.0,9.366230051182653e-07,-0.00010529732982973975,True
2.993,-3.1782260219832657e-06,-0.00010289925923569258,0.05266977646868539,0.00414402613799085,0.0,-2.4454077180963015e-06,-0.00019525542756228565,True
2.994,-3.254800191994895e-06,-5.0259368827181234e-05,0.030373597898400818,0.0023652703041568955,0.0,-4.291303292204419e-06,-0.00015847648681239766,True
2.995,-3.289878753157747e-06,-1.9904026650092175e-05,-0.026212564002965507,-0.002158611420992091,0.0,-2.421823910650374e-06,-0.00010821644086017219,True
2.996,-3.3228815192618627e-06,-4.609372078032764e-05,0.015269656535080124,0.0011562294089660571,0.0,-3.2894073698352276e-06,-0.0001417902093686184,True
2.997,-3.3613426430439476e-06,-3.083090009177656e-05,0.007101573288433271,0.0005039219874888575,0.0,-3.6042192965920085e-06,-0.00012804747073472974,True
2.998,-3.388623442071113e-06,-2.3731449752846253e-05,-0.04011477854094233,-0.003273025279203008,0.0,-8.518525317468841e-07,-9.306144407909958e-05,True
2.999,-3.4324009904888646e-06,-6.381198566767135e-05,0.004793627567515063,0.0003140495492922849,0.0,-1.0820020950514541e-06,-0.00013496057022926474,True
3.0,-3.4938150132184198e-06,-5.901495602440264e-05,0.013608108123469399,0.001018678184916692,0.0,-1.8761787036262649e-06,-0.00013692485812714624,True
3.001,-3.546027231277419e-06,-4.541092306250389e-05,0.02704033715818438,0.0020939491717242562,0.0,-3.518513049454068e-06,-0.00013803251117419283,True
3.0020000000000002,-3.577923294542226e-06,-1.8386763193348877e-05,0.004210892630079856,0.0002702623795214266,0.0,-3.637634039567861e-06,-0.00011067767159455954,True
3.003,-3.5942050139809837e-06,-1.4177117506084185e-05,-0.03209836177173226,-0.0026342658860909686,0.0,-1.4015343816926838e-06,-8.375977001767685e-05,True
3.004,-3.6244224584270303e-06,-4.62486206544087e-05,-0.03968608305613301,-0.0032456760832208563,0.0,1.2662630163478834e-06,-8.980158703212459e-05,True
3.005,-3.6905020970793796e-06,-8.58982666412478e-05,0.0802344545082699,0.006342019530917213,0.0,-3.904861466639475e-06,-0.000179359903814974,True
3.0060000000000002,-3.7363007197790957e-06,-5.717305888831761e-06,-0.022875021031709745,-0.0018979411721994632,0.0,-2.2574029050752284e-06,-8.137927074220332e-05,True
3.007,-3.753449390801164e-06,-2.8573679196380394e-05,0.0646116871243421,0.005097944039409382,0.0,-6.321317834412676e-06,-0.00014275014355366237,True
3.008,-3.749732907923223e-06,3.59903651338219e-05,-0.0659657923699871,-0.005340439738125528,0.0,-1.8179284722021723e-06,-3.273485830534947e-05,True
3.009,-3.7467096844138697e-06,-2.9927552574318957e-05,-0.03515248667063796,-0.0028832310142794045,0.0,5.68191779462994e-07,-7.578433361460955e-05,True
3.0100000000000002,-3.7942032440804575e-06,-6.504900572386403e-05,0.024563795196309253,0.0018890020766244285,0.0,-9.774671589221343e-07,-0.00012596601608890935,True
3.011,-3.8469742827147275e-06,-4.049723039914947e-05,-0.02225924124159611,-0.0018548445040644519,0.0,5.521327233667132e-07,-8.603278319513805e-05,True
3.012,-3.898593844254134e-06,-6.273439788251316e-05,0.010954217307816745,0.0007986345676828637,0.0,-1.1018242886057332e-07,-0.00011475223406405082,True
3.013,-3.955851622048177e-06,-5.178174864650308e-05,0.06620696728542647,0.00521913824379967,0.0,-4.333082719378427e-06,-0.00014405625000189797,True
3.0140000000000002,-3.97454511218981e-06,1.4378929758423955e-05,-0.009815610385500375,-0.0008550651712884357,0.0,-3.5179223416726126e-06,-6.840685637901498e-05,True
3.015,-3.9650719816280684e-06,4.5694284198087705e-06,0.11343161422936207,0.009003706174090038,0.0,-1.0708674481050343e-05,-0.00014665468009527434,True
3.016,-3.903816328073614e-06,0.00011791124717000877,-0.023939407095086573,-0.00197127191185185,0.0,-8.80901819061422e-06,-1.1811597035106736e-05,True
3.017,-3.7978729974253942e-06,9.397742457423545e-05,-0.09678221760064942,-0.007799661831056703,0.0,-2.243854249133895e-06,2.8759293230917643e-05,True
3.0180000000000002,-3.7522651106689903e-06,-2.739183009558112e-06,0.05185445116040102,0.004080486618878893,0.0,-5.484300986104913e-06,-9.969545379246766e-05,True
3.019,-3.72909041030442e-06,4.9074761665377035e-05,0.03570941157782245,0.002795518270240162,0.0,-7.592452998838913e-06,-6.660935930374615e-05,True
3.02,-3.662172041244451e-06,8.475054842416676e-05,0.020368204973777636,0.0015737073669707107,0.0,-8.651539243382515e-06,-3.9395970581299486e-05,True
3.021,-3.567245848380803e-06,0.00010509319215209951,0.011134925606603887,0.0008391948063157086,0.0,-9.085863885323666e-06,-2.15146415499356e-05,True
3.0220000000000002,-3.4565920200196642e-06,0.00011620753663882833,0.0850288625753156,0.006754035254061553,0.0,-1.4297224223846115e-05,-5.8828298777591236e-05,True
3.023,-3.2978964546314083e-06,0.00020115640668164498,0.11608817108332163,0.009251830319284164,0.0,-2.1383400314088666e-05,-3.8638360643481053e-05,True
3.024,-3.0387336024306997e-06,0.00031713058675132493,-0.011778009051666465,-0.0009588822585669108,0.0,-2.0000970136307278e-05,9.553678857851183e-05,True
3.025,-2.727500854325653e-06,0.00030532618944527687,-0.029794400606775146,-0.00239600792118644,0.0,-1.7494053637556513e-05,0.00011108371176977126,True
3.0260000000000002,-2.4370755854927858e-06,0.0002755209085381942,0.07859871364287134,0.006277092239915421,0.0,-2.2080936522253633e-05,3.9750470300804516e-05,True
3.027,-2.122286027465435e-06,0.00035402677733933094,0.0194983354159188,0.0015641488980598461,0.0,-2.272167831964713e-05,0.00011658242151674126,True
3.028,-1.758528408996573e-06,0.0003734699583144972,0.0013665137899457754,0.0001224839868314634,0.0,-2.217692143352876e-05,0.00014518701908636158,True
3.029,-1.3843895479700218e-06,0.0003747934029428022,-0.048516778995935685,-0.0038612861231851793,0.0,-1.8421878216234278e-05,0.0001861848247317807,True
3.0300000000000002,-1.0338560045161616e-06,0.00032627266896579385,0.04629877876699477,0.003724445613554186,0.0,-2.0915546132012405e-05,0.00011602803110306466,True
3.031,-6.844581812089793e-07,0.00037249831946112213,0.03229250778046953,0.0026157801735111354,0.0,-2.244083848738949e-05,0.0001513406445021476,True
3.032,-2.9583594414812757e-07,0.00040472352557506297,-0.09036545538195508,-0.007185994654482065,0.0,-1.5986244154158157e-05,0.00024944134592784343,True
3.033,6.371311236340169e-08,0.0003143836887876023,-0.019918418432312065,-0.0015546005959079117,0.0,-1.4274406792778847e-05,0.00017689440625556167,True
3.0340000000000003,3.681309714399682e-07,0.00029444559825860976,-0.048356761230380935,-0.0038265810691535222,0.0,-1.0771422738608173e-05,0.00019237571589733325,True
3.035,6.383996895155918e-07,0.0002460937905383246,0.01919250185289838,0.0015764225975077502,0.0,-1.1742615290556727e-05,0.00013549527516762514,True
3.036,8.940755296680433e-07,0.00026524351483554537,0.019532160823949322,0.0016104954472302361,0.0,-1.2713873518945999e-05,0.000147002272268799,True
3.037,1.1690701176906703e-06,0.0002847304775324332,0.1400780858620432,0.01126145778838578,0.0,-2.147215061629229e-05,8.418395399568046e-05,True
3.0380000000000003,1.52379264514404e-06,0.00042466629278310416,0.06226656082903534,0.005059713089069393,0.0,-2.496056180455072e-05,0.00019532052544095487,True
3.039,1.9795601547758273e-06,0.00048683609360430127,-0.07356023696802419,-0.005790766543423455,0.0,-1.956429766966592e-05,0.00031387693158517287,True
3.04,2.42961695317893e-06,0.0004132790150199137,-0.02325973349341499,-0.0017674520925135889,0.0,-1.7578708591972076e-05,0.0002614905125527212,True
3.041,2.8312566401135843e-06,0.00038999111941411327,-0.03811837013832663,-0.002951708057214392,0.0,-1.4690479557208177e-05,0.0002682062108574734,True
3.0420000000000003,3.202183838654464e-06,0.00035185890088164053,0.056802663045303854,0.0046440754208258855,0.0,-1.8034535133178703e-05,0.00019949505933075445,True
3.043,3.5824161534325114e-06,0.0004085772911208762,0.0010144809909106265,0.00019467124496914045,0.0,-1.7681063485654724e-05,0.000262784416004682,True
3.044,3.9914851061101446e-06,0.0004095450325072723,0.03042525368396238,0.0025550124305278457,0.0,-1.9248816690942117e-05,0.0002512083687557544,True
3.045,4.416219524582099e-06,0.0004399002886408566,0.010440466462649312,0.0009675173030913256,0.0,-1.948671848762904e-05,0.0002823993031940373,True
3.0460000000000003,4.861320849362359e-06,0.0004502830743240661,0.05658558168648352,0.004668384279126092,0.0,-2.2714531550025055e-05,0.00026471714111832214,True
3.047,5.339865163666134e-06,0.000506773487090956,0.08823607792008338,0.007215816625003577,0.0,-2.7913566384642625e-05,0.00027527291117212594,True
3.048,5.89071481487729e-06,0.0005948831322044345,0.0027144156195370067,0.0003945720920952839,0.0,-2.7441985225640837e-05,0.00037322500243637546,True
3.049,6.4869321513425045e-06,0.0005975285216676247,-0.056593646219292776,-0.004339023496219142,0.0,-2.3150897793157783e-05,0.0004214267738929075,True
3.0500000000000003,7.056156124654999e-06,0.0005409122330384739,-0.06916333584395655,-0.005341146589308118,0.0,-1.816998442306172e-05,0.00041558752431851973,True
3.051,7.562484345925506e-06,0.0004717425143794239,-0.061252148643635686,-0.004707438071538665,0.0,-1.3843354847073196e-05,0.0003898775168797077,True
3.052,8.003598983806368e-06,0.00041048553360696605,-0.014751116657750316,-0.0009867662868786747,0.0,-1.2652032007780697e-05,0.0003412672595939359,True
3.053,8.406697396337367e-06,0.0003956998718336039,0.0553870945372444,0.0046297721007336565,0.0,-1.604227571665627e-05,0.0002954035207900219,True
3.0540000000000003,8.830061621423823e-06,0.000450998878202903,-0.044879922340344276,-0.0033773328126575648,0.0,-1.2852953884477699e-05,0.00038425584924148964,True
3.055,9.258615268863158e-06,0.00040610356965219585,-0.033771471612037474,-0.0024863302257651975,0.0,-1.0475477275795985e-05,0.0003635117861213686,True
3.056,9.647826635845679e-06,0.0003723130165044759,0.05030078022042112,0.004242400859059449,0.0,-1.3613743797582697e-05,0.00030058839260339247,True
3.057,1.0045263043908727e-05,0.00042253234163664664,0.035865923343944686,0.0031007924833023294,0.0,-1.5738692340406126e-05,0.0003329185081166955,True
3.0580000000000003,1.0485703208834959e-05,0.00045832252478074115,0.05351713834169828,0.004525112428068581,0.0,-1.895671517130035e-05,0.0003405917504141193,True
3.059,1.0970753246146504e-05,0.0005117460053962764,-0.025458713046720722,-0.0017778139646594674,0.0,-1.6979954850931946e-05,0.00041663542697523636,True
3.06,1.1469757312707588e-05,0.00048624978925539174,-0.05059089079481666,-0.00378246565724595,0.0,-1.3436016327022174e-05,0.00042766514666074955,True
3.061,1.1930706546305767e-05,0.0004356440436654232,0.017006639644369437,0.0016275611746229095,0.0,-1.4373101835667626e-05,0.00036964916171165443,True
3.0620000000000003,1.2374833169765197e-05,0.00045258831289429513,-0.0984141340087039,-0.007596073126093224,0.0,-7.815100466969981e-06,0.00045215009122093056,True
3.063,1.2778222966897612e-05,0.0003542007505747885,0.0191771903514406,0.0018066873315883795,0.0,-9.056524608868305e-06,0.00034200221948357817,True
3.064,1.3141994062815038e-05,0.0003733230196959588,0.0008966086711308474,0.00035308334918465354,0.0,-9.08575941686366e-06,0.0003625425255165443,True
3.065,1.3515751160009362e-05,0.0003741769455883879,-0.04637258292330978,-0.0034216218795140073,0.0,-6.057724227305574e-06,0.00039407489562182676,True
3.0660000000000003,1.3866739811303765e-05,0.0003277987893091651,-0.04270286937869775,-0.003127292378975253,0.0,-3.353827282422215e-06,0.00037427645409795964,True
3.067,1.4173185950132004e-05,0.0002850926729909346,-0.06319172831587169,-0.0047660097974084464,0.0,6.003376991917315e-07,0.0003697852022215151,True
3.068,1.442668845642919e-05,0.00022191862640193758,-0.0171465897278988,-0.0010854165508479463,0.0,1.4622038784437443e-06,0.00031424977091416335,True
3.069,1.4640029914928636e-05,0.00020476057980452276,0.04472319338752219,0.0038659472790470335,0.0,-1.7095567813073202e-06,0.00026637725991592715,True
3.0700000000000003,1.4867132819899137e-05,0.0002494255480801527,-0.022278193338539556,-0.0014847160105553618,0.0,-4.5890860486916787e-07,0.0003241466224320656,True
3.071,1.510541569767733e-05,0.0002271368440180022,-0.13285051293754782,-0.010328887131163474,0.0,7.91756826341739e-06,0.00038259654749883925,True
3.072,1.526615321643608e-05,9.436535767853282e-05,-0.07181243240579643,-0.005458879991646442,0.0,1.2113329479957336e-05,0.00028777885999789596,True
3.073,1.5324627440155053e-05,2.259883802634171e-05,-0.026959689158886815,-0.0018782199782249934,0.0,1.329086263495854e-05,0.00022493722007019333,True
3.074,1.5333752576605225e-05,-4.342172292566563e-06,0.007669824629105136,0.0008890724560321969,0.0,1.2194301786168462e-05,0.00018543055564647514,True
3.075,1.5333243490755892e-05,3.3221036815306814e-06,-0.10799697435675255,-0.008363360913264815,0.0,1.862066644264532e-05,0.0002535044086917231,True
3.076,1.5282594984317383e-05,-0.00010459024012186748,-0.07280973927976364,-0.005562243261478003,0.0,2.259679594546752e-05,0.00018017105411797862,True
3.077,1.5141622673419051e-05,-0.00017733091077273673,0.06260557734089253,0.005259715686100217,0.0,1.7697521820616038e-05,5.646936568272324e-05,True
3.078,1.4995584966279849e-05,-0.00011475467071264931,0.053904948484446144,0.004568545847663211,0.0,1.3496745212207316e-05,7.723230121648992e-05,True
3.079,1.4907773094953412e-05,-6.087924744641777e-05,0.04605537894686607,0.003945464721764877,0.0,9.919538083306803e-06,9.606328477602858e-05,True
3.08,1.486991187779987e-05,-1.4853273187127191e-05,-0.06344792281799588,-0.004809957804421728,0.0,1.3533120246469548e-05,0.0001768128675777871,True
3.081,1.4823351650849355e-05,-7.82495862077063e-05,-0.06290646271162323,-0.004775086637559495,0.0,1.701605743588903e-05,0.0001451537518700606,True
3.082,1.471366807701122e-05,-0.0001410977369167637,0.002712365312021077,0.00046490352191787645,0.0,1.615738089161859e-05,7.177090083678087e-05,True
3.083,1.4573931108665946e-05,-0.00013837164123538132,0.05859407954099756,0.004933252526287546,0.0,1.1704942950327743e-05,3.0356453937324997e-05,True
3.084,1.4464846501845573e-05,-7.980812218224851e-05,-0.020072746368477556,-0.001355029447106854,0.0,1.2470413755060847e-05,9.640822937606011e-05,True
3.085,1.4375010202648134e-05,-9.985609559408721e-05,-0.03170999894669532,-0.00229003246355925,0.0,1.3971278517920863e-05,9.001829364231191e-05,True
3.086,1.4259311072588222e-05,-0.00013152990770992477,-0.06115573811143371,-0.0046515750385333,0.0,1.7341788874524968e-05,8.964349645706953e-05,True
3.087,1.4097224082880704e-05,-0.000192622720881014,0.01771727808261188,0.0016480175535950811,0.0,1.55158940047246e-05,9.051988658253062e-06,True
3.088,1.3913462627926263e-05,-0.0001748977291962853,-0.03148313521711552,-0.0022891962175701232,0.0,1.6929772488453152e-05,3.964949748009461e-05,True
3.089,1.3722838050313419e-05,-0.00020633641834032725,0.0018656428238543684,0.0003715021406131518,0.0,1.6149169915409417e-05,-7.176620845774842e-07,True
3.09,1.3517441704372898e-05,-0.00020444904314862047,0.024217273975073884,0.0021561619835067884,0.0,1.3945620983793127e-05,-2.087802815525257e-05,True
3.091,1.33251026830908e-05,-0.0001802278419274705,-0.017831496424191948,-0.0012082952066710178,0.0,1.4528777641475928e-05,8.77299344001634e-06,True
3.092,1.3135970472333534e-05,-0.00019802503811600853,-0.015192403972068778,-0.0010027078538374199,0.0,1.4928940100087881e-05,-5.851143465377641e-06,True
3.093,1.2930360594491187e-05,-0.00021318321792790305,-0.06156444406710931,-0.004717991020819251,0.0,1.8326088373218388e-05,1.0971379058282227e-05,True
3.094,1.2686419108408526e-05,-0.00027467523412954414,0.0005381142503795146,0.00023844365588616934,0.0,1.7613653758684936e-05,-5.9096071037373864e-05,True
3.095,1.2412023088339895e-05,-0.00027410665848752664,-0.05928447849801073,-0.004552234663269243,0.0,2.080050135521552e-05,-2.8792828078541665e-05,True
3.096,1.2108299837102122e-05,-0.0003333136533412702,-0.025038574729786787,-0.0018251342197160576,0.0,2.1688854936011887e-05,-8.151788889135959e-05,True
3.097,1.176248588300369e-05,-0.0003582950419425564,-0.059524590501559456,-0.004593237899263797,0.0,2.4793412002006528e-05,-7.846806176533827e-05,True
3.098,1.1374457410446135e-05,-0.0004177324935266742,0.03300041296206172,0.0027946453711297677,0.0,2.1827893952451875e-05,-0.0001690921093299143,True
3.099,1.0973232226106312e-05,-0.00038471108455544325,-0.0027694124156788995,-7.020014333105153e-05,0.0,2.1266131891719273e-05,-0.00014259067469902481,True
3.1,1.0587151574655414e-05,-0.0003874350596212457,0.01869939658155161,0.0016400282477133767,0.0,1.9335489896639474e-05,-0.0001652243300667998,True
3.101,1.0209075888288455e-05,-0.0003687068174370255,-0.01486590207839343,-0.0010497536183747252,0.0,1.9637523477200076e-05,-0.0001443357580054407,True
3.102,9.83295379558262e-06,-0.0003835195606010188,-0.025965159721409985,-0.001946241956664434,0.0,2.065689889012512e-05,-0.0001504750600154325,True
3.103,9.436472763990244e-06,-0.00040942115964600625,0.05741425504132441,0.004713866373900257,0.0,1.6254584853643634e-05,-0.00022009007096336113,True
3.104,9.055759192961087e-06,-0.0003520060591979458,-0.015218917216575057,-0.0010967504389564585,0.0,1.668198563832293e-05,-0.00015827078121822267,True
3.105,8.696160816411868e-06,-0.00036717341750396737,0.05854317075676224,0.004795923745135917,0.0,1.2325877749677408e-05,-0.00021584208116780278,True
3.106,8.35825756897957e-06,-0.0003086350403129899,0.013294924378072807,0.0011770063816498979,0.0,1.1023519771629953e-05,-0.0001687852187344284,True
3.107,8.056278113204836e-06,-0.0002953158768934206,0.08091171749193417,0.006582512500165211,0.0,5.381142692947961e-06,-0.00020890705262714915,True
3.108,7.801408186358636e-06,-0.0002144346389649236,0.015450561068630289,0.0013507380761690877,0.0,4.1349256318772995e-06,-0.00013749274464987477,True
3.109,7.5947028601707145e-06,-0.0001989721275996649,-0.03306192609466662,-0.0025321260914022165,0.0,6.068046032109292e-06,-0.00010143174484437192,True
3.11,7.379215800517981e-06,-0.00023198565799430854,0.005964352338057777,0.0005821357924946288,0.0,5.424712102053864e-06,-0.00013950476584027502,True
3.111,7.150219468447848e-06,-0.00022599991532729638,-0.007485209402619083,-0.0004972327916167409,0.0,5.673592966867512e-06,-0.00012950655405812007,True
3.112,6.920487361012393e-06,-0.00023345382133790565,-0.010216874299874324,-0.0007207956300522715,0.0,6.0964430690633894e-06,-0.00013149550134356836,True
3.113,6.681936502803846e-06,-0.00024363640403090371,0.05071309440223435,0.004148086040745509,0.0,2.5648952567858767e-06,-0.0001743581837017219,True
3.114,6.463652629958566e-06,-0.00019293583087180206,0.05245964894477625,0.004289965363216738,0.0,-9.814502470232272e-07,-0.00015523121714843712,True
3.115,6.296940254136296e-06,-0.00014049577873472265,0.006375022923782336,0.0006064872650288736,0.0,-1.444718673244329e-06,-0.00010411355681967896,True
3.116,6.159635600555533e-06,-0.00013410997599363277,0.0026354485403838825,0.0003056161269214743,0.0,-1.6512376800118778e-06,-9.703546412794085e-05,True
3.117,6.026847692747879e-06,-0.00013146152225837607,-0.025104723487737433,-0.0019156700032205382,0.0,-5.329167027831178e-08,-7.640752559067003e-05,True
3.118,5.882845245888128e-06,-0.0001565317041411634,-0.049413756941412396,-0.003865993145383945,0.0,3.078577442145726e-06,-6.939169547358677e-05,True
3.119,5.701625343074603e-06,-0.0002058889669770311,-0.05346120568430069,-0.004198973874605956,0.0,6.391309153992573e-06,-8.579923831291211e-05,True
3.12,5.469027352684606e-06,-0.0002592849430083095,-0.09838621138983553,-0.007803568611999516,0.0,1.25288579731098e-05,-7.978246778458696e-05,True
3.121,5.160584533220419e-06,-0.00035756456047493095,-0.09264860639258989,-0.007361905737066215,0.0,1.8134846400646134e-05,-0.00012537981894960267,True
3.122,4.7567330952384355e-06,-0.00045010003827257585,-0.0174472123279972,-0.001364167795118193,0.0,1.8725492693031218e-05,-0.00021441410486015686,True
3.123,4.297930846958786e-06,-0.00046748290795557565,-0.010156308584265085,-0.0007912398804506177,0.0,1.8835490779018687e-05,-0.00023223985538574056,True
3.124,3.825389942086533e-06,-0.00047757865798466864,0.03990073449113444,0.0032036063392901523,0.0,1.570767821500589e-05,-0.0002738496505664895,True
3.125,3.3677692083188413e-06,-0.0004376556295046682,0.04188594130684811,0.0033589764747570276,0.0,1.2542702334615416e-05,-0.0002647149598789753,True
3.126,2.951062095159952e-06,-0.00039575344577097725,0.009985517282161054,0.0008044700867932463,0.0,1.1535848352020447e-05,-0.00023228557013719726,True
3.1270000000000002,2.560313654161586e-06,-0.00038573128888459506,0.06696636350574606,0.005357106971568442,0.0,6.87118303713044e-06,-0.00026707692578973805,True
3.128,2.2080626434064134e-06,-0.0003187742621366125,0.010189127755396989,0.0008166224365566809,0.0,6.015220411335909e-06,-0.00020691833533429278,True
3.129,1.8943922528497857e-06,-0.00030855731070551583,0.03923386915040181,0.0031357817152987792,0.0,3.3056540715014667e-06,-0.00022180683001013485,True
3.13,1.6054532706728993e-06,-0.0002693196277196825,0.043720438802839226,0.0034942149077728884,0.0,3.8264775548896466e-07,-0.0002089821488832177,True
3.1310000000000002,1.3579926221633453e-06,-0.00022560331839727252,-0.010213615264942069,-0.000819717752204098,0.0,1.0355425577253893e-06,-0.00015679348991640024,True
3.132,1.127293601284428e-06,-0.00023578352734411097,0.03344893102397231,0.002667911743459611,0.0,-1.1540572260640843e-06,-0.00018657529581734517,True
3.133,9.082347053382256e-07,-0.00020233441198230299,-0.008452643661279305,-0.0006841433976441327,0.0,-5.67388885532606e-07,-0.00014525514269960146,True
3.134,7.01683747832419e-07,-0.00021075765177547618,0.06565550186527196,0.005239779538469682,0.0,-4.794045506970696e-06,-0.00019268819305806768,True
3.1350000000000002,5.237447241971479e-07,-0.00014513012921919615,0.0726296360539409,0.0058023826738445175,0.0,-9.35646743498733e-06,-0.0001678212527511985,True
3.136,4.1491602184105234e-07,-7.254134106214437e-05,-0.0732782831784136,-0.005863499126807406,0.0,-4.3435318179574e-06,-4.314170236102444e-05,True
3.137,3.0575725815473874e-07,-0.00014575379045362577,-0.017613343625125195,-0.0014210543142176655,0.0,-3.0697845079604977e-06,-0.00010273666761476165,True
3.138,1.5120682641578152e-07,-0.00016333688187014804,-0.00501488723331748,-0.0004180696816143321,0.0,-2.6442686056180285e-06,-0.00011457794588218028,True
3.1390000000000002,-1.4630075968649567e-08,-0.00016832945603027305,-0.010101298713536605,-0.0008285667731739968,0.0,-1.8984255494474796e-06,-0.00011076738769420976,True
3.14,-1.880012522908657e-07,-0.00017840387679798604,-0.08417251164682148,-0.0067585934195027115,0.0,3.6279212632920944e-06,-6.635224460232635e-05,True
3.141,-4.0846287292165166e-07,-0.0002624900764837284,-0.07384120833417362,-0.005946147807624527,0.0,8.339800262004081e-06,-0.00010562730486937101,True
3.142,-7.078445682450671e-07,-0.00033624364980280755,0.05867198973926389,0.004640668738936363,0.0,4.345823138031203e-06,-0.00021904352871659707,True
3.1430000000000002,-1.014754831316641e-06,-0.000277580032816842,-0.007601229776836394,-0.000659673573048632,0.0,4.756810800555527e-06,-0.00015562911461039248,True
3.144,-1.2961231028177816e-06,-0.0002851440681282561,-0.03311877174437795,-0.002707049243576347,0.0,6.813945104650185e-06,-0.00014344475795193345,True
3.145,-1.597807280848974e-06,-0.0003182047101133833,0.06974281309218167,0.0055124799511056454,0.0,2.1572908295340697e-06,-0.00022197780214544527,True
3.146,-1.8811467392181482e-06,-0.00024848101191487593,-0.140714751385154,-0.011320858473548032,0.0,1.126284005586147e-05,-6.357632782750711e-05,True
3.1470000000000002,-2.199939327585286e-06,-0.000389057067521275,0.04877445644281993,0.0038156707594265062,0.0,7.854038305754864e-06,-0.0002396771664929231,True
3.148,-2.5646072290182686e-06,-0.00034027725508438444,-0.02725505600466678,-0.0022674006811057973,0.0,9.467406192721971e-06,-0.00017557910296644807,True
3.149,-2.9184921897680798e-06,-0.00036747259737580245,0.044284723265178814,0.0034461482901133834,0.0,6.408695660852617e-06,-0.00023349850573030568,True
3.15,-3.2638201326548786e-06,-0.0003231814112546584,0.0327417377017929,0.0025218084844050854,0.0,4.185122517099639e-06,-0.00021064018933442488,True
3.1510000000000002,-3.5706270496191357e-06,-0.00029042910542197885,-0.05130848005451763,-0.0042038011839051915,0.0,7.470403404392517e-06,-0.0001461435896585669,True
3.152,-3.886686204734235e-06,-0.00034166454439374416,0.010006866550959304,0.0006895892270642788,0.0,6.7003197232443255e-06,-0.00020614948738486587,True
3.153,-4.22333710282961e-06,-0.0003316271368884609,-0.008657106439434525,-0.0008083838394323103,0.0,7.164993933057086e-06,-0.00019228060866348232,True
3.154,-4.559278116958283e-06,-0.0003402401406389102,-0.05541946445348049,-0.004556452979260358,0.0,1.0651373035569928e-05,-0.00016835310215424526,True
3.1550000000000002,-4.927200866375268e-06,-0.00039557772743051495,0.05073066750960171,0.003922294457881719,0.0,7.173565331823639e-06,-0.0002592603295678507,True
3.156,-5.297411584959901e-06,-0.0003448425104608995,0.1083993715737477,0.00853521521611523,0.0,5.9160471314280216e-08,-0.0002773423663192423,True
3.157,-5.588069588813693e-06,-0.00023648968504410563,-0.035290379130588835,-0.002952194345251046,0.0,2.4479246241523747e-06,-0.0001446252276846899,True
3.158,-5.842186448251926e-06,-0.0002717256959294348,-0.019580583221544098,-0.0017042130973035949,0.0,3.758479875535583e-06,-0.00016787560092819376,True
3.1590000000000003,-6.123687173021584e-06,-0.000291260314043579,0.06967526509824372,0.00542884360105988,0.0,-7.438605266535875e-07,-0.0002314311320272113,True
3.16,-6.380117001839942e-06,-0.00022160714034485322,0.0051238534011962674,0.00026847330922120005,0.0,-9.401667540125547e-07,-0.00016271848233589126,True
3.161,-6.599155236851899e-06,-0.00021646240203826843,0.042598185871309875,0.003263094587196864,0.0,-3.555704204058243e-06,-0.00018248126636156932,True
3.162,-6.7943214765693195e-06,-0.0001738734056797441,-0.046528569889050436,-0.0038654481863838524,0.0,-3.250176991789787e-07,-0.00010781449398589395,True
3.1630000000000003,-6.991440585400209e-06,-0.00022034580245563023,-0.03779479396445374,-0.0031758709439881788,0.0,2.2557487489663194e-06,-0.00013005749542635933,True
3.164,-7.230665725487665e-06,-0.00025808607220236755,0.04929863645721613,0.0037827686048542285,0.0,-8.711498834774456e-07,-0.0001988713126018123,True
3.165,-7.464105587075136e-06,-0.00020879721892795637,0.05163974144985478,0.0039717697491496754,0.0,-4.062469319289563e-06,-0.00017985314075485946,True
3.166,-7.64708849753538e-06,-0.0001571746454582259,-0.05490646019270296,-0.004549025365826861,0.0,-2.639172609883524e-07,-9.078528916936606e-05,True
3.1670000000000003,-7.831696245035389e-06,-0.00021202021596165727,0.006244382191279726,0.00033313761697634225,0.0,-5.261848827225629e-07,-0.00014910068267659862,True
3.168,-8.040587941176062e-06,-0.00020575690879956403,-0.0012080747996849582,-0.00026606739597191345,0.0,-2.9583357351834977e-07,-0.00014094746458646795,True
3.169,-8.246940861153701e-06,-0.00020694089707844397,0.04291856279458704,0.0032602071804167837,0.0,-2.927293496873525e-06,-0.00016793191525002813,True
3.17,-8.432425847439927e-06,-0.0001640328465782024,-0.010277927758689447,-0.0009937018275384588,0.0,-2.0397168977407057e-06,-0.00011612417697468938,True
3.1710000000000003,-8.601588844098483e-06,-0.00017428424048478045,0.05829061569409371,0.004487506547475551,0.0,-5.6155196961655045e-06,-0.00016116368289095914,True
3.172,-8.74673635719177e-06,-0.000116019908350727,0.05726630332474193,0.004409940622547816,0.0,-9.027177536798722e-06,-0.00013480547410761945,True
3.173,-8.834133612843802e-06,-5.8785633691140435e-05,-0.06881818087473257,-0.005671523151052731,0.0,-4.179020156360919e-06,-2.9556083511255162e-05,True
3.174,-8.927308290073758e-06,-0.00012754303802674834,-0.07081766161904451,-0.005841409643308098,0.0,6.692999641093087e-07,-5.2583699056255287e-05,True
3.1750000000000003,-9.09023701614785e-06,-0.00019829061812454257,-0.021208932083988243,-0.0018841337071846657,0.0,2.1759462867334706e-06,-0.00011068710355479605,True
3.176,-9.299119168126247e-06,-0.00021946056059477775,0.024565325111388075,0.0017715065966134001,0.0,6.798614959245056e-07,-0.0001478775432590634,True
3.177,-9.506295208808674e-06,-0.0001948898942673577,0.03823297071193404,0.002864137555884084,0.0,-1.6585455552831397e-06,-0.00014671828581615167,True
3.178,-9.682071225182105e-06,-0.0001566651028690059,0.02884034300013309,0.0021141503456130885,0.0,-3.3234048679780213e-06,-0.0001249143382806055,True
3.1790000000000003,-9.824317761572974e-06,-0.0001278298443322779,0.0001566944402766464,-0.00017964174580605518,0.0,-3.083760401431231e-06,-9.404850617799595e-05,True
3.18,-9.952064507491488e-06,-0.0001276588998256136,0.11557501609468548,0.00905154505846092,0.0,-1.0325552664112063e-05,-0.0001641568685884821,True
3.181,-1.0021961080290861e-05,-1.2160498302347456e-05,-0.0026266895208851703,-0.00039198972091233084,0.0,-9.715525081799307e-06,-4.100229792730636e-05,True
3.182,-1.0035433786454629e-05,-1.478375301711332e-05,0.03710408498320326,0.002785914940138024,0.0,-1.1695987885260885e-05,-6.22950432627163e-05,True
3.1830000000000003,-1.0031674563190834e-05,2.2292789761287844e-05,-0.04898378930079671,-0.004096598151429817,0.0,-8.047439118124084e-06,1.0919265505815462e-05,True
3.184,-1.0033861803167949e-05,-2.66549511834613e-05,0.05914517303749829,0.004547805736400825,0.0,-1.1501807836558483e-05,-7.179918432938568e-05,True
3.185,-1.0030958503881224e-05,3.244666599185465e-05,-0.007421070115661071,-0.0007703492624037252,0.0,-1.0552081086207656e-05,-2.438007823562469e-06,True
3.186,-1.0002221665096558e-05,2.5027788621293e-05,0.016759605239361066,0.0011637317638117024,0.0,-1.1195327179968331e-05,-1.5848376062317e-05,True
3.1870000000000003,-9.9688193574971e-06,4.177138825924539e-05,0.06899974928229528,0.005345553760739784,0.0,-1.5206434313118851e-05,-3.7157883667098774e-05,True
3.188,-9.8925675507776e-06,0.00011071213120049354,0.10041338615768966,0.007868290132445235,0.0,-2.1146567860880857e-05,-2.359543210570012e-05,True
3.189,-9.731678911954572e-06,0.00021103403362560507,0.0063014837406022905,0.00035427256286807353,0.0,-2.0834132790222754e-05,8.27811919655075e-05,True
3.19,-9.517503681123841e-06,0.00021730682846974103,0.04333208026032907,0.0033213281739824657,0.0,-2.2933026333805483e-05,7.080478879955221e-05,True
3.1910000000000003,-9.278550193670061e-06,0.0002605803678381204,0.06722564857550921,0.005242307626695251,0.0,-2.652788601397719e-05,8.214400620890503e-05,True
3.192,-8.984384199993763e-06,0.00032772380321669143,0.0018204470981995945,2.324370864208278e-05,0.0,-2.579490439304835e-05,0.000159773682516791,True
3.193,-8.655762930269776e-06,0.0003295059676373945,-0.0073814987841673025,-0.0007067829193617528,0.0,-2.4491580852061754e-05,0.00017661920659032643,True
3.194,-8.329958149980343e-06,0.0003220932286103436,0.003927342610657383,0.00020289934958618572,0.0,-2.3961778438915215e-05,0.0001764245800209232,True
3.1950000000000003,-8.005914342317609e-06,0.00032598126332349954,0.050951390782288886,0.003971122556020214,0.0,-2.6498183548759897e-05,0.00015801427759465562,True
3.196,-7.65448281405652e-06,0.0003768558965432245,0.03611895410967469,0.0027969583457061443,0.0,-2.8011966481148195e-05,0.00019731055068659557,True
3.197,-7.259590932222613e-06,0.0004129040472286761,-0.014944591179472815,-0.0012766914454703912,0.0,-2.618434682745542e-05,0.0002539483385745991,True
3.198,-6.854170783826699e-06,0.0003979247912751196,-0.009524628468910714,-0.0008375943766687234,0.0,-2.4764066247998202e-05,0.0002547099997941289,True
3.1990000000000003,-6.4610207538123155e-06,0.00038836291628808166,0.02136749127602998,0.0016397044784683466,0.0,-2.538994653932485e-05,0.0002409664688605508,True
3.2,-6.061994190224073e-06,0.0004096699211038395,0.018410444137687273,0.0014128800261234092,0.0,-2.5814425808350792e-05,0.00026041839018421995,True
3.201,-5.643139177395417e-06,0.0004280198104692046,0.006766491150844898,0.0004911051641307789,0.0,-2.5480498894049983e-05,0.00028420350732526347,True
3.202,-5.211753920498938e-06,0.0004347328484763207,-0.05694185415826992,-0.004596991961413416,0.0,-2.1036118794693575e-05,0.00033563304833492645,True
3.203,-4.805493531515017e-06,0.0003777869309976365,-0.011575464432757398,-0.0009672016064681459,0.0,-1.9656794289201736e-05,0.000292431360534015,True
3.204,-4.433505493130155e-06,0.00036617809858809156,-0.02135687941319749,-0.001744412080101571,0.0,-1.7687239730316204e-05,0.000300444489533811,True
3.205,-4.078014023339589e-06,0.00034479685543705303,-0.0895131200453052,-0.007193078233392083,0.0,-1.1361627079341993e-05,0.0003400768614002945,True
3.206,-3.777963443884905e-06,0.000255315421370014,0.05069020476014007,0.00401785088938568,0.0,-1.4292958206150666e-05,0.00022076776861919213,True
3.207,-3.4973256338924022e-06,0.0003059370199310247,-0.04543413761910151,-0.0036609704285464613,0.0,-1.092354608812497e-05,0.0003041376393714863,True
3.208,-3.214105370886942e-06,0.00026050424331914836,0.034777940205149974,0.0027556418289343305,0.0,-1.2845260837801048e-05,0.00023898418579735819,True
3.209,-2.936230939978811e-06,0.00029522551838134965,-0.0837364102233504,-0.00671633791258189,0.0,-7.0428948119671e-06,0.00032943169708697596,True
3.21,-2.6828629822333537e-06,0.00021152182118871663,0.02236788695900468,0.0017665220415828203,0.0,-8.273680822626186e-06,0.00023157255122009397,True
3.211,-2.4601709462325944e-06,0.0002338483185855858,0.039758338562194934,0.0031644458061736783,0.0,-1.0601508334676196e-05,0.0002305696177122662,True
3.212,-2.2064625329810865e-06,0.0002735490691846203,0.011012709276614095,0.0008741263048376226,0.0,-1.1008855308865634e-05,0.00026603358799378235,True
3.213,-1.9274202187904967e-06,0.0002845223520787281,-0.020120388488140545,-0.0016101819607400253,0.0,-9.393072396679138e-06,0.00029201069959372,True
3.214,-1.6529635097034687e-06,0.0002643858081222559,-0.11075081988653572,-0.008858092637122849,0.0,-1.9543273189409836e-06,0.0003422469085142757,True
3.215,-1.4439343066633411e-06,0.00015369243189593078,0.060176093481378826,0.004806539752817878,0.0,-5.790876547001667e-06,0.0001912842298549266,True
3.216,-1.2601751918643551e-06,0.00021380387952128248,0.0027114188334873995,0.0002198868187679875,0.0,-5.804808643862338e-06,0.00025040964072556537,True
3.217,-1.0450243205852583e-06,0.00021648912374160265,-0.00652844959003337,-0.0005151077101242119,0.0,-5.223208633611817e-06,0.0002572718008843802,True
3.218,-8.318058442318641e-07,0.00020994147027794072,-0.017426009379507206,-0.0013838602791233971,0.0,-3.954647839037071e-06,0.00026134187963286547,True
3.219,-6.30580730259016e-07,0.00019250557069062864,-0.1492084711817918,-0.011924927479205134,0.0,5.813238924988379e-06,0.00033590986825481913,True
3.22,-5.12647924452156e-07,4.339289540495139e-05,-0.07395691135518873,-0.005920573423606643,0.0,1.0442477840965748e-05,0.00022630009371847262,True
3.221,-5.062159357077418e-07,-3.051068385529095e-05,-0.017634813819943022,-0.001423558274500816,0.0,1.1299215938186003e-05,0.00015566312796891726,True
3.222,-5.455383103748454e-07,-4.8128186693912334e-05,-0.054695106426036116,-0.004391203586072906,0.0,1.4534625677648672e-05,0.00016469261813674622,True
3.223,-6.209980647360144e-07,-0.00010277483115162386,0.07354984699968448,0.005860476815071315,0.0,9.377387852718292e-06,5.513557879223589e-05,True
3.224,-6.870131898731663e-07,-2.9271318844214958e-05,-0.02096167145021958,-0.0016928125116965893,0.0,1.048233031170732e-05,0.00013628873391635763,True
3.225,-7.267588122112866e-07,-5.021320010966201e-05,0.049998038598785544,0.00398073584526988,0.0,6.961992330995063e-06,7.742137445298879e-05,True
3.226,-7.519840742866203e-07,-2.488687621841283e-07,-0.033483478550378025,-0.002692243861618863,0.0,8.94464344843153e-06,0.00014380936693471677,True
3.227,-7.689659913567416e-07,-3.3705964583305235e-05,-0.014238768412108338,-0.001156987576563085,0.0,9.627983574640421e-06,0.00011311354991342805,True
3.228,-8.09786384800747e-07,-4.7929735748622645e-05,0.0417050866243963,0.003316079206735456,0.0,6.670041362617853e-06,6.67989804208404e-05,True
3.229,-8.368725938930841e-07,-6.252085774311475e-06,0.021693988077818565,0.0017197050892424925,0.0,5.0885380938452886e-06,9.080699666612115e-05,True
3.23,-8.32283076107536e-07,1.542553002514771e-05,0.05638232821993961,0.004497456225828251,0.0,1.302663552053519e-06,7.376296170702599e-05,True
3.231,-7.886815790934117e-07,7.17617454105825e-05,0.035495993096346955,0.002834094588733345,0.0,-1.0290674706632568e-06,0.0001064579508267,True
3.232,-6.991837306364191e-07,0.00010722173070679486,-0.03231327325179496,-0.002584780559610237,0.0,1.0930361091614e-06,0.00016132858054145082,True
3.233,-6.081142776367374e-07,7.492183494636843e-05,-0.02387614483406744,-0.001912047023529292,0.0,2.61027559070686e-06,0.00014156270787726567,True
3.234,-5.451271329859471e-07,5.1056058619024125e-05,-0.031111161781622973,-0.002492578503889302,0.0,4.554582358491931e-06,0.00013418883747809405,True
3.235,-5.096205026010412e-07,1.996364351192016e-05,0.030580019199148135,0.0024396240041064626,0.0,2.4501010737521085e-06,8.028943460683887e-05,True
3.236,-4.7437552667104297e-07,5.051734852396845e-05,6.177714745577044e-05,2.4654941392590764e-06,0.0,2.3786686594034584e-06,0.00010865481221637075,True
3.237,-4.2382919928117207e-07,5.057339679220217e-05,-0.0913709890708567,-0.007311239243640533,0.0,8.231288773218367e-06,0.00016319333695845152,True
3.238,-4.189195020313295e-07,-4.073136100261623e-05,-0.045255084366367195,-0.0036328350636662533,0.0,1.0939580236055299e-05,9.416723731003178e-05,True
3.239,-4.822651445690331e-07,-8.594624532522158e-05,-0.02906612797269494,-0.0023442845598568643,0.0,1.2527757767711112e-05,6.051324154522725e-05,True
3.24,-5.827336958030282e-07,-0.00011497983149669059,-0.005692469387527644,-0.00047968433730626893,0.0,1.2561128468469314e-05,2.8039299211621632e-05,True
3.241,-7.00553975916127e-07,-0.00012065489183523415,0.08029743573780104,0.0063967063004373645,0.0,7.025625798968269e-06,-3.4296887891557056e-05,True
3.242,-7.810764466402361e-07,-4.040709133293223e-05,0.01243462996644858,0.0009758621703164104,0.0,6.036347197121872e-06,3.495418502908018e-05,True
3.243,-8.152679323586447e-07,-2.7977705186125944e-05,-0.035959099241190014,-0.0028947600866999915,0.0,8.209211921656873e-06,6.628954850194618e-05,True
3.244,-8.612148148746575e-07,-6.390535526795644e-05,-0.07395185361263702,-0.005939318798310861,0.0,1.2785727209958792e-05,7.150682113448143e-05,True
3.245,-9.620745270677344e-07,-0.000137791815972976,0.013669954079738734,0.0010597439669751225,0.0,1.1565286384595489e-05,-1.8135765078575487e-05,True
3.246,-1.0930297451082207e-06,-0.0001241171279325379,0.0034702729310440374,0.0002430532437196705,0.0,1.1040720986068758e-05,-1.2331302757332064e-05,True
3.247,-1.2154079837050396e-06,-0.00012063563050684881,-0.010621582275534353,-0.0008860802014102609,0.0,1.1445299906633822e-05,-7.751831998855955e-06,True
3.248,-1.3413471292328207e-06,-0.0001312352880959162,-0.004947541722026265,-0.0004356958206598019,0.0,1.1473729318720962e-05,-2.1043657290429802e-05,True
3.249,-1.4750499859071405e-06,-0.00013616417930874874,0.009088691173086971,0.0006842046925835794,0.0,1.0594551003952692e-05,-3.728750620076869e-05,True
3.25,-1.6066670719146388e-06,-0.000127067331290772,-0.05168735591202301,-0.004179156560011197,0.0,1.3678233007898322e-05,-1.0668055236550956e-06,True
3.251,-1.759559916361133e-06,-0.0001786997165773306,0.01544665062613066,0.0011826160056066727,0.0,1.233300696669742e-05,-6.930112850740691e-05,True
3.2520000000000002,-1.930533613925874e-06,-0.00016324513067072856,0.010376845430758766,0.0007758086137295482,0.0,1.1355303438305551e-05,-6.592015971095886e-05,True
3.253,-2.0885868930059123e-06,-0.00015285809727027985,-0.03145156140757516,-0.002572062448352553,0.0,1.3116134877991267e-05,-4.1121502479190446e-05,True
3.254,-2.257156886150743e-06,-0.00018426771562927012,-0.011637057661048377,-0.0009937055627100959,0.0,1.3549042442347868e-05,-7.160578514617151e-05,True
3.255,-2.447233205891609e-06,-0.00019587489442881635,0.033192327828311635,0.002587831041227424,0.0,1.1069651732461552e-05,-0.00011010971899519255,True
3.2560000000000002,-2.626513200000469e-06,-0.00016268666768406146,-0.11344857029646598,-0.009142685261439375,0.0,1.8158920923395334e-05,-1.0893307406843449e-05,True
3.257,-2.8458886392833894e-06,-0.0002760276501901663,0.02358707432359043,0.0018026166323573132,0.0,1.6184687024872135e-05,-0.00014811617499166314,True
3.258,-3.1101185208426317e-06,-0.0002524281041747156,-0.024798864519604974,-0.002070182667444531,0.0,1.740227295327214e-05,-0.00011587693274492999,True
3.259,-3.3749301648924223e-06,-0.0002771790661465684,-0.038413275666588614,-0.003167072284232741,0.0,1.947352212806422e-05,-0.00012447520006980534,True
3.2600000000000002,-3.6712955187130035e-06,-0.00031553094036372825,0.0868309765258271,0.006842531089885686,0.0,1.3381129930195446e-05,-0.0002256167466691589,True
3.261,-3.943421656484841e-06,-0.00022873282941713024,-0.0109754905059805,-0.0009764687698252229,0.0,1.3792570595999804e-05,-0.00013663460758443812,True
3.262,-4.177630811151516e-06,-0.00023967396204785916,0.0016918479891591853,3.138960908626444e-05,0.0,1.3376271340982591e-05,-0.00015442673168030281,True
3.263,-4.416450303466096e-06,-0.00023795649636863976,-0.031248939773569257,-0.002607966066912167,0.0,1.510890014258403e-05,-0.0001386756821177173,True
3.2640000000000002,-4.670014247435004e-06,-0.00026915408397110336,-0.008533023501665389,-0.0007990006266635936,0.0,1.5327676759323424e-05,-0.0001710312332017864,True
3.265,-4.94342254121077e-06,-0.00027765012702297623,-0.00785741272572772,-0.0007508926390427686,0.0,1.5501299392899496e-05,-0.00018089841484765032,True
3.266,-5.224988929341508e-06,-0.0002854701357609381,0.02552361748886284,0.0019135831820895678,0.0,1.3512531246469496e-05,-0.00021087665444146842,True
3.267,-5.497693173037795e-06,-0.00025993450909879266,-0.019013543821013907,-0.001651234123887648,0.0,1.4466616696073719e-05,-0.00017848428899192533,True
3.2680000000000002,-5.767119780302924e-06,-0.00027890385994806745,-0.007956047882607765,-0.000773760449847842,0.0,1.4683158287559761e-05,-0.0001983153402346114,True
3.269,-6.049989146365593e-06,-0.00028682228523565833,0.03662348500711297,0.0027865603217061777,0.0,1.201071224564011e-05,-0.00023477272853936464,True
3.27,-6.3184984330784084e-06,-0.00025019537568992637,0.0800445433691972,0.006259807052657573,0.0,6.601658009806121e-06,-0.00025202157016727353,True
3.271,-6.528682912324781e-06,-0.0001701857027581352,0.019842302829357977,0.0014494456495958159,0.0,5.2409262851591325e-06,-0.00018553725919073105,True
3.2720000000000002,-6.688946228834701e-06,-0.00015033988178289845,0.04023721729662104,0.003080535565796711,0.0,2.5980372278495935e-06,-0.0001919379722669666,True
3.273,-6.8191722990938736e-06,-0.00011011743061379835,0.014269893715933044,0.001005632304217298,0.0,1.71013147303823e-06,-0.00016041695280016123,True
3.274,-6.922154354910464e-06,-9.584638690173999e-05,0.06022476184533994,0.004681880602810598,0.0,-2.129330230902609e-06,-0.00018335041103564154,True
3.275,-6.987900383149397e-06,-3.5658250659702274e-05,-0.046014809139630075,-0.0038112459281462595,0.0,1.0170442518729787e-06,-9.207042265815017e-05,True
3.2760000000000002,-7.046552770918727e-06,-8.163283220742582e-05,0.009244456217780424,0.0006029226076810057,0.0,5.000246919567358e-07,-0.00014388595945742094,True
3.277,-7.12356271184818e-06,-7.238647334224128e-05,-0.00948536303861922,-0.0008957395487038739,0.0,1.2111491328355926e-06,-0.00012802850351912494,True
3.278,-7.200686693858129e-06,-8.185623122457212e-05,0.02921740657010448,0.0021979574173719633,0.0,-6.028975368172082e-07,-0.00015551022160759524,True
3.279,-7.267938728865779e-06,-5.265261753732234e-05,-0.023596870674027173,-0.0020248908651462364,0.0,1.0537763732514872e-06,-0.0001102497335689172,True
3.2800000000000002,-7.33238168978126e-06,-7.622499483705416e-05,-0.040010776974881215,-0.0033419920277870064,0.0,3.7299786847682517e-06,-0.00010885169425577208,True
3.281,-7.428598841696095e-06,-0.00011619570858370162,0.04948936355153636,0.0038114908199423352,0.0,5.380434022506611e-07,-0.00018093442119742633,True
3.282,-7.520058344463002e-06,-6.673223272396411e-05,0.13450040800240065,0.010616663722064842,0.0,-8.07369363511259e-06,-0.00021416982478167338,True
3.283,-7.519572745099373e-06,6.766981389183521e-05,-0.045585993242834216,-0.003774111391171506,0.0,-4.788923863128422e-06,-4.569499521520724e-05,True
3.2840000000000003,-7.474686644902058e-06,2.211209234191454e-05,-0.07415987255050058,-0.006064680712567254,0.0,2.574672686746134e-07,-4.278473168870458e-05,True
3.285,-7.489636089463451e-06,-5.1991895514629415e-05,0.032989775559894824,0.002498129567719488,0.0,-1.772606352477694e-06,-0.00013768704796022528,True
3.286,-7.525139701863432e-06,-1.902224005349635e-05,0.008663585156043475,0.0005553516290435166,0.0,-2.1720479773414974e-06,-0.00010837081368494602,True
3.287,-7.539831682577593e-06,-1.036333508719258e-05,0.060380599366485786,0.004693487378822003,0.0,-5.910886600511579e-06,-0.0001356704808087466,True
3.2880000000000003,-7.520019985059491e-06,4.997090416034835e-05,-0.0485202538952707,-0.004010984162853485,0.0,-2.495611139886972e-06,-4.133989737447832e-05,True
3.289,-7.494298500660889e-06,1.4832216006146072e-06,-0.0014662943377278567,-0.0002520229334380508,0.0,-2.220818165527381e-06,-8.781528890149981e-05,True
3.29,-7.493548101646462e-06,1.7914602882533472e-08,-0.030935579542141052,-0.002609728079448575,0.0,-4.473985359051221e-08,-6.857563560748854e-05,True
3.291,-7.5089899564704624e-06,-3.089331765127198e-05,0.06904877464073149,0.005385032953923899,0.0,-4.403822492495962e-06,-0.00014232084621182368,True
3.2920000000000003,-7.505375631788994e-06,3.810458260097996e-05,-0.04770140474696611,-0.003946636591217373,0.0,-1.0833606475933455e-06,-4.0522403759712367e-05,True
3.293,-7.491110811867649e-06,-9.563561055255447e-06,0.051559717314127965,0.003988789763189989,0.0,-4.282447401054254e-06,-0.00011990813431515408,True
3.294,-7.474907524234743e-06,4.195664910194509e-05,0.03467844090927664,0.002644761735198139,0.0,-6.3025899728447325e-06,-8.716821372430434e-05,True
3.295,-7.415622218931993e-06,7.660307703853034e-05,-0.010929903585232473,-0.00099868111751475,0.0,-5.3153253845335456e-06,-4.223336392806553e-05,True
3.2960000000000003,-7.344484131305172e-06,6.567316297051589e-05,-0.04974844876252442,-0.004104195835808984,0.0,-1.8414531381629718e-06,-1.9663897940606396e-05,True
3.297,-7.303674755696021e-06,1.5956486663969697e-05,0.048048232359587995,0.0037143072215641876,0.0,-4.796802418914781e-06,-9.873772148668435e-05,True
3.298,-7.263707209001865e-06,6.396510622938572e-05,-0.04038215802948194,-0.003353643559373062,0.0,-1.9453597921657287e-06,-2.2726982965936022e-05,True
3.299,-7.219925109242783e-06,2.3607540533136845e-05,0.05352895111712903,0.004155190342267929,0.0,-5.254754731066237e-06,-9.576426194022872e-05,True
3.3000000000000003,-7.169567857155228e-06,7.70917047015054e-05,-0.018633628107805857,-0.001610491465489082,0.0,-3.801792884040812e-06,-2.7613437740531683e-05,True
3.301,-7.101791025012062e-06,5.846407474739209e-05,-0.04380111399456908,-0.0036249056690460567,0.0,-7.589034751440626e-07,-1.7336813477611357e-05,True
3.302,-7.0652183420350184e-06,1.4690862681213733e-05,-0.045241643587671375,-0.003744742513648595,0.0,2.2947840837860085e-06,-3.293541937042273e-05,True
3.303,-7.073137121538499e-06,-3.0516823208819773e-05,-0.037997338090681815,-0.003170765534227297,0.0,4.797171202243325e-06,-5.5844357467259775e-05,True
3.3040000000000003,-7.122641617843615e-06,-6.848082234577676e-05,0.013198677255669613,0.0009194689326508908,0.0,3.916709724729635e-06,-0.00010440001039429554,True
3.305,-7.184523956663268e-06,-5.528483363212485e-05,0.04936129832550208,0.0038129482547843733,0.0,7.183023602357806e-07,-0.00012336815686747789,True
3.306,-7.215138867187955e-06,-5.9561711186606996e-06,-0.06214476247923969,-0.0051021682384827976,0.0,4.829255927745534e-06,-3.498633290524388e-05,True
3.307,-7.252151083301881e-06,-6.805134991903819e-05,-0.0477133247762381,-0.003955770863588766,0.0,7.895447754561463e-06,-6.999177110223246e-05,True
3.3080000000000003,-7.344044173469899e-06,-0.00011571946787287228,0.028760617001516556,0.0021547702288541217,0.0,5.9269369041454525e-06,-0.00013935727280306413,True
3.309,-7.445386452077999e-06,-8.696847657790431e-05,0.02338246518860131,0.0017261440417613522,0.0,4.361279549160478e-06,-0.00012725549840425298,True
3.31,-7.520666498601527e-06,-6.359463677784733e-05,0.011424299173141602,0.000770940580463159,0.0,3.6134371486068136e-06,-0.00011243363220384904,True
3.311,-7.578549563994794e-06,-5.2172178949854814e-05,0.035647775019804435,0.002709147447958466,0.0,1.3173903889633278e-06,-0.0001244281962496935,True
3.3120000000000003,-7.612905142511375e-06,-1.6546595860885522e-05,-0.04245162520191528,-0.0035351479002217337,0.0,4.142523374071034e-06,-6.232506345030877e-05,True
3.313,-7.650665923798112e-06,-5.896294698856156e-05,-0.0061940063555862,-0.0006403080487138895,0.0,4.543591981861644e-06,-0.00010289926430458879,True
3.314,-7.712722057693411e-06,-6.514544816849129e-05,0.04425150759076724,0.003393474156442679,0.0,1.667073863798618e-06,-0.00013842863319631936,True
3.315,-7.755750783614523e-06,-2.092144574484016e-05,-0.0392779150109196,-0.0032843472884680103,0.0,4.279219372490973e-06,-6.974158121330492e-05,True
3.3160000000000003,-7.796300218577913e-06,-6.0166092783949584e-05,0.02984755437055395,0.0022402510145758396,0.0,2.3439775161241527e-06,-0.00012958366472845436,True
3.317,-7.841548017705398e-06,-3.033526615891265e-05,-0.014261282842632905,-0.0012856907236683992,0.0,3.3185941239007148e-06,-9.130095498232675e-05,True
3.318,-7.879009090456495e-06,-4.458191304064554e-05,-0.052953614518282684,-0.004383461154655709,0.0,6.773906156547827e-06,-7.389492978136962e-05,True
3.319,-7.950052409682112e-06,-9.748883506258944e-05,0.0036031060083150453,0.00013344887708341486,0.0,6.4738773366590915e-06,-0.00013227487864892688,True
3.3200000000000003,-8.045736971497996e-06,-9.387760324164706e-05,0.04020961809992861,0.003060680870118327,0.0,3.8121230233786094e-06,-0.00015617608566767348,True
3.321,-8.119516672199754e-06,-5.3689078258417664e-05,0.025515287150145,0.0018886289825209943,0.0,2.174832911363026e-06,-0.00013277618981840798,True
3.322,-8.160452709933214e-06,-2.818783722546583e-05,-0.03075861126225724,-0.0026109595902264328,0.0,4.22733529057657e-06,-8.845554552152864e-05,True
3.323,-8.204010821011128e-06,-5.891906898933589e-05,0.001450354332572853,-3.8714136451092364e-05,0.0,4.138879745055042e-06,-0.00012191100752145649,False
3.3240000000000003,-8.262202880247324e-06,-5.7463231268305716e-05,0.033444417903585634,0.002519938192690202,0.0,1.9811477743933992e-06,-0.0001427098171375199,True
3.325,-8.30295042001122e-06,-2.4038676105029773e-05,0.03547596983222926,0.0026857398378855356,0.0,-2.4968624179227256e-07,-0.00013151147694327628,True
3.326,-8.309259408341629e-06,1.1412073645904911e-05,0.13343103308133894,0.010526285425994476,0.0,-8.76591815072486e-06,-0.00017827276205734175,True
3.327,-8.23116684211238e-06,0.00014473680036678938,0.03626402247152637,0.002770329210608102,0.0,-1.076067286759347e-05,-6.19128634044311e-05,True
3.3280000000000003,-8.068312858685557e-06,0.00018095600508810877,-0.08506281457800936,-0.006928540077086516,0.0,-4.845560618644249e-06,3.2676124887217684e-05,True
3.329,-7.929872988999058e-06,9.593979620368433e-05,0.06515491745655172,0.005081168458266597,0.0,-8.822543482299349e-06,-9.142666718104525e-05,True
3.33,-7.801376223908744e-06,0.0001610326427890426,0.009971235677828727,0.000676597999330626,0.0,-9.120364516671939e-06,-2.7773528364209257e-05,True
3.331,-7.63536658509482e-06,0.00017097792335908104,-0.05183578350095069,-0.004263781927804672,0.0,-5.409437645507413e-06,1.871075388724724e-05,True
3.332,-7.490299522707222e-06,0.00011916371460680682,0.051193903038347706,0.003974986497411903,0.0,-8.47474629313425e-06,-6.303831600767713e-05,True
3.333,-7.345556597163972e-06,0.00017030392411076787,-0.02349432916831209,-0.0019913298813206267,0.0,-6.622158437603622e-06,7.061686581945437e-06,True
3.334,-7.1870001300005804e-06,0.00014680893800260404,-0.0016658536677440206,-0.0002450172231992196,0.0,-6.236091418562855e-06,-1.2707881454009164e-05,True
3.335,-7.041029190177902e-06,0.00014512788808236619,0.03461761853903134,0.002660086304269189,0.0,-8.213276118659608e-06,-3.322921933181923e-05,True
3.336,-6.878606908780369e-06,0.0001797019407762597,0.039437576683609435,0.00305275544322386,0.0,-1.0452377964061044e-05,-1.9281196478871767e-05,True
3.337,-6.679203141382204e-06,0.00021908827027612303,-0.08870321430131535,-0.007190192208216974,0.0,-4.334138743851238e-06,8.024734406956637e-05,True
3.338,-6.504451691905662e-06,0.00013043023936088762,0.02294521421430041,0.0017341886354130373,0.0,-5.615510225129168e-06,-2.1861918153279005e-05,True
3.339,-6.362559684001248e-06,0.00015334272767270497,-0.011970218033132918,-0.0010537423896419312,0.0,-4.603133506488316e-06,1.1051904920900427e-05,True
3.34,-6.215204709887921e-06,0.0001413646892513503,0.012782432435290994,0.0009276846727554589,0.0,-5.223842008535578e-06,-7.172667235016972e-06,True
3.341,-6.0674574178518915e-06,0.00015412116539165126,0.07335583856038823,0.005777747391156722,0.0,-9.754135871578474e-06,-3.786270575473199e-05,True
3.342,-5.876683130349936e-06,0.00022740193615048728,0.07432355961212292,0.005867392704961593,0.0,-1.4228628138344747e-05,-6.030328405257756e-06,True
3.343,-5.6121472094735935e-06,0.00030164142645907005,-0.019372188384431423,-0.0016145967493499502,0.0,-1.251802187584109e-05,8.702135224312218e-05,True
3.344,-5.320198161673179e-06,0.00028225056880306785,-0.039341286597604296,-0.0032091964264620927,0.0,-9.564720505706247e-06,9.707305149746224e-05,True
3.345,-5.057618616138129e-06,0.0002429085108917581,0.06109686824741348,0.004825861346009603,0.0,-1.3201235589357975e-05,2.3080618293178798e-05,True
3.346,-4.784186618048292e-06,0.00030392997693989973,-0.005752637727256017,-0.0005098547800725627,0.0,-1.2414273625228346e-05,9.368129068900383e-05,True
3.347,-4.4831428615210395e-06,0.00029814769270497754,-0.023071585221474924,-0.0018906456661007753,0.0,-1.0531564926456065e-05,0.00010715533676765116,True
3.348,-4.1965361557431185e-06,0.0002750607428373708,-0.030701065872195416,-0.002498615631438525,0.0,-8.209928971909921e-06,0.00010701475431556367,True
3.349,-3.936828296540924e-06,0.0002443529133955017,-0.0351424598869549,-0.0028529373506866688,0.0,-5.667188190773471e-06,0.00010087880428978923,True
3.35,-3.710046661106012e-06,0.00020921063858621753,0.02952734120906913,0.002320511733455968,0.0,-7.385536487760432e-06,4.8856092735979785e-05,True
3.351,-3.48608785025812e-06,0.00023869121492128977,-0.0008809420788982727,-0.00010458200182595322,0.0,-7.09154800282313e-06,8.180694563320089e-05,True
3.352,-3.24784582552848e-06,0.00023778412739242931,-0.04264596741167013,-0.0034416045225060315,0.0,-4.103848648487226e-06,0.00010990141330953786,True
3.353,-3.031382538103086e-06,0.000195144989652023,-0.003088450686375884,-0.0002782235418376835,0.0,-3.762263025382176e-06,6.986661328719243e-05,True
3.354,-2.8377882882097817e-06,0.0001920370274490527,0.0031618608296604543,0.00022491312047894662,0.0,-3.83775607363365e-06,6.573346041687996e-05,True
3.355,-2.6441783488451354e-06,0.00019517480662501242,0.014166510225363802,0.0011091465845448933,0.0,-4.627088156198602e-06,6.10916394079281e-05,True
3.356,-2.4419312765285234e-06,0.00020930822065287348,0.02758428184657938,0.002187904771227182,0.0,-6.267538913899194e-06,5.955171605189573e-05,True
3.357,-2.2188459131543153e-06,0.00023684725602939166,-0.02010034480688078,-0.0016195451402637132,0.0,-4.778543770376777e-06,0.00010195993398225166,True
3.358,-1.9920524963272736e-06,0.00021673610064487994,0.057087216289426854,0.004557128690297643,0.0,-8.333102198177956e-06,4.74946479213981e-05,True
3.359,-1.7467957137384016e-06,0.0002737540135894241,-0.06513454598346984,-0.005209355519894147,0.0,-3.878839771594656e-06,0.00014861639733441042,True
3.36,-1.5056023469000554e-06,0.00020863995345652174,0.0043233028694027,0.0003438001817227976,0.0,-4.047293852337153e-06,8.110186809349048e-05,True
3.361,-1.2948096840244596e-06,0.0002129363936440707,0.030037843388805704,0.002405273264029305,0.0,-5.880182904318938e-06,6.779277928115982e-05,True
3.362,-1.0668701390559108e-06,0.00024292665141404754,-0.039607987554071154,-0.0031586914686590126,0.0,-3.155893130788432e-06,0.0001246119348441393,True
3.363,-8.437463181436478e-07,0.00020332252411241433,-0.08881669594675592,-0.00709612440657357,0.0,2.6793948579979365e-06,0.00014053739161206316,True
3.364,-6.848167352360967e-07,0.00011455287359949974,-0.04490729433090767,-0.0035911639028749233,0.0,5.511285613338014e-06,7.68890628174785e-05,True
3.365,-5.927101593045028e-07,6.966804515047754e-05,0.02634202717441494,0.002105053556503772,0.0,3.650598525912425e-06,1.2021881508089653e-05,True
3.366,-5.098805421325374e-07,9.598150500315258e-05,0.015394721308814177,0.001233917635547127,0.0,2.5480166765569093e-06,2.6783053171605273e-05,True
3.367,-4.062092659942598e-07,0.00011135331685285139,-0.015709613324818586,-0.0012507184347510414,0.0,3.4885331551573544e-06,5.037553876169439e-05,True
3.368,-3.027108567791138e-07,9.564354776581256e-05,-0.029415973521369695,-0.0023472494513997024,0.0,5.2902746863065e-06,5.0713648208310596e-05,True
3.369,-2.217712540516553e-07,6.623997314996977e-05,0.00451636599583388,0.00036526619387177697,0.0,4.844585773033217e-06,1.533566761484313e-05,True
3.37,-1.5327675198028296e-07,7.074533619495367e-05,0.021369227058463704,0.0017152686234848458,0.0,3.318408343445356e-06,3.97280608143739e-06,True
3.371,-7.185499485125171e-08,9.208978887541283e-05,0.009759464141593064,0.0007905145160851722,0.0,2.5842716567200446e-06,1.756701044106907e-05,True
3.372,2.5108543576825533e-08,0.00010183121664301747,0.0587805435226817,0.004715115181596081,0.0,-1.306873840916622e-06,-1.0726439962814792e-05,True
3.373,1.56310974049761e-07,0.00016055404410410148,-0.050198527135757315,-0.0039938020880351975,0.0,1.9640109141176124e-06,8.006256589986944e-05,True
3.374,2.9177275160398505e-07,0.00011037697511572677,0.0023328515515667106,0.00020512527066809583,0.0,1.7422573492089385e-06,2.6677255126576653e-05,True
3.375,4.0331141004643817e-07,0.00011269557951630185,-0.027291553965230905,-0.00216254124229568,0.0,3.4439271751792764e-06,4.490783693233101e-05,True
3.376,5.023640642689009e-07,8.541283497351958e-05,0.058675964830619,0.0047133692798031835,0.0,-4.7016734379599326e-07,-2.1016585497957426e-05,True
3.3770000000000002,6.170964663000303e-07,0.00014403301216623496,0.04397722279467673,0.003546569521427487,0.0,-3.3285589748847605e-06,1.0767516203116175e-05,True
3.378,7.831012881818139e-07,0.0001879594253088642,-0.04614162901699386,-0.0036546793671351726,0.0,-2.7497279572999164e-07,8.507727797659506e-05,True
3.379,9.479948168061601e-07,0.00014183297976024827,0.012042407985398821,0.0009974765031056465,0.0,-1.0748533263009203e-06,3.08226110228841e-05,True
3.38,1.0958405614462977e-06,0.00015384996126633008,-0.006836203962511905,-0.0005087091915429595,0.0,-6.324816194478905e-07,4.744211948128891e-05,True
3.3810000000000002,1.246268426020848e-06,0.00014700183891425513,-0.07029988181614491,-0.005583917492953507,0.0,3.9068336434137965e-06,8.43262916502007e-05,True
3.382,1.358133040966517e-06,7.674076079424326e-05,-0.013554273105438705,-0.00105068656240239,0.0,4.646872011740037e-06,1.982391760686929e-05,True
3.383,1.4280973028775519e-06,6.318852735804956e-05,0.012595215074962763,0.001040905580731783,0.0,3.672340755754058e-06,-3.941804559521438e-06,True
3.384,1.4975778033887868e-06,7.576672375379796e-05,0.053814844259789954,0.00434123594809465,0.0,5.309551320665539e-08,-2.6497931806463055e-05,True
3.3850000000000002,1.6002351559057204e-06,0.00012953069117395286,0.07166667088250828,0.00577768158634784,0.0,-4.626693903238749e-06,-1.6927983539293773e-05,True
3.386,1.7655757451175238e-06,0.00020112638878753058,-0.08790027236510614,-0.006976106259141872,0.0,1.1530960123525304e-06,0.00011207233420190239,True
3.387,1.9227672492037556e-06,0.00011327268747910488,0.07825965942655531,0.006308975287107585,0.0,-3.988064835857934e-06,-2.6045956950194243e-05,True
3.388,2.075145229000934e-06,0.00019145801239207422,0.0034328377022169697,0.0003349545917864233,0.0,-4.146261048433963e-06,5.2482506871962266e-05,True
3.3890000000000002,2.26831159319058e-06,0.0001948666202609179,0.024146847720001342,0.001995961420708848,0.0,-5.6449187682830795e-06,4.261544317695188e-05,True
3.39,2.47523807172869e-06,0.00021897255094254642,-0.07018753818657997,-0.0055441720635221745,0.0,-9.95733164710543e-07,0.00011304540214660165,True
3.391,2.659126843499223e-06,0.00014881563552030842,0.016391720778238635,0.0013770598217045138,0.0,-2.082542201908636e-06,3.2265788877712656e-05,True
3.392,2.8161285108491856e-06,0.0001651777213466939,-0.013243844014214844,-0.000988995881380299,0.0,-1.2227164055951938e-06,5.785298114370869e-05,True
3.3930000000000002,2.974681552227464e-06,0.0001519257286651109,-0.007742182300851237,-0.0005475992286881914,0.0,-7.446643384826244e-07,4.971744445003236e-05,True
3.394,3.1227325020664846e-06,0.00014417255743145416,-0.06253700282946226,-0.004929450334428009,0.0,3.267897269837134e-06,8.105276297588365e-05,True
3.395,3.2356473683119956e-06,8.166856628835328e-05,-0.03076744798783636,-0.0023933539584426906,0.0,5.113223224491702e-06,3.553440344093482e-05,True
3.396,3.3019371266060325e-06,5.091615231770289e-05,-0.06224715819042045,-0.004914227848676603,0.0,8.947445925560037e-06,4.0923317434703605e-05,True
3.3970000000000002,3.321743930709806e-06,-1.1287736417049677e-05,-0.019115328204236032,-0.0014707893939561521,0.0,9.88479716973943e-06,-1.3963422576110817e-05,True
3.398,3.3009039095682114e-06,-3.0386749791663687e-05,0.042835188396828226,0.0034825849321434865,0.0,6.784754389914032e-06,-6.421207583011919e-05,True
3.399,3.291924786689574e-06,1.2418139892854474e-05,0.025568961639322534,0.0021062617540933575,0.0,4.886998796602009e-06,-3.973240627588716e-05,True
3.4,3.317120312344139e-06,3.796557996249306e-05,-0.047394218547378394,-0.0037272734485725777,0.0,7.76653603602833e-06,1.3613314458596085e-05,True
3.4010000000000002,3.3313996482898127e-06,-9.395603649807909e-06,0.038628809652509595,0.0031491424934320072,0.0,4.996518825750599e-06,-6.149927649387677e-05,True
3.402,3.3413087859432183e-06,2.9203857839194283e-05,0.008121808753386915,0.0007133927213586345,0.0,4.2772711494267885e-06,-2.9488656100950777e-05,True
3.403,3.3745703475923907e-06,3.731599021084589e-05,0.01002918098955313,0.0008675546642462151,0.0,3.453579526369175e-06,-2.912257306863204e-05,True
3.404,3.416896929094553e-06,4.7333081390025e-05,-0.009676983434913,-0.000706974560302535,0.0,3.92815383963202e-06,-1.4170424558531933e-05,True
3.4050000000000002,3.4593922535025523e-06,3.7658392469568107e-05,0.009610560420441913,0.0008356329012947473,0.0,3.1402038107398194e-06,-3.1307067292155514e-05,True
3.406,3.5018520226840758e-06,4.7257154074357675e-05,-0.03736882169705958,-0.0029208015408675302,0.0,5.416231671056934e-06,6.548110773508143e-07,True
3.407,3.53043268346598e-06,9.912431592401055e-06,-0.05328933517998088,-0.0041984095343049945,0.0,8.662257117063413e-06,-5.883224757056084e-06,True
3.408,3.513713892817037e-06,-4.333607428117495e-05,-0.02127672053183105,-0.0016440911213895185,0.0,9.74801592053896e-06,-4.981163412316998e-05,True
3.4090000000000003,3.459746599418014e-06,-6.459117518956856e-05,0.021291954011100296,0.0017578808186547998,0.0,8.04837108177486e-06,-8.833808951607997e-05,True
3.41,3.405798301890301e-06,-4.330871727285655e-05,0.03485590413816832,0.0028445796544147484,0.0,5.516976229728812e-06,-9.152344563744711e-05,True
3.411,3.3799101226720026e-06,-8.475378408675227e-06,0.03643611674462136,0.002974710676368764,0.0,2.9519520642152307e-06,-8.08433246926384e-05,True
3.412,3.3896436731412487e-06,2.7933012562827452e-05,0.051556573289389535,0.004188891410775245,0.0,-5.235214038194069e-07,-7.682853295422531e-05,True
3.4130000000000003,3.4433405576008396e-06,7.944586499289568e-05,-0.01635848592963025,-0.0012371652405344573,0.0,4.930684663572219e-07,-1.372538944081973e-05,True
3.414,3.5146084429748702e-06,6.30913217536443e-05,-0.05543574273395113,-0.0043640255081321055,0.0,4.012718759320464e-06,4.679359012613895e-06,True
3.415,3.5499939017728656e-06,7.692118234299996e-06,-0.018177150786908652,-0.0013893491185326648,0.0,5.02397702811111e-06,-4.11064988544257e-05,True
3.416,3.548601869261825e-06,-1.0471590286028118e-05,0.057441830146097515,0.004657964654500191,0.0,1.1099658131442437e-06,-9.676501546843027e-05,True
3.4170000000000003,3.5668366929967024e-06,4.692620501000197e-05,0.004023276046053745,0.00039169628875944054,0.0,7.613463052742121e-07,-4.1065653582236984e-05,True
3.418,3.615771733796901e-06,5.094103788701735e-05,-0.005284126934166582,-0.00035153333897854023,0.0,1.0244120690749755e-06,-3.3356113566209595e-05,True
3.419,3.6640701687193093e-06,4.5655342178441136e-05,0.008496727519025565,0.0007511701056204057,0.0,3.8714524475268415e-07,-4.3734991790900686e-05,True
3.42,3.7139699601818277e-06,5.414024838605301e-05,0.005580223727533001,0.0005197661872922394,0.0,-4.468979237977204e-08,-3.8096943321033566e-05,True
3.4210000000000003,3.7708968440862967e-06,5.970999231664916e-05,0.05488014179685835,0.004465452686020219,0.0,-3.6591744428145305e-06,-6.590572499109548e-05,True
3.422,3.85803043962457e-06,0.00011454022422692481,0.045256511610700746,0.003703710303676533,0.0,-6.5544288542947126e-06,-3.635857817664571e-05,True
3.423,3.995182891844257e-06,0.00015974823547925348,-0.03932826998163815,-0.003055178518220345,0.0,-3.894847050148429e-06,3.737806754222927e-05,True
3.424,4.135271201103322e-06,0.00012043295830449364,0.02970079479197797,0.0024649504199746367,0.0,-5.780378040609515e-06,-1.8472683063586855e-05,True
3.4250000000000003,4.270542341402257e-06,0.0001500968340075717,-0.028267207195531555,-0.002166495193416375,0.0,-3.862314538716634e-06,3.227975571413246e-05,True
3.426,4.40650727444834e-06,0.00012183499870902927,-0.050194382637199636,-0.003921613280190818,0.0,-5.774608633758243e-07,3.728001627270199e-05,True
3.427,4.503253529201895e-06,7.166642459089417e-05,0.02848115104890076,0.0023681506183886023,0.0,-2.4786264408417746e-06,-3.0296757044098663e-05,True
3.428,4.589150458205681e-06,0.00010011709991893233,0.02030899747076339,0.0017193385578990455,0.0,-3.8005589367685627e-06,-1.2505792830969211e-05,True
3.4290000000000003,4.699413038134395e-06,0.0001203988549053148,-0.07985472236361212,-0.0062893404918139125,0.0,1.39973260541833e-06,5.9960597979348806e-05,True
3.43,4.779900723426186e-06,4.059344810804405e-05,-0.0012807677368086184,-1.155199215005284e-05,0.0,1.3694179098397157e-06,-1.992868477848701e-05,True
3.431,4.819852598061427e-06,3.930912406493862e-05,-0.027629308564796624,-0.002118870243530832,0.0,3.0462929031080896e-06,-4.043141999458492e-06,True
3.432,4.845352758066261e-06,1.1697142463226556e-05,0.011526797778200615,0.0010107638289968291,0.0,2.141528465370752e-06,-3.9865303687274755e-05,True
3.4330000000000003,4.8628098722577e-06,2.321355228716031e-05,0.0281737400336231,0.0023442154066649463,0.0,1.8268724840482232e-07,-4.609629249605897e-05,True
3.434,4.900102119457369e-06,5.1362506683690393e-05,0.060380078042726895,0.004924771582370428,0.0,-3.810159420473393e-06,-5.4698216500122636e-05,True
3.435,4.981637084368597e-06,0.00011168928446158511,-0.048941562729918404,-0.003812252836739447,0.0,-6.153347917640681e-07,3.903228659726632e-05,True
3.436,5.0688640903172476e-06,6.27736849608904e-05,0.025566477783404897,0.002144090618493409,0.0,-2.3340019179030693e-06,-2.5434416319468768e-05,True
3.4370000000000003,5.144412032131092e-06,8.831298106848274e-05,0.011925847300332075,0.0010572647583331437,0.0,-3.123940939122937e-06,-5.417720234947599e-06,True
3.438,5.238681534206256e-06,0.00010021951151165325,0.008453912988525585,0.0007826356480791578,0.0,-3.6691212753252487e-06,3.321384060185443e-06,True
3.439,5.3431220534487004e-06,0.0001086555016020842,-0.06914081550685434,-0.005422050383394021,0.0,8.251861157924877e-07,5.708826538430818e-05,True
3.44,5.417221001161086e-06,3.955688921961816e-05,0.006622422802429661,0.0006320506289216267,0.0,2.900183886877397e-07,-1.6650901832280564e-05,True
3.4410000000000003,5.46008590188478e-06,4.616965169046754e-05,-0.02833681429462858,-0.0021631232391335045,0.0,2.0333160368897105e-06,8.12451430875153e-06,True
3.442,5.492092762919887e-06,1.7849949825445524e-05,-0.014092010976828967,-0.0010263612144347058,0.0,2.8067534078561606e-06,-1.2028702160081598e-05,True
3.443,5.502899691929036e-06,3.767023550380604e-06,-0.01891422618367275,-0.0014136338574130519,0.0,3.871852588534773e-06,-1.5119298041204376e-05,True
3.444,5.497214365281378e-06,-1.5132738872697863e-05,-0.06243803012524132,-0.004897908480108965,0.0,7.728041770324448e-06,3.569366800815191e-06,True
3.4450000000000003,5.450879367621462e-06,-7.751992266046089e-05,-0.030510392583477795,-0.0023520179687802926,0.0,9.4134964317163e-06,-4.3233866206612796e-05,True
3.446,5.358115065348965e-06,-0.00010799758413607044,-0.006888018367814567,-0.0004675551083452124,0.0,9.525304312878358e-06,-7.319715325337159e-05,True
3.447,5.246679306353689e-06,-0.00011486803753736226,-0.011850155269902437,-0.000867356358582312,0.0,9.957669258329021e-06,-7.621597634399331e-05,True
3.448,5.125893569640522e-06,-0.000126695949632398,0.021515458421240124,0.0017982992439968515,0.0,8.21935535708338e-06,-0.0001051586902786572,True
3.4490000000000003,5.00995451998024e-06,-0.00010518318006116133,0.0018542723830275935,0.00022589899039451242,0.0,7.803503998466027e-06,-8.735766840543314e-05,True
3.45,4.905701938222645e-06,-0.00010331854019884163,0.017942903952689014,0.0015113367262792677,0.0,6.358597629052603e-06,-9.92062343266808e-05,True
3.451,4.8113540707339225e-06,-8.537814174395912e-05,-0.09555128942269918,-0.007567744157552,0.0,1.2306122520174189e-05,-2.3480595657539554e-05,True
3.452,4.67822825941606e-06,-0.00018084462297178244,0.010952467002761583,0.0009387041141338019,0.0,1.1197281708562935e-05,-0.00013124257193160313,True
3.4530000000000003,4.5028638093065565e-06,-0.0001698804421531926,-0.02095000164453655,-0.001615334236053789,0.0,1.2187912782452884e-05,-0.00011104884276884161,True
3.454,4.3225201664013464e-06,-0.00019079485247474817,0.05644127114692069,0.00457021167245191,0.0,8.141930094325141e-06,-0.00017163531423402872,True
3.455,4.159938467460639e-06,-0.00013437655279364565,-0.02172508893300837,-0.0016792534085616154,0.0,9.270906495345575e-06,-0.0001035818259205285,True
3.456,4.014710040339763e-06,-0.0001560694324510985,-0.0028923463586220796,-0.00017785125985778243,0.0,9.152177371880545e-06,-0.00012664865710985393,True
3.457,3.857201035049524e-06,-0.00015894195354620525,0.027764936691115995,0.0022715515194946267,0.0,7.053490952843746e-06,-0.0001496945388262713,True
3.458,3.7121403090095223e-06,-0.00013118099885652427,-0.01971854339893999,-0.0015264066662158107,0.0,8.089551262856928e-06,-0.00011126621688600417,True
3.459,3.571110068544833e-06,-0.00015086927163930513,-0.0023987023122858547,-0.00014572051634577802,0.0,7.978285045970924e-06,-0.00013199954992251561,False
3.46,3.419047723164006e-06,-0.0001532491219485542,-0.033242410729911125,-0.0026162398940097645,0.0,9.870592671396659e-06,-0.00011596233000200601,True
3.461,3.249191759671311e-06,-0.0001864481360902588,0.03362464847292922,0.00272608355317759,0.0,7.383504172063483e-06,-0.00017350142560509444,True
3.462,3.079554218759806e-06,-0.00015282898893954772,-0.0658756814770519,-0.005232962020899221,0.0,1.1411471277227044e-05,-0.00010044563661162689,True
3.463,2.893810198348698e-06,-0.0002186356355188316,-0.026402665078944856,-0.0020863608990075717,0.0,1.2777430309052652e-05,-0.00015418079625312349,True
3.464,2.6619882717681674e-06,-0.00024499293538471963,0.030275858543352775,0.0024405853201138823,0.0,1.0439134454048016e-05,-0.00020389573062498705,True
3.465,2.43213459948254e-06,-0.0002147133594665078,0.02169273823575003,0.0017534318785147073,0.0,8.723505640763491e-06,-0.00018996081040757018,True
3.466,2.228270033345195e-06,-0.00019301355279335223,0.07581346089355818,0.006082024105749665,0.0,3.5515649094465783e-06,-0.000217603122052881,True
3.467,2.0731507892836912e-06,-0.00011723806168399726,-0.06956199958964081,-0.005541711820366238,0.0,7.938129321216302e-06,-9.779935241081688e-05,True
3.468,1.9211541587057325e-06,-0.0001867321267888877,0.013451290866257412,0.0010882761889426296,0.0,6.831966798799136e-06,-0.00017840162070133556,True
3.469,1.7411511895112977e-06,-0.000173270426922895,-0.0023355186228881933,-0.00017629321965059952,0.0,6.781095852801265e-06,-0.00016484204695358054,True
3.47,1.5667201040375408e-06,-0.00017558462445131526,-0.07693957889911165,-0.0061480355049904145,0.0,1.1567085448058246e-05,-0.00012074120268997255,True
3.471,1.3526922210811193e-06,-0.0002524439014105464,0.07359892125479665,0.005881968892193928,0.0,6.47654546192386e-06,-0.00024777841723167996,True
3.472,1.1370381605739802e-06,-0.00017887452443525725,0.01525072806549124,0.0012190599891974002,0.0,5.305906530454438e-06,-0.00018420907612473728,True
3.473,9.657917512228757e-07,-0.0001636156872235458,0.06886128560251895,0.0055066532172567025,0.0,6.967081937559701e-07,-0.00021241740506378244,True
3.474,8.365949856478071e-07,-9.479020491366201e-05,0.031247717795574267,0.0025035013087979625,0.0,-1.3501631386970028e-06,-0.00016105351360842476,True
3.475,7.574240909842995e-07,-6.355642373535457e-05,0.026716674540110792,0.002143340825998338,0.0,-3.0473980505544468e-06,-0.0001439787903772241,True
3.476,7.072214598583576e-07,-3.685363142014403e-05,-0.04051146813237221,-0.003232609900082744,0.0,-3.4353664824501374e-07,-8.891448878670476e-05,True
3.477,6.501239797290482e-07,-7.732906921329341e-05,-0.015224473077845196,-0.001215535102898088,0.0,6.504381578980336e-07,-0.00011870367572410126,True
3.478,5.651895201498979e-07,-9.253286414477306e-05,-0.0059917017176846585,-0.00048026666974944733,0.0,1.0208845823701115e-06,-0.00012916488161927164,True
3.479,4.6966582736335553e-07,-9.850944526290919e-05,0.008153055696839892,0.0006488773072081827,0.0,4.665459041586648e-07,-0.00013929055930032445,True
3.48,3.752344887333022e-07,-9.035173024615615e-05,-0.06359741729054531,-0.005091881370075965,0.0,4.576304821916083e-06,-9.023754330909686e-05,True
3.481,2.5310392637903825e-07,-0.0001538889309006626,-0.05129414813647311,-0.004117442651951106,0.0,7.780573634210855e-06,-0.00012311650606504338,True
3.482,7.358698969183128e-08,-0.00020512540203910788,-0.021616790987102254,-0.0017526337613984204,0.0,8.97920819631696e-06,-0.00016344699714560936,True
3.483,-1.423335136942391e-07,-0.00022670211387347078,0.04579040597950721,0.0036334662214492644,0.0,5.782658796867278e-06,-0.000216281554711465,True
3.484,-3.461437990303849e-07,-0.0001809222586234552,-0.023806702958792482,-0.0019324774961207603,0.0,7.183536884503234e-06,-0.00015629720183357135,True
3.485,-5.389564544610557e-07,-0.00020468988019799541,0.014583479412466493,0.001132414351193261,0.0,6.063020170211028e-06,-0.00019110224140108506,True
3.486,-7.363507031835333e-07,-0.00019009486372838542,0.020133728735508487,0.001574632602535969,0.0,4.6161875317548696e-06,-0.00019009355255906113,True
3.487,-9.163767969583373e-07,-0.00016995560760831624,-0.05771501505904468,-0.004654090659981822,0.0,8.253858864848313e-06,-0.00013437507326995204,True
3.488,-1.115168576729643e-06,-0.00022760608526031328,0.01490741381240583,0.0011452073403800953,0.0,7.092650443269538e-06,-0.00020407577155760108,True
3.489,-1.3353162882691542e-06,-0.00021268481262238592,0.009957787362421118,0.0007470651182901585,0.0,6.286733128448006e-06,-0.00019683477843884136,True
3.49,-1.543016816388291e-06,-0.0002027109483709264,-0.059399090241295964,-0.004804026835803178,0.0,9.99846687444598e-06,-0.00015105004087270308,True
3.491,-1.7754043099995576e-06,-0.0002620404926096792,0.029957644167271327,0.002333209396688553,0.0,7.825871135746254e-06,-0.00023255275662368826,True
3.492,-2.0224639251474994e-06,-0.00023207696374630043,0.04123920030938585,0.003234882438448657,0.0,4.984747307244411e-06,-0.00022987089744873985,True
3.493,-2.233923281667954e-06,-0.00019084412756895458,-0.056601572430340294,-0.004591237708805522,0.0,8.561080548582037e-06,-0.0001536297778766418,True
3.494,-2.4530463657545886e-06,-0.00024737969023972214,-0.011882272891457048,-0.001024422228728913,0.0,9.147950515811626e-06,-0.0002055990223653614,True
3.495,-2.706354838329864e-06,-0.00025922479484620145,-0.010731992627618474,-0.0009383807726809595,0.0,9.648519345469563e-06,-0.0002133671328680918,True
3.496,-2.9709331296009534e-06,-0.0002699191926877598,0.050330001155583184,0.003940532992991307,0.0,6.184364551880298e-06,-0.0002581914400858525,True
3.497,-3.2156902531625466e-06,-0.00021959845596332698,0.057656873208658664,0.004528315617420168,0.0,2.3424468379240403e-06,-0.0002443825639474821,True
3.498,-3.4064669900137057e-06,-0.00016196227229220173,0.05285533083671614,0.0041476745884419805,0.0,-1.0823792574357341e-06,-0.00021850669158535985,True
3.499,-3.5420092299761814e-06,-0.00010913033242161476,-0.04289368215445337,-0.0035083463783864345,0.0,1.7890617566506506e-06,-0.00013639163313280001,True
3.5,-3.6725711910946763e-06,-0.00015197798229093379,0.042707268833707374,0.003332237867381974,0.0,-9.598087120657437e-07,-0.00020555273867239773,True
3.501,-3.803200915125658e-06,-0.00010928723956419746,0.025924049297281815,0.00199235185856258,0.0,-2.5458480267542284e-06,-0.0001766434891313876,True
3.5020000000000002,-3.899528754926489e-06,-8.337130656992919e-05,-0.04142345843911875,-0.0033940727495065685,0.0,2.7453855660040043e-07,-0.0001220965208296341,True
3.503,-4.003597925138307e-06,-0.00012475278632028327,-0.0077940995791029605,-0.0007105630633391603,0.0,8.421128188337172e-07,-0.0001577725540663518,True
3.504,-4.132241063909109e-06,-0.00013252672377627014,-0.10064471185538806,-0.008141860494434562,0.0,7.410846863995971e-06,-0.00010195820659642111,True
3.505,-4.3150590804378925e-06,-0.00023307731695427483,-0.05140291154366511,-0.0042178732649756035,0.0,1.0616104859733416e-05,-0.00017345994362225986,True
3.5060000000000002,-4.5738157882311056e-06,-0.00028441356181884217,0.03401043307429228,0.0026043763343369616,0.0,8.206436839953958e-06,-0.00024980423739997236,True
3.507,-4.8412222902714e-06,-0.0002503979183214165,-0.015532963564046215,-0.0013598268365471523,0.0,9.074940116997491e-06,-0.000207973097375943,True
3.508,-5.099373276567914e-06,-0.00026589050077817063,0.0035994189835056646,0.0001642579396088502,0.0,8.684753199018736e-06,-0.0002284521119888366,True
3.509,-5.363455033961491e-06,-0.00026226401771686217,-0.09267441729006633,-0.007541967255942636,0.0,1.4545482667826008e-05,-0.00016948647829675935,True
3.5100000000000002,-5.672022400372052e-06,-0.0003548360018476936,0.041643447522359336,0.0031867990783603266,0.0,1.1552858399215289e-05,-0.0002939130638635422,True
3.511,-6.006034174463505e-06,-0.000313185433408914,0.02013508888836156,0.001465116243919512,0.0,1.0039120514282457e-05,-0.0002679604708194544,True
3.512,-6.309145544029672e-06,-0.0002930309776983672,0.008043365364643847,0.0004947408920551697,0.0,9.354011113428161e-06,-0.00025551264389639085,True
3.513,-6.5981459399986276e-06,-0.00028496099435252996,0.07097464510318215,0.005525009662012293,0.0,4.61522564704575e-06,-0.00029413899951871584,True
3.5140000000000002,-6.847627332164243e-06,-0.00021401017169296355,-0.04919651718016014,-0.004084659886994924,0.0,7.791846691052489e-06,-0.00019231573559654142,True
3.515,-7.086214984340896e-06,-0.00026314390278194216,-0.04364988517195961,-0.003651119951808738,0.0,1.0527397555523664e-05,-0.00021669862487430804,True
3.516,-7.371162647916135e-06,-0.0003067298429218506,0.09042081533886355,0.0070641767182959714,0.0,4.509069107961478e-06,-0.00032014134963598767,True
3.517,-7.63269402953486e-06,-0.00021634570832365375,-0.007323406491430708,-0.0007492224968449225,0.0,4.987939616517163e-06,-0.00022469407743394988,True
3.5180000000000002,-7.85269143236054e-06,-0.0002236390243127412,-0.10221970093151592,-0.008345761203221292,0.0,1.1604282383029868e-05,-0.00016909463871970064,True
3.519,-8.12740542016872e-06,-0.0003257531220791969,-0.06946578755956638,-0.005742646676977851,0.0,1.5925332418310683e-05,-0.00023261869597128625,True
3.52,-8.487861213690294e-06,-0.0003951276051023305,0.038442370767935254,0.0028751928469761155,0.0,1.3145915834005428e-05,-0.0003321136086659933,True
3.521,-8.863762789065893e-06,-0.00035667106340519155,0.011150482922235444,0.0006896903759670266,0.0,1.22149057691008e-05,-0.0003043894191134043,True
3.5220000000000002,-9.214848131971926e-06,-0.0003454892523077307,0.06822861444940581,0.005250963179300043,0.0,7.616942302527058e-06,-0.0003393260763171184,True
3.523,-9.526227816466875e-06,-0.0002772754930115028,0.0969116259055383,0.00754818491258528,0.0,1.2891869234390193e-06,-0.00033244931888942573,True
3.524,-9.755062229961312e-06,-0.000180408968640306,-0.013721062423765177,-0.0012949251902773544,0.0,2.3011736829183626e-06,-0.00022496687603056065,True
3.525,-9.942321409399962e-06,-0.00019409894577256334,-0.012090414182821549,-0.0011694867934876308,0.0,3.182911103635357e-06,-0.00023069709671045353,True
3.5260000000000002,-1.0142455151465283e-05,-0.0002061580188184634,0.010520219922318717,0.0006343144388009067,0.0,2.5790922150295723e-06,-0.0002492719059821841,True
3.527,-1.034334805999175e-05,-0.00019562289857963668,-0.06937066591107692,-0.005759308285795561,0.0,7.16940805168506e-06,-0.00019503554786011907,True
3.528,-1.0573630971906204e-05,-0.0002649169668828165,-0.04035430795583869,-0.0034504600299873453,0.0,9.760121208104791e-06,-0.0002415733245979351,True
3.529,-1.0858704698990667e-05,-0.00030520972437932174,0.10501032353366362,0.008168744031185738,0.0,2.869150946186244e-06,-0.0003504458350441739,True
3.5300000000000002,-1.1111425047738453e-05,-0.00020024773586933934,0.020700105487877738,0.0014319730598666063,0.0,1.6283466198841185e-06,-0.0002570137592528792,True
3.531,-1.1301320591538968e-05,-0.00017954140718453765,0.002155311315662267,-5.254383425686459e-05,0.0,1.6247447596095602e-06,-0.00023665938343718292,True
3.532,-1.1479778171619519e-05,-0.00017736760437380854,0.054241549649546875,0.004111403852349742,0.0,-1.7503725836585177e-06,-0.0002674908280306359,True
3.533,-1.1630032416194417e-05,-0.00012314880457794282,0.003489377238578448,5.503173904542322e-05,0.0,-1.745326995494449e-06,-0.00021268383202502372,True
3.5340000000000003,-1.1751432820534772e-05,-0.00011964832676154983,0.010935904189922352,0.0006489887452127763,0.0,-2.221361246806571e-06,-0.00021381530110585814,True
3.535,-1.186561154554657e-05,-0.00010870757673249558,0.030033469988169928,0.002176051682025857,0.0,-3.920392856837038e-06,-0.0002191569915276169,True
3.536,-1.1959306099395194e-05,-7.868552273835298e-05,-0.01755219081146631,-0.0016288850374350209,0.0,-2.4903533528497368e-06,-0.00017489491085976498,True
3.537,-1.2046760216984718e-05,-9.6215050741884e-05,-0.06437681059846799,-0.00537853233787219,0.0,1.9353103760749043e-06,-0.00015021682169687179,True
3.5380000000000003,-1.2175143374614535e-05,-0.00016053037196466673,0.07798748048557501,0.00600058221346718,0.0,-2.9783074997387e-06,-0.0002634401723202454,True
3.539,-1.2296694209396349e-05,-8.258622489045799e-05,0.04152919790951729,0.0030910849900053937,0.0,-5.396804849952902e-06,-0.00020808010919352044,True
3.54,-1.235852350725233e-05,-4.108042835631482e-05,-0.010108985720109629,-0.0010361019321420701,0.0,-4.404910030608431e-06,-0.00015638205319469707,True
3.541,-1.2404654267459876e-05,-5.117683817230465e-05,-0.09861382515379978,-0.008118531009698936,0.0,2.29363479592617e-06,-0.00010222418561017354,True
3.5420000000000003,-1.2505110531081471e-05,-0.00014970729026990092,0.03888651930714215,0.0028678646801795177,0.0,-9.352463568268329e-08,-0.0002260293213130657,True
3.543,-1.2635379032325009e-05,-0.00011083454508956412,0.045169446795359544,0.003372818775636166,0.0,-2.8219014886278428e-06,-0.0002138712659509542,True
3.544,-1.272363641087069e-05,-6.568818861054892e-05,-0.047286580238934284,-0.004019834457143681,0.0,5.129981140002191e-07,-0.00013664766539584725,True
3.545,-1.281295316669374e-05,-0.00011293016363421535,0.049627239214090485,0.003725994360490646,0.0,-2.5185397762675167e-06,-0.0002146291607934127,True
3.5460000000000003,-1.2901078344840471e-05,-6.332928781674677e-05,0.04385290938363248,0.003268413825945461,0.0,-5.093653082968811e-06,-0.00018985249149876618,True
3.547,-1.2942490174244838e-05,-1.9503774076859034e-05,0.07253176235450878,0.005567235712335072,0.0,-9.45718171003858e-06,-0.00018768013307429753,True
3.548,-1.2925746142153194e-05,5.2973091780729476e-05,0.02350099936815002,0.0016537732899069317,0.0,-1.0528252098747552e-05,-0.0001241706624871167,True
3.549,-1.286103062980289e-05,7.644963719994643e-05,-0.024881000411704414,-0.0022128046278088115,0.0,-8.438135943877127e-06,-7.966162701383924e-05,True
3.5500000000000003,-1.2797017907418229e-05,5.157962442516727e-05,0.06637809874800375,0.005086091132437792,0.0,-1.2317290902907161e-05,-0.00014182096441348968,True
3.551,-1.2712268377726053e-05,0.00011789967747106241,0.05990089356875001,0.0045773986159974595,0.0,-1.5674613521851056e-05,-0.00010616524703789628,True
3.552,-1.2564438204229117e-05,0.00017774016638960025,-0.027773741816078456,-0.0024267304129956483,0.0,-1.3265429808279853e-05,-2.1086430081322817e-05,True
3.553,-1.240058437029383e-05,0.00014996829980315496,0.01613639289329453,0.001085697108774652,0.0,-1.3768593424057065e-05,-5.303750628763841e-05,True
3.5540000000000003,-1.224255767961046e-05,0.00016607512910492522,-0.04429778859834405,-0.003744260110607922,0.0,-1.0346600808308143e-05,-2.8899020307595743e-06,True
3.555,-1.2098626184700617e-05,0.000121793533400299,0.07506616877435283,0.005802133454631652,0.0,-1.475146107255176e-05,-8.966865963748891e-05,True
3.556,-1.1939323595707995e-05,0.00019678692314995303,0.049402018118260844,0.0037608680555161187,0.0,-1.737864076322124e-05,-3.8076710188731465e-05,True
3.557,-1.1717855849258223e-05,0.00024612793003854364,-0.027155240251244588,-0.00235380527378159,0.0,-1.4980213475371576e-05,3.631896039004134e-05,True
3.5580000000000003,-1.1485307724836868e-05,0.00021896638856241045,0.030678763008754762,0.0022738414682808065,0.0,-1.639684019330097e-05,-3.7519582935917694e-06,True
3.559,-1.1251018117358458e-05,0.00024959638346376745,0.019514863271124467,0.0013886223015931573,0.0,-1.7056542942149248e-05,2.206156110940915e-05,True
3.56,-1.0991678718451703e-05,0.0002690678216121352,0.00494132776062288,0.00022974414251115602,0.0,-1.6759186779830165e-05,4.5869856700158294e-05,True
3.561,-1.0720151600412439e-05,0.0002739750056354474,-0.028429005543897972,-0.002434406171643008,0.0,-1.4313050983119992e-05,7.551289336761111e-05,True
3.5620000000000003,-1.0460393996650785e-05,0.00024553757027206714,-0.06634842014850353,-0.005466696195387349,0.0,-9.480943307171369e-06,9.390614431914159e-05,True
3.563,-1.0248022637757672e-05,0.00017921376411463813,0.015595033701574985,0.0010846439403401171,0.0,-1.0090506808862963e-05,2.080366997333138e-05,True
3.564,-1.0061022118288039e-05,0.00019477637191828813,-0.05803944228841697,-0.004800880616572347,0.0,-5.917188302885189e-06,7.651115923399304e-05,True
3.565,-9.895257720349718e-06,0.00013676071132276286,0.009238941929510568,0.000577412000753282,0.0,-6.217034788838469e-06,1.4099537010725874e-05,True
3.5660000000000003,-9.753885060150089e-06,0.0001459770037070142,-0.07817691334788152,-0.006412205758468382,0.0,-8.487740794637903e-07,7.415430847650134e-05,True
3.567,-9.646981715394038e-06,6.784520927745004e-05,0.06404790271275052,0.004958327971256243,0.0,-4.839560215880803e-06,-4.4987115075109836e-05,True
3.568,-9.547131704421763e-06,0.0001318350714490475,0.05288635046557672,0.0040748798751404315,0.0,-8.001904562103154e-06,-1.1812900434802771e-05,True
3.569,-9.388872112140233e-06,0.00018466497147149894,-0.020870699485473567,-0.0018164958602798298,0.0,-6.3042830884566435e-06,5.737080958802623e-05,True
3.5700000000000003,-9.214644001369998e-06,0.0001637899352150509,0.044989361237395206,0.0034529400991927628,0.0,-8.92152210958764e-06,1.029104655313846e-05,True
3.571,-9.028377190253343e-06,0.00020872546864799288,-0.07412254321567045,-0.006067267190440436,0.0,-3.7559184947892563e-06,0.00010499298560378816,True
3.572,-8.856701598897399e-06,0.0001346377976263402,0.03713569130489714,0.002827591211326779,0.0,-5.9390230000598274e-06,7.84857868835659e-06,True
3.573,-8.703510631231137e-06,0.00017172912064174282,0.03477274785995889,0.0026457641319115595,0.0,-7.913029742496642e-06,2.5470144439441448e-05,True
3.5740000000000003,-8.51441059000803e-06,0.0002064551894679456,0.014194534896000591,0.0010070780237960563,0.0,-8.504221631410548e-06,5.4357615243175804e-05,True
3.575,-8.300869552635163e-06,0.00022061533772331713,0.027184369667166624,0.0020518077619526946,0.0,-9.924594104975993e-06,5.46042092423907e-05,True
3.576,-8.066677348448372e-06,0.00024775350429907285,-0.025939397932748163,-0.002190621606376035,0.0,-7.869547627202556e-06,0.00010162940654077046,True
3.577,-7.83189610478853e-06,0.00022180666537330464,0.06522772207826619,0.005103860436219899,0.0,-1.1779204525395115e-05,3.731192219410912e-05,True
3.5780000000000003,-7.577500805332203e-06,0.0002869581065961521,-0.06253366589317265,-0.0051046533131582535,0.0,-7.31205839458776e-06,0.00014628015956456346,True
3.579,-7.321804074769226e-06,0.00022444139471843074,0.026094350323237148,0.0019826885198793377,0.0,-8.710249873185951e-06,6.905369752717865e-05,True
3.58,-7.0843306840610414e-06,0.0002504899696930232,0.07064008762108477,0.0055537478537368455,0.0,-1.2960362511384605e-05,5.418154214081483e-05,True
3.581,-6.798548376059043e-06,0.00032104629120352176,0.0797449769819775,0.006295749842733559,0.0,-1.769083794040088e-05,8.045232978603258e-05,True
3.5820000000000003,-6.437662307463052e-06,0.0004006924021736341,-0.030550279615424048,-0.0025118172025074227,0.0,-1.5155618077711443e-05,0.0001866020063727959,True
3.583,-6.052252144312788e-06,0.00037012111407258336,0.054388586217981365,0.004286560892529589,0.0,-1.8197006142334673e-05,0.00012730983116147275,True
3.584,-5.6549647134087835e-06,0.000424425274163565,-0.031721017310823614,-0.0025885397168076197,0.0,-1.558531793845667e-05,0.00020867284053559569,True
3.585,-5.246407633214911e-06,0.00039268150128769693,0.015047730093372137,0.0011565048502264262,0.0,-1.6080069940384154e-05,0.0001727490870316213,True
3.586,-4.8462208885090116e-06,0.00040767323359708964,0.07038072920624791,0.005592147148538321,0.0,-2.0152413827529803e-05,0.00014976422951367576,True
3.587,-4.4033908207255974e-06,0.0004779527268855979,0.005244938469611155,0.00039768837002210344,0.0,-1.9903307662395034e-05,0.00022493050201857564,True
3.588,-3.922834901025444e-06,0.0004831397952809585,-0.028988149807592716,-0.00233168623739216,0.0,-1.745124126111893e-05,0.0002554477057021714,True
3.589,-3.4541997755127345e-06,0.00045412013691814395,-0.04767196399256021,-0.003821438298933869,0.0,-1.3862389647294614e-05,0.00026188270079914187,True
3.59,-3.0239202832635267e-06,0.00040643463336335623,-0.015808921905471368,-0.0012703721615328501,0.0,-1.2440886975887195e-05,0.00022798617206609063,True
3.591,-2.6254012474791376e-06,0.0003905924544275815,-0.02847003230440676,-0.0022779887122758554,0.0,-1.0243785958533424e-05,0.00023348912192700376,True
3.592,-2.2490510691825306e-06,0.0003621009119360056,0.024791274695404174,0.001986271165819369,0.0,-1.1561792968469213e-05,0.00019205727946954268,True
3.593,-1.8745745215036685e-06,0.00038683195826483556,0.03847619645035759,0.0030907732096333218,0.0,-1.3736781191737958e-05,0.00019644904920911252,True
3.594,-1.4685289419285756e-06,0.0004252343741876013,0.023466446396617276,0.0019019103156771799,0.0,-1.4887488053249173e-05,0.00022493215138193325,True
3.595,-1.031583369261394e-06,0.00044863453615463886,-0.07961685847732086,-0.006334081034493817,0.0,-9.336764882109466e-06,0.0003029050861582559,True
3.596,-6.227534366730112e-07,0.0003690298986562693,0.07061877148495468,0.005682575744775014,0.0,-1.367343611603755e-05,0.0001807840041754906,True
3.597,-2.1844629582932525e-07,0.00043955159198191227,0.023435024178599387,0.0019236160920008526,0.0,-1.484351370951086e-05,0.00024163826719428777,True
3.598,2.328002549760189e-07,0.000462918746611506,-0.04984347751845966,-0.003927737547293824,0.0,-1.1242493039772637e-05,0.0003009481990637081,True
3.599,6.707928333642474e-07,0.0004130624493923397,-0.029813767530126545,-0.0023234596374824864,0.0,-9.04253604068395e-06,0.00027218120293590644,True
3.6,1.0689406451092747e-06,0.0003832257027614574,0.01295076298200344,0.0011012890545036172,0.0,-9.678001865039965e-06,0.00023604075984315302,True
3.601,1.4586240058969772e-06,0.00039612318170173576,-0.06682011119341996,-0.005271818881563244,0.0,-5.135047252214343e-06,0.00029302458989131566,True
3.602,1.8213396081551268e-06,0.000329311123669624,-0.01871290787850634,-0.0014247311824933603,0.0,-3.835891109444414e-06,0.00023751274476579748,True
3.603,2.1412867852554435e-06,0.0003105759163750946,-0.06966019385582127,-0.005497003236366093,0.0,7.238331214840454e-07,0.0002617516662063368,True
3.604,2.4170390240553756e-06,0.0002409356301778381,-0.00999161224106238,-0.000726910001230653,0.0,1.2919107263251074e-06,0.00019542776843255096,True
3.605,2.6529724070524197e-06,0.00023092479110232747,-0.044570163435065216,-0.0034901485965459942,0.0,4.081329123996861e-06,0.00021068870400989481,True
3.606,2.8616150162126164e-06,0.0001863637431426443,0.050219104309857494,0.004091401064257544,0.0,6.527885704766713e-07,0.0001308504776912277,True
3.607,3.0730683046184222e-06,0.00023652236509640907,-0.09633898449130866,-0.007623420846009993,0.0,6.807098891159514e-06,0.0002395419796738612,True
3.608,3.2614372900989044e-06,0.00014023261376451676,0.012437103459917725,0.0010705020616669403,0.0,5.747381868602815e-06,0.00012987098624616533,True
3.609,3.4078799741346537e-06,0.0001526441600292993,-0.0939013681117666,-0.007432450310203388,0.0,1.1602678989900215e-05,0.00019679200135963408,True
3.61,3.513592074962728e-06,5.879953784113124e-05,0.02366345954264667,0.0019633773653019984,0.0,9.684078884678753e-06,8.064931312740642e-05,True
3.611,3.584215002928012e-06,8.243776042764938e-05,-0.05541412179310216,-0.00435872134214415,0.0,1.2938960326930084e-05,0.00013339953616040638,True
3.612,3.638956980045142e-06,2.705798548566321e-05,-0.0050330698854360615,-0.0003338974069357928,0.0,1.2842631416398294e-05,7.359620837926297e-05,True
3.613,3.6634987212747856e-06,2.2025834669662637e-05,0.05923682579063756,0.0048075321403943105,0.0,8.585931626950318e-06,2.4803548432189683e-05,True
3.614,3.7151267841824682e-06,8.121355871005429e-05,-0.04131058484258397,-0.0032282288782462267,0.0,1.0956556138126809e-05,0.00010547460616811558,True
3.615,3.775692717164921e-06,3.992635751801819e-05,0.03852200550140667,0.0031545140719236647,0.0,8.091784043585834e-06,3.3950937081780796e-05,True
3.616,3.834868592722961e-06,7.841355307787311e-05,-0.03068034973490425,-0.0023759907177539823,0.0,9.786341352272861e-06,8.74710575147142e-05,True
3.617,3.897946986367262e-06,4.774853480447419e-05,-0.04722217918053459,-0.00370188146451162,0.0,1.250647051598304e-05,8.074080972846791e-05,True
3.618,3.922094885508523e-06,5.581551356458495e-07,0.031383379363390675,0.002581335035626685,0.0,1.0061886302472034e-05,7.261044951359946e-06,True
3.619,3.938336572281065e-06,3.191676997490843e-05,-0.023792461424883365,-0.001828676843292621,0.0,1.1257441624501265e-05,4.867374524090312e-05,True
3.62,3.958362084052626e-06,8.139446750754291e-06,-0.06794101403446734,-0.0053630538716343485,0.0,1.5280958559543212e-05,6.141200926279237e-05,True
3.621,3.9325483345024e-06,-5.97490063272461e-05,0.055110184418915534,0.004472430742775016,0.0,1.1226493545487318e-05,-4.871464921321355e-05,True
3.622,3.900342371094625e-06,-4.6754806924597595e-06,-0.09673643317390061,-0.00766926954891544,0.0,1.71182686668018e-05,6.183255323651996e-05,True
3.623,3.847323931023305e-06,-0.00010133524718968858,-0.00915742759601029,-0.0006755026065851665,0.0,1.718010122003832e-05,-3.797767540480822e-05,False
3.624,3.7414161430316283e-06,-0.00011047407269818256,0.06040389943289025,0.004886400556482008,0.0,1.2736616119485002e-05,-9.257183561245155e-05,True
3.625,3.6611324996755255e-06,-5.010529510595702e-05,-0.004891788709775523,-0.0003314553472005973,0.0,1.264404428387255e-05,-3.42187095298919e-05,False
3.626,3.6085844568077327e-06,-5.498759958079539e-05,0.00030319337252265166,8.261147807465588e-05,0.0,1.2218819159977655e-05,-4.4913489363095045e-05,True
3.6270000000000002,3.5537504365625632e-06,-5.467846195380061e-05,-0.054839123399794576,-0.004329723779559896,0.0,1.537838604982436e-05,-1.576409298615133e-05,True
3.628,3.471668681338737e-06,-0.00010946827350610541,-0.08403410957073847,-0.006673374922215714,0.0,2.034610379109712e-05,-2.5425333323115055e-05,True
3.629,3.3202092450370932e-06,-0.00019342393128541155,0.03158666992826695,0.0025634864889177737,0.0,1.769379600032289e-05,-0.00013862951437821494,True
3.63,3.142577709561952e-06,-0.00016184037422252876,0.026579822380326485,0.0021635313442915304,0.0,1.5440505146636388e-05,-0.0001306833381897111,True
3.6310000000000002,2.9940264216181677e-06,-0.0001352632751404629,0.02815765899936855,0.0022902736025217554,0.0,1.3148447427888186e-05,-0.0001276904943610322,True
3.632,2.8728397456950447e-06,-0.00010711256972303343,-0.08045722281871669,-0.006397720218441589,0.0,1.7956159620977662e-05,-5.439423565208032e-05,True
3.633,2.725523440827051e-06,-0.0001874944209864534,0.0007293242567644178,8.490603195766594e-05,0.0,1.7378530779931602e-05,-0.00014335314887346193,True
3.634,2.5384005212730214e-06,-0.0001867445885943762,0.007386795932125584,0.000614225533321636,0.0,1.6388673200482823e-05,-0.00015412281131447274,True
3.6350000000000002,2.355354415683002e-06,-0.00017934260891542528,0.05121931087718439,0.004118420136587194,0.0,1.2589463727928901e-05,-0.00018493459231189058,True
3.636,2.201614904825049e-06,-0.00012814344702401126,-0.02177382978323108,-0.001717654528014517,0.0,1.3623490689497327e-05,-0.00012429399312035045,True
3.637,2.062594992032472e-06,-0.00014988573002867948,-0.016652508715309523,-0.0013130602749716188,0.0,1.4300606560622195e-05,-0.000140941079885187,True
3.638,1.904392943936521e-06,-0.00016650827820352415,0.01980912188296908,0.0015990278302439609,0.0,1.2600566836034553e-05,-0.0001753452284860625,True
3.6390000000000002,1.7477903322595081e-06,-0.00014669602555378018,-0.013518560269316535,-0.0010676281186311053,0.0,1.310794196103042e-05,-0.00015136778912825977,True
3.64,1.59434403071832e-06,-0.0001601874506597724,-0.0659629625096629,-0.005267561302299275,0.0,1.700169364820711e-05,-0.00012855728312420158,True
3.641,1.401198206539853e-06,-0.00022608048217536347,0.018322067947332196,0.0014638573456432493,0.0,1.5334554681947596e-05,-0.00021282182405923665,True
3.642,1.1842824826083003e-06,-0.00020774741460793472,-0.000424459476946599,-3.756936322173068e-05,0.0,1.4930392697618499e-05,-0.0001994936408464168,True
3.6430000000000002,9.76330735922876e-07,-0.00020814818052957747,-0.0007709983072990512,-6.908369300086161e-05,0.0,1.4563202372585474e-05,-0.00020463510724706536,True
3.644,7.678050587747399e-07,-0.0002088951674591073,0.05981889046410161,0.004774264308090982,0.0,1.028467897895675e-05,-0.0002476230142572054,True
3.645,5.888116572621817e-07,-0.00014909987174541387,0.052928912176632766,0.004227019599351891,0.0,6.570522409227699e-06,-0.00022320456782698258,True
3.646,4.661681072790474e-07,-9.619585472025449e-05,0.01769811756323024,0.0014126969284230116,0.0,5.24042911955484e-06,-0.00018214881401871615,True
3.6470000000000002,3.7882032854216136e-07,-7.850085087078524e-05,0.0026578196796484656,0.00021002423818114192,0.0,4.921854822092847e-06,-0.00016670717622406067,True
3.648,3.0165064106638097e-07,-7.583629638695645e-05,-0.008739782302469861,-0.0007028532282248288,0.0,5.351480983592101e-06,-0.00015920780384931266,True
3.649,2.214495623845363e-07,-8.456067247367449e-05,0.03271659111701791,0.0026111661007875136,0.0,3.0855150441481845e-06,-0.0001892070272430943,True
3.65,1.532418725068135e-07,-5.186032434535721e-05,-0.053347048540255286,-0.004271228768436743,0.0,6.4565561307000524e-06,-0.00012275994112251193,True
3.6510000000000002,7.472379981363511e-08,-0.0001051595523218674,-0.011364692444970395,-0.0009204495134796102,0.0,7.018880056939007e-06,-0.0001708344687760542,True
3.652,-3.611121007464861e-08,-0.0001165034753365222,0.04204647010584246,0.003349087189645671,0.0,4.10815293820335e-06,-0.00020999649669547495,True
3.653,-1.3159798497758172e-07,-7.447700003745475e-05,0.0770831133644678,0.006155343065423334,0.0,-9.923559024933716e-07,-0.00021574550401941303,True
3.654,-1.67550622698621e-07,2.5538157561728582e-06,-0.08791822046425944,-0.0070361670904585906,0.0,4.733068831956717e-06,-8.115557007557436e-05,True
3.6550000000000002,-2.0893321736065594e-07,-8.529549169442746e-05,0.07266265119774304,0.00579901583890362,0.0,-9.662610571300459e-08,-0.0002156896053158163,True
3.656,-2.5791302613777206e-07,-1.2680442285766314e-05,-0.09572705066120409,-0.007664328140441099,0.0,6.112046002903234e-06,-8.11113777971927e-05,True
3.657,-3.184316981865192e-07,-0.00010833072066107843,-0.00656269624164217,-0.0005437471563780604,0.0,6.379111222560277e-06,-0.00017482265887224261,True
3.658,-4.3003800450570976e-07,-0.00011487607053784804,0.061188816069694826,0.004873579473029942,0.0,2.2521084972003155e-06,-0.00022077740611386803,True
3.6590000000000003,-5.143312258842266e-07,-5.372249914640831e-05,0.026831185888355223,0.002130790209104933,0.0,4.629473583282957e-07,-0.00017510713132409082,True
3.66,-5.54643075071628e-07,-2.690639135731579e-05,0.05833476031611448,0.004653568482974992,0.0,-3.318244253425941e-06,-0.0001829722347863844,True
3.661,-5.52396202769155e-07,3.1385479242401757e-05,-0.03985455582547663,-0.0031945413401788868,0.0,-6.375317926576859e-07,-9.625837364383256e-05,True
3.662,-5.409288444145522e-07,-8.441236216565435e-06,0.031769783819281826,0.0025308330379970965,0.0,-2.668721610677182e-06,-0.00015449914928653214,True
3.6630000000000003,-5.334931096030844e-07,2.3304490847312332e-05,-0.02620349980728338,-0.0021030863216538486,0.0,-8.901859199666148e-07,-0.00010345291259637526,True
3.664,-5.232844481739168e-07,-2.8810046591501867e-06,-0.009590076922774205,-0.0007769709944481649,0.0,-2.358316676208686e-07,-0.00012210265155310646,True
3.665,-5.309578967701613e-07,-1.2463209316047568e-05,-0.04205419402898921,-0.0033753883495789257,0.0,2.5039597963027397e-06,-0.0001040725905490824,True
3.666,-5.644368320416225e-07,-5.44829012304562e-05,0.12162152119551425,0.009713023884516735,0.0,-5.431799294699147e-06,-0.00022194343613040433,True
3.6670000000000003,-5.581384645117337e-07,6.704901817663889e-05,-0.015484610070905064,-0.0012407694158524196,0.0,-4.273190071082233e-06,-8.570692257087073e-05,True
3.668,-4.988302498967971e-07,5.1569056893088365e-05,-0.025306640825736765,-0.0020273219237299128,0.0,-2.5105313049139807e-06,-8.236166411073904e-05,True
3.669,-4.599098849935542e-07,2.6276536338370702e-05,-0.03277661503318984,-0.0026272543962244667,0.0,-3.1205114953223493e-07,-8.509335196358009e-05,True
3.67,-4.500141428106607e-07,-6.47723489635433e-06,-0.028907876406059487,-0.0023215076352429134,0.0,1.5765556727159773e-06,-9.87667287054269e-05,True
3.6710000000000003,-4.709375778344929e-07,-3.536162968811146e-05,-0.01398910844887347,-0.0011318489478734717,0.0,2.4483528381640846e-06,-0.00011866395165212396,True
3.672,-5.132888090696757e-07,-4.933575123107035e-05,0.0032908412184374514,0.00024810780876401346,0.0,2.178069309338371e-06,-0.00013464217956448617,True
3.673,-5.609781435480649e-07,-4.6041952830084265e-05,-0.029655333341703113,-0.0023880493082597248,0.0,4.049985813332607e-06,-0.00011254367582154269,True
3.674,-6.218383480513366e-07,-7.566876751373178e-05,0.04810304031329793,0.003827969882697262,0.0,8.356381322282317e-07,-0.00017294850640871956,True
3.6750000000000003,-6.734652311101509e-07,-2.7595080637947487e-05,-0.09859300423059783,-0.007902874122284362,0.0,7.211044438022866e-06,-6.209051300007651e-05,True
3.676,-7.50330216118551e-07,-0.00012610737977243174,0.04890050733998409,0.003883401757735902,0.0,3.862227990195577e-06,-0.00019399487690908095,True
3.677,-8.51995293952303e-07,-7.723118215250088e-05,-0.03335481054021134,-0.0026929885003663485,0.0,5.933329626397604e-06,-0.00012426026965491136,True
3.678,-9.45892338014672e-07,-0.00011055105521842154,0.021725369306324304,0.0017077373557954697,0.0,4.382395300309032e-06,-0.00017278315754667132,True
3.6790000000000003,-1.0455821974508952e-06,-8.883035534108807e-05,0.04103464345624818,0.003253291354304808,0.0,1.623953851065612e-06,-0.00017701435394234068,True
3.68,-1.1139025406883595e-06,-4.781802189747592e-05,0.009452782955912455,0.0007304342281129087,0.0,9.864861483124094e-07,-0.00014087354839601124,True
3.681,-1.1569948295338797e-06,-3.836730246097516e-05,0.005837512516701325,0.0004415710181091792,0.0,6.009816679074592e-07,-0.00013410494467412873,True
3.682,-1.1924434510597442e-06,-3.2530070549710024e-05,-0.01925183533879522,-0.0015655144176886582,0.0,1.8515728090506957e-06,-0.00011521090247012064,True
3.6830000000000003,-1.234593228218729e-06,-5.176309509117633e-05,0.08029544514382143,0.006395201361986836,0.0,-3.379201612247774e-06,-0.00018418986959496588,True
3.684,-1.2462274794532332e-06,2.8474970075831864e-05,-0.0011187456955493627,-0.00010851475386500738,0.0,-3.195568567475564e-06,-9.967806050378658e-05,True
3.685,-1.2183126595663422e-06,2.735390316872799e-05,0.08033946625154886,0.006408510140631963,0.0,-8.294082932471773e-06,-0.00014821034605739424,True
3.686,-1.1508108791757784e-06,0.00010762705874782658,-0.02615123817254048,-0.0020998984025786633,0.0,-6.3587053573987565e-06,-4.5989890100849075e-05,True
3.6870000000000003,-1.0562566934896971e-06,8.14843023714751e-05,-0.007517769087315346,-0.0006106560311834652,0.0,-5.684040807850237e-06,-6.381263670033077e-05,True
3.688,-9.785323809607795e-07,7.39632882674099e-05,0.07299118108667647,0.005830556498668913,0.0,-1.0244053010598541e-05,-0.00011328468256032392,True
3.689,-8.680951999779038e-07,0.00014688870165824715,-0.013940473170004868,-0.0011132369230010019,0.0,-9.052329303414775e-06,-2.5385306740974717e-05,True
3.69,-7.281786266620398e-07,0.00013294268458336863,-0.06711836664069035,-0.00536662342438514,0.0,-4.4503414896458216e-06,7.248280988682418e-06,True
3.6910000000000003,-6.287827063461812e-07,6.58621983123869e-05,-0.013035990477382412,-0.0010462938631073378,0.0,-3.477016942888784e-06,-4.955899107033758e-05,True
3.692,-5.694375921908291e-07,5.282906276918226e-05,0.01861706273658591,0.0014854546297997397,0.0,-4.581275272280389e-06,-7.191782958984488e-05,True
3.693,-5.073068054555967e-07,7.142553188364368e-05,0.0018698246317774584,0.00014902551187003318,0.0,-4.572109990774494e-06,-5.143168424672456e-05,True
3.694,-4.3494952351955617e-07,7.328585357653958e-05,0.0070508971122595744,0.0005650369799865987,0.0,-4.900055845276106e-06,-5.112060148817122e-05,True
3.6950000000000003,-3.581427967412305e-07,8.0322960565568e-05,-0.06203606847212681,-0.0049596932928436185,0.0,-7.452418797471331e-07,-2.4547413212545866e-06,True
3.696,-3.08824796603827e-07,1.8326688850636553e-05,0.02191096941996872,0.001749517909920705,0.0,-2.1407353567751135e-06,-7.766819601783392e-05,True
3.697,-2.7954899113985883e-07,4.0218351528617196e-05,-0.010689865998913806,-0.000855394959570188,0.0,-1.387439245797529e-06,-4.721456411062354e-05,True
3.698,-2.4467430855149176e-07,2.95323772730511e-05,0.02778383463434003,0.0022218465184660413,0.0,-3.1471851120834627e-06,-7.398333405524322e-05,True
3.6990000000000003,-2.0125832483749313e-07,5.729102266449274e-05,0.03835060612381692,0.0030713007627780177,0.0,-5.5448768399013544e-06,-6.772458048539042e-05,True
3.7,-1.2480409031188089e-07,9.560500124289223e-05,-0.020814411523227206,-0.0016559267953346435,0.0,-4.046903168054236e-06,-1.293603692131909e-05,True
3.701,-3.960448188706579e-08,7.479622269564856e-05,-0.05953563568615822,-0.0047545881888431465,0.0,-8.234462576675077e-08,5.522977749810002e-06,True
3.702,5.436555633014725e-09,1.5299037119092065e-05,-0.06891987334623348,-0.005511656125242993,0.0,4.382868481233111e-06,-1.1036554183208815e-05,True
3.7030000000000003,-1.370704778884815e-08,-5.356830984966971e-05,0.0024239846043409593,0.0001872438443051171,0.0,4.1070431847567746e-06,-8.344676034889947e-05,True
3.704,-6.606198577179057e-08,-5.114020984660179e-05,-0.015870925889490888,-0.0012770000120847556,0.0,5.024657355297883e-06,-7.228381903535625e-05,True
3.705,-1.2513162649092447e-07,-6.699289348751405e-05,0.07537121154105192,0.0060194054067888155,0.0,8.245683861249543e-09,-0.0001367870034997725,True
3.706,-1.5445594525843672e-07,8.326526390136965e-06,0.027071875531002824,0.0021639690186323907,0.0,-1.7441896340071996e-06,-7.686928615440816e-05,True
3.7070000000000003,-1.3260081246017372e-07,3.537615748023832e-05,-0.0077873045477544235,-0.0006211260395470084,0.0,-1.1918230941389726e-06,-4.3264271385624725e-05,True
3.708,-1.0111761426018364e-07,2.7591004542720896e-05,0.10495437436460156,0.008397840752656567,0.0,-7.957917785929825e-06,-0.00011530916042837511,True
3.709,-2.1077669511212034e-08,0.000132459667254084,0.01179084373742534,0.0009587832610133155,0.0,-8.508732472979033e-06,-1.2558347783547049e-05,True
3.71,1.1726939709207388e-07,0.00014422633646849514,0.015411525020120501,0.001252340011133517,0.0,-9.281634800573569e-06,-5.9480051654128265e-06,True
3.7110000000000003,2.6919209369172296e-07,0.00015960951407432996,-0.03471681631195228,-0.002753346705580812,0.0,-6.789161987941272e-06,3.581613489380019e-05,True
3.712,4.1144621791733714e-07,0.00012490207650590017,-0.023156754637284758,-0.0018301460898795606,0.0,-5.114856919554628e-06,1.8620837513111784e-05,True
3.713,5.247712391454497e-07,0.00010174950428404754,0.016482390926870184,0.0013402470969683185,0.0,-6.055121781727832e-06,-1.23490340622933e-05,True
3.714,6.347538511424516e-07,0.00011820748108686806,-0.09928147554732292,-0.007916907576734846,0.0,5.269323389971248e-07,6.916452203391478e-05,True
3.715,7.033419051624919e-07,1.899085824705427e-05,-0.0504887723462174,-0.004024162730414821,0.0,3.7704303945031345e-06,4.897430593302405e-07,True
3.716,6.97100756138317e-07,-3.1460309900785616e-05,0.004523871750617829,0.00037068231647182173,0.0,3.363428467151368e-06,-5.4577820245380545e-05,True
3.717,6.679023884769286e-07,-2.6936461426598337e-05,-0.03891278381373395,-0.003104232837477323,0.0,5.781657488306854e-06,-2.685277465520432e-05,True
3.718,6.215206342372011e-07,-6.581558832383921e-05,0.055560103379264626,0.004448097771158579,0.0,2.0161062468094294e-06,-0.00010284932527231843,True
3.719,5.834731590689703e-07,-1.0291815722014086e-05,-0.008484147578599804,-0.0006694643073113845,0.0,2.501045994722834e-06,-4.1898146958174834e-05,True
3.72,5.689418551364067e-07,-1.8768128224512765e-05,0.03766980037453349,0.003021572807968193,0.0,-1.6451509555297793e-08,-7.455959941773988e-05,True
3.721,5.689995635671139e-07,1.887413268209166e-05,-0.004395577850570193,-0.00033913933997955636,0.0,2.5862148057748906e-07,-3.33140406631253e-05,True
3.722,5.85676339500282e-07,1.4479892338887323e-05,-0.040730245808568634,-0.003246139903493819,0.0,2.8797454900298026e-06,-1.2049402147784395e-05,True
3.723,5.798011267315919e-07,-2.6219922957915807e-05,0.07046685038510198,0.005644638060334377,0.0,-1.7724238642094034e-06,-9.78527280019264e-05,True
3.724,5.887973411115689e-07,4.419441139125508e-05,-0.004895994849562796,-0.0003757779064580648,0.0,-1.4179196199135379e-06,-2.240152466365679e-05,True
3.725,6.305433678487639e-07,3.929730087157138e-05,0.010638627736374997,0.000867155675635866,0.0,-2.079886007718309e-06,-3.2893043255318386e-05,True
3.726,6.751557510956606e-07,4.992313632199367e-05,-0.01158211708726578,-0.0009084257871029013,0.0,-1.2853744308980317e-06,-1.358400565585724e-05,True
3.727,7.192889604842495e-07,3.8344522044115636e-05,0.007789615446992069,0.0006407177796933759,0.0,-1.7677466370615498e-06,-2.9135318221864625e-05,True
3.728,7.615248331702743e-07,4.612369478626006e-05,-0.01702066163094407,-0.0013424106401041095,0.0,-6.30676376007895e-07,-9.476368604211067e-06,True
3.729,7.991408812895458e-07,2.911124384240329e-05,-0.07465505347849513,-0.005954526393155311,0.0,4.208675904409585e-06,2.0502246036481917e-05,True
3.73,7.90942863786019e-07,-4.5488322182929934e-05,0.04575988256854744,0.003669568978369992,0.0,1.1180907748352305e-06,-8.480804576887716e-05,True
3.731,7.683243233802129e-07,2.406577011474954e-07,0.05139527970229044,0.004125481092928217,0.0,-2.2540665288469155e-06,-7.065787087376996e-05,True
3.732,7.942492860788608e-07,5.159545727221523e-05,-8.526260490101807e-05,1.3666933630003875e-05,0.0,-2.2012524439241315e-06,-1.728950275059917e-05,True
3.733,8.458002000515337e-07,5.1504460298303244e-05,-0.014676336646153062,-0.001152701992855521,0.0,-1.2055068338894223e-06,-6.861056997778721e-06,True
3.734,8.899683666326918e-07,3.683388410582281e-05,0.024223271638817788,0.0019583012277975104,0.0,-2.7570116829674635e-06,-3.5834044398122355e-05,True
3.735,9.389062251650964e-07,6.10339480166886e-05,0.04594938374658299,0.003700175085541614,0.0,-5.6749709353057255e-06,-3.8381625965035506e-05,True
3.736,1.0229006633266612e-06,0.00010694030238191859,-0.03813959366987315,-0.0030199224453641422,0.0,-3.0688604672086867e-06,3.462151085211151e-05,True
3.737,1.110777048997673e-06,6.881870372709562e-05,-0.029747584253911757,-0.002351554508983731,0.0,-1.077795993252383e-06,1.631463232484937e-05,True
3.738,1.164727093855016e-06,3.908679561856776e-05,0.010079430917193793,0.000832009976539122,0.0,-1.7209434562283253e-06,-1.9199930358954803e-05,True
3.739,1.2088495263195555e-06,4.9153898061516816e-05,-0.07513481595874809,-0.0059831275174587134,0.0,3.1724658866273065e-06,3.883184009131421e-05,True
3.74,1.220453654870748e-06,-2.59273064537986e-05,0.1275504489368892,0.010222892803964354,0.0,-5.195088048592378e-06,-0.00011752401419092576,True
3.741,1.258269473354945e-06,0.00010152566321481231,0.004601743315702923,0.0004029713953624003,0.0,-5.374151460464173e-06,1.1015864702026686e-05,True
3.742,1.3620910092971838e-06,0.0001061123687978058,0.030064452837949573,0.0024424073494590517,0.0,-7.199505345761991e-06,-4.038862827237512e-07,True
3.743,1.4832238316434272e-06,0.0001361412265435737,0.0017579190995579345,0.0001836685041194453,0.0,-7.144190217841162e-06,3.228222175424684e-05,True
3.744,1.6202384585598089e-06,0.00013788245404451366,0.009513837935884282,0.0008068172216101608,0.0,-7.595016585440935e-06,3.149388719110916e-05,True
3.745,1.7628701961594177e-06,0.00014737329993469686,-0.037583335338646384,-0.0029572503675686776,0.0,-4.985238489846514e-06,6.80209163651611e-05,True
3.746,1.8914560486526465e-06,0.00010980297542839512,-0.03690470131137666,-0.0029051535389829778,0.0,-2.491605383670315e-06,5.538776232495977e-05,True
3.747,1.982812126054966e-06,7.291497526826435e-05,0.04165595278968481,0.003376916638475966,0.0,-5.155338541603517e-06,-6.582900633636956e-06,True
3.748,2.076541543824358e-06,0.00011452994210084204,-0.005564217020617075,-0.00039401602080842645,0.0,-4.690194517502667e-06,4.1332202757849766e-05,True
3.749,2.1882865268497844e-06,0.00010895722672182981,0.03799292555240368,0.0030918980688822103,0.0,-7.0608352144821145e-06,1.4218558423681738e-05,True
3.75,2.3162262811307966e-06,0.00014690799682428747,0.03170989342253088,0.002596112506481739,0.0,-8.9628459626399e-06,3.601755159041044e-05,True
3.751,2.478975495901558e-06,0.000178576412905057,-0.05779040880722334,-0.004557181976103032,0.0,-5.018812290740768e-06,0.00010799194909194104,True
3.7520000000000002,2.628664994268184e-06,0.00012081141132752675,0.0036212113704902813,0.00035151024889535303,0.0,-5.161202427355688e-06,4.9587969186471514e-05,True
3.753,2.751281543639731e-06,0.00012441618821751012,0.03474025103690352,0.0028436730933238978,0.0,-7.31750283898844e-06,3.386769756327621e-05,True
3.754,2.893054186022523e-06,0.00015911510574355254,0.10830879296699883,0.008735872225397538,0.0,-1.4183704965330904e-05,4.691910070269476e-06,True
3.755,3.1062896412314393e-06,0.0002673207580159467,-0.01867089881984695,-0.0014056802010836767,0.0,-1.2643535026164703e-05,0.00013183225858614365,True
3.7560000000000002,3.3642697700822197e-06,0.00024863449701459665,-0.0034101578227204586,-0.00018241963031440512,0.0,-1.2137508017071448e-05,0.00012050473038992389,True
3.757,3.6111907520782237e-06,0.00024519906644091633,0.002462040753890459,0.00029138858182155476,0.0,-1.20294722285889e-05,0.00012065482683314023,True
3.758,3.857611009018202e-06,0.00024763159873939455,0.027255520222525753,0.002279594407813115,0.0,-1.353438144301198e-05,0.00011119935649835212,True
3.759,4.118854018320873e-06,0.0002748378221148375,0.048649747398743885,0.003999099702883068,0.0,-1.638895338825704e-05,0.00011406836587474565,True
3.7600000000000002,4.417993797614343e-06,0.0003234183742211712,-0.04105788582717183,-0.0031662967729101476,0.0,-1.33606860672051e-05,0.00019558221408242163,True
3.761,4.720881750820926e-06,0.000282356439233974,-0.007840084873400327,-0.0005083481456491727,0.0,-1.2570425210523845e-05,0.00016443180797446445,True
3.762,4.999309596009372e-06,0.0002744907766407553,0.0067382195713737505,0.0006619840316349594,0.0,-1.2750197801023136e-05,0.00015735096739559153,True
3.763,5.2771574457977235e-06,0.00028119282838056183,-0.009845132557788346,-0.0006588786311930413,0.0,-1.1855351198408682e-05,0.0001753466883392133,True
3.7640000000000002,5.553419719780877e-06,0.00027132382710834163,-0.08692349493791982,-0.006821359180824529,0.0,-5.996001827745659e-06,0.00022414472077210114,True
3.765,5.781294166224655e-06,0.00018443824129189118,-0.09313787787289486,-0.007324834345884518,0.0,1.0496530574066984e-07,0.0001963734075307437,True
3.766,5.9191807036451105e-06,9.135293342237638e-05,-0.009834084192618676,-0.000669219130733197,0.0,6.438684191271262e-07,0.00010778689196393492,True
3.767,6.005615720314467e-06,8.151631773244022e-05,-0.024756705659552066,-0.001862653411670612,0.0,2.133842521962076e-06,0.00011239945695755855,True
3.7680000000000002,6.074757048451129e-06,5.676993217180647e-05,0.0006919624286537408,0.00017151501302503636,0.0,1.93449069905219e-06,8.547129936896099e-05,True
3.769,6.131870654350249e-06,5.745496665338864e-05,0.014781298091599728,0.0012997721151046893,0.0,8.272200192371974e-07,7.55881939866102e-05,True
3.77,6.196710283782703e-06,7.22181700974489e-05,-0.1399580693263536,-0.011076438580588507,0.0,9.772552715524815e-06,0.00017678393856889246,True
3.771,6.198983000554327e-06,-6.763785898127735e-05,-0.1288779185723217,-0.010206768334853513,0.0,1.7760187525087685e-05,0.00011093541163613186,True
3.7720000000000002,6.066942133383268e-06,-0.00019640673281525188,-0.0026526462943500897,-0.0001265755530849386,0.0,1.73593526989394e-05,-2.5730318478841755e-05,True
3.773,5.869217127692799e-06,-0.0001990352069202097,0.029635655635148847,0.002452614134279953,0.0,1.488146486190067e-05,-5.474773014477218e-05,True
3.774,5.6849995256416525e-06,-0.0001694004975717607,-0.006690496939883354,-0.0004532378234377299,0.0,1.4826717131755898e-05,-2.7356261464983257e-05,False
3.775,5.512261864456825e-06,-0.00017606668076802667,-0.015569608395378956,-0.001167475959762257,0.0,1.5351851431473146e-05,-3.100666304903992e-05,True
3.7760000000000002,5.3284210164232265e-06,-0.0001916042371409443,-0.08686178753899373,-0.006876023933280795,0.0,2.0484409434047425e-05,6.198246071369902e-07,True
3.777,5.093415589610094e-06,-0.0002783761117273778,0.07507449626805543,0.0060642360486501306,0.0,1.4993567022029782e-05,-0.00014271945013711584,True
3.778,4.8525676957970344e-06,-0.00020332940529869904,0.07191634966791799,0.005816254663321942,0.0,9.859130172561778e-06,-0.00011805192349397599,True
3.779,4.685185440764636e-06,-0.00013144679807877122,-0.008095012798677536,-0.0005790413017298919,0.0,1.0048580978788684e-05,-4.443452370371977e-05,True
3.7800000000000002,4.549698162578021e-06,-0.00013952065922062987,-0.020124940712133825,-0.0015448431691507773,0.0,1.1014688537406638e-05,-4.4154386674368093e-05,True
3.781,4.40012548108382e-06,-0.0001596140717172227,0.08511482981141612,0.0068692349549667325,0.0,5.140397805604238e-06,-0.0001219110878356105,True
3.782,4.283052738875955e-06,-7.454828826287897e-05,-0.02676370992115914,-0.0020729476389845097,0.0,6.673218628104936e-06,-2.111556152369045e-05,True
3.783,4.195132329493134e-06,-0.00010128255021442155,0.052379712796186625,0.0042537354996000755,0.0,3.0397788292516982e-06,-8.321565747436889e-05,True
3.7840000000000003,4.120029851270744e-06,-4.8932676955606885e-05,0.007488002034521866,0.0006673287788499498,0.0,2.4132840617425814e-06,-3.582460637062753e-05,True
3.785,4.074841068121141e-06,-4.144506663363015e-05,-0.004560615149137086,-0.000296475480700822,0.0,2.5849525140015544e-06,-2.5978009798065914e-05,True
3.786,4.031118430002116e-06,-4.599743198403161e-05,-0.007372093544888615,-0.000522727043689135,0.0,2.9349555145676117e-06,-2.6613005341502035e-05,True
3.787,3.98143858694813e-06,-5.3358550948405055e-05,0.025895673585936297,0.002136916755326162,0.0,1.1214816697611106e-06,-5.094125693857306e-05,True
3.7880000000000003,3.9410231587253825e-06,-2.74772600457303e-05,0.0419335631842604,0.003422326200392401,0.0,-1.6814155438696907e-06,-5.085507345993751e-05,True
3.789,3.9345028376959555e-06,1.4426386944872262e-05,0.03229763652038147,0.0026563631391424295,0.0,-3.7846654184502498e-06,-2.7347189324908995e-05,True
3.79,3.96506912794281e-06,4.6696979965016125e-05,-0.07107423180662457,-0.005608963662631194,0.0,8.642632878468778e-07,5.1694127636544065e-05,True
3.791,3.9762456697401074e-06,-2.432656021189012e-05,0.07880163550599852,0.006372784075309777,0.0,-4.320379052545363e-06,-6.9016930186954e-05,True
3.7920000000000003,3.991300407398576e-06,5.4415786080829396e-05,-0.08999031857736746,-0.007120852184526523,0.0,1.5679330538235534e-06,6.897503273230833e-05,True
3.793,4.000742327166254e-06,-3.550981998676135e-05,-0.056173458678560606,-0.004426124510794267,0.0,5.107404190593142e-06,1.2863456606098568e-05,True
3.794,3.937161673683688e-06,-9.163507192047207e-05,-0.006707674217128534,-0.000476741235874433,0.0,5.348685234482756e-06,-4.143621409550859e-05,True
3.795,3.842177938855386e-06,-9.832716294748406e-05,-0.0580909183906367,-0.004589913527905237,0.0,8.913632234238498e-06,-1.3875429622984e-05,True
3.7960000000000003,3.7148240644844025e-06,-0.00015636130208002667,0.0755502770094595,0.006092125637667876,0.0,3.7281239217962107e-06,-0.00012293924109272084,True
3.797,3.596224173488842e-06,-8.085290894349656e-05,-0.04377778310782478,-0.0034471929625764027,0.0,6.4137179503901665e-06,-2.044896432842662e-05,True
3.798,3.4934967545968507e-06,-0.00012458714345345008,0.0772460143533605,0.00622761363263717,0.0,1.1893505326567043e-06,-0.00011496672792181409,True
3.799,3.407517260142795e-06,-4.738792042201733e-05,-0.11123620529873139,-0.008843247663666584,0.0,8.316168666279053e-06,3.238488765524886e-05,True
3.8000000000000003,3.30454185491439e-06,-0.000158531243659011,-0.013540568290631797,-0.0010427874591011663,0.0,8.924850087964397e-06,-7.453657340046766e-05,True
3.801,3.1392497806178268e-06,-0.00017204332869228002,-0.030841569354064707,-0.0024314642517171297,0.0,1.0640716078764701e-05,-7.225994507077165e-05,True
3.802,2.951800113094635e-06,-0.00020284127790138318,-0.07133042714180274,-0.005677642722656682,0.0,1.4936438880303096e-05,-6.295785190827468e-05,True
3.803,2.7133197199601283e-06,-0.000274092753266507,0.027148859926770363,0.0021878574187089305,0.0,1.274159452441683e-05,-0.0001576844459776997,True
3.8040000000000003,2.4528046320904867e-06,-0.00024693444268172025,0.008314716108862207,0.000679695638964799,0.0,1.1830135862619754e-05,-0.000140211168083796,True
3.805,2.2100346481822962e-06,-0.00023859850534202237,0.04349157326108235,0.003490474663912826,0.0,8.668573579944031e-06,-0.00016320497768172217,True
3.806,1.9931795970099944e-06,-0.0001951143357560344,0.020309579000201635,0.0016372298324715865,0.0,7.097213330737855e-06,-0.00013481360274809502,True
3.807,1.8082220989048262e-06,-0.00017479880338471486,0.010882617393537323,0.0008821815328571069,0.0,6.181760699618072e-06,-0.00012324569087684417,True
3.8080000000000003,1.6388683350552576e-06,-0.00016390509699893116,0.013055638229050879,0.0010542820767151931,0.0,5.152899403098375e-06,-0.00012212842154701878,True
3.809,1.4814938162248743e-06,-0.00015084130506229671,-0.07010679126279067,-0.005599977368938682,0.0,9.54126044749533e-06,-6.657528989877171e-05,True
3.81,1.2956229473353883e-06,-0.00022087595463191235,-0.06877432633774125,-0.005505130008523093,0.0,1.3728455502443311e-05,-9.773846825087196e-05,True
3.811,1.0403859411701367e-06,-0.000289571313243269,-0.027598325103161837,-0.0022238876189010766,0.0,1.5140108681646194e-05,-0.00015498795730922298,True
3.8120000000000003,7.370334759556673e-07,-0.00031711535590745875,0.012637207607113003,0.0009861893684273472,0.0,1.3912502874128005e-05,-0.0001962696444010125,True
3.813,4.2624533462719207e-07,-0.0003044524380311644,0.07063123570040773,0.005621636979492168,0.0,8.96628863924003e-06,-0.0002324304312065393,True
3.814,1.5710161377621392e-07,-0.00023384256282753978,-0.08549848189023318,-0.0068651118297099875,0.0,1.427097829700245e-05,-0.0001106108618492603,True
3.815,-1.1945925603548982e-07,-0.0003192474554714918,-0.007549074693468866,-0.0006443859367427271,0.0,1.4388307605785965e-05,-0.00019727905523804956,True
3.8160000000000003,-4.424673242300303e-07,-0.00032675469159640597,-0.047413550913695784,-0.003840259047923372,0.0,1.709006329948707e-05,-0.0001804123849887521,True
3.817,-7.929042491325894e-07,-0.0003740941826051799,0.01161122265924857,0.0008697342343428775,0.0,1.590149127533733e-05,-0.0002416798030624096,True
3.818,-1.1611818077093219e-06,-0.0003624500353331027,0.047897893945316884,0.0037674362388466108,0.0,1.2400286066039017e-05,-0.0002653511018143038,True
3.819,-1.4996817283162093e-06,-0.00031454908719290205,-0.05809299610894296,-0.004712179850288277,0.0,1.5864391198004128e-05,-0.00018480596829397854,True
3.8200000000000003,-1.8432504599715122e-06,-0.00037256099005592285,0.047171262435791596,0.0036958151677771297,0.0,1.2422230177998238e-05,-0.00027830729682003425,True
3.821,-2.1922240836354396e-06,-0.00032538496460320424,0.055287991948263816,0.004344533126603283,0.0,8.552342580562431e-06,-0.00026900622540133574,True
3.822,-2.4899671900437277e-06,-0.0002701039028422845,0.020253896251512374,0.0015430798223591286,0.0,7.060511153292136e-06,-0.00022797303794594868,True
3.823,-2.749939271117773e-06,-0.0002498355774403942,-0.0554598171907855,-0.0045162645514358075,0.0,1.0517310069138762e-05,-0.000174516442952025,True
3.8240000000000003,-3.0274810121419928e-06,-0.00030522365044709785,0.04193223073759871,0.0032634569627356894,0.0,7.576773376705121e-06,-0.00025965889789945185,True
3.825,-3.3117379778668078e-06,-0.0002632901045887191,0.03912251391751096,0.003038595017248628,0.0,4.901646182022281e-06,-0.00024339630571391666,True
3.826,-3.555467099554678e-06,-0.0002241687791082823,-0.08364478558047382,-0.006782481507722884,0.0,1.02546209928337e-05,-0.000152364299310755,True
3.827,-3.821428180751793e-06,-0.00030772252221762474,0.04716246797101405,0.003667285027761477,0.0,6.994542642622643e-06,-0.0002690926464764765,True
3.8280000000000003,-4.105570162060324e-06,-0.00026056257485265375,-0.004925462012106339,-0.0004992047328679114,0.0,7.200531096368488e-06,-0.00021985565951330776,True
3.829,-4.3685844234066875e-06,-0.00026545486195941165,0.008257192883768673,0.0005500863276450441,0.0,6.551053431576633e-06,-0.0002315151995100801,True
3.83,-4.629902879035143e-06,-0.0002571743201017292,-0.033159811787351855,-0.002766984113222989,0.0,8.605869013048541e-06,-0.00020379165546458532,True
3.831,-4.903638866892608e-06,-0.0002902791147922809,0.028113603229369396,0.002125989264970411,0.0,6.6405291908403545e-06,-0.00025694002508275856,True
3.8320000000000003,-5.179857588015636e-06,-0.0002621550002300823,0.041819321593932715,0.003220849690902726,0.0,3.844360597656436e-06,-0.0002558786762054712,True
3.833,-5.421103943288776e-06,-0.0002203391173555179,0.029468353160520776,0.0022334476877798022,0.0,1.92695144081613e-06,-0.00023206837225323086,True
3.834,-5.626708265037094e-06,-0.00019086918335132805,0.01994190756141325,0.001471167554140233,0.0,6.811126921774276e-07,-0.0002139791974003808,True
3.835,-5.8076045102601574e-06,-0.00017092151035769533,0.019093381335433122,0.0014024230444070434,0.0,-4.737553148130609e-07,-0.00020446487142543885,True
3.8360000000000003,-5.968977873352861e-06,-0.0001518239386670814,0.03219679455724479,0.0024500830902191824,0.0,-2.444201998376401e-06,-0.00020349433853403842,True
3.837,-6.104706071503783e-06,-0.0001196354147747929,0.014710247586675433,0.0010525788478739915,0.0,-3.227223680911476e-06,-0.00017758301464398398,True
3.838,-6.216985691930939e-06,-0.00010492329357525436,-0.00534359197300827,-0.0005519838955244491,0.0,-2.688813377788925e-06,-0.00015655178786352076,True
3.839,-6.324575462851466e-06,-0.00011025088187348535,0.016663141706176183,0.00120597887233795,0.0,-3.589113300149522e-06,-0.0001697600218251116,True
3.84,-6.426494961454407e-06,-9.358845888405323e-05,0.008177611670068887,0.0005273014092332454,0.0,-3.91436224243941e-06,-0.0001551175166867496,True
3.841,-6.5159932265536815e-06,-8.540676054589017e-05,0.02158832599043086,0.001599529389890996,0.0,-5.098594397423715e-06,-0.00015730377642650376,True
3.842,-6.590608220000017e-06,-6.382582338434093e-05,0.07066430055470989,0.00552685399761067,0.0,-9.42928524252561e-06,-0.0001760374064755197,True
3.843,-6.619117822464355e-06,6.790034191933025e-06,-0.027624641890017454,-0.002328300667902723,0.0,-7.276794836540897e-06,-8.218634668523698e-05,True
3.844,-6.626133201196548e-06,-2.0813627907622756e-05,0.029849077093083046,0.002266158134476191,0.0,-8.90551573953463e-06,-0.00012439346213362535,True
3.845,-6.632029249645294e-06,9.01429538486949e-06,0.03245497735204794,0.0024781033771164047,0.0,-1.0659694141342478e-05,-0.00010954019836050171,True
3.846,-6.606796218460811e-06,4.144271393874916e-05,-0.08440012383812612,-0.0068659591133097345,0.0,-4.79811648283501e-06,-1.861208748730614e-05,True
3.847,-6.6075332365905e-06,-4.2895638701407005e-05,-0.06641164650152238,-0.005437014795024589,0.0,-2.5969634362544426e-07,-5.953093899611126e-05,True
3.848,-6.683615871264718e-06,-0.00010925018953726923,-0.03323353118737394,-0.0027920976034171525,0.0,2.0084712478272224e-06,-0.00010497412663879548,True
3.849,-6.809470114218389e-06,-0.00014244527843857227,0.0567962472729326,0.004404035886366049,0.0,-1.6144699505857343e-06,-0.0001739813639343645,True
3.85,-6.923526655527678e-06,-8.567771853855525e-05,0.028554584489989664,0.002149461953175048,0.0,-3.309170764273627e-06,-0.00013292249117041445,True
3.851,-6.994931273779996e-06,-5.7135975531755326e-05,0.01332462215330012,0.0009332046922721592,0.0,-3.97101992664009e-06,-0.00011019384260350453,True
3.852,-7.045406251264181e-06,-4.3815416684753684e-05,0.07880254290817308,0.006172128270128922,0.0,-8.856155613034033e-06,-0.0001433625103124669,True
3.853,-7.049839186054706e-06,3.493002765533366e-05,-0.03607570909310505,-0.003008762229478749,0.0,-6.16892672563732e-06,-3.679809972391581e-05,True
3.854,-7.03293896857581e-06,-1.1212139451610985e-06,0.0049216160247524425,0.0002670018348724115,0.0,-6.210294660434976e-06,-7.300834312219907e-05,True
3.855,-7.031600608561594e-06,3.796654361465346e-06,0.03301432768389738,0.0025150330022810576,0.0,-8.070758376358728e-06,-8.534342356716101e-05,True
3.856,-7.0113054926754776e-06,3.678456966444449e-05,0.043308743780824985,0.0033429101519575734,0.0,-1.054884227011178e-05,-7.495846978762517e-05,True
3.857,-6.9528791591699236e-06,8.005508914415044e-05,0.030892332134864784,0.002355841356621422,0.0,-1.2157451077534864e-05,-4.542624947330638e-05,True
3.858,-6.8573889147009e-06,0.00011091410448933376,0.032375761910016974,0.002479937644875462,0.0,-1.3820954605601052e-05,-2.872618715980377e-05,True
3.859,-6.730299481403764e-06,0.00014325191216755595,0.0202420741734493,0.001515410772670783,0.0,-1.4656320890195988e-05,-2.3268701349871017e-06,True
3.86,-6.576937150472004e-06,0.00016346194638178476,-0.07708151932210787,-0.006265290980911311,0.0,-9.167849463420141e-06,7.268959954920395e-05,True
3.861,-6.4520021054828974e-06,8.642271776061621e-05,-0.059060346854459364,-0.004830593060124167,0.0,-4.9966204825749e-06,3.571871140465911e-05,True
3.862,-6.395097487545549e-06,2.739913961491252e-05,0.004161661349238989,0.0002211090499170888,0.0,-5.034051521463133e-06,-2.4296090683235625e-05,True
3.863,-6.365619623379209e-06,3.1554444528135516e-05,-0.0004542842005041113,-0.00014713735591777841,0.0,-4.772246534281766e-06,-1.761337258255261e-05,True
3.864,-6.3342933860118856e-06,3.109696985919251e-05,0.08224004774928063,0.00646891817537734,0.0,-9.87499110649025e-06,-6.72261749766202e-05,True
3.865,-6.262098881279502e-06,0.00011326879011735944,-0.0021913259244974773,-0.0002744315990087461,0.0,-9.372921237878182e-06,2.142958200706861e-05,True
3.866,-6.149929431941453e-06,0.00011106645284797572,0.06830957879106607,0.005367395547852096,0.0,-1.3453361160571591e-05,-1.9347573647983305e-05,True
3.867,-6.00473006452103e-06,0.0001793097768769173,0.009026839277233896,0.0006355791742425631,0.0,-1.3586730823423864e-05,4.9705019353305016e-05,True
3.868,-5.820915930090757e-06,0.00018830934926662108,-0.04176529204919166,-0.003423402728764972,0.0,-1.0429695756553575e-05,9.049711028315737e-05,True
3.869,-5.6534854568441e-06,0.00014655575673800931,0.050049994594788906,0.00391982352016848,0.0,-1.3308063504479975e-05,2.138142202726985e-05,True
3.87,-5.481923173613794e-06,0.00019654987815859854,-0.019238411227352824,-0.0016141615299342426,0.0,-1.162389852262488e-05,8.932265573207703e-05,True
3.871,-5.294994880766009e-06,0.00017730450903239735,0.010800411927896566,0.0007899995874618247,0.0,-1.1934152076608648e-05,6.778665844295586e-05,True
3.872,-5.112299612539713e-06,0.00018807648357467213,-0.0028491699327867306,-0.00029738580961969263,0.0,-1.135513901401675e-05,8.515861128901046e-05,True
3.873,-4.925654025418402e-06,0.00018520840858269314,-0.013909719581174108,-0.0011792143299215367,0.0,-1.0078504037974545e-05,9.531986875789025e-05,True
3.874,-4.747403812807644e-06,0.00017128881215906425,-0.007979286708269901,-0.000703241547833042,0.0,-9.223452062944463e-06,9.000624292733899e-05,True
3.875,-4.58010899604499e-06,0.00016329654592487624,-0.046109720145281884,-0.0037516239880403756,0.0,-5.9243064676056515e-06,0.00011399938581626329,True
3.876,-4.439861476130993e-06,0.00011720475726773529,0.03777549310802299,0.0029561865129436094,0.0,-8.150084432445661e-06,4.577819574982685e-05,True
3.8770000000000002,-4.3037831603165245e-06,0.00015493733870020066,0.015656609237515495,0.0011936531227595664,0.0,-8.885631126878024e-06,7.698622853187978e-05,True
3.878,-4.141027384434175e-06,0.00017056420325548477,0.003748047096464542,0.0002457729791880064,0.0,-8.832818082138976e-06,9.355834907178188e-05,True
3.879,-3.968596523187857e-06,0.0001742901217528215,-0.0433806942528119,-0.003520975463031995,0.0,-5.731503024724515e-06,0.00012738544177557688,True
3.88,-3.815992034189421e-06,0.00013092397484408067,-0.0065993828829341876,-0.0005809276102688548,0.0,-5.098685035951873e-06,8.932952687393729e-05,True
3.8810000000000002,-3.688370947498503e-06,0.0001243150650064283,0.03836098740333885,0.003017406123012906,0.0,-7.3974317134859545e-06,6.0129075845988906e-05,True
3.882,-3.5448899951419275e-06,0.00016263188039857956,-0.0009331876140287575,-0.00011894720338702575,0.0,-7.0914743747337e-06,0.00010178356365445914,True
3.883,-3.3827305630008155e-06,0.00016168114069485635,0.06743279982253966,0.0053531365725525415,0.0,-1.122502495727367e-05,6.103336292919714e-05,True
3.884,-3.1873565672244534e-06,0.00022904268466577215,0.016383145963017178,0.0012807643809912268,0.0,-1.1943963020015895e-05,0.00012288525862147692,True
3.8850000000000002,-2.950135143299499e-06,0.00024538718156342696,0.02052781361129349,0.0016185691181116995,0.0,-1.2916052422777954e-05,0.0001308739540410302,True
3.886,-2.69449857597615e-06,0.0002658712460514302,-0.010453075022241094,-0.0008528424266206865,0.0,-1.1859449781953732e-05,0.00016271315014890618,True
3.887,-2.4338611235823947e-06,0.0002553965036086339,0.014309012811363294,0.0011315591051176165,0.0,-1.2439594205232465e-05,0.0001473372396139204,True
3.888,-2.171323397404179e-06,0.00026966553663145394,-0.043681582410540605,-0.003501250549600749,0.0,-9.252034410265756e-06,0.00019327954804664884,True
3.8890000000000002,-1.923497434828158e-06,0.00022598801422301935,-0.029116626130630385,-0.0023368344825705754,0.0,-7.097657335828609e-06,0.00017015403082274352,True
3.89,-1.712068655647812e-06,0.0001968688952340737,0.02184872404735591,0.0017407049554149013,0.0,-8.305986848914358e-06,0.00012903658313959593,True
3.891,-1.5042884431696449e-06,0.00021867828595021585,-0.011231366191595182,-0.0008993450929906424,0.0,-7.3423798588717305e-06,0.0001604918361593688,True
3.892,-1.291231125593121e-06,0.00020743117138357741,-0.01956757087628682,-0.0015637560897975925,0.0,-5.8680969561526186e-06,0.00016328831212848372,True
3.8930000000000002,-1.0935864418953768e-06,0.00018785567817832771,-0.043744020533676604,-0.003496663517266846,0.0,-2.870488121551657e-06,0.0001720577198189409,True
3.894,-9.275984739257746e-07,0.00014412496562804693,0.0705432023588227,0.005644054412050518,0.0,-7.3592227999291545e-06,8.394180549583804e-05,True
3.895,-7.482256003074567e-07,0.00021459643799219,0.025570451490159123,0.0020579196309662585,0.0,-8.816993514883598e-06,0.000141204827732771,True
3.896,-5.208586108574748e-07,0.00024012263347620625,0.04321073601313338,0.003476298142072381,0.0,-1.1381935514115546e-05,0.0001426917615821602,True
3.8970000000000002,-2.591508143303796e-07,0.0002832723586600564,0.006041100670230588,0.000512616021999707,0.0,-1.1474444242055354e-05,0.00018623184816818437,True
3.898,2.71299095907267e-08,0.00028927685278325166,-0.01679606449569133,-0.0013084835989486832,0.0,-1.0089756673293717e-05,0.0002064604417177613,True
3.899,3.080022412167066e-07,0.0002724614816497754,0.024839367169248457,0.0020253887916797503,0.0,-1.1443803076625272e-05,0.00017706669664239877,True
3.9,5.928667525948651e-07,0.0002972506618055039,0.03834174658697417,0.0031136814079213014,0.0,-1.364068429139403e-05,0.00018187703503710995,True
3.9010000000000002,9.092672036781435e-07,0.0003355288063598052,0.03435996004539546,0.0028054270700610204,0.0,-1.5525707060513245e-05,0.00020372918737585397,True
3.902,1.2619545035553912e-06,0.0003698239943666503,0.03852629612167922,0.0031491977501223326,0.0,-1.7635664957682775e-05,0.00021974761241326003,True
3.903,1.651017793637526e-06,0.000408278382931159,0.0040786221179191385,0.0004050014956707456,0.0,-1.7463805218534474e-05,0.0002622907318158236,True
3.904,2.0613191254194582e-06,0.0004123078872779606,0.006159582937591386,0.0005793473257382165,0.0,-1.7437986710914644e-05,0.00026861640976671514,True
3.9050000000000002,2.4766897513541577e-06,0.00041841626144221907,-0.05466210987855895,-0.0042781784233872746,0.0,-1.34796806718302e-05,0.0003148408907266356,True
3.906,2.8677734459914487e-06,0.0003637501285274866,-0.006685619542449783,-0.0004395796259448382,0.0,-1.2741730510325022e-05,0.0002679908774629603,True
3.907,3.2281688626889188e-06,0.00035702887054732423,0.010846598205758376,0.0009686783604547495,0.0,-1.316498378367998e-05,0.00025831741084886186,True
3.908,3.590604836457654e-06,0.00036782678650851925,0.024481450605852297,0.002067286149905444,0.0,-1.4465802988114511e-05,0.00025801550034271057,True
3.9090000000000003,3.970652212356055e-06,0.0003922476087825618,-0.05341151674887435,-0.004154379887033632,0.0,-1.0691970606237879e-05,0.00032051526633308303,True
3.91,4.336193207599659e-06,0.00033883402710618377,0.0493530115973262,0.0040669524887756315,0.0,-1.3682038231790354e-05,0.0002386920582156109,True
3.911,4.699678242682805e-06,0.00038811009403431494,-0.030857596034089666,-0.002337440263074765,0.0,-1.1401623979816728e-05,0.0003118726037023655,True
3.912,5.072352990825418e-06,0.00035723314617807,0.05998704974127277,0.004933134310678048,0.0,-1.5072941770411434e-05,0.00024646927144753646,True
3.9130000000000003,5.459550717137493e-06,0.000417132812402938,0.0012330273923469852,0.00024697004178458626,0.0,-1.4845749122492557e-05,0.00031096988855160233,True
3.914,5.877284086921186e-06,0.00041831796617652027,0.022295834543492172,0.0019396560329851377,0.0,-1.599559107690381e-05,0.00030289082785850006,True
3.915,6.306728508436467e-06,0.0004405492153679387,0.00024235620362972313,0.0001857755152863869,0.0,-1.569270024904531e-05,0.0003302812000213299,False
3.916,6.747382324667448e-06,0.000440741844727879,-0.01169881243416473,-0.0007615630915218188,0.0,-1.4631317576787494e-05,0.00034266552720157474,True
3.9170000000000003,7.182261274839711e-06,0.0004290026826486573,0.002304265938901488,0.0003651022999770727,0.0,-1.4512294244633251e-05,0.0003337745867357941,True
3.918,7.612399411437117e-06,0.00043125689713219626,0.013421035794248151,0.0012624568806015837,0.0,-1.5123246942640878e-05,0.000332023090907079,True
3.919,8.050347180574409e-06,0.00044461887802708293,-0.08892938453057507,-0.006916090247832417,0.0,-9.094579824564079e-06,0.000405459576545908,True
3.92,8.450507757102714e-06,0.00035570949586419633,-0.021067251534202743,-0.0014905858436046672,0.0,-7.629886595847957e-06,0.00033062695186734676,True
3.9210000000000003,8.795675755439191e-06,0.00033461882973399946,-0.1322747815875538,-0.010383506103838319,0.0,9.940422581544708e-07,0.00039292325893796253,True
3.922,9.06417894724959e-06,0.000202410536135018,0.044548789824990276,0.003751347671385917,0.0,-2.071657458785872e-06,0.00022907517853088368,True
3.923,9.288844740082483e-06,0.0002469015023634549,-0.015099902460523583,-0.0010111648112367875,0.0,-1.1941895864828008e-06,0.0002823213088071153,True
3.924,9.528190951002974e-06,0.00023178572297588766,-0.007276328884254272,-0.0003827845868651817,0.0,-8.503991230074325e-07,0.00027011774623582606,True
3.9250000000000003,9.756331707447259e-06,0.0002244890588965288,-0.004212190908828246,-0.00013442261490462557,0.0,-7.174545204083348e-07,0.00026380071575838124,True
3.926,9.978707347848666e-06,0.00022025494146777412,-0.02614498060734742,-0.0018855511233503849,0.0,8.296402419922134e-07,0.000274220040936033,True
3.927,1.018588832145305e-05,0.00019410577366501592,0.09567397703786493,0.007860556845655151,0.0,-5.558695186448985e-06,0.00018601809187817524,True
3.928,1.0427799000931739e-05,0.0002896826204253413,-0.09906115187923827,-0.007702429853871249,0.0,8.356239920100948e-07,0.00034491540328235933,True
3.9290000000000003,1.0667965871092143e-05,0.00019066686688789988,0.0751896360613253,0.006230074294612231,0.0,-4.2326522301215525e-06,0.00019590285542825275,True
3.93,1.0896200913421625e-05,0.0002657758825117278,-0.03252030985838305,-0.0023736000663276474,0.0,-2.1907551496503766e-06,0.0002921793321868976,True
3.931,1.1145715110052631e-05,0.0002332512850103071,0.022058071976554693,0.0019932587843065597,0.0,-3.7426436954550703e-06,0.00024484044099638494,True
3.932,1.1389980968163649e-05,0.000255265767982154,-0.019362646958906677,-0.00131336020712773,0.0,-2.5731273096504894e-06,0.000279118173217523,True
3.9330000000000003,1.1635560864161032e-05,0.00023588965879775146,0.06882061351538306,0.0057433959358412735,0.0,-7.150727698317297e-06,0.00021618298527960536,True
3.934,1.190583414327677e-05,0.00030462957998840556,-0.00967288093508566,-0.0005229699106292623,0.0,-6.524618078827121e-06,0.0002931999241606249,True
3.935,1.2205618371468896e-05,0.00029493005949285384,0.09135120269053096,0.00756318895306806,0.0,-1.2463749512275794e-05,0.00022779141030000933,True
3.936,1.2546189290923215e-05,0.00038617619749839314,0.05906550641029077,0.004997413063759687,0.0,-1.6157014152624e-05,0.0002871082233624976,True
3.9370000000000003,1.2961868450871617e-05,0.00044515179133149905,-0.023677647401662935,-0.0016074799450575658,0.0,-1.4397519868899785e-05,0.00036693181853337793,True
3.938,1.3395170870740073e-05,0.00042144272692830857,-0.02966477498072164,-0.002081495795553013,0.0,-1.2304071293220023e-05,0.00036612110785098987,True
3.939,1.3801773103522237e-05,0.00039175391328290834,-0.023212384421281932,-0.0015615483682452054,0.0,-1.0690961282282447e-05,0.000354306593687663,True
3.94,1.4181912157867844e-05,0.00036851574979913557,-0.03610994526775232,-0.002589299312602668,0.0,-8.29137994019131e-06,0.0003563186083422356,True
3.9410000000000003,1.4532368483506485e-05,0.0003323927900382609,-0.057096967591749356,-0.00426628763983224,0.0,-4.6019176424269895e-06,0.0003573186638570664,True
3.942,1.4836215133866647e-05,0.00027530338850164905,-0.06364554313968773,-0.004791555172145221,0.0,-5.91697164993657e-07,0.0003395979670411847,True
3.943,1.507970193288882e-05,0.00021167698500854448,0.023973838080596305,0.0022147429194407284,0.0,-2.3682425242373417e-06,0.0002589887736649711,True
3.944,1.5303351686060728e-05,0.0002356081520407925,0.016036679758859907,0.0015866676893027806,0.0,-3.58587750476728e-06,0.0002726254365945629,True
3.9450000000000003,1.5546965187978115e-05,0.00025160571720474374,0.02620469299731411,0.0024064134992333045,0.0,-5.4327664007725025e-06,0.00027248577924231937,True
3.946,1.581165702561977e-05,0.00027776149360146386,0.0693452070819558,0.005865557772249795,0.0,-1.0028240852774736e-05,0.00025659308508708446,True
3.947,1.612406273070025e-05,0.0003470208873139755,-0.10635537806520892,-0.008176554609586432,0.0,-3.123347703435829e-06,0.000395681572421982,True
3.948,1.6417920496533697e-05,0.00024071020164421667,-0.030780566009995763,-0.0021380374876647486,0.0,-1.3036273331645718e-06,0.00030727046578945416,True
3.9490000000000003,1.664323937274897e-05,0.00020992679707080108,0.010011925696351514,0.0011257235800660988,0.0,-2.178199497865251e-06,0.0002690185868074341,True
3.95,1.6858161667460543e-05,0.0002199072378924144,-0.009160542661639662,-0.0004030076343697934,0.0,-1.7901471765736904e-06,0.0002843207450131663,True
3.951,1.7073482765750113e-05,0.00021072917873131262,-0.06437208437592633,-0.004817156558842847,0.0,2.1611173659549955e-06,0.0003145028558568746,True
3.952,1.725203469338714e-05,0.00014638406669185896,-0.06294199315213729,-0.004707256739686991,0.0,5.911415043589462e-06,0.00028635219896729845,True
3.9530000000000003,1.736695859583762e-05,8.347515532698123e-05,0.07986654178334292,0.006711945616031749,0.0,3.0911128443368933e-07,0.00016915536632932515,True
3.954,1.749034318501503e-05,0.000163269448308461,-0.05061515937730453,-0.003714794239057076,0.0,3.3082816035445376e-06,0.0002799309915985195,True
3.955,1.7628312056888296e-05,0.00011267576968397204,-0.04537188469245106,-0.0032989200660100194,0.0,5.885714971873251e-06,0.00025441335438290653,True
3.956,1.771830942454816e-05,6.732692761577698e-05,-0.04097407998402452,-0.0029509175977662015,0.0,8.108320294748261e-06,0.00023038745935470955,True
3.9570000000000003,1.77651574121696e-05,2.6377527856206338e-05,-0.05605385854727088,-0.004161370547019873,0.0,1.1248060648354484e-05,0.0002192931500553656,True
3.958,1.776352155568032e-05,-2.9635176799351902e-05,0.05590625891065008,0.00478868787963833,0.0,7.051809634321498e-06,0.00012197797926958301,True
3.959,1.7761826123793985e-05,2.623041069027949e-05,-0.10723646550600854,-0.008256056720969558,0.0,1.3537026949113649e-05,0.00024122475390873566,True
3.96,1.7734465122864547e-05,-8.092459870472866e-05,-0.05628179389936666,-0.004193034091582338,0.0,1.6548555814185196e-05,0.0001612420773261562,True
3.9610000000000003,1.7625417253558458e-05,-0.0001371529940757308,-0.07558455763808475,-0.005745965459771815,0.0,2.073217201359842e-05,0.00014352334762503287,True
3.962,1.7450496719630834e-05,-0.00021266263762350772,0.03151994991772906,0.002810185417856859,0.0,1.786916680037348e-05,3.7922675596329904e-05,True
3.963,1.725359385629252e-05,-0.00018114358482393167,-0.020551056239140643,-0.0013552570398968579,0.0,1.846012728772877e-05,7.428785463352327e-05,True
3.964,1.7062186862189666e-05,-0.00020165809730235125,-0.006983130532707333,-0.00027573005077345485,0.0,1.8160228984654235e-05,4.948583647515139e-05,True
3.9650000000000003,1.6857046569558605e-05,-0.00020861305666229686,0.018121298002777664,0.0017280971116747923,0.0,1.6246297708429384e-05,2.30083105366066e-05,True
3.966,1.6657497283440903e-05,-0.0001904825650803491,-0.012660086851930518,-0.0007358299048621469,0.0,1.638169000403029e-05,4.199972994990242e-05,True
3.967,1.6460695097875263e-05,-0.0002031112690395548,-0.02660733284082191,-0.0018566674677887446,0.0,1.7420806050708577e-05,3.8636372004072275e-05,True
3.968,1.6244294675014152e-05,-0.00022967482115949936,-0.028739135103547767,-0.0020342944826727064,0.0,1.8574301006901213e-05,2.216542246310975e-05,True
3.969,1.6000266347397743e-05,-0.0002583655107570294,-0.027849862369639374,-0.0019709880566088343,0.0,1.964384555861562e-05,2.5907527561464892e-06,True
3.97,1.572799281147641e-05,-0.0002861644015357517,0.06400341495406915,0.005369037338747817,0.0,1.4739738730033138e-05,-7.362916497415238e-05,True
3.971,1.547382424967313e-05,-0.00022217918667774924,-0.08321352089438158,-0.00640521433745774,0.0,1.9508421711334012e-05,3.6817804365931334e-05,True
3.972,1.521006820684901e-05,-0.0003053022282612258,0.05253296027925399,0.004439781782672254,0.0,1.5360586454193166e-05,-8.791116197948238e-05,True
3.973,1.493103028245605e-05,-0.0002527762878283574,0.019438466613351357,0.0017935027196129146,0.0,1.3473037267545655e-05,-5.303467592016838e-05,True
3.974,1.4687977663460575e-05,-0.00023332469858821923,0.012534608288698469,0.0012391532972075815,0.0,1.208784730675887e-05,-4.6371265756431395e-05,True
3.975,1.4460925765422869e-05,-0.00022077372083546755,0.020087262700034345,0.0018407848332801032,0.0,1.0254762700267645e-05,-5.070435872822936e-05,True
3.976,1.4250198743596737e-05,-0.00020067744459592192,0.022074016713530938,0.001998343621115706,0.0,8.346049894093497e-06,-4.778333901548172e-05,True
3.977,1.4060560106561081e-05,-0.00017859823776972923,-0.011922996932735139,-0.0007221814612330792,0.0,8.694284481089292e-06,-2.080405768029705e-05,True
3.978,1.3876010156656912e-05,-0.00019049176826452642,-0.06723929893071587,-0.005152234743829189,0.0,1.2619737749907967e-05,6.171583770582722e-06,True
3.979,1.3651923313579022e-05,-0.0002576567241327538,0.04732178199512609,0.004000558372358579,0.0,9.022774840106057e-06,-9.571017486266958e-05,True
3.98,1.3417924869296901e-05,-0.00021034321762079564,-0.0106758371008506,-0.0006377855065351992,0.0,9.28349418191293e-06,-4.41640705969266e-05,True
3.981,1.3202254386082777e-05,-0.0002209870004612043,0.008006758972005161,0.0008516628566545585,0.0,8.330793653150572e-06,-6.28909743615749e-05,True
3.982,1.298527697300999e-05,-0.00021296169543974074,0.021669393403487273,0.001941731054340393,0.0,6.522446420599428e-06,-7.080105480085364e-05,True
3.983,1.278315233887339e-05,-0.00019128541218421408,-0.03415879550531804,-0.0025255611477878284,0.0,8.382588544540196e-06,-2.9332256043904506e-05,True
3.984,1.257480355618472e-05,-0.000225395812953924,-0.003518135388602192,-8.215186463132127e-05,0.0,8.211545034882232e-06,-6.410585703388763e-05,True
3.985,1.2347658036896393e-05,-0.00022888583534890825,-0.022297070165386783,-0.0015889740688086766,0.0,9.265447862888546e-06,-5.6138888493968215e-05,True
3.986,1.2107638027677133e-05,-0.00025113961925324015,-0.04389050818409779,-0.0033234399245400236,0.0,1.1693908793527352e-05,-5.412181686215398e-05,True
3.987,1.1834573948521741e-05,-0.00029496734279321974,-0.03439559310925511,-0.002574021198802204,0.0,1.3446730162781398e-05,-8.084803093892679e-05,True
3.988,1.1522428784433646e-05,-0.00032930269661561145,-0.060605823424439646,-0.00468057847942924,0.0,1.6855590829770783e-05,-8.238756012297187e-05,True
3.989,1.1162851234279774e-05,-0.0003898237900348883,-0.014726178753321042,-0.001023941832852834,0.0,1.7207004719496173e-05,-0.00014039440377769765,True
3.99,1.076568278600049e-05,-0.000404494545422132,-0.04387243303297383,-0.0033645516979405534,0.0,1.9443690171122235e-05,-0.0001340082825343087,True
3.991,1.0339278562218397e-05,-0.00044828696455515395,0.08952313970415335,0.00729416375470558,0.0,1.2986448947887532e-05,-0.00024101229099777598,True
3.992,9.93574676030089e-06,-0.00035878388211586966,-0.016605384564939006,-0.001192641389363609,0.0,1.3584113463019148e-05,-0.00014433506067071286,True
3.993,9.568677940717597e-06,-0.0003753358543762713,0.009848502609565145,0.0009150761091729758,0.0,1.245818627242915e-05,-0.00017151719200237767,True
3.994,9.19827785393042e-06,-0.00036545290010654984,0.004300286764808596,0.0004657375945426493,0.0,1.172800480354035e-05,-0.00016799394119997241,True
3.995,8.83498768156712e-06,-0.00036111490595325225,-0.03184768904582321,-0.002432119134112039,0.0,1.3364959431870817e-05,-0.0001472114701855878,True
3.996,8.457970725330376e-06,-0.00039289692341797614,0.01557925208369109,0.001351436008941077,0.0,1.189191523020559e-05,-0.0001931419837258796,True
3.997,8.072874116655808e-06,-0.0003772857557341525,-0.06977233509920046,-0.00548174936452433,0.0,1.5993560842729586e-05,-0.00013735732077914422,True
3.998,7.660734426940575e-06,-0.00044696075059930563,0.01966752840947224,0.001657660202370793,0.0,1.4198067051744704e-05,-0.00022520823689667672,True
3.999,7.223619095867417e-06,-0.00042725844543322873,0.014744422809127277,0.0012583079550038082,0.0,1.2776819843797439e-05,-0.00021883950054232557,True
4.0,6.803745055069757e-06,-0.00041247758626570375,0.10500684221459206,0.008473517477806737,0.0,5.553575979554809e-06,-0.00027297728492549405,True
4.001,6.44375912571506e-06,-0.00030750701495801757,-0.03264416955875412,-0.0025324467422324208,0.0,7.446751350362908e-06,-0.00014707927126303742,True
4.002,6.119950017187498e-06,-0.0003400909137885824,-0.039096667549119446,-0.003058385213274811,0.0,9.712135088024535e-06,-0.0001570033056576594,True
4.003,5.7603336552839275e-06,-0.0003791185680798712,0.020128113089607137,0.0016684408247940974,0.0,8.085928162619712e-06,-0.0002113035254941502,True
4.0040000000000004,5.391288136521486e-06,-0.0003589636690462237,-0.012810761688615764,-0.0009708933889174212,0.0,8.642920796810588e-06,-0.00018456621397559944,True
4.005,5.0259358643109205e-06,-0.00037172398495110225,-0.043179561984051595,-0.0034085049913606634,0.0,1.1157902791524995e-05,-0.00017242453141186556,True
4.006,4.632647228440666e-06,-0.00041482776316821156,-0.07235961377336689,-0.005755160783337604,0.0,1.5501736140216678e-05,-0.00017387647884274286,True
4.007,4.181673970084483e-06,-0.0004870837789825079,0.04289379923949477,0.0034483240171432014,0.0,1.2270250486734261e-05,-0.0002784300860595622,True
4.008,3.7160442279559344e-06,-0.00044416897281487834,-0.0313700869423477,-0.0024960184360223944,0.0,1.3943578153929966e-05,-0.00021891063644718906,True
4.009,3.2562149954355915e-06,-0.0004754644253580266,-0.0727004047041174,-0.005814476237454515,0.0,1.8256493945077307e-05,-0.00020936391869555166,True
4.01,2.744437040807046e-06,-0.0005480541457804913,0.05340726485182801,0.004256214557387108,0.0,1.429277585158353e-05,-0.00032192205204778176,True
4.011,2.223093224273534e-06,-0.0004946272935085774,-0.010052944863020193,-0.0008235751862257212,0.0,1.4554579925608062e-05,-0.00026584210491283804,True
4.0120000000000005,1.723460606441367e-06,-0.0005046167090138841,0.03342766413521251,0.0026446814166512793,0.0,1.200065950937522e-05,-0.00030100378694757215,True
4.013,1.235567978358963e-06,-0.00047115861575205915,0.11001080483296657,0.00876656557635754,0.0,4.562126182099371e-06,-0.0003387935014195521,True
4.014,8.194039031068191e-07,-0.00036118142223757484,0.040913948981539654,0.003244523418110586,0.0,1.8056906885900068e-06,-0.0002529659456667891,True
4.015,4.786823863644e-07,-0.00032025906466387764,0.03280875483405141,0.0025948855819190064,0.0,-3.466046604137639e-07,-0.00023069090035891142,True
4.016,1.748311976338655e-07,-0.0002874401230414312,0.07006684312134145,0.005574001596499755,0.0,-4.850143472871476e-06,-0.0002388976242298531,True
4.017,-7.758289590307567e-08,-0.00021739610907812535,-0.05873056916813586,-0.0047259295586665,0.0,-8.860264038698552e-07,-0.00012737733433758504,True
4.018,-3.243209125329242e-07,-0.0002760560072107871,0.04075536699252229,0.003221464862110896,0.0,-3.4693899164005848e-06,-0.00020966578792450664,True
4.019,-5.799994551317153e-07,-0.0002353016784498171,0.05184355511312455,0.004108808217443615,0.0,-6.698037341801066e-06,-0.0001973181336952293,True
4.0200000000000005,-7.893839775827323e-07,-0.00018347247153247136,0.006022020466647621,0.00044553602915142396,0.0,-6.868972339524456e-06,-0.00014390142412345114,True
4.021,-9.69840122641273e-07,-0.0001774345610305823,0.046490341430981276,0.0036804780449472894,0.0,-9.654449273179463e-06,-0.0001619593285769779,True
4.022,-1.1240349157293389e-06,-0.00013096086097170813,0.05370538934187444,0.0042604832155502224,0.0,-1.2830625379243383e-05,-0.0001425081352972082,True
4.023,-1.2281520976399407e-06,-7.728301752467988e-05,0.01604036240684109,0.001251848292686807,0.0,-1.3480646759335115e-05,-9.102920837563555e-05,True
4.024,-1.2974161959000507e-06,-6.124659060830565e-05,-0.029162507016969125,-0.0023637036437567276,0.0,-1.1184674062708834e-05,-4.92696748522293e-05,True
4.025,-1.3732341828397008e-06,-9.037925723461095e-05,0.015419626148239324,0.001198006365699878,0.0,-1.1837745134372858e-05,-8.20287165366028e-05,True
4.026,-1.4559042370689463e-06,-7.49616054342266e-05,-0.011943902282568995,-0.0009907138515248678,0.0,-1.0700065028115435e-05,-5.254434421623961e-05,True
4.027,-1.5368318868084875e-06,-8.688767789947394e-05,0.021239512831042067,0.0016610715311728757,0.0,-1.1741821510049714e-05,-7.194936398071796e-05,True
4.0280000000000005,-1.6131020582338134e-06,-6.565511283070861e-05,-0.08644719852933497,-0.006952690332934691,0.0,-5.77934856609309e-06,9.561367337628603e-06,True
4.029,-1.7219558950480397e-06,-0.000152026886658085,-0.037922267692323125,-0.003083019847895685,0.0,-3.1191890132923263e-06,-5.058605677629486e-05,True
4.03,-1.8929283841489446e-06,-0.00018990221169092,0.0029250100836818557,0.00017713983037695707,0.0,-3.174224005123683e-06,-8.838886747097603e-05,True
4.031,-2.081361730535856e-06,-0.00018695815095369907,0.0503740612778485,0.003970025412963791,0.0,-6.2988617158803324e-06,-0.00011450956088270596,True
4.032,-2.2431389035986447e-06,-0.00013660271706398218,-0.01686221666254775,-0.0014057461593162733,0.0,-4.98209546537662e-06,-4.953908413938086e-05,True
4.033,-2.3881632362563726e-06,-0.00015343630168961604,0.04619526619865189,0.003634222001436783,0.0,-7.783592356185204e-06,-9.236500327790281e-05,True
4.034,-2.5185081307094114e-06,-0.00010726014301439514,-0.004097083056086158,-0.00038597100800138946,0.0,-7.250477586575591e-06,-3.9035816879910044e-05,True
4.035,-2.6278117322080163e-06,-0.00011134194075991836,0.011894971307841793,0.0008909360605564089,0.0,-7.766404181738557e-06,-4.675399355557075e-05,True
4.0360000000000005,-2.7332050977000106e-06,-9.944381247565588e-05,0.0035115783933006555,0.00021979532220837354,0.0,-7.724275579185945e-06,-3.294546036035135e-05,True
4.037,-2.8308903037209122e-06,-9.592381640770631e-05,0.03089537776543624,0.0024091633377989977,0.0,-9.456108528600917e-06,-4.473883505946984e-05,True
4.038,-2.9113708460438802e-06,-6.504197046859058e-05,-0.08275579116617726,-0.006680673004979203,0.0,-3.7786698213294717e-06,4.256692349138917e-05,True
4.039,-3.0177668169113414e-06,-0.00014772531137127433,-0.015166658662004064,-0.0012853795330292823,0.0,-2.6307888684745618e-06,-2.9531842797406075e-05,True
4.04,-3.173065987561612e-06,-0.00016286342192202002,0.003074854486423508,0.00016932956050712923,0.0,-2.693341054798869e-06,-4.5280223891233326e-05,True
4.041,-3.33438667440448e-06,-0.00015977267501059213,-0.1317267003522694,-0.010617327709322104,0.0,5.980014934059483e-06,4.1306099066365626e-05,True
4.042,-3.5599825560991715e-06,-0.0002913777285650607,-0.03507072403833578,-0.002904702936504454,0.0,8.162527010020919e-06,-7.223859125320987e-05,True
4.043,-3.868875630934911e-06,-0.0003263880855451824,-0.01839937011633231,-0.001580755940928835,0.0,9.211164658262298e-06,-9.950272257030356e-05,True
4.0440000000000005,-4.204446395963202e-06,-0.0003447362739535029,-0.031167542555364584,-0.0026104517924309244,0.0,1.10638456537212e-05,-0.00010242277517288686,True
4.045,-4.5647454372725744e-06,-0.0003758405219096397,-0.027376078433657528,-0.0023173525551926652,0.0,1.2626694202152311e-05,-0.00012138404596629626,True
4.046,-4.954252811560893e-06,-0.0004031527925808378,0.14189288939922803,0.011213876266220448,0.0,3.188790912034271e-06,-0.00024255198465708672,True
4.047,-5.28648083704746e-06,-0.00026132625548146995,-0.02337666004317005,-0.001996648609178235,0.0,4.715139840987336e-06,-8.573107808230009e-05,True
4.048,-5.559479565361198e-06,-0.00028465513186686766,-0.005698048009892377,-0.0005900730887919158,0.0,5.059304370831351e-06,-0.00010748972109016825,True
4.049,-5.846971573271519e-06,-0.00029031668786413267,-0.0216651228358442,-0.0018732933177301194,0.0,6.432759969820033e-06,-0.00010160921358111115,True
4.05,-6.148104322400227e-06,-0.0003119321144556415,-0.02928444920289669,-0.002490853667769616,0.0,8.267340592351139e-06,-0.00010771140157849695,True
4.051,-6.4746593754809755e-06,-0.0003411584397906735,-0.02270663210661439,-0.0019740134500626895,0.0,9.631434948084256e-06,-0.00012639996828903345,True
4.0520000000000005,-6.827152455277049e-06,-0.00036380883915304243,0.06376830228774354,0.004934918378126131,0.0,5.362593975364353e-06,-0.00019286607009051028,True
4.053,-7.15908003949594e-06,-0.00030004982143529873,0.002152432091050289,7.325148000860348e-06,0.0,5.204686333956569e-06,-0.00013176088556091531,True
4.054,-7.458042955322144e-06,-0.00029786534541660306,0.06458909554368364,0.0049971390288489,0.0,1.0109186816995809e-06,-0.00017168313267650455,True
4.055,-7.723619333946612e-06,-0.0002332935952828567,0.013606521984004208,0.0009215013792753547,0.0,2.361142014284552e-07,-0.00011498549310547592,True
4.056,-7.950104450924364e-06,-0.0002196715510321772,0.0151570995957806,0.0010431055014219484,0.0,-6.151971333666415e-07,-0.00011042428279865854,True
4.057,-8.162193147516348e-06,-0.00020450168131002356,-0.04867421978064597,-0.004065397260864175,0.0,2.694057247630935e-06,-6.421449664963711e-05,True
4.058,-8.391011652466902e-06,-0.00025311459524867156,0.059764141324101086,0.004599719344753842,0.0,-1.1067616579730527e-06,-0.00015145472369890975,True
4.059,-8.614250184536893e-06,-0.00019336903347615304,0.004180575904821605,0.000156185285046926,0.0,-1.2018617608215297e-06,-9.294039790827638e-05,True
4.0600000000000005,-8.805522765386079e-06,-0.0001891700053547007,0.06114709546071445,0.004710567826437643,0.0,-4.982025861881359e-06,-0.0001260165690546547,True
4.061,-8.96412798609077e-06,-0.00012804976800058807,0.032281039279946966,0.002405762866486053,0.0,-6.788820972262093e-06,-8.197863986553506e-05,True
4.062,-9.076040804253999e-06,-9.577973890162293e-05,-0.01060423534045452,-0.0010232011303811285,0.0,-5.767922296626221e-06,-3.965627493469415e-05,True
4.063,-9.177116320953148e-06,-0.00010636485804708691,-0.013499708597548468,-0.0012579285645466847,0.0,-4.585893272392534e-06,-3.9347268982197e-05,True
4.064,-9.290223545891268e-06,-0.00011984198122289915,0.08906595332397925,0.006943671204345549,0.0,-1.0078334519203717e-05,-0.00010639082126951419,True
4.065,-9.36555115119487e-06,-3.083265621346264e-05,-0.0007669681891867994,-0.0002336372946020671,0.0,-9.603533707240804e-06,-1.1581822352624713e-05,True
4.066,-9.39676593685143e-06,-3.159555384917681e-05,0.011778977159824513,0.0007693849194607341,0.0,-9.95435252481757e-06,-1.5584565171591125e-05,True
4.067,-9.42247387179966e-06,-1.982229523054419e-05,0.03922620946272085,0.0029661135518976095,0.0,-1.2073956746298537e-05,-2.392611420924183e-05,True
4.0680000000000005,-9.422692489862145e-06,1.9375268251589077e-05,-0.008543752348628959,-0.0008507836205176447,0.0,-1.1042886214607773e-05,2.604252461430382e-05,True
4.069,-9.407587608850177e-06,1.0836062077577507e-05,0.02700317799158383,0.0019922179898167127,0.0,-1.2343061900685053e-05,5.106884388662782e-06,True
4.07,-9.383257365394497e-06,3.781676752352528e-05,-0.0036416471719670517,-0.00045569239423164207,0.0,-1.1624276831247305e-05,3.96383781965257e-05,True
4.071,-9.347261894843108e-06,3.417373450099806e-05,0.02647402037020553,0.0019537717636493863,0.0,-1.287684531266895e-05,2.4078684282035832e-05,True
4.072,-9.299859295408576e-06,6.0623074697284184e-05,-0.0428209410366518,-0.0035857979812858242,0.0,-9.608434327058231e-06,8.25436417260174e-05,True
4.073,-9.260637861075288e-06,1.7829021336271124e-05,0.004706737007919203,0.0002119869616945336,0.0,-9.507779881914503e-06,3.9933314164902784e-05,True
4.074,-9.240457359941292e-06,2.2530048960752193e-05,-0.013892652362404315,-0.0012750368155959983,0.0,-8.205910156033526e-06,5.67911127564279e-05,True
4.075,-9.22487087961748e-06,8.64579814741769e-06,-0.00801730187992408,-0.000806394330449351,0.0,-7.320403122907595e-06,5.0579176467668824e-05,True
4.0760000000000005,-9.22023197776982e-06,6.338345139660791e-07,-0.03781486445397564,-0.0031910772717762322,0.0,-4.529074069403143e-06,6.841212087096929e-05,True
4.077,-9.238495794557399e-06,-3.715133724245758e-05,-0.00090089705963111,-0.00024282284954161686,0.0,-4.204102051613081e-06,3.1905904134020256e-05,True
4.078,-9.27609595409125e-06,-3.804734785060705e-05,-0.02773687795857845,-0.002390485645601991,0.0,-2.1493415516872113e-06,4.921056290193918e-05,True
4.079,-9.328003123028254e-06,-6.575811608830524e-05,-0.0021895005655981313,-0.0003509550753929557,0.0,-1.804254887960889e-06,2.2582976416836458e-05,True
4.08,-9.394852956698285e-06,-6.793849935269802e-05,-0.01262371706273338,-0.0011871573381615633,0.0,-7.918611557825939e-07,2.8081302012186697e-05,True
4.081,-9.46909749475087e-06,-8.054464120764334e-05,0.08977280302851683,0.007001715130430913,0.0,-6.438824710421074e-06,-4.116560458560923e-05,True
4.082,-9.504775991557453e-06,9.16655848882535e-06,0.043989024694584294,0.003349135994737369,0.0,-8.968198904649925e-06,2.3951869288818054e-05,True
4.083,-9.473626669867683e-06,5.311992885028357e-05,-0.05197305145845982,-0.00432199500527237,0.0,-5.21444832413566e-06,0.00010364549600831497,True
4.0840000000000005,-9.446481782359213e-06,1.1818123324493278e-06,0.009249640709975486,0.000570076402195467,0.0,-5.528270762071465e-06,4.6626010372865466e-05,True
4.085,-9.440677592231525e-06,1.0424039792883888e-05,0.034773185120633536,0.0026131734977656615,0.0,-7.487529078746088e-06,3.5647110162925825e-05,True
4.086,-9.412876366668132e-06,4.516868294692906e-05,0.0008992956908178172,-9.206787738096951e-05,0.0,-7.200783009809179e-06,7.235634225513115e-05,True
4.087,-9.367259962236732e-06,4.606219196302427e-05,-0.013325827162612353,-0.0012291493892936864,0.0,-6.0014495728561365e-06,8.354863752851221e-05,True
4.088,-9.327858955402338e-06,3.274167420979562e-05,-0.07631859612608455,-0.006269460150378829,0.0,-7.548820542903109e-07,0.00011903162149435516,True
4.089,-9.333258018626937e-06,-4.3520533305296995e-05,0.09105594012727379,0.007111254101849983,0.0,-6.491589123075593e-06,-1.5625484545316265e-05,True
4.09,-9.331272559558581e-06,4.7468630484331424e-05,-0.06125679659523681,-0.005062810398032879,0.0,-2.208175343852496e-06,0.00011606778154242604,True
4.091,-9.31441822403919e-06,-1.37452885208097e-05,0.05454729731738208,0.0041944748227353635,0.0,-5.541931364662639e-06,1.9948749468901863e-05,True
4.0920000000000005,-9.300903491737716e-06,4.0760620324725536e-05,0.04336989738485621,0.0033070668023761846,0.0,-8.062659465563848e-06,4.917796867960469e-05,True
4.093,-9.238470695671835e-06,8.409179820090016e-05,0.027885664612113312,0.00207465171223108,0.0,-9.514042972394896e-06,7.783457206585373e-05,True
4.094,-9.140446447654748e-06,0.00011194605866809193,-0.009125164634453712,-0.0008811076797739114,0.0,-8.5309667102024e-06,0.00011449200474564949,True
4.095,-9.033064801722749e-06,0.00010281548902262957,-0.02578020737109296,-0.002212673897435731,0.0,-6.497559639519959e-06,0.00012366879416265627,True
4.096,-8.943136586196269e-06,7.704401243138446e-05,0.010872141927644506,0.0007180401771517939,0.0,-6.894827323543113e-06,9.228003979868291e-05,True
4.097,-8.860662209810646e-06,8.7898933971781e-05,0.03594149050621318,0.0027263751927970765,0.0,-8.90701860813669e-06,8.244215037229835e-05,True
4.098,-8.754805144514288e-06,0.00012380225153588054,-0.017286417340585683,-0.0015256436096638063,0.0,-7.419254024372649e-06,0.00013190896629779918,True
4.099,-8.639646260448268e-06,0.00010651551975190726,-0.0008209553037740449,-0.00020840819461976354,0.0,-7.040240189981713e-06,0.00011668484222637834,True
4.1,-8.533544998324046e-06,0.00010568323383756304,0.0464210220693923,0.0035727599436420586,0.0,-9.733642244226813e-06,8.848070917917286e-05,True
4.101,-8.404667251187513e-06,0.00015205583486059375,0.0703084249668049,0.005491636687006287,0.0,-1.3904459417067581e-05,9.426097171646698e-05,True
4.102,-8.21748113345535e-06,0.0002222918228651882,0.037813094824085805,0.002903807944268491,0.0,-1.5861667404655537e-05,0.0001461766461064408,True
4.103,-7.97630090022199e-06,0.00026005016025323696,0.03323341427445101,0.0025463057449824737,0.0,-1.747393249438795e-05,0.00016892327670112243,True
4.104,-7.699652397856777e-06,0.0002932281761343444,0.007215000527838879,0.00047379368020180967,0.0,-1.7362358440054535e-05,0.00020387915866127711,True
4.105,-7.402829584105952e-06,0.0003004045266934128,0.0342104222355455,0.0026396313895329423,0.0,-1.9007661147852943e-05,0.00019562959919162422,True
4.106,-7.085339977361119e-06,0.00033455424402354414,-0.08506174241703487,-0.006892329003672464,0.0,-1.2888149290486693e-05,0.00028954336151272163,True
4.107,-6.793307090710673e-06,0.0002495218356149765,0.04869065370188131,0.00380291538879151,0.0,-1.5602181811640115e-05,0.00017698706597594832,True
4.108,-6.519461906378246e-06,0.0002981461083988086,0.01595726782497677,0.0011950086446911906,0.0,-1.6127633051546015e-05,0.0002210173060379662,True
4.109,-6.213352477773682e-06,0.00031405729226203946,-0.07876606289736997,-0.006375438501318079,0.0,-1.050827624334991e-05,0.0002911361463448891,True
4.11,-5.938669567129111e-06,0.0002353179127738917,-0.01929850498606736,-0.001622538301560846,0.0,-8.896674648144976e-06,0.0002260619631610266,True
4.111,-5.7130047242203285e-06,0.00021600813804636043,-0.04788210065376041,-0.003907481160771236,0.0,-5.480589811338247e-06,0.00023810255752820193,True
4.112,-5.5209333188375e-06,0.00016813943693713975,-0.005107900676305107,-0.00048783212141102674,0.0,-4.930263685987748e-06,0.00019313583729166792,True
4.113,-5.355352810720065e-06,0.0001630166507965234,0.006837191881466484,0.00047014099801994037,0.0,-5.171220583971853e-06,0.00018368542783617824,True
4.114,-5.18892544757045e-06,0.00016983013128156135,-0.045542015588591,-0.0037163822893897607,0.0,-2.0154513452440997e-06,0.00021901521453908038,True
4.115,-5.041860882134141e-06,0.00012430486569535448,0.054635442237679376,0.004294998467019378,0.0,-5.436064843167853e-06,0.0001377045136939091,True
4.116,-4.890257120950131e-06,0.00017888332749384271,-0.0009392278468649014,-0.00014169685662703335,0.0,-5.167272028481288e-06,0.00019366845657703045,True
4.117,-4.711849869464785e-06,0.00017792472497181588,0.047892451613299386,0.0037679337984102028,0.0,-8.071789662014371e-06,0.00016299236863578806,True
4.118,-4.509998005976159e-06,0.0002257594744276428,0.03587225782567515,0.0028156917988777586,0.0,-1.0122946877161947e-05,0.00019038276757055283,True
4.119,-4.266320166445077e-06,0.00026157811253578624,0.01784946432419432,0.0013825527564438286,0.0,-1.0955537659140214e-05,0.000217739091504089,True
4.12,-3.995831755279393e-06,0.0002793841153222377,0.06380504595285849,0.0050660047984723185,0.0,-1.4747085011692774e-05,0.00019862569080558726,True
4.121,-3.6845721334082825e-06,0.0003431075260996602,0.059413104333668,0.004727898951424049,0.0,-1.8157409688627836e-05,0.00023028488339907303,True
4.122,-3.3117863215530253e-06,0.00040243528697583527,0.0075544929422994385,0.0005930395160331009,0.0,-1.8123021167924295e-05,0.000291240828438587,True
4.123,-2.905590832508429e-06,0.0004099385833068834,0.003770782230335257,0.00029855457343849485,0.0,-1.7851157874451538e-05,0.0003021084012675098,True
4.124,-2.4937832027116208e-06,0.00041366030339026896,-0.03770962928980418,-0.0030120192044263117,0.0,-1.49063726679478e-05,0.00033480274176122285,True
4.125,-2.0989834430107136e-06,0.00037593384258523884,0.026513990769019863,0.002128449620657625,0.0,-1.6207365847931162e-05,0.00028428241508455073,True
4.126,-1.7098135718541613e-06,0.0004023846936452955,-0.009267926474543215,-0.0007239245990193966,0.0,-1.5161874023075302e-05,0.0003214243372520641,True
4.127,-1.312075522214053e-06,0.00039307881712441776,-0.07833169921516112,-0.006242983838557812,0.0,-9.677137643022308e-06,0.0003649297306583333,True
4.128,-9.581569796843e-07,0.0003147645741205538,0.1413173563806217,0.011325913433709884,0.0,-1.857366688691227e-05,0.00019950948279467233,True
4.1290000000000004,-5.727821675593971e-07,0.00045593530737994797,-0.009397137293254641,-0.0007073688255908467,0.0,-1.7474519383565892e-05,0.00035360973251671163,True
4.13,-1.2156008348700913e-07,0.00044649430042181424,0.018965052924304147,0.0015685954684921835,0.0,-1.8249407877547574e-05,0.0003373228526157854,True
4.131,3.343950888568889e-07,0.0004653942214484731,0.021480824058921506,0.0017803323428869614,0.0,-1.9173782830723928e-05,0.0003484041106653489,True
4.132,8.105067070212116e-07,0.0004868058083152707,-0.026112981397925502,-0.0020160326941098257,0.0,-1.6997981135837156e-05,0.0003920130811484789,True
4.133,1.2842445468718725e-06,0.0004606586431130513,0.021012587364921006,0.0017594024282109404,0.0,-1.7940874324870873e-05,0.0003572192661203067,True
4.134,1.755386767276362e-06,0.00048160289430985005,-0.06997687188743153,-0.005508760441866365,0.0,-1.2971893723059661e-05,0.00042703681491211044,True
4.135,2.2020013159973144e-06,0.00041162694877971913,-0.03290782734434393,-0.0025435949300059964,0.0,-1.0544678168150281e-05,0.0003796793703662971,True
4.136,2.5971674532653948e-06,0.00037869873906993965,-0.04486649777423962,-0.0034971269590920004,0.0,-7.414159386792176e-06,0.00037612609050137225,True
4.1370000000000005,2.9534303806125764e-06,0.00033382497406668786,0.08065600320556159,0.006545701000183956,0.0,-1.2504204262619083e-05,0.00028098002372928775,True
4.138,3.3275499299506e-06,0.00041437995733802687,-0.05274122398134796,-0.004109676424888163,0.0,-8.822160882797357e-06,0.00039788125996641547,True
4.139,3.7155574166872514e-06,0.000361633652245689,-0.00047448889489240596,7.231696017846072e-05,0.0,-8.630696372093352e-06,0.0003459145746516378,True
4.14,4.076940391335082e-06,0.00036111887413079776,0.01962881071549918,0.0016870240491796617,0.0,-9.752113113920392e-06,0.0003341388871561226,True
4.141,4.447855044561506e-06,0.0003806916302616772,-0.011141061739349326,-0.0007655405527144377,0.0,-8.855866545740917e-06,0.0003623221842694907,True
4.142,4.8229647620392635e-06,0.00036951653201926476,-0.07185993177348642,-0.005617639192319894,0.0,-4.05619486847709e-06,0.00039684987307294885,True
4.143,5.156556108431096e-06,0.0002976716119307275,0.04562920286335334,0.003778874832451714,0.0,-7.0010596555661725e-06,0.0002948291613043019,True
4.144,5.477019332497305e-06,0.00034323142949398974,0.03742439662644398,0.0031337258496397487,0.0,-9.340078895804984e-06,0.000317883881753441,True
4.1450000000000005,5.838940390508265e-06,0.0003805877759772511,0.005525269809112428,0.0005927930448754132,0.0,-9.555374671936352e-06,0.0003535556978687487,True
4.146,6.222275102101626e-06,0.0003860659029410255,0.02682840196913143,0.0023046010177212666,0.0,-1.1150648278578858e-05,0.00034385482170182685,True
4.147,6.621733777883311e-06,0.0004128297784633734,-0.034528054337652714,-0.002593513565594713,0.0,-8.734627019190216e-06,0.00039457126992679346,True
4.148,7.017293006343673e-06,0.0003782824817879478,0.007117696927781324,0.0007411209261512458,0.0,-9.087184898121056e-06,0.00035634504326726655,True
4.149,7.399118310836685e-06,0.00038535204168686776,-0.020113504088504264,-0.0014296539524828566,0.0,-7.672038805880495e-06,0.0003772954084075768,True
4.15,7.774404370251233e-06,0.00036521103925349135,0.004972319116650961,0.000581550132707018,0.0,-7.925503400618309e-06,0.0003545226951455777,True
4.151,8.14208658955574e-06,0.00037013837973647317,-0.07481015653851253,-0.005793838358900622,0.0,-3.0095269002763956e-06,0.0004068841653767787,True
4.152,8.474825412909689e-06,0.0002953454870744271,0.014901779060760975,0.0013801306407421835,0.0,-4.041751353096242e-06,0.0003206965703645726,True
4.1530000000000005,8.777606854460125e-06,0.0003102023278520141,0.021173422641834465,0.001889095014069281,0.0,-5.456839382821677e-06,0.0003216937339163291,True
4.154,9.098378775536493e-06,0.00033132420529086387,-0.1201640222326415,-0.009409592056016759,0.0,2.3169107665026286e-06,0.00041767521206720993,True
4.155,9.369639705990473e-06,0.0002112175091572966,-0.08483441494871594,-0.006592753580090571,0.0,7.589511335946337e-06,0.0003455687206723329,True
4.156,9.538454085960216e-06,0.00012642611747569536,0.007016917494124281,0.0007482167071743097,0.0,6.768580482559752e-06,0.0002497219507722603,True
4.157,9.668382103626297e-06,0.0001334232964122675,-0.09665588536818122,-0.0075424291560197525,0.0,1.2683988449466766e-05,0.00031163068389894444,True
4.158,9.7534975169159e-06,3.6828486265841565e-05,0.03480339346607922,0.002964253850942725,0.0,9.924317642443234e-06,0.00018451035613674196,True
4.159,9.807717295497085e-06,7.16003450285957e-05,-0.005924411110283181,-0.0002888219361002755,0.0,9.876925592738588e-06,0.00021682495248029563,True
4.16,9.8763542870532e-06,6.567254614284211e-05,-0.04228073575390402,-0.0031968037776082233,0.0,1.2185517804772898e-05,0.0002307713401421136,True
4.1610000000000005,9.920894966124147e-06,2.3417705099650822e-05,-0.03585567547703232,-0.0026870678041603932,0.0,1.4015942647682487e-05,0.0002030978419601,True
4.162,9.92639325235501e-06,-1.2412381607895351e-05,-0.03452372346648468,-0.002584712284569332,0.0,1.571161413909985e-05,0.00018039655173587675,True
4.163,9.896728425657808e-06,-4.690753588585742e-05,-0.09671486654046013,-0.007564677115881273,0.0,2.139159035044623e-05,0.00019713901134278198,True
4.164,9.801490291226169e-06,-0.00014354100408221486,0.04364088500624781,0.0036504727052520305,0.0,1.7829502603468377e-05,6.134138498231981e-05,True
4.165,9.67976379515297e-06,-9.99183286972909e-05,0.013724009446546375,0.0012601663045927886,0.0,1.6303835481432603e-05,8.761572853948686e-05,True
4.166,9.586707658332851e-06,-8.619388639470744e-05,0.02087660554222721,0.0018323459148608034,0.0,1.4358102561018882e-05,8.002528097804821e-05,True
4.167,9.510949892855515e-06,-6.532402098258267e-05,0.020073602688657263,0.0017692464306460704,0.0,1.2518604568887926e-05,8.11302424578976e-05,True
4.168,9.455659917240631e-06,-4.525887302522506e-05,0.005402101294096056,0.0005969389172749888,0.0,1.1680474951733216e-05,9.147233279856568e-05,True
4.1690000000000005,9.413102390770163e-06,-3.985593472604522e-05,0.06824319400671222,0.005624108651403715,0.0,6.795515215122383e-06,4.8339712345174884e-05,True
4.17,9.407351852903905e-06,2.833802673385755e-05,-0.08229388486358317,-0.0064107778925263205,0.0,1.1793843036982332e-05,0.00016461445571502636,True
4.171,9.394563212189807e-06,-5.3894271233361105e-05,0.012070765551993849,0.001128296069430921,0.0,1.0546004514127836e-05,6.800395317530227e-05,True
4.172,9.346703214286545e-06,-4.182694658349494e-05,-0.011830717270576349,-0.0007832359573789695,0.0,1.0881329048042407e-05,8.220204490151893e-05,True
4.173,9.29896554447323e-06,-5.3643648840436445e-05,0.007427148953130878,0.000755116058190136,0.0,9.961521295109921e-06,6.020956582971539e-05,True
4.174,9.249035555271362e-06,-4.6216313993064906e-05,-0.0422706839485389,-0.003220718033567395,0.0,1.22870798280966e-05,8.908938054573415e-05,True
4.175,9.181696591761659e-06,-8.844853017327559e-05,0.013566058245138866,0.0012399413746420262,0.0,1.0934861877792626e-05,3.2079613191945864e-05,True
4.176,9.100030888862487e-06,-7.488320443238601e-05,-0.0881598329676382,-0.006897972065943418,0.0,1.6210369489307344e-05,9.546558612767101e-05,True
4.1770000000000005,8.981093433205094e-06,-0.0001629652270666562,-0.0038412627552426404,-0.0001651971658697183,0.0,1.588472919274375e-05,1.4031083610043464e-06,True
4.178,8.816214679632542e-06,-0.0001667851422945142,0.07191580570335125,0.005891942103426145,0.0,1.0663751358596239e-05,-5.44309084462745e-05,True
4.179,8.685375045867125e-06,-9.490718770865872e-05,-0.07580295876873366,-0.005919288813198124,0.0,1.5154486189079847e-05,6.058476308880811e-05,True
4.18,8.55258959074491e-06,-0.00017063981067287496,0.05143483174914593,0.004248256375284338,0.0,1.1285123118713747e-05,-5.4678148901550114e-05,True
4.181,8.407660256452416e-06,-0.00011922627610243052,0.04585600956690861,0.003805511496836541,0.0,7.88391598835624e-06,-3.619594156618086e-05,True
4.182,8.311354564838694e-06,-7.3392953663195e-05,-0.00015701887349465015,0.00012823571784794106,0.0,7.5566505815218996e-06,6.8558639875010376e-06,True
4.183,8.237885893654474e-06,-7.354159652193458e-05,0.03762766602242417,0.003149670236297082,0.0,4.792154219861698e-06,-1.9887493884948517e-05,True
4.184,8.183151130771161e-06,-3.5935277983823224e-05,-0.026680215382157875,-0.0019914327435768078,0.0,6.268840329887325e-06,3.281871580326408e-05,True
4.1850000000000005,8.133884009843437e-06,-6.259045282570674e-05,-0.10392509671992081,-0.008175108679755568,0.0,1.2710702085522557e-05,6.80641141323428e-05,True
4.186,8.019360300748557e-06,-0.0001664267126376273,-0.0461670755364954,-0.003568988763022673,0.0,1.5240349202955257e-05,-1.3428200751100565e-05,True
4.187,7.829868259261085e-06,-0.00021253873691062442,-0.0766922318266005,-0.006019945565890615,0.0,1.9682886323430707e-05,-1.8622718748855967e-05,True
4.188,7.5790112585087015e-06,-0.00028914670630167475,-0.06886013823591258,-0.005407086460976051,0.0,2.3503279391978057e-05,-6.137554637812376e-05,True
4.189,7.255463176167148e-06,-0.00035792013279214925,-0.030416580870210666,-0.0023456785483809027,0.0,2.473652940789844e-05,-0.00012171751155741663,True
4.19,6.88235605636073e-06,-0.0003882725277278377,0.01255960132926346,0.0010820578120282294,0.0,2.3159333989837973e-05,-0.00017041039614078713,True
4.191,6.500374627588099e-06,-0.0003756791540150805,0.05674106854601417,0.00461121072849591,0.0,1.876922272008879e-05,-0.00020239592199583956,True
4.192,6.1530653786361344e-06,-0.0003189405042064317,-0.04127841780343444,-0.003229791107964077,0.0,2.0852516900462045e-05,-0.0001267072475792306,True
4.1930000000000005,5.813508324031558e-06,-0.0003601505696901209,0.008270500772224573,0.0007230651432477194,0.0,1.9676077034256465e-05,-0.00018167048869459213,True
4.194,5.457504360923517e-06,-0.00035184608267584697,-0.007897495848051354,-0.0005757861192685867,0.0,1.958467899625615e-05,-0.00017591916744976648,True
4.195,5.101724767276504e-06,-0.0003596978002702801,0.09403741382448148,0.007571660415737062,0.0,1.2898748485643982e-05,-0.0002498276103173343,True
4.196,4.7890347753895215e-06,-0.000265693957995198,0.03411742275204868,0.0027837131711614827,0.0,1.0279178147053681e-05,-0.000180485192780594,True
4.197,4.540400642549433e-06,-0.00023157351389463263,-0.04533777729596953,-0.0035730837937790285,0.0,1.2881050664164733e-05,-0.00012098931633436639,True
4.198,4.2861786759926536e-06,-0.0002768495674506851,0.06256683770341301,0.005049276284346826,0.0,8.42751782400879e-06,-0.00021001017338271382,True
4.199,4.040606682951369e-06,-0.00021430084649309527,-0.015340842168414063,-0.0011802525547591717,0.0,9.144351371311513e-06,-0.00013956739809656304,True
4.2,3.818647426234938e-06,-0.00022960551758713398,0.04185572323221021,0.00338964085013859,0.0,6.140551251364555e-06,-0.00018369714193023728,True
4.2010000000000005,3.609967524837752e-06,-0.00018775692164382937,-0.01675476901084207,-0.0012979329360175457,0.0,7.017485374619443e-06,-0.00013223886468455398,True
4.202,3.4138446011301845e-06,-0.00020447739132571668,-0.030851980062535717,-0.0024312464891416002,0.0,8.787229909866341e-06,-0.0001315634285088058,True
4.203,3.193956884139867e-06,-0.00023528209610915448,-0.027186677859084282,-0.0021456768563453237,0.0,1.0275589269785371e-05,-0.00014816453329903164,True
4.204,2.9450973178669385e-06,-0.00026242091990537195,-0.042677118617275724,-0.0033926482480490976,0.0,1.2731461839507322e-05,-0.00015204756485451078,True
4.205,2.6613587411237924e-06,-0.0003050349404456446,0.00550713965266283,0.00045187143669977737,0.0,1.2004763377092315e-05,-0.00020261520914828556,True
4.206,2.359087377127139e-06,-0.00029949783681058103,0.04735011871871849,0.003794533329868498,0.0,8.592050787564599e-06,-0.00023021656773597511,True
4.207,2.0832635496351403e-06,-0.0002521513111945434,0.007593401155597232,0.0006147126789978659,0.0,7.850808312615103e-06,-0.00018928431446310246,True
4.208,1.8349164223201442e-06,-0.0002445355344698989,0.03422150068272441,0.0027414042860833274,0.0,5.408555213809552e-06,-0.0002047364446904531,True
4.2090000000000005,1.6074919318418954e-06,-0.00021031347344638697,-0.021798526640869058,-0.001740184893309937,0.0,6.664332914883724e-06,-0.00015734154763618962,True
4.21,1.3862927308220305e-06,-0.00023207119453555583,0.07184312896765696,0.005744555043223088,0.0,1.824003606993831e-06,-0.0002253660370827301,True
4.211,1.1901331726003144e-06,-0.00016025851860955182,0.023722933996039218,0.0019000260945567968,0.0,2.3382852942170068e-07,-0.0001667487821319836,True
4.212,1.0417359775176145e-06,-0.0001365362371299257,-0.002729128658942445,-0.00021596339357566962,0.0,4.0207095456008944e-07,-0.00013958130648162475,True
4.213,9.038410018589592e-07,-0.0001392478653384577,-0.036107885665274196,-0.00288907145902909,0.0,2.730005347774249e-06,-0.00011844637534818695,True
4.214,7.465537756223715e-07,-0.00017531167333331482,0.0033241173339893858,0.0002583299538803558,0.0,2.4434627234402775e-06,-0.00015661194195264088,True
4.215,5.729098707971835e-07,-0.00017197046006629032,0.06720344947982511,0.005365951880852403,0.0,-1.970685516375766e-06,-0.00019461733314733536,True
4.216,4.345301573503382e-07,-0.00010480056957669409,-0.017016625361965305,-0.0013660845544741216,0.0,-8.086947896168399e-07,-0.0001137690935977868,True
4.2170000000000005,3.212296157321572e-07,-0.00012179201725342871,-0.03696518287512034,-0.00296604753899686,0.0,1.615881612515508e-06,-0.00010609621996280212,True
4.218,1.8096915690793742e-07,-0.00015871441044662196,0.016497420713264727,0.0013040053726319264,0.0,5.142126011228204e-07,-0.00015294480395076633,True
4.219,3.050512890455385e-08,-0.00014221212869191684,0.06356992934643876,0.005069077984592354,0.0,-3.6048768123441048e-06,-0.00017465007394698793,True
4.22,-7.993318664991907e-08,-7.867624447908345e-05,-0.05108195694926889,-0.0040974365026387,0.0,-1.849519612746759e-07,-7.566566774433892e-05,True
4.221,-1.8413421575720345e-07,-0.00012970914848481826,0.03452029080097726,0.002742743750376373,0.0,-2.4005555497214446e-06,-0.00014729569246117052,True
4.222,-2.9658730703664906e-07,-9.52014437895132e-05,0.012519524823145957,0.0009847992410702752,0.0,-3.1299319034299667e-06,-0.00011784476895496411,True
4.223,-3.85528665777263e-07,-8.268106843845486e-05,0.0034583179789227135,0.00025980419411721176,0.0,-3.2515971483669408e-06,-0.0001046904956290419,True
4.224,-4.6647837252590105e-07,-7.921617569456454e-05,-0.024349035960317737,-0.001965825428614233,0.0,-1.5676851412357047e-06,-8.33638407131102e-05,True
4.225,-5.578597834595333e-07,-0.00010353713940291446,-0.04037359779371817,-0.0032523537563280747,0.0,1.1102280055426955e-06,-8.091994371760534e-05,True
4.226,-6.815693724556672e-07,-0.00014386731737029508,-0.0032473249092746562,-0.0002893183195306099,0.0,1.3130298997423843e-06,-0.0001189759049485052,True
4.227,-8.270541173088708e-07,-0.00014709590963959274,0.02227675339348114,0.0017496017882101807,0.0,-1.4086308382131133e-07,-0.00013553938817934756,True
4.228,-9.630119121681135e-07,-0.0001248201505037135,-0.05256106190782286,-0.0042371975851053,0.0,3.294058206088847e-06,-7.911826825562012e-05,True
4.229,-1.1140942865275451e-06,-0.000177325806771432,-0.043451836660074544,-0.0035174797267760313,0.0,6.048866051888784e-06,-0.00010546854500055564,True
4.23,-1.3131280981583806e-06,-0.000220723503812169,-0.008579768259746535,-0.0007365045870040338,0.0,6.473800687668481e-06,-0.00014554206972526443,True
4.231,-1.538130987499915e-06,-0.0002292717004443745,0.050177536319106354,0.003959003943700185,0.0,3.084661442511735e-06,-0.0001871612419657105,True
4.232,-1.7423183354144417e-06,-0.0001791078790233733,-0.008664608023994678,-0.0007460233174398391,0.0,3.601309350974835e-06,-0.00013132261168528675,True
4.233,-1.9257495578526544e-06,-0.00018774552797270642,-0.0367924949553844,-0.0030005925518288247,0.0,5.928877548986742e-06,-0.00011762854105763644,True
4.234,-2.131874755881843e-06,-0.00022448795324596854,-0.013770180467905258,-0.0011669267374278102,0.0,6.705732628511661e-06,-0.00014769652112794443,True
4.235,-2.3632358138707747e-06,-0.00023822205344742407,-0.0018473879227269376,-0.00021891592488151987,0.0,6.692951481048998e-06,-0.00016227366375862117,True
4.236,-2.602372152309506e-06,-0.00024004120121308266,0.10315871781780662,0.00817704978253739,0.0,-1.178202471891427e-07,-0.0002301720700269581,True
4.237,-2.7908517435655235e-06,-0.00013693668868266075,0.05131441955279348,0.004038485830197379,0.0,-3.384510224149272e-06,-0.00015677149107899598,True
4.238,-2.9021393941384785e-06,-8.564726116753007e-05,0.05136451872013918,0.004046645317176538,0.0,-6.5652288147009434e-06,-0.0001343572377316307,True
4.239,-2.962114503234679e-06,-3.4313540986417184e-05,-0.019427566723003633,-0.0016116410238168847,0.0,-5.074197209574289e-06,-6.647366615954753e-05,True
4.24,-3.0061355041035607e-06,-5.3721958058064315e-05,-0.08313179261963806,-0.006711100483611877,0.0,5.036954106256931e-07,-3.112914255585401e-05,True
4.241,-3.1013997901383768e-06,-0.0001367822773055931,0.040332513475563034,0.003154362008545881,0.0,-2.064718636271295e-06,-0.00013947066349072703,True
4.242,-3.2180211407587996e-06,-9.646612940446541e-05,-0.07497978561117684,-0.006067883164956342,0.0,2.9070613776767514e-06,-5.0242572517900395e-05,True
4.243,-3.351954105993018e-06,-0.00017137605183826566,-0.004998278233774145,-0.00048076255883039784,0.0,3.2139564469979753e-06,-0.00012323734747337906,True
4.244,-3.525821576796374e-06,-0.00017635112613411123,0.06246362089205913,0.0049124627478463025,0.0,-8.54829968784398e-07,-0.0001677062741279822,True
4.245,-3.6709504774428677e-06,-0.0001139168409579729,0.0033173363116101653,0.00018563977541988488,0.0,-9.809196258794838e-07,-0.00010545661169536321,True
4.246,-3.7832052400885607e-06,-0.00011058930671297836,0.005073982072960224,0.0003245501547096664,0.0,-1.2159139317935603e-06,-0.00010400222384146191,True
4.247,-3.891254725809633e-06,-0.00010550688351074997,-0.02535791449341787,-0.002111336570559293,0.0,5.281294351473854e-07,-8.175399142576664e-05,True
4.248,-4.009430036710884e-06,-0.00013083297549604288,0.03856472830066505,0.0029973085663328827,0.0,-1.913808294863174e-06,-0.00013082588484770338,True
4.249,-4.120985742770811e-06,-9.22838903007593e-05,-0.005944446262813202,-0.0005608075112310219,0.0,-1.4054756620281676e-06,-8.658965854386497e-05,True
4.25,-4.216236855571375e-06,-9.821328115368421e-05,0.05151703376233731,0.004033684843848258,0.0,-4.631785941928793e-06,-0.00012332983967218723,True
4.251,-4.288701295627882e-06,-4.6725753030339315e-05,0.04500900269104566,0.00351791650159871,0.0,-7.3490361392010214e-06,-9.66120892979088e-05,True
4.252,-4.31293246574452e-06,-1.7469228696722494e-06,0.004684480021779266,0.00029691598661457923,0.0,-7.381181662879194e-06,-5.022008643753482e-05,True
4.253,-4.312338297716097e-06,2.9340664387724797e-06,0.07284781808103631,0.005750555445096668,0.0,-1.1828318575345507e-05,-8.703179676232504e-05,True
4.2540000000000004,-4.272999320296369e-06,7.572421630829644e-05,-0.0445272461579495,-0.003630006774444299,0.0,-8.553826328720899e-06,1.995004675964284e-05,True
4.255,-4.219530020580244e-06,3.1223502856197805e-05,-0.0005024273858581458,-0.00011239891089635231,0.0,-8.220398934063746e-06,-2.0517486445628766e-05,True
4.256,-4.188558771589251e-06,3.071796010688981e-05,-0.005240809270287494,-0.0004909726442987793,0.0,-7.589883462815964e-06,-1.3784956748613716e-05,True
4.257,-4.160461008765459e-06,2.547782188345939e-05,-0.024342098652519083,-0.00201919885173329,0.0,-5.739806723599892e-06,-2.799317324313566e-07,True
4.258,-4.147148879818532e-06,1.1520180555142016e-06,-0.06499668675073705,-0.005274245377729037,0.0,-1.3064961057415653e-06,1.8383690424600087e-05,True
4.259,-4.178478395900676e-06,-6.379363953188032e-05,0.06366279414058247,0.005010155683376561,0.0,-5.32627612167323e-06,-8.608923077550422e-05,True
4.26,-4.210454753566724e-06,-1.737811237361819e-07,0.03851118615183618,0.003005085852847845,0.0,-7.608596922150381e-06,-4.324296440188998e-05,True
4.261,-4.191382920328678e-06,3.8307112528650045e-05,0.02018870734432316,0.0015442485484833746,0.0,-8.643372352278407e-06,-1.3432321185573115e-05,True
4.2620000000000005,-4.142988124659168e-06,5.84756220862848e-05,0.005425251667368389,0.0003664634217959602,0.0,-8.69514999557089e-06,7.467151780149218e-06,True
4.263,-4.081803475418748e-06,6.389002845813937e-05,0.04915366792997175,0.0038664877752551795,0.0,-1.1579488072826111e-05,-1.3800308794019123e-05,True
4.264,-3.9933517525976995e-06,0.00011299782378180933,0.028753033011883224,0.0022419220482577168,0.0,-1.3066645939796802e-05,2.299627047821619e-05,True
4.265,-3.865989103261649e-06,0.0001417155197041421,-0.022188337030414097,-0.0018276489039273404,0.0,-1.1216458480833054e-05,7.148713454595222e-05,True
4.266,-3.735367311392068e-06,0.00011952871231905945,-0.04687617787016125,-0.00380298739573967,0.0,-7.819241118429145e-06,8.302195844875266e-05,True
4.267,-3.639269014539935e-06,7.267599054156745e-05,-0.07574058665020768,-0.006116032655413345,0.0,-2.6453900297179183e-06,8.6047936734614e-05,True
4.268,-3.604446403537128e-06,-3.013152728069713e-06,-0.01815137960815365,-0.0015173519822433289,0.0,-1.341794375237387e-06,2.1765655791867566e-05,True
4.269,-3.616530426806026e-06,-2.1149906635604557e-05,-0.0275464137155606,-0.002271348633723629,0.0,5.353808772783522e-07,2.090055905530155e-05,True
4.2700000000000005,-3.6514456052067515e-06,-4.8672260520491164e-05,0.009218932722157189,0.0006659479256163947,0.0,-1.902094970232565e-08,-1.3172405556893537e-05,True
4.271,-3.695508965137248e-06,-3.9455111202914296e-05,-0.04012628168193802,-0.003281356309271862,0.0,2.6384867770275883e-06,2.0844185328975188e-05,True
4.272,-3.755015334176826e-06,-7.954537321002538e-05,0.037829263424160556,0.0029492053531324585,0.0,1.7569131927177923e-07,-4.4668230909395954e-05,True
4.273,-3.81565290226059e-06,-4.17369408722635e-05,0.03213874905908777,0.0024974097395816597,0.0,-1.8514819080611537e-06,-2.6829767994671835e-05,True
4.274,-3.841327237029982e-06,-9.618795155659309e-06,-0.018732050191896797,-0.001568862161036963,0.0,-5.286770272359687e-07,1.781617040061775e-05,True
4.275,-3.860306839842647e-06,-2.8335019853442494e-05,-0.01601697197201645,-0.001354243483260897,0.0,5.828591502653723e-07,8.809485975873164e-06,True
4.276,-3.8966451306168e-06,-4.433619887790327e-05,0.009476360050737792,0.0006826488478425726,0.0,1.3588771235525445e-08,-1.3818904916327654e-05,True
4.277,-3.9362439445278335e-06,-3.486231240600428e-05,-0.05107810413846203,-0.004161284199567184,0.0,3.3826645546962066e-06,2.724525329273003e-05,True
4.2780000000000005,-3.9966307585619165e-06,-8.589629314479687e-05,-0.016980487914048242,-0.0014406859419553496,0.0,4.453346888737488e-06,-1.5544176886077775e-05,True
4.279,-4.091009673038529e-06,-0.00010285375744554743,0.006273772059144417,0.0004159211397233942,0.0,3.990360426527604e-06,-3.8831855465213046e-05,True
4.28,-4.190724315556443e-06,-9.657335840626628e-05,0.011942858112483247,0.0008684068083098918,0.0,3.1741098813953306e-06,-4.194428193768604e-05,True
4.281,-4.28132572132277e-06,-8.462904161286445e-05,0.006101202962606342,0.00040087688903115375,0.0,2.7595586790633546e-06,-3.532162164689826e-05,True
4.282,-4.362902570982897e-06,-7.852312505883307e-05,0.000303018189431156,-6.371356613025963e-05,0.0,2.7329424947419313e-06,-3.079490987892179e-05,True
4.283,-4.441271322000991e-06,-7.821151610344954e-05,-0.05763946438228482,-0.004700485416311218,0.0,6.461551748989098e-06,3.972001980941041e-06,True
4.284,-4.548284693631204e-06,-0.00013579681840250062,0.04564471660745634,0.0035534125859028455,0.0,3.401173694642973e-06,-8.569568174414216e-05,True
4.285,-4.661265898078107e-06,-9.017275939534776e-05,0.07036564241354173,0.005534527875790492,0.0,-1.1766149329707894e-06,-8.508874940322639e-05,True
4.2860000000000005,-4.716270700547983e-06,-1.9852362394044066e-05,0.08466817137397316,0.006686178553820705,0.0,-6.557179330676641e-06,-6.641018431384165e-05,True
4.287,-4.693810185939934e-06,6.475139914753886e-05,-0.006451390146260917,-0.0005928296271500875,0.0,-5.891324347904358e-06,2.5779910118451264e-05,True
4.288,-4.632285236407925e-06,5.829780611628994e-05,-0.010324784995981084,-0.0009023681971998747,0.0,-4.993701231000287e-06,2.8035799824059978e-05,True
4.289,-4.579149331114383e-06,4.7974592625571885e-05,-0.04576700433433388,-0.003738028083591701,0.0,-1.8254359462418166e-06,4.8018820930392356e-05,True
4.29,-4.554048172502466e-06,2.2382170208485452e-06,-0.025244952676580456,-0.002101300495188979,0.0,-7.22450528754658e-08,1.802076299375051e-05,True
4.291,-4.564425970178685e-06,-2.298711709766169e-05,-0.07904671915309887,-0.006408655653762846,0.0,5.118997239119261e-06,4.146413771391512e-05,True
4.292,-4.62691508982711e-06,-0.00010196903410437564,-0.002445315904518517,-0.0002911460280708944,0.0,5.209670214586241e-06,-3.9385076936199805e-05,True
4.293,-4.730102325454341e-06,-0.0001044009597404049,-0.020420582594640854,-0.001731316564598295,0.0,6.463903499677558e-06,-3.170439065714356e-05,True
4.2940000000000005,-4.844704368250034e-06,-0.00012479373033802996,0.07656347574716962,0.006022898133504506,0.0,1.4038753571729265e-06,-0.00010308044769770929,True
4.295,-4.931231534178199e-06,-4.827648545971553e-05,0.05867772612754686,0.004599662744333376,0.0,-2.3603338588873397e-06,-6.314298769753822e-05,True
4.296,-4.950182560919003e-06,1.0360483892959714e-05,0.0038596640682222426,0.00022091309742839252,0.0,-2.4723188081726317e-06,-5.490839313279579e-06,True
4.297,-4.937893634102908e-06,1.421594508108741e-05,-0.0026031595876747455,-0.0002954289390181015,0.0,-2.163039377157131e-06,8.603744379884779e-07,True
4.298,-4.924979126763215e-06,1.16132359680675e-05,-0.08248210795526635,-0.006685824672386878,0.0,3.3118845504439847e-06,5.0264739037200074e-05,True
4.299,-4.954585994041765e-06,-7.080525637773498e-05,-0.01717590258000093,-0.0014717513850581543,0.0,4.409727000478491e-06,-2.406025472212305e-05,True
4.3,-5.033972094118595e-06,-8.7959678395389e-05,0.08925671912567486,0.007039370870952407,0.0,-1.4151404618447116e-06,-9.916544783476259e-05,True
4.301,-5.077323258293846e-06,1.236677365440593e-06,-0.02541859077175263,-0.0021247306791056467,0.0,3.4539443311092567e-07,7.1676294557396686e-06,True
4.3020000000000005,-5.0887893321083035e-06,-2.416204556343218e-05,-0.04549219388609993,-0.003733873164333556,0.0,3.3589850073414304e-06,9.415095744509648e-06,True
4.303,-5.13568477360496e-06,-6.961571585893645e-05,-0.04955717915313754,-0.004065370544078965,0.0,6.555589111650754e-06,-7.395785386499901e-06,True
4.304,-5.230063620182734e-06,-0.00011912606099748684,0.0018953367763616803,4.319066962594681e-05,0.0,6.3348309832833666e-06,-6.172748024484495e-05,True
4.305,-5.348238038665251e-06,-0.00011721882130279288,0.04123994355238686,0.0031888609409386395,0.0,3.5732277238877738e-06,-8.846914872500762e-05,True
4.306,-5.444843186878556e-06,-7.599815730784866e-05,-0.014794421219727811,-0.0012906806538189807,0.0,4.517047710513611e-06,-3.935821389941208e-05,True
4.307,-5.528231870018067e-06,-9.077238852369126e-05,0.0758779494310624,0.005959835094201823,0.0,-4.367431915671979e-07,-0.00010368217910035366,True
4.308,-5.58108155486772e-06,-1.4943955801974035e-05,-0.04680423520193548,-0.0038465915588386944,0.0,2.6902831813425564e-06,2.120248924908301e-06,True
4.309,-5.61941493262186e-06,-6.170967120684042e-05,-0.016586142592913317,-0.0014354460367650796,0.0,3.7763448213572044e-06,-3.615275850206898e-05,True
4.3100000000000005,-5.689411061404495e-06,-7.827582015844351e-05,0.00030348856908559243,-8.752341199744675e-05,0.0,3.7401920628551352e-06,-5.489128240868475e-05,False
4.311,-5.767532281724789e-06,-7.796376900101391e-05,0.03444968978726338,0.0026428039496299025,0.0,1.494272490523287e-06,-7.78027476912215e-05,True
4.312,-5.82827721544583e-06,-4.353242808603096e-05,-0.032425851053504845,-0.0027042009655287363,0.0,3.6415610964831424e-06,-2.36016052773655e-05,True
4.313,-5.888012529789541e-06,-7.592786199038985e-05,0.04496904947515871,0.003482428389037638,0.0,7.185788880503098e-07,-8.605433531559491e-05,True
4.314,-5.941464680446621e-06,-3.098567006489559e-05,-0.021628716375363274,-0.0018409619546848888,0.0,2.1888717573645836e-06,-2.759835328829751e-05,True
4.315,-5.98325793925169e-06,-5.2593878461916446e-05,0.0939499937391017,0.007401989590806175,0.0,-3.866674884185162e-06,-0.00010899675710784602,True
4.316,-5.9888992087850285e-06,4.1288081260585725e-05,0.04263842497331499,0.003308228381858339,0.0,-6.435820439579379e-06,-3.9083153688362186e-05,True
4.317,-5.926304518104344e-06,8.388830315638715e-05,-0.006568141371616225,-0.0006220581946764097,0.0,-5.749737921310806e-06,1.0746033261446611e-05,True
4.3180000000000005,-5.845701727269549e-06,7.731589900903706e-05,0.045339023028489016,0.0035311771190693537,0.0,-8.446042611046414e-06,-2.1769887471744098e-05,True
4.319,-5.7457309705637904e-06,0.00012261054229964713,-0.03543072881693253,-0.002923168197748793,0.0,-5.839743267616926e-06,4.956150632119994e-05,True
4.32,-5.640831202320079e-06,8.719391437050743e-05,0.055661252190089744,0.004361828483289879,0.0,-9.20608939629975e-06,-1.8569164000244406e-05,True
4.321,-5.525824362319196e-06,0.00014280155152648883,0.05779244716178787,0.004541067120604462,0.0,-1.2622165502966933e-05,5.399099174303542e-06,True
4.322,-5.354146924759789e-06,0.00020053245358184034,0.06948703694372795,0.00548665220528238,0.0,-1.6707085675176275e-05,2.568181377407817e-05,True
4.323,-5.118896486538904e-06,0.000269942249283856,-0.0017866733365865754,-0.0002026809337705636,0.0,-1.6069491397927908e-05,0.00010386669657308656,True
4.324,-4.849857229710731e-06,0.000268126629477443,-0.005510668418546782,-0.0004959757080812426,0.0,-1.5212480946908702e-05,0.0001120315687272497,True
4.325,-4.5844945566076395e-06,0.00026259014988579306,-0.03284975141684745,-0.0026789901973804384,0.0,-1.261213517320648e-05,0.0001330020975395683,True
4.3260000000000005,-4.338330608543608e-06,0.0002297367283374457,0.07000553609323797,0.005549921343905745,0.0,-1.6748569677533217e-05,6.111891777759324e-05,True
4.327,-4.073617875179088e-06,0.00029966133130265534,-0.052241992934120574,-0.004216725196726551,0.0,-1.2859561470699036e-05,0.00017095995365534863,True
4.328,-3.800075228060199e-06,0.000247426763467219,-0.07140261948295626,-0.005750919701125519,0.0,-7.838505314747631e-06,0.00016750266359653645,True
4.329,-3.5883405359982162e-06,0.0001760525236965276,0.01648597514820547,0.001275414185052053,0.0,-8.649085475910292e-06,8.772811432826082e-05,True
4.33,-3.40405589872573e-06,0.00019250572714458005,0.009005753463450476,0.0006822879581563246,0.0,-8.956429578339008e-06,0.00010168816072983463,True
4.331,-3.207056846130096e-06,0.00020148274654250547,-0.05204408270847879,-0.004197075710323544,0.0,-5.304161768164587e-06,0.00014620444014048207,True
4.332,-3.0315901996566543e-06,0.00014945697252137857,0.042713954640366404,0.003380482584338058,0.0,-7.891074255980213e-06,6.844683302481928e-05,True
4.333,-2.860792927277375e-06,0.00019212050194517626,-0.009757781029200087,-0.0008090622947935786,0.0,-7.0123294027390095e-06,0.00012016355109251634,True
4.3340000000000005,-2.6735559876542646e-06,0.00018234879888781442,-0.10112465072941765,-0.008116214210264651,0.0,-2.417660510300889e-07,0.00017536553261360955,True
4.335,-2.54175012992099e-06,8.128323946723265e-05,-0.05184944447700967,-0.0041839530717632835,0.0,3.152901870872208e-06,0.0001046452770115818,True
4.336,-2.486381216081921e-06,2.946546591071706e-05,0.01427760989902365,0.0011009897859417033,0.0,2.1720586713400376e-06,4.104674242018441e-05,True
4.337,-2.449781751678847e-06,4.3728524799648615e-05,-0.007275415344111845,-0.000620881876083209,0.0,2.613240713920044e-06,5.8104576259087755e-05,True
4.338,-2.4096906873772174e-06,3.645391900524857e-05,0.0036928192116845297,0.0002564255748426023,0.0,2.331549216082146e-06,4.640259895976153e-05,True
4.339,-2.3713926827542373e-06,4.013973267072323e-05,0.045069150831941934,0.003567663766186265,0.0,-6.233236493017734e-07,2.016812421037722e-05,True
4.34,-2.3087315649288175e-06,8.516889633030614e-05,-0.02488490382938005,-0.002022129206959486,0.0,1.0316929779735696e-06,8.058662753527393e-05,True
4.341,-2.2360018609601553e-06,6.029400280223418e-05,-0.016757904536151755,-0.001373645116053155,0.0,2.1147179673048085e-06,6.45915480641946e-05,True
4.3420000000000005,-2.184084725592782e-06,4.3542508804864205e-05,-0.015993284945152123,-0.0013135512196162564,0.0,3.1183909152890905e-06,5.5873900925800026e-05,True
4.343,-2.1485363447333454e-06,2.7556916134517025e-05,0.017697363121941683,0.0013804222254862766,0.0,1.9122646743810783e-06,2.6539838287865323e-05,True
4.344,-2.1121363686291255e-06,4.5237251169318987e-05,0.050626717911706004,0.004017547448441475,0.0,-1.3950039183677578e-06,1.1283443543423498e-05,True
4.345,-2.041600580823427e-06,9.581903439075275e-05,-0.044475573988811294,-0.003583296445432835,0.0,1.5459852173210735e-06,8.995746429532374e-05,True
4.346,-1.968011393610996e-06,5.136769294204508e-05,0.019118827028968957,0.001500246080385564,0.0,2.873977169228534e-07,3.1722460363074016e-05,True
4.347,-1.9070911698739641e-06,7.046569573056422e-05,0.044194074524478766,0.0035096542043882377,0.0,-2.5625724243569343e-06,2.2667020408584916e-05,True
4.348,-1.8145425370487118e-06,0.00011461706195095434,0.06496841279121485,0.0051785653050644255,0.0,-6.683119201856475e-06,2.7259388059521665e-05,True
4.349,-1.6674624103214498e-06,0.00017952145056544425,-0.05015011623137178,-0.004020481047827675,0.0,-3.238268821376595e-06,0.00012630111387163998,True
4.3500000000000005,-1.5130097444167431e-06,0.00012939062165067569,0.005086581550862333,0.00039521922326756637,0.0,-3.4665115861696197e-06,7.317669897618592e-05,True
4.351,-1.3810820011746152e-06,0.00013445865067187037,0.0278116592049132,0.0022162082984525378,0.0,-5.162771013648649e-06,6.178089211007926e-05,True
4.352,-1.232729772250627e-06,0.0001622333006487098,0.016098511114299524,0.001285159749321296,0.0,-6.0570728467203845e-06,8.136343067750547e-05,True
4.353,-1.0624574715542208e-06,0.0001783008988910442,0.04839019720049759,0.0038734876494187563,0.0,-9.021842158286006e-06,6.939200354362523e-05,True
4.354,-8.599807045100978e-07,0.00022663295986238252,-0.09623883130142355,-0.0076873902016115795,0.0,-2.5415549703090098e-06,0.00018135225158093487,True
4.355,-6.814507029229175e-07,0.00013044439487125642,-0.039724613596364235,-0.0031745818729772,0.0,1.0098454138169094e-07,0.00010921443977390433,True
4.356,-5.708632048328075e-07,9.073638101517951e-05,-0.062150545562938454,-0.004971430817000245,0.0,4.123572685553259e-06,0.00010695749267248403,True
4.357,-5.111893834662632e-07,2.8624551411713425e-05,0.022518892927405647,0.0017957449714594647,0.0,2.552665790448944e-06,2.7600226306423518e-05,True
4.358,-4.7131229733569893e-07,5.1122501193574045e-05,-0.004590807586352205,-0.0003696135281169901,0.0,2.779605244255646e-06,5.134715977166441e-05,True
4.359,-4.2248592599985607e-07,4.6529558719186945e-05,-0.09856206148118107,-0.007886986118116182,0.0,9.0870545839862e-06,0.00010615265192463635,True
4.36,-4.252135869308863e-07,-5.196015671844988e-05,-0.10734732582321713,-0.008601675129228341,0.0,1.5794445854260553e-05,6.880674702081695e-05,True
4.361,-5.30817625636934e-07,-0.00015921714729551163,0.05087643325997924,0.004041453885861413,0.0,1.2074397683604251e-05,-7.87862581299517e-05,True
4.362,-6.646037792036348e-07,-0.00010836285608370095,-0.0009885542161096278,-0.00010405074804447977,0.0,1.1816459893416665e-05,-3.258848992863177e-05,True
4.363,-7.734565939985672e-07,-0.00010933844771213065,-0.04313685313300506,-0.0034779910830578346,0.0,1.4297767575026585e-05,-1.2337609593859712e-05,True
4.364,-9.043481850457818e-07,-0.00015242905376002075,0.06804251021542601,0.005408831063452055,0.0,9.512947389943196e-06,-0.00010487984973094442,True
4.365,-1.0227679118992088e-06,-8.442296022522195e-05,0.023070936593478086,0.0018171343498370345,0.0,7.771985844611175e-06,-5.4977117789211563e-05,True
4.366,-1.0956582210151599e-06,-6.136069003914932e-05,0.002179331040465122,0.00014726135245423896,0.0,7.432487174962892e-06,-3.6663737803025636e-05,True
4.367,-1.1559275104307612e-06,-5.917617484569e-05,-0.0010072318656612535,-0.00010848638542213678,0.0,7.309693113666078e-06,-3.726809301414449e-05,True
4.368,-1.215604821778553e-06,-6.017596005472194e-05,-0.025844736357542593,-0.002096680910601988,0.0,8.800253155466625e-06,-2.552882568058921e-05,True
4.369,-1.28869419320422e-06,-8.599358781246383e-05,-0.04732531799695627,-0.003819541165771674,0.0,1.1643599151685526e-05,-2.6106026107428072e-05,True
4.37,-1.3983349458972968e-06,-0.0001332719869309504,-0.06243336933963481,-0.0050358322146286496,0.0,1.539121554384719e-05,-4.0161275985066916e-05,True
4.371,-1.562802433870648e-06,-0.00019564122982823146,0.04438952192483093,0.003499554362597415,0.0,1.2121379991918392e-05,-0.00013755271857010559,True
4.372,-1.7362530783122816e-06,-0.00015126464853865,0.036074852462682314,0.002836583883780326,0.0,9.481030045766594e-06,-0.00012038393270083286,True
4.373,-1.8694839838552696e-06,-0.00011520118203623919,-0.02883314495561496,-0.0023541264500029405,0.0,1.1118512149735105e-05,-6.998424421794745e-05,True
4.374,-1.999089944051141e-06,-0.0001439986790971684,-0.009483972898164487,-0.0008119812923377399,0.0,1.1460887345765073e-05,-9.784428131240938e-05,True
4.375,-2.147822752655559e-06,-0.00015345899573780548,-0.02813927869562017,-0.0023082181846859505,0.0,1.3005087449072096e-05,-9.464410966750623e-05,True
4.376,-2.3153383391994974e-06,-0.00018155887090665605,0.016707176770454225,0.0012731109870219484,0.0,1.1605663118918677e-05,-0.00013882140316229073,True
4.377,-2.488541147674116e-06,-0.00016484442952403283,0.022263630409300805,0.0017165153605430464,0.0,9.886866706201916e-06,-0.0001404958732911365,True
4.378,-2.642253355187438e-06,-0.0001425797873702034,-0.011582378076353348,-0.0009912603809860661,0.0,1.0409312087796247e-05,-0.0001146816304224635,True
4.3790000000000004,-2.7906159837653545e-06,-0.0001541370170831196,0.01587373390178687,0.001201171182385199,0.0,9.141703095522508e-06,-0.0001403233709367026,True
4.38,-2.93681447168856e-06,-0.00013825844592758047,0.03773698793941233,0.002949505361151283,0.0,6.4943630392516004e-06,-0.00015125034521713165,True
4.381,-3.0562090253923754e-06,-0.00010053561464934717,0.06696008772144375,0.005289730981500516,0.0,2.027129283887778e-06,-0.0001570972804773786,True
4.382,-3.123278189004478e-06,-3.3616926621541865e-05,-0.006772555793286172,-0.0006020575020595594,0.0,2.4571762289270387e-06,-8.555299298709313e-05,True
4.383,-3.1602783773639208e-06,-4.0380371813283785e-05,0.028170527644208927,0.0021919115561265697,0.0,6.127124846849202e-07,-0.00011040833358970553,True
4.384,-3.1865792757486268e-06,-1.2227476671204688e-05,-0.038486421536124756,-0.0031377394470540007,0.0,3.1360278774703683e-06,-5.766867557663176e-05,True
4.385,-3.218039526021984e-06,-5.0682230782000735e-05,-0.00774426936981598,-0.0006835481287475141,0.0,3.6006328596857945e-06,-9.248989176842676e-05,True
4.386,-3.2725899836741146e-06,-5.8414705866258795e-05,0.0013016692802830928,3.821715801256231e-05,0.0,3.46764556567643e-06,-0.00010209487596619636,True
4.3870000000000005,-3.3303520026686568e-06,-5.7107492879385126e-05,-0.00686913257789231,-0.0006163298414249468,0.0,3.868424712742237e-06,-9.741106131911521e-05,True
4.388,-3.390890140071798e-06,-6.39647975221295e-05,0.05665857394505766,0.004463974117380665,0.0,1.4423930195143228e-07,-0.0001406967945530155,True
4.389,-3.4265379433468725e-06,-7.343627063408665e-06,-0.02992210029651479,-0.0024563269419490357,0.0,2.129080246389275e-06,-6.42897473565657e-05,True
4.39,-3.448834587036226e-06,-3.724135003444878e-05,-0.027371575758652542,-0.0022562740452629895,0.0,3.895684486583093e-06,-7.777951701831937e-05,True
4.391,-3.4997532319867042e-06,-6.458719422822622e-05,0.06190576267339873,0.004881714992388751,0.0,-1.675251890599516e-07,-0.00014504721439817584,True
4.392,-3.533401174770233e-06,-2.7228951044329353e-06,0.06372324252141835,0.005033931433155071,0.0,-4.2388353522485935e-06,-0.00012150626245644464,True
4.393,-3.504278868785656e-06,6.095049720982109e-05,-0.010295512089086738,-0.0008794039270999023,0.0,-3.406638457974421e-06,-4.8279975187710263e-05,True
4.394,-3.4484757429736635e-06,5.065623531238515e-05,-0.04410837707097306,-0.003584663980813884,0.0,-4.0753212044973337e-07,-2.9144842210675187e-05,True
4.3950000000000005,-3.4198641586180934e-06,6.576879942093765e-06,0.05627062750995267,0.004440881871534139,0.0,-3.99183839358204e-06,-0.0001079867815109561,True
4.396,-3.385166801380173e-06,6.280247749375638e-05,0.10809201781020812,0.008593964719691058,0.0,-1.0837385256671665e-05,-0.0001161710528677964,True
4.397,-3.2683486954245514e-06,0.00017080235478440374,0.06350185285665784,0.005041814234589113,0.0,-1.4612693556757176e-05,-4.1302200263420056e-05,True
4.398,-3.065818281738001e-06,0.000234235020221594,-0.04979503179365751,-0.004010679070137294,0.0,-1.0951055221029407e-05,6.0659659948858016e-05,True
4.399,-2.856476647014477e-06,0.00018445284417394777,-0.011051744233688125,-0.0009134217770404368,0.0,-9.901088654408786e-06,2.2407508109962116e-05,True
4.4,-2.677553723835102e-06,0.00017338905855085576,0.042369213015041235,0.0033621477612003695,0.0,-1.2342877851409647e-05,-1.0499798750420327e-05,True
4.401,-2.4829975439706496e-06,0.00021570542673091117,-0.0603413339815251,-0.00484611602310577,0.0,-8.069099108166644e-06,7.549662257732499e-05,True
4.402,-2.2974552247741443e-06,0.0001553873329566584,0.039588027658153176,0.0031443344985611185,0.0,-1.0386440022964446e-05,-6.375352788575458e-06,True
4.4030000000000005,-2.122289967261557e-06,0.00019492672898645965,0.03140606917071579,0.00249767552172493,0.0,-1.2114496801038272e-05,1.87280690014357e-05,True
4.404,-1.9116756537057914e-06,0.00022628616064853803,0.03838773167688731,0.003063762711662106,0.0,-1.4251950504378974e-05,3.192338010999602e-05,True
4.405,-1.6662140629867388e-06,0.0002646182334644586,-0.05111797774921223,-0.004087675885055005,0.0,-1.0538190056841914e-05,0.00010876576294714161,True
4.406,-1.427151483926279e-06,0.0002135107364090857,0.02661757669811671,0.0021293386975077544,0.0,-1.196369778600652e-05,4.5131685494804324e-05,True
4.407,-1.2003468642568138e-06,0.00024008335499002353,-0.053080568062694476,-0.004239241685973377,0.0,-8.19206126091858e-06,0.00011018840575668344,True
4.408,-9.867990302517394e-07,0.0001870175711126528,-0.04402908399160535,-0.0035176469933394412,0.0,-5.111600420860611e-06,8.742343425342802e-05,True
4.409,-8.217915957479376e-07,0.0001430021137151914,-0.014653855304401012,-0.001169940419429721,0.0,-4.019417073362763e-06,5.412868094618099e-05,True
4.41,-6.861179707833232e-07,0.00012834371302127245,-0.08529759476565459,-0.006820756459163914,0.0,1.6173732559745741e-06,9.398318292182294e-05,True
4.4110000000000005,-6.0040575016229e-07,4.309882455753464e-05,0.007770348010284315,0.0006159923962667282,0.0,1.0727574987066888e-06,2.0811980556959306e-06,True
4.412,-5.53425381905002e-07,5.085821044663831e-05,0.008913305547228164,0.0007092057721575597,0.0,4.6809977837284776e-07,3.7051756146602676e-06,True
4.413,-4.981147362054517e-07,5.975878177597624e-05,-0.030004001670953934,-0.002402115145114896,0.0,2.399866298916853e-06,3.099017936822814e-05,True
4.414,-4.533524159038529e-07,2.9771676788469136e-05,0.03389861924513113,0.002707301797338837,0.0,1.3970668936144646e-07,-2.1643210325560512e-05,True
4.415,-4.0664133478840473e-07,6.364026695474835e-05,-0.004987398325032812,-0.0003986745779942464,0.0,4.585608139497831e-07,1.5471650670451636e-05,True
4.416,-3.454958594723704e-07,5.864963837868429e-05,-0.05227128713363496,-0.004180883939555857,0.0,3.8308962884984595e-06,4.262502598254212e-05,True
4.417,-3.129705102325151e-07,6.412899156356581e-06,0.07572971907546544,0.006053513604751814,0.0,-1.1793020717033705e-06,-5.9125159455230745e-05,True
4.418,-2.6871262722818684e-07,8.208229051890604e-05,0.03901545741401748,0.00312624964069356,0.0,-3.6772567827834856e-06,-6.542070492245023e-06,True
4.4190000000000005,-1.671358009104519e-07,0.00012105780951368608,0.06176394496331863,0.004952634089790744,0.0,-7.5832730600250425e-06,-4.10503397769037e-06,True
4.42,-1.521657111344286e-08,0.00018275952831898508,0.0019035973558435048,0.00017394503358571662,0.0,-7.509208668514792e-06,6.0266581168022434e-05,True
4.421,1.6848741140410597e-07,0.00018464107757397172,-0.09831816785846649,-0.007840263725963168,0.0,-9.48005405874155e-07,0.0001265212909384389,True
4.422,3.0398797566241065e-07,8.63795343024244e-05,-0.057584298564183053,-0.00459090655745643,0.0,2.7961943889938813e-06,6.33114237093589e-05,True
4.423,3.615870531938315e-07,2.883084750941261e-05,-0.016206940520997363,-0.0012865869730211707,0.0,3.758720841954517e-06,1.3843436426980929e-05,True
4.424,3.823175518471946e-07,1.2633421634529017e-05,0.0015608923772263766,0.0001332691167075031,0.0,3.544288172986168e-06,-5.299365092830172e-06,True
4.425,3.957305413845563e-07,1.4191664915101787e-05,-0.012029111728365427,-0.0009535027887345,0.0,4.215909794589394e-06,2.0829458913097334e-06,True
4.426,4.0391023737073667e-07,2.1704255302927664e-06,-0.04488696743176404,-0.003583426559204815,0.0,6.997990536608978e-06,1.593132461674177e-05,True
4.4270000000000005,3.8364873617373603e-07,-4.268145554961854e-05,-0.024441137485044045,-0.0019535070962183507,0.0,8.381454040606578e-06,-1.7316448506931184e-05,True
4.428,3.2875464896464914e-07,-6.709855631450306e-05,-0.0645757481239225,-0.005168194092990176,0.0,1.2328695499366859e-05,-5.491333142857339e-06,True
4.429,2.2938747712116645e-07,-0.00013161593238662453,-0.007680044487564214,-0.000626068496303351,0.0,1.2486237324326786e-05,-7.12925489955566e-05,True
4.43,9.393844752891004e-08,-0.00013927513281994649,-0.017573184741275675,-0.0014208769031849274,0.0,1.3282883961438924e-05,-7.347900981846027e-05,True
4.431,-5.4113500405443904e-08,-0.0001568188254325869,0.021476026126929962,0.0016982897880951885,0.0,1.153131252277856e-05,-0.0001102467342731818,True
4.432,-2.0019400260477605e-07,-0.0001353420700524085,-0.011844025395839062,-0.0009673665721203,0.0,1.198780696312111e-05,-8.60002747377339e-05,True
4.433,-3.414499409970153e-07,-0.00014716155496394837,-0.04227299741632695,-0.003405645278839776,0.0,1.4405679056344217e-05,-7.659561750732076e-05,True
4.434,-5.09731517584664e-07,-0.00018938473234038613,-0.030166975711797238,-0.0024452593921411494,0.0,1.5977388064578308e-05,-0.00010645052895127529,True
4.4350000000000005,-7.141848167855376e-07,-0.00021950666898162168,0.0069457232675943555,0.0005164617344276142,0.0,1.5106399953899883e-05,-0.0001477995635207427,True
4.436,-9.302121966158988e-07,-0.00021254173097746395,0.004460615660363516,0.0003146004255726994,0.0,1.4423546169317538e-05,-0.00014966349805383596,True
4.437,-1.1405168089911417e-06,-0.00020806072770895888,-0.015080403500090564,-0.0012519288698941609,0.0,1.5028489289939439e-05,-0.00014149918731792057,True
4.438,-1.356106029032841e-06,-0.0002231058667744981,0.031999405812562755,0.002508769852469489,0.0,1.2571188093488127e-05,-0.00018257488992197245,True
4.439,-1.5632121264144181e-06,-0.00019110656120435287,-0.0815106761032328,-0.006571924693878606,0.0,1.7536316118270737e-05,-0.00010429477707203942,True
4.44,-1.7950457276717898e-06,-0.00027253159215837605,0.018985263940995284,0.0014538065011225252,0.0,1.5862164243564663e-05,-0.00020532113570045197,True
4.441,-2.058079394280404e-06,-0.00025353062755687644,-0.05186163716031494,-0.004216400077229067,0.0,1.882671835587584e-05,-0.0001599435364706711,True
4.442,-2.337517889834069e-06,-0.000305322937172298,-0.028992790166639176,-0.002398137287808823,0.0,2.0234979202315654e-05,-0.0002015724471923164,True
4.4430000000000005,-2.6573182594862713e-06,-0.0003342585761819059,0.01651793951205228,0.001233492403151601,0.0,1.866273897945521e-05,-0.00024897331522802515,True
4.444,-2.9833096187080597e-06,-0.00031771605330099817,0.0661753777642553,0.0052022047216075595,0.0,1.3921523930152787e-05,-0.000280555750930325,True
4.445,-3.2679432312774794e-06,-0.0002515570374581011,0.014811077258451539,0.0010958763580181563,0.0,1.263963753697586e-05,-0.00022786360122971177,True
4.446,-3.5120891404895963e-06,-0.00023672933246304904,0.0630426734783159,0.004951788753840894,0.0,8.271883636056793e-06,-0.0002564562154565853,True
4.447,-3.717304607975709e-06,-0.00017370966144536525,-0.048840501431862006,-0.003994996756865967,0.0,1.1272272971768517e-05,-0.0001647334410644955,True
4.448,-3.915415345041231e-06,-0.00022249218846131908,-0.023937171382059308,-0.002012150249390845,0.0,1.258208730001058e-05,-0.00020278801933292488,True
4.449,-4.149861572405591e-06,-0.000246385501575831,0.004909382517717532,0.00028848683292500226,0.0,1.1991917349868578e-05,-0.00023418985584325623,True
4.45,-4.393784419641886e-06,-0.00024145227922322114,0.005166851735721083,0.00030528574579734616,0.0,1.1404870505299552e-05,-0.0002363220147766247,True
4.4510000000000005,-4.632645561599975e-06,-0.0002362623450055798,0.05182551329354477,0.004034301961974113,0.0,7.8150142869517e-06,-0.0002669487456411199,True
4.452,-4.842999730827153e-06,-0.00018445105768820762,0.08642536258535763,0.006804720884751136,0.0,2.083640696025023e-06,-0.0002703971205589016,True
4.453,-4.984253601377904e-06,-9.807298026438299e-05,-0.08991980390081135,-0.007295069634521437,0.0,7.93152912530483e-06,-0.0001265978107462743,True
4.454,-5.127259492715929e-06,-0.0001879109810670278,0.020992586332238307,0.0015645669179821346,0.0,6.439893143630494e-06,-0.00023250041204656393,True
4.455,-5.304672579581571e-06,-0.00016691378891387548,0.06603843088505172,0.005167560709702004,0.0,2.073126366521934e-06,-0.00025377844430857455,True
4.456,-5.4385780186599695e-06,-0.00010090856861690069,0.02567997562545181,0.0019443946174662375,0.0,4.3996520029156525e-07,-0.00020252712180844133,True
4.457,-5.526649475148028e-06,-7.523745929648805e-05,-0.07235258802579182,-0.005896715227731588,0.0,5.202164751482969e-06,-0.0001303008508869678,True
4.458,-5.638041648441251e-06,-0.00014752463899122523,0.06668643633287488,0.005215727200279102,0.0,8.314740902837741e-07,-0.00024573968464770005,True
4.4590000000000005,-5.752234829709213e-06,-8.087410343781799e-05,0.008481900051198716,0.0005653068847485933,0.0,3.5017167902181017e-07,-0.00018262558632667954,True
4.46,-5.828867150677492e-06,-7.238978584625584e-05,0.010044066020851387,0.0006899188986543655,0.0,-2.183909990511688e-07,-0.00017907338478628478,True
4.461,-5.896234794152327e-06,-6.234548585198218e-05,-0.061933101041326655,-0.005068261767903112,0.0,3.891653902058064e-06,-0.000128908458086699,True
4.462,-5.9895284353541325e-06,-0.00012422282930428096,0.0164897291190731,0.00119646007817296,0.0,2.8125705297949126e-06,-0.00020207622630146128,True
4.463,-6.1055060189672395e-06,-0.00010773211138043556,0.036410659174898545,0.0027900257722848214,0.0,4.737318732543103e-07,-0.00020798685048912713,True
4.464,-6.195038202922256e-06,-7.133799734908643e-05,0.002305723810937642,6.43866575405204e-05,0.0,4.0817132823048744e-07,-0.0001715372626843433,True
4.465,-6.265221262025115e-06,-6.90260670035136e-05,-0.08646926274655177,-0.007038598130481015,0.0,6.0958734610183e-06,-0.00011425316126342975,True
4.466,-6.37745695303654e-06,-0.0001554195086457385,0.06703301606180745,0.00522919671875245,0.0,1.6889485299348256e-06,-0.00024469317502454687,True
4.4670000000000005,-6.499371508009583e-06,-8.842177844300598e-05,-0.018516248048136338,-0.0016088991444082401,0.0,2.9438359354899036e-06,-0.00016492855411682448,True
4.468,-6.597043294987458e-06,-0.0001069135101158628,0.0360076763232387,0.0027490377053354187,0.0,6.344659249007819e-07,-0.00020606522878566566,True
4.469,-6.68595829530387e-06,-7.092215379446009e-05,-0.003051402121202193,-0.00037297007746698034,0.0,9.184851719416345e-07,-0.0001668256581078978,True
4.47,-6.75840270040415e-06,-7.396317956133388e-05,-0.03382078395067611,-0.0028361895462087235,0.0,3.1889649818127004e-06,-0.00014801899108829558,True
4.471,-6.8492647302665574e-06,-0.00010774902673108043,-0.06881171893199396,-0.005641154162912045,0.0,7.666325620313591e-06,-0.00013951181149912843,True
4.472,-6.9913977358018535e-06,-0.00017649446868484877,-0.0474308610695186,-0.003941493381048104,0.0,1.0640553947712075e-05,-0.00018161539163677936,True
4.473,-7.191588721027893e-06,-0.00022386815173382793,0.03740196240153319,0.0028358442169360938,0.0,8.042769652079674e-06,-0.0002562278282501742,True
4.474,-7.396757197280974e-06,-0.00018647045619829265,0.045602542507325795,0.003492685316291211,0.0,4.986751632554168e-06,-0.00024911415158396195,True
4.4750000000000005,-7.560431216089962e-06,-0.0001408828402681229,-0.024863329065748715,-0.002142060027981691,0.0,6.579888248620804e-06,-0.00018849785619785093,True
4.476,-7.713733993170575e-06,-0.00016571075838109806,-0.005693145443997446,-0.0006141841384025978,0.0,6.890728774694383e-06,-0.0002116721379452118,True
4.477,-7.882283636324673e-06,-0.00017138078997426997,0.038952809033031284,0.002953777922391746,0.0,4.303721949183411e-06,-0.0002434119510509036,True
4.478,-8.034191697145863e-06,-0.00013243937024016742,0.03270193445035088,0.0024556465810506244,0.0,2.193376322242485e-06,-0.0002250362535290508,True
4.479,-8.150283614545342e-06,-9.97482836819608e-05,-0.03197672567048897,-0.002716812952742769,0.0,4.331064404399799e-06,-0.00017178822044292114,True
4.48,-8.266008230939217e-06,-0.00013168862470433427,0.009611482497526923,0.0006043278166807278,0.0,3.7189874239668264e-06,-0.00021069685370576904,True
4.481,-8.39288867000043e-06,-0.00012206990008820567,-0.009351182909659255,-0.0009138150168433327,0.0,4.3535222069664165e-06,-0.0001955398677120923,True
4.482,-8.519627161052427e-06,-0.00013139999696729242,0.02382556338844805,0.0017369237825408251,0.0,2.8237270168573883e-06,-0.0002204724642717816,True
4.483,-8.639115628195278e-06,-0.00010757841177467416,0.034513611640672334,0.0025926754405333112,0.0,6.443700240449836e-07,-0.00021789260373004696,True
4.484,-8.729442150204364e-06,-7.307986939933763e-05,-0.04649823267233277,-0.0038857581568182207,0.0,3.7724714054025924e-06,-0.0001531435851054087,True
4.485,-8.82575634035256e-06,-0.00011953328622954873,0.0973653836058062,0.007616023079990604,0.0,-2.5012610473744893e-06,-0.0002611603124268161,True
4.486,-8.896627698980278e-06,-2.2231098105269484e-05,0.016055975613228662,0.0011216710187040158,0.0,-3.338610749435954e-06,-0.00017054331996745598,True
4.487,-8.910834138938807e-06,-6.185260400916151e-06,-0.0022900540704887903,-0.0003443415713881117,0.0,-2.9651751643198647e-06,-0.000150287188136223,True
4.488,-8.9181636007466e-06,-8.472816495722798e-06,0.08301422092918737,0.006479593991542064,0.0,-8.127776671033119e-06,-0.0002018727724240551,True
4.489,-8.885150513197231e-06,7.447701688548301e-05,0.05922652200697269,0.004587126293346523,0.0,-1.1611707124361349e-05,-0.00015029050966440646,True
4.49,-8.781078383475721e-06,0.0001336485475541997,-0.017717816396590133,-0.0015594468969232695,0.0,-1.0019920366243198e-05,-7.337006294529799e-05,True
4.491,-8.656289160163334e-06,0.00011592964913324543,0.05073598747558052,0.003916977351059491,0.0,-1.2907596591539537e-05,-0.00011754722120705676,True
4.492,-8.515009017914134e-06,0.00016661266714210811,-0.024448091657798023,-0.0020891239748892436,0.0,-1.085019589875158e-05,-4.460080819162072e-05,True
4.493,-8.360620303301186e-06,0.00014216508429913482,0.09389645974033184,0.0073782854238830225,0.0,-1.6517020649704387e-05,-0.00012224248159365666,True
4.494,-8.171536663914802e-06,0.00023597165313791031,-0.0014328644659617794,-0.00023340021885085956,0.0,-1.5859938915623e-05,-1.8624048798112554e-05,True
4.495,-7.936289917113623e-06,0.00023451338343049614,-0.07167892051718286,-0.005849025253871014,0.0,-1.0674414125406142e-05,3.2072523525996806e-05,True
4.496,-7.737606199895642e-06,0.00016286451210320736,0.1587690018308916,0.01258178697632559,0.0,-2.0559582126974057e-05,-0.00013400235835675495,True
4.497,-7.495404457831166e-06,0.0003214902345702082,0.04619525795690441,0.003599282184459817,0.0,-2.2891320434679098e-05,6.974203961349605e-06,True
4.498,-7.150840623209573e-06,0.0003676129834812373,-0.012334730716819292,-0.0010713800305455672,0.0,-2.137506436523834e-05,7.161119276606574e-05,True
4.499,-6.7894055872396695e-06,0.0003552466263794217,0.03140766914966638,0.0024330338265685274,0.0,-2.2739361186117033e-05,4.912024361280104e-05,True
4.5,-6.4184765864579645e-06,0.0003865896301254426,-0.02688818311180844,-0.0022201964718858657,0.0,-2.0297195912108966e-05,0.00010757566402738592,True
4.501,-6.045338567961411e-06,0.0003596791418419025,0.04771664535436624,0.003751677031147022,0.0,-2.275976690338282e-05,5.9526748637045245e-05,True
4.502,-5.6618269583836105e-06,0.0004073177866467204,-0.018991476325027786,-0.0015723528568555214,0.0,-2.0841593058464665e-05,0.00012931803271539036,True
4.503,-5.264015254454776e-06,0.0003882954589672522,-0.05506561465689823,-0.0044534059920559735,0.0,-1.6644943868908198e-05,0.00015325057506786148,True
4.5040000000000004,-4.903252880953879e-06,0.00033322952570466984,-0.02316299220676007,-0.001901310385313415,0.0,-1.463370223269346e-05,0.00011895559520719824,True
4.505,-4.58161133704419e-06,0.0003100472961383447,-0.013466541539015607,-0.0011225866516514427,0.0,-1.3310004880632153e-05,0.00010988227188564584,True
4.506,-4.278305442467195e-06,0.000296556491840796,0.003778218251154684,0.00026083474114886075,0.0,-1.3144000484135582e-05,9.92192624057438e-05,True
4.507,-3.9798719378200905e-06,0.0003002983909629048,0.06733686428994604,0.00535134725523047,0.0,-1.7104573146715117e-05,6.626915660640125e-05,True
4.508,-3.645933830865272e-06,0.00036754848855783534,0.027240585992798327,0.0021577258890952316,0.0,-1.8366974627654552e-05,0.00012414012139235956,True
4.509,-3.2647858901838946e-06,0.0003947263058038792,-0.06256118303664658,-0.005016293632258572,0.0,-1.3784676859050113e-05,0.00019790590261338866,True
4.51,-2.9013387516422286e-06,0.00033216998080594606,-0.022969477744370064,-0.001849921919382452,0.0,-1.1896105515366546e-05,0.00015425609905536387,True
4.511,-2.580660005856706e-06,0.00030918123252434413,0.10256894927090247,0.0081961658094697,0.0,-1.819554042745713e-05,7.155017327055493e-05,True
4.5120000000000005,-2.220232482850647e-06,0.0004116346852298224,-0.023344977649306976,-0.001858166234408291,0.0,-1.6175289294364587e-05,0.00019671809867237617,True
4.513,-1.8202796640425754e-06,0.0003882617974547247,0.08033891627648326,0.006440939683860461,0.0,-2.0932216062427504e-05,0.00012922535246631792,True
4.514,-1.391883793181718e-06,0.0004684938224082805,0.021071928379959977,0.0017169196208085208,0.0,-2.1729213680746174e-05,0.00020535097721404244,True
4.515,-9.128770320695337e-07,0.0004894964869124026,0.08001982156654039,0.006443893517175467,0.0,-2.633113354985496e-05,0.00018519030484128192,True
4.516,-3.834097312479362e-07,0.0005693982853178032,-0.08465841823408263,-0.006711247039650937,0.0,-2.0150698963704466e-05,0.00032900665232334705,True
4.517,1.4365995086479246e-07,0.0004847424773826792,0.009713607331614315,0.000837843562930633,0.0,-2.02580423638672e-05,0.0002449626527782759,True
4.518,6.332385423308171e-07,0.0004943939339132892,0.04666527678614966,0.003803947708723522,0.0,-2.2764047405153168e-05,0.00023318645669688297,True
4.519,1.1509344823857773e-06,0.0005409668901238743,0.006909034050786689,0.000638355571560744,0.0,-2.2635799560926758e-05,0.0002844993573727416,True
4.5200000000000005,1.6953338195010273e-06,0.0005478096588785184,-0.010492544229885582,-0.0007431503705744058,0.0,-2.1392557977763323e-05,0.0003063596859413886,True
4.521,2.237879391625952e-06,0.0005372637766705325,0.011691102217914766,0.0010400416596829125,0.0,-2.1628430148177247e-05,0.0002962126417058783,True
4.522,2.7809655482854917e-06,0.0005488852660249521,-0.03525481285478752,-0.0027044614165908686,0.0,-1.882563138560472e-05,0.0003377263179899141,True
4.523,3.3122119733162185e-06,0.0005135964845567442,-0.029145180997085077,-0.0022103630861003047,0.0,-1.650234378674118e-05,0.0003267331779557009,True
4.524,3.81122417152766e-06,0.0004844164940024653,-0.0610350595055343,-0.004756072746074949,0.0,-1.2183594978149365e-05,0.0003406942727478663,True
4.525,4.265120802217463e-06,0.00042337500641456666,0.037211925178326034,0.0031045311894757456,0.0,-1.4352101346765169e-05,0.00025935742471867374,True
4.526,4.707076252257688e-06,0.00046051003720838776,-0.10876869220854642,-0.008561506799678069,0.0,-7.0129674627045615e-06,0.00036904876944562887,True
4.527,5.113212882393806e-06,0.00035177517599905027,-0.04633983577941969,-0.003572936009350601,0.0,-3.921153802344026e-06,0.00028922307487060854,True
4.5280000000000005,5.441816968931431e-06,0.0003054322599807364,-0.06847700819926315,-0.0053435560793025985,0.0,5.167380700321998e-07,0.0002848831165229737,True
4.529,5.71301703020221e-06,0.00023697480651941103,0.0025995473231868677,0.00033923506918091855,0.0,2.2740940474309412e-07,0.00021202626155484455,True
4.53,5.951282053146549e-06,0.0002395456619056273,-0.057101340656222764,-0.004432238696112509,0.0,3.809821847614755e-06,0.000248290649487196,True
4.531,6.162282870437336e-06,0.00018246233063194106,0.054287544959572005,0.004475820168109466,0.0,7.770530285687386e-08,0.00015340188408449003,True
4.532,6.371868058035025e-06,0.00023668662965923245,0.09798329440147031,0.007981759572721363,0.0,-6.38746008849645e-06,0.00014549026418599206,True
4.533,6.657512057243734e-06,0.00033456618826415276,-0.07874792385885629,-0.006139850749086418,0.0,-1.2348998842990456e-06,0.0002946047075031959,True
4.534,6.952712159911369e-06,0.0002558426274829891,-0.042770361936267494,-0.003265779020725036,0.0,1.4444527607823332e-06,0.00024061259595238517,True
4.535,7.1871711054783865e-06,0.00021307716260078618,-0.1040674795417281,-0.008170460023927543,0.0,8.019273956976796e-06,0.0002599832200860998,True
4.5360000000000005,7.348233523657288e-06,0.00010906763551139183,-0.015747513351606054,-0.0011144447484412864,0.0,8.6943914953955e-06,0.00015964806037608664,True
4.537,7.4494273970252555e-06,9.332025323437171e-05,-0.011127340904062923,-0.0007448991487904546,0.0,9.051148941915023e-06,0.00014541623105480993,True
4.538,7.537183366721274e-06,8.219117754278054e-05,0.06366918297130904,0.0052390668796108405,0.0,4.552479231325658e-06,8.921553284172492e-05,True
4.539,7.651189546511018e-06,0.00014580100497760406,-0.09201850320962102,-0.0072062627243351714,0.0,1.025849214730847e-05,0.00020752940144851668,True
4.54,7.750999693068986e-06,5.383853514996165e-05,0.038462273493210485,0.003222960498150076,0.0,7.35808103531991e-06,8.49609009576424e-05,True
4.541,7.82405737423124e-06,9.22644814081347e-05,-0.08509301121845955,-0.006655536126971626,0.0,1.2538650501502444e-05,0.0001724393576992408,True
4.542,7.873793954431876e-06,7.228072273248603e-06,0.03735182504662494,0.0031307416635825585,0.0,9.64829063823512e-06,5.672839708897436e-05,True
4.543,7.899687983649485e-06,4.454968507339377e-05,0.015682047248049693,0.0014021041257584735,0.0,8.239550315889613e-06,7.952192720217746e-05,True
4.5440000000000005,7.95207295629938e-06,6.021437978823693e-05,0.022907184160165864,0.001982937771601246,0.0,6.400423163940315e-06,7.663469757932411e-05,True
4.545,8.02373273157188e-06,8.309676316719119e-05,0.01377682625194674,0.001256544900904096,0.0,5.201589389331402e-06,8.760770326116385e-05,True
4.546,8.113711220832243e-06,9.685340218217628e-05,0.004740184461766171,0.0005368839671781353,0.0,4.619452064793156e-06,9.55757514766794e-05,True
4.547,8.21292985556377e-06,0.0001015789653014146,-0.042536387160465275,-0.0032428887596009045,0.0,7.114357277208657e-06,0.00012416428276585797,True
4.548,8.29324784838984e-06,5.9064636696684635e-05,0.049179749825754425,0.0040907462037349735,0.0,3.6003907116724003e-06,4.687471663953337e-05,True
4.549,8.376887394519113e-06,0.00010819903596222304,-0.020257330394668656,-0.0014568185741566815,0.0,4.677965528877378e-06,0.00010703481738990285,True
4.55,8.474958961687648e-06,8.79454839724526e-05,-0.048236680236621976,-0.0036958316995426865,0.0,7.537967881939709e-06,0.00011407056761349151,True
4.551,8.538795315689622e-06,3.9736881946529995e-05,0.010921628998535875,0.0010321970613988668,0.0,6.488554167553671e-06,5.4823146034022447e-05,True
4.5520000000000005,8.583988690787527e-06,5.0645446482437766e-05,-0.0548244418225036,-0.004225366095788221,0.0,9.726017082471762e-06,9.677215434014345e-05,True
4.553,8.607234232816478e-06,-4.141537843685014e-06,0.034306357848869116,0.0028989418595589834,0.0,7.103059627050309e-06,1.5481942596126772e-05,True
4.554,8.62023713415131e-06,3.0138283254701502e-05,-0.03737200448083528,-0.0028309794960615343,0.0,9.194049432001543e-06,7.004524118771319e-05,True
4.555,8.631697975263828e-06,-7.207694631589493e-06,-0.039943398801973694,-0.0030409662639589376,0.0,1.1395810188146388e-05,5.2972423174494524e-05,True
4.556,8.604529207992813e-06,-4.71188436584107e-05,0.060629625172684276,0.004999597278319603,0.0,7.024595099154706e-06,-3.020452880790624e-05,True
4.557,8.58771122308977e-06,1.3468358238320905e-05,-0.03942699441601593,-0.0029979645482770597,0.0,9.253019163775472e-06,5.246314043716642e-05,True
4.558,8.581475801926443e-06,-2.5929117712636054e-05,0.06788141592748662,0.005581868344508089,0.0,4.471056398398767e-06,-3.3636244978013144e-05,True
4.559,8.589470763776462e-06,4.190178446804016e-05,0.011759268769775526,0.0011003801894661832,0.0,3.45335019320837e-06,2.5723570277457355e-05,True
4.5600000000000005,8.63724756294381e-06,5.3647086046186496e-05,0.07648626731001823,0.006280809491259989,0.0,-1.7301937323157456e-06,-1.1404115212751877e-05,True
4.561,8.729115940178696e-06,0.0001300671190759673,-0.008171263970341486,-0.00048096897641498627,0.0,-1.2917113379464846e-06,7.183631242157083e-05,True
4.562,8.855094670237132e-06,0.00012188766172010688,0.012780314251761583,0.0011964433636116078,0.0,-2.223884185544445e-06,5.635743720526805e-05,True
4.563,8.983364606313996e-06,0.00013464421137343534,-0.001243067329964977,7.841248188126599e-05,0.0,-2.22435101581749e-06,7.118267268781119e-05,True
4.564,9.117382559062007e-06,0.00013338698283918836,-0.012524679297374339,-0.0008218550197861283,0.0,-1.4958430762711413e-06,7.88741598567724e-05,True
4.565,9.24450544953091e-06,0.00012085716342550856,0.026270880648560504,0.0022825744095874576,0.0,-3.3016891506986454e-06,5.0704969976756096e-05,True
4.566,9.378486711289851e-06,0.00014709377696202656,-0.08169110181954344,-0.006348824131524814,0.0,1.932629271810883e-06,0.00012972425754988415,True
4.567,9.48475060436497e-06,6.54504344962183e-05,-0.0390343585726076,-0.002944169122790492,0.0,4.26180101130652e-06,7.087366206537588e-05,True
4.5680000000000005,9.53069152698127e-06,2.643944039513507e-05,0.0071038224626011025,0.0007430309773411672,0.0,3.5393767094952687e-06,2.538185743481623e-05,True
4.569,9.560680045612528e-06,3.3534698565663385e-05,0.02123268295888574,0.0018747310413597645,0.0,1.9210696437526784e-06,1.803763523303153e-05,True
4.57,9.604824323341442e-06,5.474689864592652e-05,-0.02905834333054739,-0.002145211000786134,0.0,3.6036393305986624e-06,5.7010478623392504e-05,True
4.571,9.645047532366855e-06,2.570527121843592e-05,-0.009549622222715643,-0.0005872742896884358,0.0,3.9770376408152476e-06,3.2339845149891724e-05,True
4.572,9.66597950492573e-06,1.616027513146139e-05,-0.08615514251237881,-0.0067164845368858665,0.0,9.302777089768554e-06,7.493102503954415e-05,True
4.573,9.639083941430982e-06,-6.992887201355479e-05,-0.042856845709801465,-0.0032634356104799863,0.0,1.1681593617977531e-05,1.0912346503953128e-05,True
4.574,9.54774037988838e-06,-0.00011274412230942763,-0.040676220075186606,-0.0030957675738540686,0.0,1.3857230700750693e-05,-1.1719915745593515e-05,True
4.575,9.414672920441667e-06,-0.00015337564911672465,0.021410456116381087,0.00186389552398443,0.0,1.1955288515721783e-05,-7.168444370759843e-05,True
4.5760000000000005,9.272002697483305e-06,-0.00013196479929360205,0.01593847972559679,0.0014261386506872102,0.0,1.0461706532938404e-05,-6.463417814494184e-05,True
4.577,9.148007952327772e-06,-0.00011602402635650992,-0.004154231755493891,-0.00018159728046039257,0.0,1.0312263255049779e-05,-4.9879487394915275e-05,True
4.578,9.029912236477319e-06,-0.00012016194239426403,-0.08158864165370137,-0.006378972345126829,0.0,1.5185172673025558e-05,-7.0814222559012266e-06,True
4.579,8.86898163204426e-06,-0.0002016728546631327,-0.024700755636479953,-0.0018406195241011756,0.0,1.6245203831361818e-05,-7.996848070789773e-05,True
4.58,8.65497236390171e-06,-0.0002263314919776656,-0.031265074131798534,-0.0023725762070309717,0.0,1.7705927777056804e-05,-9.17036768019515e-05,True
4.581,8.413024925553809e-06,-0.0002575465083738645,0.022062696358586514,0.001885544576342026,0.0,1.5677383608199302e-05,-0.00014382234679811854,True
4.582,8.166513699288064e-06,-0.00023547221854036703,-0.013883696564460635,-0.0009919551447945098,0.0,1.6036287833711476e-05,-0.00011873295644050862,True
4.583,7.924112059144533e-06,-0.00024931851040115466,0.021800250338617853,0.0018567358229058914,0.0,1.4078388321901117e-05,-0.00015223889519386344,True
4.5840000000000005,7.685697367454627e-06,-0.00022750738518691148,0.15096191578668675,0.012187994929326693,0.0,3.8105838517851398e-06,-0.00022919080112948374,True
4.585,7.533640326894453e-06,-7.663870976516975e-05,0.031422395697490814,0.002640200536511545,0.0,1.5647773972717594e-06,-9.673637679093609e-05,True
4.586,7.472707540613879e-06,-4.523242915767825e-05,-0.029578777156452185,-0.0022372213282840464,0.0,3.3319467247045814e-06,-4.602663560981317e-05,True
4.587,7.412695087680302e-06,-7.478283893740669e-05,0.020128180926361487,0.0017347090450146757,0.0,1.832896376219289e-06,-8.863772262453299e-05,True
4.588,7.3479739236509916e-06,-5.4662092135504134e-05,-0.0819019998138779,-0.006426455905540775,0.0,6.984559965185362e-06,-1.6868186501163486e-05,True
4.589,7.252384116321207e-06,-0.00013649348083328208,0.021507317195581417,0.0018347490720403013,0.0,5.300990191240593e-06,-0.0001147639631788239,True
4.59,7.1266438342277215e-06,-0.00011498774442908073,-0.002573832508360398,-9.142554098422252e-05,0.0,5.224788478115736e-06,-9.247955055661791e-05,True
4.591,7.010374151314372e-06,-0.00011754662166849418,-0.011191524558685597,-0.0007832408245714084,0.0,5.710920646405095e-06,-8.909812638064214e-05,True
4.5920000000000005,6.887239075464325e-06,-0.00012871612027412952,0.019343794518050173,0.0016560279303694761,0.0,4.208159388920354e-06,-0.00011362682007037765,True
4.593,6.768194662010438e-06,-0.00010937307814456174,-0.008540104204548062,-0.0005745056018250045,0.0,4.55408653322221e-06,-8.928604236002758e-05,True
4.594,6.6545578460048674e-06,-0.00011789416236792341,0.018844201077866263,0.001613170827973238,0.0,3.1188121553792826e-06,-0.00011029454623586074,True
4.595,6.546085317601069e-06,-9.905153728896378e-05,0.015740341996654108,0.0013651707109744724,0.0,1.9250233809560053e-06,-0.00010107978521715865,True
4.596,6.45490358317462e-06,-8.331244694907158e-05,0.004014913941161676,0.0004273838861561886,0.0,1.5244082356202573e-06,-8.717552954067355e-05,True
4.597,6.373600675249403e-06,-7.929132534471417e-05,0.022918462786633887,0.0019386868760438347,0.0,-8.85805613761345e-08,-9.671022037074914e-05,True
4.598,6.305765611279992e-06,-5.638198596336071e-05,0.0002470322643088094,0.00012650052383214133,0.0,-1.8849975504737062e-07,-7.234248026227902e-05,True
4.599,6.249509190929554e-06,-5.6128808453217175e-05,-0.0387483050042304,-0.0029941086919160853,0.0,2.2412218508981705e-06,-4.656268160943413e-05,True
4.6000000000000005,6.174018380724184e-06,-9.484030356572543e-05,0.022693475369483372,0.0019152295239838182,0.0,6.269123053392601e-07,-9.949126045593755e-05,True
4.601,6.090522486028232e-06,-7.215402616164871e-05,0.006207312263420603,0.0005975559026827585,0.0,1.2529462649745237e-07,-7.940759147197701e-05,True
4.602,6.021473211319925e-06,-6.594348653658438e-05,0.035986660917942434,0.0029794061728547635,0.0,-2.2907308672532965e-06,-9.430471687520913e-05,True
4.603,5.973516196529301e-06,-2.9977735816847063e-05,0.007487936011832841,0.0007029608441861331,0.0,-2.7950104331093837e-06,-6.0345582020396e-05,True
4.604,5.947281610980493e-06,-2.2492322790672515e-05,-0.037373470263662265,-0.002885525630830213,0.0,-3.7934161044619183e-07,-2.7041926191463538e-05,True
4.605,5.906113086443883e-06,-5.983384743327621e-05,-0.09457497462490987,-0.0074668679961287935,0.0,5.6774559219379475e-06,-4.512624806671435e-06,True
4.606,5.7990185161436565e-06,-0.0001543276545606736,-0.07264446842151048,-0.005725694458977534,0.0,1.0152746206723135e-05,-5.606324988354118e-05,True
4.607,5.608393247837619e-06,-0.00022689759187995986,0.021336917350225273,0.0017806767554535037,0.0,8.42317303045689e-06,-0.00014591899349045931,True
4.6080000000000005,5.392167087839119e-06,-0.0002055519560114326,-0.03869802078317971,-0.0030234488897946444,0.0,1.0632596377605597e-05,-0.00010269941254832009,True
4.609,5.167283860415073e-06,-0.00024419640509443984,0.022405476183853894,0.00185614563558445,0.0,8.828315803677948e-06,-0.00015908489434348215,True
4.61,4.934293538023867e-06,-0.00022178110634444936,0.052771385248248266,0.004283914370782957,0.0,5.10936404342557e-06,-0.0001718450936020021,True
4.611,4.738892755345502e-06,-0.00016902631985990518,0.03190922489612751,0.0026177549029032313,0.0,2.8449246552287068e-06,-0.00013930015951241128,True
4.612,4.585819110580005e-06,-0.00013712320501918507,-0.060611069672199765,-0.004782795614387844,0.0,6.637008259645581e-06,-6.922441485873615e-05,True
4.613,4.4184112262305215e-06,-0.00019767114953829945,0.036663486278297845,0.002988889766391381,0.0,4.02876125116058e-06,-0.00015480167853567988,True
4.614,4.239069723565176e-06,-0.00016101429450810571,0.01195097918542793,0.001013059874517435,0.0,3.0942944347168106e-06,-0.00012560827348938964,True
4.615,4.084033855756743e-06,-0.00014905461718789346,-0.06884373073493763,-0.005451872403453936,0.0,7.421073461630858e-06,-7.066043984162144e-05,True
4.616,3.9005808105420046e-06,-0.00021782740127898164,-0.03446024499854567,-0.0027127484334473753,0.0,9.40731707482138e-06,-0.00012060346235531343,True
4.617,3.6655403871234986e-06,-0.00025223602984656356,0.05277805935922312,0.004257956152124485,0.0,5.692975172195281e-06,-0.00019098837837542112,True
4.618,3.4396891578993934e-06,-0.00019947115010201128,0.07691151048285917,0.006190898705458682,0.0,5.187623491300845e-07,-0.00018665268714956426,True
4.619,3.2786612986893002e-06,-0.00012259774757193795,-0.011081611034828591,-0.0008422247091185125,0.0,1.186023909372157e-06,-0.00010089613111811884,True
4.62,3.1505302145454124e-06,-0.00013365685120933274,0.023779464088541955,0.0019430278488000538,0.0,-4.2089000611616636e-07,-0.0001260139554259232,True
4.621,3.0287619400635483e-06,-0.00010988107526755796,-0.0206862617559678,-0.0016135689545883872,0.0,8.975716172056579e-07,-8.755937084677638e-05,True
4.622,2.9085472164729323e-06,-0.00013053869971793868,-0.006827674858471785,-0.0005095247827473827,0.0,1.2847050391855645e-06,-0.00010323727216123143,True
4.623,2.774601342979369e-06,-0.00013734632254559082,-0.028413574789096317,-0.0022396247176595476,0.0,3.061757704196134e-06,-9.16688591638863e-05,True
4.624,2.623060748702081e-06,-0.0001657220896460294,0.005384668268327122,0.00045810190418528376,0.0,2.6040545270041107e-06,-0.00012373355683037717,True
4.625,2.4600358092945904e-06,-0.0001603230255668831,0.024987603543570776,0.002024050164984939,0.0,8.913483946720597e-07,-0.00013367938693704644,True
4.626,2.3122061165413276e-06,-0.0001353370627040826,-0.09141524960894513,-0.007287840706142357,0.0,6.7671731010111985e-06,-5.062078261997592e-05,True
4.627,2.131190204529634e-06,-0.00022666514211865533,0.05628747058939978,0.0045141592537792765,0.0,2.9202011882057986e-06,-0.0001796526267495573,True
4.628,1.932662700175296e-06,-0.00017039648862414002,-0.05103801367458773,-0.004068700743998761,0.0,6.131936979632161e-06,-9.101819149651418e-05,True
4.6290000000000004,1.7367668253859678e-06,-0.00022137517076614913,-0.053546464523835484,-0.00427902037954183,0.0,9.422951218704797e-06,-0.00011061501985808987,True
4.63,1.4886406044079712e-06,-0.0002748545972354964,0.03937454493402571,0.0031437765739331406,0.0,6.610335942115478e-06,-0.0001920262407864788,True
4.631,1.2334733737405126e-06,-0.00023548013878063565,0.050344407347214334,0.004021497491850799,0.0,3.1667252135123677e-06,-0.00018517965963768174,True
4.632,1.0231612124663815e-06,-0.00018514887958809146,0.023802623814714215,0.0019004089414509612,0.0,1.5381872994039514e-06,-0.00014921796122998812,True
4.633,8.499144136909197e-07,-0.0001613441722998596,-0.018848480428168245,-0.0015119412754830061,0.0,2.7188388945487837e-06,-0.00011280359059276958,True
4.634,6.791569363721008e-07,-0.00018015967533849175,0.0170345714113549,0.0013533713767224708,0.0,1.5459395115271818e-06,-0.00014233408835114637,True
4.635,5.075168834486475e-07,-0.0001631182543341874,0.06932265449165706,0.005535373472714537,0.0,-2.9799563229813114e-06,-0.00016768218040441688,True
4.636,3.7904809693646573e-07,-9.383182220942194e-05,0.023434665298554005,0.0018703362709640461,0.0,-4.409946444163255e-06,-0.00010970018042745841,True
4.6370000000000005,2.969310485808317e-07,-7.040505165997528e-05,0.021857109890981496,0.0017454649439537777,0.0,-5.698300143279096e-06,-9.649235874944604e-05,True
4.638,2.3745152392693946e-07,-4.855722897395712e-05,-0.06164798796337027,-0.004933391777115811,0.0,-1.5421606435782227e-06,-3.23746735734449e-05,True
4.639,1.5808810535192683e-07,-0.00011015123413446785,0.019333413998743103,0.0015363005576996469,0.0,-2.7424237489826026e-06,-0.00010487122811593569,True
4.64,5.7602694547360504e-08,-9.082065182037854e-05,-0.01594149309243273,-0.0012851810771112111,0.0,-1.6240707867756373e-06,-7.313657535200279e-05,True
4.641,-4.118116599170069e-08,-0.00010673938538616455,0.008939994974834433,0.0007016496107525643,0.0,-2.146181825816461e-06,-9.304136148240519e-05,True
4.642,-1.4344887063759072e-07,-9.779442510083084e-05,0.04759869272410639,0.003793578007244935,0.0,-5.157081941882339e-06,-0.00011169215309179586,True
4.643,-2.1745262490920905e-07,-5.022220099805009e-05,-0.0665686333571347,-0.005335431479938909,0.0,-6.90742388922994e-07,-1.8944574937625883e-05,True
4.644,-3.0093999996107115e-07,-0.00011673279131479977,-0.013437130005922664,-0.0010943952554308884,0.0,2.1498331070712214e-07,-7.656652578693593e-05,True
4.6450000000000005,-4.243834964448485e-07,-0.0001301462193667637,-0.053418977903996384,-0.00429677468157973,0.0,3.6880604489297787e-06,-5.606396827640299e-05,True
4.646,-5.812204755712007e-07,-0.0001835085174955021,0.05272737616650738,0.004185707102660849,0.0,1.9430399680557543e-07,-0.00014355941387283696,True
4.647,-7.383720972146332e-07,-0.00013080200888677037,-0.030274248544389995,-0.0024509268223674757,0.0,2.1733535372746286e-06,-7.066582386242907e-05,True
4.648,-8.842984775926632e-07,-0.0001610377210652454,-0.013863530472124104,-0.0011443243368944257,0.0,3.0383389324890527e-06,-9.269276712432146e-05,True
4.649,-1.0522583326905134e-06,-0.0001748722322449529,-0.05164713146434891,-0.004171695835005736,0.0,6.330123525500081e-06,-7.501282048332449e-05,True
4.65,-1.2529341842852674e-06,-0.00022645904948187854,0.05722165397164527,0.004528004416476662,0.0,2.484326974998733e-06,-0.00016471219838858195,True
4.651,-1.450788754253517e-06,-0.0001692569710714685,-0.13063792792085704,-0.010497459267773703,0.0,1.0913887965807436e-05,-2.582353391379714e-05,True
4.652,-1.6853244725639262e-06,-0.0002997730427340468,0.053291594317443146,0.004197018939761215,0.0,7.206191594500168e-06,-0.00019484555318957495,True
4.6530000000000005,-1.9584542983768966e-06,-0.0002464896870923853,0.09274103711684253,0.007354452029525532,0.0,1.046945654959246e-06,-0.0002010364560459148,True
4.654,-2.158588273025886e-06,-0.0001537939304590702,-0.014855598250881515,-0.0012457577206400755,0.0,2.0259858352964947e-06,-9.769796609323775e-05,True
4.655,-2.3198003857226477e-06,-0.00016862054306780003,0.0033559196721327767,0.00020648270165947848,0.0,1.8013767616974212e-06,-0.00011479899422051331,True
4.656,-2.48673751818229e-06,-0.00016524830485596342,0.0007917772492633006,-1.248891968932782e-06,0.0,1.75133684696829e-06,-0.00011182866502137603,True
4.657,-2.651583945218989e-06,-0.00016443857001821583,-0.004753630557875511,-0.0004477515840461686,0.0,2.064255708832483e-06,-0.00010798828828895664,True
4.658,-2.8183919338549115e-06,-0.00016916996926160234,0.011913798356195587,0.0008820724173748662,0.0,1.2915258568616303e-06,-0.00012027656322030806,True
4.659,-2.9816017514680514e-06,-0.00015724652646808098,0.04759140845135849,0.003734774261406085,0.0,-1.7691848041879586e-06,-0.00013762167530522262,True
4.66,-3.1150590187368626e-06,-0.00010967489601154838,0.007807879847414496,0.0005553983379345105,0.0,-2.1687612169717092e-06,-9.28501740317345e-05,True
4.6610000000000005,-3.2208278879952533e-06,-0.00010186082969550378,0.07584439294227273,0.0059973532338344435,0.0,-6.96345481311781e-06,-0.00013047038782967497,True
4.662,-3.2847823678999327e-06,-2.6064680247612782e-05,-0.0003202962974490107,-8.787754804783318e-05,0.0,-6.694954030521084e-06,-4.9906433242950216e-05,True
4.663,-3.311006136190471e-06,-2.6381793684842746e-05,0.015103778725115358,0.001145538372315619,0.0,-7.432779926267952e-06,-5.603534867643744e-05,True
4.664,-3.3298389676931142e-06,-1.1286936686165541e-05,0.06720170559593161,0.005314844913853712,0.0,-1.1525652490182392e-05,-7.875818152918806e-05,True
4.665,-3.30754205262214e-06,5.586314376976329e-05,-0.05021361785434639,-0.004069921608042539,0.0,-7.903531481924155e-06,2.595835007841397e-05,True
4.666,-3.2767747924122613e-06,5.682767559459477e-06,0.032606569359036025,0.002550225534566597,0.0,-9.744504706781849e-06,-4.1119599767355054e-05,True
4.667,-3.254797407469215e-06,3.826303340523569e-05,0.05477964796162209,0.004328377047603949,0.0,-1.297310339736208e-05,-3.762280333274161e-05,True
4.668,-3.189160187744445e-06,9.299526211037171e-05,0.04210132223275139,0.0033218603266939556,0.0,-1.5295210043342875e-05,-2.499135811515189e-06,True
4.6690000000000005,-3.075128666615736e-06,0.00013505298997623617,-0.02851243793996059,-0.002320140992398782,0.0,-1.2983085878228881e-05,6.471539096119052e-05,True
4.67,-2.9543295654568716e-06,0.00010654780850847329,0.059736121096450844,0.00473849749255886,0.0,-1.6451984248124306e-05,4.575795313021308e-06,True
4.671,-2.8179331789008115e-06,0.0001662249310696429,-0.04855732915390403,-0.00391536213780418,0.0,-1.2815399967566791e-05,0.0001024094838410487,True
4.672,-2.6759805535004977e-06,0.00011768713063713409,-0.001480485607781691,-0.00015248404290908816,0.0,-1.2328741634146608e-05,5.989036627305909e-05,True
4.673,-2.5590376934175193e-06,0.0001161945773786242,-0.022670108655164806,-0.0018457280216092648,0.0,-1.0484827481268554e-05,7.781489789289468e-05,True
4.674,-2.454176648095033e-06,9.352924718696262e-05,-0.049638554058878806,-0.004004035994713579,0.0,-6.945552212800555e-06,9.025414168753012e-05,True
4.675,-2.3854573136226797e-06,4.3919246901870494e-05,-0.07568442190229813,-0.006092421674200835,0.0,-1.815579741829823e-06,9.006835262040333e-05,True
4.676,-2.3793623004745863e-06,-3.171054237092213e-05,0.026037359245878928,0.002036354953177261,0.0,-3.412996472366841e-06,-2.0321220266945455e-06,True
4.6770000000000005,-2.3980597255222114e-06,-5.690111466722196e-06,-0.022928588950033746,-0.001878135004438106,0.0,-1.795514787370124e-06,3.9758614422624366e-05,True
4.678,-2.415207973211584e-06,-2.8600013587232197e-05,0.08746019757637176,0.006949910060961465,0.0,-7.372087292150295e-06,-3.735290265077671e-05,True
4.679,-2.4000994927016613e-06,5.879456016169416e-05,-0.029835051322755622,-0.0024229505494696765,0.0,-5.201258462437796e-06,7.245880208922085e-05,True
4.68,-2.356216926501152e-06,2.8976380960751096e-05,-0.00292403687579982,-0.0002728576890257162,0.0,-4.832916976436954e-06,4.607727652269293e-05,True
4.681,-2.32870289203717e-06,2.6051387433223973e-05,-0.08502904158469975,-0.006841113812340663,0.0,8.434116928067353e-07,9.779781753371533e-05,True
4.682,-2.345144955520789e-06,-5.8913657307896084e-05,0.0630180021899944,0.004992157927123231,0.0,-3.2227238022308896e-06,-2.8072595204105144e-05,True
4.683,-2.3725637426863922e-06,4.0613679501695605e-06,0.013370487801043801,0.0010274202408691693,0.0,-3.963310772102216e-06,2.8248545810052833e-05,True
4.684,-2.361820749796676e-06,1.742087521320654e-05,0.0011094992430287698,4.8337670971546195e-05,0.0,-3.8901300384568465e-06,4.237251917567591e-05,True
4.6850000000000005,-2.3438460656721452e-06,1.8527542340534716e-05,0.017456221358999685,0.0013565317846187404,0.0,-4.878289741511706e-06,3.388390085127159e-05,True
4.686,-2.316595633245299e-06,3.596794069215031e-05,-0.013221828595420652,-0.0010951288561490094,0.0,-3.853294602157925e-06,6.141301773628763e-05,True
4.687,-2.2872365269705905e-06,2.27524746635382e-05,-0.007644229684133133,-0.0006499783352564967,0.0,-3.2177936739538567e-06,5.401640148835756e-05,True
4.688,-2.2683050380415345e-06,1.5111703403716817e-05,0.0671868098638695,0.005335928702833259,0.0,-7.447191183463876e-06,5.366284238574025e-06,True
4.689,-2.219617916462297e-06,8.2243931545011e-05,0.041052422906822025,0.003254109981834842,0.0,-9.871044050195541e-06,5.0385466440697305e-05,True
4.69,-2.1168615005782797e-06,0.00012325479456794968,-0.01046490625387461,-0.000860505431972224,0.0,-8.894532330576863e-06,0.00010210835024747637,True
4.691,-1.9988410661048186e-06,0.00011278426623664026,-0.03838022393648439,-0.0030928629421602414,0.0,-6.138118100835622e-06,0.0001187109683275222,True
4.692,-1.905241188387938e-06,7.442156960956391e-05,0.07016987944408595,0.00558822660248904,0.0,-1.0489043176916428e-05,3.829502302168032e-05,True
4.6930000000000005,-1.7957556625526927e-06,0.00014452785046599803,0.00035410688290762676,1.3348290762581433e-05,0.0,-1.020259117656866e-05,0.0001128355120151455,True
4.694,-1.6510562682204858e-06,0.00014486542768076387,0.037888611072423535,0.0030187537242876055,0.0,-1.2357783915927123e-05,9.333042386929221e-05,True
4.695,-1.4872617892263178e-06,0.0001827079278310721,0.006775939019937109,0.0005372293607286237,0.0,-1.2442566850073823e-05,0.00013199348389390212,True
4.696,-1.3011744977371796e-06,0.00018945798954661403,-0.06832615855910004,-0.00546677886694168,0.0,-7.66340190538211e-06,0.00018597491948054795,True
4.697,-1.1458689737886716e-06,0.00012116430733183444,-0.014501607099197997,-0.0011662144925842157,0.0,-6.501917242003496e-06,0.00012846121923184298,True
4.698,-1.0319562519692723e-06,0.0001066604904882486,-0.018588964911168022,-0.0014928931465702988,0.0,-5.108832019298701e-06,0.00012730821943630002,True
4.699,-9.345894224350295e-07,8.807416381309548e-05,0.031692596551125114,0.00252915401414375,0.0,-7.0119452933620986e-06,9.009097340294528e-05,True
4.7,-8.306804791850211e-07,0.00011973191201072417,0.06713904500194492,0.00537053918097155,0.0,-1.1161840917413821e-05,8.239696751288546e-05,True
4.7010000000000005,-6.774009408318068e-07,0.0001868046492155689,-0.009223208702290892,-0.0007276333552123757,0.0,-1.0256336636181546e-05,0.00015982750187870385,True
4.702,-4.952125071097072e-07,0.00017756769544814748,0.0643896850429565,0.005163569101762323,0.0,-1.4146698838202574e-05,0.00011387319616361343,True
4.703,-2.8547332046964e-07,0.00024188673355542587,-0.005757530093317146,-0.00043671451920717405,0.0,-1.3392165252336773e-05,0.0001875874655699081,True
4.704,-4.6472926492249324e-08,0.00023610653705059386,-0.05895453656230241,-0.004688866653214982,0.0,-9.215977044201737e-06,0.00022319527497789308,True
4.705,1.6016277740823517e-07,0.00017717185521670857,-0.021689065006480036,-0.0017109816478990496,0.0,-7.569385267322295e-06,0.00018000366567012702,True
4.706,3.2648908223649855e-07,0.00015547994011075647,0.04588503382528687,0.0036953371023164976,0.0,-1.0347044067290083e-05,0.0001316230786716224,True
4.707,5.048938138196544e-07,0.00020131137554002762,0.0011327129631733567,0.00012386249076742564,0.0,-1.0154101515397186e-05,0.0001805347910181159,True
4.708,7.067637058043943e-07,0.0002024205611626195,0.0011927609010941944,0.000132433086131529,0.0,-9.97356672437907e-06,0.00018409694280714593,False
4.7090000000000005,9.09772750232519e-07,0.0002035896227409049,-0.018890436957712007,-0.0014704282923838664,0.0,-8.500284839571675e-06,0.00020011076320290035,True
4.71,1.1039144206828017e-06,0.00018469116243425649,0.006337555492922067,0.0005490378384981666,0.0,-8.70395113035156e-06,0.00017946206136225563,True
4.711,1.2917657943328372e-06,0.00019100296267495485,0.03131434896691224,0.0025513200571719644,0.0,-1.0523126650683268e-05,0.00016880510238726534,True
4.712,1.498410652342584e-06,0.0002222711875207326,-0.030094968558135538,-0.0023539535504061883,0.0,-8.31886512584108e-06,0.0002223740967827767,True
4.713,1.7056338266014719e-06,0.00019217491408085748,-0.01887286847900945,-0.0014560670797522266,0.0,-6.904106130572525e-06,0.00020594800465739718,True
4.714,1.8883699959669367e-06,0.00017329529191362423,-0.009705187557125204,-0.0007216289096129766,0.0,-6.1241282972259545e-06,0.0001945087324975108,True
4.715,2.056808714338678e-06,0.0001635782576700705,0.007347628618148002,0.0006444622372303448,0.0,-6.472401776438454e-06,0.00018135779674959863,True
4.716,2.2240527493311467e-06,0.00017090170998054776,-0.011952581081219703,-0.0008956653318119499,0.0,-5.5637382995256635e-06,0.00019758804412334287,True
4.7170000000000005,2.3889748614404293e-06,0.0001589393202679653,-0.011799231380003723,-0.0008818642444622143,0.0,-4.692001388638528e-06,0.0001938270061907982,True
4.718,2.5420116673484283e-06,0.00014713150462648407,0.007940441570991191,0.0006986473162467451,0.0,-5.124736018310104e-06,0.00017754670943794518,True
4.719,2.693105818590405e-06,0.00015504915258874062,-0.0003237789264574056,4.117948892868372e-05,0.0,-5.012844300324541e-06,0.00018653552901314445,True
4.72,2.8479873535028782e-06,0.0001547081945233448,-0.0004447846523359143,3.424598351898004e-05,0.0,-4.898509428265935e-06,0.000187204430762521,True
4.721,3.002467471642665e-06,0.0001542463643132076,-0.1327270846403116,-0.010545612793017778,0.0,3.7792724527114628e-06,0.0002700577468032339,True
4.722,3.090378925210559e-06,2.1606405047591546e-05,0.05211368860226603,0.004227314677440783,0.0,2.492407010631351e-07,0.00010045908156666231,True
4.723,3.1380278525206115e-06,7.36766456609982e-05,-0.021414286546081802,-0.0016478172248618535,0.0,1.5764421588158832e-06,0.00016488410453681585,True
4.724,3.201000145393418e-06,5.227092991148057e-05,-0.0548457568611797,-0.004323770034687917,0.0,5.032794028556257e-06,0.00017531902599351586,True
4.7250000000000005,3.225860457925893e-06,-2.5375354483728416e-06,0.03211705829221861,0.0026271256473663503,0.0,2.762936993442233e-06,9.63756845549679e-05,True
4.726,3.239373219394504e-06,2.95545289278158e-05,0.029471670947642442,0.0024195889372318345,0.0,7.254538096346921e-07,0.00010793977611742843,True
4.727,3.283654834465234e-06,5.8999679650865923e-05,-0.004782405775896569,-0.00031640671349324743,0.0,9.610941579391724e-07,0.00013908684544972462,True
4.728,3.340262339557995e-06,5.4214404070262255e-05,-0.005159084760570471,-0.0003460963302451622,0.0,1.214096615200137e-06,0.00013580174067975614,True
4.729,3.391896506624155e-06,4.905328405222744e-05,-0.02704297429003295,-0.002096497411997134,0.0,2.877257773471497e-06,0.0001456782832713268,True
4.73,3.4274334764592035e-06,2.2026079573780205e-05,-0.05119313013809449,-0.00403111347892244,0.0,6.059775552298168e-06,0.00014779356701581759,True
4.731,3.423875438714468e-06,-2.9129233253350518e-05,0.060576127532075835,0.004904224452472525,0.0,1.9170090771540688e-06,5.458245938540374e-05,True
4.732,3.425019654909706e-06,3.14024903289183e-05,-0.014418594658937122,-0.0010880689200871247,0.0,2.7437083503417063e-06,0.00012279296479808288,True
4.7330000000000005,3.4492154092286123e-06,1.6991713554612045e-05,0.05107505486780929,0.004150129272417412,0.0,-6.944771271314693e-07,7.416561999802938e-05,True
4.734,3.4917307704627468e-06,6.802465682265448e-05,0.09147980838038698,0.007389398783118007,0.0,-6.65811444184273e-06,6.805724995437083e-05,True
4.735,3.605469062508494e-06,0.00015942481291342432,0.014221015279589662,0.001221710643041937,0.0,-7.45866232652082e-06,0.00015347246415719476,True
4.736,3.7719947196305225e-06,0.00017361670888344508,0.05932404454230849,0.004834653473404042,0.0,-1.1161982400995163e-05,0.00013312377590115837,True
4.737,3.9752515609876e-06,0.00023287453789609054,0.019194398746661994,0.0016350513723782673,0.0,-1.2169579152690254e-05,0.00018490511295762824,True
4.738,4.217709591988948e-06,0.0002520276439887693,0.05367146188528246,0.00439987904075705,0.0,-1.5387347387842393e-05,0.00017510058112877604,True
4.739,4.496549603424121e-06,0.0003056285228194885,-0.0580611122028211,-0.004527275660625715,0.0,-1.1285458465413082e-05,0.0002710393704868657,True
4.74,4.773151167528243e-06,0.0002475787449658317,0.008538056965687017,0.0007986707276663695,0.0,-1.1612324604179812e-05,0.00021083455754465012,True
4.741,5.024987446497475e-06,0.00025608224348687154,-0.10375282038571705,-0.008179045987601986,0.0,-4.660521082926144e-06,0.00028790266454686213,True
4.742,5.229210581469474e-06,0.00015238229232344844,-0.029938541304169,-0.002282671638788256,0.0,-2.680124421638151e-06,0.00020254810080624292,True
4.743,5.366625653450164e-06,0.00012245018143762674,-0.01666057829845034,-0.001221552980341409,0.0,-1.615057753542002e-06,0.0001826036729506686,True
4.744,5.480745275354285e-06,0.0001057889481287551,-0.05444239933125864,-0.004244043857768863,0.0,1.8671858732943003e-06,0.00019913694940497829,True
4.745,5.5593231741128645e-06,5.137750516241448e-05,-0.030963860091026977,-0.002370875689528637,0.0,3.7340070748840464e-06,0.00016139587758326685,True
4.746,5.5952248516441676e-06,2.043223966120196e-05,-0.06530256298579792,-0.005121039122774894,0.0,7.77477539484676e-06,0.00016796276564102642,True
4.747,5.58302197562097e-06,-4.482122130713731e-05,-0.024837040549796716,-0.0018918473949794165,0.0,9.086297869470064e-06,0.00011293938741925675,True
4.748,5.525790353983355e-06,-6.963367292383628e-05,-0.0012783609994141034,-1.1160694332288247e-05,0.0,8.837828451576004e-06,8.360392869585418e-05,True
4.749,5.4555204422983605e-06,-7.090319800322773e-05,-0.04226444756371987,-0.003291464820896607,0.0,1.1252517378775556e-05,0.0001037548196521155,True
4.75,5.363498636764917e-06,-0.0001131264068729985,0.00548588968986761,0.0005218389818264175,0.0,1.0511078439436639e-05,5.180080962312475e-05,True
4.751,5.253117992997933e-06,-0.00010763211498936075,0.03627603466378512,0.0029837230431780494,0.0,7.797223549915723e-06,2.9300078813095977e-05,True
4.752,5.163618524335588e-06,-7.137253075033449e-05,-0.06940490370096418,-0.005468011866329134,0.0,1.2003789575893118e-05,0.00010494645859472778,True
4.753,5.0575642125911865e-06,-0.00014071478081276726,0.07207307027845572,0.005839996004405568,0.0,6.934859503373421e-06,-1.5988664292565302e-05,True
4.7540000000000004,4.952872554547373e-06,-6.868261682905167e-05,0.06873938599295143,0.0055800606713984815,0.0,2.2200572734005048e-06,1.0314106100534096e-05,True
4.755,4.9185443825131544e-06,1.0387385896264427e-08,-0.013883059518277072,-0.0010221097160906213,0.0,2.984759873822856e-06,8.680039208722e-05,True
4.756,4.911616839367557e-06,-1.3861745985641156e-05,0.021143442086087476,0.0017782210604773373,0.0,1.4603164276195057e-06,5.7736405519442445e-05,True
4.757,4.9083218519474096e-06,7.266612798033274e-06,0.045655984022771164,0.00374170050869251,0.0,-1.6107860692705293e-06,4.947737463109119e-05,True
4.758,4.938404346620428e-06,5.288584406201661e-05,0.033254137430940585,0.0027555685740018564,0.0,-3.796365876215783e-06,7.505545888156971e-05,True
4.759,5.007906654748149e-06,8.61078606884404e-05,-0.015076900427648718,-0.001105676771143818,0.0,-2.7934917249515154e-06,0.00011915903373387504,True
4.76,5.0864767465464706e-06,7.103314513318029e-05,-0.048358669159344864,-0.003768612973893771,0.0,3.3718453761291733e-07,0.0001347318978814065,True
4.761,5.133340432852128e-06,2.2704551853134463e-05,0.03835852590932903,0.003163806746760037,0.0,-2.2341581389672355e-06,6.133788792984659e-05,True
4.7620000000000005,5.1752134509119685e-06,6.103033294365754e-05,-0.04169846361697588,-0.003235399607288416,0.0,4.4891485062974393e-07,0.00012649393837974292,True
4.763,5.215403075897661e-06,1.935782771089929e-05,-0.008328836504374012,-0.0005701067256584552,0.0,8.978174464891886e-07,8.8859401969898e-05,True
4.764,5.2305979192211935e-06,1.103337018256642e-05,0.025543006275433218,0.002138915269002547,0.0,-8.595419702149967e-07,6.365355566905148e-05,True
4.765,5.254395756122656e-06,3.655503102351247e-05,-0.038319236645475645,-0.0029665732043050227,0.0,1.566901085058321e-06,0.00011319694555424134,True
4.766,5.271799733983398e-06,-1.7381549735909628e-06,-0.013096212970742255,-0.0009530132210445101,0.0,2.294165605760725e-06,8.149430403243865e-05,True
4.767,5.263516933283274e-06,-1.4823864513154401e-05,-0.02327096327717,-0.0017687126211160796,0.0,3.661304735246113e-06,8.12996853188908e-05,True
4.768,5.237064176542441e-06,-3.8074844464619266e-05,0.004970055535522391,0.0004873026166838009,0.0,3.1629660450295826e-06,5.2674065629996206e-05,True
4.769,5.201474498474611e-06,-3.310441964619509e-05,-0.09954999532549237,-0.007874345615424392,0.0,9.449315683773192e-06,0.00011788721844378124,True
4.7700000000000005,5.118622133563101e-06,-0.00013257233715150606,0.06790193306065723,0.005508381162798534,0.0,4.721293649983235e-06,-2.9419600863118115e-05,True
4.771,5.019988126842187e-06,-6.470894284582879e-05,0.040334387522927034,0.0033093457149758225,0.0,1.9078596477765664e-06,1.1659530255665668e-05,True
4.772,4.975438345482794e-06,-2.439902641788646e-05,-0.06639061755075935,-0.005224619397012205,0.0,6.084251801088327e-06,9.260730196499159e-05,True
4.773,4.917862138752214e-06,-9.073464464463138e-05,-0.03802263400649731,-0.0029641773593796004,0.0,8.311967223227201e-06,4.6312453271373424e-05,True
4.774,4.808129436933625e-06,-0.00012871714879515668,-0.014140559598706758,-0.001060144495887154,0.0,8.934821994947203e-06,1.2861787256862603e-05,True
4.775,4.672350499804079e-06,-0.0001428321052315018,-0.09320834333263743,-0.007389705010242302,0.0,1.4665175226055826e-05,5.2531798972211134e-05,True
4.776,4.4829437442773975e-06,-0.0002359510242760118,-0.03584912836615785,-0.0028155514048087563,0.0,1.6529361681032994e-05,-2.5805961586313113e-05,True
4.777,4.2290862956704704e-06,-0.00027174540517496606,0.015948152173694573,0.0013193662785966386,0.0,1.4992605456391055e-05,-7.92026624438657e-05,True
4.7780000000000005,3.965321018156795e-06,-0.00025577925023932983,0.03814088129438723,0.003091952771849082,0.0,1.2064108320502174e-05,-9.335000196798477e-05,True
4.779,3.728611907474269e-06,-0.00021763962927485263,0.04801610284819559,0.0038822864866772016,0.0,8.578658702773609e-06,-8.98768379960645e-05,True
4.78,3.534976038373888e-06,-0.00016963684799633927,-0.11905268145218101,-0.009480941369243311,0.0,1.6012414423134934e-05,2.9166828613816584e-05,True
4.781,3.3058500767758027e-06,-0.00028857674918916966,0.015091797477895732,0.0012322198897109227,0.0,1.456087240328016e-05,-0.00010722273925568787,True
4.782,3.02482613087545e-06,-0.000273464382370817,-0.027535003002093376,-0.0021811690956962102,0.0,1.5914344922779273e-05,-8.089644838479027e-05,True
4.783,2.7376116373823295e-06,-0.0003009469638646475,-0.06303425063391419,-0.00502957667690401,0.0,1.9535862821246266e-05,-7.60361293490767e-05,True
4.784,2.4051751730791005e-06,-0.00036389776145129944,0.04898871713901665,0.003918722792862601,0.0,1.5809159994034752e-05,-0.00017827431601392263,True
4.785,2.065772709390236e-06,-0.0003149066859163489,0.03229837577500973,0.00258326516845984,0.0,1.3269414432697864e-05,-0.00015527629315227002,True
4.7860000000000005,1.7670186415704944e-06,-0.00028259832346547045,-0.12356005456870749,-0.009886909828764187,0.0,2.089895315627662e-05,-5.091746024890244e-05,True
4.787,1.4226829210891599e-06,-0.00040602934845888704,-0.019381784367430783,-0.001573657978629924,0.0,2.158089211834969e-05,-0.00017208615687481582,True
4.788,1.0069829261706148e-06,-0.00042535022286703745,-0.05014400781862126,-0.004044436959562674,0.0,2.424413562881158e-05,-0.00016910378462960351,True
4.789,5.565896454471639e-07,-0.0004754069354008816,0.011859805046489839,0.0009017541850891303,0.0,2.282688952994718e-05,-0.00023685655592826514,True
4.79,8.712735861911746e-08,-0.0004635030096257406,0.015089716114652292,0.0011531252204722386,0.0,2.1246269000376014e-05,-0.00024328045878278684,True
4.791,-3.6881733058490345e-07,-0.00044837305353299483,0.033825308924635734,0.0026455812355963716,0.0,1.8501976975590967e-05,-0.000257319383414816,True
4.792,-8.002696922396986e-07,-0.0004145239525968571,-0.04435922017501644,-0.0036128853427732526,0.0,2.090304268298171e-05,-0.00020247654923039369,True
4.793,-1.2369462145910288e-06,-0.00045880164800000614,-0.07975211747604527,-0.006457490627706261,0.0,2.553938611116139e-05,-0.0002055306493453323,True
4.7940000000000005,-1.7355860444904464e-06,-0.0005384394044026958,0.06324467183521729,0.004963720469488233,0.0,2.079639098291938e-05,-0.0003352974233620497,True
4.795,-2.2423993272272417e-06,-0.0004751839692385683,0.007937478132901502,0.0005376129864334016,0.0,1.977170541948976e-05,-0.00028405294534243223,True
4.796,-2.7135988027220395e-06,-0.0004671993081958935,0.07015285280754073,0.005507319529170754,0.0,1.4752005647139237e-05,-0.0003268701651507418,True
4.797,-3.1457223604294627e-06,-0.0003970491398228678,0.04090805073333404,0.003168375159400249,0.0,1.1768446653576385e-05,-0.000286391298576504,True
4.798,-3.5223131978169527e-06,-0.00035612864282911534,0.05545377677058524,0.00433016506694662,0.0,7.928721390562787e-06,-0.00028315641018028065,True
4.799,-3.850715980569287e-06,-0.000300678469864346,0.07565532515308579,0.005947031708212896,0.0,2.8886104943015775e-06,-0.00027610819265727637,True
4.8,-4.113575132650036e-06,-0.00022504888400510977,-0.059145569044880844,-0.004832695742058781,0.0,6.719861000178684e-06,-0.00016252979055204442,True
4.801,-4.368173029672112e-06,-0.0002841225948786225,0.02646879505329482,0.002004781778344053,0.0,4.906114511635925e-06,-0.00024007668851990207,True
4.8020000000000005,-4.63905743928452e-06,-0.0002576426861182213,0.0406230126965655,0.003135420859483932,0.0,2.2282725137483227e-06,-0.00023919031027408476,True
4.803,-4.87638949386234e-06,-0.00021702267790195816,-0.08191186785832046,-0.0066667671609033936,0.0,7.563315123401928e-06,-0.00014656555342807952,True
4.804,-5.1343387321834305e-06,-0.0002988456707830091,-0.04760424144470382,-0.003936618893249568,0.0,1.0536515822940795e-05,-0.00020139762041403517,True
4.805,-5.456962978291427e-06,-0.0003463788403675204,0.034696320837252735,0.0026359148725268707,0.0,8.10356608502193e-06,-0.0002741216715607696,True
4.806,-5.785989670010197e-06,-0.0003116708814884567,0.05124459401933799,0.0039580192017082405,0.0,4.669036518476174e-06,-0.000272959886951106,True
4.807,-6.072039857976193e-06,-0.00026043157714431437,0.02205441119278926,0.0016238043887222518,0.0,3.2218942780964836e-06,-0.00023541093737949154,True
4.808,-6.321440185297591e-06,-0.00023836524155345818,-0.02051699744650219,-0.001783749548041947,0.0,4.574917151220832e-06,-0.00020021857848156785,True
4.809,-6.5700496705570095e-06,-0.0002588392879486444,0.04580189877901023,0.003514830293696955,0.0,1.5992471965733142e-06,-0.00024991964788321174,True
4.8100000000000005,-6.805990181856346e-06,-0.00021304433538781804,0.06446055811959006,0.005008771506047253,0.0,-2.50176102846905e-06,-0.0002429824605732114,True
4.811,-6.986812965431812e-06,-0.00014861055892205865,-0.009269606037487655,-0.000885164383447432,0.0,-1.7141286240610752e-06,-0.00016954009284525842,True
4.812,-7.1400503531314505e-06,-0.00015785615886210403,0.023084476482089,0.0016992944731473016,0.0,-3.0414970218790217e-06,-0.00019109267504535164,True
4.813,-7.2863643417383226e-06,-0.00013477210249374636,0.036577801908735025,0.002778896942248263,0.0,-5.205419731581448e-06,-0.00018784160695494592,True
4.814,-7.402851975157291e-06,-9.82079368645741e-05,0.03824753358625333,0.0029147663989236867,0.0,-7.41803245086755e-06,-0.00017111271346198717,True
4.815,-7.481942380680473e-06,-5.99794651342465e-05,-0.015445688489549235,-0.001377527577832297,0.0,-6.092397864946367e-06,-0.00011836700250417577,True
4.816,-7.549638436895594e-06,-7.540625217775264e-05,0.01746841410319909,0.0012525308861304763,0.0,-6.933933865640581e-06,-0.00014098821479742565,True
4.817,-7.616312184579935e-06,-5.794310860686303e-05,0.022926752965930903,0.0016900934449192097,0.0,-8.105922334969965e-06,-0.00013346901928071992,True
4.8180000000000005,-7.662795689129252e-06,-3.5027886000352676e-05,-0.03563628385192371,-0.0029930363768782657,0.0,-5.452688603308253e-06,-8.353550539199378e-05,True
4.819,-7.715631164182198e-06,-7.063218204590019e-05,0.07513610944428228,0.005863531532741794,0.0,-1.0045957778713925e-05,-0.0001629398532931601,True
4.82,-7.748712125176772e-06,4.452729990792875e-06,-0.07470940241196831,-0.006115694683611752,0.0,-4.809275020927091e-06,-3.52445859805796e-05,True
4.821,-7.781594892559478e-06,-7.019836954585721e-05,-0.0438064359931462,-0.00365300739186327,0.0,-1.715079055262542e-06,-8.047841490956884e-05,True
4.822,-7.873682490462732e-06,-0.00011396243240264635,-0.008508349117895738,-0.0008360697061483059,0.0,-9.894940568151776e-07,-0.00011788723186968633,True
4.823,-7.991892619380314e-06,-0.00012245127049907064,-0.03511434674159126,-0.0029676959589360345,0.0,1.4415409641763737e-06,-0.0001034406612001192,True
4.824,-8.131887368557791e-06,-0.0001575242102188015,0.020999926487725157,0.0015147172411577163,0.0,1.7419588328253605e-07,-0.00015189246111234876,True
4.825,-8.27891115547722e-06,-0.00013652310042658523,0.07903678657275628,0.006157539752970722,0.0,-4.8166029903090525e-06,-0.00017927711816655338,True
4.8260000000000005,-8.375931237677837e-06,-5.753317258839e-05,0.024673953316847522,0.0018162455223589941,0.0,-6.150744219214459e-06,-0.00011205474719089563,True
4.827,-8.42113167441635e-06,-3.287217094103205e-05,0.06708526612216559,0.005211296259120829,0.0,-1.0196104714314316e-05,-0.00012560311716842363,True
4.828,-8.42047737400381e-06,3.416398876990129e-05,0.07357841944713332,0.005738804641690985,0.0,-1.4553951659002562e-05,-9.86559513685471e-05,True
4.829,-8.349544533684058e-06,0.00010768065340700512,-0.025455089753970768,-0.0021737773035151336,0.0,-1.2381347924929507e-05,-1.6689410981148814e-06,True
4.83,-8.25458886163679e-06,8.223349148660812e-05,-0.0038754465989055747,-0.00044875030844351523,0.0,-1.1667098948560237e-05,-1.917208404608343e-05,True
4.831,-8.174295171218519e-06,7.835184876972307e-05,0.07388489732713875,0.0057730566949415335,0.0,-1.601099225361443e-05,-6.369298369182125e-05,True
4.832,-8.059022967846267e-06,0.00015216978150260147,0.05036451230742779,0.003902358944953303,0.0,-1.8717044250437747e-05,-1.3227768343103822e-05,True
4.833,-7.881689692990576e-06,0.00020247754182960314,-0.02344752897005416,-0.0019933754270586106,0.0,-1.6572532529122822e-05,6.052116906161109e-05,True
4.8340000000000005,-7.690937426201857e-06,0.00017902570142836103,-0.0043028402079815335,-0.00046118100613875277,0.0,-1.572943969944019e-05,4.6763397471474055e-05,True
4.835,-7.5140687401779534e-06,0.00017470611802570694,-0.028535821086983004,-0.0023971541901187587,0.0,-1.3342650566161513e-05,6.695786108060903e-05,True
4.836,-7.353629682914998e-06,0.00014617311315211668,0.013611383621558565,0.0009740861290104693,0.0,-1.3753252476440716e-05,3.530521326515399e-05,True
4.837,-7.2006598865648455e-06,0.00015975734734650676,-0.0495354524741176,-0.004073277194205994,0.0,-1.0065284030382887e-05,8.5628966046927e-05,True
4.838,-7.065663410495298e-06,0.00011024292069759177,-0.020990678304107495,-0.001793207055233804,0.0,-8.328043547551142e-06,5.2723068377327465e-05,True
4.839,-6.965914519019686e-06,8.925636819653741e-05,0.04923682766048813,0.0038242705156802813,0.0,-1.1188601435418341e-05,4.102838414187756e-06,True
4.84,-6.852055849037766e-06,0.00013844440556255613,0.13950630454937707,0.011053780687334992,0.0,-1.982194527112308e-05,-2.8597958775715e-05,True
4.841,-6.643899652287882e-06,0.0002778253381969444,-0.06821325849781484,-0.005543311832982737,0.0,-1.4771678131469603e-05,0.00016289067121948592,True
4.8420000000000005,-6.400173671464178e-06,0.0002096345310086248,0.016667485755098653,0.001243351878042572,0.0,-1.535981023142194e-05,8.946040157924618e-05,True
4.843,-6.182217577491473e-06,0.0002262653261804074,-0.029399864241608138,-0.0024361172165818486,0.0,-1.2951947417914558e-05,0.00013060648993578868,True
4.844,-5.970653042366194e-06,0.00019686316083493855,-0.07025845179422968,-0.005704524319000774,0.0,-7.965840147770604e-06,0.00014954006066131002,True
4.845,-5.80890827032931e-06,0.00012663787363750303,0.006253474399095039,0.000410914147898176,0.0,-8.07281159937077e-06,7.73361499704326e-05,True
4.846,-5.679150028040334e-06,0.0001328721865726129,0.07342534102607608,0.005787747243970074,0.0,-1.253046248033603e-05,4.058669096229176e-05,True
4.847,-5.509589189607368e-06,0.00020622479436244168,-0.03571752667763799,-0.0029318277643004785,0.0,-9.801398552309926e-06,0.0001415312589786632,True
4.848,-5.321221628228534e-06,0.00017051219258489144,-0.027725840753180957,-0.0022933877864524032,0.0,-7.66663196463118e-06,0.0001260336359254375,True
4.849,-5.164571559038979e-06,0.00014278900208394545,-0.009949930928952386,-0.0008718220821288192,0.0,-6.743430182533277e-06,0.00010656390196003836,True
4.8500000000000005,-5.026760295168589e-06,0.00013283084728326342,-0.042308385767742325,-0.003459212845058429,0.0,-3.7513387643574924e-06,0.00012475667744407605,True
4.851,-4.915077650286888e-06,9.054082659849875e-05,-0.008085045705172498,-0.000724410154927144,0.0,-3.058458592956961e-06,8.763373111190816e-05,True
4.852,-4.828580644247986e-06,8.245196404767586e-05,0.0313882283804508,0.0024340380545253217,0.0,-4.942662644594069e-06,6.018375473897855e-05,True
4.853,-4.730445795178346e-06,0.00011380621581139316,0.03913379842546903,0.00305921259562168,0.0,-7.2796824041575406e-06,6.859126455156339e-05,True
4.854,-4.597087092947084e-06,0.0001528964155808917,-0.04485469914471607,-0.0036527759293806263,0.0,-4.1156623122335404e-06,0.00013811697403735536,True
4.855,-4.466612128421566e-06,0.00010805982950897044,0.02448468023695905,0.0018913425801862127,0.0,-5.530475590984989e-06,7.825073827193499e-05,True
4.856,-4.346320357936629e-06,0.0001325130875003914,-0.0166545904218211,-0.0013946994296885004,0.0,-4.244430185824685e-06,0.00011462775016769791,True
4.857,-4.222135214801441e-06,0.00011585670586522976,-0.04418099753689502,-0.0035965754321142006,0.0,-1.211935863057021e-06,0.00012602100229980589,True
4.8580000000000005,-4.128361895397627e-06,7.16974559391146e-05,-0.03463163420145573,-0.002836237555520922,0.0,1.1189591253866371e-06,0.00010233875233094352,True
4.859,-4.073973964872187e-06,3.708501841249825e-05,0.03024839765057879,0.0023509904828881035,0.0,-8.163882853636754e-07,4.689608083227596e-05,True
4.86,-4.021773980643434e-06,6.730543773846366e-05,0.010853674379437517,0.0008039786712320351,0.0,-1.4442466507436806e-06,6.991166515607318e-05,True
4.861,-3.949047042876945e-06,7.814300128792654e-05,-0.00911903376911389,-0.0007912283881463451,0.0,-7.62645824085888e-07,8.606049904181225e-05,True
4.862,-3.875464123342764e-06,6.902235855416119e-05,0.1287494155600635,0.010238477573611411,0.0,-9.031297621469213e-06,-4.085419430468722e-06,True
4.863,-3.742103026685793e-06,0.00019766267484478236,-0.05031994565953864,-0.004069233986262062,0.0,-5.4804236109319785e-06,0.00016010083041056203,True
4.864,-3.5695946872230445e-06,0.00014736011034467944,-0.004311553834280698,-0.00039149379787110916,0.0,-5.0081089354228866e-06,0.0001132290716047993,True
4.865,-3.424394759822324e-06,0.00014303538070587618,-0.10812473471172514,-0.008694453636930107,0.0,2.1738647080345292e-06,0.0001772308695306124,True
4.866,-3.33539907357128e-06,3.497966751426675e-05,0.04595677948045055,0.0036207027352134734,0.0,-8.194858992486141e-07,3.7322422344894605e-05,True
4.867,-3.277454243293648e-06,8.089634137879882e-05,0.013568232667516457,0.0010361719979874867,0.0,-1.6352672688954037e-06,7.451033189473431e-05,True
4.868,-3.189780336044614e-06,9.444479841182378e-05,0.02911066505931482,0.0022827705345058015,0.0,-3.437320856016426e-06,6.968278717447471e-05,True
4.869,-3.080791293304568e-06,0.00012352193102347343,0.04205835446609087,0.0033240367457306043,0.0,-6.0314346339678666e-06,7.328424710281791e-05,True
4.87,-2.9362557203261543e-06,0.00016553329247309895,-0.03095828577075772,-0.0025096514695297162,0.0,-3.828396835005444e-06,0.00013655115087264522,True
4.871,-2.7861997490060575e-06,0.00013458076103820482,-0.09428608737158127,-0.007576888893884026,0.0,2.4152329488886594e-06,0.0001645328813713528,True
4.872,-2.698742629925049e-06,4.035375348020215e-05,0.010285024392626444,0.0007790670344890888,0.0,1.7159615418439695e-06,6.072942446802465e-05,True
4.873,-2.6532505436607953e-06,5.062614511772563e-05,0.017048400477449994,0.0013221886658242325,0.0,5.967329428247215e-07,5.864986924533809e-05,True
4.874,-2.594106516403443e-06,6.76554343621552e-05,-0.0006842872043131811,-9.331824151685784e-05,0.0,6.553828120700596e-07,7.495498785213743e-05,False
4.875,-2.5267955843479867e-06,6.696407846879437e-05,0.07140334447294865,0.005674820926733883,0.0,-3.958187491700252e-06,2.846667869364475e-05,True
4.876,-2.424150857402387e-06,0.00013830369203014423,-0.07622861568075362,-0.006125327526849915,0.0,1.1137672362830873e-06,0.00014872335647469467,True
4.877,-2.3239468930054156e-06,6.211952456834444e-05,0.03461074108499389,0.0027344825856736145,0.0,-1.1319529571934495e-06,4.8669816718330394e-05,True
4.878,-2.2445333004194015e-06,9.669603881975412e-05,-0.000788859506711234,-9.190683528607746e-05,0.0,-1.025454828620293e-06,8.358832806014632e-05,True
4.8790000000000004,-2.1482351115581918e-06,9.589692755871985e-05,0.04004218432995652,0.003176214145695521,0.0,-3.568226672097063e-06,5.7302598036981564e-05,True
4.88,-2.0323310688083325e-06,0.00013589681199500275,-0.06004036323042916,-0.0048235034002334825,0.0,4.385679301352282e-07,0.00013568117844710797,True
4.881,-1.926443965307516e-06,7.58884258919263e-05,-0.015221558681042613,-0.0012432940747519132,0.0,1.4328547294851719e-06,8.333734041536005e-05,True
4.882,-1.8581652168401395e-06,6.067031503358219e-05,-0.01394310251406032,-0.0011416147372239182,0.0,2.316631913041396e-06,7.504188242639113e-05,True
4.883,-1.8044651121621762e-06,4.6731365222859866e-05,0.016921985726112528,0.001326886249896826,0.0,1.176576555265465e-06,4.845945862062926e-05,True
4.884,-1.7492788933989077e-06,6.363477715214888e-05,0.027788039072074514,0.0021991922789430384,0.0,-6.374902126514015e-07,4.6807171320863536e-05,True
4.885,-1.6717596870375064e-06,9.13937891415136e-05,0.037934109613435185,0.003015604349405121,0.0,-3.061208586709962e-06,5.0625803829036764e-05,True
4.886,-1.561412104674501e-06,0.00012928776446095982,-0.023968417968126297,-0.0019300643235989296,0.0,-1.4116485671684408e-06,0.00010430122582943695,True
4.8870000000000005,-1.4441071811092911e-06,0.00010532367463200959,-0.0956771569242624,-0.007667527642245118,0.0,4.836882074204849e-06,0.00013938946247826834,True
4.888,-1.3866012258032535e-06,9.709982143431834e-06,0.017063545382724248,0.001341290006410693,0.0,3.6137396620527336e-06,2.9152539050287746e-05,True
4.889,-1.3683642592136195e-06,2.6759005053981887e-05,-0.03144301472783593,-0.0025368606542862417,0.0,5.565464169027953e-06,6.353989670071817e-05,True
4.89,-1.3573196120257842e-06,-4.662269797793719e-06,-0.022752315579120257,-0.0018451764717218203,0.0,6.9018084814213475e-06,4.2714663900992956e-05,True
4.891,-1.37335196559476e-06,-2.7396152863859652e-05,0.11878841413746877,0.009475065257273133,0.0,-9.659069470182326e-07,-5.799504345386325e-05,True
4.892,-1.3413836840279145e-06,9.13018437363034e-05,0.0531052156485537,0.0042352285668201504,0.0,-4.367867937847797e-06,2.860836561831099e-05,True
4.893,-1.223546424189237e-06,0.0001443549942970783,-0.05740830235032503,-0.004597365424345759,0.0,-5.215191101794313e-07,0.0001191813082152989,True
4.894,-1.1078861074532214e-06,8.697564633476917e-05,-0.021126789730852396,-0.0016996480508421773,0.0,8.694940231796435e-07,7.38765272345484e-05,True
4.8950000000000005,-1.031471638567071e-06,6.585570575086072e-05,-0.039057721726450646,-0.0031352815429201556,0.0,3.3835420005957316e-06,7.577723459080986e-05,True
4.896,-9.85137135407394e-07,2.6821321315629783e-05,0.025521093050344335,0.002027173534148089,0.0,1.6462160862888977e-06,1.8285316682326974e-05,True
4.897,-9.455628901298741e-07,5.231931095586048e-05,-0.04610511673530013,-0.0036991511535316448,0.0,4.5948262810350786e-06,7.139083725946442e-05,True
4.898,-9.162861445877858e-07,6.2446005500838884e-06,-0.07580627400673609,-0.006080245719075457,0.0,9.387884418070892e-06,6.939099471904723e-05,True
4.899,-9.479252599802936e-07,-6.950270871787848e-05,-0.03759419276500907,-0.003032938400926516,0.0,1.1577651581062014e-05,1.1550733695074438e-05,True
4.9,-1.0362127122371886e-06,-0.00010705949620589517,-0.06316619658445705,-0.00508479469512154,0.0,1.5366782665907658e-05,7.32345046326967e-06,True
4.901,-1.1748349156993204e-06,-0.00017016393691787605,0.05454385387887817,0.0043219416093975204,0.0,1.1431738939021594e-05,-9.759552348357565e-05,True
4.902,-1.3177346891216668e-06,-0.000115643880827775,-0.04493657546448124,-0.003632522527262022,0.0,1.4049076319099543e-05,-1.990347954681983e-05,True
4.9030000000000005,-1.4558308714509362e-06,-0.00016053208365768783,-0.13576908674141236,-0.010906995745038029,0.0,2.2482499860694316e-05,1.2804667168677497e-05,True
4.904,-1.6842062784051539e-06,-0.0002961762564618663,0.027759178011337742,0.002154877377120303,0.0,2.0100504012722976e-05,-0.00015162724295366393,True
4.905,-1.9664990408510865e-06,-0.00026840562506625927,0.034722544091372244,0.002710197869566509,0.0,1.7336361899353087e-05,-0.00015409561897709273,True
4.906,-2.2175423353398088e-06,-0.00023368023101121913,0.022453817159491338,0.0017283479830018443,0.0,1.544557594835778e-05,-0.00014057920735301965,True
4.907,-2.439992719902528e-06,-0.0002112178117907177,-0.03925226300511454,-0.0032094470467822953,0.0,1.7606589623329257e-05,-0.00010011837841828436,True
4.908,-2.6708185681222937e-06,-0.00025041542977502203,-0.06907671042147305,-0.005604261419517048,0.0,2.1645480945353974e-05,-0.00010426728947976031,True
4.909,-2.9557450557550786e-06,-0.00031940961299682923,0.01571738452017035,0.0011658581970504169,0.0,2.008803152823834e-05,-0.0001930010843955976,True
4.91,-3.267288078346138e-06,-0.00030366868463545385,0.010896428629756405,0.0007764628628140275,0.0,1.8890020219491483e-05,-0.0001923174273337703,True
4.9110000000000005,-3.5654999906010166e-06,-0.00029274668754064056,0.05723191562117452,0.004479244647358266,0.0,1.4727756774114586e-05,-0.00022472901224150548,True
4.912,-3.82963458560966e-06,-0.00023552690206544023,0.044743684378007645,0.0034822980994517853,0.0,1.1490696380150378e-05,-0.00020066695751856444,True
4.913,-4.0427924177377805e-06,-0.00019079195227162687,0.06489445309759201,0.005095890950015485,0.0,7.038821624425076e-06,-0.0002002814680296601,True
4.914,-4.2011468173603306e-06,-0.00012592712444024263,0.004876694854439087,0.0002994036907098119,0.0,6.59690871141723e-06,-0.00014018849048354136,True
4.915,-4.324632138312575e-06,-0.00012104010856264206,-0.010016616009391651,-0.0008936974722684756,0.0,7.1335934623232e-06,-0.00013121446214287976,True
4.916,-4.450673420457249e-06,-0.00013103523057252466,0.04525938568941742,0.0035249145059164603,0.0,4.077245059814882e-06,-0.0001719077046977786,True
4.917,-4.559085781116697e-06,-8.579673459144314e-05,-0.12369888718892696,-0.00998827012732523,0.0,1.2049363723970113e-05,-5.0232649632369494e-05,True
4.918,-4.706696670329479e-06,-0.00020938861162802006,0.0244245924822282,0.0018441202251169627,0.0,1.0214669023196091e-05,-0.00019487244713446326,True
4.9190000000000005,-4.903871469426846e-06,-0.00018495969966620605,-0.015530013985876447,-0.001352865969279744,0.0,1.1020622507785468e-05,-0.0001642078869473395,True
4.92,-5.096585216056809e-06,-0.00020045669284844014,0.05058402592310468,0.0039309287368175395,0.0,7.5253589251214755e-06,-0.0002153671862059993,True
4.921,-5.271755497126109e-06,-0.00014988994177753131,0.01939326784010531,0.001438583035246851,0.0,6.1472450808898134e-06,-0.00017877601929898115,True
4.922,-5.411948214529325e-06,-0.00013049508444653777,-0.014883583950709905,-0.0013037611940519048,0.0,7.02870873774873e-06,-0.00015171861614068523,True
4.923,-5.549876340186386e-06,-0.00014535228048859696,-0.04239821363218378,-0.0035091971383566893,0.0,9.67096973575317e-06,-0.00014251626409438831,True
4.924,-5.716411285762745e-06,-0.00018770077896141028,0.019424378521588914,0.0014285307851080145,0.0,8.240188581211166e-06,-0.00020072507912088526,True
4.925,-5.894397875700836e-06,-0.00016827058392269374,0.07754509071585339,0.006077315625434933,0.0,3.0857576291647493e-06,-0.0002320320166755772,True
4.926,-6.023909712473063e-06,-9.076760809224452e-05,0.04246862089335806,0.00327816718367306,0.0,3.439206245543632e-07,-0.00018053383340545156,True
4.9270000000000005,-6.093450618926856e-06,-4.83222080629652e-05,0.018300490430534437,0.0013485584583345157,0.0,-7.577762824852471e-07,-0.00014821672565210539,True
4.928,-6.132625515345317e-06,-3.0030688464460594e-05,0.009001832573962292,0.0006061556640250324,0.0,-1.227115144135489e-06,-0.000134053260700202,True
4.929,-6.158156495800688e-06,-2.1032564505538923e-05,-0.0934175119367279,-0.0075867716796033085,0.0,4.950796361652407e-06,-6.533413940127272e-05,True
4.93,-6.225872806439926e-06,-0.00011437418286091109,-0.011520819414296434,-0.0010474561656029428,0.0,5.658633036101887e-06,-0.00015375368276879616,True
4.931,-6.346000124452056e-06,-0.00012587307384945038,-0.01805019778248204,-0.0015733485937006345,0.0,6.772233390301943e-06,-0.00015570876628137983,True
4.932,-6.4808888986447245e-06,-0.0001438949109975371,0.007360441064902609,0.00045491189569689925,0.0,6.211958034546909e-06,-0.0001805541475093082,True
4.933,-6.62110010349853e-06,-0.00013652408353092492,-0.0035206396312283204,-0.00041721386238495017,0.0,6.373735630640681e-06,-0.00017270441972497643,True
4.934,-6.759378476275962e-06,-0.00014002660108238955,-0.0062861962172744874,-0.000641367702084813,0.0,6.712429521338972e-06,-0.0001741795209085825,True
4.9350000000000005,-6.90254129654576e-06,-0.00014629210462967126,-0.028112644383832545,-0.002390812346599988,0.0,8.458079167778748e-06,-0.00016499395310384405,True
4.936,-7.06287695038908e-06,-0.00017436617230766707,0.05531846743800343,0.004277421669256351,0.0,4.754877191966111e-06,-0.0002305407947599173,True
4.937,-7.209591695739693e-06,-0.00011907163984813121,0.054556228130157605,0.004220437003107519,0.0,1.2027656900824404e-06,-0.0002097210451998437,True
4.938,-7.301394903417721e-06,-6.45449641492705e-05,0.06905624080715167,0.005385328760612702,0.0,-3.191910876529372e-06,-0.00019714369588481689,True
4.939,-7.331427232623361e-06,4.464180239856111e-06,0.022622140212634756,0.0016783412284523426,0.0,-4.460432615617481e-06,-0.00013911032430134342,True
4.94,-7.31565801511796e-06,2.706801267359807e-05,-0.05882771795214185,-0.0048346511189226405,0.0,-4.193263318367096e-07,-7.674226983193397e-05,True
4.941,-7.3179896231660195e-06,-3.1716445729632077e-05,-0.021991458669130097,-0.0018948464802349522,0.0,1.126846058324616e-06,-0.0001213679338680095,True
4.942,-7.360694907336621e-06,-5.3687028737412816e-05,-0.050856817289089654,-0.004207480334907721,0.0,4.501777817730575e-06,-0.00011152167850346761,True
4.9430000000000005,-7.439795145990817e-06,-0.00010449778011866608,0.03609457125567196,0.0027411096542116825,0.0,2.154675082643731e-06,-0.00018644721811376632,True
4.944,-7.526251081929946e-06,-6.841986888826725e-05,0.03612377362808231,0.002746218986505254,0.0,-1.300476820508317e-07,-0.0001725552379224599,True
4.945,-7.576615865438424e-06,-3.231683493084834e-05,0.06511946114274349,0.005069299785649885,0.0,-4.231058302923792e-06,-0.0001756962281863789,True
4.946,-7.576388642626331e-06,3.27550046369917e-05,0.0328441663084605,0.002495088909666005,0.0,-6.131464674635267e-06,-0.000127690829229198,True
4.947,-7.527221298563661e-06,6.556963637301914e-05,-0.06530431010922562,-0.005351966435747433,0.0,-1.6241224079472775e-06,-5.038328397419878e-05,True
4.948,-7.49428934300139e-06,3.0935433251587006e-07,-0.10289359067442215,-0.008366347339607895,0.0,5.1962756680738155e-06,-5.0806018882226384e-05,True
4.949,-7.545400117223716e-06,-0.0001025032838880747,-0.014107781808714377,-0.001276740140873746,0.0,6.08281047980755e-06,-0.0001474694267522872,True
4.95,-7.654949791701153e-06,-0.00011658843586425834,0.05398857209139128,0.004167306058756971,0.0,2.5360862485927857e-06,-0.00019724672235170443,True
4.9510000000000005,-7.744553569317353e-06,-6.262924861937228e-05,0.10816620775035497,0.00850637914594636,0.0,-4.423543034522283e-06,-0.00021042415610698489,True
4.952,-7.753125411815002e-06,4.5458863968457876e-05,0.016774976224573843,0.0012078969042294524,0.0,-5.276233640207443e-06,-0.00010895637757556208,True
4.953,-7.699285113239194e-06,6.221552518910371e-05,0.02304250730140803,0.0017122793150970293,0.0,-6.513165735502803e-06,-0.00010334817909092418,True
4.954,-7.625556641096772e-06,8.523290018474532e-05,0.01681677699342666,0.0012183100879565602,0.0,-7.315067992356213e-06,-8.70380839515818e-05,True
4.955,-7.531922907725442e-06,0.00010202685701425815,-0.016927414838898754,-0.0014775245766092474,0.0,-5.9113821977475375e-06,-5.5705247595088145e-05,True
4.956,-7.43835919374174e-06,8.51012936237187e-05,-0.022265362580184394,-0.0019049073166672568,0.0,-4.201418073384444e-06,-5.579064141744205e-05,True
4.957,-7.364387998518846e-06,6.284388711310351e-05,-0.04074361134160835,-0.003384506624848435,0.0,-1.341858350779674e-06,-5.0553221570709393e-05,True
4.958,-7.321907708784093e-06,2.212527867529206e-05,0.04599647826889738,0.0035505789561947115,0.0,-4.1787926940326486e-06,-0.000119262024978424,True
4.9590000000000005,-7.2767969463855475e-06,6.808306545031448e-05,0.007072308463560328,0.0004429722999039242,0.0,-4.419047394933686e-06,-7.492354068428802e-05,True
4.96,-7.205182112577968e-06,7.514215194797542e-05,0.03932205559221337,0.003025088227584423,0.0,-6.743275385833884e-06,-8.989803095434426e-05,True
4.961,-7.110391945079624e-06,0.00011442480815915376,0.07973180840567419,0.0062642885944216,0.0,-1.162446887240669e-05,-9.648201709140559e-05,True
4.962,-6.9561261950017885e-06,0.0001940809937808102,-0.057640606159411335,-0.004713169045009242,0.0,-7.478699272776344e-06,2.5354570510396522e-05,True
4.963,-6.790857834480271e-06,0.00013646393358103702,-0.12368754492569314,-0.010000863363046373,0.0,8.311127414694434e-07,4.770747391540245e-05,True
4.964,-6.716210718979308e-06,1.2858398521368335e-05,0.04812498450053361,0.0037306499749236257,0.0,-2.213210271384853e-06,-0.0001072797282676675,True
4.965,-6.679302788122933e-06,6.09440581705278e-05,-0.028150084021160267,-0.0023649208848985706,0.0,-2.3557201681235038e-07,-3.994933328702857e-05,True
4.966,-6.6324287577191685e-06,3.280927834531761e-05,-0.06682198192653702,-0.005461205158360468,0.0,4.193132581526841e-06,-2.6449187190584275e-05,True
4.9670000000000005,-6.6330143745366755e-06,-3.396379732844383e-05,-0.012502878110153706,-0.0011237001632333698,0.0,4.984177539324356e-06,-8.776100565998439e-05,True
4.968,-6.673225095993548e-06,-4.6453015514740416e-05,0.024668560911047993,0.001847792459294187,0.0,3.3467373181336353e-06,-0.00011769119526530492,True
4.969,-6.707348485813236e-06,-2.1798647900108947e-05,0.013314660646571901,0.0009418247412331008,0.0,2.489279385042317e-06,-0.00010228024894135972,True
4.97,-6.722492438489162e-06,-8.492016107002912e-06,-0.028680007368235717,-0.002416424495284503,0.0,4.375352030230999e-06,-7.180382657058527e-05,True
4.971,-6.745316703760937e-06,-3.7148494670628574e-05,-0.047516681553832124,-0.003927208044334742,0.0,7.431279741386187e-06,-7.282490589377883e-05,True
4.972,-6.806209826477743e-06,-8.462359894774617e-05,-0.021188595039157373,-0.0018277542118829186,0.0,8.7006395963938e-06,-0.00011057792016227095,True
4.973,-6.901419056944719e-06,-0.00010578600128889662,-0.022717676647237228,-0.001954333994958651,0.0,1.0036519441806649e-05,-0.00012131455853728065,True
4.974,-7.018554040802203e-06,-0.00012847390216687136,0.011203220271594223,0.0007545067807330736,0.0,9.141147003591016e-06,-0.0001552595347988841,True
4.9750000000000005,-7.141424421653567e-06,-0.00011726505409747117,-0.002459128710954909,-0.0003393477429578535,0.0,9.156861657706132e-06,-0.00014600881688654578,True
4.976,-7.25991400671006e-06,-0.00011970906175801239,-0.008076424778276593,-0.0007911575217938701,0.0,9.537968834851197e-06,-0.0001470257739340914,True
4.977,-7.383654699385292e-06,-0.0001277656693206222,0.0004248385667139104,-0.00011425057957029707,0.0,9.360172616511525e-06,-0.00015913648544357546,True
4.978,-7.511203270159337e-06,-0.00012732679895890726,0.11079967543864769,0.008713493160353877,0.0,2.0394445177813387e-06,-0.00023126280452645298,True
4.979,-7.583154186712839e-06,-1.6600016777273293e-05,-0.07354558141522816,-0.006022135290592356,0.0,6.857869402372439e-06,-7.392301137522193e-05,True
4.98,-7.636507302940254e-06,-9.008584415138611e-05,0.011829176528636359,0.000798066689539818,0.0,6.017308982434906e-06,-0.00015800007592172403,True
4.981,-7.720678248958676e-06,-7.825584893027902e-05,-0.06994501383154265,-0.005743964016876301,0.0,1.0497760968257643e-05,-0.00010456045856065316,True
4.982,-7.833885535880246e-06,-0.00014813701003248407,-0.07682182048518361,-0.006304532019664432,0.0,1.5305137798845024e-05,-0.00013135598924481225,True
4.9830000000000005,-8.02040798464298e-06,-0.00022488170752045882,-0.005111158746728894,-0.0005802458483643403,0.0,1.5341223649375198e-05,-0.00021179995938476432,True
4.984,-8.247835516407541e-06,-0.00022996355721650804,0.05683973050446443,0.004371121774195837,0.0,1.1367082271299109e-05,-0.0002583473892843286,True
4.985,-8.449385325448659e-06,-0.00017314270760978442,0.0584241539601109,0.004501066256037622,0.0,7.400350177750046e-06,-0.0002415201369694297,True
4.986,-8.593324613949342e-06,-0.0001147450706731378,-0.01815147998617703,-0.0016205676504260273,0.0,8.502824181154723e-06,-0.00017364233033768123,True
4.987,-8.7171364169506e-06,-0.00013286936155716803,0.05302670746277648,0.004069283818130148,0.0,4.966886801016615e-06,-0.00022786748922523064,True
4.988,-8.823501192874791e-06,-7.986945120577892e-05,0.035625537450346655,0.002681635640411292,0.0,2.654759935877446e-06,-0.00019780923824127866,True
4.989,-8.885564118408023e-06,-4.426297385582533e-05,0.07814260320465388,0.0060861565453782665,0.0,-2.3485381557290134e-06,-0.00021077548717724672,True
4.99,-8.890774392334287e-06,3.382310054138596e-05,0.10345796316384086,0.008120661886110218,0.0,-8.857415119825938e-06,-0.0001943856991279415,True
4.9910000000000005,-8.805250402811626e-06,0.00013719582912554855,-0.0074864016006523084,-0.0007409431358077281,0.0,-8.006441302010848e-06,-8.054586213251414e-05,True
4.992,-8.671800976317115e-06,0.00012969989352224612,-0.044695229206490744,-0.0037161467668702978,0.0,-4.770512385054834e-06,-5.6010375644942e-05,True
4.993,-8.564441970685318e-06,8.50252601257241e-05,0.04742564889359607,0.0036500949872304367,0.0,-7.590858177567804e-06,-0.00012787316422061424,True
4.994,-8.45571936994591e-06,0.00013240402005107533,0.10224767381742435,0.00804349943914105,0.0,-1.3888687653621389e-05,-0.0001396473597076781,True
4.995,-8.27222298717962e-06,0.00023455632730155063,0.022132859856928956,0.0016498755340612695,0.0,-1.483101272745501e-05,-4.348381565366576e-05,True
4.996,-8.026614761149e-06,0.00025664539254733053,0.006340871726004741,0.000393588119485377,0.0,-1.4729395459458614e-05,-1.8063585253438648e-05,True
4.997,-7.76681019740096e-06,0.0002629524157577128,0.019708170028433156,0.0014684053086123606,0.0,-1.5500955352196516e-05,-1.704446113665822e-05,True
4.998,-7.4940186636058126e-06,0.0002826155067377524,0.024754462026914868,0.0018793784870168155,0.0,-1.6583420979475818e-05,-5.415994340981011e-06,True
4.999,-7.199042938329682e-06,0.0003073187068442774,-0.028397709761123543,-0.0023645213089585047,0.0,-1.4198853333127511e-05,4.4786028783025294e-05,True
5.0,-6.9059272435021195e-06,0.0002789087934096826,-0.08596317454696767,-0.0069678915989312895,0.0,-8.154439190948764e-06,7.602016780101535e-05,True
